s_m,ey_m,epsi_rad,v_mps,a_mps2,delta_rad,sdot_mps,dt_s,t_s,curvature_1pm,x_m,y_m,psi_rad,v_mps,x_rollout_m,y_rollout_m,psi_rollout_rad,v_rollout_mps,psi_err_rad,xy_err_m,v_err_mps
0.0,0.0,0.0,4.0,0.0,0.0036099535348846205,4.0,0.012497726199804497,0.0,0.010939300655518685,0.4360000000000226,-7.505840000000006,-0.027478333013176273,4.0,0.4360000000000226,-7.505840000000006,-0.027478333013176273,4.0,0.0,0.0,0.0
0.049990904799217986,0.0,0.0,4.0,0.0,0.0035511805307734926,4.0,0.012497726199804497,0.012497726199804497,0.010761198359665802,0.48597203295080815,-7.507213493869713,-0.026768579659169636,4.0,0.4859724060182415,-7.5071998298102605,-0.026931467475536215,4.0,-0.0001628878163666414,1.3669151401585898e-05,0.0
0.09998178565394736,0.0,0.0,4.0,0.0,0.004416749596340962,4.0,0.012497726199804497,0.024995452399608993,0.013384176717393644,0.5359459425399662,-7.508516050135725,-0.023486894292366486,4.0,0.5359455422957187,-7.508532553700188,-0.026393505432812662,4.0,-0.0029066111404461026,1.650841710850861e-05,0.0
0.1499715701233928,0.0,0.0,4.0,0.0,0.005924901965444576,4.0,0.012497726199804497,0.03749317859941349,0.017954458474502957,0.5859240270823909,-7.509561487550613,-0.023516873268552733,4.0,0.5859194734740427,-7.509835117324885,-0.025724418328717528,4.0,-0.0022075450601648505,0.00027366766107275194,0.0
0.19996026123715982,0.0,0.0,4.0,0.0,0.0075482760084081835,4.0,0.012497726199804497,0.049990904799217986,0.022873998090053776,0.6358956801294764,-7.510866988854147,-0.03249292318534441,4.0,0.6358944089035686,-7.511098534787226,-0.024826858704397138,4.0,0.007666064480947199,0.0002315494226737665,0.0
0.24995526012413938,0.0,0.0,4.0,0.0,0.008544515171553338,4.0,0.012497726199804497,0.06248863099902248,0.025893100360768546,0.6858612452775414,-7.512809883193199,-0.031098365367178072,4.0,0.6858706066138963,-7.512310950867064,-0.023683366843499767,4.0,0.007414998523678218,0.0004990201405570385,0.0
0.29994899111210804,0.0,0.0,4.0,0.0,0.008152459168112457,4.0,0.012497726199804497,0.07498635719882697,0.024704969042724827,0.7358347966482642,-7.513975934307759,-0.020510345687869084,4.0,0.7358482443104825,-7.513462447273135,-0.02238894732840799,4.0,-0.0018786016405387684,0.000513663094202837,0.0
0.34993635309912136,0.0,0.0,4.0,0.0,0.005981294188534818,4.0,0.012497726199804497,0.08748408339863147,0.0181253500552837,0.7858149415912105,-7.514860255578412,-0.014879011351284518,4.0,0.7858272986718327,-7.514550734982271,-0.021153923572925507,4.0,-0.006274912221640783,0.00030976716558888144,0.0
0.3999245381471418,0.0,0.0,4.0,0.0,0.002314978892813427,4.0,0.012497726199804497,0.09998180959843596,0.0070151000855892915,0.8358001003151949,-7.515463428967024,-0.013570674067590214,4.0,0.8358074909397322,-7.515585516371864,-0.02024782092385932,4.0,-0.006677146856269189,0.00012231089792661036,0.0
0.44991318106623984,0.0,0.0,4.0,0.0,-0.0019453754583468204,4.0,0.012497726199804497,0.11247953579824045,-0.005895084583128443,0.8857830215025286,-7.516216973094885,-0.020335776146629986,4.0,0.8857883250465635,-7.516588890189276,-0.01989712972332364,4.0,0.00043864642330637693,0.0003719549067824878,0.0
0.4999055450125098,0.0,0.0,4.0,0.0,-0.005625480396274878,4.0,0.012497726199804497,0.12497726199804494,-0.017047090116361414,0.9357641548884514,-7.517496555873599,-0.0167100275933201,4.0,0.9357691872988083,-7.517590864779649,-0.02019183033550215,4.0,-0.0034818027421819053,9.444307764112101e-05,0.0
0.5498968239374064,0.0,0.0,4.0,0.0,-0.007691180188303683,4.0,0.012497726199804497,0.13747498819784945,-0.02330706620373021,0.9857516208611412,-7.517887606645758,-0.013058404656091737,4.0,0.985749465419195,-7.518621500703487,-0.021044029794612864,4.0,-0.00798562513852108,0.0007338972229819753,0.0
0.5998839643543054,0.0,0.0,4.0,0.0,-0.0076489891433945524,4.0,0.012497726199804497,0.14997271439765394,-0.02317920703063839,1.0357299119396055,-7.5188020233853905,-0.032870381868720856,4.0,1.0357286772277676,-7.519702549692842,-0.02220917112235261,4.0,0.010661210746368166,0.0009005271539079732,0.0
0.6498819327563305,0.0,0.0,4.0,0.0,-0.005755705514773078,4.0,0.012497726199804497,0.16247044059745844,-0.017441724467372154,1.0856935416238342,-7.521173919409883,-0.03440876815945089,4.0,1.0857065992087296,-7.520841671056813,-0.02336792065434262,4.0,0.011040847505108253,0.00033250484002635307,0.0
0.6998809444972253,0.0,0.0,4.0,0.0,-0.0027654780289596715,4.0,0.012497726199804497,0.17496816679726293,-0.00838025781510773,1.1356687442655133,-7.522242153266731,-0.02197254800988386,4.0,1.135683340047476,-7.522031536365094,-0.02423984824172521,4.0,-0.002267300231841407,0.00021112204078785053,0.0
0.7498673823301044,0.0,0.0,4.0,0.0,0.0006247798423456731,4.0,0.012497726199804497,0.18746589299706742,0.0018932724958785618,1.18564228516499,-7.523370401469151,-0.027097899254831487,4.0,1.1856593037168988,-7.523253658047313,-0.024658784912353165,4.0,0.0024391143424784545,0.00011797736075849862,0.0
0.7998591141399886,0.0,0.0,4.0,0.0,0.004106118151187565,4.0,0.012497726199804497,0.19996361919687192,0.012442852206089487,1.2356155013955776,-7.52495116352668,-0.02643299362142341,4.0,1.235635068915091,-7.524483883081233,-0.02456413850725272,4.0,0.0018688551141705645,0.0004676899640968604,0.0
0.8498502067682768,0.0,0.0,4.0,0.0,0.007698241647385636,4.0,0.012497726199804497,0.2124613453966764,0.023328465831601194,1.2855895435212257,-7.526012922186325,-0.024908955386688286,4.0,1.2856112709539136,-7.525696199805579,-0.023942109067187363,4.0,0.0009668463195007249,0.00031746676644442764,0.0
0.8998406937805528,0.0,0.0,4.0,0.0,0.01154688360634188,4.0,0.012497726199804497,0.2249590715964809,0.03499211156883349,1.3355654601232771,-7.5274413276233005,-0.022524084160185368,4.0,1.335588534946367,-7.526863831268317,-0.022775897952687977,4.0,-0.00025181379250271974,0.0005779571675132866,0.0
0.9498306502695377,0.0,0.0,4.0,0.0,0.01573426048748854,4.0,0.012497726199804497,0.2374567977962854,0.04768351225370665,1.3855440959484657,-7.528264687749623,-0.023600270015315727,4.0,1.3855674444103299,-7.527958607121266,-0.021026610634526807,4.0,0.0025736593807890173,0.0003069698710404281,0.0
0.9998200053801305,0.0,0.0,4.0,0.0,0.020143054473093867,4.0,0.012497726199804497,0.2499545239960899,0.06104781580010775,1.435516328928413,-7.529800633154592,-0.027719005971156813,4.0,1.4355485040651044,-7.528950098454695,-0.018642868712959414,4.0,0.009076137258197559,0.0008511430638554886,0.0
1.0498143123791768,0.0,0.0,4.0,0.0,0.02448685293320592,4.0,0.012497726199804497,0.2624522501958944,0.07421741897481914,1.4854942996155893,-7.531035917830263,-0.016962379546067153,4.0,1.4855320662281264,-7.529805748203239,-0.015591033165096031,4.0,0.00137134638097125,0.0012307492142085681,0.0
1.0998022551085027,0.0,0.0,4.0,0.0,0.028503661852688152,4.0,0.012497726199804497,0.2749499763956989,0.08639813246029297,1.5354778320850644,-7.5314963807490605,-0.010389631794303926,4.0,1.5355182263913127,-7.530492398045538,-0.011880837238682173,4.0,-0.0014912054443780853,0.0010047949885177414,0.0
1.149790587017432,0.0,0.0,4.0,0.0,0.03211764278323603,4.0,0.012497726199804497,0.2874477025955034,0.09735966944909892,1.5854655675190508,-7.532074619868098,-0.0031237290869926574,4.0,1.5855067302030597,-7.530978365438068,-0.007561716424029442,4.0,-0.0044379873370368195,0.00109702695587395,0.0
1.1997796430292884,0.0,0.0,4.0,-2.0697456224101414,0.03543102617690156,4.0,0.012538399667807188,0.2999454287953079,0.10741169644973249,1.635455456331791,-7.531808684777757,0.0005072332267621588,4.0,1.6354969283290905,-7.531234725791719,-0.002694618457316206,4.0,-0.003201851684078161,0.0005754553364198878,0.0
1.249769919849277,0.0,0.0,3.9740487021755273,-3.99999999999999,0.03859463613196952,3.9740487021755273,0.01265999985463554,0.31248382846311507,0.11701154661894171,1.6854461082972527,-7.532023906411436,-0.00338093382778072,3.9740487021755273,1.6854877730681255,-7.531235216427267,0.0026749894342248722,3.9740487021755273,0.006055923262005436,0.0007897897468699843,0.0
1.2997608184272678,0.0,0.0,3.9234087027569853,-3.999999999999981,0.04171018422997739,3.9234087027569853,0.01282555510760181,0.3251438283177506,0.1264678465422585,1.735436682056675,-7.5321467159739335,0.0036170064837893782,3.9234087027569853,1.7354778228093113,-7.530955281920857,0.008524502521661644,3.9234087027569853,0.004907496037872328,0.0011921441457969195,0.0
1.3497500740754438,0.0,0.0,3.8721064823265783,-3.999999999999982,0.04489703285745427,3.8721064823265783,0.012997780307639931,0.33796938342535243,0.1361431035428415,1.7854239655980877,-7.53166228427634,0.020399332629274503,3.8721064823265783,1.7854652311683161,-7.530371121293431,0.014846744598317797,3.8721064823265783,-0.005552588030956596,0.0012918222384372402,0.0
1.3997432733353423,0.0,0.0,3.820115361096019,-3.9999999999999836,0.04846179764336715,3.820115361096019,0.013177135728378584,0.35096716373299236,0.14696900475182959,1.8354022774893157,-7.530107201630452,0.028534705275076715,3.820115361096019,1.8354477149498596,-7.529458854525784,0.021652661526598064,3.820115361096019,-0.006882043748478672,0.0006499373284799149,0.0
1.449740389454879,0.0,0.0,3.7674068181825047,-3.9999999999999805,0.05293121005192602,3.7674068181825047,0.013364127377308587,0.36414429946137095,0.16054757030210245,1.885377491477183,-7.528809365522028,0.029033718566640426,3.7674068181825047,1.885422475682308,-7.528192912148204,0.02899977505158259,3.7674068181825047,-3.394351505781046e-05,0.0006180925018226821,0.0
1.4997328653257835,0.0,0.0,3.7139503086732706,-3.999999999999989,0.058832895348998555,3.7139503086732706,0.013559313009709622,0.3775084268386795,0.17848748207012038,1.9353450906931553,-7.527204674504957,0.03593140070555361,3.7139503086732706,1.935386007788275,-7.526542879874045,0.037025693354300754,3.7139503086732706,0.0010942926487471638,0.000663058324868373,0.0
1.5497267874593248,0.0,0.0,3.6597130566344322,-3.9999999999999933,0.06635667952240229,3.6597130566344322,0.013763309138343916,0.39106773984838916,0.20137650143932992,1.9853007972574226,-7.525217435243327,0.04430812816985406,3.6597130566344322,1.9853337314617623,-7.524469505543467,0.04594844407832027,3.6597130566344322,0.001640315908466139,0.0007486544581767247,0.0
1.5997227608485647,0.0,0.0,3.6046598200810567,-4.000000000000006,0.07510482322165458,3.6046598200810567,0.013976799239842498,0.40483104898673306,0.22801926675588183,2.0352389009224217,-7.522775668021601,0.05406783429024141,3.6046598200810567,2.0352594723608717,-7.521921986854833,0.0560154375905734,3.6046598200810567,0.001947603300331835,0.0008539289891868525,0.0
1.649721502325735,0.0,0.0,3.5487526231216866,-4.000000000000003,0.0840834859240842,3.5487526231216866,0.014200543406994715,0.4188078482265756,0.25540062299137883,2.0851521529589943,-7.519813421756862,0.06510699440037548,3.5487526231216866,2.085154936376718,-7.518838778800935,0.06741432704735417,3.5487526231216866,0.002307332646978466,0.0009746469304072606,0.0
1.6997238148777156,0.0,0.0,3.4919504494937077,-3.9999999999999987,0.09198180876119204,3.4919504494937077,0.014435389758024391,0.4330083916335703,0.2795215103373882,2.135031645049087,-7.516269266415974,0.07733779037589428,3.4919504494937077,2.13500943477661,-7.515152913775313,0.08018203527697715,3.4919504494937077,0.0028442449010830373,0.0011165735598315139,0.0
1.7497306526456309,0.0,0.0,3.43420889046161,-3.242050965896119,0.09762159218448906,3.43420889046161,0.014658165204733741,0.4474437813915947,0.29676633137241315,2.1848668799550484,-7.5120862932935335,0.09487406014538348,3.43420889046161,2.1848101291602298,-7.510800818329807,0.09415556848958714,3.43420889046161,-0.000718491655796516,0.0012867270631644267,0.0
1.7997409264039053,0.0,0.0,3.3866863718013382,0.08658186865424947,0.10036225977079119,3.3866863718013382,0.01475822391643125,0.4621019465963284,0.3051533092677277,2.2346023832758424,-7.5067941403223974,0.12150152229693843,3.3866863718013382,2.2345429176378575,-7.505731846587798,0.10899118590883863,3.3866863718013382,-0.01251033638809984,0.0010639568321459988,0.0
1.8497853204304788,0.0,0.0,3.3879641664060407,2.500000000000003,0.10028707605057655,3.3879641664060407,0.01467597415010287,0.47686017051275964,0.304923171225005,2.2842177900614358,-7.499955252324995,0.13852771264720284,3.3879641664060407,2.2841937903072393,-7.499915237410625,0.12424607594160793,3.3879641664060407,-0.014281636705594902,4.666027832634284e-05,0.0
1.8998430959553756,0.0,0.0,3.424654101781298,2.5000000000000204,0.09811597923021653,3.424654101781298,0.014520401404095887,0.4915361446628625,0.29827891575470344,2.333758864438439,-7.492969676301849,0.14611892202243548,3.424654101781298,2.3337501961510267,-7.493342200770951,0.1394894611653928,3.424654101781298,-0.006629460857042524,0.0003726253068253602,0.0
1.9500925133840787,0.0,0.0,3.460955105291538,2.4999999999999907,0.09493698702295116,3.460955105291538,0.014369673655109647,0.5060565460669584,0.2885552800925473,2.3836456702124655,-7.485322670311943,0.16052306550782747,3.460955105291538,2.383201890079069,-7.486022759232326,0.15440069404650014,3.460955105291538,-0.006122371461327436,0.0008288940241315218,0.0
2.000322419373339,0.0,0.0,3.496879289429312,2.5000000000000093,0.09191815759496937,3.496879289429312,0.014223544526104472,0.520426219722068,0.2793269879979067,2.4329271464357847,-7.476912725518638,0.17733746631883995,3.496879289429312,2.4325409344316355,-7.477978759664852,0.16882583358291836,3.496879289429312,-0.008511632735921815,0.0011338379571368355,0.0
2.0503207067094658,0.0,0.0,3.5324381507445732,-0.17976151430920748,0.09008281295298504,3.5324381507445732,0.014157054352580759,0.5346497642481726,0.2737190239719729,2.4820739863265624,-7.4676823320746255,0.1943483566901515,3.5324381507445732,2.481760858725897,-7.469235247402117,0.18278964244777401,3.5324381507445732,-0.011558714242377643,0.0015841701009222584,0.0
2.1003315000145872,0.0,0.0,3.5298932572159956,-4.0000000000000115,0.09012274851186568,3.5298932572159956,0.01427765775008856,0.5488068186007533,0.2738410286357471,2.531065699441758,-7.457595836485353,0.20752010384512143,3.5298932572159956,2.5308552328954663,-7.459812190875811,0.19647310411689178,3.5298932572159956,-0.011046999728229423,0.0022263249877784966,0.0
2.1503569329053698,0.0,0.0,3.472782626215641,-3.99999999999999,0.09223764344641351,3.472782626215641,0.014516416054607554,0.5630844763508419,0.28030338177965297,2.5799782473470625,-7.447068467379463,0.20985717003098145,3.472782626215641,2.5798160438332896,-7.449718107244731,0.21016266490954133,3.472782626215641,0.00030549487855990876,0.0026546000443567613,0.0
2.200555070701569,0.0,0.0,3.414716961997211,-4.000000000000005,0.09607729399109942,3.414716961997211,0.01476756859345938,0.5776008924054494,0.2920424683246823,2.6292593489236555,-7.436681263712973,0.22047892313733206,3.414716961997211,2.628632330415215,-7.4389468569772985,0.2241752845829868,3.414716961997211,0.0036963614456548832,0.002350758398747701,0.0
2.2507249320537333,0.0,0.0,3.3556466876233735,-4.000000000000005,0.10087597650616106,3.3556466876233735,0.015032226319143228,0.5923684609989088,0.30672589420092455,2.6778890285434187,-7.425124473260324,0.2421762154444008,3.3556466876233735,2.6772894988766938,-7.427478372856366,0.23877475181433463,3.3556466876233735,-0.003401463630066104,0.002429049017523478,0.0
2.300714480623351,0.0,0.0,3.2955177823468005,-3.999999999999991,0.10574453795609114,3.2955177823468005,0.015311644805195236,0.6074006873180521,0.32163772954057274,2.726320894346972,-7.412704686292203,0.26005734611554954,3.2955177823468005,2.725769537051206,-7.41528298467227,0.2541082567907881,3.2955177823468005,-0.0059490893247615695,0.002636592005648754,0.0
2.3507192746115844,0.0,0.0,3.2342712031260197,-3.008731091856265,0.10996980789416246,3.2342712031260197,0.015569371854816298,0.6227123321232473,0.33459170995858767,2.774535817523866,-7.399408410828617,0.2776004230092428,3.2342712031260197,2.774052012830822,-7.402327705839605,0.2701872179080875,3.2342712031260197,-0.007413205101155285,0.002959113100608607,0.0
2.4007400851514626,0.0,0.0,3.187427149945762,-2.0107468045325922,0.1131985539190734,3.187427149945762,0.015762143762860826,0.6382817039780636,0.3444986379926638,2.8225325027440182,-7.385288407224486,0.29301502906290955,3.187427149945762,2.822115458327906,-7.388582251992786,0.2869137602272348,3.187427149945762,-0.006101268835674745,0.0033201414732910817,0.0
2.450984403753687,0.0,0.0,3.1557334697420063,-1.3661341806328244,0.1154636658532568,3.1557334697420063,0.01589598879396688,0.6540438477409244,0.3514531275182261,2.8707413644384228,-7.37038326741677,0.31013343504003305,3.1557334697420063,2.869938639952572,-7.374022990542363,0.3041355588425863,3.1557334697420063,-0.00599787619744685,0.003727190769354306,0.0
2.5012156306301474,0.0,0.0,3.134017416115612,-1.0353602942358326,0.11705480994058837,3.134017416115612,0.015993312577018252,0.6699398365348913,0.3563405395277152,2.918202179738743,-7.354628702108769,0.3301178858039884,3.134017416115612,2.9175013072196543,-7.35863406728654,0.32170501868173734,3.134017416115612,-0.0084128671222512,0.0040662233700712765,0.0
2.5512297683210177,0.0,0.0,3.1174585753000645,-0.8382363244865648,0.11829008226475751,3.1174585753000645,0.01607050922300327,0.6859331491119096,0.36013610379533767,2.965368526754715,-7.337958646712568,0.34890202586658314,3.1174585753000645,2.9647842734238212,-7.342406141250826,0.33951880466936935,3.1174585753000645,-0.00938322119721402,0.004485706145356538,0.0
2.6012625712050794,0.0,0.0,3.103987690716347,-0.5634849812644495,0.11930934047865661,3.103987690716347,0.016128993904400587,0.7020036583349129,0.36326877020830084,3.0122386966166492,-7.320419654311253,0.3648150152542531,3.103987690716347,3.011769039390156,-7.325334093089647,0.35752233434896336,3.103987690716347,-0.007292680905289561,0.004936829591648345,0.0
2.651516557894247,0.0,0.0,3.0948992448883113,-0.08787393720658175,0.1200043956378366,3.0948992448883113,0.01615638172722598,0.7181326522393134,0.36540544473133135,3.059262047826531,-7.302099764781357,0.38183210132069506,3.0948992448883113,3.0584374365710785,-7.307415315602139,0.37568246885697554,3.0948992448883113,-0.006149632463719357,0.005379132295355666,0.0
2.701759213803353,0.0,0.0,3.0934795200149274,0.5859037780177415,0.12011351465809667,3.0934795200149274,0.016135433837563818,0.7342890339665394,0.3657409208442496,3.105487409332815,-7.282976691447967,0.4020169027983406,3.0934795200149274,3.104771739374287,-7.288649563401017,0.39394941765765545,3.0934795200149274,-0.008067485140685005,0.005717836976098495,0.0
2.751791399840357,0.0,0.0,3.1029333316603114,1.3757644345162903,0.11938966735907568,3.1029333316603114,0.016053719866975052,0.7504244678041032,0.3635156854655601,3.151348657973509,-7.2629470536337974,0.4210910789237736,3.1029333316603114,3.150755372368862,-7.269040217651081,0.41223313721275867,3.1029333316603114,-0.008857941711014838,0.006121979708411009,0.0
2.80180653306187,0.0,0.0,3.1250194684949832,2.1684692793192997,0.11772365604004915,3.1250194684949832,0.01590917544446044,0.7664781876710782,0.35839553443622496,3.1967793816122043,-7.242088673618754,0.44048047557945347,3.1250194684949832,3.1963739526375763,-7.248595978309946,0.43040561523788995,3.1250194684949832,-0.010074860341563685,0.0065199223152940956,0.0
2.851831321415569,0.0,0.0,3.1595180267055967,2.500000000000007,0.11518966223312073,3.1595180267055967,0.01572449647151326,0.7823873631155387,0.35061167147448474,3.2418481929590106,-7.220288502712123,0.46004581148002305,3.1595180267055967,3.241616237711463,-7.227331939375277,0.4483221322803561,3.1595180267055967,-0.011723679199667103,0.007047255016297245,0.0
2.9019024695374327,0.0,0.0,3.19882926788438,2.4999999999999947,0.1120356909697154,3.19882926788438,0.015533585969019225,0.798111859587052,0.34092973850611175,3.286510099489184,-7.197626580030527,0.47750288636544047,3.19882926788438,3.2864746235413924,-7.205269487040127,0.4658495269705318,3.19882926788438,-0.011653359394908858,0.007642989343199297,0.0
2.951992284034808,0.0,0.0,3.237663232806928,2.5000000000000093,0.10860983798833218,3.237663232806928,0.015349464612558825,0.8136454455560712,0.3304209699730173,3.330822256720806,-7.174249670806461,0.4909812544099901,3.237663232806928,3.330944999932617,-7.182434958563105,0.4828929130714131,3.237663232806928,-0.008088341338576832,0.008186208008297759,0.0
3.0022897456739677,0.0,0.0,3.276036894338325,2.4999999999999973,0.10523645620915668,3.276036894338325,0.015171739302836879,0.82899491016863,0.3200808264222125,3.3752218078729843,-7.150196933342,0.5073108880394004,3.276036894338325,3.375025985872029,-7.158857418026812,0.49941095632499943,3.276036894338325,-0.007899931714400843,0.008662698265085138,0.0
3.052574268017517,0.0,0.0,3.3139662425954173,2.4999999999999964,0.10211677626061308,3.3139662425954173,0.015000048086500704,0.8441666494714669,0.3105248952176037,3.418725043949514,-7.125390354942441,0.526453032182589,3.3139662425954173,3.4187178314333866,-7.134566270021298,0.5154120864467273,3.3139662425954173,-0.011040945735861563,0.009175917913472493,0.0
3.102659939180014,0.0,0.0,3.351466362811669,2.499999999999993,0.09929738880723381,3.351466362811669,0.01483405705336733,0.8591666975579676,0.30189405328181046,3.4618294245248817,-7.0998638571289465,0.5395277361734078,3.351466362811669,3.4620214087679018,-7.109589469457545,0.5309355069213377,3.351466362811669,-0.008592229252069927,0.009727507034989143,0.0
3.1529472824958797,0.0,0.0,3.388551505445087,2.4999999999999942,0.09670053626376025,3.388551505445087,0.014673457603278485,0.874000754611335,0.2939487373616962,3.505013236499744,-7.073722033724449,0.5538357639786271,3.388551505445087,3.5049376141051436,-7.083952729280998,0.5460274637983987,3.388551505445087,-0.007808300180228489,0.010230975042358417,0.0
3.203221830283134,0.0,0.0,3.4252351494532833,2.5000000000000155,0.09420835784025433,3.4252351494532833,0.014517964031644669,0.8886742122146135,0.28632744638304886,3.5473477726922797,-7.046979712552606,0.5692993990552598,3.4252351494532833,3.547467277739838,-7.0576796764977905,0.5607222271436976,3.4252351494532833,-0.008577171911562154,0.010700631284398436,0.0
3.2532529923332985,0.0,0.0,3.4615300595323952,2.4999999999999916,0.09175328156319118,3.4615300595323952,0.014367311390671716,0.9031921762462581,0.27882312612100063,3.589293614293822,-7.019784230439122,0.5805104936587017,3.4615300595323952,3.5896114293213612,-7.030792534948961,0.5750359952572358,3.4615300595323952,-0.005474498401465855,0.011012891290350232,0.0
3.303471515468486,0.0,0.0,3.4974483380090744,2.5000000000000115,0.08934999663141671,3.4974483380090744,0.014221253589823958,0.9175594876369298,0.27148039786696,3.6313315010758527,-6.991894926719205,0.5967077685741676,3.4974483380090744,3.631371594144,-7.003312747203528,0.5889746156109711,3.4974483380090744,-0.0077331529631967655,0.011417890876442021,0.0
3.353718386798594,0.0,0.0,3.5330014719836345,2.5000000000000013,0.08709100123367183,3.5330014719836345,0.014079561704527057,0.9317807412267538,0.264581399527621,3.6724210405638997,-6.963314563222372,0.6145588938685289,3.5330014719836345,3.672749850966558,-6.975261150707895,0.6025461663355921,3.5330014719836345,-0.012012727532936918,0.011951111614830577,0.0
3.4037755033778208,0.0,0.0,3.568200376244952,2.500000000000003,0.08514435313202649,3.568200376244952,0.013942022466657262,0.9458603029312809,0.25863849876548545,3.713127619486954,-6.934169241848583,0.6240501488325488,3.568200376244952,3.7137485540887716,-6.946657646188828,0.6157728298910212,3.568200376244952,-0.0082773189415275,0.012503831522584895,0.0
3.454020583041862,0.0,0.0,3.6030554324115953,2.5000000000000147,0.08370634949963249,3.6030554324115953,0.01380843691416703,0.9598023253979381,0.2542497037339304,3.753970664822657,-6.904595478547635,0.6318101390367374,3.6030554324115953,3.7543696949170604,-6.917520407735989,0.6287024024602192,3.6030554324115953,-0.003107736576517972,0.012931087330158984,0.0
3.5044249082735943,0.0,0.0,3.637576524697013,2.500000000000001,0.08289368864801555,3.637576524697013,0.013678619180392277,0.9736107623121051,0.25176992781625024,3.7944761429814844,-6.874631004273686,0.6458936400713673,3.637576524697013,3.794613981744792,-6.887864813050651,0.6414125751948115,3.637576524697013,-0.0044810648765558625,0.013234526597878228,0.0
3.554614518011375,0.0,0.0,3.671773072647994,2.499999999999998,0.08267061914541673,3.671773072647994,0.01355239540628014,0.9872893814924973,0.25108930604570157,3.834129714450801,-6.844175991085097,0.6618811983335043,3.671773072647994,3.8344799751667225,-6.857702582695378,0.6539987816875797,3.671773072647994,-0.007882416645924373,0.013531125716673677,0.0
3.6046081675212007,0.0,0.0,3.705654061163694,1.2258799276374885,0.08286083116138232,3.705654061163694,0.013460471184609442,1.0008417768987774,0.2516696726333248,3.8733498679649925,-6.813178620491842,0.675699207099033,3.705654061163694,3.873963715986346,-6.827041663587047,0.6665509632822121,3.705654061163694,-0.009148243816820667,0.013876626868689694,0.0
3.654608056876908,0.0,0.0,3.7221549826054496,-0.08602009864164767,0.08317445776218306,3.7221549826054496,0.013432719937413821,1.0143022480833868,0.2526266364695681,3.9121565245547854,-6.7816318255112495,0.6838788841204831,3.7221549826054496,3.913059041926913,-6.795886999603136,0.679132157927675,3.7221549826054496,-0.004746726192808026,0.014283715412909011,0.0
3.704790354456499,0.0,0.0,3.7209994987114077,1.0121455903613583,0.08322588403008227,3.7209994987114077,0.013410346870294474,1.0277349680208006,0.25278355738966474,3.951145261832421,-6.7497678276054724,0.6910376123015235,3.7209994987114077,3.951758562353384,-6.76424202423408,0.6917611920611718,3.7209994987114077,0.0007235797596480964,0.014487184183705482,0.0
3.7551208166790286,0.0,0.0,3.7345727221613925,2.5000000000000084,0.08262477260331094,3.7345727221613925,0.013326533683190032,1.041145314891095,0.2509494238183846,3.9897243352111507,-6.717476884469175,0.7113771580119181,3.7345727221613925,3.990055235483489,-6.732110697882262,0.7043980708134462,3.7345727221613925,-0.006979087198471845,0.014637554098936023,0.0
3.8054046148289213,0.0,0.0,3.7678890563693677,2.4999999999999756,0.08113736080746246,3.7678890563693677,0.013209726444613197,1.054471848574285,0.24641175961672251,4.02732154320366,-6.68410950306116,0.7293469480980455,3.7678890563693677,4.027944320705912,-6.69949973335679,0.7169432595689696,3.7678890563693677,-0.012403688529075918,0.015402825726788867,0.0
3.8555339096443872,0.0,0.0,3.8009133724809003,2.5000000000000084,0.07876978957504813,3.8009133724809003,0.013095937853850215,1.0676815750188982,0.23919123847551996,4.064478116549408,-6.650666279245035,0.7366775476027804,3.8009133724809003,4.065425085421402,-6.666420264841755,0.729261606385377,3.8009133724809003,-0.007415941217403521,0.015782420987484287,0.0
3.9056846144433273,0.0,0.0,3.833653217115526,2.4999999999999916,0.07570264124556736,3.833653217115526,0.012985040090295328,1.0807775128727484,0.22984117583255353,4.1016152755537405,-6.616723940061239,0.7491113970380526,3.833653217115526,4.102501598410621,-6.632888295463863,0.7412189928168137,3.833653217115526,-0.007892404221238714,0.016188636563619428,0.0
3.955816526538355,0.0,0.0,3.866115817341264,2.5000000000000027,0.07217318360182018,3.866115817341264,0.012876912784747304,1.0937625529630437,0.2190871551672973,4.137900742110222,-6.582387787046023,0.7600194601777156,3.866115817341264,4.13918247121044,-6.598923951823512,0.7527089611567992,3.866115817341264,-0.007310499020916517,0.01658576422823529,0.0
4.005931095484947,0.0,0.0,3.8983080993031325,2.499999999999977,0.06837479829821191,3.8983080993031325,0.01277144247004512,1.106639465747791,0.20751985224014327,4.17426362028516,-6.547672523778908,0.7706524077457371,3.8983080993031325,4.175479941388669,-6.564550135631359,0.763661326273499,3.8983080993031325,-0.0069910814722380366,0.016921383479752784,0.0
4.056026985402439,0.0,0.0,3.930236705478245,2.4999999999999956,0.0643824745228267,3.930236705478245,0.012668522080410428,1.119410908217836,0.19536842301699378,4.2097839710548906,-6.51259384645667,0.7824446640324176,3.930236705478245,4.21140883731524,-6.529791214664735,0.7740354314507838,3.930236705478245,-0.008409232581633841,0.017273959119084307,0.0
4.105983081920924,0.0,0.0,3.961908010679271,2.500000000000007,0.06019633620999979,3.961908010679271,0.012568050494474079,1.1320794302982464,0.18263379053949888,4.245120561625662,-6.47723290295848,0.7890849459183914,3.961908010679271,4.246985900132995,-6.4946722269439645,0.7838020756865997,3.961908010679271,-0.0052828702317917475,0.01753880009629003,0.0
4.156093053115995,0.0,0.0,3.9933281369154563,0.5334009369656878,0.055930608272470345,3.9933281369154563,0.012508157789330782,1.1446474807927205,0.16966364444186216,4.28038842263115,-6.441466859522745,0.8005453507124101,3.9933281369154563,4.282229581556601,-6.459218649940597,0.7929321041225801,3.9933281369154563,-0.007613246589829981,0.017847014574660133,0.0
4.206149225123767,0.0,0.0,4.0,0.0,0.05192129490905933,4.0,0.012497726199804497,1.1571556385820512,0.15747879427916806,4.314830328004081,-6.405378676250841,0.8093804068019443,4.0,4.3171597188940085,-6.423456084504162,0.8014137432197616,4.0,-0.007966663582182676,0.018226868932301767,0.0
4.256184120908769,0.0,0.0,4.0,0.0,0.048638391385371314,4.0,0.012497726199804497,1.1696533647818557,0.14750540065672033,4.349431281518163,-6.369030357525667,0.8137102539157521,4.0,4.351796272962649,-6.387409076613346,0.8092862506324671,4.0,-0.004424003283284961,0.018530259033167705,0.0
4.306271133476614,0.0,0.0,4.0,0.0,0.0465736029713632,4.0,0.012497726199804497,1.1821510909816602,0.14123426208866338,4.383630489980291,-6.332568148001603,0.8219866044873375,4.0,4.386157039959199,-6.351099065182445,0.8166601790740676,4.0,-0.005326425413270108,0.018702362052936884,0.0
4.356334742432703,0.0,0.0,4.0,0.0,0.04610990585957662,4.0,0.012497726199804497,1.1946488171814647,0.1398260973487985,4.417594623764046,-6.295687201466609,0.8295768086191484,4.0,4.42025486494395,-6.3145420068706875,0.8237206076245298,4.0,-0.00585620099461881,0.01904154851793658,0.0
4.422470663822103,0.0,0.0,4.0,0.0,0.04723283868504904,4.0,0.012497726199804497,1.2071465433812691,0.14323634732511528,4.4729388490875746,-6.2349983914903575,0.8342393213536713,4.0,4.454095030236205,-6.2777463060338095,0.8307106407455398,4.0,-0.003528680608131385,0.04671695309753722,0.0
4.488533002578398,0.0,0.0,4.0,0.0,0.0493202889281101,4.0,0.012497726199804497,1.2196442695810736,0.14957672200492114,4.5063482365522285,-6.197811123567812,0.8449219883837438,4.0,4.487674007657566,-6.240712103463481,0.8378711553484574,4.0,-0.00705083303528653,0.04678911092144016,0.0
4.522412184848798,0.0,0.0,4.0,0.0,0.05140335178281082,4.0,0.012497726199804497,1.2321419957808781,0.15590507309930607,4.517916148876671,-6.184320600803257,0.854326652746924,4.0,4.520981028541364,-6.203433137835554,0.8453486310183844,4.0,-0.008978021728539787,0.01935671870875746,0.0
4.5562927646516975,0.0,0.0,4.0,0.0,0.05268604783334568,4.0,0.012497726199804497,1.2446397219806826,0.159802578819092,4.550848782293172,-6.146710476019266,0.8546216863920247,4.0,4.554002425249829,-6.165900948028291,0.8531424666854069,4.0,-0.001479219706618018,0.019447870830176663,0.0
4.606284764678716,0.0,0.0,4.0,0.0,0.05279575120428547,4.0,0.012497726199804497,1.2571374481804871,0.1601359396948072,4.583556037571146,-6.108900409349095,0.8649312287591168,4.0,4.586726616589396,-6.128109354081011,0.8611311421898217,4.0,-0.0038000865692948693,0.01946885022349188,0.0
4.6564418766310585,0.0,0.0,4.0,0.0,0.05176378522503214,4.0,0.012497726199804497,1.2696351743802916,0.15700020708292153,4.615921862531354,-6.070366270306492,0.8735860629219917,4.0,4.619147544725228,-6.090057276145541,0.869136482706038,4.0,-0.004449580215953652,0.01995346427489085,0.0
4.70657643469508,0.0,0.0,4.0,0.0,0.049986759857160216,4.0,0.012497726199804497,1.282132900580096,0.15160131844209077,4.647936979578896,-6.032030454520869,0.8805681126125791,4.0,4.651265823383594,-6.051749393014455,0.8769850651117779,4.0,-0.003583047500801406,0.0199979433039977,0.0
4.756544052491509,0.0,0.0,4.0,0.0,0.04804757616567934,4.0,0.012497726199804497,1.2946306267799006,0.14571086080105405,4.679551943672374,-5.993306137377805,0.8928917742806362,4.0,4.68308766195818,-6.013194896638261,0.8845637521894524,4.0,-0.008328022091183662,0.020200595256500895,0.0
4.806352863380566,0.0,0.0,4.0,0.0,0.046393597183774976,4.0,0.012497726199804497,1.307128352979705,0.14068760968851093,4.710413394573616,-5.954439423221273,0.8981380436940154,4.0,4.714622114314973,-5.974404977495315,0.89184796995997,4.0,-0.006290073734045443,0.020404329916245526,0.0
4.8561128948451175,0.0,0.0,4.0,0.0,0.04520538209467536,4.0,0.012497726199804497,1.3196260791795096,0.13707939419904436,4.741559651562792,-5.915464714680184,0.8995752637833353,4.0,4.745878081898759,-5.935390303951764,0.8988810708623378,4.0,-0.0006941929209975939,0.020388181586063436,0.0
4.905979453409771,0.0,0.0,4.0,0.0,0.044502579902254126,4.0,0.012497726199804497,1.332123805379314,0.13494540003656502,4.772441670691838,-5.87634212740298,0.9093653289708189,4.0,4.776862426121492,-5.896159560955797,0.9057337938076767,4.0,-0.0036315351631421855,0.020304525386946437,0.0
4.955991811988617,0.0,0.0,4.0,0.0,0.04427591244490505,4.0,0.012497726199804497,1.3446215315791186,0.13425717375655122,4.802999504094916,-5.836533804617606,0.9183706710783915,4.0,4.807579313192057,-5.8567190496286745,0.912479836453997,4.0,-0.0058908346243944365,0.020698279337257396,0.0
5.006079334064062,0.0,0.0,4.0,0.0,0.04452484944480315,4.0,0.012497726199804497,1.357119257778923,0.1350130173921826,4.833259507601095,-5.79674168654797,0.9217205882784182,4.0,4.838030118571757,-5.817072742950703,0.9191914740458729,4.0,-0.0025291142325452043,0.020883260844142538,0.0
5.055971570555932,0.0,0.0,4.0,0.0,0.04522667912332106,4.0,0.012497726199804497,1.3696169839787276,0.13714406277362615,4.863314264488341,-5.757041221772876,0.9263431242118735,4.0,4.868213394951503,-5.777222386584238,0.9259408969449806,4.0,-0.00040222726689265187,0.02076730344648611,0.0
5.105741113026128,0.0,0.0,4.0,0.0,0.04635331135927678,4.0,0.012497726199804497,1.382114710178532,0.14056526852664616,4.8930587479204295,-5.717167317006007,0.9366969895388068,4.0,4.898124883634373,-5.73716762883346,0.932796852730875,4.0,-0.0039001368079318866,0.020631970440737304,0.0
5.155661113678286,0.0,0.0,4.0,0.0,0.047960423226169745,4.0,0.012497726199804497,1.3946124363783365,0.14544615146063272,4.922464690490944,-5.676609555346299,0.9447067788105541,4.0,4.927757612079408,-5.69690621201637,0.939823837687867,4.0,-0.004882941122687168,0.02097544495176154,0.0
5.205558594306818,0.0,0.0,4.0,0.0,0.05021444970849909,4.0,0.012497726199804497,1.407110162578141,0.15229302246531068,4.951536650084449,-5.636300950383076,0.9491648368889825,4.0,4.957101753221113,-5.656433987796206,0.9470948223989482,4.0,-0.0020700144900343,0.020888024521247217,0.0
5.255403088061303,0.0,0.0,4.0,0.0,0.05327880202850921,4.0,0.012497726199804497,1.4196078887779455,0.16160385540715383,4.980519790680588,-5.595569444459563,0.955282053013783,4.0,4.986143879000162,-5.61574451222916,0.9547080883865967,4.0,-0.0005739646271862853,0.020944300631298336,0.0
5.3052234804366645,0.0,0.0,4.0,0.0,0.05714364371046548,4.0,0.012497726199804497,1.43210561497775,0.1733512846517672,5.009067096039772,-5.55494657881079,0.9650117334793555,4.0,5.014865856006772,-5.574828439501866,0.9627868113374424,4.0,-0.002224922141913055,0.020710239054493124,0.0
5.355051642881255,0.0,0.0,4.0,0.0,0.06150938642717068,4.0,0.012497726199804497,1.4446033411775545,0.18662750191940244,5.037264822665383,-5.51364640474873,0.9732835201016418,4.0,5.04324425484446,-5.5336733498761825,0.971452798905291,4.0,-0.0018307211963506376,0.02090052966606743,0.0
5.404857716830962,0.0,0.0,4.0,0.0,0.06577886766748922,4.0,0.012497726199804497,1.457101067377359,0.1996178912907888,5.065107691099705,-5.472593487099166,0.9817207815569723,4.0,5.071251189369257,-5.492264606187246,0.9807824765866597,4.0,-0.0009383049703126645,0.020608141526236783,0.0
5.454642190495468,0.0,0.0,4.0,0.0,0.06918791815367516,4.0,0.012497726199804497,1.4695987935771635,0.2099955456786326,5.0925845948049915,-5.430859340042769,0.9920200891029809,4.0,5.098857034791772,-5.4505874287092535,0.9907615555863982,4.0,-0.0012585335165828937,0.02070123150492353,0.0
5.504620829574607,0.0,0.0,4.0,0.0,0.07105866759145796,4.0,0.012497726199804497,1.482096519776968,0.21569245242440196,5.11978431177932,-5.388915983504299,1.0008637480669262,4.0,5.126034718079207,-5.4086298174472995,1.0012594229186786,4.0,0.00039567485175240336,0.020680977434489538,0.0
5.554393190726594,0.0,0.0,4.0,0.0,0.07108971196132366,4.0,0.012497726199804497,1.4945942459767725,0.21578700309531804,5.146296466759474,-5.347048919749584,1.0207199636938589,4.0,5.152764424526944,-5.366385419679613,1.0120420837737367,4.0,-0.008677879920122145,0.020389573492983596,0.0
5.604018841692359,0.0,0.0,4.0,0.0,0.06951355652964049,4.0,0.012497726199804497,1.507091972176577,0.21098708986084433,5.171668161002726,-5.304305776526259,1.0367471707042573,4.0,5.179036978302396,-5.323855203992175,1.0228294713023833,4.0,-0.013917699401873929,0.020892093783080923,0.0
5.653855960640288,0.0,0.0,4.0,0.0,0.06696663677400405,4.0,0.012497726199804497,1.5195896983763815,0.20323309487831925,5.197032929201075,-5.261254018508124,1.0401745391320754,4.0,5.2048543640652625,-5.281047144157546,1.0333769068254808,4.0,-0.006797632306594359,0.02128244972526764,0.0
5.7036128280956735,0.0,0.0,4.0,0.0,0.06415627840133369,4.0,0.012497726199804497,1.532087424576186,0.1946801411492806,5.22202904958589,-5.218475919617341,1.0484987745649066,4.0,5.2302271640423434,-5.237974065705114,1.0435367131235933,4.0,-0.004962061441313281,0.021151519602648643,0.0
5.7533477830519875,0.0,0.0,4.0,0.0,0.06160906354700935,4.0,0.012497726199804497,1.5445851507759905,0.18693070133306694,5.246655750189101,-5.175045906272575,1.058371613441803,4.0,5.2551703191934545,-5.194650748098777,1.0532689495260854,4.0,-0.005102663915717898,0.02137399607841954,0.0
5.803306025944037,0.0,0.0,4.0,0.0,0.059619718583739385,4.0,0.012497726199804497,1.557082876975795,0.18088017821093794,5.271017299738594,-5.1313928817832135,1.064231979476046,4.0,5.279699112453624,-5.1510914703542525,1.0626137844204777,4.0,-0.0016181950555682612,0.02152691951278526,0.0
5.8530508900412,0.0,0.0,4.0,0.0,0.05829776062990905,4.0,0.012497726199804497,1.5695806031755994,0.1768602869353533,5.294925771056545,-5.088050440289356,1.0748684516739433,4.0,5.3038264137921685,-5.1073085185946905,1.0716561481894864,4.0,-0.003212303484456669,0.021215442986692513,0.0
5.902741455614794,0.0,0.0,4.0,0.0,0.05765999594018858,4.0,0.012497726199804497,1.582078329375404,0.17492115540989275,5.318307607038774,-5.043984437891624,1.089072477783935,4.0,5.327561257222132,-5.063311569945207,1.080497553956434,4.0,-0.008574923827501024,0.021428207464288522,0.0
5.952628716266485,0.0,0.0,4.0,0.0,0.057745153008614936,4.0,0.012497726199804497,1.5945760555752084,0.17518006824904633,5.341152058475692,-4.999630502194141,1.0984303596578497,4.0,5.350908327396351,-5.019107622695938,1.0892420207838993,4.0,-0.009188338873950208,0.021784008040159925,0.0
6.002522714648731,0.0,0.0,4.0,0.0,0.05860940231552251,4.0,0.012497726199804497,1.607073781775013,0.17780788979090217,5.363710590455811,-4.955123797588381,1.0971955915036808,4.0,5.373867682327355,-4.974701062233416,1.097999430898458,4.0,0.0008038393947771283,0.02205528975708001,0.0
6.052300888875991,0.0,0.0,4.0,0.0,0.060169113023617486,4.0,0.012497726199804497,1.6195715079748174,0.18255099652052392,5.386559076219967,-4.911032142970232,1.1024276430898412,4.0,5.39643434326567,-4.930093664614976,1.1068882081895448,4.0,0.004460565099703828,0.021467708462642055,0.0
6.102042966952423,0.0,0.0,4.0,0.0,0.06211832197358417,4.0,0.012497726199804497,1.632069234174622,0.18847982985595144,5.4086208477751505,-4.866353497865116,1.1188797388175171,4.0,5.4185982965567145,-4.885284821814236,1.1160140976776047,4.0,-0.0028656411399126114,0.02139963809636119,0.0
6.151874624907751,0.0,0.0,4.0,0.0,0.06407210291955734,4.0,0.012497726199804497,1.6445669603744264,0.1944240125235886,5.430081101496231,-4.821373848015668,1.1322404963930854,4.0,5.440345736741139,-4.840272368879778,1.1254363749085063,4.0,-0.006804121484579095,0.02150620439692244,0.0
6.201715787855363,0.0,0.0,4.0,0.0,0.06577677713192448,4.0,0.012497726199804497,1.657064686574231,0.19961152884568117,5.4509491937054735,-4.7761045243159135,1.1412320526757949,4.0,5.4616613747622065,-4.795053849831326,1.1351558072092551,4.0,-0.006076245466539731,0.021767585086116224,0.0
6.251634825320263,0.0,0.0,4.0,0.0,0.06719261942251559,4.0,0.012497726199804497,1.6695624127740354,0.20392098141294981,5.4716611340974,-4.730606331278819,1.1447584070092978,4.0,5.482530620128407,-4.749627597254308,1.145134568144606,4.0,0.0003761611353079175,0.02190785899828013,0.0
6.301646202880846,0.0,0.0,4.0,-0.08476624322071402,0.06845329451471184,4.0,0.012499381626692759,1.6820601389738399,0.20775883637985168,5.492285212087477,-4.6850227746272335,1.1575634563306516,4.0,5.502940617107919,-4.7039931700794515,1.1553287625129838,4.0,-0.002234693817667832,0.021758068842688983,0.0
6.351579991804042,0.0,0.0,3.9989404743769232,-4.000000000000002,0.06975049565803038,3.9989404743769232,0.012580189036052618,1.6945595206005326,0.21170857980268423,5.511765174307352,-4.6391448691007895,1.1740113856968644,3.9989404743769232,5.522879954648712,-4.658151148784345,1.1657148147236454,3.9989404743769232,-0.008296570973219008,0.02201765222375466,0.0
6.4014277092702105,0.0,0.0,3.9486197182327127,-3.9999999999999853,0.07115815027377746,3.9486197182327127,0.012742592530673827,1.7071397096365852,0.21599544456911005,5.530813018316345,-4.593072854053376,1.1789996495840063,3.9486197182327127,5.542337558262833,-4.612102599443758,1.176298318181739,3.9486197182327127,-0.0027013314022674706,0.02224738705108907,0.0
6.451369116355288,0.0,0.0,3.8976493481100176,-3.999999999999998,0.07253447726219243,3.8976493481100176,0.012911452913613515,1.7198823021672591,0.22018773603140546,5.549905383311948,-4.546830725960991,1.1893238831439246,3.8976493481100176,5.561301766556606,-4.565848679780354,1.1870961258882582,3.8976493481100176,-0.002227757255666596,0.02217115510149472,0.0
6.501307865875101,0.0,0.0,3.8460035364555636,-4.000000000000001,0.07366082382987285,3.8460035364555636,0.013087209733251835,1.7327937550808727,0.22361921046419408,5.567996160060441,-4.5003748023777925,1.202371320347047,3.8460035364555636,5.579760566434989,-4.519390762955629,1.1981035100381596,3.8460035364555636,-0.004267810308887121,0.022360858973736353,0.0
6.550938792412129,0.0,0.0,3.7936546975225562,-4.000000000000014,0.07450505875911011,3.7936546975225562,0.013270345605538478,1.7458809648141245,0.2261915904212481,5.585654199675277,-4.454229766979364,1.2078457694292029,3.7936546975225562,5.5977028734055185,-4.472730949877128,1.2092824366997514,3.7936546975225562,0.0014366672705485861,0.022078593869953096,0.0
6.600630205272894,0.0,0.0,3.740573315100402,-3.9999999999999964,0.07534774607924491,3.740573315100402,0.013461391796314571,1.759151310419663,0.2287595781520568,5.6032804534502,-4.407466435217557,1.228225505288973,3.740573315100402,5.615119448545337,-4.425872366415383,1.2205899589628837,3.740573315100402,-0.007635546326089315,0.02188470032058425,0.0
6.650439569332779,0.0,0.0,3.686727747915144,-3.9999999999999765,0.07668785391934642,3.686727747915144,0.013660934714324138,1.7726127022159777,0.23284406926206277,5.619117090915911,-4.360399463228294,1.2452082076089803,3.686727747915144,5.632002044773068,-4.378818766445787,1.2320258572561924,3.686727747915144,-0.013182350352788141,0.022478718088872113,0.0
6.7002471230396825,0.0,0.0,3.6320840090578477,-3.9999999999999947,0.07899753478286867,3.6320840090578477,0.013869623495883962,1.7862736369303018,0.23988568781891204,5.635143945591963,-4.3130848295224,1.246817139673294,3.6320840090578477,5.648340622040583,-4.331573520791254,1.2436659429557346,3.6320840090578477,-0.003151196717559479,0.022715280630548153,0.0
6.750197053630843,0.0,0.0,3.576605515074312,-3.999999999999988,0.08244587944871451,3.576605515074312,0.014088178904988632,1.8001432604261858,0.2504036136810978,5.6509193371589586,-4.265696773730352,1.2527432172422361,3.576605515074312,5.664119811974211,-4.284138536059924,1.2556580455381847,3.576605515074312,0.0029148282959488014,0.022679310685480153,0.0
6.800137123130068,0.0,0.0,3.5202527994543575,-3.9999999999999907,0.08678867595364496,3.5202527994543575,0.01431740382728689,1.8142314393311745,0.2636583026090045,5.666378253735504,-4.218214074486171,1.2625499505069302,3.5202527994543575,5.679316507536621,-4.236513769695532,1.2681759487510966,3.5202527994543575,0.005625998244166652,0.022411542922735884,0.0
6.85027587814943,0.0,0.0,3.46298318414521,-4.0000000000000036,0.09154209495449205,3.46298318414521,0.014558195706667706,1.8285488431584613,0.27817776124532106,5.681342343762839,-4.170145637218291,1.2835608468044828,3.46298318414521,5.6939000144699605,-4.188697708521056,1.2813564658563468,3.46298318414521,-0.00220438094813602,0.022402554390322762,0.0
6.900520234030377,0.0,0.0,3.4047504013185392,-4.0000000000000115,0.09628780027851619,3.4047504013185392,0.014811561364318007,1.843107038865129,0.29268630400024276,5.694846911920878,-4.121842311543445,1.304880443749924,3.4047504013185392,5.707834598477451,-4.14068856715868,1.2952628238360213,3.4047504013185392,-0.009617619913902864,0.022888017668783255,0.0
6.950592136127046,0.0,0.0,3.345504155861267,-4.000000000000003,0.10086982148003358,3.345504155861267,0.015078634759200895,1.857918600229447,0.30670705152536215,5.707659441511703,-4.073521665635717,1.3179582087657993,3.345504155861267,5.72108273304876,-4.092485528819648,1.3098944769953325,3.345504155861267,-0.00806373177046682,0.023233873171464775,0.0
7.0006979056149214,0.0,0.0,3.2851896168244634,-4.000000000000004,0.10539536394792227,3.2851896168244634,0.015360698405905353,1.872997234988648,0.32056774572481267,5.719915113694645,-4.024816862285438,1.3300331389713451,3.2851896168244634,5.733607213709229,-4.044089465090095,1.3252270400093857,3.2851896168244634,-0.004806098961959382,0.02364121024134417,0.0
7.050895024451632,0.0,0.0,3.223746823200842,-3.9999999999999982,0.11006912468242083,3.223746823200842,0.015659209374754852,1.8883579333945533,0.3348963424272473,5.731597832112881,-3.976023171219376,1.3407377435361492,3.223746823200842,5.745371372657443,-3.995503030369324,1.3412525116676148,3.223746823200842,0.0005147681314658925,0.023857395742924732,0.0
7.1008299353539055,0.0,0.0,3.1611099857018226,-4.0000000000000115,0.11495207945026426,3.1611099857018226,0.01597583107991536,1.9040171427693082,0.3498821058059276,5.742688884936072,-3.927578306914047,1.3566298165309125,3.1611099857018226,5.75633795588493,-3.9467304331639212,1.3579942828395017,3.1611099857018226,0.0013644663085892184,0.023518101064032876,0.0
7.150740583630507,0.0,0.0,3.097206661382161,-3.4828518809350886,0.11982736319931794,3.097206661382161,0.016289842199697164,1.9199929738492236,0.3648611940099568,5.752813157172624,-3.878482404213103,1.3835384564375441,3.097206661382161,5.766468153944113,-3.8977773338609487,1.3754852058817957,3.097206661382161,-0.008053250555748459,0.023637961987969615,0.0
7.200798216730321,0.0,0.0,3.04047155383681,-2.698285876533474,0.12429551876746356,3.04047155383681,0.016563563740126182,1.9362828160489207,0.3786048344262303,5.76132688405368,-3.8292132139434507,1.4047962464595427,3.04047155383681,5.775722208246271,-3.8486511315668825,1.3937249470964765,3.04047155383681,-0.011071299363066167,0.024187972220612104,0.0
7.250816771410568,0.0,0.0,2.9957783237317654,-1.9248751841925085,0.12799175898487547,2.9957783237317654,0.016777549010972042,1.952846379789047,0.3899857122241587,5.769343163705457,-3.779820445316941,1.4174839768692113,2.9957783237317654,5.784061782914382,-3.7993615033350117,1.4126517453308018,2.9957783237317654,-0.004832231538409282,0.024464069569123587,0.0
7.300833952119223,0.0,0.0,2.963483635988972,-1.3618343318441604,0.13076502108851126,2.963483635988972,0.01693486142618479,1.969623928800019,0.39853179698255664,5.776603377720288,-3.730352189239965,1.4335860959202,2.963483635988972,5.791452953915792,-3.749920811617798,1.432147483943655,2.963483635988972,-0.0014386119765452676,0.024565033990457515,0.0
7.350594953743186,0.0,0.0,2.94042116029377,-1.207096538820344,0.13280036952092944,2.94042116029377,0.017061020151269896,1.9865587902262039,0.4048078870870888,5.782955793380875,-3.681233806040618,1.4600357669856463,2.94042116029377,5.797868303982468,-3.70034409143845,1.4520704490660712,2.94042116029377,-0.00796531791957511,0.02424017286302243,0.0
7.400317057817589,0.0,0.0,2.919826861920428,-1.5539577005834972,0.13465783870703157,2.919826861920428,0.01719991158174829,2.0036198103774736,0.4105384563190199,5.7875953669022095,-3.631517343622805,1.4854834815280107,2.919826861920428,5.803286932258938,-3.6506485811374887,1.4723071616114145,2.919826861920428,-0.013176319916595958,0.024743271250740783,0.0
7.450255012967494,0.0,0.0,2.893098926868615,-2.294494154328629,0.13712647089384405,2.893098926868615,0.01739941258318287,2.020819721959222,0.4181590264188446,5.7914661592163075,-3.5817211378442377,1.5023836687919006,2.893098926868615,5.807691711190961,-3.6008529913072267,1.4928303504976765,2.893098926868615,-0.009553318294224233,0.025085779912362268,0.0
7.500183040052447,0.0,0.0,2.85317607640775,-3.1513228895508614,0.14094049493125416,2.85317607640775,0.017694039916660836,2.038219134542405,0.4299430140159501,5.79442145739424,-3.531894876061627,1.520695980775122,2.85317607640775,5.811064167397603,-3.5509768838613693,1.5137344985783148,2.85317607640775,-0.006961482196807367,0.025320008252871593,0.0
7.550078669906687,0.0,0.0,2.79741644340975,-3.8244676064084024,0.14653574380934645,2.79741644340975,0.018094184486879338,2.0559131744590657,0.44725355126315375,5.796463644593143,-3.4820550922012337,1.53895747282749,2.79741644340975,5.813378634283954,-3.5010405484768676,1.5352277388610749,2.79741644340975,-0.003729733966415072,0.025427631156564316,0.0
7.599943751063687,0.0,0.0,2.7282158209753025,-3.999999999999991,0.15390282611441658,2.7282158209753025,0.01857664179283995,2.074007358945945,0.47008960098078956,5.797596215022878,-3.4322152583397654,1.5572489574826054,2.7282158209753025,5.814597730295203,-3.4510655522897182,1.5575863485633834,2.7282158209753025,0.0003373910807780156,0.02538474154989025,0.0
7.649779176522722,0.0,0.0,2.653909253803943,-3.7883983776983423,0.16254046320229673,2.653909253803943,0.019097002141040372,2.092584000738785,0.496930790215381,5.797813881117557,-3.3823933874994756,1.5817955650127433,2.653909253803943,5.814670709048914,-3.401075851298028,1.5810865530531164,2.653909253803943,-0.0007090119596266931,0.025163209284421652,0.0
7.699679298955948,0.0,0.0,2.5815622018739237,-3.253833574271569,0.171602771237897,2.5815622018739237,0.019606863992723895,2.111681002879825,0.5251735644424056,5.7964985104896805,-3.332421050491007,1.6151014405022213,2.5815622018739237,5.813535480527083,-3.3510991239494405,1.6059285728785737,2.5815622018739237,-0.009172867623647551,0.025280996344566566,0.0
7.749577560629606,0.0,0.0,2.5177647295282224,-2.6173154960300997,0.18022442337786926,2.5177647295282224,0.020064524039812827,2.1312878668725492,0.5521254339450912,5.793393831185374,-3.282694795579586,1.6397906192257787,2.5177647295282224,5.811123965130294,-3.3011678552627512,1.63218247454168,2.5177647295282224,-0.007608144684098761,0.025604913273873837,0.0
7.79915995226915,0.0,0.0,2.465249539838352,-2.033515508766927,0.18780696770871674,2.465249539838352,0.020450727140697494,2.151352390912362,0.5758989298767191,5.78966213321489,-3.2334921963151646,1.6613100233169402,2.465249539838352,5.80736896977464,-3.2513197670015193,1.659783724547256,2.465249539838352,-0.0015262987696842423,0.02512676536147596,0.0
7.848729896570499,0.0,0.0,2.4236626690321827,-1.6120364501661006,0.1941477924678361,2.4236626690321827,0.020769640907101646,2.1718031180530595,0.5958318261226722,5.784432561310515,-3.183960742921015,1.6966074334639412,2.4236626690321827,5.802210176785743,-3.201597490330955,1.6885734331246947,2.4236626690321827,-0.008034000339246283,0.025041934254108455,0.0
7.898550434946141,0.0,0.0,2.390181250833074,-1.4289563183996705,0.1994828360483066,2.390181250833074,0.021047532535194903,2.192572758960161,0.6126414453881659,5.777159223671013,-3.134638661076952,1.7291558757792098,2.390181250833074,5.79559755739792,-3.1520477269013396,1.7183596052207373,2.390181250833074,-0.010796270558472543,0.025358385664364103,0.0
7.948362076126936,0.0,0.0,2.3601052462301846,-1.5016431323713786,0.20445973499861606,2.3601052462301846,0.021326331892237718,2.213620291495356,0.6283553306986727,5.768722119617927,-3.085584015945977,1.7612221477689762,2.3601052462301846,5.787491482464793,-3.102720383878531,1.7489861053931923,2.3601052462301846,-0.012236042375783907,0.025415430108443667,0.0
7.998053170381059,0.0,0.0,2.328080706405533,-1.759242233492633,0.20996055956237292,2.328080706405533,0.021650111666031636,2.234946623387594,0.6457612500736286,5.758348457614728,-3.037052932237822,1.7888328725679163,2.328080706405533,5.777859473489229,-3.0536682741039103,1.7803981569102307,2.328080706405533,-0.008434715657685388,0.025627120903097753,0.0
8.047946080441076,0.0,0.0,2.2899929156028187,-2.0575498973684536,0.2167876819185601,2.2899929156028187,0.02204855386212957,2.2565967350536256,0.6674208454192434,5.74713714215749,-2.9881607197326985,1.8159808214207356,2.2899929156028187,5.766670470120792,-3.00494784997335,1.8126803460856855,2.2899929156028187,-0.003300475335049846,0.025755749708337095,0.0
8.098123185294769,0.0,0.0,2.244626915866671,-2.234572256428392,0.22534808305892015,2.244626915866671,0.022523891336980024,2.2786452889157554,0.6946718679629577,5.73398894783487,-2.93970006022431,1.8556332625865173,2.244626915866671,5.753888639877531,-2.956621009304015,1.8460453180300525,2.244626915866671,-0.009587944556464834,0.026121184145262506,0.0
8.148309523225503,0.0,0.0,2.194295653178248,-2.17419295067413,0.2354302902358196,2.194295653178248,0.023045320866118716,2.301169180252735,0.7269051717611255,5.7189323237732115,-2.8918323112567914,1.886881473049228,2.194295653178248,5.739469248854015,-2.9087574474819764,1.8807725932480837,2.194295653178248,-0.0061088798011441625,0.026612506984792308,0.0
8.198388457195858,0.0,0.0,2.144190679005109,-1.8524408353695965,0.24612709370572972,2.144190679005109,0.023554236232401413,2.324214501118854,0.7612744195706186,5.7028550707203145,-2.844504050821374,1.9178814639421518,2.144190679005109,5.723358660409803,-2.8614365802292125,1.9171112404876534,2.144190679005109,-0.0007702234544986197,0.026591497556591303,0.0
8.24840692928362,0.0,0.0,2.1005578499622666,-1.3440169113687412,0.25602121568150754,2.1005578499622666,0.023982881348087584,2.3477687373512555,0.7932293063055937,5.68490393570797,-2.7977607480420836,1.9568503269530888,2.1005578499622666,5.70549948907953,-2.8147478350667594,1.955168037522488,2.1005578499622666,-0.0016822894306010028,0.02669715236246547,0.0
8.298446712724095,0.0,0.0,2.068324451847087,-0.782627391327839,0.2637007598813058,2.068324451847087,0.024281304691241817,2.371751618699343,0.8181458124776231,5.665171533577848,-2.751790132041556,2.003930523666673,2.068324451847087,5.685840239966916,-2.768788320140331,1.9948222882579607,2.068324451847087,-0.009108235408712417,0.026760676793363435,0.0
8.34854452472598,0.0,0.0,2.049321237698544,-0.3100602350489254,0.26838340636911456,2.049321237698544,0.024439067144076627,2.396032923390585,0.8333893816896286,5.642850066077619,-2.706817715771226,2.049873182743776,2.049321237698544,5.664346411343907,-2.7236578699111518,2.0357221376814083,2.049321237698544,-0.01415104506236764,0.027307208778341027,0.0
8.398618249042473,0.0,0.0,2.041743654795475,-0.04301137928344225,0.2702837580730162,2.041743654795475,0.024490735509868414,2.4204719905346614,0.8395868255074139,5.6190075501523085,-2.6629171997056478,2.0941759573841927,2.041743654795475,5.641008460122324,-2.679453015596381,2.0773840269221338,2.041743654795475,-0.016791930462058957,0.027522231862277126,0.0
8.448654414170692,0.0,0.0,2.0406902744815296,-0.04490751088523749,0.27054944923727087,2.0406902744815296,0.02450366296230026,2.4449627260445297,0.8404538189011989,5.592832894392428,-2.620141572458501,2.137174933674275,2.0406902744815296,5.615842971272128,-2.6362624855118812,2.1193557319867526,2.0406902744815296,-0.01781920168752249,0.028095328360500795,0.0
8.498650443881555,0.0,0.0,2.039589875970322,-0.2880299499355999,0.27082739750828305,2.039589875970322,0.024552839595346786,2.46946638900683,0.8413609459907974,5.565353844654807,-2.5785389333464397,2.1789354806118215,2.039589875970322,5.588886489059863,-2.59416651151421,2.1613707788355816,2.039589875970322,-0.01756470177623992,0.02824900975405299,0.0
8.548604902334402,0.0,0.0,2.0325179228108974,-0.6443092621622877,0.2726234435660403,2.0325179228108974,0.024692192537689183,2.494019228602177,0.8472260028021799,5.535750810894826,-2.5381450638691603,2.2130790478647246,2.0325179228108974,5.560184728568895,-2.5532405892911405,2.2034311737883874,2.0325179228108974,-0.00964787407633727,0.028720919565167223,0.0
8.598384964570505,0.0,0.0,2.0166085144557697,-0.949357845840931,0.2767264124412711,2.0166085144557697,0.024935955935000927,2.5187114211398662,0.8606465879222641,5.5057148565523555,-2.4988181112041854,2.2485177113940598,2.0166085144557697,5.529781713346188,-2.5135622113988454,2.2457847682378933,2.0166085144557697,-0.0027329431561664563,0.028224140137212746,0.0
8.64812524100163,0.0,0.0,1.9929353690453329,-1.0975335633300753,0.2829959148306584,1.9929353690453329,0.02525974948271316,2.5436473770748673,0.8812144598150723,5.473374554032863,-2.4606493673585197,2.2915612546069144,1.9929353690453329,5.497713155232486,-2.475217555287592,2.288809269880487,1.9929353690453329,-0.002751984726427459,0.02836546505684419,0.0
8.697970837482055,0.0,0.0,1.9652119461867457,-1.0835721720433777,0.2905972608453665,1.9652119461867457,0.025618861738139678,2.5689071265575807,0.906252574650474,5.439922701096931,-2.423920005523954,2.334770160640428,1.9652119461867457,5.464006167377773,-2.438305153684534,2.3328619780487965,1.9652119461867457,-0.001908182591631391,0.028052554887252557,0.0
8.747772957874538,0.0,0.0,1.9374520605278707,-0.9757469357444241,0.29850114154940627,1.9374520605278707,0.025972257509366974,2.5945259882957203,0.932408263286265,5.404468701232844,-2.388725878620474,2.384970306853702,1.9374520605278707,5.42868433716388,-2.4029352308415124,2.3781663642321944,1.9374520605278707,-0.00680394262150763,0.02807672904891229,0.0
8.79771044833737,0.0,0.0,1.9121097098487407,-0.8625804398031237,0.30598383277402114,1.9121097098487407,0.02630039089295287,2.6204982458050874,0.9572875937625189,5.367297728875471,-2.35535889975156,2.434731255592323,1.9121097098487407,5.391775023360364,-2.3692255784678644,2.424778296956142,1.9121097098487407,-0.009952958636180842,0.028132236383220564,0.0
8.84764368195639,0.0,0.0,1.8894235071053034,-0.8101959801836062,0.3129076934514906,1.8894235071053034,0.026610102770672963,2.64679863669804,0.9804138003344179,5.328529841660094,-2.323867564693911,2.4787295324943104,1.8894235071053034,5.353315420013397,-2.3372963981256074,2.4726339699213966,1.8894235071053034,-0.006095562572913771,0.028189687150515685,0.0
8.89737914451079,0.0,0.0,1.8678641088082315,-0.8441594156334175,0.3196926631756517,1.8678641088082315,0.026927521620546128,2.673408739468713,1.003176823397565,5.288891406650852,-2.294146861905973,2.5245850961306737,1.8678641088082315,5.313355259532326,-2.307266814314064,2.521645742877754,1.8678641088082315,-0.0029393532529198296,0.027759921631679195,0.0
8.947073908478213,0.0,0.0,1.845132987892575,-0.9498709607348425,0.32707081960710505,1.845132987892575,0.027285014854441618,2.700336261089259,1.0280463549586103,5.247466398494817,-2.266361074231514,2.5770221796206787,1.845132987892575,5.271956120478912,-2.279254707698736,2.5717954599530035,1.845132987892575,-0.005226719667675184,0.027676565300725358,0.0
8.996937082430598,0.0,0.0,1.8192157446191222,-1.0813742715987973,0.33577518109743437,1.8192157446191222,0.027707540840231932,2.727621275943701,1.0575468897603648,5.204640743249148,-2.2407879808945026,2.629091753722481,1.8192157446191222,5.229188951525931,-2.253379820300936,2.6231884274129227,1.8192157446191222,-0.0059033263095584765,0.027589290480867928,0.0
9.046801317873081,0.0,0.0,1.7892535228252224,-1.1811319316584705,0.3462428081143055,1.7892535228252224,0.028202048546769484,2.755328816783933,1.0932620740811934,5.160550952071017,-2.2174583843463473,2.6772661238806217,1.7892535228252224,5.185131907200176,-2.2297686924905764,2.6760561532996423,1.7892535228252224,-0.0012099705809793804,0.027491217537016506,0.0
9.096473711315406,0.0,0.0,1.7559431827484506,-1.2074586456872214,0.35841486576330034,1.7559431827484506,0.028753810256126944,2.7835308653307025,1.1351339836647603,5.115814248371224,-2.1962993251622986,2.7258847210709876,1.7559431827484506,5.139870142841254,-2.208559232015305,2.730709313565631,1.7559431827484506,0.004824592494643287,0.026999840273556747,0.0
9.145938117491035,0.0,0.0,1.7212241459582402,-1.1505552363602671,0.37173333990039603,1.7212241459582402,0.029331352632189153,2.8122846755868296,1.181389712077677,5.070047841380459,-2.177507203280417,2.7819791627407247,1.7212241459582402,5.093498271195964,-2.1899026116054494,2.787455688477373,1.7212241459582402,0.005476525736648252,0.026524871462010702,0.0
9.195592648259002,0.0,0.0,1.6874768045977455,-1.0281301223357138,0.3853313698517642,1.6874768045977455,0.029896938348066893,2.841616028219019,1.2291147219573215,5.022857698414769,-2.161351227598325,2.8402439332475082,1.6874768045977455,5.04612497955386,-2.173960985363077,2.846514429104624,1.6874768045977455,0.006270495857115588,0.02646454916470786,0.0
9.24524440370374,0.0,0.0,1.6567388617164842,-0.8715059102225832,0.39830630207764683,1.6567388617164842,0.030417634765386965,2.8715129665670855,1.2751460365369978,4.975219240011242,-2.1480330851878473,2.903232319443407,1.6567388617164842,4.997878300292041,-2.1609010352263263,2.9079589861573094,1.6567388617164842,0.004726666713902539,0.026057957537030288,0.0
9.294910106584547,0.0,0.0,1.6302297132434576,-0.7120604601579271,0.4099692527110997,1.6302297132434576,0.03087310587541575,2.9019306013324724,1.3169534833481669,4.926334746918246,-2.1378981253519584,2.969133676805128,1.6302297132434576,4.948909741180392,-2.150884817787343,2.9717046902749304,1.6302297132434576,0.0025710134698022635,0.02604389652773191,0.0
9.344833608206944,0.0,0.0,1.6082461952673046,-0.5707990362599371,0.4199870534360847,1.6082461952673046,0.03125749598507904,2.932803707207888,1.3532030845925738,4.876853389961774,-2.1308988037319114,3.0332535775766254,1.6082461952673046,4.899395981887592,-2.144060181096169,3.037540386485987,1.6082461952673046,0.004286808909361728,0.026103453887528952,0.0
9.394571088861355,0.0,0.0,1.5904044466831226,-0.4523227308625339,0.4283558100233683,1.5904044466831226,0.03157459577674695,2.964061203192967,1.3837348586984557,4.827443001310374,-2.1271421698844386,3.1000070325244615,1.5904044466831226,4.8495378124386095,-2.1405529572335174,3.1051882330618628,1.5904044466831226,0.0051812005374012315,0.025846274317870666,0.0
9.444347986910742,0.0,0.0,1.5761225392955038,-0.34565512317591623,0.43521284010740746,1.5761225392955038,0.031828737750495176,2.995635798969714,1.4089256800739776,4.777385663827584,-2.1267599904514904,-3.1152682174578064,1.5761225392955038,4.79955695645453,-2.140462125356293,3.174362390650417,1.5761225392955038,0.006445300928636044,0.0260636666203948,0.0
9.494384834792857,0.0,0.0,1.5651207730278225,-0.23287733179974834,0.4405928438219692,1.5651207730278225,0.032016867058677165,3.0274645367202093,1.428802933041602,4.7274039778753965,-2.1297762492468757,-3.04682891788677,1.5651207730278225,4.74969184864167,-2.1438575114815492,3.2447958601921685,1.5651207730278225,0.008439470899352486,0.026363443049339384,0.0
9.544309967769479,0.0,0.0,1.5576647704546105,-0.09965309302204323,0.4442880896493444,1.5576647704546105,0.03212650908859859,3.0594814037788867,1.442514040900423,4.677983398425774,-2.1362080190247865,-2.9766893285823417,1.5576647704546105,4.700193051189212,-2.150778301676657,3.3162230115946945,1.5576647704546105,0.009727032997449925,0.026562413527912863,0.0
9.594071103966082,0.0,0.0,1.5544632644559309,0.06118948322124767,0.4458870927921737,1.5544632644559309,0.03213926224472594,3.0916079128674854,1.4484620400615715,4.629231801756309,-2.146113523754894,-2.907113881281212,1.5544632644559309,4.651318159207517,-2.1612307054148507,3.3883355936848827,1.5544632644559309,0.012264167786508295,0.02676446089131386,0.0
9.644036211406883,0.0,0.0,1.5564298493037978,0.2513898558490739,0.4449039951235435,1.5564298493037978,0.03203607464234738,3.1237471751122112,1.444804022432896,4.58078771657108,-2.159425410675972,-2.836098984295739,1.5564298493037978,4.603325548974306,-2.1751844944432,3.4607455216348817,1.5564298493037978,0.01365919875103394,0.02750095654006269,0.0
9.694011696421898,0.0,0.0,1.5644833934901077,0.4670435071696344,0.440907172258501,1.5644833934901077,0.031802650701401106,3.155783249754559,1.429967375268168,4.533908702487256,-2.1761751796588227,-2.7615996028210557,1.5644833934901077,4.5564665698465765,-2.1925695581314977,3.5329725819738518,1.5644833934901077,0.011386877615320756,0.027886072245943812,0.0
9.743772278719199,0.0,0.0,1.5793366150109809,0.6995465444302955,0.43365727173293184,1.5793366150109809,0.031434267245515776,3.18758590045596,1.4031969634098769,4.488365673995954,-2.1963392055026723,-2.690486144734716,1.5793366150109809,4.510976460590976,-2.2132740623900737,3.6044579448968705,1.5793366150109809,0.01175878245200046,0.02824954952282261,0.0
9.79372917620718,0.0,0.0,1.6013263480392799,0.9422431616485035,0.4232071260439587,1.6013263480392799,0.030936854068280898,3.219020167701476,1.364923607354051,4.443989758214029,-2.2197337596091256,-2.6236280945989736,1.6013263480392799,4.467065011651504,-2.2371456065558277,3.6746050307092455,1.6013263480392799,0.015047818128632429,0.028907433910658375,0.0
9.843943644713177,0.0,0.0,1.6304763872280352,1.1937834961291214,0.4098586474101642,1.6304763872280352,0.030323682016733695,3.249957021769757,1.3165550309793153,4.401110126038057,-2.246062849173727,-2.559961801420628,1.6304763872280352,4.424908529624308,-2.263996157382632,3.742838796822687,1.6304763872280352,0.0196152910637295,0.029798784481412162,0.0
9.894230971115979,0.0,0.0,1.6666762983614793,1.451313478883616,0.39404833360767355,1.6666762983614793,0.02961257276667327,3.2802807037864907,1.259985437003683,4.359952817645669,-2.274988202026712,-2.492375870803444,1.6666762983614793,4.384644463669946,-2.2936102333751287,3.808654574039305,1.6666762983614793,0.01784513766316209,0.030926646034279123,0.0
9.944328320831026,0.0,0.0,1.7096534243621742,1.7048335811276312,0.3763213826362498,1.7096534243621742,0.02882607360154011,3.309893276553164,1.1974348216926,4.321299282063617,-2.306636828554107,-2.424831903930621,1.7096534243621742,4.34636916910888,-2.325754690707835,3.8716423860689573,1.7096534243621742,0.013288982819991801,0.031527636920505225,0.0
9.994293276460946,0.0,0.0,1.7587970826501365,1.939497566360025,0.3573492327349036,1.7587970826501365,0.02799134266858781,3.338719350154704,1.131453137849721,4.284611890870701,-2.3406367505033385,-2.375785599520726,1.7587970826501365,4.310138687895865,-2.360188634740073,3.9315032362434605,1.7587970826501365,0.024103528584600298,0.03215421502028305,0.0
10.044646159350146,0.0,0.0,1.813086223635012,2.136679195392725,0.3378806654262558,1.813086223635012,0.027138304469002526,3.366710692823292,1.0647094980086087,4.248708228934964,-2.376437904954739,-2.3250737303077416,1.813086223635012,4.275972351315174,-2.3966726814397115,3.9880656023424823,1.813086223635012,0.02995402547063719,0.033952592663298226,0.0
10.095008092636462,0.0,0.0,1.8710720741921631,2.2797807639112544,0.3186701445136615,1.8710720741921631,0.02629650883562256,3.3938489972922943,0.9997398657383666,4.21563999003913,-2.4140409342602704,-2.266845438626604,1.8710720741921631,4.243858741882203,-2.434976944712328,4.0412913934962535,1.8710720741921631,0.024951524943270798,0.03513708139885277,0.0
10.145261767917937,0.0,0.0,1.9310223491936378,2.382129517081658,0.3003750141272804,1.9310223491936378,0.02548762146813623,3.4201455061279167,0.9386278670402399,4.184263834271201,-2.4535653806920177,-2.2203795870128515,1.9310223491936378,4.213763151531365,-2.474887165773726,4.091269293948363,1.9310223491936378,0.02846357378162878,0.03639819003585745,0.0
10.195672627871618,0.0,0.0,1.9917371646130893,2.5000000000000013,0.2833185848905475,1.9917371646130893,0.024715770258006205,3.445633127596053,0.8822750341628943,4.154657509638174,-2.4943288928171143,-2.1795211109793904,1.9917371646130893,4.185635439976696,-2.5162086348375348,4.138192150291465,1.9917371646130893,0.03452795409126885,0.03792565462768594,0.0
10.246034519362896,0.0,0.0,2.053526590258105,2.500000000000002,0.2672497696504313,2.053526590258105,0.023993502130601186,3.470348897854059,0.829695442291393,4.126667782759886,-2.5361969443261585,-2.1356406020721863,2.053526590258105,4.1594166453772825,-2.5587675373628,4.182297877531028,2.053526590258105,0.03475317242362763,0.039773353803254065,0.0
10.29624651486029,0.0,0.0,2.113510345584608,2.49999999999999,0.2513829417943408,2.113510345584608,0.023331080795684495,3.49434239998466,0.7782289437472009,4.100902125301763,-2.57915422289113,-2.1027534860454953,2.113510345584608,4.135042225933488,-2.602409488658094,4.223775103398962,2.113510345584608,0.043343282264871164,0.041308036228274635,0.0
10.346558104229851,0.0,0.0,2.171838047573819,2.5000000000000027,0.23475505708754402,2.171838047573819,0.022720671422521453,3.5176734807803447,0.724741621038237,4.075629591127379,-2.622915610681502,-2.0677176500468404,2.171838047573819,4.112440827738566,-2.646995945296517,4.262679472437824,2.171838047573819,0.04721181530507934,0.04398783531859535,0.0
10.39683482055567,0.0,0.0,2.2286397261301225,2.5000000000000053,0.2167099378383156,2.2286397261301225,0.022155804121214425,3.5403941522028664,0.6671738332482079,4.05296614429136,-2.6675461599815566,-2.0194841851374212,2.2286397261301225,4.0915298060297935,-2.6924001998792924,4.298909961819177,2.2286397261301225,0.03520883977701317,0.04587896365344989,0.0
10.446875553783384,0.0,0.0,2.2840292364331587,2.4999999999999893,0.1972943309608043,2.2840292364331587,0.021631082624403233,3.5625499563240806,0.6057415881405868,4.032215887725982,-2.7130907196908316,-1.9851578209627687,2.2840292364331587,4.072210643776261,-2.738504742422612,4.332262585401618,2.2840292364331587,0.0342350991848015,0.04738621173857162,0.0
10.497003977527026,0.0,0.0,2.3381069429941665,2.499999999999992,0.1773349192758546,2.3381069429941665,0.02114196553915615,3.5841810389484836,0.5430834177085062,4.012602181956812,-2.759318628689461,-1.9538915439846603,2.3381069429941665,4.054367779289285,-2.7852009067624395,4.3625441554672815,2.3381069429941665,0.03325039227235571,0.04913509375980952,0.0
10.547112050735866,0.0,0.0,2.3909618568420568,2.500000000000005,0.1580703871850057,2.3909618568420568,0.02068459972519157,3.60532300448764,0.48303093411723597,3.994755783005923,-2.8060424090631715,-1.9356147438618636,2.3909618568420568,4.037872861854131,-2.832390468578156,4.389693386899982,2.3909618568420568,0.04212282358225927,0.050530215996053236,0.0
10.597266597425616,0.0,0.0,2.442673356155036,2.4999999999999942,0.1405295884726459,2.442673356155036,0.020255691726202278,3.6260076042128313,0.42867285127374144,3.976813936957522,-2.85302623635548,-1.923364574889385,2.442673356155036,4.022593465782392,-2.8799878337943516,4.413840540342513,2.442673356155036,0.05401980805231332,0.053129022161929995,0.0
10.647446407422583,0.0,0.0,2.4933125854705414,2.499999999999991,0.12506621819701408,2.4933125854705414,0.019852407391128396,3.6462632959390335,0.3809769723186865,3.9601006812952964,-2.900228805377888,-1.9019419381166898,2.4933125854705414,4.008402539941659,-2.9279212515659108,4.4352702840405485,2.4933125854705414,0.05402691497765133,0.05567711490881778,0.0
10.697495509348718,0.0,0.0,2.542943603948362,2.499999999999997,0.11132155741720784,2.542943603948362,0.01947229265940751,3.666115703330162,0.33873848115920785,3.944269347038083,-2.9476861543853734,-1.882152880327514,2.542943603948362,3.995184456241974,-2.9761322179449317,4.454315667594426,2.542943603948362,0.053283240742354465,0.058322610343490136,0.0
10.747730115731649,0.0,0.0,2.591624335596881,2.4999999999999996,0.0985597516895705,2.591624335596881,0.019113210430480802,3.6855879959895694,0.2996367694345881,3.9293219131661066,-2.9958673443997785,-1.8633564729984857,2.591624335596881,3.982835722122118,-3.0245733121184224,4.471249510757888,2.591624335596881,0.05142067657678773,0.06072693250646116,0.0
10.798176058227787,0.0,0.0,2.639407361673083,2.5000000000000036,0.08610358508401345,2.639407361673083,0.018773289794744637,3.7047012064200504,0.26156667791210503,3.915171670393295,-3.044291007633901,-1.8481962638828866,2.639407361673083,3.971261446400366,-3.0732054000147415,4.486228623973037,2.639407361673083,0.05123958067633794,0.06310392269325753,0.0
10.848622495474437,0.0,0.0,2.6863405861599445,2.5000000000000058,0.07361085397893616,2.6863405861599445,0.018450884863326557,3.723474496214795,0.22346696264068125,3.901691802941733,-3.092903158059015,-1.8362226387492318,2.6863405861599445,3.9603704510736275,-3.121995165057486,4.499304578867189,2.6863405861599445,0.05234191043683367,0.06549449303403883,0.0
10.899065925498393,0.0,0.0,2.732467798318261,2.5000000000000107,0.06107770783701929,2.732467798318261,0.018144541122875345,3.7419253810781217,0.18531445816079425,3.8887069611863394,-3.141644886328681,-1.8288966935977864,2.732467798318261,3.9500717311399063,-3.1709134738839024,4.5104758945223296,2.732467798318261,0.056187280940530826,0.06798739007295285,0.0
10.949263341138186,0.0,0.0,2.7778291511254496,2.4999999999999902,0.04865042077328661,2.7778291511254496,0.017852967741961726,3.760069922200997,0.14754193974083699,3.8760665942409744,-3.1899725704745583,-1.8222186556557423,2.7778291511254496,3.9402733556470224,-3.219934535949481,4.519739931958164,2.7778291511254496,0.05877328043431973,0.07085356438016113,0.0
10.999420149789072,0.0,0.0,2.8224615704803537,2.5000000000000044,0.036446564947117864,2.8224615704803537,0.017575014623496057,3.7779228899429587,0.11049306510142888,3.8637507568390763,-3.23880459855934,-1.8135085250874028,2.8224615704803537,3.9308831524290704,-3.2690354862040176,4.527115687021641,2.8224615704803537,0.057438904929457024,0.07362516625065497,0.0
11.049983353291967,0.0,0.0,2.866399107039094,2.4999999999999956,0.02452058842248514,2.866399107039094,0.017309653270867496,3.7954979045664547,0.07431970913624855,3.85176225683794,-3.288134932799945,-1.8080997373035554,2.866399107039094,3.9218098197739963,-3.3181960277258757,4.5326393353201,2.866399107039094,0.05755376544406943,0.07622552394983298,0.0
11.100502211612923,0.0,0.0,2.9096732402162626,2.4999999999999925,0.012932765254055378,2.9096732402162626,0.017055960740645356,3.8128075578373224,0.039192382823102896,3.8399985612935232,-3.3370107765267925,-1.804748130567521,2.9096732402162626,3.9129636730478214,-3.36739799288882,4.536354644824236,2.9096732402162626,0.05791746821217103,0.07903980295743343,0.0
11.150975143923489,0.0,0.0,2.952313142067876,2.5000000000000004,0.0017954855305794082,2.952313142067876,0.0168131061101171,3.8298635185779677,0.005440871090883846,3.8283606360253657,-3.3863308172729703,-1.8038197156003644,2.952313142067876,3.904257158177293,-3.416624879464869,4.5383139075028005,2.952313142067876,0.05894831592357974,0.08171910595965065,0.0
11.201307817528573,0.0,0.0,2.9943459073431686,2.4999999999999853,-0.00877544410347825,2.9943459073431686,0.016580339006756713,3.846676624688085,-0.02659293748922232,3.8167528942327067,-3.4349554093141172,-1.8079961914349287,2.9943459073431686,3.8956055662677884,-3.4658614563632284,4.53858590157153,2.9943459073431686,0.06339678582687114,0.08469313804124884,0.0
11.25115200869616,0.0,0.0,3.03579675486006,2.5000000000000147,-0.01877209486860137,3.03579675486006,0.01635697983830235,3.8632569636948415,-0.0568918188544555,3.804935678482696,-3.48322790152601,-1.8101940274837351,3.03579675486006,3.886927944533502,-3.5150934487625465,4.537256496565174,3.03579675486006,0.06426521686932318,0.08796672548657285,0.0
11.301260729745527,0.0,0.0,3.0766892044558163,2.499999999999988,-0.02836724054352333,3.0766892044558163,0.016142411433267057,3.879613943533144,-0.08598440010965788,3.7929895801801745,-3.5323147468532254,-1.8127536090309482,3.0766892044558163,3.878147609748809,-3.564307213088132,4.534412423064967,3.0766892044558163,0.06398072491632867,0.09096926896377731,0.0
11.35153033410557,0.0,0.0,3.1170452330389837,2.4999999999999893,-0.03787886004052697,3.1170452330389837,0.015936071857380153,3.895756354966411,-0.11483935376227579,3.7808461470193997,-3.580838489906265,-1.8177756345648446,3.1170452330389837,3.8691915802680934,-3.613489285538769,4.530113985104867,3.1170452330389837,0.0647043124901252,0.09418593329863514,0.0
11.401749509168987,0.0,0.0,3.156885412682434,2.499999999999986,-0.04765206417594712,3.156885412682434,0.015737448215325234,3.911692426823791,-0.14450959126973673,3.7684348091978284,-3.6297053285241683,-1.8242605991472458,3.156885412682434,3.8599887919167384,-3.6626257524970636,4.5243730619037335,3.156885412682434,0.06544835387139258,0.0972927852733678,0.0
11.451918093140202,0.0,0.0,3.196229033220747,2.5000000000000044,-0.05793742112371988,3.196229033220747,0.015546071281934786,3.9274298750391163,-0.17576465251614898,3.7556856946596766,-3.6779698386447737,-1.8320661629009596,3.196229033220747,3.850467677471973,-3.7117014906302677,4.517148896683994,3.196229033220747,0.06602975240536679,0.10060541044844902,0.0
11.50203696620708,0.0,0.0,3.235094211425584,0.5834482597118896,-0.0688175952916533,3.235094211425584,0.015431216365116875,3.942975946321051,-0.2088679949922675,3.7425426474700982,-3.726541281098819,-1.840040197056215,3.235094211425584,3.840554011748197,-3.7606993856413333,4.508362262672992,3.235094211425584,0.06521715254962146,0.10379308085605482,0.0
11.552190799067198,0.0,0.0,3.244097527759049,-3.9999999999999973,-0.08019232918173606,3.244097527759049,0.015559049130616908,3.958407162686168,-0.24352931228671262,3.729003592303293,-3.7746636503189777,-1.8502346487648575,3.244097527759049,3.830169756157915,-3.8095996422181284,4.49792076261973,3.244097527759049,0.06497010420500082,0.10702857674022273,0.0
11.602306005912123,0.0,0.0,3.1818613312365813,-3.999999999999991,-0.09181501433419516,3.1818613312365813,0.015869512334487225,3.973966211816785,-0.279011779948297,3.714897515606157,-3.822883808119154,-1.8642638766004203,3.1818613312365813,3.819233236102624,-3.858379271395414,4.485746511953385,3.1818613312365813,0.06682508137421905,0.1102083049716003,0.0
11.652299849615925,0.0,0.0,3.1183832818986326,-3.9999999999999956,-0.10336036020190795,3.1183832818986326,0.016199337052087998,3.989835724151272,-0.3143333901420457,3.7000798282388785,-3.870376520433018,-1.8814351541568135,3.1183832818986326,3.807660571239207,-3.907011806500027,4.47179846062413,3.1183832818986326,0.0700483076013576,0.11364752724856929,0.0
11.702014757134027,0.0,0.0,3.0535859336902806,-3.999999999999995,-0.11447602517305115,3.0535859336902806,0.01655062348737748,4.00603506120336,-0.3484203657906222,3.6845051072157973,-3.9175547626425304,-1.8967077234530465,3.0535859336902806,3.795367966590287,-3.9554672603179113,4.456084650042323,3.0535859336902806,0.06960706631578262,0.11716625396706025,0.0
11.751867723859641,0.0,0.0,2.987383439740771,-3.999999999999992,-0.12478241514690308,2.987383439740771,0.016925805338301604,4.022585684690738,-0.38010340081077343,3.668156746330904,-3.9648338653400077,-1.9129583445889686,2.987383439740771,3.782274411317906,-4.0037123241555985,4.438666800705975,2.987383439740771,0.06843983811535637,0.12055859995023685,0.0
11.801858361607632,0.0,0.0,2.9196802183875645,-4.000000000000004,-0.13385024765088643,2.9196802183875645,0.01732772113888968,4.03951149002904,-0.4080465655447757,3.6509589333965677,-4.01174026934018,-1.9349215499773764,2.9196802183875645,3.768304576946542,-4.0517108562894455,4.419665087782184,2.9196802183875645,0.07140133057997389,0.12396631752708658,0.0
11.851581135001867,0.0,0.0,2.8503693338320057,-2.940202219564578,-0.14121452455634997,2.8503693338320057,0.017699976974489877,4.0568392111679294,-0.4307901558112028,3.6327410040470545,-4.057759329958387,-1.9581350263196315,2.8503693338320057,3.753391969668417,-4.099424775004026,4.399266470770388,2.8503693338320057,0.07421618991043388,0.12764272331871632,0.0
11.901320422799568,0.0,0.0,2.7983278222453687,-1.4840107876893338,-0.14644166878685375,2.7983278222453687,0.017949998694956375,4.0745391881424196,-0.44696226941997513,3.6133833276719747,-4.103849231210998,-1.9806379877695475,2.7983278222453687,3.737482322436402,-4.146815460747564,4.3777308811027895,2.7983278222453687,0.07518356169275009,0.13132652962037106,0.0
11.951260637222768,0.0,0.0,2.771689830543044,-0.14307509477371955,-0.14922860427956902,2.771689830543044,0.018044659098935288,4.092489186837376,-0.4555948304533499,3.5929422381628933,-4.1493680538914175,-2.0049839984890703,2.771689830543044,3.7205368695370438,-4.193845644826861,4.355386832843373,2.771689830543044,0.07718552415285629,0.13512455754201744,0.0
12.001128795641135,0.0,0.0,2.7691080892323043,1.0676430864551942,-0.14950287063534723,2.7691080892323043,0.017990675754375168,4.110533845936311,-0.45644476211157986,3.571426893593584,-4.194331221328275,-2.027762540108557,2.7691080892323043,3.7025348405898026,-4.240481569710452,4.332611235047164,2.7691080892323043,0.07718846797613566,0.13899333948560147,0.0
12.05116839358124,0.0,0.0,2.78831570982212,2.1063638669006757,-0.14748006696351385,2.78831570982212,0.017808916001395024,4.128524521690687,-0.4501778814953089,3.5487845311537525,-4.239178645470163,-2.053476117913635,2.78831570982212,3.6834744310517364,-4.286695019262621,4.3097931483983425,2.78831570982212,0.08008395913239141,0.1428256801591138,0.0
12.101212532359636,0.0,0.0,2.825827766996128,2.4999999999999902,-0.14364453275782976,2.825827766996128,0.01755439918007891,4.146333437692082,-0.4383052451521896,3.524970471597383,-4.282984840315863,-2.07929204024063,2.825827766996128,3.66337172976089,-4.332464730705937,4.2872883487817965,2.825827766996128,0.08339508184284128,0.14698016129483424,0.0
12.151291897017254,0.0,0.0,2.869713764946325,2.5000000000000084,-0.13864546383167128,2.869713764946325,0.017289956634273317,4.163887836872161,-0.42285067249035246,3.500020867869539,-4.32666507985371,-2.101230190966856,2.869713764946325,3.642257590449098,-4.377776800781668,4.265377072998396,2.869713764946325,0.08342195678566533,0.15114130231803594,0.0
12.201597837700783,0.0,0.0,2.9129386565320083,2.5000000000000093,-0.13314044352844828,2.9129386565320083,0.017037116627637097,4.181177793506434,-0.40585685222845647,3.4740701526734665,-4.369771407281393,-2.1182771483829814,2.9129386565320083,3.6201730455227317,-4.422623989945683,4.244238385285645,2.9129386565320083,0.07933022648904142,0.15536875745531833,0.0
12.251786704411257,0.0,0.0,2.9555314481011012,2.500000000000014,-0.12767743523909827,2.9555314481011012,0.016795054744309906,4.198214910134071,-0.3890174794640702,3.447770452175875,-4.412371459001157,-2.135680780183063,2.9555314481011012,3.597164309912696,-4.467004198553557,4.223949234023782,2.9555314481011012,0.07644470702725847,0.1590699876170544,0.0
12.30181044639414,0.0,0.0,2.9975190849618762,2.5000000000000004,-0.12269074063281914,2.9975190849618762,0.016563026319735382,4.215009964878381,-0.3736669457967471,3.420512911332683,-4.454276560661793,-2.1589651274375474,2.9975190849618762,3.573278383390335,-4.510918596094308,4.204501898242662,2.9975190849618762,0.08028171850062371,0.16292823460326222,0.0
12.351956717334717,0.0,0.0,3.0389266507612147,2.5,-0.11854298675287243,3.0389266507612147,0.016340356787437928,4.231572991198116,-0.36091332880840077,3.3921242913947074,-4.49581065091539,-2.176025508681415,3.0389266507612147,3.548559649280838,-4.554369741934395,4.185821949528722,3.0389266507612147,0.07866215103055119,0.16703648804358268,0.0
12.402131832945186,0.0,0.0,3.0797775427298095,2.5000000000000013,-0.1154938271109103,3.0797775427298095,0.016126433416606637,4.247913347985555,-0.3515457550068996,3.3634185906917633,-4.536801753522198,-2.1934870131324162,3.0797775427298095,3.52304728801904,-4.597359766240123,4.167779565667493,3.0797775427298095,0.07808127162032363,0.1707295929672057,0.0
12.451984053658785,0.0,0.0,3.120093626271326,2.5000000000000027,-0.11361277318540565,3.120093626271326,0.01592069820969629,4.264039781402161,-0.34577013039329074,3.333974373311047,-4.5768017780045565,-2.210777884053993,3.120093626271326,3.496773417716028,-4.639888697334029,4.1502054752963735,3.120093626271326,0.07779805217078106,0.1745952125622532,0.0
12.501837888177212,0.0,0.0,3.159895371795567,2.471676635537916,-0.11272392692334478,3.159895371795567,0.0157237361935489,4.279960479611858,-0.3430418644903982,3.3038751002442295,-4.616777950043955,-2.2233541678056086,3.159895371795567,3.4697622968369144,-4.681953263013557,4.132920113625469,3.159895371795567,0.07308897425149219,0.17823126385139498,0.0
12.551864095165897,0.0,0.0,3.1987593631685236,0.3175393751154268,-0.11240467035565398,3.1987593631685236,0.015616112711022832,4.295684215805407,-0.34206205782671745,3.273220478502761,-4.656296745193197,-2.237852542451273,3.1987593631685236,3.442030977005486,-4.723546570355223,4.115771140435584,3.1987593631685236,0.07043837570727085,0.18171274966017548,0.0
12.601864034166182,0.0,0.0,3.203718093840514,0.8924648935901864,-0.11205988651966795,3.203718093840514,0.015570259888805551,4.31130032851643,-0.3410039866233223,3.2420075859491213,-4.695342485777797,-2.256212729946319,3.203718093840514,3.413591492090287,-4.764658920866686,4.098671148667344,3.203718093840514,0.07169857143407654,0.18505622124125556,0.0
12.651850211892057,0.0,0.0,3.2176140041753483,1.8798431838111767,-0.111102032666455,3.2176140041753483,0.015466757707150825,4.326870588405236,-0.3380649587573627,3.209938434656518,-4.733690897305701,-2.280212452370844,3.2176140041753483,3.3844542505684396,-4.8052797431036876,4.081624050835903,3.2176140041753483,0.07865119602716142,0.18862855787523686,0.0
12.701984295677272,0.0,0.0,3.2466890832267947,2.4999999999999782,-0.1091368718086433,3.2466890832267947,0.015307290625122639,4.342337346112387,-0.33203712354874265,3.1766938168581196,-4.771420189443581,-2.2980235963548883,3.2466890832267947,3.3546317501152845,-4.845400181127389,4.0647238776667125,3.2466890832267947,0.079562166842015,0.19270430005935943,0.0
12.75211725820217,0.0,0.0,3.284957309789601,2.499999999999985,-0.10601279883292417,3.284957309789601,0.015131009568341992,4.35764463673751,-0.3224598228133429,3.1432815567977617,-4.8085916073171155,-2.310859567161825,3.284957309789601,3.3241414539915963,-4.885015519371811,4.048125041433581,3.284957309789601,0.07579930141582025,0.19634387371830153,0.0
12.802085393454751,0.0,0.0,3.3227848337104557,2.4999999999999787,-0.10178032347058884,3.3227848337104557,0.014960682011984921,4.372775646305852,-0.30949467069824366,3.109303330732011,-4.845215721436839,-2.3266452198219065,3.3227848337104557,3.2930071614058596,-4.924126799964644,4.032004983129746,3.3227848337104557,0.0754648957720665,0.19993512877597963,0.0
12.85203034307187,0.0,0.0,3.3601865387404177,2.4999999999999942,-0.09671182716957999,3.3601865387404177,0.014795980204742099,4.387736328317837,-0.29398327421378645,3.0747664110145747,-4.881280442548773,-2.342448474818893,3.3601865387404177,3.261258950214238,-4.962741457738158,4.016533064511005,3.3601865387404177,0.07579623215031184,0.2035076513864361,0.0
12.901952186048996,0.0,0.0,3.397176489252273,2.49999999999999,-0.09138578945011194,3.397176489252273,0.014636601113114859,4.402532308522579,-0.27770012357985313,3.039680293432293,-4.916779639035676,-2.357710882175227,3.397176489252273,3.2289318700317127,-5.000872881363429,4.001836574637221,3.397176489252273,0.07636214963286214,0.207093777430806,0.0
12.951902180721197,0.0,0.0,3.43376799203506,2.500000000000003,-0.08671399726982532,3.43376799203506,0.014482264075104095,4.417168909635694,-0.2634302919056853,3.0040194144971863,-4.95181320341052,-2.3735832179948475,3.43376799203506,3.19606319848516,-5.038538526937425,3.98795409419661,3.43376799203506,0.07835200501187067,0.21071805026923027,0.0
13.001840805560738,0.0,0.0,3.46997365222282,1.013955060488961,-0.08381676366306264,3.46997365222282,0.014376512790681499,4.431651173710798,-0.2545866506035118,2.9678390922762503,-4.986164845095142,-2.3880419558128714,3.46997365222282,3.162688064234086,-5.07575619556977,3.9747849755527227,3.46997365222282,0.07964162418600829,0.21445916150375396,0.0
13.051718875348033,0.0,0.0,3.484550790119116,-4.0000000000000036,-0.08369704151923484,3.484550790119116,0.014466561294948376,4.44602768650148,-0.25422129919557185,2.9312708562820213,-5.020069592565235,-2.394911098689104,3.484550790119116,3.1288338280656567,-5.112538630552399,3.962057958539251,3.484550790119116,0.07378375004876858,0.218132186543511,0.0
13.101720320463498,0.0,0.0,3.4266845449393224,-4.000000000000005,-0.08677434066069066,3.4266845449393224,0.014715090316596994,4.460494247796428,-0.26361453352769626,2.894442289318329,-5.0540875023612974,-2.3999905407749127,3.4266845449393224,3.0945145469120026,-5.1488875489054085,3.9493492057732316,3.4266845449393224,0.06615443936855847,0.22139547665522633,0.0
13.151820501848162,0.0,0.0,3.3678241836729343,-3.999999999999987,-0.09255695745551192,3.3678241836729343,0.014976886048616515,4.475209338113024,-0.2812793080518052,2.8573843787002873,-5.087751947205635,-2.409322277486379,3.3678241836729343,3.0597276876095587,-5.184789203634933,3.936170876723958,3.3678241836729343,0.06230784703075187,0.224408207950775,0.0
13.201852474674439,0.0,0.0,3.3079166394784685,-4.000000000000007,-0.09977275474954535,3.3079166394784685,0.015253172569069523,4.490186224161641,-0.30334892235128386,2.8200288917720027,-5.120986227948334,-2.4250062684661775,3.3079166394784685,3.0244551294247444,-5.220213715225416,3.9221094696131504,3.3079166394784685,0.06393043089974171,0.22723595858089593,0.0
13.252003498154664,0.0,0.0,3.2469039492021903,-3.999999999999999,-0.10695355313435541,3.2469039492021903,0.015545338164034254,4.5054393967307105,-0.3253431635011757,2.7817513965371745,-5.153631782007878,-2.4444100269021445,3.2469039492021903,2.988668743695084,-5.255118976474197,3.906944782514942,3.2469039492021903,0.06816950223750062,0.23046570069212305,0.0
13.302150674467953,0.0,0.0,3.1847225965460533,-4.0,-0.11309690432114304,3.1847225965460533,0.015854964784248304,4.5209847348947445,-0.3441866314900749,2.7431378099987516,-5.1853812488158155,-2.4658150152536775,3.1847225965460533,2.952338334634857,-5.289457538564997,3.890680583401278,3.1847225965460533,0.07331029147536938,0.23365943934704886,0.0
13.351966269267365,0.0,0.0,3.12130273740906,-3.3281830766033327,-0.11800159101334783,3.12130273740906,0.016155182682151267,4.536839699678993,-0.35924957072789376,2.704017072971067,-5.2159515130775524,-2.4882176141552645,3.12130273740906,2.915438425525812,-5.323183279617898,3.873474382273294,3.12130273740906,0.07850668924897164,0.23706041439143938,0.0
13.401605598660938,0.0,0.0,3.067535331806889,-3.0395063811335983,-0.12213380312720998,3.067535331806889,0.016430513296332327,4.552994882361144,-0.3719537119099314,2.6643069073846686,-5.245729744104626,-2.5059457228777,3.067535331806889,2.8779513022143246,-5.356255004313181,3.855515171183876,3.067535331806889,0.07827558688198977,0.24054055912942993,0.0
13.451558288327885,0.0,0.0,3.0175946817973864,-3.06467449444366,-0.1261674070614343,3.0175946817973864,0.016708234604778126,4.569425395657476,-0.3843671230052212,2.6236244347371844,-5.275265158536632,-2.5184274174882835,3.0175946817973864,2.839866066442058,-5.3886360693103965,3.836920868582071,3.0175946817973864,0.07216297889076806,0.24415856874592587,0.0
13.501628670114965,0.0,0.0,2.966389381356942,-3.0414729487415855,-0.1305118637485956,2.966389381356942,0.017000610068741914,4.586133630262254,-0.3977514107314326,2.582989075471777,-5.304172731213452,-2.5308693575305536,2.966389381356942,2.8011755597889842,-5.420291374745329,3.8177060083279675,2.966389381356942,0.06539005867893444,0.24716165016924874,0.0
13.55146768738225,0.0,0.0,2.9146824857207596,-2.8265558752370272,-0.13512783647496557,2.9146824857207596,0.017296467900072807,4.603134240330996,-0.41198892515646407,2.5419648545461473,-5.332426540007853,-2.5525656768172156,2.9146824857207596,2.7618736860809947,-5.45118426942293,3.7978220554203377,2.9146824857207596,0.06720242505796747,0.24992657418299158,0.0
13.601130442591558,0.0,0.0,2.86579305275696,-2.5348485609186886,-0.1397183360295506,2.86579305275696,0.0175806977515018,4.620430708231068,-0.4261656026146599,2.5004017373879917,-5.3593532405274615,-2.5801600423646986,2.86579305275696,2.721954685911291,-5.4812753917692945,3.7772263562845088,2.86579305275696,0.07420109146962162,0.25288479583162793,0.0
13.650882548418563,0.0,0.0,2.8212286463616194,-2.3736979779788343,-0.14410679644967192,2.8212286463616194,0.017853645479160477,4.63801140598257,-0.43973544598123043,2.4577352101865255,-5.385402526529466,-2.6098207447453063,2.8212286463616194,2.6814141314425424,-5.510523630665884,3.755921952215498,2.8212286463616194,0.0825573897812184,0.2562958261746993,0.0
13.700847084566137,0.0,0.0,2.7788494841881852,-2.4364837464493423,-0.1484718903838381,2.7788494841881852,0.018133947815725974,4.65586505146173,-0.4532501917145894,2.4142718749306145,-5.41002341205709,-2.627762146292037,2.7788494841881852,2.6402501350529137,-5.538887609958043,3.7339391793986083,2.7788494841881852,0.07851601851105983,0.2601387236621216,0.0
13.750712167224311,0.0,0.0,2.7346664150762083,-2.623477191865321,-0.1532340732422171,2.7346664150762083,0.01844360769728475,4.673998999277456,-0.4680145234244155,2.370883386324078,-5.434421569418861,-2.639075532332474,2.7346664150762083,2.598463396977981,-5.566325761484255,3.711280792214377,2.7346664150762083,0.06717101736726505,0.2630425386390097,0.0
13.80046152879683,0.0,0.0,2.68628003094667,-2.7334209038672963,-0.15871254376435837,2.68628003094667,0.018789331825398665,4.692442606974741,-0.4850265106813643,2.327073879355824,-5.457945280501802,-2.6636588700195825,2.68628003094667,2.5560560232310063,-5.592794445035801,3.6878843227292157,2.68628003094667,0.06835788556921152,0.26573881799464705,0.0
13.850378255207154,0.0,0.0,2.6349208785654263,-2.6063031924992504,-0.16484950705756307,2.6349208785654263,0.019153893603904945,4.7112319388001405,-0.5041187919499558,2.282236554977845,-5.480339513562356,-2.694401125360289,2.6349208785654263,2.513030284900098,-5.618245455979013,3.663637408608647,2.6349208785654263,0.07485322678934914,0.2688564574735967,0.0
13.900184726713416,0.0,0.0,2.585000024516778,-2.1967072523948934,-0.17115550892667009,2.585000024516778,0.019500414327161573,4.730385832404045,-0.5237776240115042,2.237256361345021,-5.501021397713031,-2.7212724092515,2.585000024516778,2.46938859206386,-5.642624974726206,3.63843605407278,2.585000024516778,0.07652315614469352,0.27191348911267815,0.0
13.950000092966727,0.0,0.0,2.542163322939597,-1.581440874980965,-0.17685360270214573,2.542163322939597,0.019786484736439257,4.749886246731207,-0.5415781657893803,2.19127784975308,-5.520994117282477,-2.741981709021877,2.542163322939597,2.4251350882118214,-5.665875247209213,3.6122519367348604,2.542163322939597,0.07104833857715143,0.2750995270595652,0.0
13.999906693441675,0.0,0.0,2.510872167205205,-0.9299908205039379,-0.18119375714022923,2.510872167205205,0.019983733616538008,4.769672731467646,-0.5551608590921091,2.145307199990546,-5.539854718586648,-2.7705611489310873,2.510872167205205,2.3802783026996663,-5.68793894368277,3.5851779542075484,2.510872167205205,0.07255379595904898,0.27774152881889813,0.0
14.049493723959477,0.0,0.0,2.4922874783824285,-0.4428190759233575,-0.18384583929341153,2.4922874783824285,0.020094112137072934,4.789656465084184,-0.5634712647352508,2.098852202576885,-5.556952344802135,-2.8016486873928486,2.4922874783824285,2.3348336743929186,-5.708764791029516,3.5574249605524226,2.4922874783824285,0.07588834076568496,0.28059628270881076,0.0
14.099293122861303,0.0,0.0,2.4833894222143895,-0.27838588536919634,-0.1851358005322421,2.4833894222143895,0.020152874916043027,4.809750577221258,-0.5675163663299913,2.0514081076696304,-5.573064370575801,-2.8328262747775526,2.4833894222143895,2.2888246240668497,-5.728311980378568,3.529256522199948,2.4833894222143895,0.07889748979791378,0.28366956588196673,0.0
14.14910483899553,0.0,0.0,2.477779146288152,-0.48615081331953686,-0.1859559578427205,2.477779146288152,0.020215782513104283,4.829903452137301,-0.5700892574522833,2.0039400449138824,-5.587226270624543,-2.865177771330976,2.477779146288152,2.2422814625537457,-5.746550869027111,3.500885865558747,2.477779146288152,0.08287832971013742,0.2866896562813513,0.0
14.198862734695075,0.0,0.0,2.4679512271775157,-0.9585982457893628,-0.1874055699486762,2.4679512271775157,0.020336352950310315,4.850119234650405,-0.5746387370475686,1.9556699329776077,-5.600223064293033,-2.8902316597561084,2.4679512271775157,2.1952385779723924,-5.763459104575113,3.472386587762393,2.4679512271775157,0.0794329403389149,0.28989505085739237,0.0
14.248913447121758,0.0,0.0,2.448456834913595,-1.4513123151436271,-0.1903303718777554,2.448456834913595,0.020542377218273993,4.870455587600715,-0.5838256080377866,1.9069843264367368,-5.612123738613374,-2.9128716714913563,2.448456834913595,2.1477312457073707,-5.779014556603564,3.443659877364705,2.448456834913595,0.07334624167647519,0.2929362119433782,0.0
14.298800734304196,0.0,0.0,2.418643429874388,-1.7071353712218265,-0.19493419140500948,2.418643429874388,0.02082199178554319,4.89099796481899,-0.5983073671713975,1.8584937693092378,-5.622845153153051,-2.9376350198748087,2.418643429874388,2.099793515914636,-5.793188025708871,3.4144739069739427,2.418643429874388,0.0689236196691656,0.29536801103436666,0.0
14.348440184791635,0.0,0.0,2.383097471197997,-1.6055124377479641,-0.20063899864527532,2.383097471197997,0.021127644850038714,4.911819956604533,-0.6162890234837995,1.8097632145720515,-5.632232333456719,-2.9669189124479045,2.383097471197997,2.051458061562846,-5.805939029748215,3.3845639803410066,2.383097471197997,0.06829758560932575,0.29764142083790956,0.0
14.398285883597136,0.0,0.0,2.349176774610938,-1.209422027315624,-0.20631305952427348,2.349176774610938,0.021398043847618477,4.932947601454572,-0.6342152014224083,1.7603193467037717,-5.64017020737284,-2.999914807469056,2.349176774610938,2.0027579382693634,-5.817216923016422,3.353755134439225,2.349176774610938,0.07048463472869493,0.3002032814618905,0.0
14.44836895589042,0.0,0.0,2.3232975090401626,-0.6903970587944565,-0.21080062058311774,2.3232975090401626,0.021586455678857277,4.95434564530219,-0.6484229695540621,1.710600687612326,-5.646376228546064,-3.0395299418496893,2.3232975090401626,1.9537292625400495,-5.826967316822832,3.3220501426827007,2.3232975090401626,0.07839477735280376,0.3028607685247018,0.0
14.498215431075325,0.0,0.0,2.3083942835296827,-0.21777868815698695,-0.21344961882853708,2.3083942835296827,0.021678305819956563,4.975932100981048,-0.6568225643519275,1.6611451863746243,-5.650327484392102,-3.072715721972141,2.3083942835296827,1.9044133300320165,-5.835141088566567,3.2896348917420974,2.3083942835296827,0.07916530653465159,0.3055085236232685,0.0
14.54808076674697,0.0,0.0,2.3036732105267466,0.10729626075938122,-0.21429887301400768,2.3036732105267466,0.021689563648263417,4.997610406801004,-0.6595174645759607,1.611106485495673,-5.6532399412261025,-3.100370781823759,2.3036732105267466,1.8548570741335928,-5.841701846259225,3.256799737457602,2.3036732105267466,0.07398521210177478,0.3081107578615945,0.0
14.59796296003602,0.0,0.0,2.306000419603708,0.2672623661335641,-0.21387962833234467,2.306000419603708,0.02165145332282747,5.019299970449268,-0.6581869699746963,1.5614655497480099,-5.654438794559267,-3.140402021053062,2.306000419603708,1.8051118319049746,-5.846628819962144,3.2238298626725634,2.306000419603708,0.08104657654603997,0.3103232454607129,0.0
14.647843914483575,0.0,0.0,2.311787038248997,0.32443889507492824,-0.21284232891377325,2.311787038248997,0.021591642062184262,5.040951423772095,-0.6548960870406928,1.5113446473120877,-5.653358720972696,3.109721835250235,2.311787038248997,1.7552313119580276,-5.849914978229274,3.190926500516473,2.311787038248997,0.08120466526623771,0.31323324769065497,0.0
14.697985837414894,0.0,0.0,2.3187922067425055,0.39475678968521144,-0.21159635609464622,2.3187922067425055,0.021519608352063197,5.06254306583428,-0.6509451269939982,1.4612326311855395,-5.651243207375284,3.085413219425883,2.3187922067425055,1.7052697974076383,-5.851562527559696,3.158187652575841,2.3187922067425055,0.07277443314995802,0.31572451367744186,0.0
14.747904741605181,0.0,0.0,2.327287218250849,0.5826741041762261,-0.21009958043405963,2.327287218250849,0.021422881637905452,5.0840626741863435,-0.6462016695033211,1.411664347990728,-5.647752839289995,3.0553189539698344,2.327287218250849,1.655281100916969,-5.8515787404685335,3.1256463167027695,2.327287218250849,0.07032736273293505,0.3176383482792472,0.0
14.797816704253473,0.0,0.0,2.339769776618089,0.9330876737585336,-0.2079280317042289,2.339769776618089,0.021275480206651425,5.105485555824249,-0.6393251523259429,1.3617799778041266,-5.642641707679645,3.0167942290083394,2.339769776618089,1.60531811950653,-5.849974455732963,3.093342110561533,2.339769776618089,0.0765478815531937,0.319840108302884,0.0
14.847750842282736,0.0,0.0,2.359621664952209,1.4487863867439625,-0.20454122989838758,2.359621664952209,0.021049953273033044,5.1267610360309,-0.6286129075933132,1.3125727696426324,-5.635321762772447,2.9824275812121073,2.359621664952209,1.555432423552619,-5.84676584571001,3.061381667735861,2.359621664952209,0.07895408652375391,0.3220084031614476,0.0
14.89769001536154,0.0,0.0,2.390118550695776,2.1236550225657327,-0.19949302680083478,2.390118550695776,0.020724842124619888,5.147810989303933,-0.612673588736512,1.263164098093739,-5.626811600285004,2.9511417276475136,2.390118550695776,1.505673380869354,-5.841978093198643,3.029956739716804,2.390118550695776,0.07881501206929054,0.32420267103325684,0.0
14.947871727182966,0.0,0.0,2.4341309657656067,2.499999999999987,-0.1925225082525658,2.4341309657656067,0.020325326320763466,5.168535831428553,-0.5907179417907527,1.214024019681404,-5.616322797369199,2.9214964201493,2.4341309657656067,1.456086707777147,-5.835649029821527,2.999328632669282,2.4341309657656067,0.07783221251998196,0.3266471203146743,0.0
14.998075528287075,0.0,0.0,2.484944281567515,2.500000000000006,-0.18363877979248366,2.484944281567515,0.019917951156299324,5.188861157749317,-0.5628221420351766,1.1651786843178515,-5.604890257525674,2.89340607285198,2.484944281567515,1.4067126745245502,-5.8278314995943346,2.9697981082780305,2.484944281567515,0.07639203542605033,0.3286966167156072,0.0
15.04829660300315,0.0,0.0,2.5347391594582636,2.4999999999999973,-0.17319986075925448,2.5347391594582636,0.019534131063912972,5.208779108905616,-0.5301599754118942,1.1166594703956567,-5.5916495340071375,2.8645523609463823,2.5347391594582636,1.3575843725430203,-5.81859377083927,2.941662120156658,2.5347391594582636,0.07710975921027563,0.3309811098930506,0.0
15.0982945315459,0.0,0.0,2.583574487118046,2.499999999999987,-0.16190157144533762,2.583574487118046,0.019171679936727692,5.228313239969529,-0.49494289912781336,1.068995753298885,-5.577540390709466,2.8365998825079206,2.583574487118046,1.3087265609669732,-5.808017452118703,2.9151589432974863,2.583574487118046,0.07855906078956565,0.33255155386951846,0.0
15.148276566579518,0.0,0.0,2.631503686959865,2.4999999999999916,-0.15067272574294016,2.631503686959865,0.018828685588960666,5.247484919906256,-0.4600708490167882,1.0213088297967658,-5.561631695280996,2.806406172848179,2.631503686959865,1.2601555707131422,-5.796192818257428,2.8904162999461387,2.631503686959865,0.08401012709795985,0.3347636271436003,0.0
15.198544865269705,0.0,0.0,2.6785754009322664,2.499999999999998,-0.14047130615419762,2.6785754009322664,0.01850346714580004,5.266313605495217,-0.428492705378218,0.9740541196985225,-5.544469351685609,2.788800052006187,2.6785754009322664,1.2118804898861844,-5.783212180157765,2.867416941932045,2.6785754009322664,0.07861688992585814,0.33698593517166864,0.0
15.248737660389377,0.0,0.0,2.7248340687967665,2.5000000000000027,-0.1319611952704124,2.7248340687967665,0.01819454026490364,5.284817072641017,-0.40221984438042496,0.9271058400690991,-5.5269464901631,2.7785340229214333,2.7248340687967665,1.1639054519946168,-5.769162598733112,2.8459962038903233,2.7248340687967665,0.06746218096889,0.33873691776786813,0.0
15.298846733728594,0.0,0.0,2.7703204194590256,2.499999999999994,-0.12522723977317995,2.7703204194590256,0.017900588543170004,5.30301161290592,-0.38147263903257855,0.8803686958350155,-5.508878365759744,2.7601052582378443,2.7703204194590256,1.1162323525338227,-5.754119927874754,2.825888869941545,2.7703204194590256,0.06578361170370073,0.34025738543041634,0.0
15.349032296875617,0.0,0.0,2.8150718908169505,2.499999999999989,-0.11978690297540066,2.8150718908169505,0.017620439849306713,5.32091220144909,-0.3647368104259574,0.8339502030245549,-5.489578184336361,2.737953462058617,2.8150718908169505,1.0688629673584047,-5.738146319334938,2.806818707560161,2.8150718908169505,0.06886524550154416,0.34200895395243874,0.0
15.399160583058382,0.0,0.0,2.859122990440217,2.4999999999999996,-0.11489914396901289,2.859122990440217,0.017353046609681403,5.338532641298396,-0.3497195577745701,0.788168969200217,-5.469500825067707,2.7182555207553816,2.859122990440217,1.0217996803947218,-5.72129199223428,2.7885851843933867,2.859122990440217,0.07032966363800508,0.34348522686770044,0.0
15.4492811005843,0.0,0.0,2.9025056069644206,2.4999999999999902,-0.10990425406738089,2.9025056069644206,0.017097469289978906,5.355885687908078,-0.33439064163103704,0.7425581350221173,-5.448398638266729,2.70092861794417,2.9025056069644206,0.9750448168342931,-5.703599913788017,2.7711023872742535,2.9025056069644206,0.07017376933008368,0.3452213032935949,0.0
15.499523729497085,0.0,0.0,2.9452492801893677,2.500000000000007,-0.1044050448643087,2.9452492801893677,0.016852862477876183,5.372983157198057,-0.3175335119741063,0.6972832062439607,-5.42663982727098,2.6845373915829125,2.9452492801893677,0.9285992513955881,-5.685110949090618,2.754385896542727,2.9452492801893677,0.06984850495981432,0.34686371035219565,0.0
15.549739608225526,0.0,0.0,2.9873814363840583,2.4999999999999925,-0.0982823775541729,2.9873814363840583,0.016618463096132935,5.389836019675933,-0.29878804693228783,0.6524351027670541,-5.404077345832608,2.6647565153758035,2.9873814363840583,0.8824610663207716,-5.665867613558246,2.7385121089750677,2.9873814363840583,0.0737555935992642,0.34849115940677416,0.0
15.600040568718777,0.0,0.0,3.0289275941243905,2.4999999999999902,-0.09159118118012796,3.0289275941243905,0.016393580371089442,5.406454482772066,-0.2783277615424856,0.6079032800074449,-5.38046650930346,2.6567533657776283,3.0289275941243905,0.8366247371828729,-5.64591579587624,2.7235754241657313,3.0289275941243905,0.06682205838810296,0.35039524642102243,0.0
15.65022433641021,0.0,0.0,3.069911545052114,2.4999999999999862,-0.08443478322176405,3.069911545052114,0.016177587255727932,5.422848063143156,-0.2564727539749641,0.5636349395825224,-5.357299432484201,2.644996944140493,3.069911545052114,0.7910809213559733,-5.625304850158732,2.7096615675354814,3.069911545052114,0.06466462339498857,0.3515090020579683,0.0
15.700398717830033,0.0,0.0,3.1103555131914336,2.4999999999999942,-0.07695528497378283,3.1103555131914336,0.015969913064421564,5.439025650398884,-0.2336592678833779,0.5196756866449768,-5.332656824375459,2.627683671827121,3.1103555131914336,0.7458166298165092,-5.6040869275873115,2.6968402625079255,3.1103555131914336,0.06915659068080471,0.3532902873107431,0.0
15.750669416166232,0.0,0.0,3.1502802958524874,2.500000000000007,-0.06942285566975186,3.1502802958524874,0.01577003712211993,5.454995563463306,-0.21071090810601334,0.47608051847872845,-5.3078747848879235,2.6145070018554093,3.1502802958524874,0.7008156184537264,-5.582316049724791,2.6851594242917125,3.1502802958524874,0.07065242243630321,0.35471660943072847,0.0
15.800918382894682,0.0,0.0,3.1897053886577873,2.499999999999993,-0.062242105393266606,3.1897053886577873,0.01557748326686821,5.470765600585426,-0.18885638515831063,0.43281766390235843,-5.282104687780156,2.6013865181890363,3.1897053886577873,0.6560591446907555,-5.560046664675826,2.674625795344428,3.1897053886577873,0.07323927715539158,0.35649474226876005,0.0
15.851091743322634,0.0,0.0,3.2286490968249577,2.5000000000000036,-0.05579576268834129,3.2286490968249577,0.015391815073375859,5.486343083852294,-0.16925374361344622,0.39002290159165875,-5.256265183433823,2.5980180031340607,3.2286490968249577,0.6115272713728508,-5.5373313777985524,2.6651846937732544,3.2286490968249577,0.06716669063919367,0.35785806047486907,0.0
15.901133071957364,0.0,0.0,3.2671286345083974,2.500000000000011,-0.05025030229222296,3.2671286345083974,0.015212631688462895,5.50173489892567,-0.15240194126122344,0.34716038552238526,-5.230342066646252,2.5958457705969358,3.2671286345083974,0.56720047429535,-5.514218378996033,2.6567235459893634,3.2671286345083974,0.06087777539242767,0.3591704350033903,0.0
15.951216656364434,0.0,0.0,3.305160213729555,2.4999999999999942,-0.04547912530900336,3.305160213729555,0.01503956418785112,5.516947530614133,-0.1379106268731822,0.30440603027856517,-5.204272750765234,2.5908524254021312,3.305160213729555,0.5230609098237303,-5.490749733481942,2.6491048350525577,3.305160213729555,0.05825240965042644,0.36038731661280676,0.0
16.001282693821796,0.0,0.0,3.3427591241991825,2.5000000000000075,-0.04115972688439448,3.3427591241991825,0.014872272378880558,5.531987094801984,-0.12479692685117276,0.26183410147954866,-5.177941134610946,2.5792441300224676,3.3427591241991825,0.47909278679748296,-5.466961399761499,2.64221055803374,3.3427591241991825,0.0629664280112725,0.36157163884045596,0.0
16.051445363437587,0.0,0.0,3.379939805146384,2.499999999999977,-0.03699349809615839,3.379939805146384,0.01471044198604701,5.546859367180865,-0.11215267506911919,0.2195302643421213,-5.1507818351941435,2.565983795167896,3.379939805146384,0.4352818008100649,-5.442884855916504,2.635971846744288,3.379939805146384,0.06998805157639199,0.36314308502765996,0.0
16.101709621360765,0.0,0.0,3.416715910111501,2.4999999999999942,-0.03289491400740588,3.416715910111501,0.01455378216634159,5.561569809166912,-0.09971752748649074,0.1775046472830173,-5.123218875399673,2.5628918380867236,3.416715910111501,0.3916141660057306,-5.418549250588826,2.63036523304193,3.416715910111501,0.06747339495520643,0.36477790025855117,0.0
16.151823230211136,0.0,0.0,3.453100365527355,2.4999999999999996,-0.02898977550569964,3.453100365527355,0.014402023309669333,5.576123591333253,-0.08787242214402752,0.1356226508077647,-5.095963885953035,2.563990422654396,3.453100365527355,0.3480760072845848,-5.3939827261603766,2.6253802636185393,3.453100365527355,0.06138984096414335,0.36599406798033757,0.0
16.201803326278664,0.0,0.0,3.4891054238015284,2.500000000000005,-0.025419691084306258,3.4891054238015284,0.014254915086479131,5.590525614642923,-0.0770459623278903,0.09376056939200161,-5.068638939252205,2.563847779366778,3.4891054238015284,0.30465350657230755,-5.3692123209212586,2.6209874417286603,3.4891054238015284,0.05713966236188206,0.3671786877264353,0.0
16.25177298887615,0.0,0.0,3.5247427115177263,2.500000000000008,-0.022143308524104486,3.5247427115177263,0.014112224710425057,5.6047805297294016,-0.06711190418645993,0.05190383939049781,-5.041383401021995,2.5569930716291016,3.5247427115177263,0.26133347524988937,-5.344263125356435,2.6171358443607624,3.5247427115177263,0.0601427727316608,0.36823484325781003,0.0
16.301845220459732,0.0,0.0,3.560023273293789,2.500000000000019,-0.018919151856417342,3.560023273293789,0.013973735388617995,5.618892754439827,-0.05733760439641048,0.010246783807030369,-5.013372664542345,2.5475530793687122,3.560023273293789,0.21810361772740952,-5.319157993669017,2.613780859547683,3.560023273293789,0.0662277801789708,0.3697419788399893,0.0
16.352033700486093,0.0,0.0,3.5949576117653343,2.5000000000000053,-0.015470573769504632,3.5949576117653343,0.013839244935989441,5.632866489828444,-0.046884267039709,-0.03127718668153001,-4.985201099440179,2.549195759402334,3.5949576117653343,0.1749520575894261,-5.293918506566151,2.6109145008248866,3.5949576117653343,0.061718741422552625,0.37126397435672803,0.0
16.402063766828626,0.0,0.0,3.629555724105308,2.4999999999999933,-0.011683895622494944,3.629555724105308,0.0137085645336159,5.646705734764434,-0.03540735551828283,-0.07276357805011457,-4.957503979420011,2.549564327554539,3.629555724105308,0.1318663896130062,-5.268566689400211,2.6085707138947236,3.629555724105308,0.0590063863401844,0.37233510874753095,0.0
16.452055509460884,0.0,0.0,3.6638271354393477,2.49999999999999,-0.007695384892658678,3.6638271354393477,0.01358151761365468,5.66041429929805,-0.023319808486236153,-0.11424453148455527,-4.929405785819988,2.54511475766658,3.6638271354393477,0.08883295508009165,-5.243126299811061,2.606800668155817,3.6638271354393477,0.061685910489237106,0.3737124916941328,0.0
16.50210176873159,0.0,0.0,3.6977809294734842,2.4999999999999987,-0.003792694272658017,3.6977809294734842,0.013457938855910541,5.673995816911704,-0.011493068054961534,-0.155572042530423,-4.901278802867381,2.5417453691039333,3.6977809294734842,0.045836907972996305,-5.217622766472075,2.6056348898298456,3.6977809294734842,0.06388952072591225,0.375018757733552,0.0
16.552136853974346,0.0,0.0,3.7314257766132606,2.4999999999999916,-0.0001606780554176332,3.7314257766132606,0.01333767328306128,5.687453755767614,-0.0004869032024254498,-0.19684463523026352,-4.87291453090279,2.5405012749755027,3.7314257766132606,0.002863067544996406,-5.192081828103159,2.605060340958859,3.7314257766132606,0.06455906598335615,0.37649824720702285,0.0
16.602204988972087,0.0,0.0,3.7647699598209137,2.500000000000006,0.0033728220561625886,3.7647699598209137,0.013220575443279226,5.700791429050676,0.010220711654187198,-0.23815631544717064,-4.844647447282114,2.5478412713249585,3.7647699598209137,-0.04010312344515773,-5.166528022235565,2.60503600022722,3.7647699598209137,0.05719472890226163,0.37793143742556073,0.0
16.652111708325283,0.0,0.0,3.797821398429112,2.4999999999999805,0.007376387469523964,3.797821398429112,0.01310650867044362,5.714012004493955,0.022353094721823608,-0.27957477575561995,-4.817071479453844,2.552378442597684,3.797821398429112,-0.08307552996230336,-5.140984671116332,2.6055469428505047,3.797821398429112,0.05316850025282083,0.37885578962228067,0.0
16.701979538971067,0.0,0.0,3.8305876701052206,2.4999999999999853,0.012544118095811345,3.8305876701052206,0.012995344413386688,5.727118513164399,0.03801447302031843,-0.321074310654188,-4.7892235516764,2.5491229044240926,3.8305876701052206,-0.12606871778485496,-5.115476317515133,2.6066643942807115,3.8305876701052206,0.05754148985661889,0.380089526911415,0.0
16.751963524817768,0.0,0.0,3.863076031138687,2.4999999999999827,0.019270500508175383,3.863076031138687,0.012886961626686944,5.740113857577786,0.058402685586089464,-0.36250461363290754,-4.761248210522874,2.5426201536097937,3.863076031138687,-0.16910034234128282,-5.090032868484843,2.6085647721824627,3.863076031138687,0.06594461857266909,0.3814506042268296,0.0
16.80205819924547,0.0,0.0,3.8952934352054043,-3.10491529842796,0.027386957754910395,3.8952934352054043,0.012899990652326278,5.753000819204472,0.08301153625515899,-0.4038222317086051,-4.732737383588612,2.543678386551731,3.8952934352054043,-0.21219315152283735,-5.064693204235841,2.6114843752776156,3.8952934352054043,0.06780598872588461,0.3832967143538002,0.0
16.852106364549876,0.0,0.0,3.8552400568794187,-4.0000000000000195,0.036232374631885556,3.8552400568794187,0.013055423849202046,5.765900809856799,0.10984314565964269,-0.4452353832154312,-4.704902002437221,2.552396425957377,3.8552400568794187,-0.25537524409147255,-5.039506027785562,2.615634197083784,3.8552400568794187,0.06323777112640716,0.38471642310600945,0.0
16.90199358552655,0.0,0.0,3.8030183614826103,-4.000000000000016,0.044961910043252014,3.8030183614826103,0.013237209885758107,5.778956233706001,0.1363400984733953,-0.48677346537133737,-4.677293428995407,2.559207356716467,3.8030183614826103,-0.2986782256754957,-5.014527315474035,2.621125355321302,3.8030183614826103,0.061917998604835045,0.3861431255191734,0.0
16.951858399340505,0.0,0.0,3.7500695219395777,-4.000000000000003,0.05292013887356591,3.7500695219395777,0.013426807915490216,5.792193443591759,0.16051392712591744,-0.5285248880770324,-4.650048953235642,2.5735245950705967,3.7500695219395777,-0.34213406248400957,-4.989815554409151,2.6279411202044014,3.7500695219395777,0.05441652513380468,0.3875343638159673,0.0
17.001569675701507,0.0,0.0,3.6963622902776168,-4.000000000000008,0.059928987854546624,3.6963622902776168,0.013624794018644887,5.805620251507249,0.18182071433703187,-0.5705809049319379,-4.623803644325292,2.5844505867145964,3.6963622902776168,-0.3857720300282132,-4.965426931216567,2.6359653566543018,3.6963622902776168,0.051514769939705385,0.38840802050109446,0.0
17.051351750006436,0.0,0.0,3.641863114203037,-4.000000000000002,0.06630574864602229,3.641863114203037,0.013831805564886274,5.819245045525894,0.20122148440137022,-0.6130319249526477,-4.597403151817974,2.584503550532192,3.641863114203037,-0.4296170529647448,-4.941412616321822,2.6450547386752503,3.641863114203037,0.060551188143058265,0.38985064695927185,0.0
17.10135446529387,0.0,0.0,3.586535891943492,-3.999999999999992,0.0725777637840947,3.586535891943492,0.01404854986082374,5.83307685109078,0.22031960027752023,-0.6554652891495958,-4.570929005220583,2.594232543903527,3.586535891943492,-0.4736899492847725,-4.9178191999050185,2.6551139827455166,3.586535891943492,0.0608814388419896,0.3916313079302749,0.0
17.151227700264126,0.0,0.0,3.530341692500197,-3.9999999999999947,0.07915747575562959,3.530341692500197,0.014275814337254463,5.847125400951604,0.2403734008752159,-0.6982055739613342,-4.545491613792802,2.6117739664561994,3.530341692500197,-0.5180089520125267,-4.894691482871631,2.6661279589083917,3.530341692500197,0.0543539924521923,0.39295212319878453,0.0
17.20095627548358,0.0,0.0,3.4732384351511794,-3.9999999999999867,0.08618722551760277,3.4732384351511794,0.01451447861100335,5.861401215288858,0.2618220240201517,-0.7412867365634637,-4.520665659358845,2.6249276134683432,3.4732384351511794,-0.5625912886143731,-4.872075653185024,2.6781444427078087,3.4732384351511794,0.05321682923946547,0.39423476112418254,0.0
17.250671384080245,0.0,0.0,3.415180520707166,-3.9999999999999982,0.09345519640976586,3.415180520707166,0.01476552884320604,5.875915693899861,0.2840249260167534,-0.7846573066929683,-4.496374753156042,2.632821298405978,3.415180520707166,-0.6074539426191754,-4.850021239602834,2.691233162584939,3.415180520707166,0.058411864178960826,0.39555893317586777,0.0
17.300478718137732,0.0,0.0,3.356118405334342,-4.000000000000005,0.10033394577954782,3.356118405334342,0.015030074929360905,5.890681222743067,0.305066639477352,-0.8282845739308868,-4.472142897720129,2.6460216836346544,3.356118405334342,-0.6526132583737436,-4.828580978987873,2.705431825622047,3.356118405334342,0.059410141987392695,0.39737704625130005,0.0
17.350256444899273,0.0,0.0,3.2959981056168983,-3.4850512249460324,0.10592041561994948,3.2959981056168983,0.015290761260214841,5.905711297672428,0.3221767064731072,-0.8722359741020278,-4.449032749173954,2.6677722523884344,3.2959981056168983,-0.6980833080040505,-4.807807998716879,2.720682382953577,3.2959981056168983,0.05291013056514249,0.39880926618324963,0.0
17.399908946518895,0.0,0.0,3.2427090193566293,-0.9892243362050547,0.10940281158315372,3.2427090193566293,0.015452824423104658,5.921002058932643,0.33285270087365376,-0.9166493017337223,-4.426831105119559,2.6842175741763095,3.2427090193566293,-0.7438733883989591,-4.7877504546243586,2.7367882880153998,3.2427090193566293,0.05257071383909029,0.40014284084015433,0.0
17.449729864456348,0.0,0.0,3.2274227093741903,1.0105677881504356,0.11043322697127327,3.2274227093741903,0.015452038647920822,5.936454883355748,0.3360132035990222,-0.9616360977424998,-4.405031461129289,2.6974956367962384,3.2274227093741903,-0.789985680582597,-4.768445289229345,2.7534278956969374,3.2274227093741903,0.05593225890069897,0.401912274216036,0.0
17.499640544962457,0.0,0.0,3.2430380418930347,1.9658306036242779,0.10938079042375447,3.2430380418930347,0.015343484645595373,5.951906922003669,0.33278516513525075,-1.0067878902670993,-4.383943589785342,2.722696501349623,3.2430380418930347,-0.8364142586449573,-4.749913723179641,2.7702254997693365,3.2430380418930347,0.047528998419713364,0.4036846701185944,0.0
17.549363553416715,0.0,0.0,3.2732007335755853,1.3775886803918902,0.10738971496569596,3.2732007335755853,0.015224016649339811,5.967250406649264,0.3266801638019191,-1.0524838618052896,-4.364581565656495,2.7497996838845284,3.2732007335755853,-0.8831461362349226,-4.732160849024801,2.7868617312782047,3.2732007335755853,0.037062047393676245,0.40470951911575076,0.0
17.59899381208592,0.0,0.0,3.2941731665818135,-3.2421328403130194,0.10603692834539351,3.2941731665818135,0.01529060920800041,5.982474423298604,0.32253377070628536,-1.0985270319574085,-4.346041344677518,2.7556620022894505,3.2941731665818135,-0.9301643035557859,-4.715180655809815,2.8031927682466193,3.2941731665818135,0.047530765957168875,0.4057213814159477,0.0
17.648800584425317,0.0,0.0,3.2445989803201627,-3.9999999999999876,0.10663631890655059,3.2445989803201627,0.015556597457585357,5.997765032506605,0.3243707997857084,-1.1447706825230781,-4.327084885733102,2.7634600265878584,3.2445989803201627,-0.9774518258659526,-4.69896564264209,2.81931652327253,3.2445989803201627,0.05585649668467152,0.4077878089794366,0.0
17.698689475939208,0.0,0.0,3.1823725904898215,-4.000000000000001,0.10968776852344435,3.1823725904898215,0.0158669109571774,6.0133216299641905,0.33372665244348476,-1.1912560796437535,-4.30920481795304,2.77998145597652,3.1823725904898215,-1.0249953405772698,-4.683517341549349,2.8355321130442634,3.1823725904898215,0.055550657067743536,0.4095759986571123,0.0
17.74850243071652,0.0,0.0,3.118904946661112,-4.000000000000015,0.11483339290034494,3.118904946661112,0.016196570087359023,6.029188540921368,0.34951765991452144,-1.2379535878199142,-4.291839063072436,2.787244362106206,3.118904946661112,-1.0727864970218661,-4.668853168940584,2.8522154103555275,3.118904946661112,0.06497104824932132,0.4116063700992123,0.0
17.798404452064666,0.0,0.0,3.0541186663116755,-4.0,0.12121677582831875,3.0541186663116755,0.016547672588117956,6.045385111008727,0.3691332907761328,-1.2848595783436672,-4.274574889139098,2.809621795423315,3.0541186663116755,-1.1208210528985245,-4.655007288032747,2.86968811441796,3.0541186663116755,0.060066318994644874,0.4142915011899153,0.0
17.848222112934423,0.0,0.0,2.9879279759592037,-3.9999999999999902,0.1279810965989551,2.9879279759592037,0.016922649179141033,6.061932783596845,0.38995286687093866,-1.3321490066873831,-4.259367222925661,2.8452007985693437,2.9879279759592037,-1.1690964887242317,-4.642026458545722,2.8881414216153716,2.9879279759592037,0.04294062304602786,0.4159497736740013,0.0
17.89790393080114,0.0,0.0,2.9202373792426397,-3.8705284712588077,0.13462043764583634,2.9202373792426397,0.0173175250989055,6.078855432775986,0.4104230401524888,-1.3798906165503175,-4.245553623082431,2.8598978031469584,2.9202373792426397,-1.217609434959569,-4.629963894179706,2.907635518259299,2.9202373792426397,0.047737715112340595,0.41726063608201786,0.0
17.94773407293623,0.0,0.0,2.853209405295587,-3.2543086474427034,0.1409372456744668,2.853209405295587,0.01769959561708521,6.0961729578748916,0.4299329695805358,-1.427881248294911,-4.2316632488856145,2.8712825452570994,2.853209405295587,-1.2663538948149515,-4.618874236081217,2.928152937386968,2.853209405295587,0.05687039212986855,0.41955146826966605,0.0
17.99763118437449,0.0,0.0,2.7956094582226676,-2.539188179273291,0.1467225301561765,2.7956094582226676,0.018029558902214218,6.1138725534919764,0.4478319165491837,-1.4760611250165505,-4.218905542084437,2.8924014553719126,2.7956094582226676,-1.315320440145579,-4.608810847444895,2.9496456755393137,2.7956094582226676,0.05724422016740105,0.421738917958754,0.0
18.04747855144494,0.0,0.0,2.7498290153806537,-1.7285615544600192,0.15157469475510912,2.7498290153806537,0.01828472259327106,6.131902112394191,0.462867474270632,-1.5244966319789142,-4.2070765115864805,2.9133269948478584,2.7498290153806537,-1.3644958943765313,-4.599824141710126,2.972033198245575,2.7498290153806537,0.058706203397716816,0.4240883598980837,0.0
18.09733657657178,0.0,0.0,2.718222746871959,-0.9628058683000217,0.15506414288787493,2.718222746871959,0.018451320472775184,6.150186834987462,0.47369408249257117,-1.5731905729621964,-4.196340945478923,2.945037500623199,2.718222746871959,-1.413863087984707,-4.591959076470999,2.995172362086493,2.718222746871959,0.050134861463293934,0.4264961348463969,0.0
18.14715161416405,0.0,0.0,2.7004577072428866,-0.44477003997629627,0.15707775062027887,2.7004577072428866,0.018540319315789117,6.168638155460237,0.4799470031916904,-1.6222083446852225,-4.187619557012968,2.9761584054683285,2.7004577072428866,-1.4634008055086356,-4.585251742880295,3.018852757868332,2.7004577072428866,0.04269435240000341,0.42817191610024047,0.0
18.1969887405462,0.0,0.0,2.6922115286796298,-0.2995486962079226,0.15802555817572547,2.6922115286796298,0.018587935235133114,6.187178474776026,0.48289163800990365,-1.6715039667820548,-4.179926523169767,2.997653195164658,2.6922115286796298,-1.5130842849885267,-4.579727021549882,3.0428457428135576,2.6922115286796298,0.045192547648899684,0.4300432932677255,0.0
18.24688733206676,0.0,0.0,2.6866435369147483,-0.42602553732567133,0.1586703159611045,2.6866435369147483,0.018634728969676634,6.205766410011159,0.48489527026825324,-1.7209734840997577,-4.173304356023452,3.0188366664088404,2.6866435369147483,-1.5628863104640427,-4.575399497758122,3.066985932717649,2.6866435369147483,0.04814926630880878,0.432055618496916,0.0
18.29680363303826,0.0,0.0,2.6787046664925236,-0.4759388116389354,0.15959634425979516,2.6787046664925236,0.01869338643277799,6.224401138980835,0.4877736951836762,-1.7705853224597252,-4.167702229006762,3.0399932672307814,2.6787046664925236,-1.6127784290347318,-4.572277847735415,3.0912262860112203,2.6787046664925236,0.051233018780438844,0.434263107899024,0.0
18.346732557709764,0.0,0.0,2.6698077583682,-0.04221979912935974,0.16064362201696858,2.6698077583682,0.018727306540261827,6.243094525413613,0.49103004092023705,-1.820316388533661,-4.163176305172099,3.061984882675134,2.6698077583682,-1.662731675470241,-4.570369993511024,3.11561053437071,2.6698077583682,0.05362565169557598,0.436622997120328,0.0
18.396671552566502,0.0,0.0,2.669017095247836,1.0993907113875063,0.16073718278054672,2.669017095247836,0.018658380497355957,6.261821831953875,0.49132100709694404,-1.8701469960322263,-4.159759560396747,3.0840323214733423,2.669017095247836,-1.7127166280889365,-4.569684726803152,3.14015757039991,2.669017095247836,0.05612524892656756,0.43911611540010553,0.0
18.44662294438603,0.0,0.0,2.689529945456163,2.500000000000011,0.15833559467241484,2.689529945456163,0.01842937373229559,6.280480212451231,0.4838550477398844,-1.9200537193182619,-4.157429042624194,3.1143341646768903,2.689529945456163,-1.762703336202462,-4.570226889264587,3.164719152091549,2.689529945456163,0.05038498741465869,0.44177053461908733,0.0
18.4965797156616,0.0,0.0,2.735603379786902,2.5,0.1522873905431591,2.735603379786902,0.01812408267929282,6.298909586183527,0.46507778797286436,-1.9700234217408243,-4.157036405462902,-3.1396057250320277,2.735603379786902,-1.8126620194475935,-4.571987195679182,3.1889075037197347,2.735603379786902,0.04532792157217713,0.44378685112653726,0.0
18.546558864853164,0.0,0.0,2.780913586485134,2.499999999999989,0.14255035418973544,2.780913586485134,0.01783347883622931,6.31703366886282,0.43492071940538335,-2.0200118203895134,-4.157627652491156,-3.110972198885935,2.780913586485134,-1.8625649939921265,-4.574931871598744,3.212157163142517,2.780913586485134,0.03994405484886698,0.44601828934204313,0.0
18.596559139688217,0.0,0.0,2.8254972835757073,2.500000000000006,0.13031984032059735,2.8254972835757073,0.01755642101968884,6.334867147699049,0.3971595113000014,-2.0699770942038183,-4.16009798928235,-3.0836042680505438,2.8254972835757073,-1.9123892453822682,-4.578998330090784,3.233899243421519,2.8254972835757073,0.034318204292477006,0.4475616444978573,0.0
18.646579778082852,0.0,0.0,2.8693883361249295,2.5000000000000075,0.11751695648924385,2.8693883361249295,0.01729188845463691,6.352423568718738,0.3577604261743926,-2.119884942264629,-4.163425633911084,-3.067337257745386,2.8693883361249295,-1.9621183147272716,-4.584100106934005,3.2537536067410215,2.8693883361249295,0.037905557306821436,0.4492853447616823,0.0
18.69659922466622,0.0,0.0,2.912618057261522,2.5000000000000013,0.10592018059430056,2.912618057261522,0.017038964916362066,6.369715457173375,0.32217598622378874,-2.1697403136580076,-4.167519592219705,-3.0610306527657434,2.912618057261522,-2.0117424221597697,-4.590139304484677,3.2716383741468333,2.912618057261522,0.04948371973299004,0.4511881591008534,0.0
18.74660354667267,0.0,0.0,2.955215469552427,2.4999999999999893,0.09636366647428497,2.955215469552427,0.016796825352745764,6.386754422089737,0.2929183479664118,-2.2195692219182335,-4.171473818006998,-3.0544922338690372,2.955215469552427,-2.0612568546421834,-4.597020984114153,3.287744243202741,2.955215469552427,0.059051169892192945,0.45404096314581344,0.0
18.796607131017534,0.0,0.0,2.9972075329342913,2.5000000000000018,0.08844860359788893,2.9972075329342913,0.016564724541017196,6.403551247442483,0.26872720215536794,-2.2693683707672987,-4.176219248877522,-3.0397866581134485,2.9972075329342913,-2.1106597291468594,-4.604663097427878,3.302387496449874,2.9972075329342913,0.05898884738373589,0.45689447828316476,0.0
18.846630343001074,0.0,0.0,3.0386193442868343,2.49999999999999,0.08100644107334022,3.0386193442868343,0.016341987423140015,6.4201159719835,0.2460124141352892,-2.3190976299148445,-4.181641558673472,-3.018005242941187,3.0386193442868343,-2.1599505243357227,-4.612997993140927,3.3158214124297833,3.0386193442868343,0.050641348191383884,0.4597783974597849,0.0
18.896681633916522,0.0,0.0,3.079474312844684,2.5000000000000133,0.07304055303746058,3.079474312844684,0.016128000833920013,6.43645795940664,0.22172945265451074,-2.3687074493303526,-4.188559198612195,-2.9985757255068606,3.079474312844684,-2.2091300646586367,-4.6219663751613185,3.3281197956042465,3.079474312844684,0.04351021393152088,0.46185140725448487,0.0
18.94674142567364,0.0,0.0,3.1197943149294844,2.4999999999999853,0.0644846924948694,3.1197943149294844,0.01592220639068201,6.45258596024056,0.19567946400633562,-2.4181950424322705,-4.195911591449008,-2.9979986270902073,3.1197943149294844,-2.258201451173404,-4.631509121077129,3.339204251563081,3.1197943149294844,0.05401757147370212,0.46405081301731527,0.0
18.996736787090647,0.0,0.0,3.1595998309061892,2.4999999999999933,0.05634773466350563,3.1595998309061892,0.015724094356532034,6.468508166631242,0.17093165590393247,-2.4676690756766404,-4.202867977867151,-2.9876245251884326,3.1595998309061892,-2.307170661584723,-4.641563327419643,3.348986445019384,3.1595998309061892,0.053425663028230375,0.4671331187627394,0.0
19.04676454188783,0.0,0.0,3.198910066797519,2.4999999999999862,0.050322863994864006,3.198910066797519,0.01553319832347375,6.484232260987774,0.15262238217686325,-2.5170669258839524,-4.211256156053609,-2.969700034114669,3.198910066797519,-2.3560457306268887,-4.65206585005882,3.3575314731568504,3.198910066797519,0.04404620009193394,0.46929842493980467,0.0
19.096831380189563,0.0,0.0,3.2377430626062034,2.4999999999999925,0.04806022640745024,3.2377430626062034,0.015349090588994632,6.499765459311248,0.14574928352363795,-2.5663270626724213,-4.219995581087335,-2.971505747915221,3.2377430626062034,-2.404834294459648,-4.662963302885768,3.365161204134484,3.2377430626062034,0.05348164487011786,0.4714873452599965,0.0
19.146818079392453,0.0,0.0,3.27611578907869,2.4999999999999916,0.05029786629317589,3.27611578907869,0.015171378121698227,6.515114549900242,0.1525464395068212,-2.615597714177289,-4.228178453388627,-2.982138419856002,3.27611578907869,-2.4535402401317667,-4.674224313610021,3.3724473426916686,3.27611578907869,0.07140045536808515,0.4745730020920478,0.0
19.19676408628244,0.0,0.0,3.3140442343829353,2.5000000000000178,0.05630716157278704,3.3140442343829353,0.01499969902929255,6.53028592802194,0.1708083162280241,-2.6649518550407896,-4.235856373857984,-2.974604922035925,3.3140442343829353,-2.5021608599731144,-4.685848158813897,3.3800732772265136,3.3140442343829353,0.07149289208285303,0.4785326682713865,0.0
19.246785022195574,0.0,0.0,3.351543481956167,2.499999999999994,0.06408766740412307,3.351543481956167,0.014833719456640575,6.545285627051233,0.1944713718305895,-2.714247995294353,-4.244806687029891,-2.9582562270535684,3.351543481956167,-2.550685914384919,-4.6978645839075766,3.3886121395019835,3.351543481956167,0.06368305937596475,0.48167832859145276,0.0
19.296831062767247,0.0,0.0,3.3886277805977683,2.500000000000002,0.07113327526995263,3.3886277805977683,0.014673130853323876,6.560119346507873,0.21591968293260994,-2.763366482880426,-4.254104270580411,-2.948567307963303,3.3886277805977683,-2.5990991902247633,-4.710323540583563,3.39833393933734,3.3886277805977683,0.06371594012105675,0.48489149895479644,0.0
19.346833426566555,0.0,0.0,3.425310607731078,2.499999999999993,0.07525033774697502,3.425310607731078,0.014517647559798738,6.574792477361197,0.2284627214044629,-2.8123954729495333,-4.263990486757786,-2.932526967177632,3.425310607731078,-2.647382074079238,-4.723278440215957,3.4091279596511015,3.425310607731078,0.058469619649146765,0.48803160348334207,0.0
19.396893101685833,0.0,0.0,3.4616047266305747,2.5000000000000098,0.07517709815797638,3.4616047266305747,0.014367004669153026,6.5893101249209955,0.22823952297851174,-2.8613057597710156,-4.274883643389521,-2.9182541446280212,3.4616047266305747,-2.6955180574195845,-4.736768825853979,3.4205490178070024,3.4616047266305747,0.05561785525543783,0.4907376937134459,0.0
19.446947831352475,0.0,0.0,3.4975222383034574,2.5000000000000075,0.07092922350729092,3.4975222383034574,0.014220956128030295,6.603677129590149,0.2152982139421149,-2.9100185587541643,-4.286163374841752,-2.897780891701669,3.4975222383034574,-2.74349690905524,-4.750807816046038,3.43195891807164,3.4975222383034574,0.046554502593721736,0.49358273527393026,0.0
19.49705096102701,0.0,0.0,3.5330746286235333,2.499999999999987,0.06369215905686357,3.5330746286235333,0.014079273045734447,6.617898085718179,0.19326795610378766,-2.9585484044399744,-4.299073775065878,-2.8880544546739477,3.5330746286235333,-2.791317201748077,-4.765377855308934,3.4427218705882616,3.5330746286235333,0.047591018082624004,0.49538446726265106,0.0
19.547146154047194,0.0,0.0,3.568272811237869,2.499999999999985,0.05525243277013741,3.568272811237869,0.013941742185070268,6.631977358763913,0.1676022029283719,-3.007005957770879,-4.311294190325744,-2.8843751594519773,3.568272811237869,-2.8389862545571787,-4.780435495437736,3.4523835105825853,3.568272811237869,0.05357336285497638,0.4983213670215268,0.0
19.59717238776022,0.0,0.0,3.6031271667005447,2.5000000000000195,0.047298463688833975,3.6031271667005447,0.013808164612276989,6.645919100948983,0.14343565590523533,-3.0553093021995092,-4.324526179722622,-2.8717429289470484,3.6031271667005447,-2.886517594214615,-4.795922512351456,3.4607620963533168,3.6031271667005447,0.0493197181207794,0.5007046465735787,0.0
19.647255868443732,0.0,0.0,3.6376475782312374,2.5000000000000155,0.04089460133142917,3.6376475782312374,0.013678354486606197,6.659727265561259,0.12399216223725756,-3.1035479738322995,-4.337997360255541,-2.873178625995314,3.6376475782312374,-2.9339271314156306,-4.811778603833594,3.467932574572489,3.6376475782312374,0.057925893388215854,0.5032294674882497,0.0
19.69727363044469,0.0,0.0,3.671843464447753,2.500000000000019,0.036220817489440976,3.671843464447753,0.013552137972788078,6.673405620047865,0.10980807801440522,-3.1517628254629435,-4.35105585956255,-2.8708177751382755,3.671843464447753,-2.981229646124028,-4.827951255540958,3.4741310549507407,3.671843464447753,0.061763522909430435,0.5064689368172952,0.0
19.74727327209399,0.0,0.0,3.7057238093797236,2.499999999999998,0.03266699896189451,3.7057238093797236,0.013429352261908013,6.686957758020653,0.09902613313028949,-3.1999036755049137,-4.364744984737191,-2.862422463822629,3.7057238093797236,-3.0284368578934715,-4.844400068383584,3.479620460124944,3.7057238093797236,0.05885761676798751,0.5093818497057232,0.0
19.797313739037175,0.0,0.0,3.7392971900344936,2.5000000000000115,0.029288614746812144,3.7392971900344936,0.013309844688148626,6.700387110282561,0.08877876495997557,-3.247969068962313,-4.378633967534396,-2.8579853504108184,3.7392971900344936,-3.0755575767152394,-4.86109507711668,3.484570866118895,3.7392971900344936,0.05937090935012712,0.5123421170645948,0.0
19.847344166650394,0.0,0.0,3.7725718017548653,2.4999999999999782,0.025334979141550786,3.7725718017548653,0.013193471930498227,6.713696954970709,0.07678909408091235,-3.2959673285981084,-4.392744079419632,-2.85356204973023,3.7725718017548653,-3.122599415221483,-4.8780111017817696,3.4890089969062013,3.7725718017548653,0.05938573945684489,0.5153062355345414,0.0
19.897372094876786,0.0,0.0,3.8055554815811106,2.4999999999999982,0.020527743392168656,3.8055554815811106,0.013080099289931733,6.726890426901208,0.0622140220046693,-3.343903141425339,-4.407056285370189,-2.8472185273827098,3.8055554815811106,-3.1695708547885535,-4.895121664563036,3.4928477531980184,3.8055554815811106,0.0568809734011424,0.5182659168136261,0.0
19.94739689704485,0.0,0.0,3.83825572980594,2.499999999999998,0.01505979103021059,3.83825572980594,0.01296960003377362,6.739970526191139,0.04563918072782342,-3.3917131912865672,-4.421772567252415,-2.836005068202734,3.83825572980594,-3.2164825711355425,-4.912395327102435,3.4959578884492304,3.83825572980594,0.048777649472377504,0.5209764512157564,0.0
19.997484662170812,0.0,0.0,3.870679729890374,2.500000000000013,0.009392977799813372,3.870679729890374,0.01286185479998576,6.752940126224913,0.028464406214781048,-3.4394375734239073,-4.437194453263487,-2.840285224822683,3.870679729890374,-3.263347558772841,-4.929795396421512,3.498239432388109,3.870679729890374,0.055339350031205825,0.5231284569395824,0.0
20.04748779120302,0.0,0.0,3.9028343668903385,2.4999999999999907,0.003911221406020711,3.9028343668903385,0.012756751055012797,6.765801981024898,0.011852246516096654,-3.4872140975312576,-4.451451323265559,-2.850086711218308,3.9028343668903385,-3.3101802429170792,-4.947282243959003,3.4996623938093587,3.9028343668903385,0.06656379784807953,0.5264876898800791,0.0
20.097407875429507,0.0,0.0,3.9347262445278703,2.4999999999999862,-0.0013756700890520293,3.9347262445278703,0.012654182599585864,6.778558732079911,-0.004168699869262573,-3.535065700976503,-4.465888014518754,-2.8478165958465493,3.9347262445278703,-3.3569952844764557,-4.964816278672266,3.500254898336602,3.9347262445278703,0.06488618700356596,0.5297532312348239,0.0
20.14738806698965,0.0,0.0,3.966361701026835,2.4999999999999925,-0.0068307116182629085,3.966361701026835,0.012554049117550153,6.791212914679496,-0.020699448052851614,-3.582891905382578,-4.4803967076700175,-2.8402955800815737,3.966361701026835,-3.4038069582958457,-4.9823593042900685,3.5000465012583013,3.966361701026835,0.05715677416028875,0.5329520303729048,0.0
20.197428661749036,0.0,0.0,3.99774682382071,0.18023611198677533,-0.012939171031931996,3.99774682382071,0.012501247138837577,6.803766963797046,-0.039211797519873935,-3.630638470517499,-4.495588018184581,-2.837617740260968,3.99774682382071,-3.450629525646732,-4.999873228074163,3.4990117171212947,3.99774682382071,0.0534441502026759,0.5354500846454944,0.0
20.24745823178448,0.0,0.0,4.0,0.0,-0.02005807187175745,4.0,0.012497726199804497,6.816268210935884,-0.060790188689856146,-3.6783637619234844,-4.510345933375502,-2.8453234616276246,4.0,-3.497478262329793,-5.017317013030793,3.4970514838844724,4.0,0.05918963833251034,0.5382743162831662,0.0
20.297403454426483,0.0,0.0,4.0,-2.3574516055076256,-0.0282697937976205,4.0,0.012544095603368978,6.828765937135689,-0.08568887000642417,-3.726176925551931,-4.524751431370802,-2.8527932138362404,4.0,-3.5443704444717796,-5.034643636859342,3.4940125273489513,4.0,0.06362043400560502,0.5413350697864628,0.0
20.34733038050644,0.0,0.0,3.9704279016801967,-3.9999999999999947,-0.037289042837659075,3.9704279016801967,0.012671694264742923,6.841310032739058,-0.11304950178176511,-3.7740823153511847,-4.5387844692183,-2.853389721635091,3.9704279016801967,-3.591325732487211,-5.051798451591738,3.4897288632061074,3.9704279016801967,0.05993327766161194,0.544594633365745,0.0
20.397309210935667,0.0,0.0,3.919741124621225,-4.000000000000002,-0.046453593734024086,3.919741124621225,0.012837714798467507,6.8539817270038,-0.14086980980320427,-3.822011952991395,-4.553162370812712,-2.8564589460717653,3.919741124621225,-3.638365631662703,-5.068719793040674,3.4840774163249364,3.919741124621225,0.05735105521711503,0.5472891620998013,0.0
20.447277444467396,0.0,0.0,3.868390265427355,-4.0000000000000195,-0.05490267118367243,3.868390265427355,0.013010436974143882,6.866819441802268,-0.16653909761279748,-3.8699837527386625,-4.566895174583725,-2.8611887604671544,3.868390265427355,-3.6855119448479403,-5.085342229300139,3.4770352070739805,3.868390265427355,0.05503866036154825,0.5502882848567608,0.0
20.497235292408625,0.0,0.0,3.816348517530779,-4.000000000000011,-0.061923382910685956,3.816348517530779,0.013190324172845012,6.879829878776412,-0.1878868273088905,-3.9180253156552016,-4.5808134191412035,-2.87635416039113,3.816348517530779,-3.7327845500385,-5.101601901055,3.4687097668998716,3.816348517530779,0.06187862011141476,0.5527520096212573,0.0
20.547118297120935,0.0,0.0,3.763587220839399,-4.000000000000005,-0.06725374037928036,3.763587220839399,0.013377885912516521,6.893020202949256,-0.2041070359400053,-3.966260945797001,-4.593047779297605,-2.893200333364835,3.763587220839399,-3.7801993059851386,-5.117442138033655,3.4593171344028457,3.763587220839399,0.069332160588095,0.5564246375599053,0.0
20.596991102994288,0.0,0.0,3.710075677189333,-4.0,-0.07113724042311972,3.710075677189333,0.013573683927683766,6.906398088861773,-0.21593175955568875,-4.0147096264271225,-4.605335472751832,-2.9009016973853554,3.710075677189333,-3.827766955669307,-5.1328170391124734,3.4491136390003185,3.710075677189333,0.06683002920608772,0.5596287742783972,0.0
20.64697626584041,0.0,0.0,3.655780941478598,-4.000000000000002,-0.07415481945423134,3.655780941478598,0.01377833925800342,6.919971772789457,-0.22512437372618802,-4.063349476984876,-4.61687807788563,-2.916972714734836,3.655780941478598,-3.8754933780339984,-5.14769167869559,3.4383190149652423,3.655780941478598,0.07210642252049126,0.5630745889470398,0.0
20.69690501451282,0.0,0.0,3.600667584446584,-3.9999999999999987,-0.07699398913505545,3.600667584446584,0.013992540549679916,6.93375011204746,-0.2337772509015678,-4.112058586677616,-4.62757731876598,-2.923755976793659,3.600667584446584,-3.923380860556614,-5.162039263919725,3.427064843830313,3.600667584446584,0.06763551344438667,0.5667881924949713,0.0
20.74682337140286,0.0,0.0,3.5446974222478644,-3.9999999999999916,-0.08022054185578079,3.5446974222478644,0.014217053822909083,6.94774265259714,-0.24361535758805294,-4.1608267763233275,-4.638454582053111,-2.926410225071598,3.5446974222478644,-3.9714297426387217,-5.1758366204761685,3.4153781075362697,3.5446974222478644,0.05860302542828144,0.569781266441999,0.0
20.79678283316196,0.0,0.0,3.4878292069562282,-3.9999999999999942,-0.084105726117061,3.4878292069562282,0.014452734021515388,6.961959706420049,-0.25546849637912816,-4.209673125755124,-4.648912572167809,-2.9398773355366274,3.4878292069562282,-4.019639815429412,-5.189059651678196,3.403199555387458,3.4878292069562282,0.05989158374449843,0.5726006693472762,0.0
20.84672788950069,0.0,0.0,3.4300182708701668,-3.999999999999985,-0.08865465758394167,3.4300182708701668,0.014700538742336178,6.976412440441564,-0.26935653009750393,-4.258691552545746,-4.658467582469168,-2.9635757604597277,3.4300182708701668,-4.068011057956472,-5.201680249519484,3.39042845410577,3.4300182708701668,0.07081890738591134,0.5757074366904839,0.0
20.89662392743423,0.0,0.0,3.3712161159008223,-4.0,-0.09381430058132266,3.3712161159008223,0.014961544647884906,6.9911129791839,-0.28512271723973437,-4.307888166764932,-4.666583568894142,-2.9803917245260507,3.3712161159008223,-4.116543656914303,-5.213665225030659,3.376963077452618,3.3712161159008223,0.07416949479908297,0.5795783466720025,0.0
20.946524624635096,0.0,0.0,3.3113699373092826,-3.9999999999999982,-0.09956622165572317,3.3113699373092826,0.015236967205008008,7.006074523831785,-0.30271680580464777,-4.357199045986295,-4.674486073677464,-2.986321434329546,3.3113699373092826,-4.165237650399283,-5.224976425133506,3.362709534838992,3.3113699373092826,0.06584566198895203,0.5829998322829175,0.0
20.996461838297012,0.0,0.0,3.2504220684892506,-4.000000000000003,-0.10577341702674435,3.2504220684892506,0.015528184576710671,7.021311491036793,-0.3217262280432336,-4.406561067133272,-4.682028955459838,-2.992275878483179,3.2504220684892506,-4.214092528043428,-5.235570942405786,3.3475764478188883,3.2504220684892506,0.05666701912248051,0.5860485217551933,0.0
21.046428346384214,0.0,0.0,3.188309330182408,-3.999999999999991,-0.11202871954410981,3.188309330182408,0.015836766741186538,7.036839675613504,-0.34090834558834815,-4.4560201021935715,-4.689352363456447,-3.015130783154693,3.188309330182408,-4.263106749289506,-5.2454016495407325,3.3314930625813677,3.188309330182408,0.06343853855647552,0.5885629705337676,0.0
21.096359825090847,0.0,0.0,3.124962263217662,-3.680154849673849,-0.1177279264426321,3.124962263217662,0.016150880058517336,7.052676442354691,-0.35840865606897826,-4.505626553800052,-4.694624177363315,-3.0403812462538897,3.124962263217662,-4.312276999704876,-5.254419218222958,3.3144507459318016,3.124962263217662,0.0716466850061046,0.592245335853186,0.0
21.146274303000578,0.0,0.0,3.0655245236438087,-2.3643229691229877,-0.12229248898792734,3.0655245236438087,0.0164113180540191,7.068827322413208,-0.37244183252563984,-4.555338182960886,-4.699438951219463,-3.054851574109501,3.0655245236438087,-4.3615972924567785,-5.26257595925996,3.2965335729270415,3.0655245236438087,0.06819983985695544,0.5955323857508741,0.0
21.196217290513474,0.0,0.0,3.0267228674151085,-1.340318230885629,-0.12541551358676103,3.0267228674151085,0.01657735862587674,7.085238640467227,-0.38205222077908746,-4.605136992595462,-4.703277533798699,-3.075056169112362,3.0267228674151085,-4.411058301678879,-5.26983040160459,3.277914868734006,3.0267228674151085,0.06978573066678173,0.5988728498495934,0.0
21.246163862206206,0.0,0.0,3.004503931428917,-0.8374528670221204,-0.12725742887786762,3.004503931428917,0.016677417953514018,7.101815999093104,-0.38772382729763244,-4.655010289254912,-4.70608058673651,-3.0952610522032757,3.004503931428917,-4.460647280954709,-5.27615082323495,3.258815732536709,3.004503931428917,0.07089147756039793,0.6022931624523824,0.0
21.296118584420206,0.0,0.0,2.9905373799492203,-0.8913082771355284,-0.12843585242531422,2.9905373799492203,0.01675821262567358,7.118493417046618,-0.3913538169521746,-4.704939222534289,-4.707904842427872,-3.1151711699913074,2.9905373799492203,-4.510348661801304,-5.281515994768783,3.2394330675978846,2.9905373799492203,0.07141893040960667,0.6057187799765206,0.0
21.34608324478525,0.0,0.0,2.9756006463259603,-1.2655070949760145,-0.12971413660744066,2.9756006463259603,0.016860725789117143,7.135251629672291,-0.3952926649158753,-4.754904731944725,-4.708720560461517,-3.136820466493205,2.9756006463259603,-4.5601450760885935,-5.2859123541578565,3.219868936191818,2.9756006463259603,0.07350409550543624,0.6091647480440713,0.0
21.396057156711123,0.0,0.0,2.9542632782133875,-1.5691860211570319,-0.13157316546439068,2.9542632782133875,0.01699835238097736,7.1521123554614086,-0.4010233420428987,-4.8048859082938336,-4.708381810332792,3.1264538430528876,2.9542632782133875,-4.610018286732338,-5.289328799490999,3.200107898212179,2.9542632782133875,0.07365405515929124,0.6127583488986666,0.0
21.446044388063264,0.0,0.0,2.9275897012744565,-1.4936463962407476,-0.13395318697968842,2.9275897012744565,0.01715082665428326,7.169110707842386,-0.408364163377582,-4.854867738614946,-4.707207123822792,3.1155253778287064,2.9275897012744565,-4.659949591967447,-5.2917519421819295,3.1800603784978483,2.9275897012744565,0.06453500066914186,0.616186439775343,0.0
21.496253899332185,0.0,0.0,2.9019724308497366,-0.9765798779723294,-0.13629951910097243,2.9019724308497366,0.017276750124600098,7.18626153449667,-0.4156056852483329,-4.905270815256758,-4.70576445642072,3.0969208124780434,2.9019724308497366,-4.709919667625196,-5.293164496455454,3.159645884483027,2.9019724308497366,0.06272507200498367,0.619032210723945,0.0
21.546438305644333,0.0,0.0,2.885100304321296,-0.18968842616076095,-0.1378782739849505,2.885100304321296,0.017337148620793465,7.2035382846212705,-0.42048084005758524,-4.955136421226557,-4.702724955269191,3.0678315012437354,2.885100304321296,-4.759908204793622,-5.293547665026535,3.138869380237764,2.885100304321296,0.07103787899402869,0.6222423409384774,0.0
21.596402164051593,0.0,0.0,2.8818116478853026,0.5853552622581503,-0.1381891517291742,2.8818116478853026,0.01731658670316768,7.220875433242064,-0.4214410735559792,-5.004926816554589,-4.698400354772201,3.0428982387483194,2.8818116478853026,-4.809893812129296,-5.292886147763644,3.11784916259255,2.8818116478853026,0.07495092384423074,0.6256606355555868,0.0
21.646384446785518,0.0,0.0,2.8919480030363514,1.091362000450646,-0.1372342735375081,2.8919480030363514,0.017230220838403833,7.238192019945232,-0.41849192656455797,-5.054614524955927,-4.692875019858985,3.0191973482087544,2.8919480030363514,-4.859854427286631,-5.291172946692732,3.096780942005933,2.8919480030363514,0.07758359379717872,0.6291994158434299,0.0
21.69638207143109,0.0,0.0,2.910752411318758,1.2056733520196574,-0.13548853344418443,2.910752411318758,0.01711390577943118,7.255422240783636,-0.41310220445981843,-5.104174005457727,-4.686191940640049,2.9992482868954133,2.910752411318758,-4.909768079998108,-5.288411301114885,3.075860151945803,2.910752411318758,0.07661186505038975,0.6328205290479528,0.0
21.746614872081825,0.0,0.0,2.9313861914659936,0.9909487527127512,-0.13361055858247428,2.9313861914659936,0.0170047986171316,7.272536146563067,-0.40730708901315854,-5.154064030742982,-4.678622551877039,2.9868740624003056,2.9313861914659936,-4.959613573865298,-5.284612816297277,3.0552087989703054,2.9313861914659936,0.06833473656999978,0.6364237430769298,0.0
21.796801022429555,0.0,0.0,2.9482370754457716,0.6305849925170235,-0.1321053568465827,2.9482370754457716,0.01692556608287463,7.289540945180199,-0.402664402601162,-5.203347352554695,-4.670724362533431,2.96669242001211,2.9482370754457716,-5.009370724132485,-5.279793042671311,3.034847149059402,2.9482370754457716,0.0681547290472917,0.6392116938064784,0.0
21.846751581641552,0.0,0.0,2.9589100834074875,0.2957983919156092,-0.13116496030503097,2.9589100834074875,0.016880796592336985,7.306466511263073,-0.3997647609761944,-5.252441048128799,-4.661238768841253,2.940186659492807,2.9589100834074875,-5.059020124289763,-5.273966959763719,3.014717591242933,2.9589100834074875,0.0745309317501257,0.6425320923734971,0.0
21.896764457347224,0.0,0.0,2.9639033958937553,0.04418365372699808,-0.13072840535972868,2.9639033958937553,0.016864457098671355,7.32334730785541,-0.3984189216281098,-5.301351211566233,-4.650714500858474,2.925379623570956,2.9639033958937553,-5.108542703765314,-5.267146291815631,2.99473298913489,2.9639033958937553,0.06935336556393379,0.6458817798816322,0.0
21.946749394898102,0.0,0.0,2.964648529226497,-0.20042187636255143,-0.13066344468855193,2.964648529226497,0.01687195991550123,7.3402117649540815,-0.3982186699573054,-5.3500833124975635,-4.639791994333165,2.905271669172328,2.964648529226497,-5.1579193632238995,-5.25933902283046,2.974815666753572,2.964648529226497,0.06954399758124374,0.6486644000716236,0.0
21.996742955860455,0.0,0.0,2.9612670193623183,-0.5378023730289417,-0.13095862935775673,2.9612670193623183,0.01690755139222848,7.357083724869582,-0.39912865152309307,-5.398559282520106,-4.627304770142111,2.8789254249965386,2.9612670193623183,-5.207130784349215,-5.250550162715433,2.954908355134465,2.9612670193623183,0.07598293013792645,0.6519813565400755,0.0
22.046813055376408,0.0,0.0,2.952174098101469,-0.9129146347609246,-0.13175730645636005,2.952174098101469,0.01697815933574404,7.373991276261811,-0.4015911313475919,-5.446788787706606,-4.6137898689057675,2.866296455791056,2.952174098101469,-5.256157277639537,-5.240782327276341,2.934955552713534,2.952174098101469,0.06865909692247785,0.6553319124566016,0.0
22.09705098071054,0.0,0.0,2.9366744879725655,-1.1029517786309142,-0.13313545722235673,2.9366744879725655,0.017077732779882223,7.390969435597555,-0.4058414711769916,-5.495251687280646,-4.599992219379949,2.8485690092435103,2.9366744879725655,-5.304978457994854,-5.230035282302756,2.9148796486981263,2.9366744879725655,0.06631063945461602,0.6581475236753505,0.0
22.147268003722946,0.0,0.0,2.917838572228011,-0.9131471544534104,-0.13483920416970246,2.917838572228011,0.017179034135569086,7.408047168377437,-0.411098149718243,-5.542941820333772,-4.584779665226504,2.821339763926021,2.917838572228011,-5.35357279474767,-5.218305181018843,2.8945912663489426,2.917838572228011,0.07325150242292144,0.6612225094560675,0.0
22.19733719792251,0.0,0.0,2.902151586090858,-0.330725578632231,-0.13628289917104994,2.902151586090858,0.01724240300631173,7.425226202513006,-0.4155543746008154,-5.590298623147291,-4.568467993560159,2.8055413379756606,2.902151586090858,-5.401917469725694,-5.205585314386749,2.874040097883243,2.902151586090858,0.06849875990758258,0.6643838795919896,0.0
22.247352674227063,0.0,0.0,2.8964490823795854,0.4788931252915689,-0.13681338756514594,2.8964490823795854,0.017234820431309698,7.442468605519317,-0.41719226500982604,-5.6373774563446055,-4.55179327210579,2.7872979321274047,2.8964490823795854,-5.449989000245497,-5.191869314869797,2.853266158703675,2.8964490823795854,0.06596822657627044,0.6669421069325571,0.0
22.297376457382747,0.0,0.0,2.9047027193997743,1.2376290831202916,-0.13604656021724906,2.9047027193997743,0.017147691630945372,7.459703425950627,-0.4148247515287101,-5.684132375544074,-4.5337585937386855,2.7610016959719945,2.9047027193997743,-5.497764634386114,-5.177155757795325,2.8324103399005987,2.9047027193997743,0.07140864392860413,0.6698453893701491,0.0
22.347498827230208,0.0,0.0,2.9259252012706107,1.64487895468464,-0.13410381670095972,2.9259252012706107,0.017004228783674764,7.476851117581572,-0.40882891585406234,-5.7304492112733065,-4.514555438240291,2.7361682774481326,2.9259252012706107,-5.545223976619464,-5.161451878075434,2.8116728752385676,2.9259252012706107,0.07550459779043495,0.6728918125701591,0.0
22.397648598979156,0.0,0.0,2.95389509933752,1.5309121788874365,-0.13160558915949994,2.95389509933752,0.016850148394183608,7.493855346365247,-0.4011233168354235,-5.776301146803602,-4.49419957415534,2.7117003657182974,2.95389509933752,-5.59235000334207,-5.144774312959182,2.7912351478269395,2.95389509933752,0.07953478210864207,0.6760809965902697,0.0
22.4478255672068,0.0,0.0,2.9796911967302364,1.02655345107274,-0.12936219794484982,2.9796911967302364,0.016729001812438003,7.5107054947594305,-0.3942080862995798,-5.821672007923661,-4.472730637782199,2.6942380243931514,2.9796911967302364,-5.6391287868597235,-5.127146147030954,2.771182630282273,2.9796911967302364,0.07694460588912166,0.6793980323063245,0.0
22.49791684080906,0.0,0.0,2.9968644112737968,0.5630357485402973,-0.12790001391871902,2.9968644112737968,0.01665501266058816,7.5274344965718685,-0.38970309558557226,-5.86662518992447,-4.450862407673361,2.6876573525744893,2.9968644112737968,-5.685547934748776,-5.108591568245461,2.751475811368989,2.9968644112737968,0.06381845879449966,0.6821998394963481,0.0
22.54810395576576,0.0,0.0,3.006241778794099,0.6113263904534084,-0.1271119216861084,3.006241778794099,0.01660101535976793,7.544089509232457,-0.3872756863131052,-5.911881180384458,-4.428715967107,2.669551513787321,3.006241778794099,-5.731594649796019,-5.089131055497376,2.73199420101761,3.006241778794099,0.06244268723028901,0.6845811289286927,0.0
22.59836620198693,0.0,0.0,3.0163904175918477,1.405165379697809,-0.12626710219833367,3.0163904175918477,0.016509601572806676,7.560690524592225,-0.3846740938571232,-5.956156527673238,-4.405153402633802,2.6414739372800344,3.0163904175918477,-5.777254772682025,-5.068779994526595,2.7126339390520795,3.0163904175918477,0.07116000177204507,0.6873180423982619,0.0
22.64853009989913,0.0,0.0,3.03958913815456,2.4999999999999973,-0.12436695534765184,3.03958913815456,0.016336842583069194,7.577200126165032,-0.37882469001989977,-5.999921393632638,-4.380605807408692,2.619591350494487,3.03958913815456,-5.822513751402622,-5.047551749331634,2.693403733047343,3.03958913815456,0.07381238255285583,0.690137928945435,0.0
22.69871761353113,0.0,0.0,3.080431244612233,2.499999999999997,-0.12061462261735453,3.080431244612233,0.016123055413507913,7.593536968748101,-0.3672816434931217,-6.043163913412646,-4.355104816989022,2.5991778126803697,3.080431244612233,-5.867359414386765,-5.02546368960492,2.674465944032965,3.080431244612233,0.07528813135259504,0.6930283110902459,0.0
22.748928545648724,0.0,0.0,3.120738883146003,2.4999999999999853,-0.1147635344260262,3.120738883146003,0.0159174478312381,7.609660024161609,-0.3493031530456311,-6.0859291679367296,-4.328767466619978,2.5833595126600883,3.120738883146003,-5.911785416679777,-5.002543160077862,2.6561052023586,3.120738883146003,0.07274568969851147,0.6959164685481267,0.0
22.799344910732422,0.0,0.0,3.160532502724098,2.4999999999999947,-0.10723088180077639,3.160532502724098,0.015719511179443868,7.625577471992846,-0.32619326579480357,-6.128689460664654,-4.301694890568411,2.5658122797146694,3.160532502724098,-5.955793835966308,-4.978830587658317,2.638643221688629,3.160532502724098,0.07283094197395945,0.6988602502026164,0.0
22.849753018096873,0.0,0.0,3.1998312806727074,2.4999999999999973,-0.09895384998384618,3.1998312806727074,0.015528780013639238,7.64129698317229,-0.30084273013995966,-6.1704905476961684,-4.273874095385883,2.544516342714313,3.1998312806727074,-5.9993957012216965,-4.954378337660126,2.622336525192135,3.1998312806727074,0.07782018247782174,0.7016833119316462,0.0
22.899973816995892,0.0,0.0,3.2386532307068054,2.5000000000000053,-0.09104027543033487,3.2386532307068054,0.015344827493270829,7.656825763185929,-0.27664435189344544,-6.211752946918166,-4.245223908465777,2.5297953313134793,3.2386532307068054,-6.042609057230283,-4.929245703110253,2.6072971249101715,3.2386532307068054,0.07750179359669218,0.7046243474131421,0.0
22.950085289390486,0.0,0.0,3.2770152994399826,2.5000000000000075,-0.08435839358692117,3.2770152994399826,0.01516726136013271,7.6721705906792,-0.25623961356305086,-6.252534760812679,-4.216312078775019,2.5226678136832326,3.2770152994399826,-6.085455208084524,-4.903491905582809,2.593467423451425,3.2770152994399826,0.07079960976819244,0.7071998948751508,0.0
23.000061291240684,0.0,0.0,3.3149334528403145,2.500000000000011,-0.07924656970989974,3.3149334528403145,0.014995720417278346,7.687337852039333,-0.2406450832471756,-6.293164122997981,-4.1872357764642665,2.514343183831862,3.3149334528403145,-6.127954584276542,-4.877169682791937,2.580657773324006,3.3149334528403145,0.0663145894921442,0.7094385010591895,0.0
23.050328500808106,0.0,0.0,3.3524227538835105,2.5000000000000018,-0.07544088321280247,3.3524227538835105,0.014829871436440802,7.702333572456611,-0.2290434222915124,-6.333931941566341,-4.157306414672863,2.502965038120184,3.3524227538835105,-6.170123806852036,-4.8503216458114755,2.568627707876997,3.3524227538835105,0.06566266975681279,0.7121117999223745,0.0
23.100882924979377,0.0,0.0,3.3894974324746125,2.5000000000000084,-0.07220021082764803,3.3894974324746125,0.014669406433661743,7.717163443893052,-0.21916948411647527,-6.374345891910037,-4.126965388963731,2.4917728460119384,3.3894974324746125,-6.211974956356922,-4.822980384984965,2.5571776199583347,3.3894974324746125,0.06540477394639632,0.7147035716986677,0.0
23.15139824147877,0.0,0.0,3.426170948558767,2.500000000000009,-0.06860086250461042,3.426170948558767,0.014514040262413756,7.731832850326714,-0.20820811861881905,-6.414371807738997,-4.096178542680947,2.4763560477975326,3.426170948558767,-6.253517193077886,-4.795171966653497,2.546221139142974,3.426170948558767,0.0698650913454415,0.7172628624253751,0.0
23.20170445616132,0.0,0.0,3.4624560492148015,2.499999999999997,-0.06395510767819412,3.4624560492148015,0.014363508481393535,7.746346890589128,-0.19406802473418203,-6.453504809762918,-4.064862839361417,2.463389692319883,3.4624560492148015,-6.29476002194678,-4.766921354855039,2.5358126269066763,3.4624560492148015,0.07242293458679328,0.7197819578427199,0.0
23.25175979543959,0.0,0.0,3.4983648204182853,2.499999999999987,-0.05817260988393649,3.4983648204182853,0.014217565460692756,7.760710399070521,-0.17647975319019457,-6.492328136092423,-4.033369635424856,2.457303481122875,3.4983648204182853,-6.3357167329636805,-4.738257461481767,2.5261109907576174,3.4983648204182853,0.06880750963474247,0.7220761586655466,0.0
23.30166501455215,0.0,0.0,3.533908734070017,2.500000000000018,-0.051849362211310625,3.533908734070017,0.014075982695476772,7.774927964531214,-0.15726022853686095,-6.530844781581209,-4.001770428265974,2.4488735896298013,3.533908734070017,-6.376406233422679,-4.709215441836573,2.517288608216897,3.533908734070017,0.06841501858709576,0.7241061471795549,0.0
23.351790867828342,0.0,0.0,3.5690986908087092,2.500000000000017,-0.04606246845051602,3.5690986908087092,0.01393854730082404,7.789003947226691,-0.13968204187620317,-6.569473065479831,-3.9693456982101116,2.435471515396725,3.5690986908087092,-6.4168520799506865,-4.679834985921971,2.5094270271034076,3.5690986908087092,0.07395551170668258,0.7266967683822413,0.0
23.402038253048392,0.0,0.0,3.6039450590607696,2.4999999999999925,-0.041982469400468916,3.6039450590607696,0.013805060665165356,7.802942494527515,-0.12729439966961448,-6.607309698537181,-3.936560648625766,2.4311023664814435,3.6039450590607696,-6.457078768479422,-4.650155128479381,2.502444195445814,3.6039450590607696,0.07134182896437036,0.7292368709984226,0.0
23.45210714653256,0.0,0.0,3.638457710723683,2.5000000000000018,-0.040410162739395336,3.638457710723683,0.013675337242943,7.81674755519268,-0.12252173776606948,-6.645381733732375,-3.9040352820191213,2.433433268326082,3.638457710723683,-6.49710651705403,-4.62020748294352,2.4960806332304566,3.638457710723683,0.06264736490437439,0.7313604865303476,0.0
23.502139385586506,0.0,0.0,3.6726460538310404,2.4999999999999907,-0.04142119361552967,3.6726460538310404,0.013549203469792076,7.830422892435623,-0.12559060265412608,-6.683314710106889,-3.87147502813019,2.4335169445814833,3.6726460538310404,-6.536946490328362,-4.590010475158899,2.489955660701958,3.6726460538310404,0.05643871612047491,0.7332917866701374,0.0
23.552129664156453,0.0,0.0,3.7065190625055204,2.4999999999999893,-0.044349357414487194,3.7065190625055204,0.013426496785815324,7.843972095905415,-0.13448017186523312,-6.721328443548597,-3.8390106015193735,2.424710775853452,3.7065190625055204,-6.5765984233372565,-4.559566977297861,2.4836772728409993,3.7065190625055204,0.05896649698754741,0.7349478004766076,0.0
23.602072836967764,0.0,0.0,3.7400853044700586,2.50000000000002,-0.04811296315462697,3.7400853044700586,0.013307064754448454,7.85739859269123,-0.1459094619469266,-6.758614842137664,-3.8058459784799807,2.4134808166908783,3.7400853044700586,-6.616051609850429,-4.5288663710489265,2.476954487371902,3.7400853044700586,0.06347367068102372,0.7369414924339222,0.0
23.65213628214804,0.0,0.0,3.77335296635618,2.4999999999999893,-0.05163339001348401,3.77335296635618,0.013190764266052625,7.870705657445678,-0.15660401209297692,-6.796066381793844,-3.7723800172496667,2.407027448957471,3.77335296635618,-6.655288651945843,-4.497890025076522,2.469660341350408,3.77335296635618,0.06263289239293712,0.7390420425646168,0.0
23.702243654572023,0.0,0.0,3.8063298770213114,2.5000000000000133,-0.05414409519159349,3.8063298770213114,0.013077460816770812,7.883896421711731,-0.1642335351888156,-6.832986434213888,-3.7386755878529234,2.3954179983993407,3.8063298770213114,-6.6942903350006056,-4.466617888640377,2.4618315650906926,3.8063298770213114,0.0664135666913519,0.7410375167376559,0.0
23.752168566621854,0.0,0.0,3.8390235290632386,2.5000000000000084,-0.05535558276935058,3.8390235290632386,0.012967027854383728,7.896973882528502,-0.16791573665992898,-6.869385210211544,-3.7045984801455996,2.3882007597289814,3.8390235290632386,-6.7330399704725625,-4.435033995986379,2.4536213820682296,3.8390235290632386,0.06542062233924817,0.7430518603711764,0.0
23.802186801614027,0.0,0.0,3.871441098699198,2.4999999999999822,-0.05545959473144762,3.871441098699198,0.012859346183930767,7.909940910382885,-0.1682318940347239,-6.905950296218453,-3.67023897361531,2.3793685210464215,3.871441098699198,-6.771526052150648,-4.403129491525088,2.4452271224625726,3.871441098699198,0.06585860141615107,0.7451163591247097,0.0
23.852508295150354,0.0,0.0,3.9035894641590247,2.5000000000000013,-0.05494690164088977,3.9035894641590247,0.012754303426748052,7.922800256566816,-0.16667353445364064,-6.942180480685905,-3.635101289961603,2.370190461573005,3.9035894641590247,-6.809742711261637,-4.37090275109197,2.4368170578636907,3.9035894641590247,0.06662659629068557,0.7476252757709966,0.0
23.902805788014465,0.0,0.0,3.935475222725895,2.5000000000000178,-0.054322537273248976,3.935475222725895,0.012651793527341137,7.935554559993564,-0.16477586232887087,-6.978070246516565,-3.6001100642935575,2.36313876289126,3.935475222725895,-6.847688262891144,-4.338357225812457,2.4284848970702697,3.935475222725895,0.06534613417900959,0.7496721504396515,0.0
23.952862574538493,0.0,0.0,3.967104706544248,2.500000000000005,-0.053885055865254224,3.967104706544248,0.012551716303172509,7.948206353520906,-0.1634462728653571,-7.013461348172842,-3.564803598400936,2.3512485568221497,3.967104706544248,-6.885362887038953,-4.3054984503198135,2.420247602623378,3.967104706544248,0.0689990458012284,0.7516901485346196,0.0
24.002744203503713,0.0,0.0,3.9984839973021793,0.12127929437451926,-0.05365239126143613,3.9984839973021793,0.01250009497201707,7.960758069824078,-0.16273918633677995,-7.048263758969036,-3.529218749998503,2.345854895798001,3.9984839973021793,-6.922766672651449,-4.272331697681892,2.412076775556779,3.9984839973021793,0.06622187975877791,0.753635436858498,0.0
24.05266863344272,0.0,0.0,4.0,0.0,-0.05341194952078547,4.0,0.012497726199804497,7.973258164796095,-0.1620084830258389,-7.083331378383315,-3.4934735647732515,2.343487855598214,4.0,-6.9598988053590585,-4.238861091181143,2.403941296385515,4.0,0.06045344078730075,0.755538327689511,0.0
24.102719441604957,0.0,0.0,4.0,0.0,-0.05287665543886459,4.0,0.012497726199804497,7.9857558909959,-0.1603817897345198,-7.118141192970328,-3.457542548870322,2.3327840973798626,4.0,-6.996758030558634,-4.20509018032385,2.3958423457339046,4.0,0.06305824835404206,0.7573383216296689,0.0
24.152901592210505,0.0,0.0,4.0,0.0,-0.051916461212298814,4.0,0.012497726199804497,7.998253617195705,-0.15746410715862694,-7.152618966773839,-3.420863489352432,2.3201923514510807,4.0,-7.033343928144111,-4.171023344937368,2.387824714951758,4.0,0.06763236350067725,0.7595830065051057,0.0
24.203066105479202,0.0,0.0,4.0,0.0,-0.050713836285805704,4.0,0.012497726199804497,8.01075134339551,-0.1538101755039075,-7.186484996135104,-3.384091625561517,2.308706951242015,4.0,-7.06965802661514,-4.136666920352231,2.379952941761497,4.0,0.07124599051948222,0.7615892036633323,0.0
24.252904146037707,0.0,0.0,4.0,0.0,-0.049680774700759,4.0,0.012497726199804497,8.023249069595314,-0.15067178418898597,-7.21967540272982,-3.3471155704412805,2.302843969267262,4.0,-7.105703724763602,-4.102028994678533,2.3722638319207303,4.0,0.06941986265346811,0.7634682845227098,0.0
24.302734305576017,0.0,0.0,4.0,0.0,-0.04918537390931423,4.0,0.012497726199804497,8.035746795795118,-0.1491668952429222,-7.2530973640800385,-3.309963549671058,2.3011571940358695,4.0,-7.141484767473662,-4.067117739617981,2.3647316131014104,4.0,0.06357441906554095,0.7653364221539428,0.0
24.352683196699864,0.0,0.0,4.0,0.0,-0.04930731210480256,4.0,0.012497726199804497,8.048244521994922,-0.14953730251328343,-7.286321059392499,-3.2726983456474996,2.295644353706871,4.0,-7.177003163400281,-4.031939301151182,2.357274625042127,4.0,0.06163027133525567,0.7670705514477202,0.0
24.402640840605077,0.0,0.0,4.0,0.0,-0.04978464585086816,4.0,0.012497726199804497,8.060742248194726,-0.15098732504759482,-7.31934336638526,-3.235166946026123,2.289748128225196,4.0,-7.212257920486884,-3.996496656958866,2.3497991199882535,4.0,0.06005099176305739,0.7688239209807326,0.0
24.45257472179489,0.0,0.0,4.0,0.0,-0.05017584286768445,4.0,0.012497726199804497,8.07323997439453,-0.15217573677921553,-7.352093595007824,-3.1975482057843974,2.2784079196613445,4.0,-7.247245447597425,-3.960790191935406,2.3422511269959108,4.0,0.06384320733456628,0.7704099320745608,0.0
24.502614372901615,0.0,0.0,4.0,0.0,-0.05015487487205849,4.0,0.012497726199804497,8.085737700594334,-0.15211203722900915,-7.384396978124624,-3.1591150273705404,2.2639821608913375,4.0,-7.281961398677231,-3.9248196310432375,2.33464372422583,4.0,0.0706615633344927,0.7725261083110948,0.0
24.55249273860598,0.0,0.0,4.0,0.0,-0.04974882623426656,4.0,0.012497726199804497,8.098235426794139,-0.15087851147564943,-7.4158372495291,-3.120813911172235,2.2578472352142147,4.0,-7.316402763066526,-3.888586070089829,2.3270395058538997,4.0,0.06919227063968503,0.7741842836864227,0.0
24.602179089999794,0.0,0.0,4.0,0.0,-0.04932987402825845,4.0,0.012497726199804497,8.110733152993943,-0.14960583854499934,-7.4474251028673155,-3.0822880168160602,2.254659420104983,4.0,-7.3505687329635885,-3.8520927115725487,2.3194969525504727,4.0,0.06483753244548973,0.7758739745990053,0.0
24.652084296067116,0.0,0.0,4.0,0.0,-0.04938826043177501,4.0,0.012497726199804497,8.123230879193747,-0.14978319879563856,-7.478896685464792,-3.0434470842374357,2.2496238336845638,4.0,-7.384459650908883,-3.815343771523434,2.3120180213183623,4.0,0.06239418763379856,0.7776521390305644,0.0
24.701964776719574,0.0,0.0,4.0,0.0,-0.05029409304728606,4.0,0.012497726199804497,8.13572860539355,-0.15253497645489372,-7.5100631043737405,-3.004643118929835,2.2407069929110057,4.0,-7.418074616570322,-3.7783422449352977,2.304530223686847,4.0,0.06382323077584129,0.7791483937415109,0.0
24.75190401537799,0.0,0.0,4.0,0.0,-0.05217425331531475,4.0,0.012497726199804497,8.148226331593355,-0.1582474152004278,-7.540912826363483,-2.965154629306186,2.2329160082814856,4.0,-7.451409017291107,-3.7410877662530253,2.2969048622003396,4.0,0.063988853918854,0.7810782066161025,0.0
24.801819571039236,0.0,0.0,4.0,0.0,-0.05488317107301917,4.0,0.012497726199804497,8.160724057793159,-0.16647982795442268,-7.5714382738273525,-2.9259072353542734,2.2262594919920033,4.0,-7.484453010804389,-3.7035754746404805,2.2889939307323326,4.0,0.06273443874032925,0.7825179399717834,0.0
24.851674595644113,0.0,0.0,4.0,0.0,-0.05804630214639857,4.0,0.012497726199804497,8.173221783992963,-0.1760957071170788,-7.6016887426937,-2.8861079221791077,2.215332755006685,4.0,-7.517191433889235,-3.665796223828287,2.2806714535020727,4.0,0.06533869849538787,0.7842535578011606,0.0
24.901702980294353,0.0,0.0,4.0,0.0,-0.06117188671035014,4.0,0.012497726199804497,8.185719510192767,-0.18560091763556227,-7.631555175790962,-2.8459240172322997,2.208596164086809,4.0,-7.5496051522714005,-3.627738040947305,2.271868269772032,4.0,0.06327210568522279,0.7860973057022289,0.0
24.951572739589146,0.0,0.0,4.0,0.0,-0.06377425236097267,4.0,0.012497726199804497,8.198217236392571,-0.19351773690918014,-7.661076570059766,-2.80597642070047,2.2002409357517103,4.0,-7.581673463885906,-3.5893883861321183,2.262589911967865,4.0,0.06234897621615465,0.7874256541741167,0.0
25.001420259602178,0.0,0.0,4.0,0.0,-0.0654686253266451,4.0,0.012497726199804497,8.210714962592375,-0.1986737026854358,-7.690245236692007,-2.7653350740872837,2.190901320635911,4.0,-7.613376920567397,-3.5507365827252104,2.252915785205078,4.0,0.06201446456916715,0.7891541470426194,0.0
25.05124572975597,0.0,0.0,4.0,0.0,-0.06606005976445746,4.0,0.012497726199804497,8.223212688792179,-0.20047370199561917,-7.718985785234519,-2.724878746861887,2.175491212143202,4.0,-7.644699949677481,-3.511775860618011,2.242983907048022,4.0,0.06749269490482002,0.7903957572014959,0.0
25.10092595055358,0.0,0.0,4.0,0.0,-0.0655864924387295,4.0,0.012497726199804497,8.235710414991983,-0.1990324138051685,-7.746732749879419,-2.6835936634810333,2.1603079451354033,4.0,-7.675632717962207,-3.472504579863957,2.232962045296812,4.0,0.07265410016140894,0.7921083565565844,0.0
25.150792611627296,0.0,0.0,4.0,0.0,-0.06420876556456019,4.0,0.012497726199804497,8.248208141191787,-0.19483985016088493,-7.7744330383506,-2.641979183120907,2.1561528919171566,4.0,-7.7061717957749,-3.43292637030557,2.2230122348463195,4.0,0.06685934292916285,0.7938873031818237,0.0
25.200595201645434,0.0,0.0,4.0,0.0,-0.06199276855348703,4.0,0.012497726199804497,8.260705867391591,-0.18809789604768654,-7.801764275171285,-2.6005712381122805,2.1475510715286,4.0,-7.736319757004472,-3.39304941908516,2.213272014445833,4.0,0.06572094291723296,0.7951758624833691,0.0
25.250391593289773,0.0,0.0,4.0,0.0,-0.058805776824584335,4.0,0.012497726199804497,8.273203593591395,-0.17840501975622167,-7.828741632515747,-2.5584968551527,2.1393095980691457,4.0,-7.766084660732456,-3.35288572086561,2.20386883043158,4.0,0.06455923236243422,0.7968560510416519,0.0
25.30016570819158,0.0,0.0,4.0,-3.9219164036773257,-0.054444823989023644,4.0,0.012575251183320283,8.2857013197912,-0.16514752627907525,-7.855359028678858,-2.5166817128215992,2.130378484617201,4.0,-7.79548039564976,-3.3124510233130944,2.194950202073244,4.0,0.06457171745604295,0.7980189510365923,0.0
25.3499176983172,0.0,0.0,3.9506809161037735,-3.999999999999992,-0.04889861312205248,3.9506809161037735,0.0127358574375013,8.298276570974519,-0.1482958298189888,-7.881561542558688,-2.474169521571624,2.1170822129276154,3.9506809161037735,-7.824527841869957,-3.2717653718435478,2.1866943278092004,3.9506809161037735,0.06961211488158492,0.79963240516205,0.0
25.39985812620392,0.0,0.0,3.8997374863537684,-3.999999999999999,-0.042589693576966965,3.8997374863537684,0.012904446635511383,8.31101242841202,-0.12913776717323402,-7.907248856989329,-2.4313375210570456,2.106558140410672,3.8997374863537684,-7.85325565747906,-3.230853372052975,2.1792808850985983,3.8997374863537684,0.07272274468792617,0.8013369213926815,0.0
25.449825114122785,0.0,0.0,3.848119699811723,-3.9999999999999787,-0.03646374920701428,3.848119699811723,0.01307991356912104,8.323916875047532,-0.11054520788220873,-7.932577463048522,-2.388238296843295,2.098573736247892,3.848119699811723,-7.881699092906053,-3.1897431195118733,2.1728251712738578,3.848119699811723,0.07425143502596576,0.803118041952329,0.0
25.49979605238343,0.0,0.0,3.795800045535239,-3.999999999999985,-0.031793670063297204,3.795800045535239,0.01326273899750457,8.336996788616652,-0.09637693072968573,-7.957581027897,-2.3449948823765023,2.1013380394908157,3.795800045535239,-7.90989574156688,-3.1484631824168097,2.1672989163106084,3.795800045535239,0.06596087681979279,0.804882100497984,0.0
25.54964600133363,0.0,0.0,3.742749089545221,-3.9999999999999902,-0.029721824898894404,3.742749089545221,0.013453452085772788,8.350259527614156,-0.0900926665127923,-7.98302567724301,-2.3022438358243575,2.103762973108161,3.742749089545221,-7.937878518105428,-3.10703794922066,2.16248094634166,3.742749089545221,0.058717973233499254,0.8060594462789543,0.0
25.599568909483207,0.0,0.0,3.68893528120213,-3.9999999999999933,-0.03081460718362891,3.68893528120213,0.013652636857629652,8.36371297969993,-0.09340716401116923,-8.008311764210797,-2.2589973276118274,2.09727797920827,3.68893528120213,-7.9656679162513075,-3.065482736686617,2.1579771324269115,3.68893528120213,0.06069915321864139,0.8076120435080959,0.0
25.64965282609427,0.0,0.0,3.6343247337716114,-4.000000000000003,-0.03491279192972005,3.6343247337716114,0.013860939731553215,8.37736561655756,-0.1058393453090394,-8.033359468860315,-2.215640693653635,2.092035929326815,3.6343247337716114,-7.993266421324438,-3.0238005037904276,2.153307623783264,3.6343247337716114,0.061271694456448866,0.8091537129501729,0.0
25.699712988985148,0.0,0.0,3.5788809748453985,-3.9999999999999982,-0.04130083284111233,3.5788809748453985,0.014079078362325144,8.391226556289112,-0.1252252483667843,-8.058167231762823,-2.172172722862864,2.0899405215014277,3.5788809748453985,-8.020656989711444,-2.9819813515318065,2.148016619147908,3.5788809748453985,0.05807609764648047,0.8106768982309945,0.0
25.74953735080468,0.0,0.0,3.522564661396098,-4.000000000000002,-0.0490464802087349,3.522564661396098,0.01430785206384388,8.405305634651437,-0.14874498826110205,-8.082798914737825,-2.1291212778314095,2.086231447279983,3.522564661396098,-8.04780556075033,-2.940004721232845,2.141756495678346,3.522564661396098,0.05552504839836292,0.8116381543556608,0.0
25.799332231530848,0.0,0.0,3.4653332531407224,-3.9999999999999942,-0.05737411608655384,3.4653332531407224,0.014548154158731695,8.419613486715281,-0.17405198057219473,-8.10725636810977,-2.085521829740841,2.0759873391317663,3.4653332531407224,-8.074666023060091,-2.8978431912403018,2.1343205991308243,3.4653332531407224,0.05833325999905803,0.8129748611973158,0.0
25.849305157221533,0.0,0.0,3.4071406365057957,-4.000000000000007,-0.06593284322583917,3.4071406365057957,0.014800986690398062,8.434161640874013,-0.20008651336728897,-8.131170168243596,-2.0416604577882143,2.0617745784861388,3.4071406365057957,-8.101185413735912,-2.855466349533405,2.1256195831399243,3.4071406365057957,0.06384500465378551,0.8143580999425691,0.0
25.899444295891257,0.0,0.0,3.3479366897442033,-4.000000000000002,-0.07479824419815058,3.3479366897442033,0.015067478050998279,8.448962627564411,-0.22708500076900315,-8.154536453405985,-1.9970892201414978,2.0506192550244213,3.3479366897442033,-8.127307325974105,-2.81284340470368,2.1156170772985727,3.3479366897442033,0.0649978222741514,0.816208499717696,0.0
25.949545288066304,0.0,0.0,3.28766677754021,-3.9999999999999964,-0.08418828592741272,3.28766677754021,0.015348904233943875,8.464030105615409,-0.25572045748158473,-8.177425619338926,-1.9527736144891978,2.0427394303049735,3.28766677754021,-8.152972627126449,-2.7699440336273193,2.104264892643799,3.28766677754021,0.0615254623388255,0.8175362027106302,0.0
25.999391016313478,0.0,0.0,3.2262711606044348,-3.9999999999999822,-0.09410785072951267,3.2262711606044348,0.015646714626101635,8.479379009849353,-0.28602016312589423,-8.199857967903185,-1.9082953756383727,2.032384503302352,3.2262711606044348,-8.178118328703004,-2.7267381287297097,2.0914811955986248,3.2262711606044348,0.05909669229627257,0.8187314284918353,0.0
26.049174757022424,0.0,0.0,3.1636843021000285,-4.000000000000004,-0.10419468543765982,3.1636843021000285,0.0159625635322521,8.495025724475454,-0.3168890740546006,-8.22177005186365,-1.8636262384203404,2.0176971034118796,3.1636843021000285,-8.202676647450676,-2.6831957704780747,2.0771827888531416,3.1636843021000285,0.05948568544126198,0.8197919101634334,0.0
26.099120891866125,0.0,0.0,3.09983404797102,-4.000000000000006,-0.11385010430520527,3.09983404797102,0.01629834900117153,8.510988288007706,-0.3464986989640408,-8.24302868608667,-1.8182134427393557,2.0001533336574475,3.09983404797102,-8.226575973242714,-2.6392883619791387,2.0613412173201655,3.09983404797102,0.06118788366271799,0.8212397425627561,0.0
26.149185404996043,0.0,0.0,3.034640651966334,-3.9999999999999876,-0.12252914023833097,3.034640651966334,0.01665626104038281,8.527286637008878,-0.37316981148757267,-8.263452389477953,-1.7725855627267262,1.980687136009163,3.034640651966334,-8.249743941002228,-2.5949908074213854,2.0440194338472013,3.034640651966334,0.06333229783803862,0.8225194879520448,0.0
26.199223563564573,0.0,0.0,2.968015607804803,-3.9999999999999822,-0.13000920335412483,2.968015607804803,0.017038842026794364,8.543942898049261,-0.39620205659346597,-8.282910017613233,-1.7264270132010786,1.9555424633316205,2.968015607804803,-8.272111314823775,-2.550283775906888,2.025364337327184,2.968015607804803,0.06982187399556361,0.8239275316664878,0.0
26.248996091181997,0.0,0.0,2.8998602396976256,-3.576998210328088,-0.13649569008751142,2.8998602396976256,0.01742636852315854,8.560981740076056,-0.41621134088498446,-8.30081402229855,-1.6803178738281335,1.9328956825711103,2.8998602396976256,-8.293614814192308,-2.5051549783495792,2.0055578380347656,2.8998602396976256,0.07266215546365551,0.82486852139761,0.0
26.29874625578564,0.0,0.0,2.83752615067777,-3.2604666839648693,-0.14247855207831756,2.83752615067777,0.017799806600944112,8.578408108599215,-0.4346986575427833,-8.318156838707738,-1.6333787616587183,1.9153080622398155,2.83752615067777,-8.314197494001203,-2.4595989284087993,1.9847510565162294,2.83752615067777,0.06944299427641365,0.8262296535195508,0.0
26.3487647996255,0.0,0.0,2.7794904742743736,-3.0553629933410225,-0.14840441996125064,2.7794904742743736,0.01816703567740367,8.596207915200159,-0.4530411639218395,-8.33460026250209,-1.5861589184157678,1.8983548521509055,2.7794904742743736,-8.33380663329173,-2.4136155198382303,1.9630200773106603,2.7794904742743736,0.06466522515975459,0.8274569820147362,0.0
26.398511069142586,0.0,0.0,2.7239835857669283,-2.8212962655884106,-0.15441934635867674,2.7239835857669283,0.018529943993599165,8.614374950877563,-0.4716926095638055,-8.35016680476244,-1.5391761746632246,1.878769366662465,2.7239835857669283,-8.352390650564438,-2.3672084294886204,1.9403721396149167,2.7239835857669283,0.06160277295245198,0.8280352411107755,0.0
26.44818952886863,0.0,0.0,2.6717051239762246,-2.5872854096484743,-0.16041943011289098,2.6717051239762246,0.018883902885948444,8.632904894871162,-0.49033285867215365,-8.364718093885637,-1.4914767465154497,1.8477493342126805,2.6717051239762246,-8.36989710780698,-2.3203843041757235,1.9167917992757177,2.6717051239762246,0.06904246506303746,0.8289237367403093,0.0
26.49797218528632,0.0,0.0,2.6228470775621915,-2.459108157785526,-0.16634292762091024,2.6228470775621915,0.01923319770606703,8.65178879775711,-0.5087707134264179,-8.377390554115662,-1.4434049942843692,1.8193139416745778,2.6228470775621915,-8.386272636726895,-2.273152879501405,1.8922796160179096,2.6228470775621915,0.07296567434333179,0.8297954232301213,0.0
26.54751740610646,0.0,0.0,2.5755505641829,-2.4817373908445615,-0.17238902843578105,2.5755505641829,0.01959477855773411,8.671021995463176,-0.5276280592766961,-8.389091110852236,-1.3954305510238398,1.796968801959904,2.5755505641829,-8.401463640509549,-2.2255273691021586,1.8668457077183793,2.5755505641829,0.06987690575847516,0.8301890187625168,0.0
26.5971982963434,0.0,0.0,2.526921469570852,-2.5829965797201178,-0.17894839396506268,2.526921469570852,0.019987506340566993,8.69061677402091,-0.5481312385720762,-8.399672346981875,-1.3465737744965014,1.7711038362055436,2.526921469570852,-8.415415905901293,-2.1775244530022957,1.840469103637682,2.526921469570852,0.06936526743213811,0.8310998073376561,0.0
26.647104055222375,0.0,0.0,2.4752938090560335,-2.6196772873314518,-0.18632098770705152,2.4752938090560335,0.02041652202343324,8.710604280361476,-0.5712346369288197,-8.40895067851767,-1.297614720764683,1.7448564150263313,2.4752938090560335,-8.428072499389794,-2.129163882051179,1.8130675270727479,2.4752938090560335,0.06821111204641639,0.8317689893652805,0.0
26.69691885248245,0.0,0.0,2.421809110024943,-2.4723203721092903,-0.1944376613745981,2.421809110024943,0.020864163734038748,8.73102080238491,-0.5967442284087735,-8.416926449709159,-1.248449608037232,1.7181140067427374,2.421809110024943,-8.4393712021741,-2.080468296680772,1.7845109907200234,2.421809110024943,0.066396983977286,0.8323213713256008,0.0
26.746711098617425,0.0,0.0,2.370226212978255,-2.123177767172797,-0.2027649198740938,2.370226212978255,0.02129428764406394,8.751884966118949,-0.6230005796879067,-8.423568227807634,-1.1991088917319885,1.6908227892233145,2.370226212978255,-8.44924363493791,-2.031463804196739,1.7546792068081576,2.370226212978255,0.06385641758484306,0.8327508191743241,0.0
26.79648279890279,0.0,0.0,2.3250146548845962,-1.673973938269888,-0.2104984806510572,2.3250146548845962,0.021670383188252127,8.773179253763013,-0.6474655341767082,-8.42884562512526,-1.149622375684075,1.6596398723116474,2.3250146548845962,-8.457617630699394,-1.9821813048362498,1.7235348441391218,2.3250146548845962,0.06389497182747439,0.8330559397878234,0.0
26.846233062582236,0.0,0.0,2.2887389981951403,-1.2923826185620657,-0.21701790077244387,2.2887389981951403,0.021978500142811382,8.794849636951266,-0.668152357284987,-8.432396582775816,-1.100000793711424,1.6178172180373913,2.2887389981951403,-8.464422636607779,-1.9326579338614511,1.6911674562593193,2.2887389981951403,0.07335023822192799,0.8332728131691743,0.0
26.895955666842053,0.0,0.0,2.260334366628507,-1.1165693035902586,-0.22232951701105536,2.260334366628507,0.022238750124442538,8.816828137094078,-0.6850506267016656,-8.433519904571153,-1.0502870818093641,1.5803593031526197,2.260334366628507,-8.469595692748772,-1.8829377396811873,1.6577659153749125,2.260334366628507,0.07740661222229273,0.8334318091763815,0.0
26.945683657937362,0.0,0.0,2.2355032608893404,-1.1741970139512898,-0.2271287442112394,2.2355032608893404,0.0224951563912034,8.83906688721852,-0.7003537025092698,-8.433347663485847,-1.0005493591366363,1.5509688283049603,2.2355032608893404,-8.473084370471986,-1.8330711632143302,1.6235196147128248,2.2355032608893404,0.07255078640786472,0.8334695916150032,0.0
26.995411650463474,0.0,0.0,2.209089515426422,-1.3724438300999264,-0.23240023882131497,2.209089515426422,0.022790995262931445,8.861562043609723,-0.7172018736189673,-8.431548070381403,-0.950850645667293,1.5178800215159134,2.209089515426422,-8.474844477774557,-1.7831138083156324,1.588508299444904,2.209089515426422,0.07062827792899062,0.833388595311077,0.0
27.04513290241827,0.0,0.0,2.177810154595975,-1.5646482901443983,-0.2388744730624277,2.177810154595975,0.02314713522859915,8.884353038872655,-0.7379518186487329,-8.428087989026793,-0.9012460489783404,1.4840666606614332,2.177810154595975,-8.474833739557374,-1.7331255823273033,1.5526547288589974,2.177810154595975,0.06858806819756413,0.8331918885812293,0.0
27.094848374578618,0.0,0.0,2.1415930290388063,-1.636515385510591,-0.24670061640993082,2.1415930290388063,0.023554848544564345,8.907500174101255,-0.7631223185550088,-8.422935264897712,-0.8517934285137472,1.4495530143593325,2.1415930290388063,-8.473005232030522,-1.683170965987849,1.5157638497465187,2.1415930290388063,0.06621083538718597,0.8328839123342354,0.0
27.144559544539153,0.0,0.0,2.103045156992255,-1.5552677487054403,-0.2554419881304414,2.103045156992255,0.02398341417806039,8.93105502264582,-0.7913540844917956,-8.416063206406617,-0.802553565585132,1.4144030459714858,2.103045156992255,-8.469304167097675,-1.6333202931260193,1.4776146745694767,2.103045156992255,0.0632116285979909,0.832470993779544,0.0
27.194267263734595,0.0,0.0,2.065744526417273,-1.3718547739221536,-0.2643296081296305,2.065744526417273,0.02439759485243593,8.95503843682388,-0.8201906667465853,-8.407450661531367,-0.7535913081240178,1.3749476505815086,2.065744526417273,-8.463669468657512,-1.5836512403746665,1.4380541678691752,2.065744526417273,0.06310651728766636,0.8319615648590014,0.0
27.243966582645864,0.0,0.0,2.03227456944674,-1.1835826575668102,-0.2726855491131255,2.03227456944674,0.02477726876793126,8.979436031676316,-0.8474289159766545,-8.396720325228856,-0.705055144322427,1.3243493490244003,2.03227456944674,-8.456039185387615,-1.5342496288150278,1.3970520943306395,2.03227456944674,0.07270274530623944,0.8313135511246551,0.0
27.293722819005524,0.0,0.0,2.002948623831145,-1.0733026669639292,-0.2803196734816067,2.002948623831145,0.025127829058914575,9.004213300444247,-0.8724256486409425,-8.383173614855865,-0.6570855713441311,1.2790910881477637,2.002948623831145,-8.44635696914464,-1.4852091200237525,1.3546883560679461,2.002948623831145,0.07559726792018218,0.8305304016933456,0.0
27.34350917872989,0.0,0.0,1.9759788578871982,-1.0597090788080963,-0.28761118579652467,1.9759788578871982,0.02547330992704075,9.029341129503162,-0.8964033219869783,-8.36808462076127,-0.6096888877740001,1.2426750876144277,1.9759788578871982,-8.43457621994257,-1.4366302316834187,1.3110750085223408,1.9759788578871982,0.06839992090791291,0.8296102211450882,0.0
27.393240478278315,0.0,0.0,1.9489845600902207,-1.0944668236994244,-0.2951811688971593,1.9489845600902207,0.025837154472110418,9.054814439430203,-0.9214064479038311,-8.35112029336989,-0.5629293543384633,1.2036923731817366,1.9489845600902207,-8.42065994139546,-1.3886197165452396,1.266262995391187,1.9489845600902207,0.0625706222094502,0.8286135027192579,0.0
27.44285172946318,0.0,0.0,1.9207066517016986,-1.1005705108838877,-0.30341618549137583,1.9207066517016986,0.026224382553226674,9.080651593902314,-0.9487372741141381,-8.332472289828813,-0.5170775123276338,1.153506615637694,1.9207066517016986,-8.404577399514348,-1.341291072320042,1.220201053372641,1.9207066517016986,0.06669443773494699,0.8273615529610512,0.0
27.492557940417367,0.0,0.0,1.8918448695974794,-1.0141135228037061,-0.3121582826446499,1.8918448695974794,0.02661426612099919,9.106875976455541,-0.9779057532465459,-8.310830007131923,-0.4720474393908163,1.1020422307930529,1.8918448695974794,-8.386300946664331,-1.2947658814166094,1.1727728186229316,1.8918448695974794,0.07073058782987873,0.826172801272986,0.0
27.542419771660512,0.0,0.0,1.8648549824246776,-0.8074528071933693,-0.32065597007288166,1.8648549824246776,0.026964264383381703,9.13349024257654,-1.0064168837217642,-8.287419619676879,-0.4281108569343876,1.060215335122911,1.8648549824246776,-8.36580614002178,-1.2491747005066383,1.123886425209776,1.8648549824246776,0.06367109008686489,0.8247971155341287,0.0
27.592191912527888,0.0,0.0,1.8430826114544119,-0.49642729497738036,-0.3277479550587082,1.8430826114544119,0.027223336663450875,9.160454506959923,-1.0303349713120245,-8.26218428728245,-0.3851989623378844,1.0159359631924805,1.8430826114544119,-8.34307631952526,-1.2046559549608562,1.0735747345873157,1.8430826114544119,0.057638771394834976,0.8234399089423933,0.0
27.641956794791408,0.0,0.0,1.8295682040743164,-0.13109980677466188,-0.33226018020695786,1.8295682040743164,0.02735068304068501,9.187677843623373,-1.0456126677919775,-8.23498488949724,-0.3435131436213382,0.9597756730223668,1.8295682040743164,-8.318110624980482,-1.16135177268256,1.0220673571251513,1.8295682040743164,0.062291684102784295,0.8220522556896056,0.0
27.691848429366264,0.0,0.0,1.8259825348125276,0.22880057232860232,-0.33347183525603735,1.8259825348125276,0.027330738574659612,9.215028526664058,-1.0497232244823602,-8.204938252740586,-0.30347018936633263,0.8959197131520447,1.8259825348125276,-8.290932609369907,-1.1194008837953613,0.9697962337927062,1.8259825348125276,0.07387652064066152,0.8204498323989882,0.0
27.74191923710943,0.0,0.0,1.8322358234405731,0.5397469408761956,-0.33136270680810803,1.8322358234405731,0.02717532485080528,9.242359265238719,-1.042570192530976,-8.172416309663673,-0.2653241676092293,0.8376786894032944,1.8322358234405731,-8.261595760599636,-1.0789303212540684,0.9173196200120803,1.8322358234405731,0.07964093060878596,0.8184790453750111,0.0
27.79206139890404,0.0,0.0,1.8469036218961121,0.7860931855259924,-0.3264876333280711,1.8469036218961121,0.026913267772430322,9.269534590089524,-1.0260761154180236,-8.137829028964164,-0.22894973820107622,0.7940646204470051,1.8469036218961121,-8.230183415370549,-1.0400485842102534,0.8652005927707619,1.8469036218961121,0.07113597232375657,0.8163398009933845,0.0
27.842052384138498,0.0,0.0,1.868059958292256,0.9765834831904999,-0.31963010622657373,1.868059958292256,0.026576248579291688,9.296447857861954,-1.00296648607598,-8.102333728201867,-0.19401620035102884,0.7477845510929522,1.868059958292256,-8.196803381599343,-1.0028421869222237,0.813906119368148,1.868059958292256,0.06612156827519566,0.8143242548063432,0.0
27.892057744673423,0.0,0.0,1.8940138836999572,1.1357653897671909,-0.31148910631899557,1.8940138836999572,0.026188524400094976,9.323024106441245,-0.9756672513464858,-8.064501447521447,-0.16094084077821746,0.6974559931201177,1.8940138836999572,-8.161579914774084,-0.9673756614300913,0.7637669172459175,1.8940138836999572,0.06631092412579953,0.812256947501184,0.0
27.942129614191025,0.0,0.0,1.9237579033226586,1.2944834160255587,-0.3025121509316845,1.9237579033226586,0.025762762298798536,9.34921263084134,-0.9457300969570264,-8.025575694833893,-0.1296968970165555,0.6490082845992533,1.9237579033226586,-8.124645961930428,-0.933693644350093,0.7149924285681406,1.9237579033226586,0.0659841439688873,0.8100775811892876,0.0
27.992215939721234,0.0,0.0,1.9571073718694618,1.4763007274558633,-0.2928739703269452,1.9571073718694618,0.02530180782076473,9.374975393140138,-0.9137738779773312,-7.984695541291041,-0.10039682909072056,0.5978508817764139,1.9571073718694618,-8.086137367270616,-0.9018233884419044,0.6677145253254066,1.9571073718694618,0.06986364354899255,0.80782112753477,0.0
28.042520776307413,0.0,0.0,1.9944604491612052,1.686790923221059,-0.28258597243927136,1.9944604491612052,0.02480469662143208,9.400277200960902,-0.879867319709634,-7.94241705204429,-0.07306698914765575,0.5551270760915804,1.9944604491612052,-8.04618934434357,-0.8717765673897392,0.6220341423834297,1.9944604491612052,0.06690706629184939,0.805422671039681,0.0
28.09266261222669,0.0,0.0,2.036300786275489,1.9189794704553675,-0.2716606152106318,2.036300786275489,0.024272263069773037,9.425081897582334,-0.8440811202942452,-7.899471120316442,-0.047542189682555414,0.5136537636317888,2.036300786275489,-8.004934566873992,-0.8435501441442682,0.5780487789678823,2.036300786275489,0.06439501533609349,0.8029640104799949,0.0
28.14281170382678,0.0,0.0,2.0828787608078754,2.1687714777399556,-0.26019295898242223,2.0828787608078754,0.02370824141158684,9.449354160652108,-0.8067520198022998,-7.855061847716071,-0.023784194685169124,0.47417538571686985,2.0828787608078754,-7.962501887536329,-0.8171269070744761,0.5358524000404354,2.0828787608078754,0.06167701432356543,0.8005847996669694,0.0
28.192963264945778,0.0,0.0,2.134296518568698,2.4378175165462284,-0.2483218974827348,2.134296518568698,0.02311745310424262,9.473062402063695,-0.7683490036102368,-7.810234486988097,-0.0017432857337436047,0.43493637650332106,2.134296518568698,-7.9190150471525,-0.7924764200305785,0.49552213662192185,2.134296518568698,0.06058576011860062,0.7981804933375517,0.0
28.243111494254272,0.0,0.0,2.190652650684157,2.500000000000004,-0.23618519528173335,2.190652650684157,0.022530444799286863,9.496179855167938,-0.7293248335276714,-7.764103305122843,0.018475989181275132,0.39385242099201634,2.190652650684157,-7.874591377552615,-0.7695565410377718,0.4571116747298685,2.190652650684157,0.06325925373785202,0.7957404619803367,0.0
28.29348229048742,0.0,0.0,2.246978762682374,2.4999999999999853,-0.22394611492748231,2.246978762682374,0.021979309750517956,9.518710299967225,-0.690201653137127,-7.7172059172245895,0.036916171846542944,0.3582836997839604,2.246978762682374,-7.8293407500156915,-0.7483152038975687,0.4206520664092812,2.246978762682374,0.06236836662532097,0.7931976640019047,0.0
28.343878894750954,0.0,0.0,2.3019270370586686,2.499999999999995,-0.21182345563575608,2.3019270370586686,0.02146674400660093,9.540689609717743,-0.6516650980569456,-7.669710459965491,0.053820885110960726,0.3281861700884805,2.3019270370586686,-7.783364816930706,-0.7286923554166354,0.3861482612750402,2.3019270370586686,0.05796209118655948,0.7907238990053203,0.0
28.394061696177804,0.0,0.0,2.355593897075171,2.500000000000006,-0.20002880031973977,2.355593897075171,0.020988448454525736,9.562156353724344,-0.6143636952961619,-7.622196972535377,0.0692666689868986,0.2970470566803695,2.355593897075171,-7.736756453083012,-0.7106222158912094,0.3535709333971024,2.355593897075171,0.05652387671673287,0.7882579193003789,0.0
28.444226571441337,0.0,0.0,2.4080650182114853,2.499999999999998,-0.18860607505754212,2.4080650182114853,0.02054076637102968,9.58314480217887,-0.5784083093550217,-7.573774653162973,0.08318718916804846,0.2651781031222321,2.4080650182114853,-7.689599458775449,-0.6940357155779385,0.3228583363934562,2.4080650182114853,0.05768023327122407,0.785805847049357,0.0
28.494609205440458,0.0,0.0,2.4594169341390595,2.4999999999999973,-0.17726161905323268,2.4594169341390595,0.020120565037403913,9.6036855685499,-0.5428541645173713,-7.524953869966524,0.09567534630215202,0.23778126166842795,2.4594169341390595,-7.641968773707772,-0.6788622430663762,0.29394318166541267,2.4594169341390595,0.05616191999698472,0.7833268570924812,0.0
28.545000202074387,0.0,0.0,2.509718346732569,2.4999999999999916,-0.1653658209053443,2.509718346732569,0.019725142975471743,9.623806133587303,-0.5057268181868415,-7.47582836450281,0.10692607508846308,0.2141821271796258,2.509718346732569,-7.593931391410301,-0.665029416870015,0.26680541080716574,2.509718346732569,0.05262328362753976,0.7809376457372045,0.0
28.59515278712562,0.0,0.0,2.5590312041712484,2.5000000000000044,-0.1522712980578095,2.5590312041712484,0.01935215649854719,9.643531276562776,-0.4650278743375842,-7.426940616981186,0.11699504115261083,0.1900490624772526,2.5590312041712484,-7.54554779817485,-0.6524601946195133,0.24152366958477592,2.5590312041712484,0.05147460710752316,0.7785428846812754,0.0
28.64527347131953,0.0,0.0,2.6074115954176165,2.4999999999999996,-0.13783198224513685,2.6074115954176165,0.018999560997074387,9.662883433061323,-0.42033786206798646,-7.377391845155513,0.12586237871539918,0.1657911630138956,2.6074115954176165,-7.496873291843241,-0.6410685116918801,0.21827650538978305,2.6074115954176165,0.052485342375887534,0.7761821994631767,0.0
28.69560246070132,0.0,0.0,2.6549104979103024,2.499999999999995,-0.12278499394839056,2.6549104979103024,0.018665563587982385,9.681882994058396,-0.3739569081765675,-7.327662850731881,0.1336068988848873,0.14063545894851895,2.6549104979103024,-7.447958423744005,-0.6307566602701541,0.19726343534363552,2.6549104979103024,0.05662797639511652,0.7737717205031971,0.0
28.745920644319895,0.0,0.0,2.7015744068802583,2.4999999999999987,-0.10872716182913024,2.7015744068802583,0.0183485846165068,9.700548557646378,-0.33078072839813555,-7.277749048457315,0.1399688125968539,0.11263631363338118,2.7015744068802583,-7.39884829179859,-0.6214178853949446,0.17856899114797084,2.7015744068802583,0.06593267751458987,0.7709570225483932,0.0
28.796206320020797,0.0,0.0,2.7474458684215253,2.4999999999999925,-0.09760612992076638,2.7474458684215253,0.018047226118593385,9.718897142262886,-0.2967190267168068,-7.227728796431004,0.14491094744168143,0.10527619298480669,2.7474458684215253,-7.3495811266772755,-0.6129455743656159,0.16203296324520367,2.7474458684215253,0.05675677026039683,0.7675900585809466,0.0
28.84626294746507,0.0,0.0,2.7925639337180086,2.500000000000017,-0.09086489303350646,2.7925639337180086,0.017760245803727828,9.73694436838148,-0.27610846927317656,-7.178190062814359,0.15048889729827586,0.10973825815285744,2.7925639337180086,-7.300187031843633,-0.6052469943898031,0.14719971062848716,2.7925639337180086,0.03746145247562982,0.765519430477049,0.0
28.89631175931312,0.0,0.0,2.8369645482273285,2.4999999999999982,-0.08868732568563167,2.8369645482273285,0.017486535451281794,9.754704614185208,-0.26945630678987004,-7.128233280212782,0.15587345272449227,0.10286020412441078,2.8369645482273285,-7.250687714007649,-0.5982563994969893,0.133396798426794,2.8369645482273285,0.030536594302383424,0.7640071481129055,0.0
28.946537293625912,0.0,0.0,2.880680886855533,2.500000000000009,-0.08986269797631728,2.880680886855533,0.017225102861923365,9.77219114963649,-0.2730465800626177,-7.078269923111532,0.16080310448005353,0.08613891622587382,2.880680886855533,-7.201097654492021,-0.5919414355639644,0.11992643384651273,2.880680886855533,0.03378751762063903,0.7626998060588175,0.0
28.996701981964186,0.0,0.0,2.9237436440103415,2.4999999999999973,-0.09234939604983826,2.9237436440103415,0.01697505669272383,9.789416252498413,-0.2806449270966295,-7.028275891058844,0.16450503298727526,0.06517659488108757,2.9237436440103415,-7.151426535251621,-0.5862994791632952,0.10627658825685035,2.9237436440103415,0.04109999337576298,0.7608373654275609,0.0
29.046818762976834,0.0,0.0,2.966181285742151,2.5000000000000036,-0.0941303990118971,2.966181285742151,0.016735593646768774,9.806391309191136,-0.28608910012545175,-6.978249181242516,0.16733136245982472,0.048274512648404336,2.966181285742151,-7.101682113826708,-0.5813454801584996,0.09224689442397928,2.966181285742151,0.04397238177557483,0.7587837000880271,0.0
29.096908959807426,0.0,0.0,3.008020269859073,2.4999999999999964,-0.09389551772780888,3.008020269859073,0.016505987597068585,9.823126902837904,-0.28537101054263514,-6.928212206355706,0.1693393144996045,0.03251390791281711,3.008020269859073,-7.051872524525478,-0.5770966242021349,0.07794504145551387,3.008020269859073,0.04543113354269668,0.7566098630571743,0.0
29.146968331842192,0.0,0.0,3.0492852388517444,2.4999999999999996,-0.09129931845985607,3.0492852388517444,0.016285580308789176,9.839632890434974,-0.27743589179249745,-6.878183352986837,0.1705860405646722,0.01784672332335936,3.0492852388517444,-7.002007326142141,-0.5735596527323995,0.06367908643502036,3.0492852388517444,0.045832363111661056,0.7543773519801247,0.0
29.196994195518933,0.0,0.0,3.0899991896237173,2.4999999999999876,-0.08675917183191235,3.0899991896237173,0.016073773489413138,9.855918470743763,-0.26356821958083726,-6.8281764120937165,0.17112481521020806,0.004228594289390736,3.0899991896237173,-6.952097283465352,-0.5707244911014684,0.049809815180535476,3.0899991896237173,0.0455812208911448,0.7521281643686938,0.0
29.246984161513616,0.0,0.0,3.13018362334725,2.49999999999998,-0.08097295358753631,3.13018362334725,0.015870021947886264,9.871992244233176,-0.24591026836127525,-6.778204314867204,0.17100881387419786,-0.008395908964786104,3.13018362334725,-6.902153427312064,-0.5685644820972736,0.03663380140737046,3.13018362334725,0.04502971037215664,0.749888020033641,0.0
29.29696465259682,0.0,0.0,3.1698586782169653,2.499999999999996,-0.0744770901218071,3.1698586782169653,0.0156738276844296,9.887862266181063,-0.2261063649395404,-6.728218953095769,0.17028556176399867,-0.020325431276787403,3.1698586782169653,-6.852186067815359,-0.5670406469120727,0.0243405245925718,3.1698586782169653,0.0446659558693594,0.7476749183519062,0.0
29.346678301100106,0.0,0.0,3.2090432474280393,2.500000000000002,-0.06747349063202807,3.2090432474280393,0.015484734764985382,9.903536093865492,-0.20477597676828382,-6.678797555012984,0.16898805032592978,-0.031401147312419976,3.2090432474280393,-6.802204159131307,-0.5661064315616735,0.013037262828381996,3.2090432474280393,0.04443841014080219,0.7453811690951283,0.0
29.396311073773315,0.0,0.0,3.2477550843405028,2.499999999999991,-0.059905075198239906,3.2477550843405028,0.015302324860082681,9.919020828630478,-0.18174799097388245,-6.629002343232866,0.16716902197847272,-0.041212114417718,3.2477550843405028,-6.752215040004915,-0.5657105697159085,0.0028003264685918464,3.2477550843405028,0.04401244088631007,0.7431647627329782,0.0
29.446115386060416,0.0,0.0,3.2860108964907093,2.4999999999999973,-0.05162455915440661,3.2860108964907093,0.015126213348672495,9.93432315349056,-0.15657718045638325,-6.579273508022164,0.1648841302324504,-0.05004851075412716,3.2860108964907093,-6.702224383058465,-0.5657976808612721,-0.00628542004563264,3.2860108964907093,0.04376309070849471,0.7409539977187481,0.0
29.495870547896033,0.0,0.0,3.3238264298623905,2.5000000000000124,-0.04254863636891275,3.3238264298623905,0.014956045904272056,9.949449366839232,-0.12901312566053597,-6.529616622936666,0.16219075738543154,-0.057774725832802805,3.3238264298623905,-6.652236205941154,-0.5663075348313112,-0.014112854967557669,3.3238264298623905,0.04366187086524498,0.738745777584485,0.0
29.545574143338285,0.0,0.0,3.361216544623071,2.4999999999999774,-0.03278285550020958,3.361216544623071,0.014791495494406483,9.964405412743504,-0.09937758979775807,-6.480032177567101,0.15914410156900693,-0.06434200735163859,3.361216544623071,-6.602252901024808,-0.5671742120391718,-0.02056233785030307,3.361216544623071,0.043779669501335494,0.7365298350543269,0.0
29.59522389875645,0.0,0.0,3.3981952833590867,2.499999999999993,-0.022709987887766302,3.3981952833590867,0.01463225973548483,9.979196908237912,-0.06882997839377641,-6.430522585919101,0.15580603500339407,-0.06941261793868692,3.3981952833590867,-6.552275322947576,-0.5683262155422518,-0.025530313481058532,3.3981952833590867,0.04388230445762842,0.7342964287358527,0.0
29.64481715147334,0.0,0.0,3.4347759326977987,2.4999999999999907,-0.012993987151771814,3.4347759326977987,0.014478058554398442,9.993829167973397,-0.03937793490544987,-6.381084522032439,0.15226483384930134,-0.07206103593934662,3.4347759326977987,-6.502303003359852,-0.5696883359150872,-0.02897118637827404,3.4347759326977987,0.04308984956107276,0.7320589454054724,0.0
29.69459737965375,0.0,0.0,3.4709710790837947,2.500000000000002,-0.004450895591971159,3.4709710790837947,0.014328632115673822,10.008307226527796,-0.013487651465608867,-6.331220516132396,0.14863781298868162,-0.07243546197315313,3.4709710790837947,-6.452334534104261,-0.5711856120577702,-0.03093972497332219,3.4709710790837947,0.04149573699983078,0.7299413459963027,0.0
29.74459148189901,0.0,0.0,3.5067926593729792,2.4999999999999774,0.0021804005107992027,3.5067926593729792,0.014183738979259125,10.02263585864347,0.006607284745818719,-6.281358516730148,0.14502847401237773,-0.07109329845472212,3.5067926593729792,-6.402368079851034,-0.572748915394552,-0.031613984873704475,3.5067926593729792,0.03947931358101764,0.7279063779845146,0.0
29.794582138646714,0.0,0.0,3.5422520068211267,2.499999999999995,0.006467624966454269,3.5422520068211267,0.014043154459217205,10.03681959762273,0.019599136813897935,-6.231491761866229,0.14153579772653302,-0.06776207058126077,3.5422520068211267,-6.352401894470934,-0.57432081185562,-0.031283680730994926,3.5422520068211267,0.036478389850265636,0.7259958303247633,0.0
29.84456928281564,0.0,0.0,3.5773598929691697,2.5000000000000093,0.00842477111267049,3.5773598929691697,0.01390666915793352,10.050862752081947,0.025530213452541212,-6.18161366645999,0.13825919242257356,-0.062394700565129795,3.5773598929691697,-6.302434691924949,-0.575859978009069,-0.030303902148384507,3.5773598929691697,0.032090798416745336,0.7242678439447534,0.0
29.894553235017863,0.0,0.0,3.6121265658640036,2.5000000000000147,0.008504139021796042,3.6121265658640036,0.013774087654079555,10.06476942123988,0.025770739500757582,-6.1317183867966145,0.13530237665673184,-0.05805965518348909,3.6121265658640036,-6.252465786339092,-0.5773427787240328,-0.029027623678174803,3.6121265658640036,0.029032031505314304,0.7228022219002546,0.0
29.944534708371865,0.0,0.0,3.6465617849992027,2.5000000000000067,0.007394777053491819,3.6465617849992027,0.013645227325626905,10.07854350889396,0.02240882377363657,-6.081819156154582,0.13245863835839344,-0.061719827692292305,3.6465617849992027,-6.202495020517804,-0.5787615035813645,-0.027739321093186983,3.6465617849992027,0.03398050659910545,0.7213853024151657,0.0
29.994527868960347,0.0,0.0,3.68067485331327,2.5000000000000084,0.005666560402505038,3.68067485331327,0.013519917291784677,10.092188736219587,0.017171578952099507,-6.031922445975785,0.12913515538710385,-0.06149861127017132,3.68067485331327,-6.152522581561753,-0.5801200491542116,-0.026619083717256666,3.68067485331327,0.03487952755291479,0.7194354299534441,0.0
30.044519432578042,0.0,0.0,3.714474646542732,2.5000000000000013,0.0034596262457614276,3.714474646542732,0.013397997459914983,10.105708653511371,0.01048375772302694,-5.982025041388582,0.12631369003963755,-0.06021043945728383,3.714474646542732,-6.102548821933078,-0.5814291548618808,-0.025760660948610004,3.714474646542732,0.03444977850867392,0.7179316932592074,0.0
30.094509360675197,0.0,0.0,3.7479696401925193,2.4999999999999964,0.00044195095361071967,3.7479696401925193,0.013279317665334764,10.119106650971286,0.0013392454011659709,-5.932123763374804,0.12311896092876395,-0.05784490395090872,3.7479696401925193,-6.052574168352312,-0.5827037155403627,-0.025236568414340098,3.7479696401925193,0.0326083355365685,0.7160265013791649,0.0
30.144497717216396,0.0,0.0,3.781167934355856,2.4999999999999796,-0.0039321479007167915,3.781167934355856,0.013163736893491347,10.13238596863662,-0.011915661111676903,-5.882215544358772,0.1205337712325445,-0.05746132792278061,3.781167934355856,-6.002599139731296,-0.5839635076024032,-0.025169618324987618,3.781167934355856,0.03229170959779282,0.7147087700040218,0.0
30.194484324491754,0.0,0.0,3.8140772765895843,2.500000000000011,-0.010010160719424534,3.8140772765895843,0.013051122575348493,10.145549705530112,-0.030334833585649437,-5.832315549406889,0.11737752799606938,-0.06301157282607339,3.8140772765895843,-5.952624446627642,-0.5852365111149659,-0.0257652930052412,3.8140772765895843,0.037246279820832395,0.7128398969659295,0.0
30.24448412085423,0.0,0.0,3.8467050830279557,2.499999999999996,-0.017529137262846217,3.8467050830279557,0.012941349947976043,10.15860082810546,-0.05312403903038849,-5.782414408064171,0.11423680851533646,-0.05560983367971224,3.8467050830279557,-5.9026511298225035,-0.5865622905859902,-0.027281758783121522,3.8467050830279557,0.028328074896590838,0.7110388502468917,0.0
30.29446923385031,0.0,0.0,3.8790584578978957,2.5000000000000138,-0.02536781282749806,3.8790584578978957,0.012834301473330109,10.171542178053436,-0.07688865407177353,-5.73249986022647,0.11182106523984103,-0.05284088957631227,3.8790584578978957,-5.8526806973468615,-0.5879923157636945,-0.029937477560839615,3.8790584578978957,0.022903412015472746,0.7100578862617875,0.0
30.344453061660644,0.0,0.0,3.911144211581221,2.4999999999999973,-0.03168291689135158,3.911144211581221,0.012729866309066843,10.184376479526765,-0.09604097675748284,-5.682586282798282,0.1089568865282633,-0.061706602741287385,3.911144211581221,-5.8027151919902975,-0.5895847228098833,-0.03378121094668165,3.911144211581221,0.027925391794605847,0.7087956932716163,0.0
30.394447990364878,0.0,0.0,3.9429688773538882,2.500000000000005,-0.03449025733490698,3.9429688773538882,0.012627939825972566,10.197106345835833,-0.10455739432639409,-5.632700308351995,0.10565494569680034,-0.07602825565760984,3.9429688773538882,-5.752757053715971,-0.5913930873001387,-0.03858238627258888,3.9429688773538882,0.037445869385020814,0.7073115172343035,0.0
30.444458938730456,0.0,0.0,3.9745387269188197,2.030788490806673,-0.03240591673839528,3.9745387269188197,0.012537629199910685,10.209734285661805,-0.0982341367444925,-5.582853324915271,0.10135972010893468,-0.08604568745012296,3.9745387269188197,-5.702808619502941,-0.5934519200979428,-0.043809305018413944,3.9745387269188197,0.04223638243170891,0.7050904112711972,0.0
30.49447093658267,0.0,0.0,4.0,0.0,-0.02516052270989566,4.0,0.012497726199804497,10.222271914861714,-0.07626010109169978,-5.533046366091213,0.09705892867935972,-0.09455950688058544,4.0,-5.652871256195914,-0.5957639075942307,-0.048720118396441234,4.0,0.04583938848414437,0.7031084459390214,0.0
30.54448320450293,0.0,0.0,4.0,0.0,-0.013708046974480251,4.0,0.012497726199804497,10.234769641061519,-0.041542138387618,-5.483275640676208,0.09191553821220566,-0.10019707627288697,4.0,-5.60294443178427,-0.598293678346417,-0.05253242985009514,4.0,0.04766464642279189,0.7005065183049567,0.0
30.594492121742388,0.0,0.0,4.0,0.0,6.189557413363177e-05,4.0,0.012497726199804497,10.247267367261323,0.0001875623460990112,-5.433530173945201,0.08705419406305737,-0.10258384917666577,4.0,-5.55302525150158,-0.6009704496057983,-0.05460915893538649,4.0,0.047974690241279205,0.6983244116138723,0.0
30.64449354541255,0.0,0.0,4.0,0.0,0.013913632434527624,4.0,0.012497726199804497,10.259765093461127,0.04216524347544911,-5.383798519343262,0.08167484451092832,-0.10096596622318046,4.0,-5.503108855832697,-0.60369882019164,-0.05459978252399873,4.0,0.04636618369918155,0.6956809733355159,0.0
30.694489098333154,0.0,0.0,4.0,0.0,0.025943257512775812,4.0,0.012497726199804497,10.27226281966093,0.07863357415930847,-5.3340482962720515,0.07697563951208153,-0.0904622657119615,4.0,-5.453189609048,-0.6063743458919586,-0.05249190385158171,4.0,0.03797036186037994,0.6936583128325344,0.0
30.744461238300527,0.0,0.0,4.0,0.0,0.035047359224499905,4.0,0.012497726199804497,10.284760545860735,0.10624762435964977,-5.284262903690608,0.07264598476447048,-0.08308632102676722,4.0,-5.403262534193786,-0.6088991312400406,-0.04856094033176147,4.0,0.03452538069500566,0.6918559511990161,0.0
30.79443499223732,0.0,0.0,4.0,0.0,0.04100879877809353,4.0,0.012497726199804497,10.297258272060539,0.12433879610087926,-5.23444557563313,0.06868092001924175,-0.07580240387968076,4.0,-5.353324351523115,-0.6111931667719808,-0.04324952545725515,4.0,0.032552878422425824,0.690189059060849,0.0
30.844410292855834,0.0,0.0,4.0,0.0,0.04427099965116633,4.0,0.012497726199804497,10.309755998260343,0.1342422572835371,-5.184599323277784,0.06507674260030516,-0.06860539817469041,4.0,-5.3033737981442535,-0.613199340619355,-0.03703371653852672,4.0,0.03157168163616353,0.6885969945821787,0.0
30.894387119669723,0.0,0.0,4.0,0.0,0.045597629993108214,4.0,0.012497726199804497,10.322253724460147,0.1382704776996944,-5.134727055721991,0.061828937804273565,-0.061493392938936645,4.0,-5.253411334910014,-0.6148826264322512,-0.03032282463463329,4.0,0.031170568304303536,0.6870403913146772,0.0
30.944365457388763,0.0,0.0,4.0,0.0,0.04576703247548585,4.0,0.012497726199804497,10.334751450659951,0.13878489132719976,-5.084831578246936,0.05893394062618462,-0.054450536085709954,4.0,-5.203438570707149,-0.6162255524031367,-0.023410558347405474,4.0,0.03103997773830436,0.6854983294568028,0.0
30.994345237751592,0.0,0.0,4.0,0.0,0.04536961963535209,4.0,0.012497726199804497,10.347249176859755,0.1375781058548263,-5.034915641483689,0.056388775286855264,-0.04750860900597076,4.0,-5.153457705666895,-0.6172223813207003,-0.016472576057497617,4.0,0.031036032948473125,0.6839621417059456,0.0
31.04432644374678,0.0,0.0,4.0,0.0,0.04473569539587406,4.0,0.012497726199804497,10.359746903059559,0.13565321886506157,-4.984981956016796,0.05418665177557358,-0.04066370240982749,4.0,-5.103471145520092,-0.61787393049727,-0.00959492206525226,4.0,0.031068780344575053,0.6824259038709343,0.0
31.094309018431137,0.0,0.0,4.0,0.0,0.043965468508645945,4.0,0.012497726199804497,10.372244629259363,0.13331460089281344,-4.935033128748423,0.052324942367136806,-0.033905955798179496,4.0,-5.053481298636274,-0.6181840819092138,-0.002813494915261487,4.0,0.03109246088291817,0.6808908286838682,0.0
31.144292888271785,0.0,0.0,4.0,0.0,0.042989966191137166,4.0,0.012497726199804497,10.384742355459167,0.1303529380885171,-4.885071672979242,0.05079779941172191,-0.027259896986352904,4.0,-5.0034904930797035,-0.6181581484843559,0.0038510226063168916,4.0,0.031110919592669983,0.6793563697938847,0.0
31.194278012340597,0.0,0.0,4.0,0.0,0.04162412274442709,4.0,0.012497726199804497,10.397240081658971,0.126206600861938,-4.835100022355557,0.04960010120294367,-0.020736835978889045,4.0,-4.953500940031192,-0.6178027541037006,0.010367483924598308,4.0,0.031104319903487276,0.677823980527315,0.0
31.244264343324637,0.0,0.0,4.0,0.0,0.039653254860437435,4.0,0.012497726199804497,10.409737807858775,0.12022439780905876,-4.785120505181329,0.04872483129394034,-0.014332606992144723,4.0,-4.90351468839961,-0.6171267950603014,0.01667666609332035,4.0,0.031009273085464972,0.6762954760594756,0.0
31.294251825139156,0.0,0.0,4.0,0.0,0.03699078392082763,4.0,0.012497726199804497,10.42223553405858,0.1121444390301815,-4.735135327160363,0.048167248398339524,-0.008034894167283448,4.0,-4.8535335410129985,-0.6161429526065819,0.02268679251873632,4.0,0.030721686686019822,0.6747786156975437,0.0
31.34424040206752,0.0,0.0,4.0,0.0,0.0338436685389223,4.0,0.012497726199804497,10.434733260258383,0.10259574516836367,-4.685146578545988,0.0479215340870347,-0.001840607877665561,4.0,-4.803558941191416,-0.6148688294198149,0.028292994494055826,4.0,0.03013360237172158,0.6732848977845963,0.0
31.394230025057816,0.0,0.0,4.0,0.0,0.030760493704659116,4.0,0.012497726199804497,10.447230986458187,0.09324302824106928,-4.635156250536437,0.047983225914491,0.004254311850485574,4.0,-4.75359188945155,-0.6133264854792256,0.03342184862357232,4.0,0.02916753677308659,0.6718314780872296,0.0
31.444220644166272,0.0,0.0,4.0,0.0,0.028506670376272036,4.0,0.012497726199804497,10.459728712657991,0.08640725661019595,-4.585166245116387,0.04834688417052391,0.010246851192122059,4.0,-4.703632976697111,-0.6115395680006572,0.03808315197156241,4.0,0.027836300779440215,0.6704360493369131,0.0
31.494212202596643,0.0,0.0,4.0,0.0,0.027801718133171276,4.0,0.012497726199804497,10.472226438857795,0.08426934341534358,-4.535178382641385,0.04900772010616805,0.013641481598238924,4.0,-4.653682585260498,-0.6095283315271833,0.042402728910724316,4.0,0.028761247312485416,0.6691135758144768,0.0
31.54420471724106,0.0,0.0,4.0,0.0,0.028999083158033942,4.0,0.012497726199804497,10.4847241650576,0.08790065087569555,-4.485190518791345,0.04971078580533472,0.00855467988233538,4.0,-4.6037412266607065,-0.6073040186131812,0.04661542963489336,4.0,0.03806074975255802,0.6676246876512487,0.0
31.59419497018558,0.0,0.0,4.0,0.0,0.031865477252575304,4.0,0.012497726199804497,10.497221891257404,0.09659474887483498,-4.435201535144115,0.049863010896373794,0.009786888075088662,4.0,-4.553809905990924,-0.6048648061347494,0.051009662704609555,4.0,0.04122277462952084,0.6653844452865382,0.0
31.64418498462868,0.0,0.0,4.0,0.0,0.03564061435752622,4.0,0.012497726199804497,10.509719617457208,0.10804761484723215,-4.385215278069387,0.050689263537329055,0.02033212557059689,4.0,-4.503890373087264,-0.6021953602736179,0.0558385215997158,4.0,0.03550639602911909,0.6635827832201977,0.0
31.694178405972217,0.0,0.0,4.0,0.0,0.03936687901071077,4.0,0.012497726199804497,10.522217343657012,0.11935523610285617,-4.335235358792003,0.051895815871858986,0.027850168458474666,4.0,-4.45398515992134,-0.5992706063385715,0.061239919627326354,4.0,0.03338975116885168,0.6619057521147476,0.0
31.744173195678545,0.0,0.0,4.0,0.0,0.04226075179892373,4.0,0.012497726199804497,10.534715069856816,0.12813917761463003,-4.285264473703254,0.05347363019489748,0.0351885233153679,4.0,-4.404097390607174,-0.596062238951841,0.06720659587263242,4.0,0.03201807255726452,0.6603166720961261,0.0
31.794169267841237,0.0,0.0,4.0,0.0,0.043931663188749304,4.0,0.012497726199804497,10.54721279605662,0.13321196241327693,-4.235305114824056,0.05541366568311368,0.042343458672170216,4.0,-4.354230434756059,-0.5925453182643143,0.07361238930181548,4.0,0.0312689306296452,0.6587822679756282,0.0
31.84416654306457,0.0,0.0,4.0,0.0,0.044409903027028005,4.0,0.012497726199804497,10.559710522256424,0.13466400525013456,-4.185359553402564,0.057706480150104156,0.04929970736374509,4.0,-4.3043875242489795,-0.5887027150896398,0.0802717758329346,4.0,0.03097206846918965,0.6572765822196228,0.0
31.894164904676284,0.0,0.0,4.0,0.0,0.04401378508510708,4.0,0.012497726199804497,10.572208248456228,0.13346129845042295,-4.135429886065608,0.060341478166407114,0.05609782278460577,4.0,-4.254571461690499,-0.5845264684847081,0.08700375129927547,4.0,0.030905928514669778,0.6557815060371917,0.0
31.94416428813644,0.0,0.0,4.0,0.0,0.043131688795212286,4.0,0.012497726199804497,10.584705974656032,0.13078319783547218,-4.085518091568773,0.06331325145592981,0.06274231549494078,4.0,-4.204784504849234,-0.5800164550861439,0.09367560236449059,4.0,0.030933286869549992,0.6542916694076856,0.0
31.99416464592463,0.0,0.0,4.0,0.0,0.04205058482300785,4.0,0.012497726199804497,10.597203700855836,0.1275011748648259,-4.0356259372433705,0.06661163887215871,0.06919417583792903,4.0,-4.155028418330992,-0.5751777036904996,0.10021357275682097,4.0,0.031019396918892106,0.6528020471145054,0.0
32.044165832512455,0.0,0.0,4.0,0.0,0.04091314279951325,4.0,0.012497726199804497,10.60970142705564,0.12404844261588308,-3.9857550202717977,0.07022731293654338,0.07548888223967734,4.0,-4.105304602760593,-0.5700178328601527,0.10658747185127693,4.0,0.031098589611599614,0.6513109467754077,0.0
32.09416781320997,0.0,0.0,4.0,0.0,0.03976604873848934,4.0,0.012497726199804497,10.622199153255444,0.1205667369759254,-3.935906780415767,0.07415365824968312,0.08160571543873868,4.0,-4.055614208552365,-0.564545422301131,0.1127887657365788,4.0,0.031183050297840076,0.6498202704190861,0.0
32.144170489942276,0.0,0.0,4.0,0.0,0.03861762451633952,4.0,0.012497726199804497,10.634696879455248,0.1170813123192371,-3.8860824745167477,0.07837926633988879,0.08754926819704126,4.0,-4.005958198328136,-0.5587692950721815,0.11881600600669463,4.0,0.03126673780965339,0.6483274469500538,0.0
32.19417378169209,0.0,0.0,4.0,0.0,0.037468043764563225,4.0,0.012497726199804497,10.647194605655052,0.11359268739583725,-3.836283221118577,0.08289798076375021,0.09332102274827642,4.0,-3.9563373705684732,-0.552698308274868,0.12466900674461312,4.0,0.03134798399633665,0.6468350960173703,0.0
32.24417763535752,0.0,0.0,4.0,0.0,0.03631793927014663,4.0,0.012497726199804497,10.659692331854856,0.11010277393405747,-3.786509925464177,0.08769854746807582,0.09889685257212248,4.0,-3.9067523673680076,-0.5463413196258406,0.13034760796610576,4.0,0.03145075539398334,0.645340838549264,0.0
32.29418190257715,0.0,0.0,4.0,0.0,0.03517049419377071,4.0,0.012497726199804497,10.67219005805466,0.10662122095033989,-3.736763359300703,0.09277239540159954,0.10431525864640515,4.0,-3.8572036793214908,-0.5397071831900103,0.13585174525597304,4.0,0.03153648660956776,0.6438449254456621,0.0
32.344186580051826,0.0,0.0,4.0,0.0,0.034037309810337826,4.0,0.012497726199804497,10.684687784254464,0.10318321337995233,-3.6870442118273132,0.0981121389759636,0.10956588128868075,4.0,-3.8076916520889443,-0.5328047339577068,0.14118183656207786,4.0,0.03161595527339722,0.642348741256714,0.0
32.39419160075719,0.0,0.0,4.0,0.0,0.03295139765480482,4.0,0.012497726199804497,10.697185510454268,0.09988887571752121,-3.6373530119907156,0.10370817295428658,0.11463719483498411,4.0,-3.758216499318225,-0.5256427314582172,0.14634005875903244,4.0,0.03170286392404842,0.6408514207316728,0.0
32.4441968707283,0.0,0.0,4.0,0.0,0.031975390201621455,4.0,0.012497726199804497,10.709683236654072,0.09692815801764397,-3.587690106103043,0.10955197180976306,0.11952562322098942,4.0,-3.7087783337547235,-0.5182296919074261,0.15133359403552796,4.0,0.03180797081453868,0.6393529355335339,0.0
32.494202292036995,0.0,0.0,4.0,0.0,0.03116257922672105,4.0,0.012497726199804497,10.722180962853876,0.09446263799826997,-3.5380557154484498,0.11563358868871632,0.12424347539821662,4.0,-3.6593772319676225,-0.510573529999217,0.15617912035535156,4.0,0.03193564495713508,0.637851288205923,0.0
32.54420782713794,0.0,0.0,4.0,0.0,0.030421160738606175,4.0,0.012497726199804497,10.73467868905368,0.09221378365050806,-3.488449950954417,0.12194575125772467,0.12878515819499484,4.0,-3.610013319212826,-0.5026811263050626,0.16090139309860607,4.0,0.03211623490361104,0.6363461233292513,0.0
32.594213413720375,0.0,0.0,4.0,0.0,0.029316096507842355,4.0,0.012497726199804497,10.747176415253485,0.08886211456954048,-3.4388727701166744,0.1284779692937672,0.1331501572447286,4.0,-3.560686767987843,-0.49455847395041824,0.1655112435782543,4.0,0.032361086333525524,0.6348330959297273,0.0
32.64421899223505,0.0,0.0,4.0,0.0,0.026992640181340895,4.0,0.012497726199804497,10.759674141453289,0.0818157506928502,-3.3893240320220226,0.1352229394448088,0.13734638874421895,4.0,-3.511397482482891,-0.48621264940737435,0.1699535410879574,4.0,0.032607152343738566,0.6333120229393105,0.0
32.69422457807144,0.0,0.0,4.0,0.0,0.02240906322632656,4.0,0.012497726199804497,10.772171867653093,0.06791762122426045,-3.339803423391613,0.14217099667390976,0.14134099963836444,4.0,-3.4621442439489942,-0.47765662388479985,0.17404358449192023,4.0,0.032702584853555816,0.6317860045791811,0.0
32.74423002050042,0.0,0.0,4.0,0.0,0.014841094885860696,4.0,0.012497726199804497,10.784669593852897,0.044976316986796945,-3.2903104578421263,0.14931155961122755,0.14515397064440871,4.0,-3.4129233618680983,-0.468916319023406,0.17743884782873157,4.0,0.03228487718432271,0.630269493276298,0.0
32.794235267913315,0.0,0.0,4.0,0.0,0.004402133443782765,4.0,0.012497726199804497,10.7971673200527,0.013339884484828353,-3.2408446742780157,0.1566369929816318,0.1510099601163031,4.0,-3.3637273261523752,-0.46003715353949143,0.179687254609438,4.0,0.02867729449313483,0.6287981783682509,0.0
32.8442396803426,0.0,0.0,4.0,0.0,-0.0076959257480386,4.0,0.012497726199804497,10.809665046252505,-0.023321447539000773,-3.1914397687010325,0.1643565547377932,0.16444804492684137,4.0,-3.314544275872647,-0.45108628569273956,0.1803541275047516,4.0,0.01590608257791004,0.6276341366777052,0.0
32.8942838961341,0.0,0.0,4.0,0.0,-0.019354630941016474,4.0,0.012497726199804497,10.822162772452309,-0.05865772140202674,-3.142106549238387,0.17302225466396948,0.16284629655313834,4.0,-3.2653589958128832,-0.44214768932545917,0.17918826724104947,4.0,0.0163419706879111,0.6273955893808594,0.0
32.94429292529361,0.0,0.0,4.0,0.0,-0.02832991066852553,4.0,0.012497726199804497,10.834660498652113,-0.08587118831896733,-3.092744967480387,0.18057223239627973,0.14339419691919755,4.0,-3.2161555177331804,-0.4333099001922604,0.1762559146747017,4.0,0.03286171775550395,0.626164065261774,0.0
32.9942250967569,0.0,0.0,4.0,0.0,-0.03318139894483413,4.0,0.012497726199804497,10.847158224851917,-0.10058661194425515,-3.0432671483776508,0.18729319806822886,0.12732673486872356,4.0,-3.1669204538631166,-0.424649922675011,0.17196313627445248,4.0,0.044636401405728776,0.6243112388724532,0.0
33.044155564315716,0.0,0.0,4.0,0.0,-0.033842153127469694,4.0,0.012497726199804497,10.859655951051721,-0.10259114774883618,-2.993692416946671,0.1932528709974246,0.12055912480716184,4.0,-3.1176455782721035,-0.416219505582397,0.16693472053267133,4.0,0.046375595725509644,0.6219493259232817,0.0
33.0941141889341,0.0,0.0,4.0,0.0,-0.031488557088592495,4.0,0.012497726199804497,10.872153677251525,-0.09545141967512694,-2.9440751438376864,0.19930997510646797,0.12045069826076953,4.0,-3.068328526346438,-0.40803943991898395,0.16180609623231676,4.0,0.04135539797154708,0.6199292016001705,0.0
33.14409940381019,0.0,0.0,4.0,0.0,-0.02789986628051464,4.0,0.012497726199804497,10.884651403451329,-0.0845669928609492,-2.89444631485186,0.20526528307080127,0.1182456186751328,4.0,-3.0189715788902824,-0.40010359978624677,0.1570343933983873,4.0,0.038788774723254704,0.6180437085800884,0.0
33.19408384364215,0.0,0.0,4.0,0.0,-0.02471008263514413,4.0,0.012497726199804497,10.897149129651133,-0.07489428209673403,-2.8448043339897273,0.21110332973477774,0.11575104679476719,4.0,-2.9695794126989417,-0.39238992624477564,0.15280681290911943,4.0,0.03705576611435202,0.6162571949110967,0.0
33.24406758461617,0.0,0.0,4.0,0.0,-0.022878158986523282,4.0,0.012497726199804497,10.909646855850937,-0.06933985265453399,-2.79514778290185,0.21681080166477606,0.11297141344414563,4.0,-2.9201568857771187,-0.3848731798742466,0.14906277998281584,4.0,0.0360913665386704,0.6145330661911778,0.0
33.294050676969604,0.0,0.0,4.0,0.0,-0.0225651302882246,4.0,0.012497726199804497,10.922144582050741,-0.06839079094299941,-2.745475382352362,0.22237264433106851,0.10990816534521569,4.0,-2.8707075766170473,-0.37753465932277014,0.14559641800997122,4.0,0.035688252664755726,0.612839192168359,0.0
33.34403314906312,0.0,0.0,4.0,0.0,-0.023397865957789064,4.0,0.012497726199804497,10.934642308250545,-0.07091556573516584,-2.6957860096724113,0.22777565857301596,0.10658501103687586,4.0,-2.82123329598154,-0.3703664179817664,0.14217750049079653,4.0,0.035592489453920795,0.6111554347198359,0.0
33.39401511679257,0.0,0.0,4.0,0.0,-0.024871713431283568,4.0,0.012497726199804497,10.94714003445035,-0.07538437353205484,-2.6460787229254477,0.23300713948606955,0.10298453765579399,4.0,-2.7717343571360167,-0.36337049070667665,0.13863236719534716,4.0,0.03564782953955303,0.6094715876914824,0.0
33.443996617959364,0.0,0.0,4.0,0.0,-0.026616616173013426,4.0,0.012497726199804497,10.959637760650153,-0.08067546490192767,-2.596352633551972,0.23805211461751163,0.09908982758799212,4.0,-2.7222101697402654,-0.35655561962967697,0.13486383415475753,4.0,0.035774006566765326,0.6077816030795624,0.0
33.49397767651449,0.0,0.0,4.0,0.0,-0.028448531391540008,4.0,0.012497726199804497,10.972135486849957,-0.08623093491491735,-2.54660695811023,0.24289616682493076,0.09492323608086047,4.0,-2.6726597800997314,-0.34993398374991275,0.1308307946692126,4.0,0.03590755858835193,0.6060832462311663,0.0
33.54395842537215,0.0,0.0,4.0,0.0,-0.03030324350083421,4.0,0.012497726199804497,10.984633213049761,-0.09185612907982144,-2.4968411453629393,0.24752654039934718,0.09048558024593441,4.0,-2.6230822017226583,-0.34351912483246677,0.1265200322111334,4.0,0.036034451965198944,0.6043771857872657,0.0
33.593938972218474,0.0,0.0,4.0,0.0,-0.032164971250637754,4.0,0.012497726199804497,10.997130939249566,-0.09750323731098164,-2.447054808015939,0.25192886652279967,0.08575555467780915,4.0,-2.5734765649056173,-0.33732501736937337,0.12192806120707936,4.0,0.036172506529270176,0.6026629242761524,0.0
33.64391936303826,0.0,0.0,4.0,0.0,-0.0340276034128448,4.0,0.012497726199804497,11.00962866544937,-0.10315376596114191,-2.3972476950789012,0.25608822986552227,0.08074557526608338,4.0,-2.52384217189502,-0.3313657686566515,0.11705378615305051,4.0,0.03630821088696701,0.6009395659631982,0.0
33.693899719393244,0.0,0.0,4.0,0.0,-0.035874536205622594,4.0,0.012497726199804497,11.022126391649174,-0.10875737605255507,-2.347419782618301,0.25999148393258054,0.07545157848338283,4.0,-2.4741785204706894,-0.3256555364500241,0.11189703605920626,4.0,0.036445457575823514,0.5992079856818945,0.0
33.743880144924134,0.0,0.0,4.0,0.0,-0.03764923721742314,4.0,0.012497726199804497,11.034624117848978,-0.11414253374352859,-2.2975712446542023,0.2636232796813829,0.06986656818067472,4.0,-2.4244853259757306,-0.3202084429575334,0.10646015642675023,4.0,0.036593588246075726,0.5974668730542405,0.0
33.79386073320564,0.0,0.0,4.0,0.0,-0.03919666567105662,4.0,0.012497726199804497,11.047121844048782,-0.11883864137714,-2.2477024789412354,0.2669697478455202,0.06400915367832392,4.0,-2.3747625607300167,-0.3150382980637378,0.10075406788883597,4.0,0.03674491421051185,0.5957160648222313,0.0
33.84384163626717,0.0,0.0,4.0,0.0,-0.04018342255401443,4.0,0.012497726199804497,11.059619570248586,-0.12183352936254258,-2.197814148966635,0.2700173819142959,0.057857007691319226,4.0,-2.3250105362563365,-0.31015779878154115,0.09481321668128295,4.0,0.036956208989963546,0.5939546794453251,0.0
33.89382294436233,0.0,0.0,4.0,0.0,-0.040058074590174554,4.0,0.012497726199804497,11.07211729644839,-0.12145307496817431,-2.1479071251818347,0.27275005957139253,0.05141604534447892,4.0,-2.275230056258118,-0.3055766800879369,0.08872264831356735,4.0,0.0373066029690885,0.5921764488586537,0.0
33.94380479343143,0.0,0.0,4.0,0.0,-0.038144471484902256,4.0,0.012497726199804497,11.084615022648194,-0.1156454010179691,-2.097982554224056,0.2751548556729819,0.04469796582496454,4.0,-2.2254226383198863,-0.30129836221322515,0.08265109920526106,4.0,0.03795313338029649,0.5903721601208133,0.0
33.99378733860953,0.0,0.0,4.0,0.0,-0.033901454131803434,4.0,0.012497726199804497,11.097112748847998,-0.10277105408947633,-2.0480418787350536,0.2772168080581956,0.03770625611207542,4.0,-2.1755907330978586,-0.2973152950392438,0.07686988097250438,4.0,0.039163624860429014,0.5885200487144263,0.0
34.043770734657,0.0,0.0,4.0,0.0,-0.027255896124399114,4.0,0.012497726199804497,11.109610475047802,-0.0826140831893452,-1.998086818190417,0.2789233360100738,0.03041565282409024,4.0,-2.125737810781777,-0.29360433799090846,0.07173226299140209,4.0,0.04131661016731192,0.5865856403003183,0.0
34.0937551142952,0.0,0.0,4.0,0.0,-0.018839490484129463,4.0,0.012497726199804497,11.122108201247606,-0.05709612023676482,-1.9481193570401727,0.28025695433706943,0.02282784714542308,4.0,-2.075868208563236,-0.29012442634481583,0.06760231022360885,4.0,0.04477446307818589,0.5845123510192367,0.0
34.14374064268952,0.0,0.0,4.0,0.0,-0.009967517693845832,4.0,0.012497726199804497,11.13460592744741,-0.030205599401838916,-1.8981418082595836,0.28120526181207595,0.016336112782480552,4.0,-2.025986739660776,-0.2868186849584433,0.06474802351244804,4.0,0.048411910729967644,0.5822332269715748,0.0
34.193727637713785,0.0,0.0,4.0,0.0,-0.0022746349405709794,4.0,0.012497726199804497,11.147103653647214,-0.006892845041027117,-1.848158706653394,0.28189006807374994,0.019446622850627506,4.0,-1.9760981637202049,-0.2836217992214981,0.06323801826834739,4.0,0.043791395417720036,0.5798035673625237,0.0
34.24371862459724,0.0,0.0,4.0,0.0,0.0028781873244989437,4.0,0.012497726199804497,11.159601379847018,0.008721803854920255,-1.7981787390453996,0.2831494510029984,0.02811145935878494,4.0,-1.9262066402879703,-0.28047117586606546,0.06289343870810564,4.0,0.03478197934932048,0.5779786799950789,0.0
34.293714141418974,0.0,0.0,4.0,0.0,0.004870211160637117,4.0,0.012497726199804497,11.172099106046822,0.014758332322560817,-1.7482071795726712,0.2847005917468124,0.03273489908832307,4.0,-1.8763152610890397,-0.27731827169973033,0.06332944957429441,4.0,0.03059455048597126,0.5764346306560252,0.0
34.34370906096081,0.0,0.0,4.0,0.0,0.0038595692631348544,4.0,0.012497726199804497,11.184596832246626,0.011695722508032188,-1.698242468414751,0.28642202375507964,0.03497303461288908,4.0,-1.8264257416476268,-0.2741360870429211,0.06406723196042677,4.0,0.029094197347537598,0.5750272577175083,0.0
34.39370248940553,0.0,0.0,4.0,0.0,0.00045527935253524004,4.0,0.012497726199804497,11.19709455844643,0.00137963449694516,-1.6482814640706174,0.28819672275790253,0.03503590547558877,4.0,-1.7765383368510634,-0.2709209145568222,0.06465191171088387,4.0,0.029616006235295256,0.5736395713092147,0.0
34.443693950065516,0.0,0.0,4.0,0.0,-0.004695418727595516,4.0,0.012497726199804497,11.209592284646234,-0.014228646165044833,-1.5983209060692602,0.28992429931722086,0.032954448505555206,4.0,-1.7266519848151647,-0.2676894377730244,0.06472088088767837,4.0,0.03176643238212318,0.5721904801408676,0.0
34.4936841107923,0.0,0.0,4.0,0.0,-0.0111896735658116,4.0,0.012497726199804497,11.222090010846038,-0.03390951698297553,-1.5483554268025723,0.2914909227894853,0.023940283353724265,4.0,-1.6767645985506805,-0.26447398306577724,0.06400957799181986,4.0,0.04006929463809561,0.570601342385107,0.0
34.54366850915408,0.0,0.0,4.0,0.0,-0.018873606976302117,4.0,0.012497726199804497,11.234587737045842,-0.057199540315049015,-1.4983807558939468,0.29231735203078557,0.02772552372534072,4.0,-1.6268733843736538,-0.26131855724043296,0.06231441055653646,4.0,0.034588886831195875,0.5683511903816099,0.0
34.59365953845823,0.0,0.0,4.0,0.0,-0.02753954769586625,4.0,0.012497726199804497,11.247085463245647,-0.08347427894332705,-1.448411794070136,0.29426262259259417,0.03742333346038417,4.0,-1.5769751247102555,-0.25827675803720523,0.059454953782087816,4.0,0.02203162032170347,0.5672991249173958,0.0
34.64365913450884,0.0,0.0,4.0,0.0,-0.03660076715242731,4.0,0.012497726199804497,11.25958318944545,-0.11096096840769391,-1.3984515803492437,0.2960587816841347,0.02855421791086086,4.0,-1.527066497149057,-0.25541043092725374,0.05528199905024859,4.0,0.026727781139387563,0.5662685663902313,0.0
34.69364510548334,0.0,0.0,4.0,0.0,-0.04510949258024119,4.0,0.012497726199804497,11.272080915645255,-0.13678822656880782,-1.348480605081593,0.29711685530779786,0.016232039973040912,4.0,-1.4771445564924028,-0.2527866939519434,0.049734959842150525,4.0,0.03350291986910969,0.5647551025719945,0.0
34.74362887670005,0.0,0.0,4.0,0.0,-0.052099033498624596,4.0,0.012497726199804497,11.284578641845059,-0.1580188556472457,-1.2984972073068068,0.2976813875729345,0.006275351392637452,4.0,-1.427207358658674,-0.25047215362068265,0.042896792630095396,4.0,0.03662144123745792,0.5630618152424501,0.0
34.793616145963476,0.0,0.0,4.0,0.0,-0.056940106714378096,4.0,0.012497726199804497,11.297076368044863,-0.17273249465261278,-1.248508035048699,0.29774422654970145,-0.003646498971079031,4.0,-1.3772544938488906,-0.24852565310767805,0.034997287060952564,4.0,0.038643786032031446,0.5612365206171791,0.0
34.84360599637771,0.0,0.0,4.0,0.0,-0.059520501548415074,4.0,0.012497726199804497,11.309574094244667,-0.1805784510855152,-1.1985181711903845,0.29731681250469233,-0.013324925509750833,4.0,-1.3272872693564897,-0.246992189488521,0.02636223336504237,4.0,0.03968715887479313,0.5593333266428525,0.0
34.893598268371086,0.0,0.0,4.0,0.0,-0.06021564277654882,4.0,0.012497726199804497,11.32207182044447,-0.1826925078658677,-1.1485323672404686,0.2964119793739908,-0.022776509014754552,4.0,-1.2773084656403695,-0.24590004914590324,0.017334953208036137,4.0,0.04011146222279072,0.5573918009770715,0.0
34.943592798830444,0.0,0.0,4.0,0.0,-0.059663550334167675,4.0,0.012497726199804497,11.334569546644275,-0.18101347528947567,-1.0985550447811916,0.295039607659902,-0.032007287110442005,4.0,-1.2273218096177714,-0.2452617612740117,0.008201989439783163,4.0,0.040209276550225326,0.5554335684835228,0.0
34.99358943676522,0.0,0.0,4.0,0.0,-0.0584665400608238,4.0,0.012497726199804497,11.347067272844079,-0.1773734870008734,-1.0485903068754059,0.2932120123258999,-0.04100492367454129,4.0,-1.1773314134134256,-0.24507792197627457,-0.0008470379707886128,4.0,0.04015788570375278,0.5534711608418934,0.0
35.04358801961335,0.0,0.0,4.0,0.0,-0.0570099700750727,4.0,0.012497726199804497,11.359564999043883,-0.1729448905305416,-0.9986419351117389,0.2909403804809072,-0.04977646018223835,4.0,-1.1273413693651406,-0.24534190028292338,-0.009714099073354604,4.0,0.04006236110888395,0.5515090471047611,0.0
35.09358840390688,0.0,0.0,4.0,0.0,-0.05545783525947327,4.0,0.012497726199804497,11.372062725243687,-0.16822654586913804,-0.9487133984627674,0.2882363833268915,-0.05830929338826729,4.0,-1.0773555451578543,-0.24604359412767685,-0.018359770631378086,4.0,0.039949522756889344,0.5495488114946426,0.0
35.14359042700605,0.0,0.0,4.0,0.0,-0.05382162565937549,4.0,0.012497726199804497,11.384560451443491,-0.16325350158861923,-0.898807846314239,0.28511251895085454,-0.06661150015754892,4.0,-1.027377513889209,-0.2471715233133259,-0.026769567870623442,4.0,0.03984193228692545,0.5475915093109408,0.0
35.193593955719734,0.0,0.0,4.0,0.0,-0.05199510552386065,4.0,0.012497726199804497,11.397058177643295,-0.15770306772515577,-0.8489281292642061,0.28157968848266446,-0.07467165334924676,4.0,-0.9774105348581722,-0.24871350197578965,-0.03493075812667909,4.0,0.03974089522256774,0.5456359559209957,0.0
35.24359883041081,0.0,0.0,4.0,0.0,-0.04974780908969873,4.0,0.012497726199804497,11.4095559038431,-0.15087542157851852,-0.7990767873724411,0.27765156366163257,-0.08249873784166561,4.0,-0.9274575248052817,-0.25065628490166864,-0.04281447717187198,4.0,0.03968426066979358,0.5436826248808987,0.0
35.293604930091995,0.0,0.0,4.0,0.0,-0.04675558764756681,4.0,0.012497726199804497,11.422053630042903,-0.14178693342115406,-0.7492560805148576,0.2733381643878898,-0.09007967708696325,4.0,-0.8775209743245331,-0.2529842972398347,-0.050356876008545576,4.0,0.039722801078417636,0.5417261453888623,0.0
35.34361210062806,0.0,0.0,4.0,0.0,-0.042745595367013896,4.0,0.012497726199804497,11.434551356242707,-0.12961105795732267,-0.6994679475862396,0.26865448321633423,-0.0974116507135006,4.0,-0.8276027759174962,-0.25567754202776055,-0.05744493309897555,4.0,0.03996671761452486,0.5397616204659745,0.0
35.393620182747014,0.0,0.0,4.0,0.0,-0.03773458074108745,4.0,0.012497726199804497,11.447049082442511,-0.11440151824195494,-0.6497140693374893,0.2636108256136396,-0.1045257828190809,4.0,-0.7777039789903678,-0.2587093541519883,-0.06392430715824599,4.0,0.04060147566083483,0.5377729885029089,0.0
35.44362912085276,0.0,0.0,4.0,0.0,-0.03222990961789691,4.0,0.012497726199804497,11.459546808642315,-0.09770022438318875,-0.5999959537118742,0.25821906293170827,-0.11140260293081737,4.0,-0.7278245824374959,-0.26204545226495046,-0.06964334256556555,4.0,0.041759260365251905,0.5357381114823615,0.0
35.49363874273846,0.0,0.0,4.0,0.0,-0.027255772670952572,4.0,0.012497726199804497,11.47204453484212,-0.08261370880994175,-0.550314830361599,0.2524914544256607,-0.11805617234601677,4.0,-0.677963554969597,-0.265645943145814,-0.07452746518156778,4.0,0.04352870716444901,0.5336296090512491,0.0
35.54364895432508,0.0,0.0,4.0,0.0,-0.024136605446539155,4.0,0.012497726199804497,11.484542261041923,-0.07315543537119068,-0.5006717266989456,0.24643844410093685,-0.12321104520986004,4.0,-0.6281192472624151,-0.269471122844084,-0.07865739923379589,4.0,0.04455364597606426,0.5314184337818693,0.0
35.593659661081524,0.0,0.0,4.0,0.0,-0.024058346310011556,4.0,0.012497726199804497,11.497039987241727,-0.0729181487095713,-0.45105166749426306,0.24019886890876485,-0.11828973210342943,4.0,-0.5782902030945899,-0.27349034349509915,-0.08231450563898243,4.0,0.03597522646444684,0.5292128606542151,0.0
35.64364011163919,0.0,0.0,4.0,0.0,-0.02754933871324342,4.0,0.012497726199804497,11.509537713441532,-0.08350397121467644,-0.40140935998675364,0.23464165188929265,-0.11438735336878976,4.0,-0.5284761657307542,-0.27769147154296975,-0.08595974986925783,4.0,0.028427603499531884,0.5278552855545176,0.0
35.693616877172005,0.0,0.0,4.0,0.0,-0.03411649208695023,4.0,0.012497726199804497,11.522035439641336,-0.1034234385227677,-0.35175134304401534,0.228790366090168,-0.11893338133738784,4.0,-0.4786789434063195,-0.2820873312238609,-0.09013418894460737,4.0,0.028799192392780615,0.526409191928311,0.0
35.74361811135806,0.0,0.0,4.0,0.0,-0.04221167381873499,4.0,0.012497726199804497,11.53453316584114,-0.12799019084336058,-0.302113333216105,0.22277603989171624,-0.12306771949687961,4.0,-0.4289028227898196,-0.28671580959468257,-0.09530442021380682,4.0,0.02776329928307275,0.5250309699050469,0.0
35.793618463830995,0.0,0.0,4.0,0.0,-0.04954606955333854,4.0,0.012497726199804497,11.547030892040944,-0.15026258034627055,-0.25250697129501243,0.21651454979079876,-0.1353368244592946,4.0,-0.3791543366299216,-0.2916321254549892,-0.101702765659491,4.0,0.03363405879980341,0.5236913200632813,0.0
35.84364660651914,0.0,0.0,4.0,0.0,-0.05365657165043154,4.0,0.012497726199804497,11.559528618240748,-0.16275189072056115,-0.20297196834784748,0.20927603932290761,-0.1450084124858632,4.0,-0.3294412787484291,-0.29689431962507523,-0.10921452800846626,4.0,0.035793884477397064,0.5217306956186578,0.0
35.893672981084485,0.0,0.0,4.0,0.0,-0.05256435421303416,4.0,0.012497726199804497,11.572026344440552,-0.15943278711176406,-0.15350430675309257,0.20205685211065916,-0.15419282366111065,4.0,-0.27977093330905844,-0.3025452983655666,-0.11735064228337055,4.0,0.03684218137773998,0.5201601592269974,0.0
35.94369629328854,0.0,0.0,4.0,0.0,-0.04533400472055253,4.0,0.012497726199804497,11.584524070640356,-0.13746995958921265,-0.10411231501379437,0.19391062367187395,-0.17042342030238708,4.0,-0.23014770067471552,-0.3085960930457893,-0.12532083156574875,4.0,0.04510258873663853,0.518071345265363,0.0
35.9937522788132,0.0,0.0,4.0,0.0,-0.032368633705606595,4.0,0.012497726199804497,11.59702179684016,-0.09812103926674395,-0.05484265349150075,0.18507789681096476,-0.18320178422775593,4.0,-0.1805707047150968,-0.31501498693340907,-0.1321930792283254,4.0,0.05100870499943033,0.5156553453967554,0.0
36.043803475154455,0.0,0.0,4.0,0.0,-0.015340344000187226,4.0,0.012497726199804497,11.609519523039964,-0.04648953770157454,-0.005685092147210469,0.1756740993446293,-0.19308360831852409,4.0,-0.13103231926522152,-0.32172571855295884,-0.13709823876110952,4.0,0.05598536955741462,0.512950783400053,0.0
36.09384793582368,0.0,0.0,4.0,0.0,0.003259782798080686,4.0,0.012497726199804497,11.622017249239768,0.009878164680243178,0.043386335481738314,0.16587222317025407,-0.19192751412099526,4.0,-0.08151847554155964,-0.3286154730846662,-0.13942229281450857,4.0,0.052505221306486494,0.5100189149083239,0.0
36.14384095537515,0.0,0.0,4.0,0.0,0.020824346998258907,4.0,0.012497726199804497,11.634514975439572,0.06311320516258875,0.09246504159345159,0.15660162540488365,-0.18224615171641512,4.0,-0.032010946848002875,-0.3355505372167527,-0.13892847442438755,4.0,0.0433176772920274,0.5076495079005108,0.0
36.19378810153009,0.0,0.0,4.0,0.0,0.035307826245783054,4.0,0.012497726199804497,11.647012701639376,0.10703789589650978,0.14162628677790368,0.14776748330968736,-0.1733290029378269,4.0,0.017509132099834353,-0.34239526296225614,-0.13577338819353107,4.0,0.037555614744295696,0.5056328568420306,0.0
36.24373732091208,0.0,0.0,4.0,0.0,0.04561187798174106,4.0,0.012497726199804497,11.65951042783918,0.13831374334406948,0.19086661195744825,0.13937289888836268,-0.16437364877599928,4.0,0.06705783518336815,-0.3490293131947071,-0.13042246692986004,4.0,0.0339511818461391,0.5038505075654185,0.0
36.293688671110225,0.0,0.0,4.0,0.0,0.0516087232515646,4.0,0.012497726199804497,11.672008154038984,0.15652906479233145,0.24018240282095393,0.13141995943053697,-0.15537218252197244,4.0,0.11664625111103712,-0.35535936941838003,-0.12350803775392319,4.0,0.03186414476804922,0.502210409862139,0.0
36.34364212074878,0.0,0.0,4.0,0.0,0.05393050271551866,4.0,0.012497726199804497,11.684505880238788,0.16358439158451585,0.2895700332025479,0.12391252509991002,-0.14631910686311442,4.0,0.16627994302105642,-0.3613238005079425,-0.11568300817757912,4.0,0.030636098685535185,0.5006543099049185,0.0
36.39359764533559,0.0,0.0,4.0,0.0,0.053678598910317454,4.0,0.012497726199804497,11.697003606438592,0.1628188326146018,0.33902584689167503,0.11685317147946161,-0.13722791472896778,4.0,0.21595975760402494,-0.3668909055365863,-0.1075052764312396,4.0,0.029722638297728032,0.4991528767628851,0.0
36.44355529587167,0.0,0.0,4.0,0.0,0.05214295381326158,4.0,0.012497726199804497,11.709501332638396,0.15815230972270145,0.38854603217756634,0.11024434982901443,-0.12810110736775324,4.0,0.2656833393371977,-0.3720525123671669,-0.09936581567048323,4.0,0.02873529169727007,0.49770021556783467,0.0
36.49351508129753,0.0,0.0,4.0,0.0,0.0505784305325871,4.0,0.012497726199804497,11.7219990588382,0.15339880075194465,0.43812670347856575,0.10408834234084097,-0.11894151113555931,4.0,0.3154467387883413,-0.37681503481408846,-0.09145963861135922,4.0,0.027481872524200313,0.4963047772240471,0.0
36.543477009833005,0.0,0.0,4.0,0.0,0.050033643236157506,4.0,0.012497726199804497,11.734496785038004,0.15174374520291187,0.4877639065838101,0.09838725869149645,-0.10988702935362395,4.0,0.3652457241324488,-0.3811898918926398,-0.08379109376665456,4.0,0.026095935586969432,0.49497974543771417,0.0
36.59344114652117,0.0,0.0,4.0,0.0,0.05116965952096832,4.0,0.012497726199804497,11.746994511237808,0.15519504878272014,0.5374522588084685,0.09312960708622864,-0.10940027263863199,4.0,0.4150766310869558,-0.38518479998850236,-0.076205286646339,4.0,0.03319498599229309,0.49372104094871805,0.0
36.64343021627291,0.0,0.0,4.0,0.0,0.05408128057092336,4.0,0.012497726199804497,11.759492237437613,0.1640426293916927,0.5871443524000499,0.08747142762184712,-0.10753973664387578,4.0,0.464936714937105,-0.3887972874589617,-0.06844694573733204,4.0,0.03909279090654394,0.4916976668838273,0.0
36.69341624684952,0.0,0.0,4.0,0.0,0.058274815622906186,4.0,0.012497726199804497,11.771989963637417,0.17679051986030225,0.6368467986655961,0.0823993481046017,-0.09600111011454324,4.0,0.5148240222735565,-0.39201180514915296,-0.06024630626839853,4.0,0.0357548038461446,0.48985252912481647,0.0
36.74337771157932,0.0,0.0,4.0,0.0,0.06289726290598661,4.0,0.012497726199804497,11.78448768983722,0.19084950383940688,0.6866071798811276,0.07789344342602877,-0.08462157964671845,4.0,0.5647368817166636,-0.3948012061895077,-0.05140838822065791,4.0,0.03321319142606072,0.4881522317370373,0.0
36.79334258429693,0.0,0.0,4.0,0.0,0.06709011987694752,4.0,0.012497726199804497,11.796985416037025,0.20360897231575917,0.7364189685076277,0.07395322380415426,-0.07326749144090001,4.0,0.6146732392461137,-0.39713182898538757,-0.041867648843244135,4.0,0.03139984259765605,0.4865625854452264,0.0
36.84331085135248,0.0,0.0,4.0,-0.42966431553416146,0.07027132519319175,4.0,0.01250612630878387,11.809483142236829,0.2132946124471404,0.7862755980457357,0.07057789350126864,-0.06195348139679872,4.0,0.6646301221753134,-0.3989699896029605,-0.03168905209194041,4.0,0.030264429304858176,0.4850493132944364,0.0
36.89328248640284,0.0,0.0,3.9946265637995526,-2.0824936786769372,0.07225582887964735,3.9946265637995526,0.012555629453445896,11.821989268545613,0.21933890598683906,0.8361704971276325,0.06776535046999577,-0.0506643277025392,3.9946265637995526,0.7146034262484292,-0.4002874739096008,-0.021026261426909318,3.9946265637995526,0.029638066275629704,0.4835824636314542,0.0
36.943257412649324,0.0,0.0,3.9684795448309416,-0.5542833597263954,0.07320771844160422,3.9684795448309416,0.012608093298349943,11.83454489799906,0.22223873282813886,0.8860971986321938,0.06551616753829048,-0.03939478385159645,3.9684795448309416,0.7645880416300279,-0.40106448666386624,-0.010061311058956626,3.9684795448309416,0.02933347279263998,0.4821431137236013,0.0
36.99323558449207,0.0,0.0,3.9614910885177883,0.24779837002555455,0.07346530981702667,3.9614910885177883,0.01261423766183763,11.84715299129741,0.22302352600606298,0.9360492872702784,0.06382861037028231,-0.028179340432686686,3.9614910885177883,0.8145781817454926,-0.40128976142578615,0.0010486042765537017,3.9614910885177883,0.029227944709240283,0.4807185551439006,0.0
37.04321699450789,0.0,0.0,3.9646168760495066,0.6100766011925914,0.07334992750778205,3.9646168760495066,0.012597055682868097,11.859767228959248,0.22267199173934082,0.9860203322905815,0.0626996539904825,-0.017012403536973118,3.9646168760495066,0.8645677311737643,-0.40095866689040077,0.012197752133108714,3.9646168760495066,0.029210155670081672,0.47930133824152926,0.0
37.09320158356827,0.0,0.0,3.9723020449655446,0.7700256283238075,0.07306739353418985,3.9723020449655446,0.012569556548070786,11.872364284642115,0.22181122311669454,1.0360039991065169,0.062127976407047036,-0.005894233544046511,3.9723020449655446,0.9145504909703462,-0.4000707027737119,0.023329326473602353,3.9723020449655446,0.029223560017648698,0.47788970869335634,0.0
37.143189608300325,0.0,0.0,3.9819809256442245,0.8599464994068267,0.07271387205809467,3.9819809256442245,0.012537307631708851,11.884933841190186,0.22073423394054578,1.0859946450762974,0.062110375218263236,0.005164226663817203,3.9819809256442245,0.9645203028871923,-0.3986274934129356,0.03441787021182713,3.9819809256442245,0.029253643548009745,0.4764823180361425,0.0
37.193179190539226,0.0,0.0,3.992762339454099,0.578594254988714,0.07232308227221174,3.992762339454099,0.012509043225882364,11.897471148821895,0.21954377286888568,1.135981830403259,0.06264428917911768,0.016187103106461098,3.992762339454099,1.0144710962593688,-0.3966316362536102,0.04545257428667727,3.992762339454099,0.029265471180216274,0.4750781348307621,0.0
37.24317000441076,0.0,0.0,4.0,0.0,0.07190441828016478,4.0,0.012497726199804497,11.909980192047778,0.21826847351695713,1.1859631743969927,0.06372871745950359,0.027146582218892663,4.0,1.064396903783994,-0.3940862050258584,0.05642776613542687,4.0,0.029281183916534115,0.47368012561329914,0.0
37.29316387546954,0.0,0.0,4.0,0.0,0.07146060852363889,4.0,0.012497726199804497,11.922477918247582,0.21691666120456732,1.2359327324536373,0.06535828127256682,0.03801258118512647,4.0,1.114291869878149,-0.39099458309015306,0.06733920461568371,4.0,0.02932662343055714,0.47228639220304436,0.0
37.343160722552355,0.0,0.0,4.0,0.0,0.07099315296798513,4.0,0.012497726199804497,11.934975644447386,0.2154929183683385,1.2858846340006407,0.06752882055883802,0.0488310609814258,4.0,1.1641502582721757,-0.3873604145944679,0.07818306477532545,4.0,0.029352003793899684,0.470896458356143,0.0
37.393160519074485,0.0,0.0,4.0,0.0,0.07050322618821166,4.0,0.012497726199804497,11.94747337064719,0.21400083585488738,1.335813126045736,0.07023942713249731,0.0595734808118237,4.0,1.2139664593696344,-0.38318758551437454,0.08895575074238271,4.0,0.029382269930558813,0.4695132223675319,0.0
37.44316322402348,0.0,0.0,4.0,0.0,0.0699917669889348,4.0,0.012497726199804497,11.959971096846994,0.2124432860357851,1.385712636795416,0.07348296759010697,0.07023142087029331,4.0,1.2637349971016685,-0.3784802104651423,0.09965384615455745,4.0,0.029422425284264087,0.4681338044865577,0.0
37.49316875116708,0.0,0.0,4.0,0.0,0.06945921209735448,4.0,0.012497726199804497,11.972468823046798,0.21082161206208117,1.4355776318124391,0.07725757281104695,0.08082667759268448,4.0,1.3134505352724464,-0.3732426215240647,0.11027407824200543,4.0,0.029447400649321054,0.4667605947434531,0.0
37.54317710792561,0.0,0.0,4.0,0.0,0.068905194314103,4.0,0.012497726199804497,11.984966549246602,0.209134709308212,1.4854028259497096,0.08155818703810791,0.09132130026443647,4.0,1.3631078836147301,-0.36747935974150986,0.1208132413802186,4.0,0.029491941115781906,0.46539313632516477,0.0
37.593188181458245,0.0,0.0,4.0,0.0,0.06832826435699431,4.0,0.012497726199804497,11.997464275446406,0.20737817944149536,1.5351829973044273,0.08637903479669351,0.10174716224157908,4.0,1.4127020040063376,-0.36119517148496266,0.13126807472345756,4.0,0.02952091248187827,0.46403045573317836,0.0
37.6432019631375,0.0,0.0,4.0,0.0,0.06772555305585948,4.0,0.012497726199804497,12.00996200164621,0.2055433034102546,1.5849130689094602,0.09171815640477554,0.11208191921041705,4.0,1.4622280174556106,-0.35439501177702304,0.1416350975493525,4.0,0.02955317833893556,0.46267545933995186,0.0
37.69321840865637,0.0,0.0,4.0,0.0,0.06709187399333176,4.0,0.012497726199804497,12.022459727846014,0.20361431181809245,1.6345882214112537,0.09756745334629091,0.12231289914184447,4.0,1.5116812126323684,-0.3470840568897011,0.1519103932622513,4.0,0.029597494120406687,0.4613253714702038,0.0
37.74323740464122,0.0,0.0,4.0,0.0,0.06641626110896473,4.0,0.012497726199804497,12.034957454045818,0.20155784975995805,1.6842036868773167,0.10392360686308866,0.1324621325293753,4.0,1.5610570572417697,-0.339267730742824,0.16208925694010787,4.0,0.029627124410732453,0.4599822323954618,0.0
37.79325895805851,0.0,0.0,4.0,0.0,0.0656677858542748,4.0,0.012497726199804497,12.047455180245622,0.199279821525489,1.7337549218302795,0.11078065708788376,0.1425110610448642,4.0,1.610351215832396,-0.3309517612973379,0.172165316218993,4.0,0.029654255174128785,0.4586458373369026,0.0
37.84328298362679,0.0,0.0,4.0,0.0,0.06475311049814284,4.0,0.012497726199804497,12.059952906445426,0.19649625776150792,1.7832374982377723,0.11813334801648612,0.15246343337377982,4.0,1.659559587688133,-0.3221423326259219,0.18212749480527887,4.0,0.02966406143149891,0.4573170678239117,0.0
37.893309468404816,0.0,0.0,4.0,0.0,0.06342731151876836,4.0,0.012497726199804497,12.07245063264523,0.19246213680215285,1.8326472716613253,0.12597604658198414,0.16229375043760239,4.0,1.708678410592947,-0.3128465430404098,0.191950520520437,4.0,0.029656770082834516,0.4559973066559658,0.0
37.943338329220936,0.0,0.0,4.0,0.0,0.06117314071299014,4.0,0.012497726199804497,12.084948358845034,0.18560473189903273,1.881980386409106,0.13430089866026584,0.17199533592475627,4.0,1.757704546127817,-0.303073656121463,0.20157187687876751,4.0,0.02957654095401141,0.4546877892006074,0.0
37.993369524683025,0.0,0.0,4.0,0.0,0.057131998793252196,4.0,0.012497726199804497,12.097446085044838,0.17331588156804248,1.931233264974609,0.14310158306690113,0.18155730252776833,4.0,1.8066361538905027,-0.29283791505054946,0.21085042536141643,4.0,0.029293122833648155,0.45339572793465954,0.0
38.04340307541333,0.0,0.0,4.0,0.0,0.05020822846794138,4.0,0.012497726199804497,12.109943811244642,0.15227412261132062,1.9804027546386846,0.15236916439909187,0.19096357911707978,4.0,1.8554739874263224,-0.2821636026790623,0.219514643097077,4.0,0.02855106397999707,0.4521348499527525,0.0
38.09343892732297,0.0,0.0,4.0,0.0,0.03939579445910014,4.0,0.012497726199804497,12.122441537444447,0.11944299470730722,2.029485845224457,0.1620956974063752,0.20023829137475457,4.0,1.9042233689769923,-0.27109218483352615,0.22712696426392398,4.0,0.026888672889169296,0.4509350610399875,0.0
38.14347713098563,0.0,0.0,4.0,0.0,0.024237848289172692,4.0,0.012497726199804497,12.13493926364425,0.07346241141698685,2.0784795561680234,0.1722746486915785,0.2094002833121319,4.0,1.9528964783265388,-0.2596899234888733,0.23309802764127047,4.0,0.023697744329138626,0.4498494204277484,0.0
38.19351763950783,0.0,0.0,4.0,0.0,0.005232337104581707,4.0,0.012497726199804497,12.147436989844055,0.015855711679642736,2.1273806680845624,0.1828998707817675,0.21850744975432856,4.0,2.0015140880412785,-0.2480530949036787,0.23677048005673804,4.0,0.01826303030240961,0.4489575198221695,0.0
38.24356038403545,0.0,0.0,4.0,0.0,-0.016028657893766084,4.0,0.012497726199804497,12.159934716043859,-0.04857585065984802,2.1761852205595202,0.1939704608506645,0.22390238889515968,4.0,2.050105622884768,-0.23630774802271004,0.2375631214298389,4.0,0.013660732534679365,0.44836971572699547,0.0
38.29360524575777,0.0,0.0,4.0,0.0,-0.037130816080791273,4.0,0.012497726199804497,12.172432442243663,-0.11256936227570565,2.224971992273683,0.205123420953516,0.2159061248968388,4.0,2.09870673679378,-0.2246021484491415,0.2351347707039614,4.0,0.01922864580712247,0.4478917053706658,0.0
38.34359508199021,0.0,0.0,4.0,-3.7858369827179157,-0.05543894390004091,4.0,0.012572528888229614,12.184930168443467,-0.16816912295814887,2.2738436323491804,0.21538936635272954,0.2005066090045354,4.0,2.147354553041726,-0.2130924159660474,0.22950732643112792,4.0,0.029000717426592715,0.44676182129085645,0.0
38.3935273914093,0.0,0.0,3.952402455168651,-3.9999999999999827,-0.06874183301460385,3.952402455168651,0.012730237690427859,12.197502697331696,-0.20863732282501057,2.322835903805064,0.22501303923724247,0.1862361222032982,3.952402455168651,2.196081857624462,-0.20192435295740677,0.2211003998151591,3.952402455168651,0.03486427761186084,0.4453561777691221,0.0
38.44345062735415,0.0,0.0,3.9014815044069397,-1.1252027871980876,-0.07573409594519395,3.9014815044069397,0.01283707640927958,12.210232935022125,-0.22993704167948995,2.3719635709618077,0.23387708107025773,0.16950516694347847,3.9014815044069397,2.2449121077159124,-0.19121573107307985,0.2106704312722503,3.9014815044069397,0.041165264328771656,0.443673273083757,0.0
38.493367016527756,0.0,0.0,3.8870371902517435,2.5000000000000075,-0.07629582304348001,3.8870371902517435,0.012808172589070172,12.223070011431405,-0.23164911886450534,2.4212379150382537,0.2418542926877807,0.15353060310970496,3.8870371902517435,2.2938567656526136,-0.18104304680638253,0.1991756705118371,3.8870371902517435,0.045645067402132256,0.4416651638629067,0.0
38.54328069594804,0.0,0.0,3.919057621724419,2.500000000000019,-0.07149709271519653,3.919057621724419,0.012704368848375306,12.235878184020475,-0.21702778615703713,2.4706166914977965,0.24914349458472973,0.14529063256057262,3.919057621724419,2.342915527245162,-0.17143572953956732,0.18759532146385888,3.919057621724419,0.04230468890328609,0.4395389301489392,0.0
38.59322700519216,0.0,0.0,3.9508185438453576,2.5000000000000138,-0.06327885985137435,3.9508185438453576,0.012603048760417864,12.24858255286885,-0.19201047288337392,2.5200780518998513,0.256316746615755,0.130977902775496,3.9508185438453576,2.3920789799798508,-0.16237918695355458,0.1767459060672974,3.9508185438453576,0.04576800329180131,0.4378242195217816,0.0
38.64317385096289,0.0,0.0,3.9823261657464024,1.4110397699159463,-0.05396466722221238,3.9823261657464024,0.01252539767511329,12.261185601629268,-0.16368822228248403,2.5696547586118914,0.2621899834642347,0.11042068887993475,3.9823261657464024,2.4413325089902846,-0.1538257517192676,0.16714712879693183,3.9823261657464024,0.056726439916996885,0.435356970391218,0.0
38.69310041211483,0.0,0.0,4.0,0.0,-0.0457334740229324,4.0,0.012497726199804497,12.273710999304381,-0.13868298589870748,2.619323051463528,0.26732020495572684,0.10694746981935181,4.0,2.490660189390382,-0.1457105459923558,0.15896420646005494,4.0,0.052016736640703165,0.43260667274741665,0.0
38.74305639687042,0.0,0.0,4.0,0.0,-0.040024699609627866,4.0,0.012497726199804497,12.286208725504185,-0.12135177633687906,2.6689958878997193,0.27285495807382976,0.11869752505305085,4.0,2.5400478332059846,-0.13796837632731995,0.15203131851472135,4.0,0.033333793461670425,0.43058496594490764,0.0
38.79306393433293,0.0,0.0,4.0,0.0,-0.03707999766588622,4.0,0.012497726199804497,12.298706451703989,-0.1124151548619141,2.7186343919010887,0.27916388988692553,0.11939973202238943,4.0,2.5894847783331314,-0.130547368659411,0.14596483341664843,4.0,0.02656510139425894,0.4295846110655917,0.0
38.84307283403398,0.0,0.0,4.0,0.0,-0.036046962098035824,4.0,0.012497726199804497,12.311204177903793,-0.10928055502877301,2.7683015922146033,0.28476870172411317,0.1025448706678983,4.0,2.6389642518084853,-0.12341534999813492,0.14034509811195714,4.0,0.037800227444058976,0.42818496903058023,0.0
38.89303169937644,0.0,0.0,4.0,0.0,-0.03563857992581809,4.0,0.012497726199804497,12.323701904103597,-0.10804144206543169,2.8180272427979833,0.2893919931230755,0.0951915037257273,4.0,2.688482490243191,-0.11655762372889769,0.13488206428910804,4.0,0.03969056056338083,0.426118451063488,0.0
38.942995697132424,0.0,0.0,4.0,0.0,-0.034848754532613685,4.0,0.012497726199804497,12.336199630303401,-0.10564505630103557,2.8677771846118514,0.2942666385663131,0.09404542119159552,4.0,2.7380372509031954,-0.1099689832514665,0.12948097484444482,4.0,0.03543555365284945,0.42454550797898377,0.0
38.99298258306809,0.0,0.0,4.0,0.0,-0.03337101891556972,4.0,0.012497726199804497,12.348697356503205,-0.10116185465258536,2.9175592293545987,0.29878021522718257,0.08102266877762113,4.0,2.7876264983699888,-0.10364511658624014,0.12419968289239172,4.0,0.043177014114770706,0.4228813808460505,0.0
39.04294994706998,0.0,0.0,4.0,0.0,-0.031647748825955335,4.0,0.012497726199804497,12.36119508270301,-0.09593429993394087,2.9673840726232306,0.3023547608377637,0.07444600369363215,4.0,2.837247777482904,-0.09757767102302552,0.11914251024714201,4.0,0.044696506553509874,0.4205727111534164,0.0
39.092921429734275,0.0,0.0,4.0,0.0,-0.030522641106761676,4.0,0.012497726199804497,12.373692808902813,-0.09252158563491421,3.017225370245857,0.30621369883283656,0.07675713714064047,4.0,2.8868983509533193,-0.09175475708217512,0.11434666779216475,4.0,0.03758953065152415,0.418764878972743,0.0
39.14291141605815,0.0,0.0,4.0,0.0,-0.030658533353127737,4.0,0.012497726199804497,12.386190535102617,-0.09293376591292861,3.0670696659374865,0.3100214039251572,0.07547230821655801,4.0,2.9365758058669726,-0.08616578752301371,0.10972143001281706,4.0,0.034249121796259274,0.4171246075019939,0.0
39.19290045182648,0.0,0.0,4.0,0.0,-0.032131120367087894,4.0,0.012497726199804497,12.398688261302421,-0.0974005527883963,3.1169188359032245,0.31375211334880504,0.07366883314655928,4.0,2.9862786344470176,-0.08080715908003004,0.10507558696843104,4.0,0.031406753821871636,0.41562468850645773,0.0
39.242888537638514,0.0,0.0,4.0,0.0,-0.03444358620033423,4.0,0.012497726199804497,12.411185987502225,-0.10441579850103623,3.166774670043125,0.31737987176142646,0.06869460999802873,4.0,3.0360063896834393,-0.0756850516706549,0.10020644520659512,4.0,0.031511835208566374,0.41424675880554257,0.0
39.2928749384632,0.0,0.0,4.0,0.0,-0.0368651011573683,4.0,0.012497726199804497,12.42368371370203,-0.11176306233399007,3.2166558469998043,0.32061430593907225,0.05491978449506308,4.0,3.085759343193201,-0.07081386030007546,0.09498660496419549,4.0,0.04006682046913257,0.4127346654136699,0.0
39.3428477377837,0.0,0.0,4.0,0.0,-0.038836622438041604,4.0,0.012497726199804497,12.436181439901834,-0.11774593868948012,3.266569579471131,0.3228661036162741,0.04742265443181844,4.0,3.135537883434367,-0.06621157900444868,0.08939946835498792,4.0,0.04197681392316932,0.4105493252701591,0.0
39.39282462366018,0.0,0.0,4.0,0.0,-0.0401758641860773,4.0,0.012497726199804497,12.448679166101638,-0.12181058820090747,3.3164972463886047,0.3253526026509679,0.048808100494403074,4.0,3.1853419991392378,-0.06189493611040011,0.08351324234346756,4.0,0.0347051418490647,0.40885493167843745,0.0
39.44281380907945,0.0,0.0,4.0,0.0,-0.040975116217080255,4.0,0.012497726199804497,12.461176892301442,-0.1242365560322314,3.366428888177742,0.3277439207680972,0.043974787505398204,4.0,3.2351710640977647,-0.057876587493632614,0.07742382082517925,4.0,0.03344903331978122,0.4073472631235481,0.0
39.492801537395735,0.0,0.0,4.0,0.0,-0.041356954192714984,4.0,0.012497726199804497,12.473674618501246,-0.12539560388343543,3.4163760532316014,0.3297475853028269,0.03023186383302002,4.0,3.285023896540506,-0.05416476489235439,0.07121312297998926,4.0,0.04098125914696915,0.4057611140804273,0.0
39.5427812106052,0.0,0.0,4.0,0.0,-0.04125839471370709,4.0,0.012497726199804497,12.48617234470105,-0.12509642859561296,3.4663425583741505,0.3307654178114019,0.02265502662352487,4.0,3.3348989174052464,-0.05076407779360626,0.06494448328401199,4.0,0.042289456660487,0.4035370946614129,0.0
39.59276459642782,0.0,0.0,4.0,0.0,-0.04025556981789617,4.0,0.012497726199804497,12.498670070900854,-0.12205251147123092,3.5163171719897335,0.3320121414503232,0.02393271054597234,4.0,3.384794253171239,-0.04767573085649139,0.05869079963136653,4.0,0.03475808908539424,0.401822297230271,0.0
39.64275455013348,0.0,0.0,4.0,0.0,-0.03752399562882687,4.0,0.012497726199804497,12.511167797100658,-0.11376247710395107,3.5662938341746955,0.3331579795808448,0.018993060090221628,4.0,3.434707719228369,-0.04489567407541993,0.052589284149902764,4.0,0.03359622405968121,0.4002992264413196,0.0
39.69274339646688,0.0,0.0,4.0,0.0,-0.032104466346460775,4.0,0.012497726199804497,12.523665523300462,-0.09731969965332431,3.6162768324055636,0.3339109096109105,0.0050965445567292275,4.0,3.48463671478517,-0.042409868436969485,0.04690219498727593,4.0,0.04180565043054685,0.3986808856186523,0.0
39.74273006215545,0.0,0.0,4.0,0.0,-0.02337546151818521,4.0,0.012497726199804497,12.536163249500266,-0.0708476363476819,3.666265867162684,0.3336674959129251,-0.0026894501134200727,4.0,3.534578148736366,-0.040187525470902846,0.04203709514681811,4.0,0.044726545260238115,0.3963700697558175,0.0
39.79272018787581,0.0,0.0,4.0,0.0,-0.011458706984546473,4.0,0.012497726199804497,12.54866097570007,-0.034724874326682746,3.716256722260821,0.33364201803648896,-0.0043089927974969775,4.0,3.5845285060524184,-0.038175125341243114,0.03849535770291153,4.0,0.04280435050040854,0.39446205274401824,0.0
39.84271044345766,0.0,0.0,4.0,0.0,0.0025620565159799563,4.0,0.012497726199804497,12.561158701899874,0.0077638246117830954,3.766245450137818,0.33323668194361744,-0.014998318854439509,4.0,3.6344840196739545,-0.036294541952958434,0.036759429816281525,4.0,0.05175774867072125,0.3923192577383691,0.0
39.89270412237487,0.0,0.0,4.0,0.0,0.016689687747938792,4.0,0.012497726199804497,12.573656428099678,0.05057950767900532,3.816232834249556,0.33214243198562343,-0.00950711216952861,4.0,3.684440795242852,-0.034447623971055726,0.037147550433327,4.0,0.046654662602855446,0.3895605353110935,0.0
39.94269464206748,0.0,0.0,4.0,0.0,0.02847983635680268,4.0,0.012497726199804497,12.586154154299482,0.0863258753469171,3.8662219711548427,0.33228616530627697,0.0005934623727837472,4.0,3.7343948113039076,-0.032527855613957324,0.03967606578649947,4.0,0.039082603413715944,0.38790162404191236,0.0
39.992684586172906,0.0,0.0,4.0,0.0,0.03582856355788462,4.0,0.012497726199804497,12.598651880499286,0.10861788578404931,3.916212704854077,0.3322017662838288,0.0027718262959250317,4.0,3.7843419399701355,-0.030437156654641435,0.04399157440267636,4.0,0.04121974810675155,0.3858715940064124,0.0
40.042674331932574,0.0,0.0,4.0,0.0,0.037706735779567783,4.0,0.012497726199804497,12.61114960669909,0.11431701939867427,3.9662010786021566,0.3325632907350631,0.01969136157747598,4.0,3.834278265762304,-0.028103106786027784,0.049421480790399104,4.0,0.0297301192129229,0.3840362988682454,0.0
40.09266732476251,0.0,0.0,4.0,0.0,0.03453611386509724,4.0,0.012497726199804497,12.623647332898894,0.10469651916296163,4.016179306371305,0.334170499245106,0.03414601997829183,4.0,3.884200803564731,-0.025490831815489102,0.05513629202408858,4.0,0.020990272045796843,0.38311173078273647,0.0
40.142667493416894,0.0,0.0,4.0,0.0,0.028075072363893484,4.0,0.012497726199804497,12.636145059098698,0.08509833647966972,4.066143123844398,0.33597724074416746,0.04015558472032711,4.0,3.9341083038524625,-0.02260530365037223,0.060370165746373695,4.0,0.020214581026046563,0.3821186135675216,0.0
40.192666672861385,0.0,0.0,4.0,0.0,0.020812538188088325,4.0,0.012497726199804497,12.648642785298502,0.0630774053756876,4.116097053867033,0.3381849127601573,0.040003026146516046,4.0,3.9840015729483085,-0.019483046039653368,0.06462430858390068,4.0,0.024621282437384817,0.3812815033950273,0.0
40.24266118185445,0.0,0.0,4.0,-2.5924586429847265,0.015125409241131066,4.0,0.012548755920843587,12.661140511498306,0.04583806909195045,4.166052149180586,0.33997603733877924,0.03499945911447374,4.0,4.033882952845643,-0.016176018458846645,0.06777760515101837,4.0,0.03277814603654461,0.3798854870993362,0.0
40.29264913285623,0.0,0.0,3.9674678692543033,-3.999999999999998,0.012624727552074224,3.9674678692543033,0.012681270702243015,12.67368926741915,0.03825878278876842,4.216011728773703,0.34168330092050425,0.033837584323249036,3.9674678692543033,4.083755154635019,-0.01273320598000853,0.07006909169917404,3.9674678692543033,0.036231507375925176,0.37828938891602876,0.0
40.34285594531631,0.0,0.0,3.9167427864453312,-4.000000000000006,0.01394077403446538,3.9167427864453312,0.012847672911234322,12.686370538121393,0.042247506703311864,4.2664082936833525,0.3433731434816458,0.03400635995046641,3.9167427864453312,4.133620012631763,-0.009185567642967183,0.07198168286730132,3.9167427864453312,0.03797532291683492,0.37673647603395705,0.0
40.39325370397671,0.0,0.0,3.865352094800394,-3.999999999999998,0.018886709702289745,3.865352094800394,0.013020802808226047,12.699218211032628,0.05723925970202063,4.3167489701039425,0.3451103289536732,0.03569128816173294,3.865352094800394,4.183477629125732,-0.00553759406708733,0.0740936739529109,3.865352094800394,0.03840238579117816,0.37512026904034884,0.0
40.44359743654421,0.0,0.0,3.8132688835674897,-3.9999999999999862,0.026782747860106277,3.8132688835674897,0.013201126332591896,12.712239013840854,0.08117925330974685,4.367031634353489,0.34696604588673985,0.03891988638584895,3.8132688835674897,4.233326012256284,-0.0017656507146216016,0.07695511633545234,3.8132688835674897,0.03803522994960318,0.3734849255256021,0.0
40.49367164947188,0.0,0.0,3.7604643782371223,-4.00000000000001,0.03674091970135941,3.7604643782371223,0.01338915589299513,12.725440140173445,0.11138624473648674,4.416821555240955,0.3490071103559558,0.04309787161364606,3.7604643782371223,4.283161029567304,0.002178735455421361,0.0810133406593315,3.7604643782371223,0.037915469045685324,0.3716921545573735,0.0
40.54372317560151,0.0,0.0,3.7069077546651417,-4.0,0.047811592651814096,3.7069077546651417,0.013585456501458926,12.73882929606644,0.1449941139578508,4.467041733968922,0.35127893894475726,0.0479307943262332,3.7069077546651417,4.332976454138785,0.006362941456505003,0.0865816398158956,3.7069077546651417,0.038650845489662355,0.37005478591588176,0.0
40.59396982702034,0.0,0.0,3.652565928659306,-4.000000000000012,0.059015078509879464,3.652565928659306,0.013790652927110637,12.7524147525679,0.1790414735094038,4.517199445476929,0.35382199010498905,0.0538374956801717,3.652565928659306,4.382763997515458,0.010866289646557692,0.09383002676320949,3.652565928659306,0.0399925310830378,0.3683632746970503,0.0
40.644167953479574,0.0,0.0,3.5974033169508632,-4.000000000000006,0.06938065755156957,3.5974033169508632,0.01400543807618835,12.76620540549501,0.2105824171234473,4.567292523965716,0.3566814110721843,0.061793775498480294,3.5974033169508632,4.432513376607899,0.0157727301120062,0.10278047202052981,3.5974033169508632,0.04098669652204956,0.3665844340892133,0.0
40.69431891418271,0.0,0.0,3.5413815646461098,-4.000000000000007,0.07811848814188382,3.5413815646461098,0.014230582854752623,12.780210843571197,0.23720540293706233,4.61730992783832,0.36001608076933955,0.07992553441300239,3.5413815646461098,4.482212550672017,0.02116342386554632,0.11330767758733729,3.5413815646461098,0.03338214317433508,0.36479093246402666,0.0
40.74444374119365,0.0,0.0,3.484459233227099,-4.000000000000015,0.08488809434165313,3.484459233227099,0.014466947834491818,12.79444142642595,0.2578563171599402,4.667222146449034,0.36468539019806023,0.09866156778505537,3.484459233227099,4.531848215162084,0.027110026880912085,0.12516579030342412,3.484459233227099,0.026504222518368703,0.363707612225519,0.0
40.79431921405077,0.0,0.0,3.4265914418891317,-4.000000000000003,0.0899479150488067,3.4265914418891317,0.014715497124649802,12.808908374260442,0.2733069122077357,4.7165757741572545,0.36984170672767247,0.11007560871058998,3.4265914418891317,4.581406443632355,0.03367035815234176,0.13805626090644366,3.4265914418891317,0.02798065219585366,0.3623284746159291,0.0
40.844166194364654,0.0,0.0,3.3677294533905324,-4.000000000000018,0.09403033591244771,3.3677294533905324,0.014977314960768307,12.823623871385092,0.28578317884655413,4.76631273878182,0.3756371159427174,0.12284270847062259,3.3677294533905324,4.6308731653156014,0.04088805374902441,0.1517191207355888,3.3677294533905324,0.028876412264966067,0.3611105269862236,0.0
40.89419699793924,0.0,0.0,3.307820193547459,-3.999999999999989,0.09801568300227954,3.307820193547459,0.015253625662404555,12.83860118634586,0.29797204610216294,4.8158833488515524,0.3821026542282153,0.13620230597389155,3.307820193547459,4.68023415906132,0.04879629941080056,0.16600568042252478,3.307820193547459,0.029803374448633235,0.35985250985982975,0.0
40.94420921583308,0.0,0.0,3.246805690897841,-3.999999999999989,0.1025925419546826,3.246805690897841,0.015545817799578797,12.853854812008265,0.3119818196766566,4.86541082789619,0.3892185918758324,0.1501197243798593,3.246805690897841,4.729474474933518,0.05742390870339818,0.1809015726120462,3.246805690897841,0.03078184823218688,0.35856157607625505,0.0
40.994227466483245,0.0,0.0,3.184622419699526,-4.0000000000000195,0.10804970205287445,3.184622419699526,0.015855473658908305,12.869400629807844,0.32870351207211945,4.914794757574506,0.39706376437599866,0.16544137362966685,3.184622419699526,4.778577492375811,0.06680119931788234,0.19649782605858873,3.184622419699526,0.031056452428921855,0.3572513194055107,0.0
41.0442130140335,0.0,0.0,3.1212005250638923,-4.000000000000015,0.11427555323972226,3.1212005250638923,0.01618440544030613,12.885256103466752,0.34780485817110124,4.964016893932946,0.40568260099730713,0.18168625680147962,3.1212005250638923,4.827523995403087,0.07696358909423613,0.21293001203775466,3.1212005250638923,0.031243755236275206,0.355930470928823,0.0
41.09416764703133,0.0,0.0,3.0564629033026676,-3.9999999999999876,0.12094086953648878,3.0564629033026676,0.016534700080312156,12.901440508907058,0.3682848333071407,5.013059557448643,0.41511620292280016,0.19943267819214228,3.0564629033026676,4.876291601098059,0.08795213917388991,0.2303170915912917,3.0564629033026676,0.03088441339914949,0.3546009002992186,0.0
41.14409423830265,0.0,0.0,2.990324102981419,-3.9999999999999787,0.12772119235084364,2.990324102981419,0.01690877524252652,12.91797520898737,0.3891522627780424,5.061890899481387,0.42546484307951804,0.2200705272805266,2.990324102981419,4.924854647496043,0.09981175504323442,0.24872798363214485,2.990324102981419,0.028657456351618205,0.35331129065706085,0.0
41.19378369329605,0.0,0.0,2.9226890020113134,-3.9305610323446984,0.13439739743121146,2.9226890020113134,0.017305805861453888,12.934883984229897,0.40973478323856055,5.110041652425912,0.43681046492877407,0.24060545401950337,2.9226890020113134,4.973184392587857,0.11258858859382298,0.2681820573530822,2.9226890020113134,0.02757660333357892,0.3519229101160327,0.0
41.2434793581999,0.0,0.0,2.8546674758589603,-3.307414894287053,0.14079520579703406,2.8546674758589603,0.017693340985887575,12.952189790091351,0.42949389040968283,5.158419150598043,0.4491488709739393,0.2600891777827491,2.8546674758589603,5.021249302320532,0.1263278618353008,0.2886650698948893,2.8546674758589603,0.028575892112140178,0.35075485915060994,0.0
41.29339288291858,0.0,0.0,2.796148256352536,-2.607713277219954,0.14666679829055765,2.796148256352536,0.018030076615747112,12.96988313107724,0.4476593450476235,5.206511223543006,0.46248266093642343,0.28132912302926893,2.796148256352536,5.069015368741009,0.1410722657660288,0.31013585808220556,2.796148256352536,0.028806735052936627,0.3495851144018023,0.0
41.343287297088516,0.0,0.0,2.7491309861723594,-1.840938050001014,0.15165050232152144,2.7491309861723594,0.018296340793031832,12.987913207692987,0.46310255658326704,5.2542850085582335,0.4768535193023471,0.3035960664944804,2.7491309861723594,5.116446633581752,0.1568602793976598,0.3325147537829616,2.7491309861723594,0.028918687288481237,0.3484179834636207,0.0
41.393164786065405,0.0,0.0,2.7154485562306814,-1.1043286023351924,0.1553760695758384,2.7154485562306814,0.01847925245345612,13.00620954848602,0.4746624594925097,5.30170416734696,0.492304784879837,0.327594465438395,2.7154485562306814,5.163506158052565,0.17372385252857178,0.3556656696013901,2.7154485562306814,0.028071204162995134,0.34726430889271537,0.0
41.443027369252974,0.0,0.0,2.695041389196557,-0.5859775284898594,0.15769934835997698,2.695041389196557,0.01858677320612627,13.024688800939476,0.4818780739526369,5.348706701062214,0.5089417226368,0.3557639056912012,2.695041389196557,5.210157458981942,0.19168574064245475,0.37939447542564286,2.695041389196557,0.023630569734441664,0.3461896165285927,0.0
41.492674570987695,0.0,0.0,2.6841499577706296,-0.5098718186823288,0.15896032376035668,2.6841499577706296,0.018657545142611684,13.043275574145602,0.48579662555119674,5.394780823685412,0.5268896747192668,0.3828824430647703,2.6841499577706296,5.256365980484115,0.21075776866138393,0.40348399634543963,2.6841499577706296,0.02060155328066937,0.3451058545522371,0.0
41.54234350762266,0.0,0.0,2.6746370012966185,-1.0051604322817693,0.16007390670698332,2.6746370012966185,0.018756833900253057,13.061933119288213,0.489258464010824,5.440851680057699,0.5460539296813087,0.40415390136673074,2.6746370012966185,5.30209970875334,0.2309417682023649,0.42776940920515083,2.6746370012966185,0.023615507838420147,0.34430768776310794,0.0
41.59243362876337,0.0,0.0,2.655783374025203,-1.9567921216232147,0.16231515202531127,2.655783374025203,0.018955786975642302,13.080689953188466,0.4962296942968189,5.486890089515545,0.5662846501830936,0.42808286065840684,2.655783374025203,5.34732796446828,0.25223427547576405,0.4522278825017275,2.655783374025203,0.02414502184332079,0.3436644069459659,0.0
41.64248787805496,0.0,0.0,2.618690839412098,-2.9835867559607263,0.16686162748560546,2.618690839412098,0.019302284059317408,13.099645740164108,0.5103869792961763,5.531926715902868,0.5876117127595599,0.45204146005895235,2.618690839412098,5.3920180278781205,0.2746342896113316,0.4770348539078648,2.618690839412098,0.024993393848912415,0.34282547802826924,0.0
41.69250980168506,0.0,0.0,2.5611008003329268,-3.6400962389549685,0.17430070061119443,2.5611008003329268,0.01979784679941106,13.118948024223426,0.5335986235699962,5.576885258824072,0.6099840881171696,0.47293368026310967,2.5611008003329268,5.436130336861131,0.29815149969313726,0.5025495608006204,2.5611008003329268,0.02961588053751063,0.34212791651665253,0.0
41.74269438183042,0.0,0.0,2.489034732658984,-3.6939959573016083,0.18431586138378056,2.489034732658984,0.02039305748958374,13.138745871022838,0.5649449495501336,5.621278938612113,0.6333298561424572,0.49581782026276655,2.489034732658984,5.479613908425783,0.3228116163422672,0.5292246387925018,2.489034732658984,0.03340681852973537,0.3413071315198409,0.0
41.79282285617754,0.0,0.0,2.4137028607354423,-3.214172723228715,0.19571282001995072,2.4137028607354423,0.021005059169679444,13.159138928512421,0.6007592051623726,5.6650692582468025,0.6576814466110348,0.5211804978448735,2.4137028607354423,5.522403887713717,0.3486561920165432,0.5574667479822616,2.4137028607354423,0.036286250137388176,0.3403674718984363,0.0
41.84289730354809,0.0,0.0,2.3461889725024534,-2.4375271553027713,0.20682401252575813,2.3461889725024534,0.02154848682775471,13.1801439876821,0.635831538464151,5.7081312658172525,0.6831944164725969,0.5558739695602016,2.3461889725024534,5.564422586979049,0.37573628813707827,0.5874992442147876,2.3461889725024534,0.0316252746545862,0.339385746685099,0.0
41.89303578871844,0.0,0.0,2.293663950704117,-1.6033177952833935,0.21611571704404473,2.293663950704117,0.02196382461575874,13.201692474509855,0.6652861258815799,5.7502484861513485,0.710596188548364,0.595343009884917,2.293663950704117,5.6055841408863065,0.40410187669499664,0.6192850381224893,2.293663950704117,0.023942028237572188,0.3389196600810176,0.0
41.94324894785102,0.0,0.0,2.258448959845188,-0.878851066087562,0.22268873722131122,2.258448959845188,0.022231222295646832,13.223656299125613,0.6861948971724732,5.791279857672002,0.7395127711437433,0.6318967494599341,2.258448959845188,5.645801424664126,0.4337907683707042,0.6525432935056759,2.258448959845188,0.020646544045741955,0.3385704025014374,0.0
41.99341250733123,0.0,0.0,2.238911026430229,-0.35842473564313615,0.22646127528592103,2.238911026430229,0.02236827245688968,13.24588752142126,0.698223358895314,5.831203300800028,0.7698570422723696,0.6675266857546364,2.238911026430229,5.6849929223278,0.46482094751830944,0.6868467972839342,2.238911026430229,0.0193201115292978,0.3382668973987849,0.0
42.04352725911675,0.0,0.0,2.2308936842880747,-0.07791065930281386,0.22803614947555031,2.2308936842880747,0.0224172408922959,13.268255793878149,0.7032508995650092,5.869995615523295,0.801559389520538,0.7024936108031644,2.2308936842880747,5.723087332421434,0.4971884121165494,0.7217516147470601,2.2308936842880747,0.019258003943895652,0.3379700216436301,0.0
42.09359379762062,0.0,0.0,2.229147142270406,-0.021342306463613375,0.2283813312203229,2.229147142270406,0.022428430949912738,13.290673034770444,0.7043533287344171,5.907628207898363,0.8345553164846566,0.7370068953985824,2.229147142270406,5.760024728298084,0.5308701870816219,0.7569077635171788,2.229147142270406,0.01990086811859637,0.3376558084953495,0.0
42.14361301322085,0.0,0.0,2.228668467823575,-0.13216198804900714,0.22847606714801252,2.228668467823575,0.02244577781821015,13.313101465720356,0.7046559238957241,5.944072419403633,0.8687926762461173,0.7712782276204871,2.228668467823575,5.79575445335193,0.5658304376386409,0.7921190237189534,2.228668467823575,0.020840796098466008,0.33731933990770174,0.0
42.19358634044335,0.0,0.0,2.225701989203814,-0.34063699687880383,0.22906444230701978,2.225701989203814,0.022499474211818617,13.335547243538567,0.7065355463962402,5.979291984462317,0.9042233641344952,0.8054770493736986,2.225701989203814,5.830231015817024,0.6020271058559528,0.8273454109266295,2.225701989203814,0.021868361552931148,0.33695956862956816,0.0
42.24351440248972,0.0,0.0,2.218037835876948,-0.5927437901772749,0.23059474650796657,2.218037835876948,0.02260663356305868,13.358046717750385,0.7114266732237086,6.013249475318105,0.9408050394473747,0.8400258168939435,2.218037835876948,5.863409609577892,0.639417100299261,0.8626657621637874,2.218037835876948,0.02263994526984403,0.3365808598672719,0.0
42.29345757797095,0.0,0.0,2.2046378942156317,-0.8593049899525242,0.23330605666120158,2.2046378942156317,0.02277643600937621,13.380653351313445,0.7201011564938212,6.045960490264058,0.9786047693562101,0.8746230040553267,2.2046378942156317,5.8952424219334185,0.6779592747982783,0.8982306252565382,2.2046378942156317,0.023607621201211515,0.33630886030448653,0.0
42.34337994137507,0.0,0.0,2.1850659890994404,-1.1252031701885885,0.23734967132977822,2.1850659890994404,0.023014821977985118,13.403429787322821,0.7330589997016789,6.077278518106432,1.0174160774968757,0.909527899063163,2.1850659890994404,5.925676009126894,0.7176155159587057,0.9342291336166276,2.1850659890994404,0.024701234553464513,0.3359519272567029,0.0
42.39322261657116,0.0,0.0,2.1591696384484855,-1.3739041683672566,0.24285709822436377,2.1591696384484855,0.023325946408939004,13.426444609300807,0.7507485723241725,6.107179098801739,1.05727783368907,0.9452873248179334,2.1591696384484855,5.954649372931456,0.7583506982797042,0.9708754162829242,2.1591696384484855,0.025588091464990637,0.3355931309757588,0.0
42.44302550610383,0.0,0.0,2.127122023446133,-1.5814213637845187,0.2499310437423993,2.127122023446133,0.023710646422923965,13.449770555709746,0.7735408192221445,6.135598695711212,1.098163016184122,0.9818803396383259,2.127122023446133,5.9820922786709305,0.8001320834614936,1.0084060166901307,2.127122023446133,0.026525677051804752,0.3352411921767144,0.0
42.49279085213022,0.0,0.0,2.08962550064378,-1.7235606603012272,0.2585895177508096,2.08962550064378,0.024164188861979383,13.47348120213267,0.8015509354812401,6.162464411618348,1.1400419131394879,1.0195070838895712,2.08962550064378,6.007923676456396,0.8429283218934693,1.047076022142174,2.08962550064378,0.02756893825260276,0.33490196315862786,0.0
42.542520313591936,0.0,0.0,2.0479770553331833,-1.787360481424434,0.26871911491393485,2.0479770553331833,0.024675595446987175,13.497645390994649,0.8344837249450946,6.187693877707394,1.1828870940007317,1.0583745343240623,2.0479770553331833,6.032050488196881,0.8867079189993899,1.0871462786495407,2.0479770553331833,0.028771744325478465,0.3345847701297785,0.0
42.59221657681979,0.0,0.0,2.0038728711756217,-1.7758009659443104,0.28007446365014027,2.0038728711756217,0.025229177102871477,13.522320986441636,0.8716210555482725,6.21119551569669,1.2266684322347068,1.0987006818568343,2.0038728711756217,6.054367205358744,0.9314370175351464,1.1288628750997678,2.0038728711756217,0.030162193242933455,0.3343003247814138,0.0
42.64188166378342,0.0,0.0,1.9590708741063625,-1.7053298042754057,0.2923200822861257,1.9590708741063625,0.025807542353990826,13.547550163544509,0.9119431142725624,6.232864641832922,1.2713522595786975,1.1407362966503736,1.9590708741063625,6.074756610496012,0.9770765541253733,1.1724360003086753,1.9590708741063625,0.03169970365830199,0.33406038435181895,0.0
42.69151769866948,0.0,0.0,1.915060502955002,-1.5993480733249832,0.30509908992215545,1.915060502955002,0.026395006699088522,13.5733577058985,0.9543398212146711,6.2525845598216,1.3169008591291804,1.1879617985716557,1.915060502955002,6.093091638030449,1.023579075333383,1.2180248617165774,1.915060502955002,0.030063063144921465,0.3338797103009207,0.0
42.74115831287304,0.0,0.0,1.8728456998454148,-1.4784856107035378,0.31810677195663606,1.8728456998454148,0.026979802360786394,13.599752712597589,0.9978472115170256,6.269951273960516,1.3634464723798305,1.2373336763314455,1.8728456998454148,6.109238096553828,1.070885612032113,1.2657331728650227,1.8728456998454148,0.028399496533577206,0.3337972174832351,0.0
42.790802612286484,0.0,0.0,1.8329564502753668,-1.3533287442760769,0.3311208417681284,1.8329564502753668,0.02755364462571487,13.626732514958375,1.0417505807282137,6.285083395517848,1.410720108408815,1.2855152474048959,1.8329564502753668,6.123057769747369,1.1189229826214002,1.3156164578201355,1.8329564502753668,0.03010121041523961,0.3337631885395866,0.0
42.84041832871918,0.0,0.0,1.7956673109938188,-1.2264273824153447,0.34396458157227894,1.7956673109938188,0.028109569063233524,13.65428615958409,1.0854661659829303,6.2978776964079035,1.4586672274588013,1.335828158589739,1.7956673109938188,6.134411465437776,1.1676017186440633,1.3676945119258497,1.7956673109938188,0.03186635333611054,0.3338268100215459,0.0
42.890021342228366,0.0,0.0,1.761192965786774,-1.0991585216843174,0.3564579670538934,1.761192965786774,0.028640653535095494,13.682395728647323,1.1283768302866515,6.308179751909153,1.5072001276781708,1.3891698817753513,1.761192965786774,6.143161965709342,1.2168145838996376,1.4219579476922746,1.761192965786774,0.032788065916923514,0.3339979547809251,0.0
42.93961363540891,0.0,0.0,1.7297123473870657,-0.9746745220329316,0.3684157465776796,1.7297123473870657,0.02914053156873517,13.711036382182419,1.1698233160687472,6.315793359006977,1.5562203473743514,1.446489478771557,1.7297123473870657,6.149177158653625,1.2664356015230849,1.4783665263927779,1.7297123473870657,0.0318770476212209,0.3342695875311894,0.0
42.98944380977228,0.0,0.0,1.7013098137085232,-0.8571228283599259,0.37967751684665957,1.7013098137085232,0.029604548310564666,13.740176913751155,1.209208607692206,6.320536335551962,1.606091481946454,1.5050655862226934,1.7013098137085232,6.152333508602508,1.3163196253720517,1.536847052418276,1.7013098137085232,0.03178146619558264,0.3350521151348904,0.0
43.039303182967814,0.0,0.0,1.675935079528254,-0.7509959281521839,0.39013584721897204,1.675935079528254,0.0300307250367107,13.769781462061719,1.246102196426861,6.322343227193764,1.6557237523841315,1.5651569325689505,1.675935079528254,6.15251967328095,1.366302572236984,1.597296484807812,1.675935079528254,0.03213955223886167,0.3355661767540737,0.0
43.088947333234344,0.0,0.0,1.6533821273062264,-0.6591313109313915,0.39975847976755113,1.6533821273062264,0.030419995571248346,13.79981218709843,1.2803289540451803,6.321096258452831,1.705378203662338,1.6268468007390957,1.6533821273062264,6.149639906275091,1.4162023663424714,1.6595902610794835,1.6533821273062264,0.032743460340388,0.3361843922488717,0.0
43.138841566674294,0.0,0.0,1.6333313557468223,-0.5791472438109501,0.40858139301324026,1.6333313557468223,0.030774620976484774,13.830232182669679,1.3119565297157596,6.316752964517569,1.7553555097983753,1.6896070578970577,1.6333313557468223,6.143616891018052,1.4658205163762734,1.7235950639328383,1.6333313557468223,0.03398800603578067,0.337352356391306,0.0
43.18865451447049,0.0,0.0,1.6155083188289645,-0.5035441663742966,0.4166423172146725,1.6155083188289645,0.031095069885892803,13.861006803646164,1.3410644404745704,6.309287460926732,1.804301766950237,1.7535848756165224,1.6155083188289645,6.134393817601656,1.5149441338242073,1.7891809579105713,1.6155083188289645,0.03559608229404887,0.33810593949798756,0.0
43.23848083174386,0.0,0.0,1.5998505777849221,-0.4242632573234105,0.4238980550402319,1.5998505777849221,0.031377781720772865,13.892101873532058,1.3674428960070115,6.298638868961906,1.853347994787299,1.8186171662648027,1.5998505777849221,6.1219359460332745,1.563348225989741,1.856221982683952,1.5998505777849221,0.037604816419149145,0.3395935642413723,0.0
43.2884063835725,0.0,0.0,1.586538137904484,-0.3350873869949232,0.43019808428374867,1.586538137904484,0.03161497643893035,13.92347965525283,1.3904872523160536,6.284794788223071,1.9011023448690187,1.8874165851492288,1.586538137904484,6.106232257656421,1.610798323024848,1.9245816903166055,1.586538137904484,0.03716510516737692,0.34082400505431903,0.0
43.33810787343472,0.0,0.0,1.5759443580596568,-0.23076324709065316,0.4352992899846443,1.5759443580596568,0.031795252299766645,13.955094631691761,1.4092442932401439,6.267689095198929,1.9478099653475218,1.9534857266971046,1.5759443580596568,6.087297576743994,1.657053726357584,1.9940934061716635,1.5759443580596568,0.0406076794745589,0.3421699730281001,0.0
43.38805721623196,0.0,0.0,1.5686071823968961,-0.10880045403298547,0.43887863323475945,1.5686071823968961,0.03190491579957523,13.986889883991527,1.422458634570055,6.247490953154269,1.9937747316552734,2.0216265514570417,1.5686071823968961,6.0651750247056535,1.7018716898918291,2.0645428034738726,1.5686071823968961,0.042916252016830914,0.3441605491000267,0.0
43.438038306803534,0.0,0.0,1.5651359130720182,0.027560970716291443,0.44058538093345895,1.5651359130720182,0.031931318982011465,14.018794799791102,1.428775290669147,6.224134277613724,2.037784492431672,2.0959492074737835,1.5651359130720182,6.039938408547643,1.7450127481365034,2.13565279765549,1.5651359130720182,0.03970359018170644,0.3458950887749703,0.0
43.48778017246886,0.0,0.0,1.566015971219414,0.1717819377389535,0.44015186110943727,1.566015971219414,0.031866650698947396,14.050726118773113,1.4271698766187815,6.197615253007328,2.0798527621527247,2.1636115619693466,1.566015971219414,6.0116939383395485,1.786247178360448,2.2070785671908064,1.566015971219414,0.04346700522145985,0.34752118508344065,0.0
43.53776142230284,0.0,0.0,1.5714900862257295,0.31907245540241413,0.43746769675721403,1.5714900862257295,0.03170907476629487,14.082592769472061,1.4172444114531508,6.168285418126438,2.120690500861934,2.2304213505770853,1.5714900862257295,5.980580341639571,1.8253620708661853,2.2784240806251677,1.5714900862257295,0.04800273004808231,0.34993153230695667,0.0
43.58783387051811,0.0,0.0,1.58160757856995,0.4688448821484672,0.43256252631648134,1.58160757856995,0.03146094908538608,14.114301844238357,1.3991702737881158,6.136244399434947,2.158989470530563,2.3042648504546754,1.58160757856995,5.946766624060121,1.8621680200947979,2.349273411075346,1.58160757856995,0.04500856062067049,0.352143153844831,0.0
43.63774445561301,0.0,0.0,1.5963578835361667,0.6279505023657701,0.4255391827563664,1.5963578835361667,0.031125060179179317,14.145762793323742,1.373433137659746,6.101460108448708,2.1948433430497807,2.37474102390203,1.5963578835361667,5.9104475574533275,1.8965045497272828,2.4192191990301835,1.5963578835361667,0.04447817512815355,0.35424826074221877,0.0
43.687680566115816,0.0,0.0,1.6159028807118472,0.8148488551995158,0.4164616006926447,1.6159028807118472,0.03069920344156574,14.176887853502922,1.3404096136075618,6.064326532989214,2.2282879626821823,2.436832033232687,1.6159028807118472,5.8718376842707425,1.9282439049350306,2.487878364263023,1.6159028807118472,0.051046331030335956,0.3564805653473113,0.0
43.737809798828096,0.0,0.0,1.640918091491744,1.056077343715925,0.4052128260024086,1.640918091491744,0.03017225368363529,14.207587056944488,1.2998529911277676,6.025086552501931,2.2597959399288197,2.502002366497816,1.640918091491744,5.831164879703394,1.9572934927388235,2.5548866536488353,1.640918091491744,0.052884287151019116,0.35932345558969486,0.0
43.787952785187535,0.0,0.0,1.6727823250158806,1.374038788711655,0.39146223268403013,1.6727823250158806,0.029526817631208728,14.237759310628123,1.2508037723625565,5.983863048608694,2.288145326519206,2.5647283878589646,1.6727823250158806,5.788664416733389,1.9835979013853722,2.619867480781282,1.6727823250158806,0.055139092922317445,0.361734211876122,0.0
43.83809495269023,0.0,0.0,1.7133533177483766,1.775784668151769,0.3748459854536868,1.7133533177483766,0.028748922247346022,14.267286128259332,1.1922688147194416,5.941030530227961,2.31449084798203,2.6251736225016704,1.7133533177483766,5.744573828858746,2.0071414011892506,2.6823962930879612,1.7133533177483766,0.057222670586290825,0.36477241940242744,0.0
43.888233723948,0.0,0.0,1.764405213101101,2.2476689826633955,0.355267785518756,1.764405213101101,0.027839353146664893,14.296035050506678,1.124271961463088,5.896662407197272,2.3376593010152282,2.690628493699393,1.764405213101101,5.699127939440116,2.0279505775088222,2.741998889899677,1.764405213101101,0.05137039620028405,0.3673409307007192,0.0
43.938268355883956,0.0,0.0,1.8269788636662723,2.499999999999996,0.3331345459332355,1.8269788636662723,0.02686867307786138,14.323874403653342,1.0485786197150664,5.850965460095186,2.3581043861765534,2.7437490864664635,1.8269788636662723,5.65255320944112,2.046095194538421,2.7982022624936085,1.8269788636662723,0.054453176027144945,0.3697528321410032,0.0
43.98840381550263,0.0,0.0,1.8941505463609256,2.5,0.30939613500321744,1.8941505463609256,0.025947930088654925,14.350743076731204,0.9686721404753424,5.8042227864990545,2.3765073868094193,2.795630921099764,1.8941505463609256,5.605061365542248,2.061685029566212,2.85062165644628,1.8941505463609256,0.05499073534651577,0.3725297145432884,0.0
44.03863808770472,0.0,0.0,1.959020371582563,2.5000000000000053,0.28534571471989434,1.959020371582563,0.02511581814640177,14.37669100681986,0.8889425151822066,5.756449700787138,2.3921734286802305,2.8415745241786667,1.959020371582563,5.556843331243131,2.074861648422022,2.8990464532024376,1.959020371582563,0.05747192902377085,0.3748726032309802,0.0
44.08885105657137,0.0,0.0,2.0218099169485675,2.5000000000000093,0.26223586236423124,2.0218099169485675,0.024358969237645755,14.401806824966261,0.8133850279035818,5.708282761786275,2.4061870200235544,2.8765635641925886,2.0218099169485675,5.508064916254971,2.085786182852,2.9434854938508885,2.0218099169485675,0.0669219296582999,0.37781461344081185,0.0
44.13898879344756,0.0,0.0,2.082707340042682,2.5000000000000053,0.24088747499181487,2.082707340042682,0.02366667858581723,14.426165794203907,0.7444167571037853,5.659675357064395,2.418439319742497,2.912062409004958,2.082707340042682,5.4588652894553125,2.094626030314874,2.984147347345926,2.082707340042682,0.07208493834096785,0.3810245788175638,0.0
44.189087469108806,0.0,0.0,2.1418740365072253,2.4999999999999933,0.2215118177790774,2.1418740365072253,0.02303025898002786,14.449832472789724,0.6824465962869121,5.610713248196869,2.428983932752462,2.9476782832352195,2.1418740365072253,5.4093582825963535,2.1015440055574466,3.0213614145812437,2.1418740365072253,0.07368313134602422,0.38439657658915455,0.0
44.239382518418864,0.0,0.0,2.199449683957295,2.5000000000000053,0.20382276435282995,2.199449683957295,0.02244257670356737,14.472862731769752,0.6263423887404005,5.560970573389562,2.437823169208213,2.9817582156758147,2.199449683957295,5.359635622932035,2.1066923309809775,3.055477537406773,2.199449683957295,0.07371932173095841,0.3875350233215141,0.0
44.28990267773917,0.0,0.0,2.2555561257162133,2.500000000000003,0.1872955386756849,2.2555561257162133,0.021897711619055977,14.495305308473318,0.5742933261342009,5.510960825135011,2.445064980115241,3.0117751972057314,2.2555561257162133,5.309770794783388,2.110211602997645,3.086788960134009,2.2555561257162133,0.07501376292827766,0.3906458914156729,0.0
44.34043131108218,0.0,0.0,2.3103004047638533,2.500000000000006,0.171395791354849,2.3103004047638533,0.021390703965231364,14.517203020092374,0.5245275372762542,5.460763648922724,2.450905349414274,3.037898599912899,2.3103004047638533,5.259822495606275,2.1122330630191755,3.11549840312761,2.3103004047638533,0.07759980321471094,0.3937972380149818,0.0
44.390718281436776,0.0,0.0,2.363777164676932,2.49999999999999,0.15574045450558877,2.363777164676932,0.020917362876231933,14.538593724057606,0.47579381306368124,5.410927108578779,2.455475220349056,3.062465501933716,2.363777164676932,5.2098372364584975,2.1128820805409783,3.1417200093081554,2.363777164676932,0.07925450737443951,0.39724953884543196,0.0
44.44097370892742,0.0,0.0,2.4160705718675115,2.4999999999999973,0.14022309953237236,2.4160705718675115,0.020474119592711858,14.559511086933837,0.42772555217489305,5.3605672843669785,2.458850190437364,3.0854946697802728,2.4160705718675115,5.159851121450494,2.1122812166858203,3.165505372521079,2.4160705718675115,0.08001070274080613,0.4004959820311748,0.0
44.4914387438943,0.0,0.0,2.467255870849291,2.499999999999996,0.12507876230619563,2.467255870849291,0.020057913536501493,14.57998520652655,0.38101558566110794,5.310155809647864,2.4611342245555727,3.1060522061077576,2.467255870849291,5.109891095852933,2.110551713986558,3.186887759880047,2.467255870849291,0.08083555377228935,0.4037499873786241,0.0
44.541893124597536,0.0,0.0,2.5174006546905447,2.4999999999999973,0.11083990954934808,2.5174006546905447,0.019666102891994997,14.60004312006305,0.337260783802606,5.259722246361797,2.462435778021423,3.1245597205056597,2.5174006546905447,5.059976040629656,2.107812688187998,3.2059350737498495,2.5174006546905447,0.08137535324418987,0.40700870082516916,0.0
44.59233351878539,0.0,0.0,2.566565911920532,2.5000000000000013,0.09818609300219884,2.566565911920532,0.019296393697521088,14.619709222955045,0.2984934417658638,5.2092896547263585,2.4628524371890985,3.1412370212783536,2.566565911920532,5.010118039497658,2.1041779829836518,3.222795045485435,2.566565911920532,0.08155802420708147,0.4102641788072469,0.0
44.642755957178835,0.0,0.0,2.614806896164335,2.500000000000004,0.08771800985903853,2.614806896164335,0.01894678308193584,14.639005616652566,0.2664960153177683,5.158877375952046,2.462471641717295,-3.129003696826582,2.614806896164335,4.960323962106963,2.099751466945292,3.2377170027159434,2.614806896164335,0.08353539236293983,0.413508625467679,0.0
44.692911209584544,0.0,0.0,2.6621738538691746,2.4999999999999956,0.07969420037664249,2.6621738538691746,0.018615513427856313,14.657952399734501,0.24201014279349717,5.108987098506265,2.461589665936132,-3.1252365152043344,2.6621738538691746,4.910597266292391,2.0946222057350763,3.251039379647065,2.6621738538691746,0.09309058767181355,0.41716141045435,0.0
44.74300766401604,0.0,0.0,2.7087126374388153,2.500000000000003,0.07384491637085427,2.7087126374388153,0.01830103505951024,14.676567913162359,0.22418011213933475,5.05869786875722,2.460832945701855,-3.1170364740928234,2.7087126374388153,4.860939715683738,2.0888613251044594,3.2631376856558996,2.7087126374388153,0.0969888525691367,0.42127327667072306,0.0
44.7932884241533,0.0,0.0,2.754465225087591,2.500000000000008,0.06941830234980954,2.754465225087591,0.01800197564260232,14.694868948221869,0.2106970434573122,5.008455896305804,2.459120507364127,-3.101378458581037,2.754465225087591,4.811352621389609,2.0825222018152294,3.2743446522997353,2.754465225087591,0.0925378037011857,0.42505997779723986,0.0
44.843542820066816,0.0,0.0,2.799470164194097,2.4999999999999973,0.06545965486463756,2.799470164194097,0.017717114914274943,14.712870923864472,0.19864640263845046,4.958270336456728,2.4567921548680984,-3.089761199366437,2.799470164194097,4.761837330938244,2.075644450141264,3.2848775881406866,2.799470164194097,0.0914534803275373,0.42878840758066106,0.0
44.89376481428954,0.0,0.0,2.843762951479784,2.499999999999987,0.06113768885593439,2.843762951479784,0.017445363679492145,14.730588038778746,0.18549689923916982,4.9081467990272944,2.45391668011884,-3.0794618623391714,2.843762951479784,4.712394976932073,2.0682604367031643,3.2948081015436927,2.843762951479784,0.09108465670327703,0.4324922125762384,0.0
44.943950924408625,0.0,0.0,2.8873763606785143,2.4999999999999862,0.0559501240596245,2.8873763606785143,0.01718574624782852,14.748033402458239,0.169722968641926,4.858091784096148,2.4505599608341178,-3.0704010915195235,2.8873763606785143,4.663025775107585,2.0604020294526557,3.304081259374108,2.8873763606785143,0.09129704371404479,0.4362040340054039,0.0
44.99409824542311,0.0,0.0,2.9303407262980854,2.4999999999999964,0.04976726252488766,2.9303407262980854,0.016937385663854543,14.765219148706068,0.1509345175720089,4.808106208255303,2.4467825776728214,-3.0621840534742857,2.9303407262980854,4.613728263452734,2.052105589592126,3.3125658641417273,2.9303407262980854,0.09156461043642672,0.43994625847496416,0.0
45.044157291978514,0.0,0.0,2.9726841904577217,2.499999999999985,0.04273015689843743,2.9726841904577217,0.01669949122068931,14.782156534369923,0.12956418916424792,4.758289183768814,2.4426180759164033,-3.0542309740729863,2.9726841904577217,4.56449879941589,2.0434142964711115,3.3201112172405853,2.9726841904577217,0.09115688413398537,0.4437548541605591,0.0
45.09394977789479,0.0,0.0,3.0144329185094447,2.4999999999999933,0.035057062711989426,3.0144329185094447,0.016471347850969886,14.798856025590613,0.10627706502487583,4.708901014181722,2.4380937294341374,-3.0479879542077524,3.0144329185094447,4.5153314504908675,2.0343780569261614,3.326588248286483,3.0144329185094447,0.09139089531464961,0.4477225929256139,0.0
45.143738589035614,0.0,0.0,3.0556112881368693,2.500000000000003,0.02686825955964588,3.0556112881368693,0.01625230707048038,14.815327373441583,0.0814385662309518,4.659147484641329,2.4333107479765292,-3.0437324883744643,3.0556112881368693,4.466218195722589,2.02505213123429,3.3319011349264818,3.0556112881368693,0.0924483161213594,0.4515493424499443,0.0
45.19369651002677,0.0,0.0,3.0962420558130703,2.4999999999999973,0.018122812494422928,3.0962420558130703,0.016041779212828206,14.831579680512064,0.054923626722639354,4.60946321813409,2.428331547494425,-3.0402997306014377,3.0962420558130703,4.417149215177184,2.015495863189076,3.335972322537918,3.0962420558130703,0.09308674595976996,0.45543163918328605,0.0
45.24360459181315,0.0,0.0,3.136346503845141,2.4999999999999885,0.00867785086222081,3.136346503845141,0.015839226743135166,14.847621459724893,0.02629717787145054,4.559842953095693,2.4232173578182667,-3.038116582041615,3.136346503845141,4.368113073049212,2.005772398900053,3.3387180043326374,3.136346503845141,0.09364927919466659,0.4593698299070882,0.0
45.29346113290216,0.0,0.0,3.1759445707029785,2.499999999999998,-0.0015638785711038995,3.1759445707029785,0.01564415847790387,14.863460686468029,-0.004739029836483407,4.510283488615965,2.41803203244973,-3.0369632335657437,3.1759445707029785,4.319096760189909,1.9959494015777801,3.340032624048097,3.1759445707029785,0.09381055043425413,0.46336390926575755,0.0
45.34326386203969,0.0,0.0,3.215054966897738,2.5000000000000098,-0.01243415065946514,3.215054966897738,0.015456124569399182,14.879104844945934,-0.037681186381548236,4.460782203813749,2.4128147009515004,-3.03620636865393,3.215054966897738,4.270085744209636,1.9860999922789015,3.339795715658701,3.215054966897738,0.09281677713304504,0.46738697275714053,0.0
45.39276630218479,0.0,0.0,3.2536952783212363,2.4999999999999867,-0.02325412065752044,3.2536952783212363,0.015274712137838346,14.894560969515332,-0.07047973682305729,4.411827887092564,2.4076175785544898,-3.0377285795698197,3.2536952783212363,4.221064319463603,1.9763025569252668,3.3379119990575794,3.2536952783212363,0.09245527144781285,0.47161783958788706,0.0
45.442182375634516,0.0,0.0,3.291882058665832,2.4999999999999956,-0.03271044026519145,3.291882058665832,0.015099541454769775,14.90983568165317,-0.0991579142081681,4.362482665894103,2.4025680378098464,-3.042908063845644,3.291882058665832,4.172016604347081,1.9666376917371615,3.334388653243784,3.291882058665832,0.09411140990984279,0.47572322544551565,0.0
45.49199957776038,0.0,0.0,3.3296309123027563,2.5000000000000027,-0.03903138101719222,3.3296309123027563,0.014930262597276195,14.92493522310794,-0.11833701173320627,4.312678241449844,2.3978011494928957,-3.0495891208753845,3.3296309123027563,4.122928374466041,1.9571808882407726,3.3294316593945146,3.3296309123027563,0.09583547309031282,0.4797407911010487,0.0
45.541785039378105,0.0,0.0,3.366956568795947,2.4999999999999987,-0.040501263495695675,3.366956568795947,0.01476655250586206,14.939865485705218,-0.12279825297999346,4.263332861989847,2.393420079583686,-3.0586243682093093,3.366956568795947,4.073789480748533,1.9479910896365205,3.323515885106736,3.366956568795947,0.09895494613645894,0.4840802396893951,0.0
45.5915389646839,0.0,0.0,3.403872950060602,2.499999999999996,-0.03615754206716523,3.403872950060602,0.01460811238969575,14.954632038211079,-0.10961608297262677,4.213512687319721,2.3895546225025246,-3.070669539556212,3.403872950060602,4.02459609590165,1.9390976312775272,3.3173770893325027,3.403872950060602,0.10486132170912832,0.48846799225384224,0.0
45.64150731897605,0.0,0.0,3.4403932310348413,2.499999999999999,-0.026399161291108277,3.4403932310348413,0.014454665431756381,14.969240150600776,-0.08001604746861365,4.163647393290333,2.3863381975723534,-3.084865966919665,3.4403932310348413,3.9753518609405147,1.9304900978358588,3.311897282164155,3.4403932310348413,0.11357794190423398,0.4932065465261735,0.0
45.69147533670437,0.0,0.0,3.4765298946142322,2.4999999999999987,-0.013202453161579034,3.4765298946142322,0.01430595475376056,14.983694816032532,-0.04000975848055652,4.113737401682249,2.383888622259736,-3.09735464635225,3.4765298946142322,3.926067351310444,1.9221160700812985,3.3078972075527417,3.4765298946142322,0.12206654672540651,0.4984515400236451,0.0
45.7414460558469,0.0,0.0,3.5122947814986336,2.4999999999999813,0.0002746085451995384,3.5122947814986336,0.014161741606814111,14.998000770786293,0.0008321471275826323,4.0638037318196325,2.3819184294134175,-3.0915913186129567,3.5122947814986336,3.8767579159422882,1.9138899341012077,3.3058970835255006,3.5122947814986336,0.11430309495887059,0.5040206440825936,0.0
45.79143730133142,0.0,0.0,3.5476991355156686,2.4999999999999964,0.010631645026636348,3.5476991355156686,0.014021803758783254,15.012162512393108,0.03221832004952161,4.0138798694630085,2.3788914471119966,-3.082287655475516,3.5476991355156686,3.8274404404575493,1.905712087557268,3.3059386833133346,3.5476991355156686,0.10504103160926448,0.5085846704301112,0.0
45.8414389448127,0.0,0.0,3.5827536449126267,2.5000000000000053,0.015308446325009524,3.5827536449126267,0.013885934053597252,15.026184316151891,0.04639285537699749,3.963976253240463,2.375991210514748,-3.0742547620852076,3.5827536449126267,3.778129742939185,1.8974935029685662,3.307549306283721,3.5827536449126267,0.09861876118934276,0.513321518658739,0.0
45.891439488792194,0.0,0.0,3.61746848004662,2.499999999999992,0.0133400277314994,3.61746848004662,0.013753939121230062,15.040070250205488,0.04042672455151775,3.9141054178946484,2.3721626725419185,-3.0608727289593505,3.61746848004662,3.7288352951991475,1.889178043603577,3.309868527100236,3.61746848004662,0.0875559488800004,0.5172998841622849,0.0
45.94145666092487,0.0,0.0,3.651853327849695,2.4999999999999836,0.005513146012214784,3.651853327849695,0.013625638220083313,15.053824189326718,0.016706672332864707,3.8642676292595333,2.3679252117280356,-3.0602593697283056,3.651853327849695,3.679559006192601,1.8807556298296222,3.3118894956386353,3.651853327849695,0.08896355818735557,0.52101005456935,0.0
45.99145420791989,0.0,0.0,3.685917423399903,2.4999999999999947,-0.006076451314314471,3.685917423399903,0.013500862196004378,15.067449827546803,-0.018413715463285244,3.8144408805484336,2.364038706906676,-3.0585336463197303,3.685917423399903,3.6302947883162373,1.8722628532279455,3.312724677304739,3.685917423399903,0.08807301644488419,0.5251221510713796,0.0
46.041449730598345,0.0,0.0,3.719669578889914,2.499999999999993,-0.01883343482281207,3.719669578889914,0.01337945254430068,15.080950689742807,-0.057077763235404144,3.7646212947063193,2.3596296007390727,-3.0596393911813116,3.719669578889914,3.5810302084198002,1.8637721787081847,3.3118041590080143,3.719669578889914,0.08825824300974006,0.5287535058484079,0.0
46.09144274619347,0.0,0.0,3.7531182102506655,2.500000000000023,-0.030485429572990816,3.7531182102506655,0.013261260562919173,15.094330142287108,-0.0924087184214133,3.7147904314229123,2.3558536948565614,-3.070130517500875,3.7531182102506655,3.53174970979124,1.855374481288177,3.308950789979961,3.7531182102506655,0.09589600030124856,0.5329008810177291,0.0
46.14141696390384,0.0,0.0,3.7862713616579637,2.5000000000000018,-0.03961746252210262,3.7862713616579637,0.013146146586500852,15.107591402850026,-0.12011576561005646,3.6649279608731,2.3524931497812283,-3.078407225899552,3.7862713616579637,3.482438204517658,1.8471609822857995,3.304331194534738,3.7862713616579637,0.09955311325470362,0.5372737762819776,0.0
46.19139307625828,0.0,0.0,3.819136728124216,2.499999999999986,-0.04578900969073726,3.819136728124216,0.013033979292337503,15.120737549436527,-0.1388516287081797,3.6150376648857065,2.349542372298843,-3.0865808783550883,3.819136728124216,3.4330837941653125,1.83920955271142,3.2983264987312406,3.819136728124216,0.10172206990674226,0.5417995919324625,0.0
46.241371056208834,0.0,0.0,3.8517216763550595,2.5000000000000013,-0.04930545829363959,3.8517216763550595,0.012924635070387318,15.133771528728865,-0.14953167122445257,3.5651232109639333,2.3469971680382153,-3.094649985436527,3.8517216763550595,3.3836789734398356,1.8315777627954122,3.2913851801792737,3.8517216763550595,0.10284985843621541,0.5464239879722944,0.0
46.29135086798352,0.0,0.0,3.8840332640310278,2.4999999999999982,-0.05085088160543629,3.8840332640310278,0.012817997450476968,15.146696163799252,-0.1542265371626695,3.5151881573306296,2.3448517240346067,-3.102622732704915,3.8840332640310278,3.3342204405538207,1.8243022937373428,3.2839099566386243,3.8840332640310278,0.10334738216395323,0.5511089038458891,0.0
46.341332453778996,0.0,0.0,3.91607825765722,2.4999999999999982,-0.05116504512086714,3.91607825765722,0.012713956580654627,15.15951416124973,-0.15518102907917466,3.465235934539241,2.3431025970760313,-3.110513237739455,3.91607825765722,3.284708101580639,1.8174025493629378,3.276200032501812,3.91607825765722,0.10352796306167988,0.5558334630429133,0.0
46.391315739207215,0.0,0.0,3.9478631491088567,2.499999999999998,-0.05083981178887476,3.9478631491088567,0.012612408751381754,15.172228117830384,-0.15419290539238825,3.415269862947407,2.3417453215587924,-3.1182934933245705,3.9478631491088567,3.2351438842374685,1.8108859253529912,3.2684423924504706,3.9478631491088567,0.10355057859545447,0.560586359757532,0.0
46.4413006833453,0.0,0.0,3.979394170987311,1.6445194638163791,-0.05024360340606129,3.979394170987311,0.012530000079700909,15.184840526581766,-0.15238159026811776,3.365293179405976,2.3407735933576834,-3.1259673251347917,3.979394170987311,3.185530755067861,1.8047527693596301,3.260734149596285,3.979394170987311,0.10351616755148996,0.5653608166149018,0.0
46.49128721869848,0.0,0.0,4.0,0.0,-0.04955200073016713,4.0,0.012497726199804497,15.197370526661468,-0.1502805978079933,3.315308996249789,2.340183273056751,-3.1335487438364598,4.0,3.1358720819673875,1.798999973216618,3.253116456024038,4.0,0.1034798926809124,0.5701552159132154,0.0
46.541275274953136,0.0,0.0,4.0,0.0,-0.04882645967753516,4.0,0.012497726199804497,15.209868252861272,-0.1480766601556697,3.2653203013306205,2.3399694032036864,-3.1410186576403403,4.0,3.0861713060855513,1.7936230144723502,3.245603792965849,4.0,0.10343714342660348,0.5749684678111402,0.0
46.59126479654115,0.0,0.0,4.0,0.0,-0.04807934454122656,4.0,0.012497726199804497,15.222365979061076,-0.1458073513365831,3.21532996954389,2.340125885494089,3.134818192085915,4.0,3.036431810156865,1.7886168487156933,3.2382013067450206,4.0,0.10338311465910577,0.5797989040006022,0.0
46.64125572003707,0.0,0.0,4.0,0.0,-0.04729866821948598,4.0,0.012497726199804497,15.23486370526088,-0.14343627708372605,3.165340748579872,2.340646721196463,3.1275886850847257,4.0,2.9866568789626795,1.7839761890068164,3.2309122653253275,4.0,0.10332358024060184,0.5846451972518701,0.0
46.691247978468446,0.0,0.0,4.0,0.0,-0.04643419049686947,4.0,0.012497726199804497,15.247361431460684,-0.14081088510357087,3.1153552565594045,2.3415260197545296,3.1204677791853945,4.0,2.936849694430211,1.7796955087099815,3.2237417560528807,4.0,0.10327397686748618,0.589506368796502,0.0
46.741241511376316,0.0,0.0,4.0,0.0,-0.04535510810786317,4.0,0.012497726199804497,15.259859157660488,-0.13753404091691526,3.0653759920643857,2.342758778307826,3.1134537689623403,4.0,2.887013349647083,1.7757688075620617,3.2167024925009744,4.0,0.10324872353863412,0.5943827547434106,0.0
46.791236268396496,0.0,0.0,4.0,0.0,-0.04381009938072818,4.0,0.012497726199804497,15.272356883860292,-0.13284287733145336,3.0154053255971647,2.3443392418697098,3.106570973825786,4.0,2.837150887040387,1.7721889275717966,3.209827041354845,4.0,0.10325606752905925,0.5992750845950404,0.0
46.84123217971065,0.0,0.0,4.0,0.0,-0.04145423287685802,4.0,0.012497726199804497,15.284854610060096,-0.1256908937375373,2.9654454840565587,2.3462599440893337,3.099814641866964,4.0,2.787265363192163,1.768946106505218,3.2031861057209143,4.0,0.10337146385395046,0.6041849241228626,0.0
46.891229184188774,0.0,0.0,4.0,0.0,-0.03799677294418617,4.0,0.012497726199804497,15.2973523362599,-0.11519718035684436,2.9154985688337547,2.3485155776030204,3.093176091019846,4.0,2.737359915821467,1.7660257190061845,3.1969027042179525,4.0,0.1037266131981065,0.6091205258938448,0.0
46.94122723575869,0.0,0.0,4.0,0.0,-0.033429694082596696,4.0,0.012497726199804497,15.309850062459704,-0.10133985669144355,2.865566561632259,2.351099520363487,3.0866597819776276,4.0,2.6874377760791726,1.7634058679472813,3.191143892941595,4.0,0.10448411096396759,0.6140958339973637,0.0
46.99122626653672,0.0,0.0,4.0,0.0,-0.02821298415686756,4.0,0.012497726199804497,15.322347788659508,-0.08551658220375681,2.8156513474348746,2.3540059959744273,3.08024038685667,4.0,2.6375021722346235,1.7610562538546004,3.1860778218133667,4.0,0.10583743495669662,0.6191336893632093,0.0
47.04122624983583,0.0,0.0,4.0,0.0,-0.023306120416477998,4.0,0.012497726199804497,15.334845514859312,-0.0706373972810962,2.765754740975045,2.3572308967780344,3.073928884224804,4.0,2.5875561236865257,1.7589398911847751,3.1818027704936642,4.0,0.10787388626886019,0.6242650675613154,0.0
47.091227118871515,0.0,0.0,4.0,0.0,-0.019985381521601918,4.0,0.012497726199804497,15.347343241059116,-0.06056982657675321,2.7158784452982587,2.3607673284269417,3.069692240798186,4.0,2.5376021830662165,1.7570184900639718,3.1782715430909203,4.0,0.10857930229273416,0.6295197260611167,0.0
47.14122883078226,0.0,0.0,4.0,0.0,-0.019436511190080188,4.0,0.012497726199804497,15.35984096725892,-0.058905936732989765,2.666009698130753,2.3644149905977514,3.0755890659700804,4.0,2.4876422028329355,1.7552609268810297,3.1752436026568165,4.0,0.09965453668673607,0.6347311531045351,0.0
47.191213399234705,0.0,0.0,4.0,0.0,-0.022259030777826184,4.0,0.012497726199804497,15.372338693458724,-0.06746275058392759,2.6161269858024605,2.3673608602550242,3.0790715568453977,4.0,2.4376771956516823,1.7536525693049283,3.172298841581489,4.0,0.09322728473609132,0.6391261174335973,0.0
47.24119624898673,0.0,0.0,4.0,0.0,-0.02815049245403726,4.0,0.012497726199804497,15.384836419658528,-0.08532706292890892,2.56623931233117,2.370660884828128,3.073832029393768,4.0,2.387707363129456,1.7522020412486488,3.1689263176395546,4.0,0.09509428824578636,0.6437118905903714,0.0
47.291192894829834,0.0,0.0,4.0,0.0,-0.03593418206540511,4.0,0.012497726199804497,15.397334145858332,-0.10893835428522103,2.516363166003325,2.374131284268932,3.070516551677241,4.0,2.337732369592801,1.7509423609789834,3.164660740559879,4.0,0.09414418888263798,0.6482849647628299,0.0
47.341189543749316,0.0,0.0,4.0,0.0,-0.043869553061477,4.0,0.012497726199804497,15.409831872058136,-0.13302338670468858,2.4664984818646576,2.377762036182914,3.065712202486473,4.0,2.287751872419312,1.7499253612662589,3.1592148136618228,4.0,0.09350261117534986,0.6527857541020705,0.0
47.39118559569543,0.0,0.0,4.0,0.0,-0.050090570356705326,4.0,0.012497726199804497,15.42232959825794,-0.15191668469035566,2.416658793422731,2.3817114510947164,3.0526716115871744,4.0,2.2377661689404604,1.749210657951105,3.152564854200999,4.0,0.09989324261382482,0.6573125774100569,0.0
47.44119995252107,0.0,0.0,4.0,0.0,-0.05301614243451274,4.0,0.012497726199804497,15.434827324457745,-0.16080566474866675,2.3668649688120063,2.386644976659716,3.0428724117541273,4.0,2.1877766710406674,1.7488519784308962,3.1449704016792306,4.0,0.10209798992510333,0.6624594530900312,0.0
47.491214509570405,0.0,0.0,4.0,0.0,-0.05162092921967691,4.0,0.012497726199804497,15.447325050657549,-0.15656615128855703,2.317116709769932,2.391570317633197,3.0327136852834955,4.0,2.137785911138635,1.7488840556187453,3.136931581001605,4.0,0.10421789571810969,0.667236964443553,0.0
47.541227658046864,0.0,0.0,4.0,0.0,-0.045560723111187085,4.0,0.012497726199804497,15.459822776857353,-0.13815840600011775,2.2674309737427603,2.3975142317714475,3.0169698961522213,4.0,2.087796971648377,1.7493126970037023,3.129104697437759,4.0,0.11213480128553766,0.6726318490702811,0.0
47.59126660862026,0.0,0.0,4.0,0.0,-0.035193141891904346,4.0,0.012497726199804497,15.472320503057157,-0.10668993535550524,2.2178149498510877,2.404010043312109,3.013742585266325,4.0,2.037812518023948,1.7501095810788687,3.122198033716195,4.0,0.10845544844987032,0.6782231859591129,0.0
47.64127496319952,0.0,0.0,4.0,0.0,-0.021507057006940597,4.0,0.012497726199804497,15.48481822925696,-0.06518295053162293,2.168230570314386,2.41026656765745,3.008264878742814,4.0,1.9878338373718811,1.7512123588130943,3.1168645073148036,4.0,0.10859962857198946,0.6832974692268287,0.0
47.69127992755258,0.0,0.0,4.0,0.0,-0.005985455932198268,4.0,0.012497726199804497,15.497315955456765,-0.018137961851225123,2.1186926081664996,2.4173046745128772,2.9969532618829318,4.0,1.9378603183620966,1.752529837127275,3.113605952640245,4.0,0.11665269075731333,0.6889309845383335,0.0
47.741312676112074,0.0,0.0,4.0,0.0,0.0096101302531225,4.0,0.012497726199804497,15.509813681656569,0.029122503365580827,2.0692099624495164,2.424689567752523,2.9992465470421923,4.0,1.8878896311697808,1.753951390133727,3.1126992195160885,4.0,0.11345267247389623,0.6948141949116877,0.0
47.79130761846255,0.0,0.0,4.0,0.0,0.023593114094149915,4.0,0.012497726199804497,15.522311407856373,0.07150755349596301,2.019714032326485,2.4314898275678445,3.009157639870149,4.0,1.8379185582555835,1.755359222879668,3.1141550798093522,4.0,0.1049974399392033,0.7001444058111606,0.0
47.84126904442226,0.0,0.0,4.0,0.0,0.03476137726933575,4.0,0.012497726199804497,15.534809134056177,0.10537995570392587,1.9701621056187406,2.4378842027585588,3.0172910476925434,4.0,1.7879441245033347,1.7566413588055476,3.117729807108594,4.0,0.10043875941605052,0.7051916087695324,0.0
47.891232532348546,0.0,0.0,4.0,0.0,0.04263173463251541,4.0,0.012497726199804497,15.547306860255981,0.12926539590309585,1.92055804332127,2.443878949709335,3.025329661949205,4.0,1.737964541602431,1.7577025261296506,3.1229978464419346,4.0,0.09766818449272963,0.7100552592204032,0.0
47.94119809278247,0.0,0.0,4.0,0.0,0.047402867992443934,4.0,0.012497726199804497,15.559804586455785,0.14375274298833154,1.8709056129586679,2.4494763372783703,3.033312548076182,4.0,1.6879796237128692,1.7584705428464245,3.1294599405423593,4.0,0.09614739246617754,0.7148083138017343,0.0
47.99116556001472,0.0,0.0,4.0,0.0,0.0497395923694411,4.0,0.012497726199804497,15.572302312655589,0.1508504607130914,1.8212083843083455,2.4546787821357494,3.041202565427225,4.0,1.6379906492347043,1.7588974364805514,3.1366462702317155,4.0,0.09544370480449071,0.719500117725684,0.0
48.041134969496966,0.0,0.0,4.0,0.0,0.05048331077751951,4.0,0.012497726199804497,15.584800038855393,0.15310982182771204,1.771469971382516,2.4594923604590395,3.049002816606193,4.0,1.5879998974475211,1.7589562160259116,3.1441874212521417,4.0,0.09518460464594858,0.7241630739598263,0.0
48.09110626033022,0.0,0.0,4.0,0.0,0.05037485686857778,4.0,0.012497726199804497,15.597297765055197,0.15278033641665195,1.7216938944545754,2.4639192333861777,3.0567190548130765,4.0,1.538010145478218,1.7586351865775325,3.151841519778956,4.0,0.0951224649658795,0.7288108851552567,0.0
48.14107934854385,0.0,0.0,4.0,0.0,0.04989958380921574,4.0,0.012497726199804497,15.609795491255001,0.15133648857817297,1.671883561440464,2.4679649714663547,3.0643455167072147,4.0,1.4880243086813756,1.7579319554398207,3.1594791470319534,4.0,0.09513363032473876,0.7334515039679629,0.0
48.191054175484865,0.0,0.0,4.0,0.0,0.049296265376280665,4.0,0.012497726199804497,15.622293217454805,0.14950374607993808,1.6220422981133726,2.4716323817568977,3.0718757922340982,4.0,1.4380452593540247,1.7568487790102936,3.167044595025113,4.0,0.0951688027910147,0.7380857057467135,0.0
48.241030682641664,0.0,0.0,4.0,0.0,0.048655109593616706,4.0,0.012497726199804497,15.63479094365461,0.14755618197336837,1.5721733566084979,2.4749277383546673,3.0792912855173857,4.0,1.3880757652002322,1.755389812315962,3.1745184225625214,4.0,0.09522713704513563,0.7427157936723886,0.0
48.291008840134594,0.0,0.0,4.0,0.0,0.048013422210889,4.0,0.012497726199804497,15.647288669854413,0.14560712484083455,1.5222799086315164,2.4778557691321295,3.086622593802316,4.0,1.3381184784529616,1.7535598582848186,3.1818948896080883,4.0,0.09527229580577234,0.7473419557575678,0.0
48.340988536720516,0.0,0.0,4.0,0.0,0.047423483128882546,4.0,0.012497726199804497,15.659786396054217,0.1438153537428699,1.472364949433952,2.4804197453251886,3.093859931195057,4.0,1.288175939303935,1.751363882047409,3.189173921524094,4.0,0.09531399032903698,0.7519627937819691,0.0
48.39096972027018,0.0,0.0,4.0,0.0,0.04701026651370685,4.0,0.012497726199804497,15.672284122254021,0.14256038637639856,1.4224313976798462,2.482625433358579,3.1009749945041416,4.0,1.2382505904007848,1.7488066696820528,3.19636338118172,4.0,0.09538838667757821,0.7565795052033276,0.0
48.44095236692112,0.0,0.0,4.0,0.0,0.04701707884030186,4.0,0.012497726199804497,15.684781848453826,0.14258107548547772,1.3724821058777372,2.4844789851623084,3.107991022157337,4.0,1.1883448232717457,1.7458921555730758,3.203490103885202,4.0,0.09549908172786514,0.7611944847988541,0.0
48.49093639100019,0.0,0.0,4.0,0.0,0.04779007924053132,4.0,0.012497726199804497,15.69727957465363,0.14492877261639142,1.3225197796557595,2.4859838907958336,3.114902938656542,4.0,1.138461095978476,1.7426220281306535,3.210617860855967,4.0,0.0957149221994249,0.7658096747247716,0.0
48.54092173469031,0.0,0.0,4.0,0.0,0.04964979051655655,4.0,0.012497726199804497,15.709777300853434,0.15057766074384502,1.2725470229877516,2.487146857544748,3.1217003991576746,4.0,1.0886021606723129,1.7389935021218124,3.2178629813305006,4.0,0.09616258217282603,0.7704343940939056,0.0
48.59090834448261,0.0,0.0,4.0,0.0,0.05268666844310225,4.0,0.012497726199804497,15.722275027053238,0.15980446468476062,1.2225663392097188,2.4879724523639273,3.12839214944063,4.0,1.0387713953150544,1.734996805236995,3.225390494833635,4.0,0.096998345393005,0.775082515973277,0.0
48.64089615464603,0.0,0.0,4.0,0.0,0.05660570051704081,4.0,0.012497726199804497,15.734772753253042,0.17171586930012095,1.17258011307579,2.488466547808176,3.1349737416033587,4.0,0.9889731510560122,1.7306136396791156,3.233379264614181,4.0,0.09840552301082228,0.7797772418208972,0.0
48.69088510891709,0.0,0.0,4.0,0.0,0.06072257921374431,4.0,0.012497726199804497,15.747270479452846,0.18423430967187773,1.1225906206754828,2.4886341925093243,3.1414410512349966,4.0,0.9392129576625319,1.7258179781149836,3.241963496288878,4.0,0.10052244505388153,0.7845482421336524,0.0
48.74087515318661,0.0,0.0,4.0,0.0,0.06413457147819128,4.0,0.012497726199804497,15.75976820565265,0.19461409119535553,1.072600025685689,2.4884817050249732,-3.134083989261343,4.0,0.889497423896899,1.7205797914350975,3.2511735361244347,4.0,0.10207221820619239,0.7894301182985212,0.0
48.790865564366264,0.0,0.0,4.0,0.0,0.06603522130586276,4.0,0.012497726199804497,15.772265931852454,0.20039810464087082,1.0226126167643053,2.4878834771292193,-3.116545002367859,4.0,0.83983374167622,1.714871068374937,3.260902470629968,4.0,0.09426216581824143,0.7943275780599358,0.0
48.84086160560654,0.0,0.0,4.0,0.0,0.06604533100619076,4.0,0.012497726199804497,15.784763658052258,0.20042887409681867,0.9726393083231774,2.4859774000977013,-3.100427648757666,4.0,0.7902288562085001,1.7086722782246864,3.2709205532010137,4.0,0.088162894779094,0.7984214585860675,0.0
48.89086585432895,0.0,0.0,4.0,0.0,0.06434158309428484,4.0,0.012497726199804497,15.797261384252062,0.1952439948685254,0.922688842435296,2.4837677894568104,-3.0932302287482045,4.0,0.740688564108066,1.701976823514415,3.280940173965002,4.0,0.09098509553362,0.802696216348584,0.0
48.9408655612829,0.0,0.0,4.0,0.0,0.06147878886527937,4.0,0.012497726199804497,15.809759110451866,0.18653443052669505,0.8727568171445886,2.481143070994247,-3.0849234141660697,4.0,0.6912169013679342,1.694791748106859,3.2907005979250936,4.0,0.09243870491157757,0.8070347848927824,0.0
48.99086696769472,0.0,0.0,4.0,0.0,0.05805601125406481,4.0,0.012497726199804497,15.82225683665167,0.1761252280273624,0.8228465612951614,2.4781037388413103,-3.0766772234594266,4.0,0.6418160381939185,1.6871349099140942,3.30002562288333,4.0,0.09351753916316952,0.8114208147618603,0.0
49.04087004278508,0.0,0.0,4.0,0.0,0.05446823897627115,4.0,0.012497726199804497,15.834754562851474,0.16521869161915542,0.7729613065903645,2.47465568730057,-3.068510135492773,4.0,0.5924865923631347,1.679030578221919,3.3088302823903866,4.0,0.09415511070357319,0.8158372611445347,0.0
49.090874715654884,0.0,0.0,4.0,0.0,0.05087554865226154,4.0,0.012497726199804497,15.847252289051278,0.15430147950310982,0.7231041743842955,2.4708013085206124,-3.060395735921437,4.0,0.5432280686036877,1.6705056622242844,3.317089714274171,4.0,0.09430014301602085,0.8202612601553567,0.0
49.140881002943914,0.0,0.0,4.0,0.0,0.047367836288268995,4.0,0.012497726199804497,15.859750015251082,0.14364634759054914,0.673278239341108,2.466543894803632,-3.0523678001630468,4.0,0.494039181901069,1.6615876133255918,3.3248033848463896,4.0,0.09398587782984968,0.8246703916128838,0.0
49.1908888090787,0.0,0.0,4.0,0.0,0.044183315653058136,4.0,0.012497726199804497,15.872247741450886,0.13397602778169385,0.623486413934305,2.461889266073178,-3.044410440291441,4.0,0.44491805816755714,1.6523034856538685,3.331984395733544,4.0,0.09320952884539935,0.8290451094713617,0.0
49.24089811098772,0.0,0.0,4.0,0.0,0.041800005601587246,4.0,0.012497726199804497,15.88474546765069,0.1267405076221157,0.5737315708992877,2.4568391582361677,-3.0365092723491443,4.0,0.39586252820204026,1.6426787154993592,3.338681978583756,4.0,0.09200594375331406,0.8333634398432843,0.0
49.29090892143763,0.0,0.0,4.0,0.0,0.04080009491228529,4.0,0.012497726199804497,15.897243193850494,0.12370530078485727,0.5240165302652896,2.4513979892062245,-3.029703422465375,4.0,0.34687075181093047,1.6327344684911402,3.345017851234498,4.0,0.0915359665202864,0.8376100446949154,0.0
49.340921270058175,0.0,0.0,4.0,0.0,0.04154509837860835,4.0,0.012497726199804497,15.909740920050298,0.1259667185019367,0.47433233532315955,2.4456708089824044,-3.031419624908239,4.0,0.29794218212295975,1.622483728691933,3.351201991149192,4.0,0.09943630887784494,0.8418731824349444,0.0
49.390909999208866,0.0,0.0,4.0,0.0,0.04383877294704563,4.0,0.012497726199804497,15.922238646250102,0.13292993401878553,0.4246452264672642,2.440405439461732,-3.029958071500855,4.0,0.2490785391069208,1.6119278442908747,3.3574991813816926,4.0,0.10427194570296194,0.8468758984708277,0.0
49.44090136631757,0.0,0.0,4.0,0.0,0.04680824144748664,4.0,0.012497726199804497,15.934736372449906,0.14194684009878,0.3749719607781792,2.4345324468106444,-3.019058617555416,4.0,0.2002842375502413,1.6010559768507544,3.364144469058192,4.0,0.10001777943402246,0.851586065306003,0.0
49.49092109596984,0.0,0.0,4.0,0.0,0.04909438105794837,4.0,0.012497726199804497,15.94723409864971,0.14889049242906227,0.32535585366959485,2.428177853134451,-3.009440204402681,4.0,0.15156579667531617,1.5898491220379618,3.37124052002812,4.0,0.09749541725121524,0.8561530501562931,0.0
49.54094290405566,0.0,0.0,4.0,0.0,0.04922691677635198,4.0,0.012497726199804497,15.959731824849515,0.14929308801588106,0.2758006683094073,2.421349886862993,-2.9999587526626663,4.0,0.10293012209375513,1.5782884048008783,3.3786836904606496,4.0,0.09545713594372884,0.8606026308847001,0.0
49.59096674142631,0.0,0.0,4.0,0.0,0.04601149905263165,4.0,0.012497726199804497,15.972229551049319,0.13952726134453552,0.22630998881761544,2.4140550390783773,-2.990632918452045,4.0,0.054381962912585624,1.5663655191317034,3.3861469870108327,4.0,0.09359459828329086,0.8649489975247229,0.0
49.640992455958305,0.0,0.0,4.0,0.0,0.038843385366852785,4.0,0.012497726199804497,15.984727277249123,0.11776646335999177,0.17688710398208451,2.4063034504140717,-2.9814570661087227,4.0,0.005921127472215591,1.5540924649497416,3.393122081049603,4.0,0.09139383997873907,0.8691909622574648,0.0
49.69101995703644,0.0,0.0,4.0,0.0,0.027903428945001835,4.0,0.012497726199804497,15.997225003448927,0.08457779722297501,0.12753512310225257,2.3981010627902126,-2.9724196125648117,4.0,-0.0424598044171421,1.541507999366314,3.399009333107973,4.0,0.08824363849319816,0.8732983176946256,0.0
49.74104919617095,0.0,0.0,4.0,0.0,0.014179922466085173,4.0,0.012497726199804497,16.009722729648733,0.04297234220954542,0.07825702685373859,2.3894568792742845,-2.9641936753110802,4.0,-0.09077650328975062,1.5286789912331828,3.4032374537170744,4.0,0.08424582184856888,0.8772177077859687,0.0
49.79108019362609,0.0,0.0,4.0,0.0,-0.0007060372412320382,4.0,0.012497726199804497,16.022220455848537,-0.0021395071471188797,0.02904349873169565,2.3804431253600455,-2.965693099874019,4.0,-0.13905208224907917,1.5156959993706143,3.4053856799854714,4.0,0.08789347267990522,0.8809334346318373,0.0
49.84106833124666,0.0,0.0,4.0,0.0,-0.014828428772290306,4.0,0.012497726199804497,16.03471818204834,-0.044937926376453954,-0.020176566560330844,2.371961642817187,-2.9676839264507513,4.0,-0.18731439442535022,1.5026637400245815,3.4052787240873625,4.0,0.08977734335852716,0.8852196887231207,0.0
49.89105086537713,0.0,0.0,4.0,0.0,-0.0263688765265099,4.0,0.012497726199804497,16.047215908248145,-0.0799242115410044,-0.06941369164210709,2.3631458268397676,-2.971378932598118,4.0,-0.23559199839853037,1.4896882837228265,3.403032236488003,4.0,0.09122586190653514,0.8891250245405957,0.0
49.94102764645547,0.0,0.0,4.0,0.0,-0.034046052254528385,4.0,0.012497726199804497,16.05971363444795,-0.10320973635898886,-0.11868565846759704,2.3550302105265715,-2.9856133812107064,4.0,-0.28390984141456144,1.4768635699122037,3.399036752837704,4.0,0.10146482686882408,0.8935746635387645,0.0
49.990959869259655,0.0,0.0,4.0,0.0,-0.03743637648689691,4.0,0.012497726199804497,16.072211360647753,-0.11349659122033161,-0.16806577058672878,2.3476321291318634,-2.9921312634021247,4.0,-0.332285861858861,1.4642601709812655,3.3938772047330295,4.0,0.10282316095556787,0.8985066804561049,0.0
50.04092354667723,0.0,0.0,4.0,0.0,-0.03703694301969735,4.0,0.012497726199804497,16.084709086847557,-0.11228450689639989,-0.21749896552844472,2.3401504728928693,-3.0005049755549646,4.0,-0.38072942952835986,1.4519189955963083,3.388203407446298,4.0,0.10552307582167586,0.9031053878911689,0.0
50.090883414937764,0.0,0.0,4.0,0.0,-0.034041697142972116,4.0,0.012497726199804497,16.09720681304736,-0.10319652374392958,-0.26699266788798015,2.333581408979944,-3.01006777451005,4.0,-0.4292418742024317,1.4398514062510048,3.382590203351613,4.0,0.10947267068207722,0.9083381103573376,0.0
50.14084030592702,0.0,0.0,4.0,0.0,-0.029940408743945757,4.0,0.012497726199804497,16.109704539247165,-0.09075563159815456,-0.31654979862462573,2.327047179711254,-3.0113824284101813,4.0,-0.47781862139824566,1.428045278522871,3.3774313157575198,4.0,0.10562843698811442,0.9133520961486412,0.0
50.190825851081335,0.0,0.0,4.0,0.0,-0.026084538632648802,4.0,0.012497726199804497,16.12220226544697,-0.07906198861817762,-0.366117464872475,2.3206009035860973,-3.0133293155292877,4.0,-0.5264520449414382,1.4164747819756482,3.3728943596183036,4.0,0.10303836796800425,0.9182326618805515,0.0
50.24081037278783,0.0,0.0,4.0,0.0,-0.02336656330579224,4.0,0.012497726199804497,16.134699991646773,-0.07082065733433482,-0.41569764923068386,2.314259945408768,-3.0156062816745783,4.0,-0.5751341532041546,1.4051108194410409,3.3689419792720554,4.0,0.10136295376704751,0.92302336484358,0.0
50.29079392041356,0.0,0.0,4.0,0.0,-0.022122691528558006,4.0,0.012497726199804497,16.147197717846577,-0.06704939782740633,-0.46529224181256956,2.308039703328932,-3.0182044550815252,4.0,-0.623858499771983,1.3939293166882578,3.3654015905334367,4.0,0.1004207384353748,0.9277613147397417,0.0
50.34077658257481,0.0,0.0,4.0,0.0,-0.022242729220694396,4.0,0.012497726199804497,16.15969544404638,-0.06741332746051892,-0.5149029701056136,2.301956678484684,-3.0211349623313684,4.0,-0.672621092433719,1.3829157895609137,3.362049730469802,4.0,0.09999938562158306,0.9324758236139409,0.0
50.39075839349352,0.0,0.0,4.0,0.0,-0.02337435777020978,4.0,0.012497726199804497,16.172193170246185,-0.07084428982868779,-0.5645315013193477,2.2960274153120217,-3.0243988122161314,4.0,-0.7214204253527541,1.3720662133448618,3.3586796772345244,4.0,0.09989318227106914,0.9371864474185266,0.0
50.44073942797808,0.0,0.0,4.0,0.0,-0.025120689665195067,4.0,0.012497726199804497,16.18469089644599,-0.07613931857110198,-0.6141793650476322,2.2902685374904035,-3.0280126209743976,4.0,-0.7702569584812506,1.361385343412165,3.3551381070861304,4.0,0.09996542088094174,0.94190456173278,0.0
50.490725148932114,0.0,0.0,4.0,0.0,-0.027172125416259678,4.0,0.012497726199804497,16.197188622645793,-0.08236004446322659,-0.6638587991672154,2.284697053472337,-3.0319502666394484,4.0,-0.8191323986511821,1.3508839676134778,3.351331833659965,4.0,0.10009679311982822,0.9466344437099005,0.0
50.54071050831198,0.0,0.0,4.0,0.0,-0.029346905260826138,4.0,0.012497726199804497,16.209686348845597,-0.08895555479410021,-0.7135497888878146,2.2793294573115634,-3.0362005681087205,4.0,-0.8680490540917246,1.3405763077033204,3.3472145805179445,4.0,0.10022984144707792,0.9513818890687086,0.0
50.59069022363551,0.0,0.0,4.0,0.0,-0.031562002102465056,4.0,0.012497726199804497,16.2221840750454,-0.09567420166035966,-0.7632635942114965,2.274181612564309,-3.040806953380189,4.0,-0.9170093937009937,1.330478209387822,3.342767611846871,4.0,0.10038925804747478,0.9561453257886836,0.0
50.64066946297162,0.0,0.0,4.0,0.0,-0.033785491610181406,4.0,0.012497726199804497,16.234681801245205,-0.10241924971230026,-0.8130010201663103,2.269272118913351,-3.0457634021420996,4.0,-0.9660158072104098,1.3206061663578499,3.337984771939927,4.0,0.10056286690243965,0.960926955908818,0.0
50.69064828477761,0.0,0.0,4.0,0.0,-0.03600321284421975,4.0,0.012497726199804497,16.24717952744501,-0.10914780932856522,-0.8627626211633529,2.264617400516755,-3.0510544057301145,4.0,-1.0150704937418462,1.3109768967832511,3.332864740977952,4.0,0.10073383952848047,0.9657266168075093,0.0
50.74062683273586,0.0,0.0,4.0,0.0,-0.03820128324932734,4.0,0.012497726199804497,16.259677253644814,-0.11581780898537729,-0.9125487129897065,2.2602345375111774,-3.056686892107566,4.0,-1.0641754084878878,1.3016071737278498,3.3274083432327646,4.0,0.1009099281607444,0.9705447322930925,0.0
50.79060523411739,0.0,0.0,4.0,0.0,-0.04034803222667907,4.0,0.012497726199804497,16.272174979844618,-0.12233315617521283,-0.9623593466080445,2.2561406853919603,-3.062656233645056,4.0,-1.113332225995298,1.2925137214712252,3.3216185061697225,4.0,0.10108943263519166,0.9753818410784424,0.0
50.84058362626409,0.0,0.0,4.0,0.0,-0.04235421112664047,4.0,0.012497726199804497,16.28467270604442,-0.12842289522858513,-1.0121942456677389,2.2523524982073075,-3.068954653701208,4.0,-1.1625422948227695,1.2837130453697974,3.3155029610055795,4.0,0.10127230752720173,0.9802381983365445,0.0
50.890562172500104,0.0,0.0,4.0,0.0,-0.04399790190780819,4.0,0.012497726199804497,16.297170432244226,-0.1334130742836015,-1.0620528542509007,2.2488863853343792,-3.0755896794229085,4.0,-1.2118065493882453,1.2752209784127435,3.3090829842761673,4.0,0.10148735651949004,0.9851144572297998,0.0
50.94054101067543,0.0,0.0,4.0,0.0,-0.044841940763152954,4.0,0.012497726199804497,16.30966815844403,-0.1359758212438685,-1.1119342736083724,2.2457597834536074,-3.082544316415556,4.0,-1.2611253198804648,1.2670515123222867,3.302413543980685,4.0,0.10177255321665513,0.9900140646822247,0.0
50.99052031447639,0.0,0.0,4.0,0.0,-0.044232589243990615,4.0,0.012497726199804497,16.322165884643834,-0.13412563388486853,-1.1618372493360498,2.242987425154289,-3.089805944034881,4.0,-1.3104979774337269,1.2592143172954948,3.295615989645887,4.0,0.10223662650118115,0.9949419781196701,0.0
51.04050027748905,0.0,0.0,4.0,0.0,-0.04147602339758731,4.0,0.012497726199804497,16.334663610843638,-0.12575703928116683,-1.2117601901594357,2.2405855013074634,-3.097370926416763,4.0,-1.3599224232723786,1.2517106279767745,3.288910927851214,4.0,0.10309654708839133,0.9999127774090099,0.0
51.090481116695436,0.0,0.0,4.0,0.0,-0.03617429018906547,4.0,0.012497726199804497,16.347161337043442,-0.10966690129722063,-1.2617012030883186,2.2385683876954268,-3.1052536210289152,4.0,-1.4093945803085353,1.244528148603509,3.2826242196726776,4.0,0.10469253352200703,1.0049524021607343,0.0
51.14046307233951,0.0,0.0,4.0,0.0,-0.02855417870252191,4.0,0.012497726199804497,16.359659063243246,-0.08655133848390653,-1.3116581062740735,2.236953708915692,-3.1134827102431335,4.0,-1.4589081655809184,1.237636909476203,3.277141872050303,4.0,0.1074392751138511,1.0101072446071524,0.0
51.19044640419503,0.0,0.0,4.0,0.0,-0.01957974450511582,4.0,0.012497726199804497,16.37215678944305,-0.05934014230569919,-1.3616283741248623,2.235758700497314,-3.1221001346435715,4.0,-1.5084549771225186,1.2309885916502865,3.272815092327909,4.0,0.11172991979189462,1.0154412946991564,0.0
51.24043138552435,0.0,0.0,4.0,0.0,-0.010725664485659531,4.0,0.012497726199804497,16.384654515642854,-0.03250325999282861,-1.4116090773257894,2.235005165924168,-3.1270129446487474,4.0,-1.5580257235813249,1.2245209935249926,3.2698486249231324,4.0,0.11367626239229267,1.0210367755227845,0.0
51.29041821218303,0.0,0.0,4.0,0.0,-0.0034607700028180866,4.0,0.012497726199804497,16.397152241842658,-0.010487223694999482,-1.4615914020350234,2.2343011653689757,-3.1200345160965295,4.0,-1.6076111995865299,1.2181672086575726,3.2682237575471667,4.0,0.10507296646411035,1.026571964968338,0.0
51.34040876573976,0.0,0.0,4.0,0.0,0.0012986758839131415,4.0,0.012497726199804497,16.409649968042462,0.003935383678822696,-1.5115669520646664,2.2328499264218067,-3.111077545529671,4.0,-1.6572034794149508,1.2118667097230815,3.2676994917458217,4.0,0.09559173009590616,1.0313179562477937,0.0
51.39040461572337,0.0,0.0,4.0,0.0,0.0034545197236867486,4.0,0.012497726199804497,16.422147694242266,0.010468283228769281,-1.5615365508880328,2.2312503813581657,-3.109328577271753,4.0,-1.7067967908751307,1.2055743323506047,3.267896225136658,4.0,0.09403949522882549,1.0359111423422716,0.0
51.440398872796386,0.0,0.0,4.0,0.0,0.0035858314869878995,4.0,0.012497726199804497,16.43464542044207,0.010866202594438663,-1.6115034281723073,2.2296244490429444,-3.1094445319351216,4.0,-1.7563878332148097,1.1992641005581377,3.268419544086959,4.0,0.09467876884249371,1.0404969671047832,0.0
51.490391210142555,0.0,0.0,4.0,0.0,0.002487254468649217,4.0,0.012497726199804497,16.447143146641874,0.007537150296185161,-1.6614695628631253,2.2280366155113995,-3.113781288074164,4.0,-1.8059755034331242,1.1929274244963657,3.2689627553863865,4.0,0.09955873628096512,1.045147360032937,0.0
51.540382105450796,0.0,0.0,4.0,0.0,0.0006170861143009564,4.0,0.012497726199804497,16.45964087284168,0.0018699581594811918,-1.711446554720597,2.2268441773619543,-3.1216135857364833,4.0,-1.8555602538496707,1.1865679387304435,3.2693395443493003,4.0,0.10776782290619735,1.0502111268397365,0.0
51.59036846455415,0.0,0.0,4.0,0.0,-0.0021853326621583346,4.0,0.012497726199804497,16.472138599041482,-0.0066222307302443465,-1.7614223290208972,2.2260393866670825,-3.1108302725062353,4.0,-1.9051435078335002,1.180196793998165,3.2694330252496293,4.0,0.09707799057627753,1.0556715899747078,0.0
51.6403597216473,0.0,0.0,4.0,0.0,-0.006513908944217552,4.0,0.012497726199804497,16.484636325241286,-0.019739397201088468,-1.8113817647066899,2.2237689622374432,-3.1030894191680125,4.0,-1.95472751805687,1.1738315390944514,3.269101973943635,4.0,0.08900608593206094,1.0596775913076941,0.0
51.690360473351014,0.0,0.0,4.0,0.0,-0.012961155938849256,4.0,0.012497726199804497,16.49713405144109,-0.03927842962395682,-1.861349715518057,2.222189956632789,-3.116754493956959,4.0,-2.004315709929277,1.1674989577346948,3.2681151836173616,4.0,0.1016843703947341,1.0643365908934304,0.0
51.7403471984762,0.0,0.0,4.0,0.0,-0.021717827016653035,4.0,0.012497726199804497,16.509631777640895,-0.06582194595991288,-1.9113243780235,2.2212860610372225,-3.115709178770892,4.0,-2.0539131835673587,1.1612395353643932,3.2661516193813678,4.0,0.09867549097267414,1.0695934760727839,0.0
51.79033477021531,0.0,0.0,4.0,0.0,-0.032253100922011044,4.0,0.012497726199804497,16.5221295038407,-0.09777057416662074,-1.9612913714788596,2.219602541454945,-3.1075991496408895,4.0,-2.1035269153302085,1.155110430346072,3.2628611207471865,4.0,0.08727496320848971,1.0739527012618917,0.0
51.84033092458909,0.0,0.0,4.0,0.0,-0.043217785782587254,4.0,0.012497726199804497,16.534627230040503,-0.13104458473502925,-2.011258918862543,2.217887626698043,-3.116024425177872,4.0,-2.1531652675596487,1.1491842532033554,3.257973481281858,4.0,0.0908125992801434,1.0780836295573133,0.0
51.89032002110999,0.0,0.0,4.0,0.0,-0.05280334297086311,4.0,0.012497726199804497,16.547124956240307,-0.16015900930160032,-2.061236886713711,2.217046554689653,-3.1292344110823853,4.0,-2.2028366621839646,1.1435420744454463,3.2514224439219164,4.0,0.0974715478247159,1.0828030132566178,0.0
51.94030550700926,0.0,0.0,4.0,0.0,-0.05938374643886759,4.0,0.012497726199804497,16.55962268244011,-0.18016257345064604,-2.1112222566670398,2.2166521926325977,-3.138011539735702,4.0,-2.2525477648557466,1.138261593055854,3.243415950135183,4.0,0.09824218269129936,1.087611688297016,0.0
51.99029287760163,0.0,0.0,4.0,0.0,-0.062020670649462095,4.0,0.012497726199804497,16.572120408639915,-0.1881827737763652,-2.161210986842275,2.2166885345241703,3.13259083829262,4.0,-2.30230195154184,1.1334041681508233,3.23440946007743,4.0,0.1018186217848096,1.092433832663909,0.0
52.04028069215436,0.0,0.0,4.0,0.0,-0.0607104621750235,4.0,0.012497726199804497,16.58461813483972,-0.18419745567749432,-2.211193835153331,2.2175521426256823,3.112075394187288,4.0,-2.352098735618998,1.129005028739757,3.225002032948723,4.0,0.11292663876143472,1.0976288125430278,0.0
52.09027719820426,0.0,0.0,4.0,0.0,-0.05638741243221992,4.0,0.012497726199804497,16.597115861039523,-0.1710522744025588,-2.2611604417187574,2.2196396256250237,3.101597082311447,4.0,-2.401934316104241,1.1250695717064798,3.215793835477691,4.0,0.11419675316624422,1.1035854686632767,0.0
52.14027989606788,0.0,0.0,4.0,0.0,-0.05057596519650552,4.0,0.012497726199804497,16.609613587239327,-0.15339131089342267,-2.311119254940799,2.2215508492740534,3.1005163186754188,4.0,-2.451802901073105,1.1215767837113584,3.2072427775123433,4.0,0.10672645883692455,1.1089340977711903,0.0
52.19027545472647,0.0,0.0,4.0,0.0,-0.044780286731802135,4.0,0.012497726199804497,16.62211131343913,-0.13578861518082863,-2.3610672151253644,2.223745739337212,3.09486159713734,4.0,-2.5016982008491775,1.1184885192777096,3.199574607092443,4.0,0.10471300995510324,1.1141681186604249,0.0
52.24027181937678,0.0,0.0,4.0,0.0,-0.03999588798905887,4.0,0.012497726199804497,16.634609039638935,-0.12126432848184694,-2.4110028224661266,2.2262219146130207,3.089302853506401,4.0,-2.551614546004842,1.1157609832946795,3.192786411358121,4.0,0.1034835578517197,1.1193279844535853,0.0
52.29026893067466,0.0,0.0,4.0,0.0,-0.036576387644057455,4.0,0.012497726199804497,16.64710676583874,-0.11088699211995334,-2.460924765605106,2.2289720348432294,3.0838889715830162,4.0,-2.601547404957526,1.1133542207045688,3.1867242978574435,4.0,0.10283532627442726,1.1244455673450644,0.0
52.34026667677792,0.0,0.0,4.0,0.0,-0.03438059861597858,4.0,0.012497726199804497,16.659604492038543,-0.10422470082618288,-2.510831882620267,2.2319888210946566,3.0786269603510017,4.0,-2.6514934014897635,1.1112372432400648,3.1811809567909033,4.0,0.1025539964399016,1.1295440505594418,0.0
52.39026499832067,0.0,0.0,4.0,0.0,-0.03306635508511014,4.0,0.012497726199804497,16.672102218238347,-0.10023761140682676,-2.56072324690252,2.2352642331154744,3.0735586488120363,4.0,-2.7014500660455902,1.1093888451442024,3.1759706696941747,4.0,0.10241202088213841,1.134636253107395,0.0
52.44026379496002,0.0,0.0,4.0,0.0,-0.03242744205876956,4.0,0.012497726199804497,16.68459994443815,-0.09829943358062107,-2.6105981394300546,2.2387868107751707,3.0686788039279227,4.0,-2.7514155288811395,1.1077957798686953,3.170959700805035,4.0,0.1022808968771125,1.139723760023766,0.0
52.490262963477875,0.0,0.0,4.0,0.0,-0.03262698828599029,4.0,0.012497726199804497,16.697097670637955,-0.09890475934042497,-2.660455884630725,2.242549037964128,3.063951222644998,4.0,-2.8013882840706703,1.1064506879088531,3.166045623179089,4.0,0.10209440053409136,1.1448062727860198,0.0
52.54026246153868,0.0,0.0,4.0,0.0,-0.03419823754976793,4.0,0.012497726199804497,16.70959539683776,-0.10367144128524723,-2.7102958803684527,2.2465430777322712,3.0593757725579103,4.0,-2.851367061755103,1.1053519374115666,3.1611012847707123,4.0,0.10172551221280202,1.1498775138962825,0.0
52.59026219319082,0.0,0.0,4.0,0.0,-0.03779303859502484,4.0,0.012497726199804497,16.722093123037563,-0.11457891612175769,-2.7601175593136955,2.250761422546539,3.05493965201025,4.0,-2.9013507571970276,1.1045062667334018,3.1559186556190237,4.0,0.10097900360877388,1.1549232435155816,0.0
52.640262076838766,0.0,0.0,4.0,0.0,-0.04377598947447084,4.0,0.012497726199804497,16.734590849237367,-0.13273931549200602,-2.8099204462662684,2.2551975175700214,3.050656187733097,4.0,-2.9513383098299286,1.1039332818036114,3.1501907519311834,4.0,0.09953456419808626,1.1599173904592197,0.0
52.69026202659178,0.0,0.0,4.0,0.0,-0.051824900571334605,4.0,0.012497726199804497,16.74708857543717,-0.1571859028141641,-2.8597042720471793,2.2598425319586344,3.046561560038473,4.0,-3.0013284260217405,1.1036693205841646,3.1435549934473093,4.0,0.09699343340883626,1.164814961995666,0.0
52.74026195784129,0.0,0.0,4.0,0.0,-0.06069493768080565,4.0,0.012497726199804497,16.759586301636975,-0.1841502379806126,-2.909469103668484,2.264686316716399,3.042710966022748,4.0,-3.0513191055375963,1.1037676320260144,3.1356971279439474,4.0,0.09298616192119935,1.1695527416467888,0.0
52.790261802876444,0.0,0.0,4.0,0.0,-0.06827748934611468,4.0,0.012497726199804497,16.77208402783678,-0.2072235957161062,-2.959215482433283,2.269714564254473,3.0352609160718917,4.0,-3.1013070789151005,1.104292447254259,3.126491290928305,4.0,0.09123037485641339,1.1740522699539455,0.0
52.84026015922256,0.0,0.0,4.0,0.0,-0.07205005644966594,4.0,0.012497726199804497,16.784581754036584,-0.21871209562103888,-3.0089010454543224,2.275299115685111,3.0161802585307917,4.0,-3.151287479467114,1.105306239268113,3.11613199588271,4.0,0.09995173735191809,1.17862514289209,0.0
52.89028276755823,0.0,0.0,4.0,0.0,-0.0698477056654088,4.0,0.012497726199804497,16.797079480236388,-0.21200459540503538,-3.058474960742006,2.282228610150823,2.9949408508448587,4.0,-3.2012542289338772,1.1068520770877552,3.105198380332081,4.0,0.11025752948722234,1.1840168554124402,0.0
52.94033712795406,0.0,0.0,4.0,0.0,-0.060628422457312085,4.0,0.012497726199804497,16.80957720643619,-0.18394793316067393,-3.1079351875322185,2.2899276727375018,2.9805278607454984,4.0,-3.2512014556302824,1.108935755511143,3.094600078786191,4.0,0.11407221804069279,1.189650004046878,0.0
52.99039088709732,0.0,0.0,4.0,0.0,-0.044857382749559166,4.0,0.012497726199804497,16.822074932635996,-0.13602270939399536,-3.1572867957152733,2.2982827836487427,2.9683209439390894,4.0,-3.301125672056071,1.1115136551293967,3.085404355171543,4.0,0.11708341123245347,1.1954541341070144,0.0
53.04044184673031,0.0,0.0,4.0,0.0,-0.024367956253565304,4.0,0.012497726199804497,16.8345726588358,-0.07385691093410755,-3.2065381784054647,2.307185842732707,2.958178011516171,4.0,-3.351027754138152,1.114490757243085,3.078604456855696,4.0,0.12042644533952496,1.201415333865233,0.0
53.09048797193414,0.0,0.0,4.0,0.0,-0.0017912356786657236,4.0,0.012497726199804497,16.847070385035604,-0.00542799271033279,-3.2557001624099833,2.3165384087401435,2.9534502974227,4.0,-3.4009135994084474,1.1177296097122,3.0749122830524245,4.0,0.12146198562972454,1.207571728267819,0.0
53.14052731700234,0.0,0.0,4.0,-1.1062381151599103,0.020229107723467095,4.0,0.012519399529089455,16.859568111235408,0.061308689511469,-3.304850817237144,2.325903996097054,2.9619212117103912,4.0,-3.4507929562665063,1.1210673195163445,3.0746409327855915,4.0,0.11271972107520023,1.2136434917958876,0.0
53.190516701349374,0.0,0.0,3.986150563062006,-3.9999999999999996,0.039709937838508284,3.986150563062006,0.01262107059155493,16.872087510764498,0.12039643516218371,-3.354069519006254,2.3344052459650886,2.975086940923344,3.986150563062006,-3.500676907086271,1.124335355163273,3.077705809646324,3.986150563062006,0.10261886872298032,1.2189187285724845,0.0
53.24046475325411,0.0,0.0,3.9356662806957865,-4.000000000000012,0.055594506746955576,3.9356662806957865,0.012785083369377075,16.88470858135605,0.16864198142914827,-3.403365349982728,2.342460517296586,2.9840630010954188,3.9356662806957865,-3.5505751303355098,1.1273767914644446,3.083724536374682,3.9356662806957865,0.09966153527926336,1.223968618966039,0.0
53.2904151653304,0.0,0.0,3.884525947218278,-4.000000000000002,0.06759304275688527,3.884525947218278,0.012955661465793406,16.897493664725427,0.20513991323351405,-3.452733355367477,2.350077580215316,2.9929101988527917,3.884525947218278,-3.6004939519800017,1.1300576506353497,3.092155101613458,3.884525947218278,0.09924490276066633,1.2289352393367174,0.0
53.340368035352014,0.0,0.0,3.8327033013551044,-4.000000000000006,0.07584350062878666,3.8327033013551044,0.013133254940999909,16.91044932619122,0.23027048262523087,-3.5021688411022,2.3572600793234755,3.0016421203554633,3.8327033013551044,-3.650435570509249,1.1322720124998789,3.1024102314864344,3.8327033013551044,0.10076811113097106,1.2339281935790574,0.0
53.39032343822591,0.0,0.0,3.7801702815911047,-3.0998975092113263,0.08065218963960781,3.7801702815911047,0.013297007309040067,16.92358258113222,0.24493188075829475,-3.5516673229513653,2.364014551309641,3.01392502553165,3.7801702815911047,-3.700398273494582,1.1339427234403534,3.1139216612614224,3.7801702815911047,0.09999663572977235,1.2390309105777706,0.0
53.440279615751166,0.0,0.0,3.7389509217538466,1.120974934699126,0.08243225951685762,3.7389509217538466,0.013343611602624672,16.936879588441258,0.2503620593882212,-3.6012680645917112,2.3699810303695084,3.0363006712790352,3.7389509217538466,-3.750377259853464,1.1350198778071312,3.126166027594704,3.7389509217538466,0.08986535631566861,1.2439303036946252,0.0
53.49021135681855,0.0,0.0,3.7539087758987493,2.4999999999999822,0.0817795786758328,3.7539087758987493,0.013258492214570965,16.950223200043883,0.24837084518802915,-3.6509777529849456,2.374509957477397,3.0528933306575414,3.7539087758987493,-3.80036573714443,1.1354782206565746,3.1386818534709167,3.7539087758987493,0.08578852281337523,1.2480049738123877,0.0
53.540150888341515,0.0,0.0,3.7870550064351765,2.499999999999979,0.07950385525062456,3.7870550064351765,0.01314344969305836,16.963481692258455,0.24142966925732331,-3.700754482414796,2.3788286234696088,3.060440481184573,3.7870550064351765,-3.8503560490616278,1.135313384931049,3.1510981367476125,3.7870550064351765,0.09065765556303962,1.2524818470623826,0.0
53.59011549858816,0.0,0.0,3.819913630667822,2.499999999999981,0.07650604530134873,3.819913630667822,0.013031350831847732,16.976625141951512,0.23228988898122607,-3.7505781033347905,2.3826105326782914,3.071195596162304,3.819913630667822,-3.9003406143046555,1.134536555908999,3.163167424359162,3.819913630667822,0.09197182819685823,1.257027231678262,0.0
53.64008334104912,0.0,0.0,3.852492007747441,2.499999999999998,0.07357144099558795,3.852492007747441,0.012922072196847989,16.98965649278336,0.22334688020564583,-3.80044264166477,2.3858579923008034,3.0818749610211187,3.852492007747441,-3.9503124999776116,1.133167935583904,3.1747798060850436,3.852492007747441,0.09290484506392493,1.2616233006044633,0.0
53.690054409563835,0.0,0.0,3.884797188239561,2.5000000000000004,0.07119698696257974,3.884797188239561,0.012815497480880287,17.002578564980208,0.21611372975545476,-3.850342086353372,2.388575299754972,3.092475056513692,3.884797188239561,-4.000265579387741,1.1312302933284073,3.1859451187106065,3.884797188239561,0.09347006219691467,1.2662517597024077,0.0
53.74002862231751,0.0,0.0,3.916835931941762,2.500000000000009,0.069521570557224,3.916835931941762,0.01271151698317836,17.015394062461088,0.2110114925336569,-3.900270526704674,2.3907652450818375,3.1030084176456656,3.916835931941762,-4.050194378059338,1.1287440677427314,3.196748839600615,3.916835931941762,0.09374042195494958,1.2708952015242638,0.0
53.79000584690003,0.0,0.0,3.948614724399708,2.5000000000000218,0.06839696486764275,3.948614724399708,0.012610027134609392,17.028105579444265,0.2075873387804724,-3.950222141492142,2.392431008945516,3.1134356643547307,3.948614724399708,-4.100093799706833,1.1257249440384984,3.207297495035406,3.948614724399708,0.09386183068067533,1.2755413630330625,0.0
53.839986004369656,0.0,0.0,3.9801397922362316,1.585160689672158,0.0675673371427718,3.9801397922362316,0.012528829344030653,17.040715606578875,0.20506166059066308,-4.000191219191143,2.393579454700695,3.123745099538083,3.9801397922362316,-4.149958908715345,1.1221838935906876,3.2176749739259036,3.9801397922362316,0.09392987438782052,1.2801863277022016,0.0
53.88996900388291,0.0,0.0,4.0,0.0,0.06683184609447211,4.0,0.012497726199804497,17.053244435922906,0.20282280475386932,-4.050172219597241,2.3942150627989673,3.1339470694377,4.0,-4.199784847707018,1.118128714070102,3.227926191878461,4.0,0.09397912244076112,1.2848269564038894,0.0
53.939954746451015,0.0,0.0,4.0,0.0,0.06609615027243126,4.0,0.012497726199804497,17.06574216212271,0.20058354608767945,-4.100159782427155,2.3943437876565548,-3.1391479237795985,4.0,-4.2495668590407805,1.1135657654270847,3.238065487402022,4.0,0.0940281040020352,1.2894629955017176,0.0
53.98994314542987,0.0,0.0,4.0,0.0,0.06533752025266151,4.0,0.012497726199804497,17.078239888322514,0.19827471029937607,-4.150148718789235,2.3939706467841395,-3.1291770826490923,4.0,-4.299300335409186,1.1085010886155076,3.248092840358781,4.0,0.09408461582828664,1.2940935784241427,0.0
54.03993411868759,0.0,0.0,4.0,0.0,0.06455856629938976,4.0,0.012497726199804497,17.090737614522318,0.19590425855105606,-4.200134023112932,2.393102486597725,-3.1193363896717137,4.0,-4.348980852782045,1.1029408461981984,3.2580047725254495,4.0,0.0941558550175774,1.298719537491041,0.0
54.08992756707139,0.0,0.0,4.0,0.0,0.06376405828956715,4.0,0.012497726199804497,17.103235340722122,0.19348671982344734,-4.250110852760135,2.3917454957334763,-3.1095944095192682,4.0,-4.39860418121401,1.096891394668765,3.267798203664437,4.0,0.09420730600411886,1.303340865483551,0.0
54.13992342027488,0.0,0.0,4.0,0.0,0.06295622286262963,4.0,0.012497726199804497,17.115733066921926,0.19102887972585425,-4.300074543752182,2.389903473541283,-3.0999779435700017,4.0,-4.448166285675785,1.0903592526212516,3.2774707798550438,4.0,0.0942634162454592,1.3079550245144587,0.0
54.189921593333516,0.0,0.0,4.0,0.0,0.062135840856804,4.0,0.012497726199804497,17.12823079312173,0.18853312281513857,-4.3500206253317435,2.387585377767095,-3.0904920084296523,4.0,-4.497663325526224,1.0833510705232312,3.28702048639532,4.0,0.09432718764538706,1.312564472745091,0.0
54.23992198974649,0.0,0.0,4.0,0.0,0.06130353354725977,4.0,0.012497726199804497,17.140728519321534,0.18600134720258713,-4.3999448001554615,2.38479559220338,-3.0811250827153103,4.0,-4.547091654775108,1.075873615678238,3.296445427789471,4.0,0.09438520332519573,1.3171670119825123,0.0
54.289924536622266,0.0,0.0,4.0,0.0,0.06046008848766477,4.0,0.012497726199804497,17.15322624552134,0.18343595580539018,-4.449842949113794,2.381541997007267,-3.07188622092342,4.0,-4.596447822591373,1.067933763330852,3.3057438034300017,4.0,0.09444471717383607,1.3217638141929318,0.0
54.33992915397216,0.0,0.0,4.0,0.0,0.05960656154287315,4.0,0.012497726199804497,17.165723971721143,0.1808401663673393,-4.499711161448967,2.377829949412524,-3.062783477058339,4.0,-4.6457285733912,1.059538487833948,3.3149139328334227,4.0,0.09451210271217647,1.3263534454515833,0.0
54.38993573995236,0.0,0.0,4.0,0.0,0.058744082310930985,4.0,0.012497726199804497,17.178221697920947,0.17821741936627436,-4.549545696571654,2.3736681977378957,-3.0538047975770586,4.0,-4.694930846230375,1.0506948522889334,3.323954296374167,4.0,0.0945737867716403,1.3309377575640824,0.0
54.43994423044338,0.0,0.0,4.0,0.0,0.05787365886268722,4.0,0.012497726199804497,17.19071942412075,0.17557078421908645,-4.599342989064832,2.369060946579431,-3.044958578633028,4.0,-4.74405177349318,1.0414099970313928,3.3328635464192686,4.0,0.09463681787271128,1.3355140119544002,0.0
54.48995454729032,0.0,0.0,4.0,0.0,0.05699616614686611,4.0,0.012497726199804497,17.203217150320555,0.1729029242295089,-4.649099690002314,2.3640178321213408,-3.0362488758955135,4.0,-4.7930886791146365,1.031691128439464,3.341640488778689,4.0,0.09470405749461719,1.3400848011709572,0.0
54.539966583244635,0.0,0.0,4.0,0.0,0.056112419767910975,4.0,0.012497726199804497,17.21571487652036,0.17021632108108936,-4.698812574891831,2.358543510742266,-3.0276636352215265,4.0,-4.84203907652361,1.0215455088432626,3.350284062403353,4.0,0.09476239044529322,1.3446477188660253,0.0
54.58998031506274,0.0,0.0,4.0,0.0,0.055223094250572924,4.0,0.012497726199804497,17.228212602720163,0.1675130265042095,-4.748478686212047,2.3526464384583394,-3.0192300486473087,4.0,-4.890900666324839,1.0109804473030308,3.3587933303057906,4.0,0.09483807177351267,1.349204081020364,0.0
54.639995576325354,0.0,0.0,4.0,0.0,0.05432850307700904,4.0,0.012497726199804497,17.240710328919967,0.1647939939807197,-4.798095172459675,2.346334036680981,-3.0109120376126097,4.0,-4.939671333781388,1.000003291284378,3.3671674580663913,4.0,0.09489418849941522,1.3537541451293011,0.0
54.69001237889934,0.0,0.0,4.0,0.0,0.05342837323653715,4.0,0.012497726199804497,17.25320805511977,0.16205839415809492,-4.8476593481222965,2.3396111608646954,-3.002736963690755,4.0,-4.988349146412499,0.988621420343212,3.3754056589309642,4.0,0.0949573154421337,1.3582955857755128,0.0
54.74003062070246,0.0,0.0,4.0,0.0,0.052521183716833855,4.0,0.012497726199804497,17.265705781319575,0.15930160560105974,-4.897168807757896,2.3324879960520595,-2.9947147148545614,4.0,-5.036932352210956,0.9768422434462076,3.383507104685236,4.0,0.09503651236021149,1.3628313376630172,0.0
54.79005015182695,0.0,0.0,4.0,0.0,0.05160142639102446,4.0,0.012497726199804497,17.27820350751938,0.15650689410371738,-4.946621271108663,2.324970403558691,-2.986816080265293,4.0,-5.085419379480468,0.9646732031524543,3.391470736085201,4.0,0.09510150917090776,1.3673600068455405,0.0
54.84007096476977,0.0,0.0,4.0,0.0,0.050648238310045626,4.0,0.012497726199804497,17.290701233719183,0.15361088229918277,-4.996014535922241,2.317065644301894,-2.9790419534429713,4.0,-5.133808841865795,0.952121799067176,3.3992946573287615,4.0,0.09515130359214652,1.371881544228438,0.0
54.89009302979824,0.0,0.0,4.0,0.0,0.04959034132257881,4.0,0.012497726199804497,17.303198959918987,0.15039706738784064,-5.045346589365871,2.3087796810960537,-2.9714131119989053,4.0,-5.18209956334038,0.9391956820424353,3.406973804321904,4.0,0.095201609141224,1.3763944588505777,0.0
54.94011624159624,0.0,0.0,4.0,0.0,0.048228605451573696,4.0,0.012497726199804497,17.31569668611879,0.14626070755888124,-5.094615726476064,2.3001218520545557,-2.963942978744234,4.0,-5.230290673280202,0.9259029880665769,3.414492289799771,4.0,0.09524996136441821,1.3809001330040913,0.0
54.990140442098635,0.0,0.0,4.0,0.0,0.046122970285345025,4.0,0.012497726199804497,17.328194412318595,0.13986577083262133,-5.14382040389583,2.291099454979477,-2.956607780353886,4.0,-5.278381898820388,0.9122533193874862,3.421803994907213,4.0,0.09522646808151336,1.3853964997621797,0.0
55.04016564895785,0.0,0.0,4.0,0.0,0.04251450343328782,4.0,0.012497726199804497,17.3406921385184,0.12890950519263217,-5.192959183391078,2.28171941288917,-2.9494136229023424,4.0,-5.326374283900325,0.8982600583076603,3.428796011341576,4.0,0.09502432706433162,1.389877467557115,0.0
55.090191853253764,0.0,0.0,4.0,0.0,0.036405107437408685,4.0,0.012497726199804497,17.353189864718203,0.11036726944701855,-5.242030885140345,2.2719896188015802,-2.942381032545522,4.0,-5.374271592380799,0.8839446905425618,3.435240314143375,4.0,0.09443603950931134,1.3943300640512055,0.0
55.14021890653488,0.0,0.0,4.0,0.0,0.026868117118696563,4.0,0.012497726199804497,17.365687590918007,0.08143813427996126,-5.291034509879266,2.261919044857251,-2.9354908066000696,4.0,-5.422082449012262,0.869343108053099,3.4407576738032506,4.0,0.09306317322373303,1.3987284590359084,0.0
55.19024675124133,0.0,0.0,4.0,0.0,0.013516245074399566,4.0,0.012497726199804497,17.37818531711781,0.04096081279933526,-5.339969004985538,2.251513641045186,-2.9287151515894103,4.0,-5.469822780207099,0.8545124678675982,3.4448288398210662,4.0,0.09035868423089077,1.403023264525164,0.0
55.24027538269949,0.0,0.0,4.0,0.0,-0.003088419664989473,4.0,0.012497726199804497,17.390683043317615,-0.009358877225722597,-5.388833182473011,2.240779614845806,-2.922035149704139,4.0,-5.517517539539252,0.8395358320076909,3.4468765079142165,4.0,0.08572635043876886,1.4071402924712315,0.0
55.29030474388415,0.0,0.0,4.0,0.0,-0.02134291295910393,4.0,0.012497726199804497,17.40318076951742,-0.06468531593068706,-5.437625709615551,2.229721074353975,-2.917580204285485,4.0,-5.565200461773977,0.824521524024446,3.4464086491737977,4.0,0.08080354627969655,1.4109787715038786,0.0
55.340334725006564,0.0,0.0,4.0,0.0,-0.038983292277681346,4.0,0.012497726199804497,17.415678495717223,-0.11819106632623166,-5.486393042552727,2.2185519351275147,-2.924870236279144,4.0,-5.612911069977918,0.8095954981040937,3.4431749717031996,4.0,0.0848599008027584,1.4146254107336311,0.0
55.39030918777626,0.0,0.0,4.0,0.0,-0.05382589195521782,4.0,0.012497726199804497,17.428176221917028,-0.16326646728315888,-5.535236577103387,2.2082290696835942,-2.9409144556532794,4.0,-5.6606893588407505,0.794887731254581,3.4372664933583668,4.0,0.09499564183206033,1.4188982131773784,0.0
55.44022622736315,0.0,0.0,4.0,0.0,-0.06451263754646051,4.0,0.012497726199804497,17.44067394811683,-0.19576449924378742,-5.58422361302241,2.1986516123649835,-2.957380000225359,4.0,-5.708569872714762,0.7805164724147703,3.4291046549355095,4.0,0.10329934798128271,1.4235762246754082,0.0
55.49013600795962,0.0,0.0,4.0,-3.6803630793518423,-0.07087821350899584,4.0,0.012570420488097747,17.453171674316636,-0.21514285847327583,-5.633367268744118,2.1899448646184636,-2.974600173308514,4.0,-5.756577368219383,0.7665754899409102,3.4193182104907467,4.0,0.11073307661967391,1.4286920960734242,0.0
55.54004230053614,0.0,0.0,3.953736288543677,-1.2205378731636596,-0.07375273707482236,3.953736288543677,0.012668738488740087,17.46574209480473,-0.22389925408604347,-5.6826477180797434,2.1820610217005125,-2.9828885492820127,3.953736288543677,-5.8047254744090075,0.7531283213798864,3.4085630243345775,3.953736288543677,0.10826626643700443,1.434137943377827,0.0
55.589984810180745,0.0,0.0,3.9382736134129637,1.7237900050637485,-0.0743308916841413,3.9382736134129637,0.012658540468227583,17.478410833293474,-0.22566087772092458,-5.731997024420558,2.174159163062587,-2.9862776178180654,3.9382736134129637,-5.853018229087759,0.7402103371184022,3.3973700980389463,3.9382736134129637,0.1004624086774264,1.4390466870139433,0.0
55.6399614240269,0.0,0.0,3.9600942789507894,2.500000000000017,-0.07351695801323606,3.9600942789507894,0.01257376136730715,17.4910693737617,-0.2231808840450175,-5.781397793426754,2.1665991219119443,-3.0015156687859204,3.9600942789507894,-5.901453086661064,0.7278358217169435,3.3860891065838916,3.9600942789507894,0.10441946819022618,1.443763521987443,0.0
55.68990108333143,0.0,0.0,3.9915286823690574,0.6771109474517366,-0.07161410775718605,3.9915286823690574,0.012510974254402195,17.503643135129007,-0.21738419898764877,-5.830898050131496,2.160214077937952,-3.015080584513917,3.9915286823690574,-5.9500237285542275,0.7160054631097305,3.374932092256592,3.9915286823690574,0.10682736959092232,1.4491133324911913,0.0
55.739841051075175,0.0,0.0,4.0,0.0,-0.06841110655980662,4.0,0.012497726199804497,17.516154109383407,-0.20763039353710472,-5.880479490091425,2.1539967848653934,-3.0217141292458582,4.0,-5.9987217131641835,0.7047106739073088,3.364064859460146,4.0,0.10259368152641812,1.4541015971152764,0.0
55.78980973317223,0.0,0.0,4.0,0.0,-0.06353683204117067,4.0,0.012497726199804497,17.52865183558321,-0.1927953582440183,-5.9301181809168515,2.1482624082219104,-3.0386905872459757,4.0,-6.047536958078853,0.6939338473950235,3.3536852282234086,4.0,0.1091905082897977,1.4590609075933136,0.0
55.839755159050306,0.0,0.0,4.0,0.0,-0.056923232082941255,4.0,0.012497726199804497,17.541149561783016,-0.1726811933067131,-5.9798419444674416,2.1437359406045573,-3.052022499459908,4.0,-6.096457649749464,0.6836461292870276,3.3440472138237007,4.0,0.11288440610402262,1.4647393897317307,0.0
55.889708931666846,0.0,0.0,4.0,0.0,-0.04911000294886746,4.0,0.012497726199804497,17.55364728798282,-0.14893794581183897,-6.029625224268086,2.139325634867129,-3.0562710929597174,4.0,-6.145470317255057,0.673805729531227,3.3354147247284893,4.0,0.10850051050861964,1.470091384406055,0.0
55.939686852408556,0.0,0.0,4.0,0.0,-0.041173495256842677,4.0,0.012497726199804497,17.566145014182624,-0.12483871997831408,-6.079434178908915,2.1352178958985553,-3.0625695168526734,4.0,-6.194560546340618,0.6643596496029753,3.3279691820584185,4.0,0.10735339173150571,1.475356926704087,0.0
55.98966468219028,0.0,0.0,4.0,0.0,-0.03438598260918238,4.0,0.012497726199804497,17.578642740382428,-0.10424103526023723,-6.129268951846301,2.1314350434391507,-3.069319632225166,4.0,-6.243714300418773,0.6552497148308705,3.3217283814927265,4.0,0.10786270653830599,1.480615028360921,0.0
56.039642670980356,0.0,0.0,4.0,0.0,-0.029854398348773518,4.0,0.012497726199804497,17.59114046658223,-0.09049476092584702,-6.179129215594001,2.12800006281908,-3.0750663962229647,4.0,-6.292919435650028,0.6464213755665595,3.31651727782286,4.0,0.10839836686623805,1.485941997758089,0.0
56.08962114011335,0.0,0.0,4.0,0.0,-0.028220485641472674,4.0,0.012497726199804497,17.603638192782036,-0.0855393320835742,-6.229004779822575,2.1247901863752734,-3.071284795358021,4.0,-6.3421669735638115,0.6378326440001444,3.311993362844588,4.0,0.10009285102302279,1.4912573268616698,0.0
56.13961596940855,0.0,0.0,4.0,0.0,-0.029462130209573303,4.0,0.012497726199804497,17.61613591898184,-0.08930502337827403,-6.278871841783677,2.1209757944720433,-3.0695563472497573,4.0,-6.3914518299695,0.6294606858322822,3.3077171742378093,4.0,0.09408821430798042,1.49575785909371,0.0
56.189612079833466,0.0,0.0,4.0,0.0,-0.03293283459478081,4.0,0.012497726199804497,17.628633645181644,-0.0998325629329016,-6.328737671557034,2.117593344237031,-3.077055082703203,4.0,-6.4407728003005005,0.6213041977748754,3.303252735316014,4.0,0.09712251083963075,1.5004776172582555,0.0
56.23959238866492,0.0,0.0,4.0,0.0,-0.037658583347997016,4.0,0.012497726199804497,17.641131371381448,-0.11417089554416963,-6.378624358804443,2.114529056415371,-3.083626496005596,4.0,-6.490131769538955,0.6133809704503205,3.298262015166573,4.0,0.09870320399258325,1.5052838531802732,0.0
56.28957304977028,0.0,0.0,4.0,0.0,-0.04269450441492271,4.0,0.012497726199804497,17.653629097581252,-0.1294559539973622,-6.428531101995306,2.111802214858467,-3.0906001502925,4.0,-6.539532398878709,0.6057218843841257,3.292554508796583,4.0,0.09996935190949685,1.510165305438944,0.0
56.33955422071558,0.0,0.0,4.0,0.0,-0.04736401332709941,4.0,0.012497726199804497,17.666126823781056,-0.14363473683010797,-6.4784567660441015,2.109433935122727,-3.0979756612317324,4.0,-6.58897873329293,0.5983637695819886,3.286082888524609,4.0,0.10087324257675512,1.5151066465539202,0.0
56.389536108031024,0.0,0.0,4.0,0.0,-0.05134467700587771,4.0,0.012497726199804497,17.67862454998086,-0.1557268006461179,-6.528399804057356,2.107443478011806,-3.105752568368479,4.0,-6.638474122076841,0.5913433483458093,3.2789024580698745,4.0,0.10146971925876613,1.5200907731647828,0.0
56.43951893267615,0.0,0.0,4.0,0.0,-0.05459534538296509,4.0,0.012497726199804497,17.691122276180664,-0.1656050102126897,-6.578358218683087,2.1058519247036154,-3.113914990278325,4.0,-6.6880206376114,0.5846934807077445,3.2711175344040875,4.0,0.10184721750282577,1.5251061792102043,0.0
56.48950294026508,0.0,0.0,4.0,0.0,-0.057128356374633496,4.0,0.012497726199804497,17.703620002380468,-0.1733048078320767,-6.628329531278242,2.104676950195212,-3.122485074600776,4.0,-6.737618948688043,0.5784417747361035,3.2628387901042712,4.0,0.10213855752546053,1.5301431264971486,0.0
56.53948835414417,0.0,0.0,4.0,0.0,-0.058722012604233445,4.0,0.012497726199804497,17.716117728580272,-0.17815031023555297,-6.678310797343146,2.103941840449072,-3.1314557378692096,4.0,-6.787268425509147,0.5726104470601071,3.254175125954691,4.0,0.1024455566443141,1.5352027882707056,0.0
56.58947543278424,0.0,0.0,4.0,0.0,-0.058732502683130364,4.0,0.012497726199804497,17.728615454780076,-0.17818220823973976,-6.728298552077119,2.103663537944712,-3.1408157649839197,4.0,-6.836967204016005,0.5672154994529107,3.2452692307557545,4.0,0.10289968856008791,1.5402861587703496,0.0
56.6394644467866,0.0,0.0,4.0,0.0,-0.05612683654332334,4.0,0.012497726199804497,17.74111318097988,-0.17026014615772422,-6.778288795176689,2.1038641686660906,3.1326070675445887,4.0,-6.886712061699666,0.5622634117239971,3.236361740946727,4.0,0.1037546734021384,1.545408845104734,0.0
56.689455681528216,0.0,0.0,4.0,0.0,-0.04975891720133665,4.0,0.012497726199804497,17.753610907179684,-0.15090916598478188,-6.828276985257391,2.104561926937717,3.122476291379914,4.0,-6.936498176544332,0.5577447565966072,3.2278502821890553,4.0,0.10537399080914156,1.550598331195298,0.0
56.73944943022886,0.0,0.0,4.0,0.0,-0.038811454415417904,4.0,0.012497726199804497,17.76610863337949,-0.11766955688133222,-6.878258023653562,2.1057754494696628,3.111960636136745,4.0,-6.986318993747734,0.5536259117041387,3.2203061964389805,4.0,0.10834556030223563,1.5559066041518763,0.0
56.789445998733946,0.0,0.0,4.0,0.0,-0.023270154088810946,4.0,0.012497726199804497,17.778606359579292,-0.07052834927925386,-6.928226225669805,2.1075244917245133,3.101042932435691,4.0,-7.036166385253464,0.5498416130304352,3.2144237888231597,4.0,0.11338085638746875,1.5614182747193708,0.0
56.83944572750569,0.0,0.0,4.0,0.0,-0.004267773980095866,4.0,0.012497726199804497,17.791104085779097,-0.012932726943070705,-6.978175278913294,2.109829288434483,3.0911292196489932,4.0,-7.086031072925298,0.5462918387887854,3.2108980128286944,4.0,0.11976879317970113,1.5672530838210312,0.0
56.88944921452927,0.0,0.0,4.0,0.0,0.01590613917771099,4.0,0.012497726199804497,17.8036018119789,0.048204487148869324,-7.028105889949058,2.1125690453751425,3.092178274443607,4.0,-7.1359030824013665,0.5428460955576951,3.210251494107289,4.0,0.11807321966368178,1.5734199610670345,0.0
56.93944206554319,0.0,0.0,4.0,0.0,0.0342740063526791,4.0,0.012497726199804497,17.816099538178705,0.1039013130486315,-7.0780389341913965,2.114768009371925,3.102744835437805,4.0,-7.1857720234147795,0.539356385615631,3.212661280035243,4.0,0.1099164445974381,1.5790909418966523,0.0
56.98942277633949,0.0,0.0,4.0,0.0,0.04799679771484326,4.0,0.012497726199804497,17.82859726437851,0.14555663130757432,-7.127991892488878,2.1164513518323718,3.1140618313461164,4.0,-7.235627292342095,0.5356771052133533,3.217855400684371,4.0,0.10379356933825479,1.5844344726354218,0.0
57.03940383864222,0.0,0.0,4.0,0.0,0.05519317776134843,4.0,0.012497726199804497,17.841094990578313,0.16742209359984173,-7.1779631782346565,2.1175197012190807,3.127416236154823,4.0,-7.2854585968680015,0.5316870394012053,3.225131908382963,4.0,0.09771567222813982,1.589471766441772,0.0
57.08938685586425,0.0,0.0,4.0,0.0,0.055427750938987976,4.0,0.012497726199804497,17.853592716778117,0.16813510045514038,-7.227947881973644,2.1178684645984727,-3.140281753908898,4.0,-7.335257126931398,0.5273072702530328,3.2335014903253985,4.0,0.09059793705471009,1.594176962263285,0.0
57.13937380696426,0.0,0.0,4.0,0.0,0.04973770973420717,4.0,0.012497726199804497,17.86609044297792,0.15084474162084746,-7.27793699453421,2.1173886455001245,-3.12400680559437,4.0,-7.385017169676341,0.5225099797920069,3.2419067161256585,4.0,0.08272821454044177,1.5984693060047712,0.0
57.18936785829825,0.0,0.0,4.0,0.0,0.04018993092740879,4.0,0.012497726199804497,17.878588169177725,0.12185328359145886,-7.327920523777299,2.1161101796553403,-3.116884819812838,4.0,-7.43473741076488,0.5173161039484557,3.249447581243489,4.0,0.08314709387673958,1.6023583693609706,0.0
57.239363440626384,0.0,0.0,4.0,0.0,0.029114646915556652,4.0,0.012497726199804497,17.89108589537753,0.08825113991581778,-7.37789763958754,2.114918331787507,-3.1174295087995505,4.0,-7.4844211354629495,0.5117834431998683,3.2555391371429816,4.0,0.08978333876294542,1.6066700738422994,0.0
57.28935475213609,0.0,0.0,4.0,0.0,0.018382261438830257,4.0,0.012497726199804497,17.903583621577333,0.055710097637205004,-7.4278739604113415,2.1136945201416744,-3.1168247119752266,4.0,-7.534075156037289,0.5059899338994375,3.2599508914769357,4.0,0.09359029627257698,1.6112084689998074,0.0
57.339346033547514,0.0,0.0,4.0,0.0,0.009085880445492208,4.0,0.012497726199804497,17.916081347777137,0.027533728717135882,-7.477849536779919,2.1124422226890616,-3.116272965239183,4.0,-7.58370803217401,0.5000177857305019,3.262735889664272,4.0,0.09582354772386914,1.6158955987155323,0.0
57.389337287520114,0.0,0.0,4.0,0.0,0.0016647561830595758,4.0,0.012497726199804497,17.92857907397694,0.005044720366576785,-7.5278244213446985,2.11116326467922,-3.115777588544864,4.0,-7.6333283866480635,0.49394237710605216,3.264112325675338,4.0,0.0967046070406159,1.62065865804545,0.0
57.43932851129605,0.0,0.0,4.0,0.0,-0.003775470273214238,4.0,0.012497726199804497,17.941076800176745,-0.011440873369865151,-7.577798671151366,2.109861455969167,-3.1153287897349196,4.0,-7.682943781171415,0.4878265635304564,3.2643645158109225,4.0,0.09650799836625623,1.6254392287778054,0.0
57.48931970903092,0.0,0.0,4.0,0.0,-0.007183280104035779,4.0,0.012497726199804497,17.95357452637655,-0.021767889872235567,-7.627772335341126,2.1085376425359,-3.114922332429158,4.0,-7.732560152279995,0.48171868234824694,3.2637925761994695,4.0,0.09552960144904077,1.6301903004879066,0.0
57.53931088560327,0.0,0.0,4.0,0.0,-0.008456678136622434,4.0,0.012497726199804497,17.966072252576353,-0.02562690829285971,-7.677745467378398,2.1071952106127014,-3.11578305761149,4.0,-7.782181574479905,0.4756519884471119,3.2627043796891866,4.0,0.09530213012109101,1.6348823157221415,0.0
57.58930179695796,0.0,0.0,4.0,0.0,-0.007569734817537618,4.0,0.012497726199804497,17.978569978776157,-0.02293902850006129,-7.7277208591910735,2.1059574385696607,-3.125254760316481,4.0,-7.831810147849219,0.4696440831408755,3.26142326735642,4.0,0.10349272049331404,1.639620680879565,0.0
57.63928807573354,0.0,0.0,4.0,0.0,-0.004815864049339541,4.0,0.012497726199804497,17.99106770497596,-0.014593640243642327,-7.777704682551076,2.1055619422999285,-3.131120124539411,4.0,-7.881445978486446,0.46369642765872476,3.260276524566487,4.0,0.10821134192631199,1.6451396976094081,0.0
57.68927642451805,0.0,0.0,4.0,0.0,-0.0009012160592481118,4.0,0.012497726199804497,18.003565431175765,-0.0027309584946500925,-7.827692074394832,2.1049104488381545,-3.127415894691893,4.0,-7.93108736866866,0.4577953402523014,3.259546975286393,4.0,0.10377756279869921,1.6503571637102552,0.0
57.73926807755669,0.0,0.0,4.0,0.0,0.003243071780554637,4.0,0.012497726199804497,18.01606315737557,0.009827524697840529,-7.877677941449546,2.1041445505549916,-3.1251897831099447,4.0,-7.980731310643163,0.4519157497907975,3.2594104522002763,4.0,0.1014149281306338,1.6554395207849917,0.0
57.789259820994126,0.0,0.0,4.0,0.0,0.0067804568398091335,4.0,0.012497726199804497,18.028560883575373,0.020547153791835332,-7.927662111084692,2.103270506194029,-3.123086617683004,4.0,-8.030374208443146,0.44602735354059014,3.259901739051858,4.0,0.09980304955527686,1.6604230310256727,0.0
57.83925163474911,0.0,0.0,4.0,0.0,0.009209896566348578,4.0,0.012497726199804497,18.041058609775178,0.02790956659514374,-7.977644448583464,2.1022943555655047,-3.1210930543549233,4.0,-8.080012619612587,0.44010126887281487,3.2609289098609606,4.0,0.09883665703629774,1.6653423371453748,0.0
57.8892435053766,0.0,0.0,4.0,0.0,0.01044256848944473,4.0,0.012497726199804497,18.05355633597498,0.03164529722347883,-8.027624844813147,2.101221023118935,-3.1192010078953003,4.0,-8.12964381487047,0.43411506686204887,3.262324134347606,4.0,0.09833983506332089,1.670224577605881,0.0
57.93923542279037,0.0,0.0,4.0,0.0,0.010714328764876116,4.0,0.012497726199804497,18.066054062174786,0.032468905375963704,-8.077603219220912,2.100055740040151,-3.11743029871142,4.0,-8.179266042927503,0.4280549906163019,3.2639061113884478,4.0,0.09815110292028173,1.675088605357314,0.0
57.98922736103218,0.0,0.0,4.0,0.0,0.010387183405993702,4.0,0.012497726199804497,18.07855178837459,0.031477445431055295,-8.127579536453649,2.0988054122759756,-3.115776380077375,4.0,-8.228878495338773,0.42191539944869016,3.2655292613460323,4.0,0.09812033424381994,1.6799469021939664,0.0
58.03921930419089,0.0,0.0,4.0,0.0,0.009756215102576415,4.0,0.012497726199804497,18.091049514574394,0.029565226238446023,-8.177553788759626,2.0974748153955396,-3.1142297140013766,4.0,-8.278481071381389,0.4156965171617046,3.2671028473238986,4.0,0.09814725414568848,1.6848040125746695,0.0
58.08921124419278,0.0,0.0,4.0,0.0,0.008948796997678398,4.0,0.012497726199804497,18.103547240774198,0.027118290549812754,-8.227525988304452,2.0960699007975663,-3.1127939277938568,4.0,-8.328074101588882,0.40940195899193216,3.268580839734152,4.0,0.09818946034842213,1.6896622943653303,0.0
58.13920316822253,0.0,0.0,4.0,0.0,0.007892482573230532,4.0,0.012497726199804497,18.116044966974002,0.023917110469487645,-8.277496178052182,2.094595805968808,-3.1114787726751216,4.0,-8.377658164419014,0.40303714217139797,3.2699365076153453,4.0,0.09822997311088066,1.6945215066740902,0.0
58.18919505663776,0.0,0.0,4.0,0.0,0.006287713284911882,4.0,0.012497726199804497,18.128542693173806,0.019053927722766748,-8.327464433625558,2.0930594562983416,-3.1102727889205313,4.0,-8.427234068453627,0.3966090783819959,3.271132145607898,4.0,0.09821962734884337,1.699381612459732,0.0
58.23918690523726,0.0,0.0,4.0,0.0,0.0035999337467477422,4.0,0.012497726199804497,18.14104041937361,0.01090893726657494,-8.377430840559539,2.0914648420401107,-3.1091710952769205,4.0,-8.476803040713392,0.39012776965589907,3.272084668694738,4.0,0.09807045679207249,1.7042366819289796,0.0
58.289178712226,0.0,0.0,4.0,0.0,-0.0008383813640575088,4.0,0.012497726199804497,18.153538145573414,-0.00254055018328986,-8.427395502946018,2.089818399607225,-3.1081952512557036,4.0,-8.52636714625011,0.383609338628959,3.272630016339092,4.0,0.09763996041520961,1.7090771620797722,0.0
58.33917045244366,0.0,0.0,4.0,0.0,-0.00756687939349849,4.0,0.012497726199804497,18.166035871773218,-0.022930375204297693,-8.477358566066247,2.0881262742302553,-3.10734124620565,4.0,-8.575929887812633,0.37708054026387977,3.2725030119367413,4.0,0.09665895096280508,1.7138826707786512,0.0
58.38916211672104,0.0,0.0,4.0,0.0,-0.01665751464060379,4.0,0.012497726199804497,18.178533597973022,-0.05048198630504034,-8.527320189067872,2.0863944994440757,-3.106603422764514,4.0,-8.62549677325681,0.370583298052578,3.271356701732893,4.0,0.09477481731781978,1.7186176772346844,0.0
58.439153696728376,0.0,0.0,4.0,0.0,-0.027458612156218077,4.0,0.012497726199804497,18.191031324172826,-0.08322883417373121,-8.577280530318976,2.0846286541258685,-3.1059578312220624,4.0,-8.675075487081429,0.36417702208294295,3.2688330615614425,4.0,0.09160558560391863,1.723228850665905,0.0
58.489145203047855,0.0,0.0,4.0,0.0,-0.038574677884012615,4.0,0.012497726199804497,18.20352905037263,-0.11695097694976236,-8.627239727181488,2.082832376548623,-3.106556846307326,4.0,-8.724675312168571,0.35793648454490545,3.2646723768357138,4.0,0.0880439159634534,1.7276456614343914,0.0
58.53913638148219,0.0,0.0,4.0,-0.3089304260221826,-0.04816573464282011,4.0,0.012503763631172806,18.216026776572434,-0.14606974670411202,-8.67720152890345,2.0811264081472993,-3.116979173539164,4.0,-8.774305706412935,0.35194420523971626,3.258825891680843,4.0,0.09261975804042066,1.731906554102188,0.0
58.5891201808443,0.0,0.0,3.996137206974541,-4.0000000000000115,-0.05450384064185634,3.996137206974541,0.012589126551022808,18.228530540203607,-0.16532689636703984,-8.72717704607915,2.080372074487368,-3.1336362823863233,3.996137206974541,-8.823974383384588,0.3462783437921955,3.2515237328793116,3.996137206974541,0.1019747080860487,1.7367932494530613,0.0
58.63910355813912,0.0,0.0,3.9457807007704497,-4.000000000000012,-0.05653141886790045,3.9457807007704497,0.012751880945817877,18.24111966675463,-0.17149005154674374,-8.777165119369934,2.0803310439314417,3.1363883901015877,3.9457807007704497,-8.873685624569179,0.3409992495112089,3.243258891742277,3.9457807007704497,0.10687050164068923,1.7420078355176891,0.0
58.68931053403123,0.0,0.0,3.894773176987178,-4.000000000000009,-0.05413419056560112,3.894773176987178,0.01292111580823993,18.25387154770045,-0.1642034330259781,-8.827589638042708,2.080894652791387,3.125431888177058,3.894773176987178,-8.923439536898082,0.3361388519914229,3.2346859489013906,3.894773176987178,0.10925406072433264,1.7473866222263776,0.0
58.739493687521936,0.0,0.0,3.8430887137542182,-3.9999999999999867,-0.048041485930215434,3.8430887137542182,0.0130972729662419,18.26679266350869,-0.14569236287658263,-8.8775183202854,2.081952969671944,3.11657246990479,3.8430887137542182,-8.973232492636562,0.3316960951906696,3.2264772707132843,3.8430887137542182,0.10990480080849441,1.7528720231259973,0.0
58.78965173139473,0.0,0.0,3.790699621889251,-3.9999999999999822,-0.03946998310692201,3.790699621889251,0.013280837606753196,18.27988993647493,-0.11966815872969268,-8.927874328009729,2.0834043178684833,3.1099011057978676,3.790699621889251,-9.023058397536449,0.3276391609107424,3.219193977670748,3.790699621889251,0.1092928718728805,1.7583433377695346,0.0
58.84000115626548,0.0,0.0,3.7375762714622383,-3.999999999999987,-0.02968835339816783,3.7375762714622383,0.013472343904864336,18.293170774081684,-0.08999114817004099,-8.978166605602759,2.085143737908279,3.1049979592988475,3.7375762714622383,-9.072910150928294,0.3239127963430299,3.213211658140194,3.7375762714622383,0.10821369884134668,1.763777414785569,0.0
58.89029696822598,0.0,0.0,3.683686895842781,-4.0000000000000115,-0.019674566409906145,3.683686895842781,0.013672381572876273,18.30664311798655,-0.05962759213004674,-9.028398604721522,2.0870846160405847,3.1017103447481222,3.683686895842781,-9.122780780124156,0.32044772907346686,3.2087129192192534,3.683686895842781,0.10700257447113115,1.769156263710643,0.0
58.94053948382019,0.0,0.0,3.628997369551276,-3.9999999999999893,-0.009984242639185329,3.628997369551276,0.01388160351232041,18.320315499559428,-0.030256286098464754,-9.078571731710532,2.089150250633409,3.09981598380514,3.628997369551276,-9.17266404276045,0.3171691896348821,3.205732081937674,3.628997369551276,0.10591609813253378,1.7744774564744914,0.0
58.990642739392435,0.0,0.0,3.5734709555019943,-3.999999999999989,-0.000817032368177456,3.5734709555019943,0.01410073479544553,18.334197103071748,-0.002475856212056409,-9.128517683865407,2.091269692756839,3.0994185902732694,3.5734709555019943,-9.222554559066579,0.3140027296433632,3.2042195428197475,3.5734709555019943,0.10480095254647814,1.7797530143455855,0.0
59.040720417490974,0.0,0.0,3.5170680163202124,-4.000000000000012,0.007837959625482257,3.5170680163202124,0.014330583258092845,18.348297837867193,0.02375187919438677,-9.178638030365887,2.0933729569201205,3.10034051524215,3.5170680163202124,-9.272447654053213,0.3108770885717419,3.204095772527554,3.5170680163202124,0.10375525728540413,1.7849626792108,0.0
59.090859284066,0.0,0.0,3.459745683287841,-4.000000000000015,0.016082126752361297,3.459745683287841,0.014572052057197084,18.362628421125287,0.04873791927786388,-9.228710105854084,2.0954051905221007,3.1023304061138823,3.459745683287841,-9.322339076857606,0.30772491478803815,3.205283150459163,3.459745683287841,0.10295274434528068,1.7901304847579667,0.0
59.140948473815435,0.0,0.0,3.4014574750590523,-3.9999999999999964,0.024041460833666914,3.4014574750590523,0.014826154638631697,18.377200473182484,0.07286695099249359,-9.278739206091153,2.097305174797931,3.1054948478788322,3.4014574750590523,-9.372224696886324,0.304482347807033,3.2077196031418946,3.4014574750590523,0.1022247552630624,1.7952585401464742,0.0
59.19098988125457,0.0,0.0,3.3421528565045255,-3.9999999999999893,0.03183998453971306,3.3421528565045255,0.015094032682033394,18.392026627821114,0.09651741979851691,-9.328727721277787,2.0990171759754244,3.1097693005524065,3.3421528565045255,-9.422100215239075,0.3010881663039931,3.2113622879519697,3.3421528565045255,0.10159298739956313,1.8003519507159274,0.0
59.24098460497894,0.0,0.0,3.281776725776392,-3.9999999999999827,0.03959233321081102,3.281776725776392,0.01537697774873754,18.407120660503146,0.12003949661285424,-9.378678026866172,2.100486637229139,3.1151743016035374,3.281776725776392,-9.471960895397475,0.29748285244303385,3.2161872810965835,3.281776725776392,0.1010129794930461,1.8054152822867229,0.0
59.2909345791908,0.0,0.0,3.2202688147814422,-3.9999999999999822,0.047403440285478944,3.2202688147814422,0.015676457571327143,18.422497638251883,0.14375448111239256,-9.428592810177406,2.10165606099209,3.1217044257822955,3.2202688147814422,-9.521801303416797,0.2936077019977671,3.2221881641439025,3.2202688147814422,0.10048373836160707,1.810449306573929,0.0
59.340842371976095,0.0,0.0,3.157562984496134,-4.000000000000006,0.05537194726251144,3.157562984496134,0.015994148208934498,18.43817409582321,0.16796547834297665,-9.478473872478967,2.102471661467721,3.1293558266296633,3.157562984496134,-9.571615044350759,0.28940401071296357,3.229374580723653,3.157562984496134,0.10001875409398986,1.8154585052022054,0.0
59.39070992149657,0.0,0.0,3.093586391660396,-3.999999999999989,0.0636027276834664,3.093586391660396,0.016331973680786805,18.454168244032147,0.19299585113302486,-9.528320442147965,2.102876471683004,3.1381879380802435,3.093586391660396,-9.621394481031185,0.2848123267453483,3.237771326961052,3.093586391660396,0.09958338888080842,1.8204450037894373,0.0
59.44053874832984,0.0,0.0,3.028258496937249,-3.9999999999999907,0.07223671718219088,3.028258496937249,0.016692155224671528,18.470500217712935,0.21928068841241,-9.578130948525933,2.102810966771261,-3.1349569558830472,3.028258496937249,-9.671130417405939,0.2797717109234978,3.247419364181687,3.028258496937249,0.09919101288514831,1.8254098251006348,0.0
59.490331738879384,0.0,0.0,2.961489876038563,-3.999999999999987,0.08150104464837764,2.961489876038563,0.017077273071065158,18.487192372937606,0.24752115192113627,-9.627904230746031,2.102215654066199,-3.123665058505435,2.961489876038563,-9.720811714088361,0.2742188473316168,3.2583814042004184,2.961489876038563,0.09886115552626684,1.8303562838673884,0.0
59.54009136513245,0.0,0.0,2.8931807837543024,-4.0,0.09175367323439627,2.8931807837543024,0.017490344674280678,18.504269646008673,0.2788243230517968,-9.67763420878292,2.1010269214777795,-3.111045217158381,2.8931807837543024,-9.77042477196049,0.2680867057362678,3.2707552105419007,2.8931807837543024,0.09861512052069443,1.8352874224756595,0.0
59.58981969127911,0.0,0.0,2.8232194050571797,-3.999999999999996,0.10345591940756646,2.8232194050571797,0.017934924847530804,18.521759990682952,0.31462608217984084,-9.727314482865406,2.0991779807860724,-3.0970210975025303,2.8232194050571797,-9.819952777603529,0.2613024038384244,3.2846938907312895,2.8232194050571797,0.09852968105423443,1.8402088169532929,0.0
59.6395193676203,0.0,0.0,2.7514797056670566,-4.000000000000002,0.11701439697069574,2.7514797056670566,0.018415235441343818,18.539694915530482,0.356216383150635,-9.776934843259392,2.096598004426474,-3.0814973568263473,2.7514797056670566,-9.86937459337726,0.2537842151798456,3.300422333252893,2.7514797056670566,0.09873438289965364,1.8451308271337759,0.0
59.68919337502783,0.0,0.0,2.6778187639016813,-4.000000000000003,0.13254269743580058,2.6778187639016813,0.018936335454696737,18.558110150971824,0.4040131558147232,-9.826483156733099,2.0932112253012485,-3.0643428878716867,2.6778187639016813,-9.918663259046637,0.24543844095766346,3.318229912550898,2.6778187639016813,0.09938749324299856,1.8500706564408234,0.0
59.73884406520626,0.0,0.0,2.6020734220828943,-4.000000000000002,0.14970023892306158,2.6020734220828943,0.019504347380034582,18.57704648642652,0.4570564356468654,-9.87594007913141,2.088934623272988,-3.0454341157575726,2.6020734220828943,-9.96778426112456,0.2361576678521333,3.3384268957608634,2.6020734220828943,0.10067570433884931,1.8550519670091623,0.0
59.788474603653725,0.0,0.0,2.524056032562756,-3.999999999999989,0.1677391122807675,2.524056032562756,0.020126763168125728,18.596550833806557,0.5131218605220752,-9.92528568011786,2.0836811277600296,-3.024634398761821,2.524056032562756,-10.01669392071463,0.22582195232944482,3.361275560523156,2.524056032562756,0.10272465210539039,1.8601064975373343,0.0
59.83808770138995,0.0,0.0,2.443548979890253,-3.999999999999988,0.18576758957834533,2.443548979890253,0.020812865194420778,18.616677596974682,0.569498262860536,-9.974488378748386,2.077355741179328,-3.000069089092153,2.443548979890253,-10.06533830734975,0.21430339570363377,3.3869269866029126,2.443548979890253,0.10381076851547988,1.8652661342310803,0.0
59.88768399466884,0.0,0.0,2.3602975191125704,-4.000000000000006,0.20313539297614136,2.3602975191125704,0.021574317094812133,18.637490462169104,0.6241707658685285,-10.023486563407245,2.069689853721994,-2.962547450515968,2.3602975191125704,-10.113652916544009,0.20147295307844948,3.415396720044894,2.3602975191125704,0.09475886338127637,1.8703914988814923,0.0
59.93731029649051,0.0,0.0,2.2740002507333217,-3.7047614251176455,0.21975074790999996,2.2740002507333217,0.022392126860329174,18.659064779263918,0.6768415757520717,-10.072154348253889,2.05967983298396,-2.9243948255097796,2.2740002507333217,-10.161562940501724,0.18720700265367568,3.4465995813798824,2.2740002507333217,0.08780909971007489,1.874606197763372,0.0
59.9869524041991,0.0,0.0,2.1910427629148335,-3.3212865694768516,0.2361041890629012,2.1910427629148335,0.02322485271635997,18.681456906124247,0.7290651460277849,-10.120438109487255,2.0482946873589465,-2.893446068874,2.1910427629148335,-10.208983457234755,0.17139097733939335,3.480435504157457,2.1910427629148335,0.09069626585187152,1.8789911695622437,0.0
60.03655436864051,0.0,0.0,2.113906371509909,-3.073675919989846,0.25293459728149625,2.113906371509909,0.024069788427332924,18.704681758840607,0.7832430480382377,-10.168319591307549,2.035314580384874,-2.861002999728696,2.113906371509909,-10.255818657914268,0.1539187758131898,3.51688213046496,2.113906371509909,0.09469982301406965,1.883429388142009,0.0
60.08636875899656,0.0,0.0,2.0399236424215657,-2.8331261449724274,0.2707430488669859,2.0399236424215657,0.024938129502014655,18.72875154726794,0.8410856463884034,-10.216170639432505,2.020705257200654,-2.8243734223092174,2.0399236424215657,-10.301959700908782,0.13468923213405914,3.556037159114089,2.0399236424215657,0.09722527424371918,1.8879661569734187,0.0
60.136158008106136,0.0,0.0,1.9692707757226997,-2.5358959408573605,0.2894664640670656,1.9692707757226997,0.02581455787959114,18.753689676769955,0.9025207018202146,-10.26292976810717,2.0042534832772723,-2.781307047968476,1.9692707757226997,-10.347281754519292,0.1136028917825534,3.5980837915906805,1.9692707757226997,0.09620553237957097,1.8925313515846973,0.0
60.18553318259662,0.0,0.0,1.9038077431808171,-2.1879749847748178,0.30849244093508227,1.9038077431808171,0.026667016159570178,18.779504234649547,0.9656547178467373,-10.308580838190776,1.9858916594359783,-2.7354104054814847,1.9038077431808171,-10.391641578619817,0.09056222012557727,3.6432016180746984,1.9038077431808171,0.09542671637659694,1.8971485893617557,0.0
60.23493808212842,0.0,0.0,1.8454609789050918,-1.830900228812994,0.3269626813151383,1.8454609789050918,0.027462697744296858,18.80617125080912,1.0276809611577145,-10.353699999468688,1.9652132285449428,-2.686192176926863,1.8454609789050918,-10.434877003366559,0.06547630333697095,3.6914755711434903,1.8454609789050918,0.09448244089076674,1.9014705075179248,0.0
60.28456734232431,0.0,0.0,1.7951795193212365,-1.5035866871212815,0.3441371218309007,1.7951795193212365,0.02817985985982597,18.833633948553416,1.0860561385033207,-10.397723422680192,1.9422355773750426,-2.633079918930718,1.7951795193212365,-10.47680886241012,0.03826858294765979,3.7428502722366943,1.7951795193212365,0.09274488398782665,1.905608780061143,0.0
60.33422435245957,0.0,0.0,1.7528086571910588,-1.22119441491864,0.35959029907009255,1.7528086571910588,0.02880958832625514,18.861813808413242,1.139197505289515,-10.440447776158843,1.9168593469881432,-2.5765106261031034,1.7528086571910588,-10.517244872117832,0.008884815591627872,3.79714320126322,1.7528086571910588,0.09046852018673768,1.9095194700252434,0.0
60.38391427657768,0.0,0.0,1.7176265488309308,-0.9700946998925539,0.37315169956046396,1.7176265488309308,0.02934786656197227,18.890623396739496,1.1863437752957064,-10.481654144684883,1.8890191500313755,-2.5166864186792206,1.7176265488309308,-10.555984353769224,-0.02270106282249591,3.854092715297655,1.7176265488309308,0.08759382679728844,1.913164695528478,0.0
60.433554444702985,0.0,0.0,1.6891563390260076,-0.7154778629300237,0.3846388770762637,1.6891563390260076,0.029783051369815863,18.91997126330147,1.2266717104332516,-10.520965913684071,1.8587782425263273,-2.461580421085515,1.6891563390260076,-10.592822997009046,-0.0564837875416488,3.9133991140276074,1.6891563390260076,0.09179422793353709,1.9166095283714097,0.0
60.48342914296503,0.0,0.0,1.6678472250803966,-0.42034715509936466,0.39355063710284127,1.6678472250803966,0.03008738681418315,18.949754314671285,1.2582168904604973,-10.559215786884316,1.826296476569163,-2.404278231894848,1.6678472250803966,-10.627557952400078,-0.09242527314962373,3.97472154272377,1.6678472250803966,0.09581446743903221,1.9199384897520302,0.0
60.53341520019335,0.0,0.0,1.6552000776286806,-0.06528117896073579,0.39897112899572784,1.6552000776286806,0.03022034321923418,18.97984170148547,1.2775180597638138,-10.594972945314911,1.791566763312399,-2.3373417471168567,1.6552000776286806,-10.659994741666459,-0.13045317674774598,4.037620943511549,1.6552000776286806,0.0917773834488198,1.9231194669051597,0.0
60.5832603172189,0.0,0.0,1.653227257994731,0.34483407213329137,0.39982564921476094,1.653227257994731,0.03014361153632423,19.010062044704704,1.2805688399410216,-10.628366018428327,1.7544884808961707,-2.2700035033538697,1.653227257994731,-10.689957581729828,-0.1704590452304212,4.101485227216484,1.653227257994731,0.08830342339076758,1.925932630963713,0.0
60.633165928187736,0.0,0.0,1.6636218023096057,0.7862099516042127,0.39535060588585924,1.6636218023096057,0.029839051311255457,19.040205656241028,1.264616481957556,-10.659212555660442,1.7151759753380205,-2.2034170013106325,1.6636218023096057,-10.71730291660199,-0.21229766244036333,4.165502022182821,1.6636218023096057,0.08573371631386806,1.9283488051607665,0.0
60.683149322504185,0.0,0.0,1.6870815613969434,1.2230790725140903,0.3854945775700016,1.6870815613969434,0.029319974388941548,19.070044707552285,1.2296906942796997,-10.687472412816602,1.673867187356605,-2.1387099392198614,1.6870815613969434,-10.741933141050904,-0.25579030968914274,4.228721344339883,1.6870815613969434,0.08424597638015818,1.930425866700058,0.0
60.73319893455554,0.0,0.0,1.722942208478707,1.613123296389706,0.3710585721071289,1.722942208478707,0.02863110191027709,19.099364681941225,1.1790347991851238,-10.713053360135776,1.630789824582037,-2.075573523055478,1.722942208478707,-10.763805858920131,-0.3007334717155866,4.290194694770104,1.722942208478707,0.08258291064599632,1.9321899648516172,0.0
60.78339983687214,0.0,0.0,1.7691277059714827,1.9198651840022116,0.3535279058150192,1.7691277059714827,0.02783691575428574,19.127995783851503,1.1182777306133842,-10.736027974151291,1.5859872702134994,-2.0156968541656886,1.7691277059714827,-10.782934921752853,-0.34691188658885785,4.349135711171133,1.7691277059714827,0.08164725815723628,1.9334682340552065,0.0
60.83366627907673,0.0,0.0,1.8225708313581386,2.1378676009621196,0.33463039849667403,1.8225708313581386,0.02700119109637457,19.15583269960579,1.0536568947477059,-10.756319505894341,1.5400434666450518,-1.9615669489163514,1.8225708313581386,-10.79938247796716,-0.3941127080447104,4.405039426741312,1.8225708313581386,0.08342106847807784,1.9346355025312334,0.0
60.88389474415985,0.0,0.0,1.8802958029904646,2.3160733307645387,0.31575546528060067,1.8802958029904646,0.026165084932958934,19.182833890702163,0.9899555414710844,-10.774292125089381,1.4931032049955462,-1.9206057472237075,1.8802958029904646,-10.813244802439044,-0.4421371668593062,4.4577126882576845,1.8802958029904646,0.09513312830180531,1.9356323535035298,0.0
60.93423310187959,0.0,0.0,1.9408960584008799,2.499999999999999,0.2975041933249241,1.9408960584008799,0.02534297077710735,19.208998975635122,0.9291021995588349,-10.790823306579506,1.4454639299050178,-1.8776488179625237,1.9408960584008799,-10.824637128365449,-0.4908074385330491,4.507201461486824,1.9408960584008799,0.10166497226976112,1.9365665975578519,0.0
60.98456942201443,0.0,0.0,2.0042534853436482,2.5000000000000058,0.27964485498800473,2.0042534853436482,0.024566025770478405,19.23434194641223,0.8702116785687908,-10.804701267774366,1.3971330818319678,-1.8270288630751013,2.0042534853436482,-10.833682753794116,-0.539968580458251,4.553648121093714,2.0042534853436482,0.09749167698922889,1.9373184499662006,0.0
61.03502355203168,0.0,0.0,2.0656685497698444,2.499999999999998,0.2614966005427552,2.0656685497698444,0.023856437562663247,19.25890797218271,0.8109839161972737,-10.81639728377771,1.3478501571398116,-1.7832856939398356,2.0656685497698444,-10.840509047047615,-0.5894872446233363,4.597150790272214,2.0656685497698444,0.09725117703246333,1.9374874413524257,0.0
61.08551044932342,0.0,0.0,2.1253096436765024,2.5,0.2424862179125259,2.1253096436765024,0.0232050020548753,19.282764409745372,0.7495558199784066,-10.825996028085555,1.298430293746345,-1.7434947401201708,2.1253096436765024,-10.845249090045952,-0.6392494813986875,4.637692610020529,2.1253096436765024,0.09800204296111303,1.937775423365916,0.0
61.135850012444614,0.0,0.0,2.1833221488136907,2.5000000000000004,0.22257895522321786,2.1833221488136907,0.022604185249323547,19.30596941180025,0.6858451746749551,-10.833698110172985,1.248668667601841,-1.7068815210096204,2.1833221488136907,-10.848045001981527,-0.6891592098513026,4.675163583658769,2.1833221488136907,0.09885979748880303,1.9378809860100084,0.0
61.18619899422779,0.0,0.0,2.2398326119369996,2.5000000000000084,0.20240757479951774,2.2398326119369996,0.02204775271435128,19.328573597049573,0.6218720289276489,-10.839657272891856,1.198663313954679,-1.6734899693940122,2.2398326119369996,-10.849048822165233,-0.7391375858399893,4.7094496044929475,2.2398326119369996,0.09975426670737342,1.9378236577260533,0.0
61.23655238285418,0.0,0.0,2.294951993722878,2.4999999999999902,0.18305173667762953,2.294951993722878,0.021530494831591702,19.350621349763923,0.5609820581383458,-10.84402188787995,1.1484924498727942,-1.643084549639286,2.294951993722878,-10.848418749154696,-0.7891225063296199,4.740537549888366,2.294951993722878,0.10043679234806646,1.9376199449036315,0.0
61.28690491443327,0.0,0.0,2.348778230801857,2.4999999999999973,0.16555794794258402,2.348778230801857,0.021048019870631783,19.372151844595514,0.5063252561769143,-10.846930724399112,1.0982212577786672,-1.6177863945985005,2.348778230801857,-10.846311298155243,-0.8390673299734897,4.768581550550829,2.348778230801857,0.10318263796974314,1.9372886867794428,0.0
61.337253304168165,0.0,0.0,2.4013982804784364,2.500000000000002,0.15043503301190478,2.4013982804784364,0.020596595948071422,19.393199864466148,0.45933399186983853,-10.84875189523121,1.047906822539442,-1.6035407156028747,2.4013982804784364,-10.842872314704586,-0.8889384690843196,4.793893208229809,2.4013982804784364,0.11424861665309649,1.9368542157716215,0.0
61.387596870798156,0.0,0.0,2.452889770348615,2.5000000000000013,0.13742774529537233,2.452889770348615,0.02017302878204105,19.41379646041422,0.4190894022346742,-10.850227073909934,0.9975880978162859,-1.5852820819016544,2.452889770348615,-10.838230683744424,-0.9387123176921122,4.816855730088419,2.452889770348615,0.11895250481048691,1.9363375770962556,0.0
61.43791527645906,0.0,0.0,2.5033223423037176,2.5000000000000044,0.12574395612638467,2.5033223423037176,0.019774566037781903,19.433969489196258,0.3830633635578458,-10.850209644451851,0.9472805697013688,-1.5597915298482594,2.5033223423037176,-10.832497374279887,-0.9883724456312544,4.837806388497894,2.5033223423037176,0.11441261116656776,1.9357340520538766,0.0
61.488457061533886,0.0,0.0,2.5527587573981725,2.499999999999999,0.114578460064445,2.5527587573981725,0.019398821687372177,19.45374405523404,0.34873488189464136,-10.849114692198714,0.8965106484958321,-1.5396546592582083,2.5527587573981725,-10.825769569583372,-1.0379077949311941,4.8569560726375824,2.5527587573981725,0.11342542471620476,1.9345593061523247,0.0
61.53900844755074,0.0,0.0,2.601255811616603,2.4999999999999933,0.10355784035901955,2.601255811616603,0.0190437156151488,19.47314287692141,0.3149382662592623,-10.847061644419268,0.8462268186146498,-1.5213659045349297,2.601255811616603,-10.818136838720179,-1.0873119312136132,4.874389644918544,2.601255811616603,0.1125702422738879,1.9337550882860457,0.0
61.5893200446082,0.0,0.0,2.648865100654475,2.5000000000000053,0.09286523054432967,2.648865100654475,0.018707424965107893,19.49218659253656,0.2822215446071375,-10.844142870465664,0.7960103590308633,-1.5049746488983784,2.648865100654475,-10.809685620036813,-1.13658277289349,4.890133693804742,2.648865100654475,0.11192303552353522,1.9329002860127829,0.0
61.6396055987393,0.0,0.0,2.6956336630672446,2.5000000000000044,0.08303947287105018,2.6956336630672446,0.01838834462406137,19.510894017501666,0.25221475310496605,-10.840446664300476,0.7458734935321438,-1.4918950019226787,2.6956336630672446,-10.800499921030356,-1.1857220854639616,4.904242204173486,2.6956336630672446,0.11295189891657742,1.9320085980903885,0.0
61.68986178293886,0.0,0.0,2.741604524627398,2.500000000000007,0.07454237841901871,2.741604524627398,0.018085054879841904,19.529282362125727,0.22630531070941057,-10.836220537380914,0.6958106941626814,-1.488245919848984,2.741604524627398,-10.790658618306871,-1.2347343922236473,4.916850647884915,2.741604524627398,0.12191126055431312,1.931082654637058,0.0
61.74006543558681,0.0,0.0,2.786817161827003,2.499999999999996,0.06732437844377356,2.786817161827003,0.017796294763933525,19.547367417005567,0.20432206281489007,-10.832167411127186,0.6458081102886137,-1.481520483079911,2.786817161827003,-10.7802317923962,-1.2836255489682826,4.928163855128147,2.786817161827003,0.12649903102847126,1.9301325223845194,0.0
61.790230658802564,0.0,0.0,2.8313078987368367,2.5000000000000004,0.06073111684295295,2.8313078987368367,0.01752093993420054,19.5651637117695,0.1842602769186004,-10.827275345642839,0.5958798079166622,-1.4673432285482015,2.8313078987368367,-10.769279318841644,-1.3324016922838144,4.9383780999187055,2.8313078987368367,0.12253602128732055,1.9291534628277052,0.0
61.8403779147578,0.0,0.0,2.875110248572338,2.500000000000005,0.053855544223864654,2.875110248572338,0.017257984211235887,19.5826846517037,0.16335658362168579,-10.821810131100651,0.5460498230648756,-1.456473519572029,2.875110248572338,-10.757853607570228,-1.381069196978591,4.947589437880421,2.875110248572338,0.12087765027286324,1.9281800108691587,0.0
61.89048462073665,0.0,0.0,2.918255209100428,2.499999999999996,0.04602873827332802,2.918255209100428,0.017006524075765157,19.599942635914935,0.13957961220033469,-10.815843606663332,0.4963205628406435,-1.4469724667441135,2.918255209100428,-10.746005459753007,-1.4296356263994594,4.955755781300578,2.918255209100428,0.11954294086510586,1.927221992827014,0.0
61.940547624035226,0.0,0.0,2.9607715192898407,2.5000000000000018,0.037094302841905596,2.9607715192898407,0.016765745581741053,19.6169491599907,0.11245856355957035,-10.809443799906783,0.4466904196352317,-1.4393301086002972,2.9607715192898407,-10.733789899617841,-1.4781109862535258,4.962733492405997,2.9607715192898407,0.11887829382670745,1.9262876121545989,0.0
61.99056331963645,0.0,0.0,3.0026858832441934,2.4999999999999853,0.027394824758880974,3.0026858832441934,0.016534913252478408,19.63371490557244,0.08303539355585511,-10.802730706773632,0.397152366918861,-1.4323646862026123,3.0026858832441934,-10.721269189521319,-1.526508463448689,4.96835539775076,3.0026858832441934,0.11753477677378577,1.9253848885569402,0.0
62.04055460076062,0.0,0.0,3.044023166375389,2.4999999999999845,0.017566158168352986,3.044023166375389,0.01631336061419876,19.650249818824918,0.053236258143499124,-10.795647213232202,0.3476643273672031,-1.4294608521450782,3.044023166375389,-10.708512129874107,-1.574844210087874,4.972506412204977,3.044023166375389,0.11878195717046935,1.924482163944234,0.0
62.09052199289731,0.0,0.0,3.084806567910886,2.4999999999999996,0.00822667570093376,3.084806567910886,0.01610048208905326,19.666563179439116,0.024929882711535994,-10.78865335359544,0.2982140566681686,-1.436055712875328,3.084806567910886,-10.695590499238032,-1.6231362441024486,4.975167740917695,3.084806567910886,0.12803814661343793,1.923602784655005,0.0
62.14040694543271,0.0,0.0,3.125057773133519,2.5000000000000058,-0.00027693188497556793,3.125057773133519,0.01589572602274508,19.68266366152817,-0.0008391875516817799,-10.782244794591861,0.24879871589158142,-1.4360278871017391,3.125057773133519,-10.682574537443998,-1.67140295082401,4.976414008310983,3.125057773133519,0.12925658823313668,1.9227866758996581,0.0
62.190240539240726,0.0,0.0,3.1647970881903817,2.499999999999998,-0.007872833429886568,3.1647970881903817,0.01569858866373172,19.698559387550915,-0.023857563910941633,-10.775261985153094,0.1994506042248032,-1.42893644609279,3.1647970881903817,-10.669529512993075,-1.7196618142519104,4.976372056565978,3.1647970881903817,0.12212319547918149,1.9220228485688224,0.0
62.240052131019205,0.0,0.0,3.204043559849711,2.4999999999999907,-0.014558471898592438,3.204043559849711,0.015508608944229665,19.714257976214647,-0.044119698598459926,-10.76815961503188,0.1501762721033466,-1.4293491022415774,3.204043559849711,-10.656514282305137,-1.7679287184051602,4.975179395359765,3.204043559849711,0.12134319042175612,1.9213514605436728,0.0
62.28980540486281,0.0,0.0,3.242815082210285,2.4999999999999925,-0.020238656849322623,3.242815082210285,0.015325363939804194,19.729766585158877,-0.061337638106712805,-10.761233946811263,0.10093782752600733,-1.439465003103189,3.242815082210285,-10.64358108359974,-1.8162176604184745,4.97297381170736,3.242815082210285,0.12925350763096333,1.9207621823582204,0.0
62.339469374992674,0.0,0.0,3.2811284920597954,2.4999999999999933,-0.024687242402487774,3.2811284920597954,0.015148464905672517,19.745091949098683,-0.07482502703184267,-10.75515221230312,0.051703701351425435,-1.4457432348278203,3.2811284920597954,-10.630775219521881,-1.864540516808471,4.969907487680158,3.2811284920597954,0.13246541532839196,1.920276422800774,0.0
62.38907801949951,0.0,0.0,3.3189996543239766,2.4999999999999964,-0.02754238784549182,3.3189996543239766,0.014977553805097465,19.760240414004354,-0.08348289198872952,-10.748858831232567,0.002495321698317232,-1.44528496586401,3.3189996543239766,-10.618133896012614,-1.9129066680774292,4.96616691687721,3.3189996543239766,0.1282665755616339,1.9198577528361702,0.0
62.43865565865634,0.0,0.0,3.35644353883672,2.5000000000000098,-0.028370059795889743,3.35644353883672,0.014812300259260645,19.77521796780945,-0.08599295017772779,-10.742739747509228,-0.04667160009766058,-1.4510095651753057,3.35644353883672,-10.605684056546641,-1.9613224550952257,4.961993531571438,3.35644353883672,0.1298177895671575,1.9195499886609204,0.0
62.48841383949089,0.0,0.0,3.393474289484872,2.5000000000000013,-0.026853425947974303,3.393474289484872,0.01465239885944313,19.790030268068712,-0.08139358344505782,-10.73696657628844,-0.09630791970700758,-1.4580074238283587,3.393474289484872,-10.593439424056683,-2.0097905444847126,4.9576946661856995,3.393474289484872,0.13251678283447177,1.9188579412645255,0.0
62.538381635493856,0.0,0.0,3.43010528663348,2.499999999999983,-0.022964795855697967,3.43010528663348,0.014497566791724835,19.804682666928155,-0.06960252660507772,-10.731492004880895,-0.14597220853156756,-1.4591725041064207,3.43010528663348,-10.581397682923567,-2.0583094437412255,4.953625727304431,3.43010528663348,0.12961292423126558,1.91821844602046,0.0
62.58837006771689,0.0,0.0,3.4663492036127916,2.5000000000000093,-0.017024585876823636,3.4663492036127916,0.014347541732145376,19.81918023371988,-0.05159463893878525,-10.725829937021913,-0.19566258084736,-1.4720632160624483,3.4663492036127916,-10.569539145732465,-2.1068734544581704,4.950146234023131,3.4663492036127916,0.13902414290599197,1.9175906275454309,0.0
62.63833189147708,0.0,0.0,3.502218057943155,2.499999999999997,-0.009724327355407278,3.502218057943155,0.014202079976667666,19.833527775452026,-0.029468587533458997,-10.721642253479907,-0.24540921236372437,-1.479595957317502,3.502218057943155,-10.557827778813197,-2.155473177317844,4.947566971339792,3.502218057943155,0.14397762147770798,1.917075776365291,0.0
62.68829573189499,0.0,0.0,3.5377232578848243,2.500000000000011,-0.002081787761639887,3.5377232578848243,0.014060954775602612,19.847729855428693,-0.006308456875829259,-10.716729123875126,-0.29517497503670853,-1.4692340740823802,3.5377232578848243,-10.546214907040888,-2.204096539191243,4.94609380998584,3.5377232578848243,0.13214257688863285,1.9165220155888605,0.0
62.73830315632986,0.0,0.0,3.572875644823831,2.5,0.004774783746096818,3.572875644823831,0.013923954846589304,19.861790810204294,0.014469151613612183,-10.7115019737723,-0.34490868332659375,-1.4648467875495315,3.572875644823831,-10.53464552100141,-2.2527302707836387,4.94577844451873,3.572875644823831,0.12743992488867484,1.9160014129571568,0.0
62.788310496779054,0.0,0.0,3.6076855319403043,2.499999999999993,0.00987682880123247,3.6076855319403043,0.013790883043940067,19.875714765050883,0.02993075751838531,-10.706152428233494,-0.39462883320474473,-1.469304945280177,3.6076855319403043,-10.523066215086079,-2.3013616405792825,4.946501770499571,3.6076855319403043,0.13262140860016203,1.9155026912440105,0.0
62.838294274333826,0.0,0.0,3.6421627395501543,2.500000000000001,0.012582659616883653,3.6421627395501543,0.013661555165282375,19.889505648094822,0.03813128394474986,-10.701373537409896,-0.4443618222988368,-1.4694968113444768,3.6421627395501543,-10.511432946253557,-2.349980126288475,4.947998036149241,3.6421627395501543,0.13430954031413123,1.915060977793962,0.0
62.88827964706939,0.0,0.0,3.6763166274633603,2.5000000000000093,0.012694447038152317,3.6763166274633603,0.013535798879063192,19.903167203260104,0.038470087821811494,-10.696042751110118,-0.4940870876561245,-1.4606912222429085,3.6763166274633603,-10.499716983190089,-2.3985787478263902,4.949904253534795,3.6763166274633603,0.12741016859811793,1.9145841038741245,0.0
62.93828946757741,0.0,0.0,3.7101561246610184,2.5000000000000204,0.010556960001956701,3.7101561246610184,0.013413452758710311,19.916703002139165,0.03199197638912011,-10.690383102246553,-0.5437757998065358,-1.454310844808891,3.7101561246610184,-10.487907990593426,-2.4471548477751823,4.951827408032713,3.7101561246610184,0.12295294566201775,1.9141180661299286,0.0
62.98829908979529,0.0,0.0,3.7436897565577945,2.5000000000000036,0.007005585722351714,3.7436897565577945,0.013294365411137557,19.930116454897874,0.021229394945011623,-10.68441829134838,-0.5934285250966376,-1.4499885610750631,3.7436897565577945,-10.476013462049538,-2.495710076336834,4.95342671587872,3.7436897565577945,0.12022996977419709,1.9136634168693007,0.0
63.038308274512644,0.0,0.0,3.7769256700856384,2.499999999999998,0.0031130852414853237,3.7769256700856384,0.013178394688892337,19.943410820309012,0.009433622115570764,-10.678329475977321,-0.6430651966127545,-1.4545335940145432,3.7769256700856384,-10.464054350691683,-2.5442494416356114,4.954487992540361,3.7769256700856384,0.12583627937531716,1.9132212007081948,0.0
63.08829034335496,0.0,0.0,3.809871656807869,2.4999999999999933,-0.00013170211482477938,3.809871656807869,0.01306540697662072,19.956589214997905,-0.00039909731995835376,-10.672822352538788,-0.6927178146812025,-1.4566439028777431,3.809871656807869,-10.452058040082006,-2.5927796286132323,4.954959587845453,3.809871656807869,0.12841818354360868,1.9128438980787719,0.0
63.1382743846331,0.0,0.0,3.842535174249421,2.5000000000000044,-0.00208742900695906,3.842535174249421,0.01295527654370454,19.969654621974527,-0.0063255516329014105,-10.666942644561374,-0.7423826553009363,-1.4582094514769999,3.842535174249421,-10.440050770481673,-2.641307105771091,4.954939636609325,3.842535174249421,0.12996378090673844,1.9124314343570012,0.0
63.18826015628772,0.0,0.0,3.8749233656086823,2.4999999999999956,-0.002624711372022239,3.8749233656086823,0.012847884955938072,19.98260989851823,-0.007953689088930651,-10.661590632509103,-0.7920564171313966,-1.459249630261617,3.8749233656086823,-10.428051657872908,-2.689836600291656,4.9546234165598415,3.8749233656086823,0.1306877396418713,1.9120957288456855,0.0
63.23824753173662,0.0,0.0,3.9070430779985275,2.499999999999988,-0.002143669121335311,3.9070430779985275,0.012743120539984493,19.99545778347417,-0.006495976984710951,-10.655813903441697,-0.8417360746591562,-1.459798507226952,3.9070430779985275,-10.416069867014095,-2.7383703742798287,4.9542258044457945,3.9070430779985275,0.13083900449316133,1.911726672278283,0.0
63.28823638045222,0.0,0.0,3.9389008793484885,2.499999999999991,-0.0013867566401868866,3.9389008793484885,0.01264087789510584,20.008200904014153,-0.004202295542854602,-10.65051609947875,-0.8914188582336884,-1.4598830246613257,3.9389008793484885,-10.404105606141627,-2.7869084727433826,4.953901064678774,3.9389008793484885,0.13059878216051324,1.9114389893325796,0.0
63.33822659332119,0.0,0.0,3.970503074086253,2.3514811305765013,-0.0010829120268692908,3.970503074086253,0.0125439772959247,20.020841781909258,-0.0032815528793310425,-10.64474746632402,-0.9411021629401475,-1.4595140272525733,3.970503074086253,-10.392154325149916,-2.8354497689365274,4.953690988122353,3.970503074086253,0.1300197081953396,1.911113849908586,0.0
63.388218135129954,0.0,0.0,4.0,0.0,-0.0015883982517461567,4.0,0.012497726199804497,20.03338575920518,-0.004813332083621827,-10.639412702121348,-0.9907834977026226,-1.4587385392449232,4.0,-10.380212124599224,-2.8839932999478464,4.953526940324768,4.0,0.12908017239010583,1.9108710827016044,0.0
63.43821087569298,0.0,0.0,4.0,0.0,-0.0027050766097795227,4.0,0.012497726199804497,20.045883485404985,-0.008197221842051359,-10.633566748129141,-1.0404605444519728,-1.4575672374139756,4.0,-10.368279746378807,-2.932539246231665,4.953286317498809,4.0,0.1276682477331974,1.9105860375879458,0.0
63.48820478067139,0.0,0.0,4.0,0.0,-0.0037396803814416435,4.0,0.012497726199804497,20.05838121160479,-0.01133241762104097,-10.628115349840286,-1.0901310289824373,-1.4560217631686958,4.0,-10.356363156212707,-2.9810890701910373,4.952876530962085,4.0,0.1257129869511946,1.9103851884771477,0.0
63.53819982643919,0.0,0.0,4.0,0.0,-0.0037479210569985348,4.0,0.012497726199804497,20.070878937804594,-0.011357389715161233,-10.622115609057431,-1.1397927638938974,-1.455400473592659,4.0,-10.344470267243402,-3.029644705165462,4.952310013151647,4.0,0.12452517956471887,1.9101380305514388,0.0
63.58819577170218,0.0,0.0,4.0,0.0,-0.0018792871808473355,4.0,0.012497726199804497,20.083376664004398,-0.0056948163430990744,-10.616602291774512,-1.18945790180614,-1.462905355949061,4.0,-10.332604918125888,-3.0782070772845254,4.9517422469636285,4.0,0.13146229573310286,1.9099811402497138,0.0
63.63816828946491,0.0,0.0,4.0,0.0,0.002273027837990625,4.0,0.012497726199804497,20.0958743902042,0.006887975008028329,-10.6113533501441,-1.2391566603013615,-1.4675671994523418,4.0,-10.320760268589996,-3.1267745028199347,4.951457557941971,4.0,0.13583945021472665,1.909854826535667,0.0
63.68814550105614,0.0,0.0,4.0,0.0,0.008490388450630472,4.0,0.012497726199804497,20.108372116404006,0.025729068094536917,-10.606302399705555,-1.2888802279562794,-1.4697471654738514,4.0,-10.308914170625304,-3.1753415750084333,4.951801894044857,4.0,0.13836375233912257,1.9097581450846897,0.0
63.73812659017041,0.0,0.0,4.0,0.0,0.016058760937758605,4.0,0.012497726199804497,20.12086984260381,0.04866709548974675,-10.60126943736213,-1.338608919095167,-1.462223217138471,4.0,-10.297028481709242,-3.223898970089946,4.953088113438544,4.0,0.1321260233974293,1.909680898861503,0.0
63.78813360197703,0.0,0.0,4.0,0.0,0.024107692900296428,4.0,0.012497726199804497,20.133367568803614,0.07306777059437251,-10.595464887787385,-1.3883053417592517,-1.4571128362066217,4.0,-10.285052519854002,-3.2724341703841384,4.955521025576027,4.0,0.12944855460306215,1.9095280257229528,0.0
63.83814196766243,0.0,0.0,4.0,0.0,0.03187541728875982,4.0,0.012497726199804497,20.145865295003418,0.0966249008123277,-10.589923661801004,-1.4379800413139312,-1.4591305243581092,4.0,-10.272928933634129,-3.3209326903735303,4.959173749539701,4.0,0.135118966718224,1.909449223280408,0.0
63.88812626683948,0.0,0.0,4.0,0.0,0.0388028034718123,4.0,0.012497726199804497,20.158363021203222,0.1176433023814538,-10.584324998769725,-1.4876513206892326,-1.4488207170673009,4.0,-10.260599753559507,-3.3693793313528646,4.964004115757445,4.0,0.12963952564516035,1.909371189816827,0.0
63.93814228057802,0.0,0.0,4.0,0.0,0.04456434680280437,4.0,0.012497726199804497,20.170860747403026,0.13513294415972796,-10.57775242743065,-1.5372688502255007,-1.43863373147782,4.0,-10.248011290291316,-3.417759223375669,4.969885210887061,4.0,0.12533363518529583,1.9091813064851644,0.0
63.98816796061827,0.0,0.0,4.0,0.0,0.049078485372130234,4.0,0.012497726199804497,20.18335847360283,0.1488422074359436,-10.571140412139679,-1.5868301557769242,-1.4360801340788636,4.0,-10.235117409685879,-3.466058590883139,4.976640629033788,4.0,0.12953545593306615,1.909034040945792,0.0
64.03817028253036,0.0,0.0,4.0,0.0,0.05247735107804155,4.0,0.012497726199804497,20.195856199802634,0.1591684126572163,-10.564320895665368,-1.6363674008750508,-1.4304787198684308,4.0,-10.221881029007701,-3.5142652010010855,4.984081385655824,4.0,0.13137479834466959,1.9088649009279628,0.0
64.08817618301327,0.0,0.0,4.0,0.0,0.0551117392182668,4.0,0.012497726199804497,20.208353926002438,0.16717455794656766,-10.557153000978849,-1.685859003399445,-1.4155521636169728,4.0,-10.20827391260386,-3.562368462432659,4.992038358620014,4.0,0.12440521505740065,1.908665598827225,0.0
64.13821888167246,0.0,0.0,4.0,0.0,0.05756966327193233,4.0,0.012497726199804497,20.220851652202242,0.17464650938080217,-10.548845558346143,-1.7352491519276692,-1.4028290172888032,4.0,-10.194274874411663,-3.610359117221544,5.000395566031172,4.0,0.120039276140389,1.908339003387543,0.0
64.1882661406268,0.0,0.0,4.0,-0.6095142282279817,0.060522274309649675,4.0,0.012509649160733143,20.233349378402046,0.1836250889192058,-10.540419338391684,-1.7845448537113802,-1.398679782800955,4.0,-10.179866325176901,-3.6582284017059883,5.009126303055144,4.0,0.12462077867651189,1.908058833831893,0.0
64.23827898763187,0.0,0.0,3.992375190846393,-4.0000000000000036,0.06438192291468461,3.992375190846393,0.01260114089940677,20.24585902756278,0.19536674452933234,-10.531714357576305,-1.8337969140656005,-1.392659793002674,3.992375190846393,-10.165029687249174,-3.705966721627385,5.018305887394051,3.992375190846393,0.12778037321713853,1.9077414488863125,0.0
64.28829645078031,0.0,0.0,3.941970627248766,-4.000000000000008,0.06902999965300935,3.941970627248766,0.01276436780690979,20.258460168462186,0.20951471193509344,-10.522693559177824,-1.8829967873159683,-1.3858834006303664,3.941970627248766,-10.149741500320616,-3.753562331063206,5.02807244772075,3.941970627248766,0.13077054117153075,1.9073826809689316,0.0
64.33831865041174,0.0,0.0,3.8909131560211265,-3.999999999999984,0.07381679071690743,3.8909131560211265,0.012934106989400836,20.271224536269095,0.22409441660718332,-10.51332009980574,-1.932135782804965,-1.3777996275661502,3.8909131560211265,-10.1339724370519,-3.801000758095732,5.038546277739133,3.8909131560211265,0.1331605981256967,1.906976912577958,0.0
64.38834544729941,0.0,0.0,3.8391767280635234,-3.999999999999987,0.07783863693140458,3.8391767280635234,0.013110803355452047,20.284158643258497,0.23635219138126157,-10.503503198457011,-1.9811927733987575,-1.3596148590934798,3.8391767280635234,-10.117690170904961,-3.848265461991853,5.049748960385779,3.8391767280635234,0.12617851229967236,1.9065183232057143,0.0
64.43842772168443,0.0,0.0,3.7867335146417154,-1.5450211445264106,0.0803740598519348,3.7867335146417154,0.01323733750897441,20.29726944661395,0.2440835760671404,-10.492324081269237,-2.0300750703045165,-1.3409878636558679,3.7867335146417154,-10.100865032161622,-3.8953396183187787,5.061564420284206,3.7867335146417154,0.1193669767604888,1.9058992683788638,0.0
64.48852859379627,0.0,0.0,3.7662815482931173,0.6358000271955958,0.08124551129487553,3.7662815482931173,0.013258441171683557,20.310506784122925,0.24674165830077333,-10.480678140298282,-2.0787602180999416,-1.3302434127042686,3.7662815482931173,-10.083475827021925,-3.942208318964426,5.073766379098432,3.7662815482931173,0.1208244846231139,1.9053106051999877,0.0
64.53859010926121,0.0,0.0,3.774711265550645,1.3688335576013266,0.08088462253348194,3.774711265550645,0.013211986779525413,20.323765225294608,0.24564083772187245,-10.468470804770933,-2.127315198455801,-1.318510424404196,3.774711265550645,-10.065512943478003,-3.988860153779067,5.0861012178485465,3.774711265550645,0.12142633507315637,1.9046586724836743,0.0
64.58865902491812,0.0,0.0,3.7927962764170444,-2.307823118555313,0.08011840937727108,3.7927962764170444,0.013233769689214902,20.33697721207413,0.2433038675222518,-10.455681920084594,-2.1757281212187793,-1.3063962512897551,3.7927962764170444,-10.046977274576523,-4.035287388643052,5.098381025581901,3.7927962764170444,0.12159196969206931,1.9039433175185063,0.0
64.63869018412558,0.0,0.0,3.7622550767826377,-4.000000000000018,0.07985489857769575,3.7622550767826377,0.013382691129494024,20.350210981763347,0.24250021926597726,-10.442321495242567,-2.2239002965701498,-1.295147645766947,3.7622550767826377,-10.027875596239433,-4.081484635723507,5.110544006060487,3.7622550767826377,0.1225063446478476,1.9032564147450894,0.0
64.6887252882693,0.0,0.0,3.7087243122646614,-4.000000000000015,0.08078261560127666,3.7087243122646614,0.01357870332958028,20.36359367289284,0.24532969721483816,-10.42844569273697,-2.2720205638431037,-1.2859229230081668,3.7087243122646614,-10.008214370918843,-4.127446534880554,5.122666811435602,3.7087243122646614,0.12540442726418277,1.9024194852443232,0.0
64.73901767352072,0.0,0.0,3.65440949894634,-4.000000000000002,0.08314809913553182,3.65440949894634,0.013783589244351297,20.377172376222422,0.2525462068896884,-10.414053557752071,-2.320431223050432,-1.2739557142944362,3.65440949894634,-9.987994186239877,-4.173165276860932,5.13493106497349,3.65440949894634,0.12570147208833937,1.9010918079362857,0.0
64.7892892650687,0.0,0.0,3.599275141968935,-4.0000000000000195,0.08670529091530116,3.599275141968935,0.013998039333559963,20.390955965466773,0.26340370965325016,-10.399036765570198,-2.368166529280911,-1.2593109018935018,3.599275141968935,-9.967206636756263,-4.218628835378085,5.147556078359516,3.599275141968935,0.12368167307343114,1.9001810457001012,0.0
64.83933408459173,0.0,0.0,3.5432829846346947,-4.000000000000004,0.09083818939147983,3.5432829846346947,0.014222821697227755,20.404954004800334,0.27602687753830235,-10.383378793875094,-2.415704486379973,-1.2468555857277017,3.5432829846346947,-9.945834528323628,-4.263820509743069,5.1607238681325525,3.5432829846346947,0.12439414668066817,1.8992045229854513,0.0
64.88938822730684,0.0,0.0,3.4863916978457836,-3.579516521105337,0.09473873304685804,3.4863916978457836,0.014445996932443259,20.419176826497562,0.28794907444618134,-10.367171817856985,-2.4630680251543353,-1.2370663420958938,3.4863916978457836,-9.923855063204988,-4.308719886348971,5.174522701489595,3.4863916978457836,0.12840373640590208,1.8981466059518168,0.0
64.93965628472182,0.0,0.0,3.434682013162266,-1.496488850198608,0.09759487002009685,3.434682013162266,0.014601184701808241,20.433622823430007,0.2966845786994163,-10.350446230062879,-2.51069373117042,-1.222665249916413,3.434682013162266,-9.90124487966839,-4.353304939985131,5.188917536257257,3.434682013162266,0.12839747899408493,1.8965753135707117,0.0
64.98990266595949,0.0,0.0,3.4128315030563194,0.5464156969451731,0.09884046650202263,3.4128315030563194,0.014630790261981951,20.448224008131813,0.3004957613003549,-10.33288955665601,-2.5575324199116896,-1.1974420320182066,3.4128315030563194,-9.877985616255657,-4.397554814750913,5.203749066786416,3.4128315030563194,0.11800579162503588,1.895420799849374,0.0
65.0400173240089,0.0,0.0,3.420825996514179,2.1509452990097873,0.0983820033286081,3.420825996514179,0.014547162989433685,20.462854798393796,0.29909288124080524,-10.31388851989745,-2.604018163304229,-1.1803299255754252,3.420825996514179,-9.85406846547097,-4.441452576260149,5.21877112178215,3.420825996514179,0.11591574017798933,1.89409601244695,0.0
65.09036247861181,0.0,0.0,3.4521161483602305,2.499999999999984,0.09661773595864004,3.4521161483602305,0.014406087015343787,20.47740196138323,0.2936954684174044,-10.294564836089997,-2.6506439345674893,-1.1693546104949326,3.4521161483602305,-9.829496127848163,-4.484986979067605,5.233723045534383,3.4521161483602305,0.11989234884972966,1.8923803286579792,0.0
65.14061101101312,0.0,0.0,3.4881313658985897,2.4999999999999942,0.09425555246098095,3.4881313658985897,0.014258855496492407,20.491808048398575,0.28647173785680763,-10.274619709312233,-2.6965255713814438,-1.1532852628486259,3.4881313658985897,-9.8042814529213,-4.528152542162687,5.248405147735999,3.4881313658985897,0.11850510340503817,1.8910514100674618,0.0
65.19064471338433,0.0,0.0,3.5237785046398207,2.500000000000009,0.09208372811920885,3.5237785046398207,0.014116047936059445,20.506066903895068,0.2798329876593125,-10.253988847129524,-2.7421156493855783,-1.1415140633961463,3.5237785046398207,-9.77844347265004,-4.570947946422508,5.262726129110866,3.5237785046398207,0.1210548853274247,1.8896483730774372,0.0
65.24088763893229,0.0,0.0,3.5590686244799694,0.5177677515644301,0.09074947496773829,3.5590686244799694,0.01403174214299044,20.520182951831128,0.27575581759625384,-10.232795659484154,-2.7878938105373514,-1.129642015598395,3.5590686244799694,-9.752002319949733,-4.613373354503936,5.276715233356623,3.5590686244799694,0.123171941775432,1.8877335089416378,0.0
65.29110439534873,0.0,0.0,3.5663338080598774,-1.2004764687371936,0.09056250507365747,3.5663338080598774,0.014050677094401743,20.534214693974118,0.27518456012108694,-10.21110538967881,-2.8329335968245175,-1.1138777484779052,3.5663338080598774,-9.724974559552026,-4.655427500016375,5.290500516181908,3.5663338080598774,0.12119295748022552,1.8862150490257599,0.0
65.34110351411002,0.0,0.0,3.5494663008382235,-2.0005222841513364,0.09142050215764881,3.5494663008382235,0.01414040983949132,20.54826537106852,0.27780619733443124,-10.188677948256288,-2.877633852122127,-1.0996118176278247,3.5494663008382235,-9.69737025148597,-4.697105471736586,5.304257241329136,3.5494663008382235,0.12068375177737423,1.8846379566081701,0.0
65.39111972739991,0.0,0.0,3.5211780958472882,-1.9226212873987025,0.0928868965801904,3.5211780958472882,0.01425266847965363,20.562405780908012,0.2822877688686718,-10.165696466068201,-2.922065611409451,-1.0896555226620543,3.5211780958472882,-9.66919251942518,-4.738397914283536,5.318145024492714,3.5211780958472882,0.12461523997518142,1.882970845099831,0.0
65.44133963303315,0.0,0.0,3.4937756120260697,-1.0625572785548805,0.09434107969697089,3.4937756120260697,0.014339831056790424,20.576658449387665,0.2867332296454844,-10.142195331434188,-2.966670485148172,-1.0770400886887803,3.4937756120260697,-9.640439489034826,-4.7792918298773275,5.3322568454722115,3.4937756120260697,0.12611162698140532,1.8807857572699835,0.0
65.49154186462496,0.0,0.0,3.4785387201634297,0.2513333338787864,0.09516439582157936,3.4785387201634297,0.014363783613807642,20.590998280444456,0.2892506612844197,-10.118111094818095,-3.0104776505793733,-1.0603226361960643,3.4785387201634297,-9.61110776258637,-4.819772659867625,5.346590899058191,3.4785387201634297,0.12372822807466832,1.8789893053259905,0.0
65.54153681591515,0.0,0.0,3.4821488177862014,1.524088991803917,0.09496836073214124,3.4821488177862014,0.014311514491397356,20.605362064058262,0.28865121428593515,-10.093341204641868,-3.0539129914933794,-1.0419257283033114,3.4821488177862014,-9.581196298956852,-4.859827014964631,5.361050801329571,3.4821488177862014,0.11979122245329599,1.8771302204666676,0.0
65.59185493371378,0.0,0.0,3.5039608394785824,2.1820949408923833,0.09379663590478188,3.5039608394785824,0.014204147742419217,20.61967357854966,0.28506871411038565,-10.067334220360259,-3.097364709083363,-1.0244843215488213,3.5039608394785824,-9.550709392989043,-4.899445139138922,5.375480736703118,3.5039608394785824,0.11677975107235383,1.8746719949488673,0.0
65.64216896234365,0.0,0.0,3.5349556384070033,1.7886321714557323,0.0921683529547332,3.5349556384070033,0.014091638404598627,20.633877726292077,0.28009161537922156,-10.041060946491491,-3.139894271523382,-1.0110434138138211,3.5349556384070033,-9.519657495245852,-4.938622018984402,5.389731579651445,3.5349556384070033,0.11758968628567956,1.8727741637626945,0.0
65.69216686265639,0.0,0.0,3.5601603962059896,0.40527638843492303,0.09087512808538142,3.5601603962059896,0.01403055160980825,20.647969364696674,0.27613974210287845,-10.014238766534007,-3.1820997840270895,-1.0012190118258144,3.5601603962059896,-9.488055275130236,-4.977356363123556,5.403733612930927,3.5601603962059896,0.12176731757715586,1.8707793165991033,0.0
65.74236149685353,0.0,0.0,3.5658466474901624,-1.2460823976376105,0.0905871166474683,3.5658466474901624,0.014053874855488788,20.66199991630648,0.27525975585315976,-9.986923409173903,-3.2244349851584317,-0.9883179515268729,3.5658466474901624,-9.455917585874715,-5.015647612854445,5.417538088489673,3.5658466474901624,0.12267073283695851,1.8682638630544948,0.0
65.79253986160789,0.0,0.0,3.548334361414136,-2.184179899072734,0.0914785140050973,3.548334361414136,0.0141501804060028,20.67605379116197,0.27798346921032596,-9.959032999306894,-3.2659078768496164,-0.9723190538149263,3.548334361414136,-9.423255215633423,-5.053492304677446,5.431298572739585,3.548334361414136,0.12043231937492394,1.866150026147578,0.0
65.84252238787484,0.0,0.0,3.517427821803092,-1.8134297067401686,0.09308393222827566,3.517427821803092,0.014264800814136372,20.69020397156797,0.2828900390017868,-9.930604592211946,-3.3070255571634224,-0.9630115109070111,3.517427821803092,-9.39007265246073,-5.090881712876414,5.445195217884635,3.517427821803092,0.1250214216120593,1.8639521351596842,0.0
65.89269176669703,0.0,0.0,3.4915596082460056,-0.185390886526636,0.09446015860032189,3.4915596082460056,0.014323089668726842,20.704468772382107,0.28709730967204633,-9.901734513145982,-3.3482774693536914,-0.9523250687853229,3.4915596082460056,-9.356369204071761,-5.12780225565173,5.45933714689302,3.4915596082460056,0.12847690849875626,1.8612178231982146,0.0
65.94286085211655,0.0,0.0,3.48890423795452,2.177315331678365,0.09460314264789879,3.48890423795452,0.014265043935517759,20.718791862050836,0.2875344897854723,-9.872429496859674,-3.388777662996114,-0.934156717423176,3.48890423795452,-9.322143192164932,-5.164238882465562,5.473689401168947,3.48890423795452,0.12466081141253582,1.8587838924884554,0.0
65.99283101949597,0.0,0.0,3.519963736822388,2.4999999999999862,0.0929506296383067,3.519963736822388,0.01413119429713,20.733056905986352,0.28248257646145897,-9.84232031198235,-3.428639296185789,-0.910704495729038,3.519963736822388,-9.287397383645322,-5.200180172416698,5.488063510474304,3.519963736822388,0.11558269902375606,1.8564203544863214,0.0
66.04293942541625,0.0,0.0,3.555291722565213,2.499999999999991,0.08968230517239845,3.555291722565213,0.013992151224503018,20.74718810028348,0.27249550595606464,-9.810977610616604,-3.467942522957184,-0.8934781619681912,3.555291722565213,-9.252143022986012,-5.2356227892227585,5.502185070061627,3.555291722565213,0.11247792485023211,1.8539119774350092,0.0
66.09307990825882,0.0,0.0,3.5902721006264704,2.5000000000000115,0.08560879218061293,3.5902721006264704,0.013857133448541005,20.761180251507984,0.26005619860347584,-9.779473684914313,-3.50678386442258,-0.8833809701894768,3.5902721006264704,-9.21640039197881,-5.27057298585994,5.515807366958091,3.5902721006264704,0.11600302996798106,1.8514868614489286,0.0
66.14309282763855,0.0,0.0,3.624914934247823,2.4999999999999996,0.08173171389056878,3.624914934247823,0.01372595041763596,20.775037384956526,0.24822482657037429,-9.747507048610347,-3.545251359309468,-0.8756412955460487,3.624914934247823,-9.180195681326897,-5.305044340500553,5.528807811624924,3.624914934247823,0.12126379999138592,1.8489763449266796,0.0
66.19327612481823,0.0,0.0,3.659229810291913,2.5000000000000084,0.0787611456086595,3.659229810291913,0.013598423974635796,20.788763335374163,0.23916488145694212,-9.71518842916001,-3.5838608334593465,-0.8668856374651808,3.659229810291913,-9.143555932661487,-5.339052976341735,5.541216795298806,3.659229810291913,0.12491712558439971,1.8459315180930211,0.0
66.24344550212365,0.0,0.0,3.6932258702285026,2.4999999999999845,0.07684656266683093,3.6932258702285026,0.013474387339172273,20.8023617593488,0.23332785028577266,-9.682567423971111,-3.6217412987039594,-0.853298620418383,3.6932258702285026,-9.10650458499954,-5.372612750308587,5.553172864119036,3.6932258702285026,0.12328617735783354,1.8432035249771206,0.0
66.29342760869152,0.0,0.0,3.726911838576433,2.499999999999991,0.07562155598511196,3.726911838576433,0.013353684190289398,20.81583614668797,0.22959405089024845,-9.649461821982936,-3.6591792045041203,-0.8408551091251847,3.726911838576433,-9.069059473108254,-5.405732620826864,5.564837134469678,3.726911838576433,0.12250693641527732,1.84046616992758,0.0
66.34340314231797,0.0,0.0,3.7602960490521564,2.499999999999995,0.07448831785908289,3.7602960490521564,0.013236167837894745,20.82918983087826,0.22614057783707864,-9.615917470514464,-3.696226193476143,-0.8291950459197975,3.7602960490521564,-9.031233641521196,-5.438417014534836,5.576314748810199,3.7602960490521564,0.1223244875504097,1.8376844225457734,0.0
66.39337906216795,0.0,0.0,3.793386468646893,2.5000000000000133,0.07293955842035606,3.793386468646893,0.013121700473045303,20.842425998716156,0.2214217720857947,-9.581947398575547,-3.73288248049222,-0.8171029343803292,3.793386468646893,-8.993037948356637,-5.470668417142185,5.5876197209080924,3.793386468646893,0.12153734810883421,1.8348608400027329,0.0
66.44368071195535,0.0,0.0,3.8261907198295066,2.4999999999999956,0.07073508603795793,3.8261907198295066,0.013010152488353577,20.855547699189202,0.2147069570859528,-9.5470709587001,-3.769582731673714,-0.8054107129845473,3.8261907198295066,-8.954483847103381,-5.502490521444404,5.598688795636908,3.8261907198295066,0.12091420144186849,1.8314281019681011,0.0
66.49398968370572,0.0,0.0,3.8587161010503905,2.4999999999999973,0.0678985413041956,3.8587161010503905,0.012901401860892583,20.868557851677554,0.20606992818519915,-9.512237765766997,-3.8054396141732894,-0.793711852388711,3.8587161010503905,-8.915585131427445,-5.533890465530687,5.6094221906883215,3.8587161010503905,0.11994873589744515,1.8285340334876026,0.0
66.54397000411736,0.0,0.0,3.890969605702622,2.5000000000000084,0.06461317889950932,3.890969605702622,0.012795333590918424,20.88145925353845,0.19607044352859704,-9.476978182853824,-3.84085076439501,-0.7838577434867506,3.890969605702622,-8.8763583092417,-5.564879574626698,5.61972381285021,3.890969605702622,0.12039624915737335,1.8256559289983234,0.0
66.59394018556155,0.0,0.0,3.922957939679918,2.499999999999999,0.061116371089252865,3.922957939679918,0.012691839190540049,20.894254587129367,0.18543205796749798,-9.441460482164556,-3.8759991795073043,-0.7791361593928109,3.922957939679918,-8.836821964771234,-5.595472842189164,5.629525551726588,3.922957939679918,0.12547640393981396,1.8226841233115967,0.0
66.64405763017382,0.0,0.0,3.9546875376562682,2.5000000000000218,0.057670210869856395,3.9546875376562682,0.012590816217166779,20.90694642631991,0.17495221290216464,-9.405658974885473,-3.9112823169309383,-0.7662560061838288,3.9546875376562682,-8.796995673310688,-5.625687725526119,5.638795468083164,3.9546875376562682,0.12186616708740772,1.8192462504301958,0.0
66.69432412179341,0.0,0.0,3.9861645781991855,1.1051205809725442,0.054596683556364926,3.9861645781991855,0.012519377558455107,20.919537242537075,0.16560907739470812,-9.369025265576981,-3.9457130240210243,-0.7529722027914694,3.9861645781991855,-8.756898810873928,-5.655542645639193,5.647541487502769,3.9861645781991855,0.11732838311465343,1.8160991524446732,0.0
66.744456581812,0.0,0.0,4.0,0.0,0.05225205546464724,4.0,0.012497726199804497,20.93205662009553,0.15848382320265167,-9.332499706281423,-3.979844519399793,-0.750775661048261,4.0,-8.716549251368152,-5.685055174100123,5.655820435124695,4.0,0.12341078899336999,1.8130467009460607,0.0
66.79457600194152,0.0,0.0,4.0,0.0,0.05088008574200352,4.0,0.012497726199804497,20.944554346295334,0.15431526391078637,-9.295734642332192,-4.014096572048813,-0.743482476895107,4.0,-8.67596193212761,-5.714239879122215,5.663743184842635,4.0,0.12404035455815432,1.8095871012197278,0.0
66.84465193354222,0.0,0.0,4.0,0.0,0.05045569629843152,4.0,0.012497726199804497,20.957052072495138,0.15302592807771168,-9.25877632801873,-4.047632860582076,-0.7373302560163679,4.0,-8.635147667998844,-5.743106365098444,5.671457544509865,4.0,0.12560249334664775,1.806527915675596,0.0
66.89469845676017,0.0,0.0,4.0,0.0,0.050651508620781854,4.0,0.012497726199804497,20.969549798694942,0.15362081779855427,-9.22163915311404,-4.0813905273668025,-0.7324428793381783,4.0,-8.594112852522612,-5.77165846299085,5.67910744911221,4.0,0.12836502127080252,1.8029961043032627,0.0
66.94478670927478,0.0,0.0,4.0,0.0,0.05095373044649722,4.0,0.012497726199804497,20.982047524894746,0.15453900924781466,-9.184290779078406,-4.114619688831564,-0.7214559894674826,4.0,-8.552860399957638,-5.799895202137908,5.686787092789955,4.0,0.12505777507785254,1.7996827163215636,0.0
66.99470486257086,0.0,0.0,4.0,0.0,0.05087763635046559,4.0,0.012497726199804497,20.99454525109455,0.15430782226492354,-9.146677573924045,-4.1473302707641,-0.7118679702791721,4.0,-8.511391678366559,-5.827813355060772,5.694512637689028,4.0,0.1231953007886144,1.7965554724810282,0.0
67.04454663542018,0.0,0.0,4.0,0.0,0.050155020101253056,4.0,0.012497726199804497,21.007042977294354,0.15211247842638753,-9.10881608547022,-4.1797378883444525,-0.7043032928616256,4.0,-8.469708672644575,-5.855410550645918,5.702226625341649,4.0,0.12334461102368977,1.793414942592252,0.0
67.0947051451295,0.0,0.0,4.0,0.0,0.04876633036360035,4.0,0.012497726199804497,21.019540703494158,0.14789401556557866,-9.070229699532549,-4.212285847014813,-0.6960435698010802,4.0,-8.427815518585321,-5.882687686918964,5.709830865769436,4.0,0.12268912839093105,1.789675469641709,0.0
67.14485417007943,0.0,0.0,4.0,0.0,0.04684034500677345,4.0,0.012497726199804497,21.032038429693962,0.14204433721944218,-9.03184886676998,-4.244047654782112,-0.6877235481571577,4.0,-8.385718993021294,-5.909649914467788,5.717224221421949,4.0,0.12176246239951993,1.7865370696463372,0.0
67.19475859208319,0.0,0.0,4.0,0.0,0.044537191571153704,4.0,0.012497726199804497,21.044536155893766,0.13505049203862118,-8.993108098281649,-4.275642488044908,-0.6818683583767492,4.0,-8.343428168124957,-5.936306361929058,5.724325146361155,4.0,0.12300819755831682,1.7832241905246569,0.0
67.24465647644782,0.0,0.0,4.0,0.0,0.04196732892279207,4.0,0.012497726199804497,21.05703388209357,0.12724843850315776,-8.95436777606829,-4.3069434101233215,-0.6803599540795185,4.0,-8.300953724992487,-5.962669266755154,5.731076442651745,4.0,0.12825108955167863,1.7799938298945048,0.0
67.29458953824019,0.0,0.0,4.0,0.0,0.0391809837666196,4.0,0.012497726199804497,21.069531608293374,0.11879104739889526,-8.91547753344518,-4.33846555739856,-0.6707473827454502,4.0,-8.258307344288157,-5.988753138174009,5.737437707226806,4.0,0.12499978279267054,1.776322537372749,0.0
67.34467882713979,0.0,0.0,4.0,0.0,0.03626097566627595,4.0,0.012497726199804497,21.08202933449318,0.10992992942928602,-8.875892152559983,-4.369211571850272,-0.6584944370071467,4.0,-8.215501349406308,-6.014574253961953,5.743376179168323,4.0,0.11868530899588414,1.772945111551878,0.0
67.39473568168245,0.0,0.0,4.0,0.0,0.03341667956371498,4.0,0.012497726199804497,21.094527060692982,0.10130037466611669,-8.836296157105128,-4.399727816479606,-0.6550058606954563,4.0,-8.172548426882226,-6.040150233313956,5.748871675805008,4.0,0.12069222932087698,1.7696176861200004,0.0
67.4446136678492,0.0,0.0,4.0,0.0,0.030923123713684303,4.0,0.012497726199804497,21.107024786892786,0.09373631552589926,-8.796781241524974,-4.4299793081205365,-0.6559569932170828,4.0,-8.12946105950979,-6.065499079338598,5.753935773191067,4.0,0.1267074592285624,1.766420433353837,0.0
67.4945008613559,0.0,0.0,4.0,0.0,0.028956917697070497,4.0,0.012497726199804497,21.11952251309259,0.08777276939638716,-8.757228487033585,-4.460582001654969,-0.653073759087066,4.0,-8.08625062160081,-6.090637576616503,5.758621736416751,4.0,0.12851018832423122,1.7627513929547467,0.0
67.54434942462129,0.0,0.0,4.0,0.0,0.027515884500094484,4.0,0.012497726199804497,21.132020239292395,0.08340251792448702,-8.717599805287392,-4.490558324238707,-0.6451839088551778,4.0,-8.042926573018832,-6.115579777150983,5.76300957657561,4.0,0.12500817825120158,1.7595109243096023,0.0
67.59402774122378,0.0,0.0,4.0,0.0,0.026461530271622808,4.0,0.012497726199804497,21.1445179654922,0.08020517646711789,-8.677843611375208,-4.520329654985744,-0.641192010830712,4.0,-7.9994962001408965,-6.140336385441694,5.767178943909188,4.0,0.12518564756031303,1.756296392141961,0.0
67.64385699864583,0.0,0.0,4.0,0.0,0.02559742008984674,4.0,0.012497726199804497,21.157015691692003,0.07758488566741271,-8.637735133319602,-4.5501691768781996,-0.6382149385526452,4.0,-7.9559649474586704,-6.164915182290742,5.77118847325036,4.0,0.12621810462341898,1.7527735872966057,0.0
67.69400151245033,0.0,0.0,4.0,0.0,0.024758362546077346,4.0,0.012497726199804497,21.169513417891807,0.07504067439904533,-8.597295424817306,-4.580078116898936,-0.6339419578755707,4.0,-7.912337092112009,-6.189322100729292,5.7750670118836185,4.0,0.1258236625796023,1.748952291240849,0.0
67.74396739563066,0.0,0.0,4.0,0.0,0.02390216482617202,4.0,0.012497726199804497,21.18201114409161,0.07244459922115451,-8.557220223831132,-4.6093612986346155,-0.6302446081607739,4.0,-7.868616441649091,-6.2135624050799585,5.7788183630935706,4.0,0.12587766407475698,1.745748079980578,0.0
67.79391592553961,0.0,0.0,4.0,0.0,0.02312284438326199,4.0,0.012497726199804497,21.194508870291415,0.07008171595104944,-8.516590251026546,-4.638951688929723,-0.6272033469572217,4.0,-7.824806725783387,-6.237641371564272,5.782439934156453,4.0,0.12645797393408742,1.7419452193338367,0.0
67.84404281955075,0.0,0.0,4.0,0.0,0.022547708734357384,4.0,0.012497726199804497,21.20700659649122,0.0683379714859587,-8.476047540806045,-4.668198510867411,-0.6228389134239305,4.0,-7.780911505012193,-6.261564113880098,5.785943382546727,4.0,0.12559698879107195,1.7383981284858703,0.0
67.89383697718755,0.0,0.0,4.0,0.0,0.02221773377950591,4.0,0.012497726199804497,21.219504322691023,0.06733754625570863,-8.435702064863012,-4.697045870034258,-0.6203013840693857,4.0,-7.736933776623698,-6.285334842473692,5.789359659573454,4.0,0.12647573646325228,1.7352057459049675,0.0
67.94374928965105,0.0,0.0,4.0,0.0,0.022062984982132012,4.0,0.012497726199804497,21.232002048890827,0.06686838055981076,-8.394819913586474,-4.726224611185237,-0.6173924106203518,4.0,-7.692875687673281,-6.308956294604383,5.792725924437736,4.0,0.12693302787850058,1.7314055787110298,0.0
67.99364339657083,0.0,0.0,4.0,0.0,0.02196479388352203,4.0,0.012497726199804497,21.24449977509063,0.06657068753379478,-8.35433567444063,-4.7548143573861275,-0.6147020281521524,4.0,-7.648738607417655,-6.332429819733859,5.796068735284379,4.0,0.12758545625694495,1.728218090412802,0.0
68.04351859496313,0.0,0.0,4.0,0.0,0.02182779249148954,4.0,0.012497726199804497,21.256997501290435,0.06615533269063086,-8.313329292963584,-4.7837521733548645,-0.6124555753952557,4.0,-7.604523479741219,-6.355756001177176,5.7993966641873,4.0,0.12866693240296811,1.7244134410128615,0.0
68.09360835184292,0.0,0.0,4.0,0.0,0.021627756152604698,4.0,0.012497726199804497,21.26949522749024,0.06554887570374003,-8.272364906427912,-4.812405399819056,-0.6062883227210221,4.0,-7.560231209569282,-6.378935368896725,5.8027038291257975,4.0,0.1258068446672329,1.7207993916258866,0.0
68.14336536641454,0.0,0.0,4.0,0.0,0.021428271273733313,4.0,0.012497726199804497,21.281992953690043,0.06494409582360094,-8.231551781971811,-4.840457382042553,-0.5990744325574446,4.0,-7.5158628725464585,-6.401968801039185,5.805980676730799,4.0,0.12186980210865883,1.7177102569209184,0.0
68.19307910317595,0.0,0.0,4.0,0.0,0.02133495814649274,4.0,0.012497726199804497,21.294490679889847,0.06466119945815257,-8.190251944328033,-4.868470397333656,-0.6019707586954677,4.0,-7.471419642449912,-6.4248573935274,5.809227290842388,4.0,0.1280127423582691,1.7143687935051732,0.0
68.24291242283265,0.0,0.0,4.0,0.0,0.021395591366862688,4.0,0.012497726199804497,21.30698840608965,0.06484502038651818,-8.149404421048903,-4.896895401899982,-0.6004813457337214,4.0,-7.426902496941396,-6.447601890496164,5.812459762708704,4.0,0.1297558012628386,1.7107599609861543,0.0
68.2927257507558,0.0,0.0,4.0,0.0,0.02153821652166392,4.0,0.012497726199804497,21.319486132289455,0.06527741705591426,-8.108053603942238,-4.9247634110471,-0.5947234078843031,4.0,-7.382311959460054,-6.470202163532649,5.81570142394955,4.0,0.1272395246542679,1.7073610843110476,0.0
68.34272194934958,0.0,0.0,4.0,0.0,0.021609730345519492,4.0,0.012497726199804497,21.33198385848926,0.0654942265084858,-8.066580368538883,-4.952919109570288,-0.5926871940431337,4.0,-7.337648151529759,-6.492657287804878,5.818964701091131,4.0,0.12846658795467825,1.7035656237747379,0.0
68.39278082393609,0.0,0.0,4.0,0.0,0.021468986386490918,4.0,0.012497726199804497,21.344481584689063,0.06506753173038769,-8.025011674682554,-4.980688375815098,-0.5844634913510999,4.0,-7.292911183480806,-6.514966299883995,5.822238816733416,4.0,0.12351700090492912,1.699994081608229,0.0
68.44271331817333,0.0,0.0,4.0,0.0,0.02104483173836034,4.0,0.012497726199804497,21.356979310888867,0.06378163364205315,-7.9832921466988385,-5.008019817603218,-0.5831451048085589,4.0,-7.248101649177456,-6.537129196686325,5.82549160151767,4.0,0.12545139914664283,1.6966674868239986,0.0
68.49271843007205,0.0,0.0,4.0,0.0,0.020317855459059116,4.0,0.012497726199804497,21.36947703708867,0.061577732609088304,-7.941529648218887,-5.035759204041401,-0.583639504153748,4.0,-7.203220967834954,-6.559147663654282,5.828680103093008,4.0,0.12913430006716986,1.692870965671031,0.0
68.54252226769025,0.0,0.0,4.0,0.0,0.019255755426059392,4.0,0.012497726199804497,21.381974763288476,0.0583579869348784,-7.900173269128682,-5.062910082290847,-0.5765364366796045,4.0,-7.158271512663426,-6.581025393631588,5.831758429661621,4.0,0.1251095591616398,1.689701841974917,0.0
68.59218708873433,0.0,0.0,4.0,0.0,0.017757747669437933,4.0,0.012497726199804497,21.39447248948828,0.053817013535649195,-7.858256072173641,-5.089906127592062,-0.5747132274316659,4.0,-7.113256671662686,-6.602768274761627,5.834675798230756,4.0,0.1262037184828344,1.6863498993685113,0.0
68.64217240750486,0.0,0.0,4.0,0.0,0.01564943657164543,4.0,0.012497726199804497,21.406970215688084,0.0474264067813897,-7.816263091975357,-5.117253532130373,-0.574115561705772,4.0,-7.068181041195587,-6.624384856204152,5.837366159430995,4.0,0.12829641395718028,1.6825788488814566,0.0
68.69222400062783,0.0,0.0,4.0,0.0,0.012769269058971279,4.0,0.012497726199804497,21.419467941887888,0.038696857975841666,-7.774202133227683,-5.1442714036813015,-0.5676737461560739,4.0,-7.023050848616453,-6.645887300478593,5.839737048417373,4.0,0.1242254873938613,1.6790111833717591,0.0
68.74215305767491,0.0,0.0,4.0,0.0,0.009139813700904454,4.0,0.012497726199804497,21.43196566808769,0.027697176397455805,-7.732067321926504,-5.170944455537647,-0.5670171929561416,4.0,-6.977874469008681,-6.667292545369183,5.841671539360472,4.0,0.12550342513702617,1.6756683637685628,0.0
68.79214703685489,0.0,0.0,4.0,0.0,0.0050992434495927335,4.0,0.012497726199804497,21.444463394287496,0.015452386810234768,-7.689861605853512,-5.1979767782656126,-0.5645793624529651,4.0,-6.93266262513802,-6.6886227900279165,5.843056146268964,4.0,0.12445020154234321,1.6719377466818082,0.0
68.842145568486,0.0,0.0,4.0,0.0,0.0012540439646988781,4.0,0.012497726199804497,21.4569611204873,0.0038001352184245975,-7.647588428753579,-5.2244489345030445,-0.5627633699026936,4.0,-6.887427799496634,-6.709904260549611,5.843828625066915,4.0,0.12340668779002328,1.6686586553134306,0.0
68.89214899680766,0.0,0.0,4.0,0.0,-0.0017436194101802095,4.0,0.012497726199804497,21.469458846687104,-0.005283700536882711,-7.605277405212064,-5.2513329810683445,-0.5655358669803464,4.0,-6.842182736850176,-6.731163960953113,5.844018597264843,4.0,0.1263691570656036,1.6649964570259765,0.0
68.94194963811132,0.0,0.0,4.0,0.0,-0.0034738964034691576,4.0,0.012497726199804497,21.481956572886908,-0.010527001144888444,-7.563494909721506,-5.277822107107056,-0.5664246719907402,4.0,-6.79693846265874,-6.752425339107053,5.843754460294316,4.0,0.12699382510546897,1.6619456905562011,0.0
68.99168090102167,0.0,0.0,4.0,0.0,-0.003948783512679851,4.0,0.012497726199804497,21.494454299086712,-0.01196607283977313,-7.521348444171615,-5.304706415858476,-0.5714333027235402,4.0,-6.751702594794665,-6.773704595756496,5.8432282059822604,4.0,0.13147620152621542,1.6584059774394393,0.0
69.04172241713164,0.0,0.0,4.0,0.0,-0.0036190835928168307,4.0,0.012497726199804497,21.506952025286516,-0.010966967859201067,-7.479312403652166,-5.331950833401166,-0.5747831301806658,4.0,-6.706478697952548,-6.7950092816855525,5.842630011174107,4.0,0.1342278341751868,1.6546334820018969,0.0
69.09181007626673,0.0,0.0,4.0,0.0,-0.0031495421118755743,4.0,0.012497726199804497,21.51944975148632,-0.009544098563633821,-7.43727027535121,-5.359167006365169,-0.5701075074745446,4.0,-6.661267020740663,-6.816339887484158,5.842081762527921,4.0,0.1290039628228783,1.6509190945151666,0.0
69.14176977486163,0.0,0.0,4.0,0.0,-0.003073843232122884,4.0,0.012497726199804497,21.531947477686124,-0.009314705797700754,-7.395195962978306,-5.385879585872715,-0.5692153962582388,4.0,-6.616066285179924,-6.837693669819017,5.8416046444052325,4.0,0.12763473348388388,1.6476671961203364,0.0
69.1917355924725,0.0,0.0,4.0,0.0,-0.0035152660575291615,4.0,0.012497726199804497,21.544445203885928,-0.010652365263919614,-7.353095449321934,-5.413027292114805,-0.5685479760388108,4.0,-6.5708756204590655,-6.85906875670948,5.841138993834467,4.0,0.12650166269369123,1.6440510265783626,0.0
69.24170777411841,0.0,0.0,4.0,0.0,-0.004113343965672178,4.0,0.012497726199804497,21.556942930085732,-0.01246474898345078,-7.310974482519292,-5.439690532557364,-0.5663948452711595,4.0,-6.525695629497683,-6.8804663949043,5.840606472456672,4.0,0.12381601054824642,1.6408832872951353,0.0
69.29162853168796,0.0,0.0,4.0,0.0,-0.004228990100167069,4.0,0.012497726199804497,21.569440656285536,-0.012815197912941514,-7.26884508965523,-5.466601586709359,-0.5726641167199831,4.0,-6.480528010316684,-6.901890135457754,5.839983348376895,4.0,0.12946215791729188,1.6375277206035717,0.0
69.34167751512186,0.0,0.0,4.0,0.0,-0.003352822773731648,4.0,0.012497726199804497,21.58193838248534,-0.010160107082682078,-7.226846110611902,-5.493930923515393,-0.5768745183634676,4.0,-6.4353739375062835,-6.9233424123952645,5.839342705038046,4.0,0.13303191622192756,1.6339049560308891,0.0
69.39178161649086,0.0,0.0,4.0,0.0,-0.0013997812194016994,4.0,0.012497726199804497,21.594436108685144,-0.0042417640413343624,-7.184853440041607,-5.521255833490073,-0.5729656561528793,4.0,-6.390232191428017,-6.944820616927403,5.8388347920921255,4.0,0.12861514106541883,1.6303250048352915,0.0
69.44175977876533,0.0,0.0,4.0,0.0,0.0013682012327289356,4.0,0.012497726199804497,21.60693383488495,0.004146066928713836,-7.142853119748878,-5.548119891979667,-0.5740322852075616,4.0,-6.345098179625528,-6.966315070442042,5.838622742469754,4.0,0.1294697204977293,1.627172550378459,0.0
69.49174594198512,0.0,0.0,4.0,0.0,0.004667370604185883,4.0,0.012497726199804497,21.619431561084753,0.014143649988960385,-7.100904859396621,-5.575543049862098,-0.5806709192976738,4.0,-6.299964219233971,-6.98780963191864,5.8388300081068785,4.0,0.13631562022496624,1.623577164121811,0.0
69.54185967664532,0.0,0.0,4.0,0.0,0.008479137665772988,4.0,0.012497726199804497,21.631929287284557,0.025694972352555016,-7.059053455652236,-5.603103179473752,-0.5769781988408466,4.0,-6.25482043797037,-7.0092835573109715,5.83953706196699,4.0,0.13332995362824995,1.6199178996924832,0.0
69.59190984738332,0.0,0.0,4.0,0.0,0.013178381140360622,4.0,0.012497726199804497,21.64442701348436,0.03993680026865744,-7.01700927693803,-5.630147166992106,-0.562426888746894,4.0,-6.209655297856885,-7.0307125175646386,5.840821576883685,4.0,0.1200631584509928,1.616602532709422,0.0
69.64170767117092,0.0,0.0,4.0,0.0,0.019402229481001256,4.0,0.012497726199804497,21.656924739684165,0.05880201358033775,-6.974799174299968,-5.656211644804008,-0.5628432760093286,4.0,-6.164455068813012,-7.052067353713115,5.8428180536639,4.0,0.1224760224936432,1.6140231502031186,0.0
69.69155845003058,0.0,0.0,4.0,0.0,0.027572240988443148,4.0,0.012497726199804497,21.66942246588397,0.08357342479199995,-6.93268754398614,-5.683347223041463,-0.5745338696638053,4.0,-6.119202282069258,-7.073310565687909,5.845757619526797,4.0,0.1371061820110171,1.6105143169984115,0.0
69.7416530106118,0.0,0.0,4.0,0.0,0.03733560935057891,4.0,0.012497726199804497,21.681920192083773,0.1131908090650906,-6.890695846438,-5.710658777344158,-0.5762874670256215,4.0,-6.073874199649817,-7.094392592907799,5.849935530649319,4.0,0.14303769049535475,1.6068344267522001,0.0
69.79174218926867,0.0,0.0,4.0,0.0,0.04743326547595046,4.0,0.012497726199804497,21.694417918283577,0.14384506400049646,-6.8486888491313715,-5.737935889784464,-0.5637350433808831,4.0,-6.028443007572987,-7.115251420319378,5.855594041609438,4.0,0.13614377781073372,1.603059983670759,0.0
69.8415755250752,0.0,0.0,4.0,0.0,0.05611187212984136,4.0,0.012497726199804497,21.70691564448338,0.17021465633571414,-6.806451077094069,-5.7639153663131175,-0.5474440895881384,4.0,-5.982878779141853,-7.135817919321643,5.862784986509724,4.0,0.12704376891827707,1.6001212281904158,0.0
69.8913644882712,0.0,0.0,4.0,0.0,0.06170748226338419,4.0,0.012497726199804497,21.719413370683185,0.18723007657380716,-6.763663472151839,-5.789766852480671,-0.536791693878086,4.0,-5.9371545473565694,-7.156026088738813,5.871294171190034,4.0,0.12490055788853383,1.5968034642456517,0.0
69.94147000854792,0.0,0.0,4.0,0.0,0.06308383716115555,4.0,0.012497726199804497,21.73191109688299,0.19141712962557564,-6.7203343416096715,-5.815161444390556,-0.5266395315121237,4.0,-5.891251622260196,-7.1758249216772345,5.880653972123586,4.0,0.12410819645612392,1.5933559721373616,0.0
69.99149338777886,0.0,0.0,4.0,0.0,0.05989569630620864,4.0,0.012497726199804497,21.744408823082793,0.18171946786877954,-6.67717294696834,-5.840053460362017,-0.5107866588131683,4.0,-5.845163378226968,-7.195188424845044,5.890223087627637,4.0,0.11782443926122,1.5901668762873973,0.0
70.04139979787976,0.0,0.0,4.0,0.0,0.05263621866645569,4.0,0.012497726199804497,21.756906549282597,0.1596511618228056,-6.633261608946431,-5.8639563037836755,-0.5005827734867946,4.0,-5.798896525984115,-7.214121247133659,5.89930740824603,4.0,0.11670487455323908,1.587170585009052,0.0
70.09129903738783,0.0,0.0,4.0,0.0,0.04239716385274872,4.0,0.012497726199804497,21.7694042754824,0.12855328901254448,-6.589619440296468,-5.8879504319091795,-0.49722937192479066,4.0,-5.752469775206728,-7.2326586177490855,5.907288514277798,4.0,0.12133257902300265,1.5840011574568733,0.0
70.14130582052287,0.0,0.0,4.0,0.0,0.030528475713256353,4.0,0.012497726199804497,21.781902001682205,0.09253928274587432,-6.545358935277699,-5.911661999459887,-0.48514167664928526,4.0,-5.705910647257434,-7.250861078194227,5.913715009510451,4.0,0.11567137898014934,1.5805466145429115,0.0
70.19119883813303,0.0,0.0,4.0,0.0,0.018452290482226477,4.0,0.012497726199804497,21.79439972788201,0.055922378856515596,-6.501347826503413,-5.934484022178575,-0.47815877949493785,4.0,-5.659251599674165,-7.268805976754793,5.918341131984388,4.0,0.11331460429973816,1.5778279797570318,0.0
70.24098249318168,0.0,0.0,4.0,0.0,0.007522827155964478,4.0,0.012497726199804497,21.806897454081813,0.02279687597611103,-6.456958730654009,-5.957477423309321,-0.4823854069247828,4.0,-5.612526255932612,-7.286577616725684,5.921136742301949,4.0,0.1203368420471449,1.5746661641451234,0.0
70.29087947746008,0.0,0.0,4.0,0.0,-0.0012593352861822967,4.0,0.012497726199804497,21.819395180281617,-0.0038161695512726546,-6.412941260976865,-5.980777815846011,-0.49072943318665707,4.0,-5.565766022072021,-7.3042572892754905,5.922276378758591,4.0,0.12982050476566087,1.5714018588517236,0.0
70.34079786069553,0.0,0.0,4.0,0.0,-0.0075068380409370585,4.0,0.012497726199804497,21.83189290648142,-0.022748421376079526,-6.368903767508936,-6.004527432925499,-0.48568493868701645,4.0,-5.518997403223468,-7.321914776244586,5.922085604989856,4.0,0.12458523649728548,1.567753246014903,0.0
70.39061225419398,0.0,0.0,4.0,0.0,-0.011445094204822015,4.0,0.012497726199804497,21.844390632681225,-0.03468361806867442,-6.324834003459895,-6.0272859481596655,-0.48770676971781535,4.0,-5.4722405215973735,-7.339603312473388,5.920948390822511,4.0,0.125469853360741,1.5649576703520682,0.0
70.44042407771273,0.0,0.0,4.0,0.0,-0.013717765512186543,4.0,0.012497726199804497,21.85688835888103,-0.04157159404048537,-6.280895262285819,-6.0512111994557,-0.501465446097637,4.0,-5.4255090840736715,-7.357358950550642,5.9192145253735475,4.0,0.13749466429159796,1.5613159390612645,0.0
70.4904555269838,0.0,0.0,4.0,0.0,-0.015094696841737943,4.0,0.012497726199804497,21.869386085080833,-0.045744979963087996,-6.237090944292287,-6.075387291514737,-0.495260179204049,4.0,-5.378811576811715,-7.375203627031768,5.9171363237735175,4.0,0.12921119579798024,1.5576154784540934,0.0
70.54026528133498,0.0,0.0,4.0,0.0,-0.016125391907370095,4.0,0.012497726199804497,21.881883811280638,-0.04886905981408916,-6.193245527014891,-6.098556425413971,-0.49356130098425643,4.0,-5.3321531288228625,-7.39315017836654,5.914849490835141,4.0,0.1252254846398113,1.554816099546154,0.0
70.59007420356221,0.0,0.0,4.0,0.0,-0.016942227115560936,4.0,0.012497726199804497,21.89438153748044,-0.05134499493539872,-6.149362367395561,-6.122582754532175,-0.5002293568547279,4.0,-5.285537254877249,-7.411207022387296,5.912406482318348,4.0,0.12945053199348955,1.5513691787329091,0.0
70.64008461393009,0.0,0.0,4.0,0.0,-0.01738017601381429,4.0,0.012497726199804497,21.906879263680246,-0.052672503752171064,-6.105479999462661,-6.146529092153806,-0.4990858030811817,4.0,-5.238966758842966,-7.429380577066752,5.909839699564616,4.0,0.12574019546621074,1.5480804657745013,0.0
70.68997648535439,0.0,0.0,4.0,0.0,-0.017258434492475504,4.0,0.012497726199804497,21.91937698988005,-0.052303479369816504,-6.061750197158686,-6.170341554383736,-0.5063650275996674,4.0,-5.192443671424128,-7.447675151555354,5.907206553444005,4.0,0.13038627386408663,1.5450808891925607,0.0
70.73987350489098,0.0,0.0,4.0,0.0,-0.016592491400287696,4.0,0.012497726199804497,21.931874716079854,-0.05028489171270215,-6.0182087901453105,-6.194929363421878,-0.5153659900548955,4.0,-5.145968747457562,-7.466091735960817,5.90459185518616,4.0,0.13677253806146972,1.5416408367148136,0.0
70.7898780121651,0.0,0.0,4.0,0.0,-0.015654991613506967,4.0,0.012497726199804497,21.944372442279658,-0.04744324436630969,-5.974731113372616,-6.219631330686205,-0.5126902155269993,4.0,-5.0995411998252305,-7.484627433074404,5.902078067951711,4.0,0.13158297629912497,1.5382368230647758,0.0
70.83976209576907,0.0,0.0,4.0,0.0,-0.014866532942084912,4.0,0.012497726199804497,21.956870168479462,-0.04505341901587821,-5.931268010834719,-6.24386797885893,-0.5125721029736446,4.0,-5.053159067565245,-7.503276486621193,5.899706337239229,4.0,0.12909313303328673,1.5353127061526595,0.0
70.88963288755289,0.0,0.0,4.0,0.0,-0.014554093008642596,4.0,0.012497726199804497,21.969367894679266,-0.04410642642299449,-5.887807721673463,-6.268546639824496,-0.512790375298513,4.0,-5.0068201747001755,-7.522032725963352,5.8974540760583265,4.0,0.1270591441772524,1.5321117537783322,0.0
70.93950490217036,0.0,0.0,4.0,0.0,-0.014738713597593338,4.0,0.012497726199804497,21.98186562087907,-0.04466600278487015,-5.8443531669614615,-6.292803459672996,-0.5146766963447467,4.0,-4.96052319644722,-7.540892189232754,5.895249155893981,4.0,0.12674054505914256,1.5293400189733144,0.0
70.98939196602859,0.0,0.0,4.0,0.0,-0.015111478588714112,4.0,0.012497726199804497,21.994363347078874,-0.0457958453434817,-5.800959141122389,-6.3176607988608104,-0.5233548292847692,4.0,-4.914268179767448,-7.559854334582505,5.893016262001001,4.0,0.13318578410618365,1.526193186047335,0.0
71.03940278164059,0.0,0.0,4.0,0.0,-0.015181800741292056,4.0,0.012497726199804497,22.006861073278678,-0.046008991672062946,-5.757719696016956,-6.342793142856767,-0.5224267721146754,4.0,-4.868056157754726,-7.578921019994824,5.890726886256235,4.0,0.12996835119132477,1.5229948588065259,0.0
71.08929369400931,0.0,0.0,4.0,0.0,-0.0144586773980986,4.0,0.012497726199804497,22.019358799478482,-0.043817227355607086,-5.714487133102596,-6.367450399953402,-0.520635514714445,4.0,-4.821888009854595,-7.598093697961246,5.888426855133649,4.0,0.12587706266850773,1.520268437400028,0.0
71.13917391908453,0.0,0.0,4.0,0.0,-0.01259601300961695,4.0,0.012497726199804497,22.031856525678286,-0.03817175518521924,-5.6711771833038505,-6.392417138136462,-0.5268223037528741,4.0,-4.775763024739905,-7.617369986804486,5.886236392292349,4.0,0.12987338886563649,1.5173252771955938,0.0
71.189164356912,0.0,0.0,4.0,0.0,-0.009530175910607869,4.0,0.012497726199804497,22.04435425187809,-0.02888019528725017,-5.628062750060362,-6.417719689907603,-0.5334605905681006,4.0,-4.729677638130664,-7.636740762353651,5.884328151712865,4.0,0.13460343510137918,1.5143012198385262,0.0
71.2391563416333,0.0,0.0,4.0,0.0,-0.005567470667291321,4.0,0.012497726199804497,22.056851978077894,-0.016871297552925935,-5.585085740080231,-6.443260599359867,-0.5361197480019386,4.0,-4.683624778544898,-7.656188750746412,5.882884404619678,4.0,0.1358188454420315,1.5112334583373241,0.0
71.28915295251726,0.0,0.0,4.0,0.0,-0.0013107284801035745,4.0,0.012497726199804497,22.0693497042777,-0.003971906759753324,-5.5420988576283605,-6.468796627927276,-0.5307843381765168,4.0,-4.637594186750386,-7.6756893926217185,5.882040993189871,4.0,0.1296400241868021,1.5082171080822113,0.0
71.3390288262154,0.0,0.0,4.0,0.0,0.0025709219467433334,4.0,0.012497726199804497,22.081847430477502,0.00779068973044705,-5.499058806075411,-6.493755923245786,-0.5300483961806447,4.0,-4.591573759462116,-7.6952140136587275,5.881842433977172,4.0,0.12870552297822968,1.5056661824074573,0.0
71.38889478989057,0.0,0.0,4.0,0.0,0.005611955973347047,4.0,0.012497726199804497,22.094345156677306,0.017006105722716037,-5.456051885684857,-6.519218606789352,-0.5347837168010224,4.0,-4.545551468930571,-7.7147342417640985,5.8822318976058074,4.0,0.13383030722724243,1.5027536865297655,0.0
71.43887634827628,0.0,0.0,4.0,0.0,0.007793581060945584,4.0,0.012497726199804497,22.10684288287711,0.02361739048052264,-5.413052651705883,-6.544702622110606,-0.5290449486765605,4.0,-4.499517089558788,-7.734225940714673,5.8830820482179975,4.0,0.12894168971497066,1.4998376408165788,0.0
71.48873851382386,0.0,0.0,4.0,0.0,0.009707301140873387,4.0,0.012497726199804497,22.119340609076914,0.02941698807327773,-5.369960919028873,-6.569550382762554,-0.5247574297175799,4.0,-4.453462943286994,-7.7536708856495675,5.884262702937115,4.0,0.12583482547510982,1.497367658558297,0.0
71.53859329604197,0.0,0.0,4.0,0.0,0.01247427833168885,4.0,0.012497726199804497,22.13183833527672,0.03780280425116647,-5.326759458301934,-6.59465742180198,-0.5205328905747315,4.0,-4.4073830623886705,-7.77305476267819,5.885733284787366,4.0,0.1230808681825124,1.4946147498089886,0.0
71.58844055904447,0.0,0.0,4.0,0.0,0.017296979698178318,4.0,0.012497726199804497,22.144336061476523,0.0524203178985451,-5.2834705069257755,-6.6191327095494294,-0.5231060148677642,4.0,-4.3612706806755925,-7.792361188334832,5.88762308117583,4.0,0.12754378886400808,1.492286025857301,0.0
71.63838903603697,0.0,0.0,4.0,0.0,0.024826393668102784,4.0,0.012497726199804497,22.156833787676327,0.07524695608189158,-5.240221556246501,-6.644563262375269,-0.5294481043642804,4.0,-4.315114883368043,-7.811563571192118,5.890243620297441,4.0,0.13650641748213488,1.489198467962841,0.0
71.68842577003387,0.0,0.0,4.0,0.0,0.03474854946057909,4.0,0.012497726199804497,22.16933151387613,0.10534103656438333,-5.197098503658767,-6.669675523558449,-0.5254394637680827,4.0,-4.268898058445818,-7.830618562923606,5.894005283715361,4.0,0.13625944030385817,1.4863864931921054,0.0
71.73831835970894,0.0,0.0,4.0,0.0,0.04584402144075242,4.0,0.012497726199804497,22.181829240075935,0.13901868140488033,-5.153897039051069,-6.694614833268835,-0.5209796301875712,4.0,-4.222595718934741,-7.849464733439319,5.899271377445702,4.0,0.13706570045368593,1.4835769076034422,0.0
71.78825521139609,0.0,0.0,4.0,0.0,0.05645988366611782,4.0,0.012497726199804497,22.19432696627574,0.17127258484485022,-5.110474844308242,-6.719385666048918,-0.5135263928614404,4.0,-4.1761791734147655,-7.868027729055675,5.906221047113126,4.0,0.13656213279497997,1.4806373592337556,0.0
71.8381963967221,0.0,0.0,4.0,-1.5847810764404247,0.06515020176365696,4.0,0.01252882185831221,22.206824692475543,0.1977046553661792,-5.066897738283386,-6.743682232150396,-0.49535689290335827,4.0,-4.1296201017199,-7.886230150280249,5.914783118596821,4.0,0.12695470432059253,1.477804152526611,0.0
71.88797394634604,0.0,0.0,3.9801445602088537,-4.000000000000006,0.07118225139987946,3.9801445602088537,0.012640360536442553,22.219353514333854,0.21606884946754096,-5.022886355760445,-6.766708751960233,-0.4762934088937004,3.9801445602088537,-4.082895183545634,-7.904002382586225,5.924666553201594,3.9801445602088537,0.11777465491570815,1.4754728754213762,0.0
71.93765344850488,0.0,0.0,3.9295831180630834,-3.2382931177412297,0.07465881015691217,3.9295831180630834,0.01278907497585634,22.231993874870295,0.22666010501634323,-4.9785973462040705,-6.78923717148345,-0.46975451478293606,3.9295831180630834,-4.0359889962156075,-7.921290408908628,5.935468030485403,3.9295831180630834,0.12203723808875289,1.4731106658472064,0.0
71.9874611694424,0.0,0.0,3.888168344586491,-1.0662548776105627,0.07625160910784629,3.888168344586491,0.012879932732780213,22.24478294984615,0.23151435474606874,-4.9340613145114585,-6.811801415521818,-0.45901559565261063,3.888168344586491,-3.98889439490452,-7.938058305352156,5.946798974217056,3.888168344586491,0.12262926269007934,1.4703044201149553,0.0
72.0372817846452,0.0,0.0,3.8744350534868683,-0.3804952405512131,0.07679100993082291,3.8744350534868683,0.01291094494034681,22.25766288257893,0.23315851133508964,-4.889270070456364,-6.833384794344024,-0.45038407925812834,3.8744350534868683,-3.9416108664306098,-7.9542857697870115,5.958372586284819,3.8744350534868683,0.12557135836336109,1.4678136679169353,0.0
72.08710407357522,0.0,0.0,3.8695225003860476,-3.1938252134792564,0.0769853447806124,3.8695225003860476,0.012988764565693858,22.27057382751928,0.2337509000039227,-4.8443532964764895,-6.855177830739535,-0.4440864645801311,3.8695225003860476,-3.894142057973424,-7.96996296638074,5.970028391228099,3.8695225003860476,0.13092954862864303,1.4648028182742237,0.0
72.13703073173308,0.0,0.0,3.8280386566241886,-3.9999999999999933,0.07739132103330454,3.8280386566241886,0.01314948124310047,22.283562592084973,0.2349884900669676,-4.799102173618022,-6.876285087571416,-0.4183188986127003,3.8280386566241886,-3.8464935252354215,-7.985085117435817,5.9817138102169265,3.8280386566241886,0.11684740165004115,1.461814195854118,0.0
72.18677665461252,0.0,0.0,3.775440731651787,-3.999999999999999,0.07850357708387934,3.775440731651787,0.01333528131769535,22.296712073328074,0.23837952487358166,-4.753440320529998,-6.8955938940938495,-0.4052499992963221,3.775440731651787,-3.798671093372591,-7.999647975427185,5.993461097452776,3.775440731651787,0.11552578956951187,1.4596299844945457,0.0
72.23654462189069,0.0,0.0,3.7220996063810055,-3.9999999999999973,0.08068315674406447,3.7220996063810055,0.013529187270891372,22.310047354645768,0.2450263337683103,-4.70762826515068,-6.91552698275647,-0.406301319457211,3.7220996063810055,-3.7506797125906393,-8.013643987617955,6.005377905586815,3.7220996063810055,0.1284939178644393,1.4565752601952007,0.0
72.28650938342098,0.0,0.0,3.66798285729744,-4.000000000000005,0.08390498978602108,3.66798285729744,0.013731806216859968,22.32357654191666,0.2548558915332061,-4.661646172381236,-6.935087487811814,-0.39220108242591556,3.66798285729744,-3.7025227422195917,-8.027059110384842,6.017626993711527,3.66798285729744,0.12664276895785775,1.453382186071444,0.0
72.33638938849273,0.0,0.0,3.61305563243,-3.99999999999998,0.08763645883103877,3.61305563243,0.013943810904009826,22.33730834813352,0.2662469814937708,-4.615443033174728,-6.953657582402637,-0.3804731359552405,3.61305563243,-3.654201940970299,-8.03987148421891,6.030367470322684,3.61305563243,0.12765529909833795,1.4504637457866003,0.0
72.38627282834638,0.0,0.0,3.557280388813961,-3.0113529163875294,0.09102152328972292,3.557280388813961,0.014137725113847432,22.35125215903753,0.276587053726593,-4.569013718434231,-6.972136897554558,-0.36824128969172853,3.557280388813961,-3.60571838954853,-8.052053393286222,6.043677397827619,3.557280388813961,0.12873338033976012,1.4471204263662267,0.0
72.43616004070913,0.0,0.0,3.5147067090612913,-0.73102555713089,0.09322728723432147,3.5147067090612913,0.014244451413181305,22.365389884151377,0.2833282398171072,-4.522357298287625,-6.989573898887382,-0.3523280674008294,3.5147067090612913,-3.557074045689383,-8.063576351112125,6.057504234899161,3.5147067090612913,0.12664699512040478,1.444040520598852,0.0
72.48605008782471,0.0,0.0,3.5042936510309466,1.363696341251591,0.0937789248250649,3.5042936510309466,0.0142262359787671,22.379634335564557,0.2850145693009019,-4.475362927933798,-7.006569391559863,-0.32786116911903085,3.5042936510309466,-3.5082732224877637,-8.074417404488987,6.071668069962788,3.5042936510309466,0.11634393190223236,1.4406810462751205,0.0
72.53587530024296,0.0,0.0,3.523693916984973,2.500000000000015,0.0927550662424179,3.523693916984973,0.014116383437213024,22.393860571543325,0.28188482126537534,-4.428014927483579,-7.021663215507852,-0.31082509993464363,3.523693916984973,-3.4593233256708054,-8.084564122483123,6.0859162061631,3.523693916984973,0.11355599891815871,1.4380965744592573,0.0
72.58572295442038,0.0,0.0,3.558984875578006,2.5000000000000115,0.09069366939201311,3.558984875578006,0.013977772840120941,22.407976954980537,0.27558531029285377,-4.380444865036758,-7.0370606336440655,-0.3025075176755865,3.558984875578006,-3.4102345607068045,-8.094016231319248,6.100007883427322,3.558984875578006,0.11933009392332217,1.4347345294809497,0.0
72.63565373187653,0.0,0.0,3.5939293076783083,2.4999999999999973,0.08821717788469102,3.5939293076783083,0.013843166894198526,22.42195472782066,0.26802041156625556,-4.332687839685643,-7.051413450489589,-0.2944088384814019,3.5939293076783083,-3.361018839780449,-8.102783434329337,6.113784642438235,3.5939293076783083,0.12500817374005102,1.4316142945276682,0.0
72.68559054587887,0.0,0.0,3.6285372249138046,2.4999999999999853,0.08566915470003102,3.6285372249138046,0.013712376401807173,22.435797894714856,0.26024046343300494,-4.284868414798122,-7.066041381229251,-0.2878400871623934,3.6285372249138046,-3.311688518676815,-8.110881125053362,6.127183225317091,3.6285372249138046,0.13183800529989753,1.4278547546893952,0.0
72.73559888847899,0.0,0.0,3.6628181659183223,2.499999999999979,0.08306121618839199,3.6628181659183223,0.013585224447696411,22.44951027111666,0.2522810985023416,-4.236785913756241,-7.079806370759938,-0.2601478830028017,3.6628181659183223,-3.262255556925877,-8.11832676853219,6.140192881549474,3.6628181659183223,0.1171554573726894,1.4241608171035156,0.0
72.7854951705873,0.0,0.0,3.696781227037563,2.5000000000000027,0.0802843943309816,3.696781227037563,0.013461545392464365,22.463095495564357,0.24381010148692261,-4.188433675799491,-7.0917103700521995,-0.24377890635680213,3.696781227037563,-3.212731249050744,-8.12513855001218,6.1528046419273466,3.696781227037563,0.1133982411045622,1.4212561446476815,0.0
72.83538218582758,0.0,0.0,3.730435090518724,2.4999999999999862,0.07730035280411862,3.730435090518724,0.013341183965034883,22.47655704095682,0.2347111730565411,-4.139961923425025,-7.103888979727348,-0.24266188519127246,3.730435090518724,-3.1631262627738974,-8.131335723650972,6.164992929499867,3.730435090518724,0.12446950751155228,1.417693450474743,0.0
72.88539460832568,0.0,0.0,3.763788050431311,2.4999999999999947,0.07419636573875572,3.763788050431311,0.013223994442841686,22.489898224921856,0.22525096679905154,-4.091339378994243,-7.115745077131868,-0.22950757768643174,3.763788050431311,-3.1134506804956206,-8.136939152606951,6.1767263534074495,3.763788050431311,0.12304862391429516,1.413896618015878,0.0
72.93538953547149,0.0,0.0,3.796848036538415,2.5000000000000044,0.07119494851086391,3.796848036538415,0.013109839909874466,22.5031222193647,0.21610752121190593,-4.042593949280781,-7.12663647568414,-0.21919447950103135,3.796848036538415,-3.0637139377180183,-8.141971107826928,6.187986853044633,3.796848036538415,0.12399602536607901,1.4103582850700191,0.0
72.98539085544245,0.0,0.0,3.8296226363131014,2.5000000000000036,0.06863380285660739,3.8296226363131014,0.012998591583995616,22.51623205927457,0.20830840932927003,-3.993729510104973,-7.137489995866437,-0.2092101497534305,3.8296226363131014,-3.013924689390076,-8.14645407634654,6.198790263563932,3.8296226363131014,0.12481510613777758,1.4064231235283398,0.0
73.03540361060342,0.0,0.0,3.8621191152730905,2.499999999999986,0.06685206509111169,3.8621191152730905,0.012890128206011726,22.529230650858565,0.20288434900167815,-3.94474946903156,-7.147410507549176,-0.19257888860649813,3.8621191152730905,-2.9640906689529887,-8.150408616225501,6.209203789423588,3.8621191152730905,0.11859737085049993,1.4027461952113183,0.0
73.08538595569169,0.0,0.0,3.8943444357881196,2.5000000000000084,0.06602634749687969,3.8943444357881196,0.012784335483909493,22.54212077906458,0.20037109672540795,-3.89561277477685,-7.156622312261509,-0.18637452572840077,3.8943444357881196,-2.9142186252055002,-8.153850765530436,6.219346161599782,3.8943444357881196,0.122535380148598,1.3991422603945638,0.0
73.13542321635632,0.0,0.0,3.9263052744978935,2.5000000000000098,0.06603954847964968,3.9263052744978935,0.012681105586464219,22.55490511454849,0.20041127463879127,-3.846407989934119,-7.165954059210149,-0.17940461621268347,3.9263052744978935,-2.864314414867729,-8.15679006092904,6.229362894020697,3.9263052744978935,0.12558220305379386,1.3950855789122623,0.0
73.185465730521,0.0,0.0,3.958008038464054,2.499999999999989,0.06642863774746731,3.958008038464054,0.012580336681119476,22.567586220134952,0.20159552068275563,-3.7971341001718533,-7.174481862752278,-0.17246948321669162,3.958008038464054,-2.814383264067492,-8.159229289961178,6.2393816349718545,3.958008038464054,0.12866581100896113,1.3912320803009002,0.0
73.2355135901747,0.0,0.0,3.9894588801668527,0.842331658089525,0.06647705066738777,3.9894588801668527,0.012514215430363157,22.58016655681607,0.20174287626280313,-3.7477972938067996,-7.183132057724366,-0.16397608348137635,3.9894588801668527,-2.764430126681389,-8.161166678932384,6.249459577454255,3.9894588801668527,0.1302503537560451,1.3869256309051923,0.0
73.28556575731744,0.0,0.0,4.0,0.0,0.06549709805180703,4.0,0.012497726199804497,22.592680772246435,0.1987603547042999,-3.698372563533624,-7.190823118015943,-0.14699597251744415,4.0,-2.714459996478372,-8.162600369134653,6.259544886375429,4.0,0.12335555171328672,1.3829081550851787,0.0
73.33559114548612,0.0,0.0,4.0,0.0,0.06318636459928362,4.0,0.012497726199804497,22.60517849844624,0.19172906055058175,-3.6488255118555757,-7.197786211507764,-0.1342212250540451,4.0,-2.6644780118350644,-8.163533757016607,6.26948109634531,4.0,0.12051701421976801,1.3789881516724447,0.0
73.38563088700614,0.0,0.0,4.0,0.0,0.059838008497503634,4.0,0.012497726199804497,22.617676224646043,0.18154402829558433,-3.599193210749257,-7.204215612437669,-0.12035671475828828,4.0,-2.614489283537144,-8.16397926117042,6.279065805558538,4.0,0.11623721313723934,1.3750593026105316,0.0
73.43567915320523,0.0,0.0,4.0,0.0,0.0562582061615342,4.0,0.012497726199804497,22.630173950845847,0.17065949556927057,-3.549453090827507,-7.209804436716144,-0.11544110639722252,4.0,-2.56449855467445,-8.163958351372239,6.288141355793929,4.0,0.120397155011565,1.3713296945454196,0.0
73.48576134856239,0.0,0.0,4.0,0.0,0.05342331066589953,4.0,0.012497726199804497,22.64267167704565,0.16204300916300773,-3.4996955069904008,-7.215753034761765,-0.11191690579640308,4.0,-2.514509927096348,-8.163497355182454,6.296672778390015,4.0,0.12540437700683071,1.367044228882465,0.0
73.5358488328623,0.0,0.0,4.0,0.0,0.05208092543150714,4.0,0.012497726199804497,22.655169403245456,0.15796383355649898,-3.4499048331332047,-7.220992319625867,-0.10706378148761704,4.0,-2.4645268467346955,-8.162620671555453,6.304773455034462,4.0,0.12865192934249237,1.3629503766595503,0.0
73.58594153551425,0.0,0.0,4.0,0.0,0.052539703903881005,4.0,0.012497726199804497,22.66766712944526,0.1593578825304371,-3.4000837486962556,-7.226458783005347,-0.09992661784924031,4.0,-2.4145523707852075,-8.161344219607967,6.312670209999504,4.0,0.12941152066915862,1.3584118949784418,0.0
73.63603820304192,0.0,0.0,4.0,0.0,0.05468403261877691,4.0,0.012497726199804497,22.680164855645064,0.16587456336150053,-3.350211313673012,-7.230987646891726,-0.08542129545849779,4.0,-2.364589593282858,-8.159671434498383,6.320636654734088,4.0,0.12287264301300027,1.3542170258375479,0.0
73.686119165831,0.0,0.0,4.0,0.0,0.05799680317476205,4.0,0.012497726199804497,22.692662581844868,0.17594520413323078,-3.3002870316209734,-7.23500434305277,-0.08233989026245585,4.0,-2.314642076191565,-8.157592545582823,6.328928874239704,4.0,0.12808345732257465,1.3500610984733519,0.0
73.73622575386032,0.0,0.0,4.0,0.0,0.0614747128171803,4.0,0.012497726199804497,22.705160308044672,0.18652203206616255,-3.25033766125057,-7.239229867925088,-0.0749501918828238,4.0,-2.26471416172825,-8.155086990059655,6.337724534189407,4.0,0.12948941889264454,1.3454545518059071,0.0
73.78633668494734,0.0,0.0,4.0,0.0,0.06361193574219995,4.0,0.012497726199804497,22.717658034244476,0.1930238675398964,-3.200346537415843,-7.242508960009264,-0.060319963636905984,4.0,-2.2148110164227,-8.152129196208078,6.347048939337383,4.0,0.12418359579470284,1.3411522050988887,0.0
73.83643824617818,0.0,0.0,4.0,0.0,0.06261321166183939,4.0,0.012497726199804497,22.73015576044428,0.18998534370031459,-3.150316777953437,-7.245270451963888,-0.057184048085154156,4.0,-2.164938189536298,-8.148698116221407,6.356698377123547,4.0,0.130697118029115,1.336844234403077,0.0
73.88656016162103,0.0,0.0,4.0,0.0,0.05681001563183082,4.0,0.012497726199804497,22.742653486644084,0.1723370012981867,-3.100266561305343,-7.248238184421277,-0.04801490348057464,4.0,-2.1151004889602585,-8.14478974335022,6.366195916353717,4.0,0.13102551265470552,1.332049881918,0.0
73.93668511830484,0.0,0.0,4.0,0.0,0.04523919606387179,4.0,0.012497726199804497,22.755151212843888,0.13718207060822427,-3.0501824020131263,-7.250082092563247,-0.021175802234598504,4.0,-2.0653001943668574,-8.140430183328487,6.374811198978997,4.0,0.11280169403400819,1.3276719043752852,0.0
73.98680128583906,0.0,0.0,4.0,0.0,0.028224047262681084,4.0,0.012497726199804497,22.767648939043692,0.08555013347610035,-3.0000566982183683,-7.2503605259030826,-0.0030813189976097444,4.0,-2.01553506146768,-8.135685468816568,6.381669054810932,4.0,0.10156506662895559,1.3240404479376833,0.0
74.03693630717564,0.0,0.0,4.0,0.0,0.007534779045206647,4.0,0.012497726199804497,22.780146665243496,0.022833095875309118,-2.949912835347905,-7.250391056061716,-0.00509394749976704,4.0,-1.9657970553101436,-8.130663766216365,6.385945783389096,4.0,0.10785442370927711,1.3203650679877679,0.0
74.08708313384777,0.0,0.0,4.0,0.0,-0.01410922017601277,4.0,0.012497726199804497,22.7926443914433,-0.04275804997524833,-2.8997643460962506,-7.250871414298324,-0.012941627040112378,4.0,-1.9160728006914254,-8.12550733393054,6.38708723051127,4.0,0.11684355037179728,1.3162967174660232,0.0
74.1369899876759,0.0,0.0,4.0,0.0,-0.033884719176505484,4.0,0.012497726199804497,22.805142117643104,-0.10272028380412787,-2.8501074862598497,-7.251682771781667,-0.0203294338266338,4.0,-1.8663459909319768,-8.120375667313256,6.384949716905557,4.0,0.12209384355260511,1.312407721112913,0.0
74.18687325212359,0.0,0.0,4.0,0.0,-0.04959039311371035,4.0,0.012497726199804497,22.817639843842908,-0.15039722471725164,-2.8000184325397055,-7.252899471644301,-0.029275870420349227,4.0,-1.8166008948960812,-8.115424860159143,6.379814636976956,4.0,0.12590520021771923,1.3080749593114795,0.0
74.23673328207289,0.0,0.0,4.0,0.0,-0.06004833434098381,4.0,0.012497726199804497,22.830137570042712,-0.1821836749553226,-2.750430157173539,-7.254601746327747,-0.039925948079624116,4.0,-1.7668255345177135,-8.110788882425492,6.372296143634049,4.0,0.12903678453408673,1.304045423184778,0.0
74.28656993584075,0.0,0.0,4.0,0.0,-0.06515768971987765,4.0,0.012497726199804497,22.842635296242516,-0.19772744273903722,-2.70042455813057,-7.256877965742093,-0.05243285296806924,4.0,-1.7170134103686823,-8.106566847830909,6.363188616883386,4.0,0.13243616267186908,1.299641751363696,0.0
74.33638410813019,0.0,0.0,4.0,0.0,-0.06565244296974836,4.0,0.012497726199804497,22.85513302244232,-0.19923312691297285,-2.6509387305476038,-7.259823151451556,-0.06685951088968815,4.0,-1.6671634707090996,-8.102818017226356,6.353304043117226,4.0,0.1369782468273275,1.295551660719475,0.0
74.3861770709103,0.0,0.0,4.0,0.0,-0.06271075851855355,4.0,0.012497726199804497,22.867630748642124,-0.19028210394808434,-2.6010611338797234,-7.263531272501298,-0.08130370086077511,4.0,-1.6172787919326248,-8.09956398476464,6.343344198836869,4.0,0.1414625925180566,1.2910377191628897,0.0
74.43619596568314,0.0,0.0,4.0,0.0,-0.057580644416700896,4.0,0.012497726199804497,22.88012847484193,-0.17467989612850882,-2.5512313983954282,-7.267947636190713,-0.08771687581786809,4.0,-1.5673647782304885,-8.096795780542001,6.333831824293405,4.0,0.1383633929316872,1.2864613374172407,0.0
74.48620211607422,0.0,0.0,4.0,0.0,-0.05132018586426162,4.0,0.012497726199804497,22.892626201041733,-0.15565238916198124,-2.5014333462954164,-7.272292793419511,-0.09593876377909094,4.0,-1.5174275594878222,-8.094483018928612,6.325099418235707,4.0,0.13785287483521103,1.2822886396570543,0.0
74.53621127056343,0.0,0.0,4.0,0.0,-0.04468230141568423,4.0,0.012497726199804497,22.905123927241537,-0.13549109507255894,-2.451673033048342,-7.27752855578731,-0.10368048838101057,4.0,-1.46747291446679,-8.09258265209514,6.31731821446734,4.0,0.13781339566876483,1.2778744278387122,0.0
74.58622414450336,0.0,0.0,4.0,0.0,-0.03812987260667995,4.0,0.012497726199804497,22.91762165344134,-0.11560109758743219,-2.401944737559442,-7.282644941539818,-0.10343744564008739,4.0,-1.4175057323146982,-8.091045864528757,6.310544892032426,4.0,0.13079703049292668,1.2738258151476713,0.0
74.63621423689578,0.0,0.0,4.0,0.0,-0.031968260944132694,4.0,0.012497726199804497,22.930119379641145,-0.09690653210865013,-2.3522272308018586,-7.28785181908747,-0.11375334020576373,4.0,-1.367529863213134,-8.089822706711892,6.304765888568247,4.0,0.13533392159442492,1.2699552001284409,0.0
74.68622980950259,0.0,0.0,4.0,0.0,-0.026541049368978414,4.0,0.012497726199804497,22.94261710584095,-0.08044631274372042,-2.3025600873941383,-7.293999294197116,-0.12264510397817929,4.0,-1.3175481814070475,-8.088865022546319,6.2999214433471815,4.0,0.1393812401457737,1.2657250811453609,0.0
74.73625002627426,0.0,0.0,4.0,0.0,-0.022305935895247386,4.0,0.012497726199804497,22.955114832040753,-0.06760495789894776,-2.2529382497886608,-7.300090552392085,-0.12250022267672513,4.0,-1.2675627301020913,-8.088128916366042,6.295899859385362,4.0,0.13521477488250255,1.26173268876269,0.0
74.78624384837742,0.0,0.0,4.0,0.0,-0.019658432103307727,4.0,0.012497726199804497,22.967612558240557,-0.059578681377037125,-2.2033217280050748,-7.3062171917124275,-0.12304033475850905,4.0,-1.2175748871291803,-8.087577791280145,6.292520226371081,4.0,0.13237525395000382,1.2578637528975978,0.0
74.83623664966315,0.0,0.0,4.0,0.0,-0.01864372847815368,4.0,0.012497726199804497,22.98011028444036,-0.05650269361947676,-2.1537085301085663,-7.312361797389471,-0.12325004226948183,4.0,-1.1675855394033547,-8.087185580652493,6.289541834182298,4.0,0.1296065692721946,1.2541094242160105,0.0
74.8862284144856,0.0,0.0,4.0,0.0,-0.018803447354507286,4.0,0.012497726199804497,22.992608010640165,-0.0569868599311964,-2.104096641081125,-7.318508990815424,-0.12313716975887898,4.0,-1.117595262242282,-8.086938415879613,6.286717213404668,4.0,0.12666907598396016,1.2504674133120859,0.0
74.93621916664192,0.0,0.0,4.0,0.0,-0.019258415717785287,4.0,0.012497726199804497,23.00510573683997,-0.05836605141518155,-2.0544840664073187,-7.324642147865603,-0.12358059871683673,4.0,-1.067604485365891,-8.086833060467297,6.283868388715041,4.0,0.12426368025229095,1.2469427792521626,0.0
74.98620869685925,0.0,0.0,4.0,0.0,-0.019015180404423283,4.0,0.012497726199804497,23.017603463039773,-0.05762870470841901,-2.0048800578379935,-7.330833037835568,-0.13345782926538308,4.0,-1.0176136133437421,-8.086871843609776,6.280950616995238,4.0,0.131223139081035,1.243498977989452,0.0
75.03622851446127,0.0,0.0,4.0,0.0,-0.01737710512215626,4.0,0.012497726199804497,23.030101189239577,-0.05266319520881729,-1.9553340122472913,-7.337953623058798,-0.14247384144467687,4.0,-0.9676230634377943,-8.087055566992957,6.278069705904457,4.0,0.13735824016954723,1.239647789012707,0.0
75.08625349519279,0.0,0.0,4.0,0.0,-0.014191964973982691,4.0,0.012497726199804497,23.04259891543938,-0.04300884200248225,-1.905843826694655,-7.345039364231955,-0.14258199344042746,4.0,-0.9176332071303899,-8.08737710326651,6.27543702512635,4.0,0.13483371138719136,1.2359714994345639,0.0
75.13624783249328,0.0,0.0,4.0,0.0,-0.009753083443913652,4.0,0.012497726199804497,23.055096641639185,-0.029555735460661304,-1.8563599830730046,-7.35216195151316,-0.14319673989611148,4.0,-0.8676442578619387,-8.087818182584499,6.273286974200279,4.0,0.13329840691680417,1.2323752981919636,0.0
75.18624115740546,0.0,0.0,4.0,0.0,-0.0044883475001012245,4.0,0.012497726199804497,23.06759436783899,-0.01360114436361048,-1.8068805547938922,-7.359308244979829,-0.1435441580609229,4.0,-0.8176561857615919,-8.088349930359742,6.271809456242594,4.0,0.1321683071239299,1.2288476843404708,0.0
75.23623349128891,0.0,0.0,4.0,0.0,0.00130312070120659,4.0,0.012497726199804497,23.080092094038793,0.003948852844930545,-1.7574036360853285,-7.366464929500808,-0.14361318447916466,4.0,-0.7676687127714343,-8.08893560127697,6.271129522729552,4.0,0.13155740002913063,1.2253730411608785,0.0
75.28622479009924,0.0,0.0,4.0,0.0,0.007563005299971994,4.0,0.012497726199804497,23.092589820238597,0.02291863485507663,-1.7079272441601052,-7.373617757256206,-0.1434052825411233,4.0,-0.717681381655329,-8.089533332334932,6.2713269294561895,4.0,0.13154690481772668,1.2219337047680336,0.0
75.33621505148272,0.0,0.0,4.0,0.0,0.014443232969918713,4.0,0.012497726199804497,23.1050875464384,0.04377041628321061,-1.6584494061702715,-7.380753572356834,-0.1429391914221802,4.0,-0.6676936630490378,-8.090097493488171,6.272472652749357,4.0,0.13222653699195064,1.2185096392617043,0.0
75.38620435044591,0.0,0.0,4.0,0.0,0.02212237598582296,4.0,0.012497726199804497,23.117585272638205,0.06704844116918177,-1.6089682703944421,-7.387860002674912,-0.14220322385404868,4.0,-0.6177050807170522,-8.090578328148549,6.274660775462793,4.0,0.1336786921372557,1.2150784979440077,0.0
75.43619266037393,0.0,0.0,4.0,0.0,0.030520029447220147,4.0,0.012497726199804497,23.13008299883801,0.09251366413809703,-1.55948193547925,-7.394922702988796,-0.14084248934906884,4.0,-0.5677153716924661,-8.090920694302126,6.278012587702218,4.0,0.13566976987170065,1.211616325805176,0.0
75.48617986584762,0.0,0.0,4.0,0.0,0.03909235577431724,4.0,0.012497726199804497,23.142580725037813,0.11852206594215192,-1.5099837979446553,-7.401894141697762,-0.1307037870395371,4.0,-0.517724715941049,-8.091063682894184,6.282637429478773,4.0,0.13015590933872367,1.2081112292879022,0.0
75.53613682318534,0.0,0.0,4.0,0.0,0.0468438755402419,4.0,0.012497726199804497,23.155078451237618,0.1420550593147507,-1.4604202451991053,-7.407944679206502,-0.12211083391275272,4.0,-0.467734030000568,-8.090942973401804,6.288562454793894,4.0,0.12748798152706087,1.2049533566569655,0.0
75.5860988112577,0.0,0.0,4.0,0.0,0.05251644002142096,4.0,0.012497726199804497,23.16757617743742,0.159287191044417,-1.410803882539256,-7.414065640732344,-0.12253842781258967,4.0,-0.4177452225414688,-8.090496667565104,6.295663915740345,4.0,0.13501703637334828,1.2015508463059819,0.0
75.63609068839234,0.0,0.0,4.0,0.0,0.05491994031512502,4.0,0.012497726199804497,23.180073903637226,0.16659158642212366,-1.3611862134374457,-7.4201658926531495,-0.11225023867612381,4.0,-0.3677612217576929,-8.0896738534044,6.3036268265435815,4.0,0.132691758040119,1.1979708358734014,0.0
75.68605242621256,0.0,0.0,4.0,0.0,0.05340557107701085,4.0,0.012497726199804497,23.19257162983703,0.16198909916852455,-1.3115092698666673,-7.4252585348291085,-0.09118775402788949,4.0,-0.317785593693552,-8.088443927294989,6.31195489068076,4.0,0.11995733752906368,1.194697287754155,0.0
75.7359892362991,0.0,0.0,4.0,0.0,0.04826387184128454,4.0,0.012497726199804497,23.205069356036834,0.14636782454927078,-1.2617275405008315,-7.429260527564244,-0.07766085280511303,4.0,-0.26782174457134933,-8.086803596045954,6.320052872315805,4.0,0.11452841794133128,1.191726318451749,0.0
75.78595034357194,0.0,0.0,4.0,0.0,0.0407063448924975,4.0,0.012497726199804497,23.217567082236638,0.12342073746732443,-1.2118882297376607,-7.433010781169808,-0.07210040163612956,4.0,-0.21787199722316763,-8.084778218909474,6.327369932298516,4.0,0.11628502675505814,1.1886416883990043,0.0
75.83593033009565,0.0,0.0,4.0,0.0,0.03241092883086172,4.0,0.012497726199804497,23.230064808436442,0.09824934086687069,-1.1620272742740811,-7.436461439031372,-0.06605071056046419,4.0,-0.16793701140432674,-8.08241605337471,6.333539846635494,4.0,0.11640525001637236,1.1855263871057058,0.0
75.88591042384606,0.0,0.0,4.0,0.0,0.0249388725012337,4.0,0.012497726199804497,23.242562534636246,0.07558801215086271,-1.1121460109486354,-7.439608422887902,-0.06935755591284015,4.0,-0.11801585116413682,-8.079777247013741,6.3384514200813555,4.0,0.12462366881461051,1.1824173958360946,0.0
75.93590660338155,0.0,0.0,4.0,0.0,0.01929406357081577,4.0,0.012497726199804497,23.25506026083605,0.058474115360971336,-1.0622753239565221,-7.443391105720593,-0.07302849262613831,4.0,-0.06810660766841886,-8.076921550480494,6.342230133200752,4.0,0.1320733186473042,1.1788690601095664,0.0
75.98590431022984,0.0,0.0,4.0,0.0,0.01577006805033964,4.0,0.012497726199804497,23.267557987035854,0.047792046948493865,-1.012417124574725,-7.446904448036541,-0.06764375155886866,4.0,-0.018207201722130667,-8.073898626514664,6.34515330713498,4.0,0.12961175151426296,1.1754042158100413,0.0
76.03588598025928,0.0,0.0,4.0,0.0,0.014135620748932534,4.0,0.012497726199804497,23.280055713235658,0.042838067669262264,-0.9625405966903804,-7.45014784553187,-0.06202908598972077,4.0,0.03168400470229288,-8.070743171650337,6.3475424748041425,4.0,0.12638625361427813,1.1720158347115053,0.0
76.08586772667837,0.0,0.0,4.0,0.0,0.013984432887286994,4.0,0.012497726199804497,23.292553439435462,0.04237983205305671,-0.9126458802261138,-7.453101116620392,-0.056135862523092384,4.0,0.0815679372696003,-8.06747470424512,6.349683988566779,4.0,0.12263454391028539,1.168724099208312,0.0
76.13584970913283,0.0,0.0,4.0,0.0,0.01492603531749569,4.0,0.012497726199804497,23.305051165635266,0.04523376926107866,-0.8627340954000785,-7.455756462161711,-0.059664182105181325,4.0,0.1314447948479101,-8.064099988554085,6.35180259471635,4.0,0.1282814696419443,1.1655357188513067,0.0
76.18584553038946,0.0,0.0,4.0,0.0,0.016521066574963092,4.0,0.012497726199804497,23.31754889183507,0.0500683935054238,-0.8128321607781127,-7.459063497223639,-0.06373523938138213,4.0,0.1813141411026359,-8.06061605372802,6.35406387176919,4.0,0.13461380397098566,1.1619777742195099,0.0
76.23584287364746,0.0,0.0,4.0,0.0,0.01819222441207354,4.0,0.012497726199804497,23.330046618034874,0.055134035230229424,-0.7629424383863592,-7.462125333481556,-0.058795340729128315,4.0,0.23117504432813576,-8.05701333427128,6.3565668360623695,4.0,0.13217686961191077,1.1585168548287073,0.0
76.28582634943146,0.0,0.0,4.0,0.0,0.0193181611511204,4.0,0.012497726199804497,23.34254434423468,0.05854716555591741,-0.7130379469223369,-7.464937702421704,-0.05361465905331871,4.0,0.28102629876431817,-8.053279514280126,6.35932303636876,4.0,0.12975238824249402,1.155123288715724,0.0
76.33580993890631,0.0,0.0,4.0,0.0,0.019446019408217934,4.0,0.012497726199804497,23.355042070434482,0.05893476040812996,-0.6631189044330575,-7.467482472292293,-0.048091736202774134,4.0,0.3308667402486024,-8.049404056720272,6.36224986214833,4.0,0.1271562911715165,1.1517986769641582,0.0
76.38579379051691,0.0,0.0,4.0,0.0,0.018454707506787196,4.0,0.012497726199804497,23.367539796634286,0.055929705668094125,-0.6131858248283794,-7.469743469858601,-0.04223581000540076,4.0,0.38069558628828337,-8.04538225895046,6.365196064145257,4.0,0.1242465669710704,1.1485470277138805,0.0
76.43577805610173,0.0,0.0,4.0,0.0,0.01658448763901099,4.0,0.012497726199804497,23.38003752283409,0.05026063121530895,-0.5632395251236507,-7.4717034689729775,-0.03609736386220164,4.0,0.43051268182058294,-8.041217414737229,6.367992040736759,4.0,0.12090409741937336,1.1453774850356113,0.0
76.48576286877498,0.0,0.0,4.0,0.0,0.014300464943712315,4.0,0.012497726199804497,23.392535249033894,0.04333769652790138,-0.5132813236043966,-7.473351326162817,-0.03946239812940609,4.0,0.4803185503589108,-8.036920356784231,6.370504615166992,4.0,0.1267817061168124,1.142300644233146,0.0
76.53575687909567,0.0,0.0,4.0,0.0,0.01202047065783639,4.0,0.012497726199804497,23.4050329752337,0.036427423163957764,-0.46332934909501255,-7.475648212020175,-0.04354241514629132,4.0,0.5301142328553635,-8.032506787949096,6.372671105828336,4.0,0.13302821379503982,1.1388685719186298,0.0
76.58575207553267,0.0,0.0,4.0,0.0,0.009887522927416846,4.0,0.012497726199804497,23.417530701433503,0.02996316712630359,-0.41338570374385797,-7.477703773724407,-0.0386289150412633,4.0,0.5799010196236356,-8.027993946791423,6.374492145671806,4.0,0.1299357535334842,1.1355341427681764,0.0
76.63573798694749,0.0,0.0,4.0,0.0,0.007775125650592598,4.0,0.012497726199804497,23.430028427633307,0.02356146160559647,-0.3634321056217491,-7.479509054716473,-0.03348705641709941,4.0,0.629680251175871,-8.023398492357538,6.375990031507101,4.0,0.126291780744614,1.132293192420425,0.0
76.68572424328681,0.0,0.0,4.0,0.0,0.005493444446476608,4.0,0.012497726199804497,23.44252615383311,0.016646968810326613,-0.31346923956272144,-7.4810509332401836,-0.028122649574419074,4.0,0.6794532918246114,-8.018736443634397,6.377167890291156,4.0,0.12210523268598905,1.1291593605087438,0.0
76.73571097254386,0.0,0.0,4.0,0.0,0.002989461767868164,4.0,0.012497726199804497,23.455023880032915,0.009059002040571766,-0.2634981781775205,-7.48232020267443,-0.03232428527494145,4.0,0.7292216232884534,-8.014024373842842,6.378000087324149,4.0,0.12713906541950415,1.1261447197676375,0.0
76.78570501073334,0.0,0.0,4.0,0.0,0.00042410711609660733,4.0,0.012497726199804497,23.46752160623272,0.0012851731561339765,-0.21353339537715854,-7.484282413536107,-0.037311409925649915,4.0,0.7789869178325355,-8.00928032716581,6.378452955032735,4.0,0.13257905777879841,1.1228176082736723,0.0
76.835700291788,0.0,0.0,4.0,0.0,-0.0018313432522086013,4.0,0.012497726199804497,23.480019332432523,-0.005549531210733539,-0.1635772084901781,-7.486050125955359,-0.033363454460758016,4.0,0.8287509845217896,-8.004523413425545,6.378517202001634,4.0,0.1286953492828058,1.1196114470951697,0.0
76.88568774262828,0.0,0.0,4.0,0.0,-0.0032509160244111207,4.0,0.012497726199804497,23.492517058632327,-0.00985129538438213,-0.11361413057147463,-7.487617302846473,-0.02927970201174636,4.0,0.878515557814656,-7.999771804056624,6.378239775915198,4.0,0.12433417074735686,1.1165229740972547,0.0
76.93567542070315,0.0,0.0,4.0,0.0,-0.0033258926286524283,4.0,0.012497726199804497,23.50501478483213,-0.010078499672410951,-0.06364470376281783,-7.488976956354364,-0.03366368368335605,4.0,0.9282819562119382,-7.995039351975685,6.377747300745488,4.0,0.12822567724925804,1.1135607962884946,0.0
76.9856697557825,0.0,0.0,4.0,0.0,-0.0018361293554741687,4.0,0.012497726199804497,23.517512511031935,-0.005564034602731448,-0.013682110822789362,-7.49098265409944,-0.036662055381253764,4.0,0.9780507059017876,-7.990331691825692,6.377243467427846,4.0,0.13072021562951264,1.1103528453814115,0.0
77.03566330524838,0.0,0.0,4.0,0.0,0.0009493741261672142,4.0,0.012497726199804497,23.53001023723174,0.002876892155740923,0.03627520605022383,-7.492641867778957,-0.03948721498132818,4.0,1.0278212928118702,-7.985643491194542,6.376965316303721,4.0,0.1332672241054631,1.1073455842069977,0.0
77.08565690233222,0.0,0.0,4.0,0.0,0.0042940306090934735,4.0,0.012497726199804497,23.542507963431543,0.013012293943638118,0.08622714144949972,-7.494929843974802,-0.04331497761189295,4.0,1.0775921946165212,-7.9809586334711184,6.377109134745597,4.0,0.13723880517790477,1.1040963059715878,0.0
77.13565179049384,0.0,0.0,4.0,0.0,0.007241040331698135,4.0,0.012497726199804497,23.555005689631347,0.021942929969797915,0.13617119726448434,-7.496971568517161,-0.0383335255756726,4.0,1.1273612310354622,-7.976254009314889,6.377759631093353,4.0,0.13290784948943823,1.1009856225691326,0.0
77.18563762452939,0.0,0.0,4.0,0.0,0.008981693021738669,4.0,0.012497726199804497,23.56750341583115,0.027217983483883025,0.18612536637187893,-7.498761171978739,-0.033254413928520514,4.0,1.177126136308771,-7.971505902830371,6.378856578016489,4.0,0.12892568476542365,1.0979845657218936,0.0
77.23562397467688,0.0,0.0,4.0,0.0,0.009176473370321661,4.0,0.012497726199804497,23.580001142030955,0.027808275622601613,0.23608862494586091,-7.500295489365612,-0.02807293501362026,4.0,1.2268851681988995,-7.966696648996425,6.380217229637658,4.0,0.1251048574716922,1.095083481670296,0.0
77.28561090103524,0.0,0.0,4.0,0.0,0.008062418162379884,4.0,0.012497726199804497,23.59249886823076,0.02443209957454706,0.28605982749489645,-7.501567362826883,-0.022773028730941444,4.0,1.2766375381794777,-7.96181896086652,6.381607390496938,4.0,0.12119511204829259,1.0922800622565374,0.0
77.33559843150876,0.0,0.0,4.0,0.0,0.0062914895831990515,4.0,0.012497726199804497,23.604996594430563,0.019065371503609246,0.3360377629382023,-7.502572027516138,-0.027206660761231263,4.0,1.3263834975129232,-7.956876311580348,6.3828287732608135,4.0,0.12685012684245933,1.0895765491737779,0.0
77.38559210442638,0.0,0.0,4.0,0.0,0.004615456010906741,4.0,0.012497726199804497,23.617494320630367,0.013986329650511052,0.38601017017654904,-7.504287349039743,-0.0343119015555297,4.0,1.376124054813537,-7.9518795793592165,6.383781868432612,4.0,0.13490846280855529,1.0865837791874622,0.0
