0.000000000000000000e+00,0.000000000000000000e+00,0.000000000000000000e+00,4.000000000000000000e+00,0.000000000000000000e+00,3.609953534884620483e-03,4.000000000000000000e+00,1.249772619980449653e-02,0.000000000000000000e+00,1.093930065551868523e-02
4.999090479921798613e-02,0.000000000000000000e+00,0.000000000000000000e+00,4.000000000000000000e+00,0.000000000000000000e+00,3.551180530773492567e-03,4.000000000000000000e+00,1.249772619980449653e-02,1.249772619980449653e-02,1.076119835966580195e-02
9.998178565394735817e-02,0.000000000000000000e+00,0.000000000000000000e+00,4.000000000000000000e+00,0.000000000000000000e+00,4.416749596340962050e-03,4.000000000000000000e+00,1.249772619980449653e-02,2.499545239960899307e-02,1.338417671739364385e-02
1.499715701233927945e-01,0.000000000000000000e+00,0.000000000000000000e+00,4.000000000000000000e+00,0.000000000000000000e+00,5.924901965444575626e-03,4.000000000000000000e+00,1.249772619980449653e-02,3.749317859941349307e-02,1.795445847450295729e-02
1.999602612371598198e-01,0.000000000000000000e+00,0.000000000000000000e+00,4.000000000000000000e+00,0.000000000000000000e+00,7.548276008408183468e-03,4.000000000000000000e+00,1.249772619980449653e-02,4.999090479921798613e-02,2.287399809005377649e-02
2.499552601241393779e-01,0.000000000000000000e+00,0.000000000000000000e+00,4.000000000000000000e+00,0.000000000000000000e+00,8.544515171553338298e-03,4.000000000000000000e+00,1.249772619980449653e-02,6.248863099902247920e-02,2.589310036076854574e-02
2.999489911121080432e-01,0.000000000000000000e+00,0.000000000000000000e+00,4.000000000000000000e+00,0.000000000000000000e+00,8.152459168112457036e-03,4.000000000000000000e+00,1.249772619980449653e-02,7.498635719882697226e-02,2.470496904272482738e-02
3.499363530991213556e-01,0.000000000000000000e+00,0.000000000000000000e+00,4.000000000000000000e+00,0.000000000000000000e+00,5.981294188534817813e-03,4.000000000000000000e+00,1.249772619980449653e-02,8.748408339863146532e-02,1.812535005528369964e-02
3.999245381471417948e-01,0.000000000000000000e+00,0.000000000000000000e+00,4.000000000000000000e+00,0.000000000000000000e+00,2.314978892813427010e-03,4.000000000000000000e+00,1.249772619980449653e-02,9.998180959843595839e-02,7.015100085589291538e-03
4.499131810662398423e-01,0.000000000000000000e+00,0.000000000000000000e+00,4.000000000000000000e+00,0.000000000000000000e+00,-1.945375458346820406e-03,4.000000000000000000e+00,1.249772619980449653e-02,1.124795357982404514e-01,-5.895084583128443190e-03
4.999055450125097777e-01,0.000000000000000000e+00,0.000000000000000000e+00,4.000000000000000000e+00,0.000000000000000000e+00,-5.625480396274877906e-03,4.000000000000000000e+00,1.249772619980449653e-02,1.249772619980449445e-01,-1.704709011636141441e-02
5.498968239374063538e-01,0.000000000000000000e+00,0.000000000000000000e+00,4.000000000000000000e+00,0.000000000000000000e+00,-7.691180188303683128e-03,4.000000000000000000e+00,1.249772619980449653e-02,1.374749881978494515e-01,-2.330706620373021107e-02
5.998839643543053546e-01,0.000000000000000000e+00,0.000000000000000000e+00,4.000000000000000000e+00,0.000000000000000000e+00,-7.648989143394552444e-03,4.000000000000000000e+00,1.249772619980449653e-02,1.499727143976539445e-01,-2.317920703063839141e-02
6.498819327563305492e-01,0.000000000000000000e+00,0.000000000000000000e+00,4.000000000000000000e+00,0.000000000000000000e+00,-5.755705514773078180e-03,4.000000000000000000e+00,1.249772619980449653e-02,1.624704405974584376e-01,-1.744172446737215360e-02
6.998809444972252658e-01,0.000000000000000000e+00,0.000000000000000000e+00,4.000000000000000000e+00,0.000000000000000000e+00,-2.765478028959671500e-03,4.000000000000000000e+00,1.249772619980449653e-02,1.749681667972629306e-01,-8.380257815107729907e-03
7.498673823301044150e-01,0.000000000000000000e+00,0.000000000000000000e+00,4.000000000000000000e+00,0.000000000000000000e+00,6.247798423456731422e-04,4.000000000000000000e+00,1.249772619980449653e-02,1.874658929970674237e-01,1.893272495878561834e-03
7.998591141399885585e-01,0.000000000000000000e+00,0.000000000000000000e+00,4.000000000000000000e+00,0.000000000000000000e+00,4.106118151187564819e-03,4.000000000000000000e+00,1.249772619980449653e-02,1.999636191968719168e-01,1.244285220608948653e-02
8.498502067682768280e-01,0.000000000000000000e+00,0.000000000000000000e+00,4.000000000000000000e+00,0.000000000000000000e+00,7.698241647385636183e-03,4.000000000000000000e+00,1.249772619980449653e-02,2.124613453966764098e-01,2.332846583160119378e-02
8.998406937805527583e-01,0.000000000000000000e+00,0.000000000000000000e+00,4.000000000000000000e+00,0.000000000000000000e+00,1.154688360634188032e-02,4.000000000000000000e+00,1.249772619980449653e-02,2.249590715964809029e-01,3.499211156883348661e-02
9.498306502695377240e-01,0.000000000000000000e+00,0.000000000000000000e+00,4.000000000000000000e+00,0.000000000000000000e+00,1.573426048748853903e-02,4.000000000000000000e+00,1.249772619980449653e-02,2.374567977962853960e-01,4.768351225370665025e-02
9.998200053801304943e-01,0.000000000000000000e+00,0.000000000000000000e+00,4.000000000000000000e+00,0.000000000000000000e+00,2.014305447309386668e-02,4.000000000000000000e+00,1.249772619980449653e-02,2.499545239960898890e-01,6.104781580010774922e-02
1.049814312379176773e+00,0.000000000000000000e+00,0.000000000000000000e+00,4.000000000000000000e+00,0.000000000000000000e+00,2.448685293320591871e-02,4.000000000000000000e+00,1.249772619980449653e-02,2.624522501958944098e-01,7.421741897481913541e-02
1.099802255108502713e+00,0.000000000000000000e+00,0.000000000000000000e+00,4.000000000000000000e+00,0.000000000000000000e+00,2.850366185268815231e-02,4.000000000000000000e+00,1.249772619980449653e-02,2.749499763956989029e-01,8.639813246029297289e-02
1.149790587017432086e+00,0.000000000000000000e+00,0.000000000000000000e+00,4.000000000000000000e+00,0.000000000000000000e+00,3.211764278323603339e-02,4.000000000000000000e+00,1.249772619980449653e-02,2.874477025955033960e-01,9.735966944909892062e-02
1.199779643029288412e+00,0.000000000000000000e+00,0.000000000000000000e+00,4.000000000000000000e+00,-2.069745622410141372e+00,3.543102617690156025e-02,4.000000000000000000e+00,1.253839966780718844e-02,2.999454287953078890e-01,1.074116964497324883e-01
1.249769919849277100e+00,0.000000000000000000e+00,0.000000000000000000e+00,3.974048702175527303e+00,-3.999999999999989786e+00,3.859463613196952025e-02,3.974048702175527303e+00,1.265999985463553933e-02,3.124838284631150653e-01,1.170115466189417114e-01
1.299760818427267761e+00,0.000000000000000000e+00,0.000000000000000000e+00,3.923408702756985278e+00,-3.999999999999980904e+00,4.171018422997738867e-02,3.923408702756985278e+00,1.282555510760181004e-02,3.251438283177506272e-01,1.264678465422585107e-01
1.349750074075443784e+00,0.000000000000000000e+00,0.000000000000000000e+00,3.872106482326578281e+00,-3.999999999999981792e+00,4.489703285745427069e-02,3.872106482326578281e+00,1.299778030763993134e-02,3.379693834253524320e-01,1.361431035428415093e-01
1.399743273335342320e+00,0.000000000000000000e+00,0.000000000000000000e+00,3.820115361096018791e+00,-3.999999999999983569e+00,4.846179764336715212e-02,3.820115361096018791e+00,1.317713572837858442e-02,3.509671637329923599e-01,1.469690047518295850e-01
1.449740389454879042e+00,0.000000000000000000e+00,0.000000000000000000e+00,3.767406818182504669e+00,-3.999999999999980460e+00,5.293121005192601841e-02,3.767406818182504669e+00,1.336412737730858710e-02,3.641442994613709461e-01,1.605475703021024547e-01
1.499732865325783537e+00,0.000000000000000000e+00,0.000000000000000000e+00,3.713950308673270584e+00,-3.999999999999988898e+00,5.883289534899855538e-02,3.713950308673270584e+00,1.355931300970962192e-02,3.775084268386795228e-01,1.784874820701203846e-01
1.549726787459324795e+00,0.000000000000000000e+00,0.000000000000000000e+00,3.659713056634432249e+00,-3.999999999999993339e+00,6.635667952240228984e-02,3.659713056634432249e+00,1.376330913834391580e-02,3.910677398483891620e-01,2.013765014393299191e-01
1.599722760848564684e+00,0.000000000000000000e+00,0.000000000000000000e+00,3.604659820081056676e+00,-4.000000000000006217e+00,7.510482322165458469e-02,3.604659820081056676e+00,1.397679923984249811e-02,4.048310489867330553e-01,2.280192667558818276e-01
1.649721502325735001e+00,0.000000000000000000e+00,0.000000000000000000e+00,3.548752623121686600e+00,-4.000000000000002665e+00,8.408348592408419753e-02,3.548752623121686600e+00,1.420054340699471521e-02,4.188078482265755742e-01,2.554006229913788339e-01
1.699723814877715622e+00,0.000000000000000000e+00,0.000000000000000000e+00,3.491950449493707698e+00,-3.999999999999998668e+00,9.198180876119203819e-02,3.491950449493707698e+00,1.443538975802439138e-02,4.330083916335702998e-01,2.795215103373882015e-01
1.749730652645630880e+00,0.000000000000000000e+00,0.000000000000000000e+00,3.434208890461610153e+00,-3.242050965896118964e+00,9.762159218448905607e-02,3.434208890461610153e+00,1.465816520473374115e-02,4.474437813915946860e-01,2.967663313724131502e-01
1.799740926403905261e+00,0.000000000000000000e+00,0.000000000000000000e+00,3.386686371801338247e+00,8.658186865424946643e-02,1.003622597707911901e-01,3.386686371801338247e+00,1.475822391643124946e-02,4.621019465963284167e-01,3.051533092677277126e-01
1.849785320430478830e+00,0.000000000000000000e+00,0.000000000000000000e+00,3.387964166406040700e+00,2.500000000000003109e+00,1.002870760505765457e-01,3.387964166406040700e+00,1.467597415010287072e-02,4.768601705127596402e-01,3.049231712250050075e-01
1.899843095955375594e+00,0.000000000000000000e+00,0.000000000000000000e+00,3.424654101781297921e+00,2.500000000000020428e+00,9.811597923021653234e-02,3.424654101781297921e+00,1.452040140409588745e-02,4.915361446628624953e-01,2.982789157547034442e-01
1.950092513384078741e+00,0.000000000000000000e+00,0.000000000000000000e+00,3.460955105291537937e+00,2.499999999999990674e+00,9.493698702295115532e-02,3.460955105291537937e+00,1.436967365510964656e-02,5.060565460669583793e-01,2.885552800925472727e-01
2.000322419373338878e+00,0.000000000000000000e+00,0.000000000000000000e+00,3.496879289429311921e+00,2.500000000000009326e+00,9.191815759496936578e-02,3.496879289429311921e+00,1.422354452610447191e-02,5.204262197220680397e-01,2.793269879979066728e-01
2.050320706709465757e+00,0.000000000000000000e+00,0.000000000000000000e+00,3.532438150744573235e+00,-1.797615143092074763e-01,9.008281295298503633e-02,3.532438150744573235e+00,1.415705435258075851e-02,5.346497642481725654e-01,2.737190239719728968e-01
2.100331500014587238e+00,0.000000000000000000e+00,0.000000000000000000e+00,3.529893257215995561e+00,-4.000000000000011546e+00,9.012274851186567737e-02,3.529893257215995561e+00,1.427765775008855986e-02,5.488068186007533100e-01,2.738410286357471080e-01
2.150356932905369778e+00,0.000000000000000000e+00,0.000000000000000000e+00,3.472782626215641155e+00,-3.999999999999989786e+00,9.223764344641351143e-02,3.472782626215641155e+00,1.451641605460755359e-02,5.630844763508419115e-01,2.803033817796529714e-01
2.200555070701569083e+00,0.000000000000000000e+00,0.000000000000000000e+00,3.414716961997211087e+00,-4.000000000000005329e+00,9.607729399109941892e-02,3.414716961997211087e+00,1.476756859345938061e-02,5.776008924054494287e-01,2.920424683246822806e-01
2.250724932053733252e+00,0.000000000000000000e+00,0.000000000000000000e+00,3.355646687623373481e+00,-4.000000000000005329e+00,1.008759765061610636e-01,3.355646687623373481e+00,1.503222631914322843e-02,5.923684609989088301e-01,3.067258942009245537e-01
2.300714480623351044e+00,0.000000000000000000e+00,0.000000000000000000e+00,3.295517782346800484e+00,-3.999999999999991118e+00,1.057445379560911364e-01,3.295517782346800484e+00,1.531164480519523613e-02,6.074006873180520794e-01,3.216377295405727366e-01
2.350719274611584364e+00,0.000000000000000000e+00,0.000000000000000000e+00,3.234271203126019678e+00,-3.008731091856264861e+00,1.099698078941624552e-01,3.234271203126019678e+00,1.556937185481629786e-02,6.227123321232472808e-01,3.345917099585876686e-01
2.400740085151462644e+00,0.000000000000000000e+00,0.000000000000000000e+00,3.187427149945762039e+00,-2.010746804532592247e+00,1.131985539190733941e-01,3.187427149945762039e+00,1.576214376286082589e-02,6.382817039780636081e-01,3.444986379926637809e-01
2.450984403753686980e+00,0.000000000000000000e+00,0.000000000000000000e+00,3.155733469742006303e+00,-1.366134180632824435e+00,1.154636658532568055e-01,3.155733469742006303e+00,1.589598879396688161e-02,6.540438477409243889e-01,3.514531275182261050e-01
2.501215630630147402e+00,0.000000000000000000e+00,0.000000000000000000e+00,3.134017416115611798e+00,-1.035360294235832646e+00,1.170548099405883669e-01,3.134017416115611798e+00,1.599331257701825174e-02,6.699398365348913087e-01,3.563405395277152166e-01
2.551229768321017666e+00,0.000000000000000000e+00,0.000000000000000000e+00,3.117458575300064538e+00,-8.382363244865648211e-01,1.182900822647575123e-01,3.117458575300064538e+00,1.607050922300326881e-02,6.859331491119096125e-01,3.601361037953376698e-01
2.601262571205079421e+00,0.000000000000000000e+00,0.000000000000000000e+00,3.103987690716346837e+00,-5.634849812644494582e-01,1.193093404786566142e-01,3.103987690716346837e+00,1.612899390440058686e-02,7.020036583349128501e-01,3.632687702083008396e-01
2.651516557894246784e+00,0.000000000000000000e+00,0.000000000000000000e+00,3.094899244888311252e+00,-8.787393720658175089e-02,1.200043956378366028e-01,3.094899244888311252e+00,1.615638172722598173e-02,7.181326522393134404e-01,3.654054447313313525e-01
2.701759213803352822e+00,0.000000000000000000e+00,0.000000000000000000e+00,3.093479520014927431e+00,5.859037780177415167e-01,1.201135146580966651e-01,3.093479520014927431e+00,1.613543383756381802e-02,7.342890339665394395e-01,3.657409208442495840e-01
2.751791399840357144e+00,0.000000000000000000e+00,0.000000000000000000e+00,3.102933331660311378e+00,1.375764434516290269e+00,1.193896673590756768e-01,3.102933331660311378e+00,1.605371986697505179e-02,7.504244678041032124e-01,3.635156854655601233e-01
2.801806533061870219e+00,0.000000000000000000e+00,0.000000000000000000e+00,3.125019468494983244e+00,2.168469279319299670e+00,1.177236560400491544e-01,3.125019468494983244e+00,1.590917544446043830e-02,7.664781876710782260e-01,3.583955344362249607e-01
2.851831321415569054e+00,0.000000000000000000e+00,0.000000000000000000e+00,3.159518026705596672e+00,2.500000000000007105e+00,1.151896622331207293e-01,3.159518026705596672e+00,1.572449647151325999e-02,7.823873631155386921e-01,3.506116714744847429e-01
2.901902469537432694e+00,0.000000000000000000e+00,0.000000000000000000e+00,3.198829267884379934e+00,2.499999999999994671e+00,1.120356909697153985e-01,3.198829267884379934e+00,1.553358596901922503e-02,7.981118595870519972e-01,3.409297385061117458e-01
2.951992284034807845e+00,0.000000000000000000e+00,0.000000000000000000e+00,3.237663232806927915e+00,2.500000000000009326e+00,1.086098379883321807e-01,3.237663232806927915e+00,1.534946461255882501e-02,8.136454455560712118e-01,3.304209699730172867e-01
3.002289745673967669e+00,0.000000000000000000e+00,0.000000000000000000e+00,3.276036894338325123e+00,2.499999999999997335e+00,1.052364562091566841e-01,3.276036894338325123e+00,1.517173930283687890e-02,8.289949101686300281e-01,3.200808264222125277e-01
3.052574268017516967e+00,0.000000000000000000e+00,0.000000000000000000e+00,3.313966242595417278e+00,2.499999999999996447e+00,1.021167762606130791e-01,3.313966242595417278e+00,1.500004808650070437e-02,8.441666494714669122e-01,3.105248952176036803e-01
3.102659939180013815e+00,0.000000000000000000e+00,0.000000000000000000e+00,3.351466362811668986e+00,2.499999999999992895e+00,9.929738880723380789e-02,3.351466362811668986e+00,1.483405705336733084e-02,8.591666975579675958e-01,3.018940532818104594e-01
3.152947282495879744e+00,0.000000000000000000e+00,0.000000000000000000e+00,3.388551505445087209e+00,2.499999999999994227e+00,9.670053626376025335e-02,3.388551505445087209e+00,1.467345760327848532e-02,8.740007546113349735e-01,2.939487373616961885e-01
3.203221830283133897e+00,0.000000000000000000e+00,0.000000000000000000e+00,3.425235149453283334e+00,2.500000000000015543e+00,9.420835784025433091e-02,3.425235149453283334e+00,1.451796403164466905e-02,8.886742122146135126e-01,2.863274463830488559e-01
3.253252992333298454e+00,0.000000000000000000e+00,0.000000000000000000e+00,3.461530059532395232e+00,2.499999999999991562e+00,9.175328156319118023e-02,3.461530059532395232e+00,1.436731139067171613e-02,9.031921762462581382e-01,2.788231261210006307e-01
3.303471515468486164e+00,0.000000000000000000e+00,0.000000000000000000e+00,3.497448338009074398e+00,2.500000000000011546e+00,8.934999663141671156e-02,3.497448338009074398e+00,1.422125358982395844e-02,9.175594876369298492e-01,2.714803978669599882e-01
3.353718386798593798e+00,0.000000000000000000e+00,0.000000000000000000e+00,3.533001471983634456e+00,2.500000000000001332e+00,8.709100123367183310e-02,3.533001471983634456e+00,1.407956170452705734e-02,9.317807412267538059e-01,2.645813995276209973e-01
3.403775503377820755e+00,0.000000000000000000e+00,0.000000000000000000e+00,3.568200376244952121e+00,2.500000000000003109e+00,8.514435313202649291e-02,3.568200376244952121e+00,1.394202246665726154e-02,9.458603029312808719e-01,2.586384987654854473e-01
3.454020583041862213e+00,0.000000000000000000e+00,0.000000000000000000e+00,3.603055432411595316e+00,2.500000000000014655e+00,8.370634949963248750e-02,3.603055432411595316e+00,1.380843691416703059e-02,9.598023253979380831e-01,2.542497037339304100e-01
3.504424908273594319e+00,0.000000000000000000e+00,0.000000000000000000e+00,3.637576524697013092e+00,2.500000000000000888e+00,8.289368864801555103e-02,3.637576524697013092e+00,1.367861918039227700e-02,9.736107623121050825e-01,2.517699278162502385e-01
3.554614518011375068e+00,0.000000000000000000e+00,0.000000000000000000e+00,3.671773072647993796e+00,2.499999999999997780e+00,8.267061914541673495e-02,3.671773072647993796e+00,1.355239540628013981e-02,9.872893814924973421e-01,2.510893060457015658e-01
3.604608167521200723e+00,0.000000000000000000e+00,0.000000000000000000e+00,3.705654061163694113e+00,1.225879927637488542e+00,8.286083116138232008e-02,3.705654061163694113e+00,1.346047118460944221e-02,1.000841776898777402e+00,2.516696726333247924e-01
3.654608056876908151e+00,0.000000000000000000e+00,0.000000000000000000e+00,3.722154982605449636e+00,-8.602009864164766872e-02,8.317445776218305997e-02,3.722154982605449636e+00,1.343271993741382113e-02,1.014302248083386759e+00,2.526266364695681221e-01
3.704790354456498847e+00,0.000000000000000000e+00,0.000000000000000000e+00,3.720999498711407671e+00,1.012145590361358316e+00,8.322588403008226998e-02,3.720999498711407671e+00,1.341034687029447371e-02,1.027734968020800554e+00,2.527835573896647370e-01
3.755120816679028639e+00,0.000000000000000000e+00,0.000000000000000000e+00,3.734572722161392466e+00,2.500000000000008438e+00,8.262477260331094198e-02,3.734572722161392466e+00,1.332653368319003211e-02,1.041145314891094964e+00,2.509494238183845871e-01
3.805404614828921339e+00,0.000000000000000000e+00,0.000000000000000000e+00,3.767889056369367662e+00,2.499999999999975575e+00,8.113736080746246360e-02,3.767889056369367662e+00,1.320972644461319671e-02,1.054471848574284998e+00,2.464117596167225144e-01
3.855533909644387247e+00,0.000000000000000000e+00,0.000000000000000000e+00,3.800913372480900332e+00,2.500000000000008438e+00,7.876978957504812695e-02,3.800913372480900332e+00,1.309593785385021469e-02,1.067681575018898155e+00,2.391912384755199572e-01
3.905684614443327263e+00,0.000000000000000000e+00,0.000000000000000000e+00,3.833653217115525980e+00,2.499999999999991562e+00,7.570264124556735919e-02,3.833653217115525980e+00,1.298504009029532828e-02,1.080777512872748369e+00,2.298411758325535348e-01
3.955816526538355138e+00,0.000000000000000000e+00,0.000000000000000000e+00,3.866115817341264194e+00,2.500000000000002665e+00,7.217318360182017889e-02,3.866115817341264194e+00,1.287691278474730437e-02,1.093762552963043699e+00,2.190871551672972928e-01
4.005931095484947413e+00,0.000000000000000000e+00,0.000000000000000000e+00,3.898308099303132490e+00,2.499999999999976907e+00,6.837479829821191402e-02,3.898308099303132490e+00,1.277144247004512005e-02,1.106639465747790929e+00,2.075198522401432710e-01
4.056026985402438889e+00,0.000000000000000000e+00,0.000000000000000000e+00,3.930236705478244996e+00,2.499999999999995559e+00,6.438247452282669370e-02,3.930236705478244996e+00,1.266852208041042809e-02,1.119410908217836065e+00,1.953684230169937808e-01
4.105983081920924427e+00,0.000000000000000000e+00,0.000000000000000000e+00,3.961908010679271008e+00,2.500000000000007105e+00,6.019633620999979146e-02,3.961908010679271008e+00,1.256805049447407875e-02,1.132079430298246425e+00,1.826337905394988803e-01
4.156093053115995417e+00,0.000000000000000000e+00,0.000000000000000000e+00,3.993328136915456295e+00,5.334009369656877997e-01,5.593060827247034461e-02,3.993328136915456295e+00,1.250815778933078194e-02,1.144647480792720495e+00,1.696636444418621603e-01
4.206149225123766655e+00,0.000000000000000000e+00,0.000000000000000000e+00,4.000000000000000000e+00,0.000000000000000000e+00,5.192129490905932759e-02,4.000000000000000000e+00,1.249772619980449653e-02,1.157155638582051171e+00,1.574787942791680551e-01
4.256184120908769408e+00,0.000000000000000000e+00,0.000000000000000000e+00,4.000000000000000000e+00,0.000000000000000000e+00,4.863839138537131429e-02,4.000000000000000000e+00,1.249772619980449653e-02,1.169653364781855664e+00,1.475054006567203257e-01
4.306271133476614388e+00,0.000000000000000000e+00,0.000000000000000000e+00,4.000000000000000000e+00,0.000000000000000000e+00,4.657360297136319688e-02,4.000000000000000000e+00,1.249772619980449653e-02,1.182151090981660158e+00,1.412342620886633815e-01
4.356334742432703244e+00,0.000000000000000000e+00,0.000000000000000000e+00,4.000000000000000000e+00,0.000000000000000000e+00,4.610990585957661786e-02,4.000000000000000000e+00,1.249772619980449653e-02,1.194648817181464651e+00,1.398260973487985004e-01
4.422470663822102743e+00,0.000000000000000000e+00,0.000000000000000000e+00,4.000000000000000000e+00,0.000000000000000000e+00,4.723283868504903754e-02,4.000000000000000000e+00,1.249772619980449653e-02,1.207146543381269144e+00,1.432363473251152819e-01
4.488533002578398268e+00,0.000000000000000000e+00,0.000000000000000000e+00,4.000000000000000000e+00,0.000000000000000000e+00,4.932028892811009951e-02,4.000000000000000000e+00,1.249772619980449653e-02,1.219644269581073637e+00,1.495767220049211421e-01
4.522412184848797700e+00,0.000000000000000000e+00,0.000000000000000000e+00,4.000000000000000000e+00,0.000000000000000000e+00,5.140335178281082301e-02,4.000000000000000000e+00,1.249772619980449653e-02,1.232141995780878130e+00,1.559050730993060685e-01
4.556292764651697524e+00,0.000000000000000000e+00,0.000000000000000000e+00,4.000000000000000000e+00,0.000000000000000000e+00,5.268604783334567693e-02,4.000000000000000000e+00,1.249772619980449653e-02,1.244639721980682623e+00,1.598025788190919894e-01
4.606284764678716392e+00,0.000000000000000000e+00,0.000000000000000000e+00,4.000000000000000000e+00,0.000000000000000000e+00,5.279575120428547236e-02,4.000000000000000000e+00,1.249772619980449653e-02,1.257137448180487116e+00,1.601359396948071889e-01
4.656441876631058463e+00,0.000000000000000000e+00,0.000000000000000000e+00,4.000000000000000000e+00,0.000000000000000000e+00,5.176378522503213842e-02,4.000000000000000000e+00,1.249772619980449653e-02,1.269635174380291609e+00,1.570002070829215335e-01
4.706576434695080025e+00,0.000000000000000000e+00,0.000000000000000000e+00,4.000000000000000000e+00,0.000000000000000000e+00,4.998675985716021647e-02,4.000000000000000000e+00,1.249772619980449653e-02,1.282132900580096102e+00,1.516013184420907656e-01
4.756544052491508801e+00,0.000000000000000000e+00,0.000000000000000000e+00,4.000000000000000000e+00,0.000000000000000000e+00,4.804757616567933987e-02,4.000000000000000000e+00,1.249772619980449653e-02,1.294630626779900595e+00,1.457108608010540540e-01
4.806352863380565665e+00,0.000000000000000000e+00,0.000000000000000000e+00,4.000000000000000000e+00,0.000000000000000000e+00,4.639359718377497610e-02,4.000000000000000000e+00,1.249772619980449653e-02,1.307128352979705088e+00,1.406876096885109340e-01
4.856112894845117545e+00,0.000000000000000000e+00,0.000000000000000000e+00,4.000000000000000000e+00,0.000000000000000000e+00,4.520538209467536012e-02,4.000000000000000000e+00,1.249772619980449653e-02,1.319626079179509581e+00,1.370793941990443576e-01
4.905979453409771374e+00,0.000000000000000000e+00,0.000000000000000000e+00,4.000000000000000000e+00,0.000000000000000000e+00,4.450257990225412602e-02,4.000000000000000000e+00,1.249772619980449653e-02,1.332123805379314074e+00,1.349454000365650219e-01
4.955991811988616824e+00,0.000000000000000000e+00,0.000000000000000000e+00,4.000000000000000000e+00,0.000000000000000000e+00,4.427591244490505090e-02,4.000000000000000000e+00,1.249772619980449653e-02,1.344621531579118567e+00,1.342571737565512180e-01
5.006079334064062358e+00,0.000000000000000000e+00,0.000000000000000000e+00,4.000000000000000000e+00,0.000000000000000000e+00,4.452484944480315093e-02,4.000000000000000000e+00,1.249772619980449653e-02,1.357119257778923060e+00,1.350130173921826049e-01
5.055971570555931827e+00,0.000000000000000000e+00,0.000000000000000000e+00,4.000000000000000000e+00,0.000000000000000000e+00,4.522667912332106049e-02,4.000000000000000000e+00,1.249772619980449653e-02,1.369616983978727554e+00,1.371440627736261464e-01
5.105741113026128097e+00,0.000000000000000000e+00,0.000000000000000000e+00,4.000000000000000000e+00,0.000000000000000000e+00,4.635331135927678314e-02,4.000000000000000000e+00,1.249772619980449653e-02,1.382114710178532047e+00,1.405652685266461643e-01
5.155661113678285723e+00,0.000000000000000000e+00,0.000000000000000000e+00,4.000000000000000000e+00,0.000000000000000000e+00,4.796042322616974468e-02,4.000000000000000000e+00,1.249772619980449653e-02,1.394612436378336540e+00,1.454461514606327222e-01
5.205558594306817888e+00,0.000000000000000000e+00,0.000000000000000000e+00,4.000000000000000000e+00,0.000000000000000000e+00,5.021444970849908707e-02,4.000000000000000000e+00,1.249772619980449653e-02,1.407110162578141033e+00,1.522930224653106790e-01
5.255403088061303407e+00,0.000000000000000000e+00,0.000000000000000000e+00,4.000000000000000000e+00,0.000000000000000000e+00,5.327880202850920899e-02,4.000000000000000000e+00,1.249772619980449653e-02,1.419607888777945526e+00,1.616038554071538291e-01
5.305223480436664474e+00,0.000000000000000000e+00,0.000000000000000000e+00,4.000000000000000000e+00,0.000000000000000000e+00,5.714364371046547902e-02,4.000000000000000000e+00,1.249772619980449653e-02,1.432105614977750019e+00,1.733512846517671901e-01
5.355051642881255347e+00,0.000000000000000000e+00,0.000000000000000000e+00,4.000000000000000000e+00,0.000000000000000000e+00,6.150938642717068000e-02,4.000000000000000000e+00,1.249772619980449653e-02,1.444603341177554512e+00,1.866275019194024443e-01
5.404857716830962389e+00,0.000000000000000000e+00,0.000000000000000000e+00,4.000000000000000000e+00,0.000000000000000000e+00,6.577886766748922143e-02,4.000000000000000000e+00,1.249772619980449653e-02,1.457101067377359005e+00,1.996178912907888015e-01
5.454642190495468057e+00,0.000000000000000000e+00,0.000000000000000000e+00,4.000000000000000000e+00,0.000000000000000000e+00,6.918791815367515696e-02,4.000000000000000000e+00,1.249772619980449653e-02,1.469598793577163498e+00,2.099955456786326002e-01
5.504620829574607299e+00,0.000000000000000000e+00,0.000000000000000000e+00,4.000000000000000000e+00,0.000000000000000000e+00,7.105866759145795797e-02,4.000000000000000000e+00,1.249772619980449653e-02,1.482096519776967991e+00,2.156924524244019648e-01
5.554393190726593765e+00,0.000000000000000000e+00,0.000000000000000000e+00,4.000000000000000000e+00,0.000000000000000000e+00,7.108971196132365944e-02,4.000000000000000000e+00,1.249772619980449653e-02,1.494594245976772484e+00,2.157870030953180362e-01
5.604018841692359310e+00,0.000000000000000000e+00,0.000000000000000000e+00,4.000000000000000000e+00,0.000000000000000000e+00,6.951355652964048837e-02,4.000000000000000000e+00,1.249772619980449653e-02,1.507091972176576977e+00,2.109870898608443290e-01
5.653855960640288281e+00,0.000000000000000000e+00,0.000000000000000000e+00,4.000000000000000000e+00,0.000000000000000000e+00,6.696663677400405135e-02,4.000000000000000000e+00,1.249772619980449653e-02,1.519589698376381470e+00,2.032330948783192537e-01
5.703612828095673493e+00,0.000000000000000000e+00,0.000000000000000000e+00,4.000000000000000000e+00,0.000000000000000000e+00,6.415627840133368565e-02,4.000000000000000000e+00,1.249772619980449653e-02,1.532087424576185963e+00,1.946801411492805889e-01
5.753347783051987463e+00,0.000000000000000000e+00,0.000000000000000000e+00,4.000000000000000000e+00,0.000000000000000000e+00,6.160906354700935311e-02,4.000000000000000000e+00,1.249772619980449653e-02,1.544585150775990456e+00,1.869307013330669398e-01
5.803306025944037216e+00,0.000000000000000000e+00,0.000000000000000000e+00,4.000000000000000000e+00,0.000000000000000000e+00,5.961971858373938532e-02,4.000000000000000000e+00,1.249772619980449653e-02,1.557082876975794949e+00,1.808801782109379364e-01
5.853050890041200383e+00,0.000000000000000000e+00,0.000000000000000000e+00,4.000000000000000000e+00,0.000000000000000000e+00,5.829776062990905255e-02,4.000000000000000000e+00,1.249772619980449653e-02,1.569580603175599443e+00,1.768602869353533003e-01
5.902741455614793686e+00,0.000000000000000000e+00,0.000000000000000000e+00,4.000000000000000000e+00,0.000000000000000000e+00,5.765999594018857838e-02,4.000000000000000000e+00,1.249772619980449653e-02,1.582078329375403936e+00,1.749211554098927535e-01
5.952628716266485043e+00,0.000000000000000000e+00,0.000000000000000000e+00,4.000000000000000000e+00,0.000000000000000000e+00,5.774515300861493561e-02,4.000000000000000000e+00,1.249772619980449653e-02,1.594576055575208429e+00,1.751800682490463335e-01
6.002522714648731217e+00,0.000000000000000000e+00,0.000000000000000000e+00,4.000000000000000000e+00,0.000000000000000000e+00,5.860940231552250884e-02,4.000000000000000000e+00,1.249772619980449653e-02,1.607073781775012922e+00,1.778078897909021738e-01
6.052300888875991269e+00,0.000000000000000000e+00,0.000000000000000000e+00,4.000000000000000000e+00,0.000000000000000000e+00,6.016911302361748620e-02,4.000000000000000000e+00,1.249772619980449653e-02,1.619571507974817415e+00,1.825509965205239227e-01
6.102042966952422987e+00,0.000000000000000000e+00,0.000000000000000000e+00,4.000000000000000000e+00,0.000000000000000000e+00,6.211832197358416879e-02,4.000000000000000000e+00,1.249772619980449653e-02,1.632069234174621908e+00,1.884798298559514362e-01
6.151874624907750722e+00,0.000000000000000000e+00,0.000000000000000000e+00,4.000000000000000000e+00,0.000000000000000000e+00,6.407210291955733883e-02,4.000000000000000000e+00,1.249772619980449653e-02,1.644566960374426401e+00,1.944240125235885963e-01
6.201715787855363260e+00,0.000000000000000000e+00,0.000000000000000000e+00,4.000000000000000000e+00,0.000000000000000000e+00,6.577677713192447984e-02,4.000000000000000000e+00,1.249772619980449653e-02,1.657064686574230894e+00,1.996115288456811743e-01
6.251634825320262934e+00,0.000000000000000000e+00,0.000000000000000000e+00,4.000000000000000000e+00,0.000000000000000000e+00,6.719261942251558706e-02,4.000000000000000000e+00,1.249772619980449653e-02,1.669562412774035387e+00,2.039209814129498144e-01
6.301646202880846204e+00,0.000000000000000000e+00,0.000000000000000000e+00,4.000000000000000000e+00,-8.476624322071402151e-02,6.845329451471184046e-02,4.000000000000000000e+00,1.249938162669275883e-02,1.682060138973839880e+00,2.077588363798516802e-01
6.351579991804041647e+00,0.000000000000000000e+00,0.000000000000000000e+00,3.998940474376923238e+00,-4.000000000000001776e+00,6.975049565803037588e-02,3.998940474376923238e+00,1.258018903605261779e-02,1.694559520600532609e+00,2.117085798026842325e-01
6.401427709270210542e+00,0.000000000000000000e+00,0.000000000000000000e+00,3.948619718232712739e+00,-3.999999999999985345e+00,7.115815027377746238e-02,3.948619718232712739e+00,1.274259253067382656e-02,1.707139709636585234e+00,2.159954445691100455e-01
6.451369116355287758e+00,0.000000000000000000e+00,0.000000000000000000e+00,3.897649348110017620e+00,-3.999999999999997780e+00,7.253447726219243441e-02,3.897649348110017620e+00,1.291145291361351505e-02,1.719882302167259125e+00,2.201877360314054566e-01
6.501307865875101122e+00,0.000000000000000000e+00,0.000000000000000000e+00,3.846003536455563587e+00,-4.000000000000000888e+00,7.366082382987285126e-02,3.846003536455563587e+00,1.308720973325183494e-02,1.732793755080872744e+00,2.236192104641940848e-01
6.550938792412129175e+00,0.000000000000000000e+00,0.000000000000000000e+00,3.793654697522556241e+00,-4.000000000000014211e+00,7.450505875911010711e-02,3.793654697522556241e+00,1.327034560553847810e-02,1.745880964814124470e+00,2.261915904212480899e-01
6.600630205272893569e+00,0.000000000000000000e+00,0.000000000000000000e+00,3.740573315100402141e+00,-3.999999999999996447e+00,7.534774607924490941e-02,3.740573315100402141e+00,1.346139179631457121e-02,1.759151310419662995e+00,2.287595781520568028e-01
6.650439569332778689e+00,0.000000000000000000e+00,0.000000000000000000e+00,3.686727747915143905e+00,-3.999999999999976463e+00,7.668785391934641871e-02,3.686727747915143905e+00,1.366093471432413761e-02,1.772612702215977665e+00,2.328440692620627750e-01
6.700247123039682506e+00,0.000000000000000000e+00,0.000000000000000000e+00,3.632084009057847673e+00,-3.999999999999994671e+00,7.899753478286866692e-02,3.632084009057847673e+00,1.386962349588396169e-02,1.786273636930301834e+00,2.398856878189120356e-01
6.750197053630842881e+00,0.000000000000000000e+00,0.000000000000000000e+00,3.576605515074311903e+00,-3.999999999999988010e+00,8.244587944871450969e-02,3.576605515074311903e+00,1.408817890498863246e-02,1.800143260426185776e+00,2.504036136810978141e-01
6.800137123130068240e+00,0.000000000000000000e+00,0.000000000000000000e+00,3.520252799454357540e+00,-3.999999999999990674e+00,8.678867595364496423e-02,3.520252799454357540e+00,1.431740382728688941e-02,1.814231439331174478e+00,2.636583026090045245e-01
6.850275878149430397e+00,0.000000000000000000e+00,0.000000000000000000e+00,3.462983184145210114e+00,-4.000000000000003553e+00,9.154209495449204537e-02,3.462983184145210114e+00,1.455819570666770646e-02,1.828548843158461334e+00,2.781777612453210646e-01
6.900520234030376621e+00,0.000000000000000000e+00,0.000000000000000000e+00,3.404750401318539232e+00,-4.000000000000011546e+00,9.628780027851618906e-02,3.404750401318539232e+00,1.481156136431800718e-02,1.843107038865128944e+00,2.926863040002427585e-01
6.950592136127045961e+00,0.000000000000000000e+00,0.000000000000000000e+00,3.345504155861267037e+00,-4.000000000000002665e+00,1.008698214800335807e-01,3.345504155861267037e+00,1.507863475920089534e-02,1.857918600229446993e+00,3.067070515253621510e-01
7.000697905614921446e+00,0.000000000000000000e+00,0.000000000000000000e+00,3.285189616824463421e+00,-4.000000000000004441e+00,1.053953639479222743e-01,3.285189616824463421e+00,1.536069840590535349e-02,1.872997234988647897e+00,3.205677457248126694e-01
7.050895024451632409e+00,0.000000000000000000e+00,0.000000000000000000e+00,3.223746823200841938e+00,-3.999999999999998224e+00,1.100691246824208325e-01,3.223746823200841938e+00,1.565920937475485247e-02,1.888357933394553267e+00,3.348963424272473066e-01
7.100829935353905498e+00,0.000000000000000000e+00,0.000000000000000000e+00,3.161109985701822556e+00,-4.000000000000011546e+00,1.149520794502642551e-01,3.161109985701822556e+00,1.597583107991535842e-02,1.904017142769308224e+00,3.498821058059276012e-01
7.150740583630507352e+00,0.000000000000000000e+00,0.000000000000000000e+00,3.097206661382160942e+00,-3.482851880935088573e+00,1.198273631993179433e-01,3.097206661382160942e+00,1.628984219969716388e-02,1.919992973849223628e+00,3.648611940099568129e-01
7.200798216730320611e+00,0.000000000000000000e+00,0.000000000000000000e+00,3.040471553836809893e+00,-2.698285876533474070e+00,1.242955187674635587e-01,3.040471553836809893e+00,1.656356374012618246e-02,1.936282816048920719e+00,3.786048344262302745e-01
7.250816771410567796e+00,0.000000000000000000e+00,0.000000000000000000e+00,2.995778323731765447e+00,-1.924875184192508470e+00,1.279917589848754700e-01,2.995778323731765447e+00,1.677754901097204196e-02,1.952846379789046960e+00,3.899857122241586760e-01
7.300833952119223369e+00,0.000000000000000000e+00,0.000000000000000000e+00,2.963483635988971798e+00,-1.361834331844160362e+00,1.307650210885112629e-01,2.963483635988971798e+00,1.693486142618479129e-02,1.969623928800019019e+00,3.985317969825566409e-01
7.350594953743185833e+00,0.000000000000000000e+00,0.000000000000000000e+00,2.940421160293769987e+00,-1.207096538820344067e+00,1.328003695209294399e-01,2.940421160293769987e+00,1.706102015126989557e-02,1.986558790226203852e+00,4.048078870870888135e-01
7.400317057817589195e+00,0.000000000000000000e+00,0.000000000000000000e+00,2.919826861920427952e+00,-1.553957700583497248e+00,1.346578387070315741e-01,2.919826861920427952e+00,1.719991158174829018e-02,2.003619810377473609e+00,4.105384563190199176e-01
7.450255012967494039e+00,0.000000000000000000e+00,0.000000000000000000e+00,2.893098926868614917e+00,-2.294494154328628799e+00,1.371264708938440546e-01,2.893098926868614917e+00,1.739941258318286957e-02,2.020819721959222104e+00,4.181590264188446149e-01
7.500183040052447403e+00,0.000000000000000000e+00,0.000000000000000000e+00,2.853176076407749839e+00,-3.151322889550861372e+00,1.409404949312541566e-01,2.853176076407749839e+00,1.769403991666083573e-02,2.038219134542404998e+00,4.299430140159500868e-01
7.550078669906686635e+00,0.000000000000000000e+00,0.000000000000000000e+00,2.797416443409749931e+00,-3.824467606408402442e+00,1.465357438093464471e-01,2.797416443409749931e+00,1.809418448687933820e-02,2.055913174459065740e+00,4.472535512631537480e-01
7.599943751063687358e+00,0.000000000000000000e+00,0.000000000000000000e+00,2.728215820975302464e+00,-3.999999999999991118e+00,1.539028261144165799e-01,2.728215820975302464e+00,1.857664179283995132e-02,2.074007358945944901e+00,4.700896009807895570e-01
7.649779176522722324e+00,0.000000000000000000e+00,0.000000000000000000e+00,2.653909253803942825e+00,-3.788398377698342312e+00,1.625404632022967311e-01,2.653909253803942825e+00,1.909700214104037216e-02,2.092584000738785033e+00,4.969307902153810019e-01
7.699679298955947715e+00,0.000000000000000000e+00,0.000000000000000000e+00,2.581562201873923712e+00,-3.253833574271569162e+00,1.716027712378969949e-01,2.581562201873923712e+00,1.960686399272389482e-02,2.111681002879825186e+00,5.251735644424055938e-01
7.749577560629606232e+00,0.000000000000000000e+00,0.000000000000000000e+00,2.517764729528222389e+00,-2.617315496030099720e+00,1.802244233778692584e-01,2.517764729528222389e+00,2.006452403981282689e-02,2.131287866872549230e+00,5.521254339450911708e-01
7.799159952269150153e+00,0.000000000000000000e+00,0.000000000000000000e+00,2.465249539838351822e+00,-2.033515508766927216e+00,1.878069677087167433e-01,2.465249539838351822e+00,2.045072714069749373e-02,2.151352390912362189e+00,5.758989298767190901e-01
7.848729896570499243e+00,0.000000000000000000e+00,0.000000000000000000e+00,2.423662669032182748e+00,-1.612036450166100643e+00,1.941477924678360889e-01,2.423662669032182748e+00,2.076964090710164620e-02,2.171803118053059478e+00,5.958318261226721591e-01
7.898550434946140619e+00,0.000000000000000000e+00,0.000000000000000000e+00,2.390181250833073978e+00,-1.428956318399670522e+00,1.994828360483066054e-01,2.390181250833073978e+00,2.104753253519490303e-02,2.192572758960161128e+00,6.126414453881658950e-01
7.948362076126936238e+00,0.000000000000000000e+00,0.000000000000000000e+00,2.360105246230184584e+00,-1.501643132371378586e+00,2.044597349986160550e-01,2.360105246230184584e+00,2.132633189223771819e-02,2.213620291495355996e+00,6.283553306986726650e-01
7.998053170381059118e+00,0.000000000000000000e+00,0.000000000000000000e+00,2.328080706405533107e+00,-1.759242233492632979e+00,2.099605595623729171e-01,2.328080706405533107e+00,2.165011166603163575e-02,2.234946623387593867e+00,6.457612500736286121e-01
8.047946080441075623e+00,0.000000000000000000e+00,0.000000000000000000e+00,2.289992915602818702e+00,-2.057549897368453617e+00,2.167876819185600989e-01,2.289992915602818702e+00,2.204855386212957111e-02,2.256596735053625569e+00,6.674208454192434026e-01
8.098123185294769044e+00,0.000000000000000000e+00,0.000000000000000000e+00,2.244626915866671180e+00,-2.234572256428391857e+00,2.253480830589201511e-01,2.244626915866671180e+00,2.252389133698002449e-02,2.278645288915755351e+00,6.946718679629576565e-01
8.148309523225503170e+00,0.000000000000000000e+00,0.000000000000000000e+00,2.194295653178247818e+00,-2.174192950674130209e+00,2.354302902358196004e-01,2.194295653178247818e+00,2.304532086611871602e-02,2.301169180252735202e+00,7.269051717611254571e-01
8.198388457195857626e+00,0.000000000000000000e+00,0.000000000000000000e+00,2.144190679005109068e+00,-1.852440835369596472e+00,2.461270937057297159e-01,2.144190679005109068e+00,2.355423623240141331e-02,2.324214501118853970e+00,7.612744195706185879e-01
8.248406929283619959e+00,0.000000000000000000e+00,0.000000000000000000e+00,2.100557849962266577e+00,-1.344016911368741241e+00,2.560212156815075413e-01,2.100557849962266577e+00,2.398288134808758409e-02,2.347768737351255464e+00,7.932293063055937399e-01
8.298446712724095065e+00,0.000000000000000000e+00,0.000000000000000000e+00,2.068324451847086909e+00,-7.826273913278389838e-01,2.637007598813058129e-01,2.068324451847086909e+00,2.428130469124181734e-02,2.371751618699343034e+00,8.181458124776230800e-01
8.348544524725980409e+00,0.000000000000000000e+00,0.000000000000000000e+00,2.049321237698543907e+00,-3.100602350489253811e-01,2.683834063691145633e-01,2.049321237698543907e+00,2.443906714407662745e-02,2.396032923390584823e+00,8.333893816896286166e-01
8.398618249042472783e+00,0.000000000000000000e+00,0.000000000000000000e+00,2.041743654795475038e+00,-4.301137928344225120e-02,2.702837580730161893e-01,2.041743654795475038e+00,2.449073550986841444e-02,2.420471990534661444e+00,8.395868255074139253e-01
8.448654414170691851e+00,0.000000000000000000e+00,0.000000000000000000e+00,2.040690274481529620e+00,-4.490751088523749213e-02,2.705494492372708670e-01,2.040690274481529620e+00,2.450366296230025928e-02,2.444962726044529688e+00,8.404538189011988569e-01
8.498650443881555105e+00,0.000000000000000000e+00,0.000000000000000000e+00,2.039589875970321931e+00,-2.880299499355998827e-01,2.708273975082830520e-01,2.039589875970321931e+00,2.455283959534678567e-02,2.469466389006830020e+00,8.413609459907973598e-01
8.548604902334401956e+00,0.000000000000000000e+00,0.000000000000000000e+00,2.032517922810897382e+00,-6.443092621622876770e-01,2.726234435660402911e-01,2.032517922810897382e+00,2.469219253768918307e-02,2.494019228602176952e+00,8.472260028021798561e-01
8.598384964570504607e+00,0.000000000000000000e+00,0.000000000000000000e+00,2.016608514455769718e+00,-9.493578458409309695e-01,2.767264124412711079e-01,2.016608514455769718e+00,2.493595593500092661e-02,2.518711421139866236e+00,8.606465879222641169e-01
8.648125241001629604e+00,0.000000000000000000e+00,0.000000000000000000e+00,1.992935369045332861e+00,-1.097533563330075346e+00,2.829959148306583905e-01,1.992935369045332861e+00,2.525974948271315912e-02,2.543647377074867322e+00,8.812144598150722929e-01
8.697970837482055018e+00,0.000000000000000000e+00,0.000000000000000000e+00,1.965211946186745662e+00,-1.083572172043377746e+00,2.905972608453665229e-01,1.965211946186745662e+00,2.561886173813967757e-02,2.568907126557580689e+00,9.062525746504740409e-01
8.747772957874538236e+00,0.000000000000000000e+00,0.000000000000000000e+00,1.937452060527870668e+00,-9.757469357444240599e-01,2.985011415494062681e-01,1.937452060527870668e+00,2.597225750936697428e-02,2.594525988295720342e+00,9.324082632862650266e-01
8.797710448337369371e+00,0.000000000000000000e+00,0.000000000000000000e+00,1.912109709848740735e+00,-8.625804398031237108e-01,3.059838327740211361e-01,1.912109709848740735e+00,2.630039089295287125e-02,2.620498245805087389e+00,9.572875937625189291e-01
8.847643681956389727e+00,0.000000000000000000e+00,0.000000000000000000e+00,1.889423507105303379e+00,-8.101959801836061681e-01,3.129076934514906094e-01,1.889423507105303379e+00,2.661010277067296301e-02,2.646798636698040053e+00,9.804138003344179397e-01
8.897379144510789928e+00,0.000000000000000000e+00,0.000000000000000000e+00,1.867864108808231505e+00,-8.441594156334174537e-01,3.196926631756517034e-01,1.867864108808231505e+00,2.692752162054612777e-02,2.673408739468713158e+00,1.003176823397565087e+00
8.947073908478213156e+00,0.000000000000000000e+00,0.000000000000000000e+00,1.845132987892575072e+00,-9.498709607348424511e-01,3.270708196071050455e-01,1.845132987892575072e+00,2.728501485444161795e-02,2.700336261089259171e+00,1.028046354958610298e+00
8.996937082430598309e+00,0.000000000000000000e+00,0.000000000000000000e+00,1.819215744619122166e+00,-1.081374271598797288e+00,3.357751810974343720e-01,1.819215744619122166e+00,2.770754084023193189e-02,2.727621275943700851e+00,1.057546889760364817e+00
9.046801317873081061e+00,0.000000000000000000e+00,0.000000000000000000e+00,1.789253522825222431e+00,-1.181131931658470524e+00,3.462428081143055225e-01,1.789253522825222431e+00,2.820204854676948425e-02,2.755328816783932933e+00,1.093262074081193358e+00
9.096473711315406163e+00,0.000000000000000000e+00,0.000000000000000000e+00,1.755943182748450626e+00,-1.207458645687221388e+00,3.584148657633003388e-01,1.755943182748450626e+00,2.875381025612694375e-02,2.783530865330702486e+00,1.135133983664760260e+00
9.145938117491034802e+00,0.000000000000000000e+00,0.000000000000000000e+00,1.721224145958240248e+00,-1.150555236360267131e+00,3.717333399003960315e-01,1.721224145958240248e+00,2.933135263218915323e-02,2.812284675586829596e+00,1.181389712077677068e+00
9.195592648259001578e+00,0.000000000000000000e+00,0.000000000000000000e+00,1.687476804597745517e+00,-1.028130122335713770e+00,3.853313698517641939e-01,1.687476804597745517e+00,2.989693834806689265e-02,2.841616028219018819e+00,1.229114721957321521e+00
9.245244403703740232e+00,0.000000000000000000e+00,0.000000000000000000e+00,1.656738861716484212e+00,-8.715059102225831689e-01,3.983063020776468344e-01,1.656738861716484212e+00,3.041763476538696456e-02,2.871512966567085545e+00,1.275146036536997762e+00
9.294910106584547194e+00,0.000000000000000000e+00,0.000000000000000000e+00,1.630229713243457557e+00,-7.120604601579271220e-01,4.099692527110996854e-01,1.630229713243457557e+00,3.087310587541575169e-02,2.901930601332472381e+00,1.316953483348166865e+00
9.344833608206943865e+00,0.000000000000000000e+00,0.000000000000000000e+00,1.608246195267304612e+00,-5.707990362599371093e-01,4.199870534360847230e-01,1.608246195267304612e+00,3.125749598507904237e-02,2.932803707207888078e+00,1.353203084592573768e+00
9.394571088861354724e+00,0.000000000000000000e+00,0.000000000000000000e+00,1.590404446683122641e+00,-4.523227308625338838e-01,4.283558100233683108e-01,1.590404446683122641e+00,3.157459577674694845e-02,2.964061203192966953e+00,1.383734858698455694e+00
9.444347986910742065e+00,0.000000000000000000e+00,0.000000000000000000e+00,1.576122539295503833e+00,-3.456551231759162346e-01,4.352128401074074615e-01,1.576122539295503833e+00,3.182873775049517573e-02,2.995635798969713992e+00,1.408925680073977560e+00
9.494384834792857220e+00,0.000000000000000000e+00,0.000000000000000000e+00,1.565120773027822487e+00,-2.328773317997483439e-01,4.405928438219692267e-01,1.565120773027822487e+00,3.201686705867716476e-02,3.027464536720209320e+00,1.428802933041602108e+00
9.544309967769478931e+00,0.000000000000000000e+00,0.000000000000000000e+00,1.557664770454610492e+00,-9.965309302204322650e-02,4.442880896493444087e-01,1.557664770454610492e+00,3.212650908859859128e-02,3.059481403778886666e+00,1.442514040900422900e+00
9.594071103966081537e+00,0.000000000000000000e+00,0.000000000000000000e+00,1.554463264455930860e+00,6.118948322124766886e-02,4.458870927921737004e-01,1.554463264455930860e+00,3.213926224472594267e-02,3.091607912867485375e+00,1.448462040061571532e+00
9.644036211406882941e+00,0.000000000000000000e+00,0.000000000000000000e+00,1.556429849303797797e+00,2.513898558490739177e-01,4.449039951235435053e-01,1.556429849303797797e+00,3.203607464234738134e-02,3.123747175112211227e+00,1.444804022432895962e+00
9.694011696421897639e+00,0.000000000000000000e+00,0.000000000000000000e+00,1.564483393490107677e+00,4.670435071696343865e-01,4.409071722585010122e-01,1.564483393490107677e+00,3.180265070140110562e-02,3.155783249754558817e+00,1.429967375268168084e+00
9.743772278719198709e+00,0.000000000000000000e+00,0.000000000000000000e+00,1.579336615010980882e+00,6.995465444302955138e-01,4.336572717329318372e-01,1.579336615010980882e+00,3.143426724551577622e-02,3.187585900455959909e+00,1.403196963409876874e+00
9.793729176207179421e+00,0.000000000000000000e+00,0.000000000000000000e+00,1.601326348039279868e+00,9.422431616485035244e-01,4.232071260439587146e-01,1.601326348039279868e+00,3.093685406828089804e-02,3.219020167701475810e+00,1.364923607354050938e+00
9.843943644713176511e+00,0.000000000000000000e+00,0.000000000000000000e+00,1.630476387228035229e+00,1.193783496129121380e+00,4.098586474101642008e-01,1.630476387228035229e+00,3.032368201673369540e-02,3.249957021769756871e+00,1.316555030979315255e+00
9.894230971115979045e+00,0.000000000000000000e+00,0.000000000000000000e+00,1.666676298361479347e+00,1.451313478883615948e+00,3.940483336076735510e-01,1.666676298361479347e+00,2.961257276667327021e-02,3.280280703786490726e+00,1.259985437003682929e+00
9.944328320831026247e+00,0.000000000000000000e+00,0.000000000000000000e+00,1.709653424362174157e+00,1.704833581127631170e+00,3.763213826362498127e-01,1.709653424362174157e+00,2.882607360154011006e-02,3.309893276553164121e+00,1.197434821692600071e+00
9.994293276460945563e+00,0.000000000000000000e+00,0.000000000000000000e+00,1.758797082650136456e+00,1.939497566360024905e+00,3.573492327349035991e-01,1.758797082650136456e+00,2.799134266858780903e-02,3.338719350154704113e+00,1.131453137849721013e+00
1.004464615935014571e+01,0.000000000000000000e+00,0.000000000000000000e+00,1.813086223635012040e+00,2.136679195392725106e+00,3.378806654262557774e-01,1.813086223635012040e+00,2.713830446900252630e-02,3.366710692823291939e+00,1.064709498008608701e+00
1.009500809263646204e+01,0.000000000000000000e+00,0.000000000000000000e+00,1.871072074192163148e+00,2.279780763911254393e+00,3.186701445136614907e-01,1.871072074192163148e+00,2.629650883562256042e-02,3.393848997292294278e+00,9.997398657383665954e-01
1.014526176791793688e+01,0.000000000000000000e+00,0.000000000000000000e+00,1.931022349193637799e+00,2.382129517081657877e+00,3.003750141272804042e-01,1.931022349193637799e+00,2.548762146813622967e-02,3.420145506127916679e+00,9.386278670402399271e-01
1.019567262787161788e+01,0.000000000000000000e+00,0.000000000000000000e+00,1.991737164613089250e+00,2.500000000000001332e+00,2.833185848905475090e-01,1.991737164613089250e+00,2.471577025800620470e-02,3.445633127596052780e+00,8.822750341628943227e-01
1.024603451936289567e+01,0.000000000000000000e+00,0.000000000000000000e+00,2.053526590258104800e+00,2.500000000000002220e+00,2.672497696504312903e-01,2.053526590258104800e+00,2.399350213060118600e-02,3.470348897854059089e+00,8.296954422913930260e-01
1.029624651486028952e+01,0.000000000000000000e+00,0.000000000000000000e+00,2.113510345584607819e+00,2.499999999999989786e+00,2.513829417943407862e-01,2.113510345584607819e+00,2.333108079568449456e-02,3.494342399984660119e+00,7.782289437472008631e-01
1.034655810422985134e+01,0.000000000000000000e+00,0.000000000000000000e+00,2.171838047573818820e+00,2.500000000000002665e+00,2.347550570875440168e-01,2.171838047573818820e+00,2.272067142252145316e-02,3.517673480780344697e+00,7.247416210382370272e-01
1.039683482055566976e+01,0.000000000000000000e+00,0.000000000000000000e+00,2.228639726130122511e+00,2.500000000000005329e+00,2.167099378383156028e-01,2.228639726130122511e+00,2.215580412121442508e-02,3.540394152202866351e+00,6.671738332482078926e-01
1.044687555378338395e+01,0.000000000000000000e+00,0.000000000000000000e+00,2.284029236433158694e+00,2.499999999999989342e+00,1.972943309608042872e-01,2.284029236433158694e+00,2.163108262440323337e-02,3.562549956324080558e+00,6.057415881405867619e-01
1.049700397752702585e+01,0.000000000000000000e+00,0.000000000000000000e+00,2.338106942994166548e+00,2.499999999999992006e+00,1.773349192758545967e-01,2.338106942994166548e+00,2.114196553915614896e-02,3.584181038948483611e+00,5.430834177085062109e-01
1.054711205073586555e+01,0.000000000000000000e+00,0.000000000000000000e+00,2.390961856842056754e+00,2.500000000000004885e+00,1.580703871850057118e-01,2.390961856842056754e+00,2.068459972519157142e-02,3.605323004487639871e+00,4.830309341172359661e-01
1.059726659742561594e+01,0.000000000000000000e+00,0.000000000000000000e+00,2.442673356155035780e+00,2.499999999999994227e+00,1.405295884726459055e-01,2.442673356155035780e+00,2.025569172620227815e-02,3.626007604212831303e+00,4.286728512737414398e-01
1.064744640742258319e+01,0.000000000000000000e+00,0.000000000000000000e+00,2.493312585470541354e+00,2.499999999999991118e+00,1.250662181970140785e-01,2.493312585470541354e+00,1.985240739112839603e-02,3.646263295939033533e+00,3.809769723186864909e-01
1.069749550934871785e+01,0.000000000000000000e+00,0.000000000000000000e+00,2.542943603948362163e+00,2.499999999999996891e+00,1.113215574172078393e-01,2.542943603948362163e+00,1.947229265940750992e-02,3.666115703330162123e+00,3.387384811592078493e-01
1.074773011573164894e+01,0.000000000000000000e+00,0.000000000000000000e+00,2.591624335596880879e+00,2.499999999999999556e+00,9.855975168957049892e-02,2.591624335596880879e+00,1.911321043048080232e-02,3.685587995989569432e+00,2.996367694345881127e-01
1.079817605822778681e+01,0.000000000000000000e+00,0.000000000000000000e+00,2.639407361673082875e+00,2.500000000000003553e+00,8.610358508401344535e-02,2.639407361673082875e+00,1.877328979474463672e-02,3.704701206420050408e+00,2.615666779121050278e-01
1.084862249547443724e+01,0.000000000000000000e+00,0.000000000000000000e+00,2.686340586159944532e+00,2.500000000000005773e+00,7.361085397893615823e-02,2.686340586159944532e+00,1.845088486332655681e-02,3.723474496214794982e+00,2.234669626406812493e-01
1.089906592549839282e+01,0.000000000000000000e+00,0.000000000000000000e+00,2.732467798318261032e+00,2.500000000000010658e+00,6.107770783701928913e-02,2.732467798318261032e+00,1.814454112287534546e-02,3.741925381078121671e+00,1.853144581607942543e-01
1.094926334113818633e+01,0.000000000000000000e+00,0.000000000000000000e+00,2.777829151125449592e+00,2.499999999999990230e+00,4.865042077328660813e-02,2.777829151125449592e+00,1.785296774196172553e-02,3.760069922200997006e+00,1.475419397408369859e-01
1.099942014978907245e+01,0.000000000000000000e+00,0.000000000000000000e+00,2.822461570480353732e+00,2.500000000000004441e+00,3.644656494711786404e-02,2.822461570480353732e+00,1.757501462349605678e-02,3.777922889942958662e+00,1.104930651014288806e-01
1.104998335329196735e+01,0.000000000000000000e+00,0.000000000000000000e+00,2.866399107039093952e+00,2.499999999999995559e+00,2.452058842248514003e-02,2.866399107039093952e+00,1.730965327086749633e-02,3.795497904566454750e+00,7.431970913624855180e-02
1.110050221161292328e+01,0.000000000000000000e+00,0.000000000000000000e+00,2.909673240216262613e+00,2.499999999999992450e+00,1.293276525405537801e-02,2.909673240216262613e+00,1.705596074064535603e-02,3.812807557837322392e+00,3.919238282310289617e-02
1.115097514392348899e+01,0.000000000000000000e+00,0.000000000000000000e+00,2.952313142067875873e+00,2.500000000000000444e+00,1.795485530579408193e-03,2.952313142067875873e+00,1.681310611011710074e-02,3.829863518577967696e+00,5.440871090883846357e-03
1.120130781752857274e+01,0.000000000000000000e+00,0.000000000000000000e+00,2.994345907343168633e+00,2.499999999999985345e+00,-8.775444103478250574e-03,2.994345907343168633e+00,1.658033900675671274e-02,3.846676624688084800e+00,-2.659293748922231942e-02
1.125115200869615961e+01,0.000000000000000000e+00,0.000000000000000000e+00,3.035796754860060176e+00,2.500000000000014655e+00,-1.877209486860137097e-02,3.035796754860060176e+00,1.635697983830234833e-02,3.863256963694841506e+00,-5.689181885445550313e-02
1.130126072974552720e+01,0.000000000000000000e+00,0.000000000000000000e+00,3.076689204455816284e+00,2.499999999999988010e+00,-2.836724054352332894e-02,3.076689204455816284e+00,1.614241143326705652e-02,3.879613943533144038e+00,-8.598440010965788249e-02
1.135153033410557022e+01,0.000000000000000000e+00,0.000000000000000000e+00,3.117045233038983731e+00,2.499999999999989342e+00,-3.787886004052697098e-02,3.117045233038983731e+00,1.593607185738015256e-02,3.895756354966410928e+00,-1.148393537622757893e-01
1.140174950916898666e+01,0.000000000000000000e+00,0.000000000000000000e+00,3.156885412682433945e+00,2.499999999999985789e+00,-4.765206417594711891e-02,3.156885412682433945e+00,1.573744821532523444e-02,3.911692426823790925e+00,-1.445095912697367257e-01
1.145191809314020226e+01,0.000000000000000000e+00,0.000000000000000000e+00,3.196229033220746807e+00,2.500000000000004441e+00,-5.793742112371987746e-02,3.196229033220746807e+00,1.554607128193478613e-02,3.927429875039116336e+00,-1.757646525161489781e-01
1.150203696620707916e+01,0.000000000000000000e+00,0.000000000000000000e+00,3.235094211425583843e+00,5.834482597118896274e-01,-6.881759529165329403e-02,3.235094211425583843e+00,1.543121636511687531e-02,3.942975946321050973e+00,-2.088679949922674917e-01
1.155219079906719770e+01,0.000000000000000000e+00,0.000000000000000000e+00,3.244097527759048916e+00,-3.999999999999997335e+00,-8.019232918173606339e-02,3.244097527759048916e+00,1.555904913061690806e-02,3.958407162686167879e+00,-2.435293122867126236e-01
1.160230600591212280e+01,0.000000000000000000e+00,0.000000000000000000e+00,3.181861331236581325e+00,-3.999999999999991118e+00,-9.181501433419515801e-02,3.181861331236581325e+00,1.586951233448722492e-02,3.973966211816784888e+00,-2.790117799482970118e-01
1.165229984961592535e+01,0.000000000000000000e+00,0.000000000000000000e+00,3.118383281898632564e+00,-3.999999999999995559e+00,-1.033603602019079470e-01,3.118383281898632564e+00,1.619933705208799826e-02,3.989835724151272078e+00,-3.143333901420456988e-01
1.170201475713402672e+01,0.000000000000000000e+00,0.000000000000000000e+00,3.053585933690280640e+00,-3.999999999999995115e+00,-1.144760251730511519e-01,3.053585933690280640e+00,1.655062348737747907e-02,4.006035061203360392e+00,-3.484203657906221885e-01
1.175186772385964140e+01,0.000000000000000000e+00,0.000000000000000000e+00,2.987383439740770807e+00,-3.999999999999992006e+00,-1.247824151469030807e-01,2.987383439740770807e+00,1.692580533830160411e-02,4.022585684690738184e+00,-3.801034008107734286e-01
1.180185836160763202e+01,0.000000000000000000e+00,0.000000000000000000e+00,2.919680218387564530e+00,-4.000000000000004441e+00,-1.338502476508864336e-01,2.919680218387564530e+00,1.732772113888967833e-02,4.039511490029039642e+00,-4.080465655447756967e-01
1.185158113500186694e+01,0.000000000000000000e+00,0.000000000000000000e+00,2.850369333832005747e+00,-2.940202219564577835e+00,-1.412145245563499740e-01,2.850369333832005747e+00,1.769997697448987689e-02,4.056839211167929449e+00,-4.307901558112027796e-01
1.190132042279956792e+01,0.000000000000000000e+00,0.000000000000000000e+00,2.798327822245368690e+00,-1.484010787689333810e+00,-1.464416687868537459e-01,2.798327822245368690e+00,1.794999869495637543e-02,4.074539188142419555e+00,-4.469622694199751334e-01
1.195126063722276832e+01,0.000000000000000000e+00,0.000000000000000000e+00,2.771689830543043964e+00,-1.430750947737195466e-01,-1.492286042795690215e-01,2.771689830543043964e+00,1.804465909893528813e-02,4.092489186837376280e+00,-4.555948304533499194e-01
1.200112879564113477e+01,0.000000000000000000e+00,0.000000000000000000e+00,2.769108089232304337e+00,1.067643086455194235e+00,-1.495028706353472292e-01,2.769108089232304337e+00,1.799067575437516761e-02,4.110533845936311437e+00,-4.564447621115798603e-01
1.205116839358123926e+01,0.000000000000000000e+00,0.000000000000000000e+00,2.788315709822120070e+00,2.106363866900675674e+00,-1.474800669635138450e-01,2.788315709822120070e+00,1.780891600139502401e-02,4.128524521690686733e+00,-4.501778814953089070e-01
1.210121253235963579e+01,0.000000000000000000e+00,0.000000000000000000e+00,2.825827766996127810e+00,2.499999999999990230e+00,-1.436445327578297626e-01,2.825827766996127810e+00,1.755439918007890843e-02,4.146333437692081958e+00,-4.383052451521896042e-01
1.215129189701725387e+01,0.000000000000000000e+00,0.000000000000000000e+00,2.869713764946324908e+00,2.500000000000008438e+00,-1.386454638316712840e-01,2.869713764946324908e+00,1.728995663427331658e-02,4.163887836872160797e+00,-4.228506724903524638e-01
1.220159783770078299e+01,0.000000000000000000e+00,0.000000000000000000e+00,2.912938656532008341e+00,2.500000000000009326e+00,-1.331404435284482823e-01,2.912938656532008341e+00,1.703711662763709653e-02,4.181177793506433815e+00,-4.058568522284564661e-01
1.225178670441125739e+01,0.000000000000000000e+00,0.000000000000000000e+00,2.955531448101101244e+00,2.500000000000014211e+00,-1.276774352390982747e-01,2.955531448101101244e+00,1.679505474430990561e-02,4.198214910134071332e+00,-3.890174794640702260e-01
1.230181044639413912e+01,0.000000000000000000e+00,0.000000000000000000e+00,2.997519084961876246e+00,2.500000000000000444e+00,-1.226907406328191369e-01,2.997519084961876246e+00,1.656302631973538206e-02,4.215009964878380977e+00,-3.736669457967470853e-01
1.235195671733471734e+01,0.000000000000000000e+00,0.000000000000000000e+00,3.038926650761214709e+00,2.500000000000000000e+00,-1.185429867528724340e-01,3.038926650761214709e+00,1.634035678743792769e-02,4.231572991198116362e+00,-3.609133288084007685e-01
1.240213183294518551e+01,0.000000000000000000e+00,0.000000000000000000e+00,3.079777542729809525e+00,2.500000000000001332e+00,-1.154938271109103021e-01,3.079777542729809525e+00,1.612643341660663712e-02,4.247913347985554644e+00,-3.515457550068996073e-01
1.245198405365878536e+01,0.000000000000000000e+00,0.000000000000000000e+00,3.120093626271326137e+00,2.500000000000002665e+00,-1.136127731854056494e-01,3.120093626271326137e+00,1.592069820969628860e-02,4.264039781402161111e+00,-3.457701303932907422e-01
1.250183788817721187e+01,0.000000000000000000e+00,0.000000000000000000e+00,3.159895371795566898e+00,2.471676635537916056e+00,-1.127239269233447777e-01,3.159895371795566898e+00,1.572373619354890117e-02,4.279960479611857771e+00,-3.430418644903981962e-01
1.255186409516589663e+01,0.000000000000000000e+00,0.000000000000000000e+00,3.198759363168523606e+00,3.175393751154267918e-01,-1.124046703556539767e-01,3.198759363168523606e+00,1.561611271102283233e-02,4.295684215805406936e+00,-3.420620578267174472e-01
1.260186403416618184e+01,0.000000000000000000e+00,0.000000000000000000e+00,3.203718093840513870e+00,8.924648935901864366e-01,-1.120598865196679450e-01,3.203718093840513870e+00,1.557025988880555122e-02,4.311300328516430191e+00,-3.410039866233223194e-01
1.265185021189205727e+01,0.000000000000000000e+00,0.000000000000000000e+00,3.217614004175348263e+00,1.879843183811176655e+00,-1.111020326664550056e-01,3.217614004175348263e+00,1.546675770715082512e-02,4.326870588405236084e+00,-3.380649587573626991e-01
1.270198429567727239e+01,0.000000000000000000e+00,0.000000000000000000e+00,3.246689083226794725e+00,2.499999999999978240e+00,-1.091368718086433015e-01,3.246689083226794725e+00,1.530729062512263886e-02,4.342337346112387308e+00,-3.320371235487426520e-01
1.275211725820216913e+01,0.000000000000000000e+00,0.000000000000000000e+00,3.284957309789600988e+00,2.499999999999984901e+00,-1.060127988329241655e-01,3.284957309789600988e+00,1.513100956834199234e-02,4.357644636737510346e+00,-3.224598228133429001e-01
1.280208539345475138e+01,0.000000000000000000e+00,0.000000000000000000e+00,3.322784833710455743e+00,2.499999999999978684e+00,-1.017803234705888377e-01,3.322784833710455743e+00,1.496068201198492119e-02,4.372775646305852248e+00,-3.094946706982436568e-01
1.285203034307187053e+01,0.000000000000000000e+00,0.000000000000000000e+00,3.360186538740417728e+00,2.499999999999994227e+00,-9.671182716957998915e-02,3.360186538740417728e+00,1.479598020474209852e-02,4.387736328317837220e+00,-2.939832742137864496e-01
1.290195218604899630e+01,0.000000000000000000e+00,0.000000000000000000e+00,3.397176489252272891e+00,2.499999999999989786e+00,-9.138578945011194277e-02,3.397176489252272891e+00,1.463660111311485858e-02,4.402532308522578930e+00,-2.777001235798531309e-01
1.295190218072119670e+01,0.000000000000000000e+00,0.000000000000000000e+00,3.433767992035059891e+00,2.500000000000003109e+00,-8.671399726982531586e-02,3.433767992035059891e+00,1.448226407510409472e-02,4.417168909635694085e+00,-2.634302919056852876e-01
1.300184080556073773e+01,0.000000000000000000e+00,0.000000000000000000e+00,3.469973652222820171e+00,1.013955060488960891e+00,-8.381676366306263504e-02,3.469973652222820171e+00,1.437651279068149872e-02,4.431651173710798197e+00,-2.545866506035118215e-01
1.305171887534803332e+01,0.000000000000000000e+00,0.000000000000000000e+00,3.484550790119115948e+00,-4.000000000000003553e+00,-8.369704151923483548e-02,3.484550790119115948e+00,1.446656129494837580e-02,4.446027686501479614e+00,-2.542212991955718482e-01
1.310172032046349777e+01,0.000000000000000000e+00,0.000000000000000000e+00,3.426684544939322397e+00,-4.000000000000005329e+00,-8.677434066069066032e-02,3.426684544939322397e+00,1.471509031659699353e-02,4.460494247796427558e+00,-2.636145335276962598e-01
1.315182050184816198e+01,0.000000000000000000e+00,0.000000000000000000e+00,3.367824183672934346e+00,-3.999999999999987121e+00,-9.255695745551191511e-02,3.367824183672934346e+00,1.497688604861651535e-02,4.475209338113024238e+00,-2.812793080518051769e-01
1.320185247467443901e+01,0.000000000000000000e+00,0.000000000000000000e+00,3.307916639478468479e+00,-4.000000000000007105e+00,-9.977275474954534762e-02,3.307916639478468479e+00,1.525317256906952301e-02,4.490186224161640816e+00,-3.033489223512838562e-01
1.325200349815466438e+01,0.000000000000000000e+00,0.000000000000000000e+00,3.246903949202190276e+00,-3.999999999999999112e+00,-1.069535531343554086e-01,3.246903949202190276e+00,1.554533816403425375e-02,4.505439396730710477e+00,-3.253431635011757028e-01
1.330215067446795274e+01,0.000000000000000000e+00,0.000000000000000000e+00,3.184722596546053275e+00,-4.000000000000000000e+00,-1.130969043211430408e-01,3.184722596546053275e+00,1.585496478424830435e-02,4.520984734894744506e+00,-3.441866314900748902e-01
1.335196626926736485e+01,0.000000000000000000e+00,0.000000000000000000e+00,3.121302737409060057e+00,-3.328183076603332680e+00,-1.180015910133478257e-01,3.121302737409060057e+00,1.615518268215126660e-02,4.536839699678992588e+00,-3.592495707278937633e-01
1.340160559866093770e+01,0.000000000000000000e+00,0.000000000000000000e+00,3.067535331806888976e+00,-3.039506381133598278e+00,-1.221338031272099778e-01,3.067535331806888976e+00,1.643051329633232749e-02,4.552994882361144136e+00,-3.719537119099313727e-01
1.345155828832788458e+01,0.000000000000000000e+00,0.000000000000000000e+00,3.017594681797386436e+00,-3.064674494443659913e+00,-1.261674070614343113e-01,3.017594681797386436e+00,1.670823460477812578e-02,4.569425395657476408e+00,-3.843671230052211896e-01
1.350162867011496459e+01,0.000000000000000000e+00,0.000000000000000000e+00,2.966389381356941968e+00,-3.041472948741585469e+00,-1.305118637485956079e-01,2.966389381356941968e+00,1.700061006874191427e-02,4.586133630262254179e+00,-3.977514107314326086e-01
1.355146768738224949e+01,0.000000000000000000e+00,0.000000000000000000e+00,2.914682485720759608e+00,-2.826555875237027227e+00,-1.351278364749655680e-01,2.914682485720759608e+00,1.729646790007280735e-02,4.603134240330995830e+00,-4.119889251564640698e-01
1.360113044259155757e+01,0.000000000000000000e+00,0.000000000000000000e+00,2.865793052756960169e+00,-2.534848560918688598e+00,-1.397183360295506105e-01,2.865793052756960169e+00,1.758069775150180106e-02,4.620430708231068273e+00,-4.261656026146599108e-01
1.365088254841856319e+01,0.000000000000000000e+00,0.000000000000000000e+00,2.821228646361619408e+00,-2.373697977978834306e+00,-1.441067964496719200e-01,2.821228646361619408e+00,1.785364547916047651e-02,4.638011405982569890e+00,-4.397354459812304328e-01
1.370084708456613676e+01,0.000000000000000000e+00,0.000000000000000000e+00,2.778849484188185226e+00,-2.436483746449342291e+00,-1.484718903838380955e-01,2.778849484188185226e+00,1.813394781572597383e-02,4.655865051461730353e+00,-4.532501917145894121e-01
1.375071216722431089e+01,0.000000000000000000e+00,0.000000000000000000e+00,2.734666415076208335e+00,-2.623477191865320801e+00,-1.532340732422171059e-01,2.734666415076208335e+00,1.844360769728475152e-02,4.673998999277456434e+00,-4.680145234244155183e-01
1.380046152879683063e+01,0.000000000000000000e+00,0.000000000000000000e+00,2.686280030946670117e+00,-2.733420903867296303e+00,-1.587125437643583659e-01,2.686280030946670117e+00,1.878933182539866548e-02,4.692442606974741359e+00,-4.850265106813643201e-01
1.385037825520715415e+01,0.000000000000000000e+00,0.000000000000000000e+00,2.634920878565426339e+00,-2.606303192499250354e+00,-1.648495070575630717e-01,2.634920878565426339e+00,1.915389360390494511e-02,4.711231938800140462e+00,-5.041187919499557912e-01
1.390018472671341598e+01,0.000000000000000000e+00,0.000000000000000000e+00,2.585000024516777906e+00,-2.196707252394893395e+00,-1.711555089266700858e-01,2.585000024516777906e+00,1.950041432716157278e-02,4.730385832404045310e+00,-5.237776240115041837e-01
1.395000009296672694e+01,0.000000000000000000e+00,0.000000000000000000e+00,2.542163322939596792e+00,-1.581440874980964972e+00,-1.768536027021457291e-01,2.542163322939596792e+00,1.978648473643925682e-02,4.749886246731207073e+00,-5.415781657893803391e-01
1.399990669344167493e+01,0.000000000000000000e+00,0.000000000000000000e+00,2.510872167205204786e+00,-9.299908205039378872e-01,-1.811937571402292280e-01,2.510872167205204786e+00,1.998373361653800820e-02,4.769672731467646365e+00,-5.551608590921091047e-01
1.404949372395947726e+01,0.000000000000000000e+00,0.000000000000000000e+00,2.492287478382428478e+00,-4.428190759233575080e-01,-1.838458392934115282e-01,2.492287478382428478e+00,2.009411213707293364e-02,4.789656465084184411e+00,-5.634712647352507764e-01
1.409929312286130276e+01,0.000000000000000000e+00,0.000000000000000000e+00,2.483389422214389519e+00,-2.783858853691963398e-01,-1.851358005322421008e-01,2.483389422214389519e+00,2.015287491604302733e-02,4.809750577221257650e+00,-5.675163663299912509e-01
1.414910483899553029e+01,0.000000000000000000e+00,0.000000000000000000e+00,2.477779146288152212e+00,-4.861508133195368564e-01,-1.859559578427205095e-01,2.477779146288152212e+00,2.021578251310428287e-02,4.829903452137300768e+00,-5.700892574522833378e-01
1.419886273469507465e+01,0.000000000000000000e+00,0.000000000000000000e+00,2.467951227177515694e+00,-9.585982457893628128e-01,-1.874055699486761872e-01,2.467951227177515694e+00,2.033635295031031506e-02,4.850119234650405176e+00,-5.746387370475686263e-01
1.424891344712175822e+01,0.000000000000000000e+00,0.000000000000000000e+00,2.448456834913594893e+00,-1.451312315143627130e+00,-1.903303718777553943e-01,2.448456834913594893e+00,2.054237721827399318e-02,4.870455587600715397e+00,-5.838256080377866031e-01
1.429880073430419607e+01,0.000000000000000000e+00,0.000000000000000000e+00,2.418643429874387962e+00,-1.707135371221826459e+00,-1.949341914050094771e-01,2.418643429874387962e+00,2.082199178554319102e-02,4.890997964818989630e+00,-5.983073671713975417e-01
1.434844018479163452e+01,0.000000000000000000e+00,0.000000000000000000e+00,2.383097471197996864e+00,-1.605512437747964150e+00,-2.006389986452753182e-01,2.383097471197996864e+00,2.112764485003871401e-02,4.911819956604532855e+00,-6.162890234837995473e-01
1.439828588359713635e+01,0.000000000000000000e+00,0.000000000000000000e+00,2.349176774610937990e+00,-1.209422027315623982e+00,-2.063130595242734788e-01,2.349176774610937990e+00,2.139804384761847741e-02,4.932947601454571895e+00,-6.342152014224082812e-01
1.444836895589041958e+01,0.000000000000000000e+00,0.000000000000000000e+00,2.323297509040162634e+00,-6.903970587944564530e-01,-2.108006205831177426e-01,2.323297509040162634e+00,2.158645567885727687e-02,4.954345645302190349e+00,-6.484229695540620897e-01
1.449821543107532484e+01,0.000000000000000000e+00,0.000000000000000000e+00,2.308394283529682678e+00,-2.177786881569869493e-01,-2.134496188285370799e-01,2.308394283529682678e+00,2.167830581995656286e-02,4.975932100981047768e+00,-6.568225643519275403e-01
1.454808076674697048e+01,0.000000000000000000e+00,0.000000000000000000e+00,2.303673210526746562e+00,1.072962607593812151e-01,-2.142988730140076847e-01,2.303673210526746562e+00,2.168956364826341715e-02,4.997610406801004324e+00,-6.595174645759607213e-01
1.459796296003601945e+01,0.000000000000000000e+00,0.000000000000000000e+00,2.306000419603707829e+00,2.672623661335640777e-01,-2.138796283323446679e-01,2.306000419603707829e+00,2.165145332282747068e-02,5.019299970449267789e+00,-6.581869699746962787e-01
1.464784391448357503e+01,0.000000000000000000e+00,0.000000000000000000e+00,2.311787038248997117e+00,3.244388950749282352e-01,-2.128423289137732488e-01,2.311787038248997117e+00,2.159164206218426238e-02,5.040951423772095374e+00,-6.548960870406927981e-01
1.469798583741489395e+01,0.000000000000000000e+00,0.000000000000000000e+00,2.318792206742505524e+00,3.947567896852114400e-01,-2.115963560946462207e-01,2.318792206742505524e+00,2.151960835206319714e-02,5.062543065834280043e+00,-6.509451269939982021e-01
1.474790474160518094e+01,0.000000000000000000e+00,0.000000000000000000e+00,2.327287218250849055e+00,5.826741041762261153e-01,-2.100995804340596296e-01,2.327287218250849055e+00,2.142288163790545194e-02,5.084062674186343500e+00,-6.462016695033211411e-01
1.479781670425347251e+01,0.000000000000000000e+00,0.000000000000000000e+00,2.339769776618088937e+00,9.330876737585336311e-01,-2.079280317042289106e-01,2.339769776618088937e+00,2.127548020665142453e-02,5.105485555824248678e+00,-6.393251523259428915e-01
1.484775084228273556e+01,0.000000000000000000e+00,0.000000000000000000e+00,2.359621664952209041e+00,1.448786386743962540e+00,-2.045412298983875776e-01,2.359621664952209041e+00,2.104995327303304381e-02,5.126761036030900165e+00,-6.286129075933132304e-01
1.489769001536154036e+01,0.000000000000000000e+00,0.000000000000000000e+00,2.390118550695775834e+00,2.123655022565732686e+00,-1.994930268008347773e-01,2.390118550695775834e+00,2.072484212461988759e-02,5.147810989303932772e+00,-6.126735887365120092e-01
1.494787172718296553e+01,0.000000000000000000e+00,0.000000000000000000e+00,2.434130965765606724e+00,2.499999999999987121e+00,-1.925225082525658105e-01,2.434130965765606724e+00,2.032532632076346560e-02,5.168535831428552996e+00,-5.907179417907526542e-01
1.499807552828707458e+01,0.000000000000000000e+00,0.000000000000000000e+00,2.484944281567515123e+00,2.500000000000006217e+00,-1.836387797924836640e-01,2.484944281567515123e+00,1.991795115629932389e-02,5.188861157749316888e+00,-5.628221420351765536e-01
1.504829660300315020e+01,0.000000000000000000e+00,0.000000000000000000e+00,2.534739159458263558e+00,2.499999999999997335e+00,-1.731998607592544759e-01,2.534739159458263558e+00,1.953413106391297185e-02,5.208779108905615907e+00,-5.301599754118941910e-01
1.509829453154589984e+01,0.000000000000000000e+00,0.000000000000000000e+00,2.583574487118045937e+00,2.499999999999987121e+00,-1.619015714453376220e-01,2.583574487118045937e+00,1.917167993672769244e-02,5.228313239969528681e+00,-4.949428991278133627e-01
1.514827656657951849e+01,0.000000000000000000e+00,0.000000000000000000e+00,2.631503686959864918e+00,2.499999999999991562e+00,-1.506727257429401612e-01,2.631503686959864918e+00,1.882868558896066621e-02,5.247484919906256096e+00,-4.600708490167881859e-01
1.519854486526970483e+01,0.000000000000000000e+00,0.000000000000000000e+00,2.678575400932266426e+00,2.499999999999997780e+00,-1.404713061541976171e-01,2.678575400932266426e+00,1.850346714580004132e-02,5.266313605495216876e+00,-4.284927053782179862e-01
1.524873766038937717e+01,0.000000000000000000e+00,0.000000000000000000e+00,2.724834068796766484e+00,2.500000000000002665e+00,-1.319611952704123903e-01,2.724834068796766484e+00,1.819454026490363932e-02,5.284817072641017077e+00,-4.022198443804249623e-01
1.529884673372859361e+01,0.000000000000000000e+00,0.000000000000000000e+00,2.770320419459025629e+00,2.499999999999993783e+00,-1.252272397731799547e-01,2.770320419459025629e+00,1.790058854317000403e-02,5.303011612905920380e+00,-3.814726390325785532e-01
1.534903229687561677e+01,0.000000000000000000e+00,0.000000000000000000e+00,2.815071890816950528e+00,2.499999999999988898e+00,-1.197869029754006637e-01,2.815071890816950528e+00,1.762043984930671339e-02,5.320912201449090162e+00,-3.647368104259574029e-01
1.539916058305838220e+01,0.000000000000000000e+00,0.000000000000000000e+00,2.859122990440217116e+00,2.499999999999999556e+00,-1.148991439690128930e-01,2.859122990440217116e+00,1.735304660968140303e-02,5.338532641298396442e+00,-3.497195577745700890e-01
1.544928110058429915e+01,0.000000000000000000e+00,0.000000000000000000e+00,2.902505606964420615e+00,2.499999999999990230e+00,-1.099042540673808854e-01,2.902505606964420615e+00,1.709746928997890603e-02,5.355885687908077841e+00,-3.343906416310370444e-01
1.549952372949708490e+01,0.000000000000000000e+00,0.000000000000000000e+00,2.945249280189367713e+00,2.500000000000007105e+00,-1.044050448643086965e-01,2.945249280189367713e+00,1.685286247787618277e-02,5.372983157198056858e+00,-3.175335119741062861e-01
1.554973960822552570e+01,0.000000000000000000e+00,0.000000000000000000e+00,2.987381436384058286e+00,2.499999999999992450e+00,-9.828237755417290611e-02,2.987381436384058286e+00,1.661846309613293493e-02,5.389836019675932732e+00,-2.987880469322878318e-01
1.560004056871877687e+01,0.000000000000000000e+00,0.000000000000000000e+00,3.028927594124390499e+00,2.499999999999990230e+00,-9.159118118012796184e-02,3.028927594124390499e+00,1.639358037108944177e-02,5.406454482772065973e+00,-2.783277615424856188e-01
1.565022433641020960e+01,0.000000000000000000e+00,0.000000000000000000e+00,3.069911545052113944e+00,2.499999999999986233e+00,-8.443478322176405093e-02,3.069911545052113944e+00,1.617758725572793210e-02,5.422848063143155706e+00,-2.564727539749641072e-01
1.570039871783003349e+01,0.000000000000000000e+00,0.000000000000000000e+00,3.110355513191433552e+00,2.499999999999994227e+00,-7.695528497378283095e-02,3.110355513191433552e+00,1.596991306442156408e-02,5.439025650398884082e+00,-2.336592678833779024e-01
1.575066941616623239e+01,0.000000000000000000e+00,0.000000000000000000e+00,3.150280295852487367e+00,2.500000000000007105e+00,-6.942285566975185673e-02,3.150280295852487367e+00,1.577003712211992939e-02,5.454995563463305608e+00,-2.107109081060133393e-01
1.580091838289468242e+01,0.000000000000000000e+00,0.000000000000000000e+00,3.189705388657787299e+00,2.499999999999992895e+00,-6.224210539326660574e-02,3.189705388657787299e+00,1.557748326686820943e-02,5.470765600585425936e+00,-1.888563851583106301e-01
1.585109174332263393e+01,0.000000000000000000e+00,0.000000000000000000e+00,3.228649096824957709e+00,2.500000000000003553e+00,-5.579576268834129243e-02,3.228649096824957709e+00,1.539181507337585887e-02,5.486343083852293745e+00,-1.692537436134462225e-01
1.590113307195736425e+01,0.000000000000000000e+00,0.000000000000000000e+00,3.267128634508397411e+00,2.500000000000011102e+00,-5.025030229222295780e-02,3.267128634508397411e+00,1.521263168846289510e-02,5.501734898925669803e+00,-1.524019412612234448e-01
1.595121665636443353e+01,0.000000000000000000e+00,0.000000000000000000e+00,3.305160213729554819e+00,2.499999999999994227e+00,-4.547912530900335981e-02,3.305160213729554819e+00,1.503956418785112013e-02,5.516947530614133122e+00,-1.379106268731822016e-01
1.600128269382179624e+01,0.000000000000000000e+00,0.000000000000000000e+00,3.342759124199182530e+00,2.500000000000007550e+00,-4.115972688439448191e-02,3.342759124199182530e+00,1.487227237888055775e-02,5.531987094801984028e+00,-1.247969268511727597e-01
1.605144536343758688e+01,0.000000000000000000e+00,0.000000000000000000e+00,3.379939805146384035e+00,2.499999999999976907e+00,-3.699349809615839341e-02,3.379939805146384035e+00,1.471044198604701085e-02,5.546859367180864808e+00,-1.121526750691191898e-01
1.610170962136076511e+01,0.000000000000000000e+00,0.000000000000000000e+00,3.416715910111501220e+00,2.499999999999994227e+00,-3.289491400740587879e-02,3.416715910111501220e+00,1.455378216634158929e-02,5.561569809166911682e+00,-9.971752748649073683e-02
1.615182323021113575e+01,0.000000000000000000e+00,0.000000000000000000e+00,3.453100365527355109e+00,2.499999999999999556e+00,-2.898977550569964076e-02,3.453100365527355109e+00,1.440202330966933349e-02,5.576123591333253415e+00,-8.787242214402751772e-02
1.620180332627866449e+01,0.000000000000000000e+00,0.000000000000000000e+00,3.489105423801528438e+00,2.500000000000004885e+00,-2.541969108430625762e-02,3.489105423801528438e+00,1.425491508647913109e-02,5.590525614642922747e+00,-7.704596232789029386e-02
1.625177298887615152e+01,0.000000000000000000e+00,0.000000000000000000e+00,3.524742711517726335e+00,2.500000000000007994e+00,-2.214330852410448594e-02,3.524742711517726335e+00,1.411222471042505693e-02,5.604780529729401550e+00,-6.711190418645993083e-02
1.630184522045973239e+01,0.000000000000000000e+00,0.000000000000000000e+00,3.560023273293789092e+00,2.500000000000019096e+00,-1.891915185641734193e-02,3.560023273293789092e+00,1.397373538861799470e-02,5.618892754439826831e+00,-5.733760439641048118e-02
1.635203370048609273e+01,0.000000000000000000e+00,0.000000000000000000e+00,3.594957611765334349e+00,2.500000000000005329e+00,-1.547057376950463151e-02,3.594957611765334349e+00,1.383924493598944101e-02,5.632866489828444401e+00,-4.688426703970900028e-02
1.640206376682862555e+01,0.000000000000000000e+00,0.000000000000000000e+00,3.629555724105308023e+00,2.499999999999993339e+00,-1.168389562249494418e-02,3.629555724105308023e+00,1.370856453361589920e-02,5.646705734764434048e+00,-3.540735551828282784e-02
1.645205550946088380e+01,0.000000000000000000e+00,0.000000000000000000e+00,3.663827135439347682e+00,2.499999999999989786e+00,-7.695384892658678304e-03,3.663827135439347682e+00,1.358151761365468044e-02,5.660414299298049734e+00,-2.331980848623615293e-02
1.650210176873158829e+01,0.000000000000000000e+00,0.000000000000000000e+00,3.697780929473484246e+00,2.499999999999998668e+00,-3.792694272658016924e-03,3.697780929473484246e+00,1.345793885591054125e-02,5.673995816911704182e+00,-1.149306805496153397e-02
1.655213685397434631e+01,0.000000000000000000e+00,0.000000000000000000e+00,3.731425776613260581e+00,2.499999999999991562e+00,-1.606780554176331921e-04,3.731425776613260581e+00,1.333767328306128055e-02,5.687453755767614361e+00,-4.869032024254497850e-04
1.660220498897208685e+01,0.000000000000000000e+00,0.000000000000000000e+00,3.764769959820913670e+00,2.500000000000006217e+00,3.372822056162588615e-03,3.764769959820913670e+00,1.322057544327922586e-02,5.700791429050675596e+00,1.022071165418719785e-02
1.665211170832528254e+01,0.000000000000000000e+00,0.000000000000000000e+00,3.797821398429111817e+00,2.499999999999980460e+00,7.376387469523963854e-03,3.797821398429111817e+00,1.310650867044362011e-02,5.714012004493954855e+00,2.235309472182360827e-02
1.670197953897106657e+01,0.000000000000000000e+00,0.000000000000000000e+00,3.830587670105220610e+00,2.499999999999985345e+00,1.254411809581134490e-02,3.830587670105220610e+00,1.299534441338668841e-02,5.727118513164398905e+00,3.801447302031842751e-02
1.675196352481776785e+01,0.000000000000000000e+00,0.000000000000000000e+00,3.863076031138687139e+00,2.499999999999982681e+00,1.927050050817538315e-02,3.863076031138687139e+00,1.288696162668694425e-02,5.740113857577785694e+00,5.840268558608946448e-02
1.680205819924546873e+01,0.000000000000000000e+00,0.000000000000000000e+00,3.895293435205404275e+00,-3.104915298427960213e+00,2.738695775491039458e-02,3.895293435205404275e+00,1.289999065232627813e-02,5.753000819204472371e+00,8.301153625515898804e-02
1.685210636454987565e+01,0.000000000000000000e+00,0.000000000000000000e+00,3.855240056879418731e+00,-4.000000000000019540e+00,3.623237463188555552e-02,3.855240056879418731e+00,1.305542384920204552e-02,5.765900809856798759e+00,1.098431456596426908e-01
1.690199358552655085e+01,0.000000000000000000e+00,0.000000000000000000e+00,3.803018361482610299e+00,-4.000000000000015987e+00,4.496191004325201385e-02,3.803018361482610299e+00,1.323720988575810727e-02,5.778956233706001200e+00,1.363400984733952881e-01
1.695185839934050520e+01,0.000000000000000000e+00,0.000000000000000000e+00,3.750069521939577655e+00,-4.000000000000002665e+00,5.292013887356591256e-02,3.750069521939577655e+00,1.342680791549021556e-02,5.792193443591759028e+00,1.605139271259174438e-01
1.700156967570150712e+01,0.000000000000000000e+00,0.000000000000000000e+00,3.696362290277616758e+00,-4.000000000000007994e+00,5.992898785454662397e-02,3.696362290277616758e+00,1.362479401864488682e-02,5.805620251507249030e+00,1.818207143370318690e-01
1.705135175000643599e+01,0.000000000000000000e+00,0.000000000000000000e+00,3.641863114203037100e+00,-4.000000000000001776e+00,6.630574864602228891e-02,3.641863114203037100e+00,1.383180556488627401e-02,5.819245045525893723e+00,2.012214844013702209e-01
1.710135446529386982e+01,0.000000000000000000e+00,0.000000000000000000e+00,3.586535891943491983e+00,-3.999999999999992006e+00,7.257776378409469542e-02,3.586535891943491983e+00,1.404854986082373913e-02,5.833076851090780224e+00,2.203196002775202333e-01
1.715122770026412624e+01,0.000000000000000000e+00,0.000000000000000000e+00,3.530341692500197137e+00,-3.999999999999994671e+00,7.915747575562959160e-02,3.530341692500197137e+00,1.427581433725446346e-02,5.847125400951603602e+00,2.403734008752158868e-01
1.720095627548358053e+01,0.000000000000000000e+00,0.000000000000000000e+00,3.473238435151179360e+00,-3.999999999999986677e+00,8.618722551760277240e-02,3.473238435151179360e+00,1.451447861100334941e-02,5.861401215288857713e+00,2.618220240201517002e-01
1.725067138408024547e+01,0.000000000000000000e+00,0.000000000000000000e+00,3.415180520707166156e+00,-3.999999999999998224e+00,9.345519640976586440e-02,3.415180520707166156e+00,1.476552884320603970e-02,5.875915693899861125e+00,2.840249260167533873e-01
1.730047871813773241e+01,0.000000000000000000e+00,0.000000000000000000e+00,3.356118405334342025e+00,-4.000000000000005329e+00,1.003339457795478229e-01,3.356118405334342025e+00,1.503007492936090511e-02,5.890681222743067380e+00,3.050666394773520196e-01
1.735025644489927288e+01,0.000000000000000000e+00,0.000000000000000000e+00,3.295998105616898322e+00,-3.485051224946032367e+00,1.059204156199494845e-01,3.295998105616898322e+00,1.529076126021484093e-02,5.905711297672428195e+00,3.221767064731071994e-01
1.739990894651889519e+01,0.000000000000000000e+00,0.000000000000000000e+00,3.242709019356629252e+00,-9.892243362050546773e-01,1.094028115831537223e-01,3.242709019356629252e+00,1.545282442310465763e-02,5.921002058932643308e+00,3.328527008736537618e-01
1.744972986445634788e+01,0.000000000000000000e+00,0.000000000000000000e+00,3.227422709374190291e+00,1.010567788150435575e+00,1.104332269712732656e-01,3.227422709374190291e+00,1.545203864792082243e-02,5.936454883355748002e+00,3.360132035990222032e-01
1.749964054496245680e+01,0.000000000000000000e+00,0.000000000000000000e+00,3.243038041893034684e+00,1.965830603624277861e+00,1.093807904237544676e-01,3.243038041893034684e+00,1.534348464559537328e-02,5.951906922003669109e+00,3.327851651352507489e-01
1.754936355341671472e+01,0.000000000000000000e+00,0.000000000000000000e+00,3.273200733575585275e+00,1.377588680391890197e+00,1.073897149656959649e-01,3.273200733575585275e+00,1.522401664933981102e-02,5.967250406649264427e+00,3.266801638019191101e-01
1.759899381208591862e+01,0.000000000000000000e+00,0.000000000000000000e+00,3.294173166581813472e+00,-3.242132840313019404e+00,1.060369283453935080e-01,3.294173166581813472e+00,1.529060920800041044e-02,5.982474423298604016e+00,3.225337707062853609e-01
1.764880058442531663e+01,0.000000000000000000e+00,0.000000000000000000e+00,3.244598980320162696e+00,-3.999999999999987566e+00,1.066363189065505923e-01,3.244598980320162696e+00,1.555659745758535689e-02,5.997765032506604754e+00,3.243707997857083747e-01
1.769868947593920794e+01,0.000000000000000000e+00,0.000000000000000000e+00,3.182372590489821462e+00,-4.000000000000000888e+00,1.096877685234443484e-01,3.182372590489821462e+00,1.586691095717740127e-02,6.013321629964190507e+00,3.337266524434847614e-01
1.774850243071652045e+01,0.000000000000000000e+00,0.000000000000000000e+00,3.118904946661111843e+00,-4.000000000000015099e+00,1.148333929003449438e-01,3.118904946661111843e+00,1.619657008735902320e-02,6.029188540921367689e+00,3.495176599145214391e-01
1.779840445206466626e+01,0.000000000000000000e+00,0.000000000000000000e+00,3.054118666311675501e+00,-4.000000000000000000e+00,1.212167758283187458e-01,3.054118666311675501e+00,1.654767258811795649e-02,6.045385111008727108e+00,3.691332907761328275e-01
1.784822211293442251e+01,0.000000000000000000e+00,0.000000000000000000e+00,2.987927975959203675e+00,-3.999999999999990230e+00,1.279810965989550964e-01,2.987927975959203675e+00,1.692264917914103328e-02,6.061932783596844843e+00,3.899528668709386636e-01
1.789790393080113873e+01,0.000000000000000000e+00,0.000000000000000000e+00,2.920237379242639708e+00,-3.870528471258807723e+00,1.346204376458363383e-01,2.920237379242639708e+00,1.731752509890549865e-02,6.078855432775985612e+00,4.104230401524888161e-01
1.794773407293622824e+01,0.000000000000000000e+00,0.000000000000000000e+00,2.853209405295586976e+00,-3.254308647442703428e+00,1.409372456744668045e-01,2.853209405295586976e+00,1.769959561708521131e-02,6.096172957874891551e+00,4.299329695805357843e-01
1.799763118437449094e+01,0.000000000000000000e+00,0.000000000000000000e+00,2.795609458222667598e+00,-2.539188179273291102e+00,1.467225301561765061e-01,2.795609458222667598e+00,1.802955890221421761e-02,6.113872553491976447e+00,4.478319165491836951e-01
1.804747855144493940e+01,0.000000000000000000e+00,0.000000000000000000e+00,2.749829015380653718e+00,-1.728561554460019245e+00,1.515746947551091239e-01,2.749829015380653718e+00,1.828472259327106053e-02,6.131902112394191029e+00,4.628674742706320178e-01
1.809733657657178085e+01,0.000000000000000000e+00,0.000000000000000000e+00,2.718222746871958861e+00,-9.628058683000216833e-01,1.550641428878749284e-01,2.718222746871958861e+00,1.845132047277518381e-02,6.150186834987461992e+00,4.736940824925711668e-01
1.814715161416404854e+01,0.000000000000000000e+00,0.000000000000000000e+00,2.700457707242886585e+00,-4.447700399762962720e-01,1.570777506202788720e-01,2.700457707242886585e+00,1.854031931578911663e-02,6.168638155460237193e+00,4.799470031916904245e-01
1.819698874054619964e+01,0.000000000000000000e+00,0.000000000000000000e+00,2.692211528679629762e+00,-2.995486962079226267e-01,1.580255581757254724e-01,2.692211528679629762e+00,1.858793523513311424e-02,6.187178474776025894e+00,4.828916380099036454e-01
1.824688733206675906e+01,0.000000000000000000e+00,0.000000000000000000e+00,2.686643536914748331e+00,-4.260255373256713329e-01,1.586703159611045078e-01,2.686643536914748331e+00,1.863472896967663384e-02,6.205766410011158918e+00,4.848952702682532423e-01
1.829680363303825885e+01,0.000000000000000000e+00,0.000000000000000000e+00,2.678704666492523589e+00,-4.759388116389354217e-01,1.595963442597951587e-01,2.678704666492523589e+00,1.869338643277798986e-02,6.224401138980835135e+00,4.877736951836761925e-01
1.834673255770976397e+01,0.000000000000000000e+00,0.000000000000000000e+00,2.669807758368199835e+00,-4.221979912935974050e-02,1.606436220169685791e-01,2.669807758368199835e+00,1.872730654026182745e-02,6.243094525413613205e+00,4.910300409202370542e-01
1.839667155256650233e+01,0.000000000000000000e+00,0.000000000000000000e+00,2.669017095247836036e+00,1.099390711387506325e+00,1.607371827805467168e-01,2.669017095247836036e+00,1.865838049735595722e-02,6.261821831953874984e+00,4.913210070969440402e-01
1.844662294438602856e+01,0.000000000000000000e+00,0.000000000000000000e+00,2.689529945456162974e+00,2.500000000000011102e+00,1.583355946724148422e-01,2.689529945456162974e+00,1.842937373229559112e-02,6.280480212451230670e+00,4.838550477398844141e-01
1.849657971566159986e+01,0.000000000000000000e+00,0.000000000000000000e+00,2.735603379786902156e+00,2.500000000000000000e+00,1.522873905431590957e-01,2.735603379786902156e+00,1.812408267929281960e-02,6.298909586183526699e+00,4.650777879728643649e-01
1.854655886485316429e+01,0.000000000000000000e+00,0.000000000000000000e+00,2.780913586485134203e+00,2.499999999999988898e+00,1.425503541897354398e-01,2.780913586485134203e+00,1.783347883622931132e-02,6.317033668862819695e+00,4.349207194053833492e-01
1.859655913968821750e+01,0.000000000000000000e+00,0.000000000000000000e+00,2.825497283575707286e+00,2.500000000000006217e+00,1.303198403205973466e-01,2.825497283575707286e+00,1.755642101968883997e-02,6.334867147699048573e+00,3.971595113000013777e-01
1.864657977808285239e+01,0.000000000000000000e+00,0.000000000000000000e+00,2.869388336124929495e+00,2.500000000000007550e+00,1.175169564892438456e-01,2.869388336124929495e+00,1.729188845463690977e-02,6.352423568718737812e+00,3.577604261743925762e-01
1.869659922466621893e+01,0.000000000000000000e+00,0.000000000000000000e+00,2.912618057261521898e+00,2.500000000000001332e+00,1.059201805943005559e-01,2.912618057261521898e+00,1.703896491636206628e-02,6.369715457173374951e+00,3.221759862237887351e-01
1.874660354667267015e+01,0.000000000000000000e+00,0.000000000000000000e+00,2.955215469552427088e+00,2.499999999999989342e+00,9.636366647428497301e-02,2.955215469552427088e+00,1.679682535274576449e-02,6.386754422089737204e+00,2.929183479664118073e-01
1.879660713101753444e+01,0.000000000000000000e+00,0.000000000000000000e+00,2.997207532934291319e+00,2.500000000000001776e+00,8.844860359788893345e-02,2.997207532934291319e+00,1.656472454101719574e-02,6.403551247442482719e+00,2.687272021553679391e-01
1.884663034300107398e+01,0.000000000000000000e+00,0.000000000000000000e+00,3.038619344286834334e+00,2.499999999999989786e+00,8.100644107334022126e-02,3.038619344286834334e+00,1.634198742314001487e-02,6.420115971983499925e+00,2.460124141352892091e-01
1.889668163391652200e+01,0.000000000000000000e+00,0.000000000000000000e+00,3.079474312844684203e+00,2.500000000000013323e+00,7.304055303746058436e-02,3.079474312844684203e+00,1.612800083392001288e-02,6.436457959406640228e+00,2.217294526545107447e-01
1.894674142567363972e+01,0.000000000000000000e+00,0.000000000000000000e+00,3.119794314929484447e+00,2.499999999999985345e+00,6.448469249486940558e-02,3.119794314929484447e+00,1.592220639068200883e-02,6.452585960240559970e+00,1.956794640063356239e-01
1.899673678709064717e+01,0.000000000000000000e+00,0.000000000000000000e+00,3.159599830906189233e+00,2.499999999999993339e+00,5.634773466350562893e-02,3.159599830906189233e+00,1.572409435653203402e-02,6.468508166631242062e+00,1.709316559039324723e-01
1.904676454188782841e+01,0.000000000000000000e+00,0.000000000000000000e+00,3.198910066797519214e+00,2.499999999999986233e+00,5.032286399486400608e-02,3.198910066797519214e+00,1.553319832347374932e-02,6.484232260987774055e+00,1.526223821768632471e-01
1.909683138018956328e+01,0.000000000000000000e+00,0.000000000000000000e+00,3.237743062606203370e+00,2.499999999999992450e+00,4.806022640745023777e-02,3.237743062606203370e+00,1.534909058899463184e-02,6.499765459311247717e+00,1.457492835236379458e-01
1.914681807939245317e+01,0.000000000000000000e+00,0.000000000000000000e+00,3.276115789078689833e+00,2.499999999999991562e+00,5.029786629317588992e-02,3.276115789078689833e+00,1.517137812169822714e-02,6.515114549900242302e+00,1.525464395068212020e-01
1.919676408628243891e+01,0.000000000000000000e+00,0.000000000000000000e+00,3.314044234382935272e+00,2.500000000000017764e+00,5.630716157278704143e-02,3.314044234382935272e+00,1.499969902929254931e-02,6.530285928021940300e+00,1.708083162280240874e-01
1.924678502219557430e+01,0.000000000000000000e+00,0.000000000000000000e+00,3.351543481956166914e+00,2.499999999999993783e+00,6.408766740412306928e-02,3.351543481956166914e+00,1.483371945664057473e-02,6.545285627051232957e+00,1.944713718305894901e-01
1.929683106276724658e+01,0.000000000000000000e+00,0.000000000000000000e+00,3.388627780597768258e+00,2.500000000000002220e+00,7.113327526995262551e-02,3.388627780597768258e+00,1.467313085332387634e-02,6.560119346507873317e+00,2.159196829326099354e-01
1.934683342656655469e+01,0.000000000000000000e+00,0.000000000000000000e+00,3.425310607731077983e+00,2.499999999999992895e+00,7.525033774697502398e-02,3.425310607731077983e+00,1.451764755979873846e-02,6.574792477361197207e+00,2.284627214044628873e-01
1.939689310168583347e+01,0.000000000000000000e+00,0.000000000000000000e+00,3.461604726630574724e+00,2.500000000000009770e+00,7.517709815797637973e-02,3.461604726630574724e+00,1.436700466915302558e-02,6.589310124920995548e+00,2.282395229785117441e-01
1.944694783135247462e+01,0.000000000000000000e+00,0.000000000000000000e+00,3.497522238303457431e+00,2.500000000000007550e+00,7.092922350729091718e-02,3.497522238303457431e+00,1.422095612803029457e-02,6.603677129590148631e+00,2.152982139421149022e-01
1.949705096102701063e+01,0.000000000000000000e+00,0.000000000000000000e+00,3.533074628623533275e+00,2.499999999999987121e+00,6.369215905686356760e-02,3.533074628623533275e+00,1.407927304573444727e-02,6.617898085718178613e+00,1.932679561037876637e-01
1.954714615404719424e+01,0.000000000000000000e+00,0.000000000000000000e+00,3.568272811237869213e+00,2.499999999999984901e+00,5.525243277013740933e-02,3.568272811237869213e+00,1.394174218507026816e-02,6.631977358763912811e+00,1.676022029283719128e-01
1.959717238776022086e+01,0.000000000000000000e+00,0.000000000000000000e+00,3.603127166700544670e+00,2.500000000000019540e+00,4.729846368883397489e-02,3.603127166700544670e+00,1.380816461227698903e-02,6.645919100948982638e+00,1.434356559052353264e-01
1.964725586844373240e+01,0.000000000000000000e+00,0.000000000000000000e+00,3.637647578231237411e+00,2.500000000000015543e+00,4.089460133142917148e-02,3.637647578231237411e+00,1.367835448660619652e-02,6.659727265561259379e+00,1.239921622372575638e-01
1.969727363044469115e+01,0.000000000000000000e+00,0.000000000000000000e+00,3.671843464447753114e+00,2.500000000000019096e+00,3.622081748944097623e-02,3.671843464447753114e+00,1.355213797278807808e-02,6.673405620047865305e+00,1.098080780144052165e-01
1.974727327209399164e+01,0.000000000000000000e+00,0.000000000000000000e+00,3.705723809379723566e+00,2.499999999999997780e+00,3.266699896189451113e-02,3.705723809379723566e+00,1.342935226190801294e-02,6.686957758020652953e+00,9.902613313028948983e-02
1.979731373903717540e+01,0.000000000000000000e+00,0.000000000000000000e+00,3.739297190034493568e+00,2.500000000000011546e+00,2.928861474681214438e-02,3.739297190034493568e+00,1.330984468814862612e-02,6.700387110282560954e+00,8.877876495997556738e-02
1.984734416665039447e+01,0.000000000000000000e+00,0.000000000000000000e+00,3.772571801754865284e+00,2.499999999999978240e+00,2.533497914155078551e-02,3.772571801754865284e+00,1.319347193049822710e-02,6.713696954970709285e+00,7.678909408091234845e-02
1.989737209487678626e+01,0.000000000000000000e+00,0.000000000000000000e+00,3.805555481581110566e+00,2.499999999999998224e+00,2.052774339216865626e-02,3.805555481581110566e+00,1.308009928993173268e-02,6.726890426901207753e+00,6.221402200466930044e-02
1.994739689704485031e+01,0.000000000000000000e+00,0.000000000000000000e+00,3.838255729805939875e+00,2.499999999999997780e+00,1.505979103021059043e-02,3.838255729805939875e+00,1.296960003377362058e-02,6.739970526191139122e+00,4.563918072782342100e-02
1.999748466217081244e+01,0.000000000000000000e+00,0.000000000000000000e+00,3.870679729890373899e+00,2.500000000000012879e+00,9.392977799813372053e-03,3.870679729890373899e+00,1.286185479998576062e-02,6.752940126224912909e+00,2.846440621478104824e-02
2.004748779120302160e+01,0.000000000000000000e+00,0.000000000000000000e+00,3.902834366890338469e+00,2.499999999999990674e+00,3.911221406020711291e-03,3.902834366890338469e+00,1.275675105501279660e-02,6.765801981024898382e+00,1.185224651609665357e-02
2.009740787542950713e+01,0.000000000000000000e+00,0.000000000000000000e+00,3.934726244527870342e+00,2.499999999999986233e+00,-1.375670089052029267e-03,3.934726244527870342e+00,1.265418259958586353e-02,6.778558732079910776e+00,-4.168699869262573049e-03
2.014738806698964879e+01,0.000000000000000000e+00,0.000000000000000000e+00,3.966361701026834830e+00,2.499999999999992450e+00,-6.830711618262908479e-03,3.966361701026834830e+00,1.255404911755015306e-02,6.791212914679496393e+00,-2.069944805285161421e-02
2.019742866174903639e+01,0.000000000000000000e+00,0.000000000000000000e+00,3.997746823820710116e+00,1.802361119867753325e-01,-1.293917103193199629e-02,3.997746823820710116e+00,1.250124713883757691e-02,6.803766963797046152e+00,-3.921179751987393519e-02
2.024745823178448134e+01,0.000000000000000000e+00,0.000000000000000000e+00,4.000000000000000000e+00,0.000000000000000000e+00,-2.005807187175745118e-02,4.000000000000000000e+00,1.249772619980449653e-02,6.816268210935883864e+00,-6.079018868985614638e-02
2.029740345442648319e+01,0.000000000000000000e+00,0.000000000000000000e+00,4.000000000000000000e+00,-2.357451605507625558e+00,-2.826979379762049882e-02,4.000000000000000000e+00,1.254409560336897794e-02,6.828765937135688802e+00,-8.568887000642416707e-02
2.034733038050643827e+01,0.000000000000000000e+00,0.000000000000000000e+00,3.970427901680196658e+00,-3.999999999999994671e+00,-3.728904283765907546e-02,3.970427901680196658e+00,1.267169426474292274e-02,6.841310032739057689e+00,-1.130495017817651077e-01
2.039730921093566707e+01,0.000000000000000000e+00,0.000000000000000000e+00,3.919741124621225037e+00,-4.000000000000001776e+00,-4.645359373402408593e-02,3.919741124621225037e+00,1.283771479846750746e-02,6.853981727003800373e+00,-1.408698098032042656e-01
2.044727744446739592e+01,0.000000000000000000e+00,0.000000000000000000e+00,3.868390265427354979e+00,-4.000000000000019540e+00,-5.490267118367243154e-02,3.868390265427354979e+00,1.301043697414388210e-02,6.866819441802268109e+00,-1.665390976127974765e-01
2.049723529240862518e+01,0.000000000000000000e+00,0.000000000000000000e+00,3.816348517530779194e+00,-4.000000000000010658e+00,-6.192338291068595624e-02,3.816348517530779194e+00,1.319032417284501241e-02,6.879829878776411611e+00,-1.878868273088905028e-01
2.054711829712093518e+01,0.000000000000000000e+00,0.000000000000000000e+00,3.763587220839399006e+00,-4.000000000000005329e+00,-6.725374037928036342e-02,3.763587220839399006e+00,1.337788591251652150e-02,6.893020202949256436e+00,-2.041070359400052880e-01
2.059699110299428781e+01,0.000000000000000000e+00,0.000000000000000000e+00,3.710075677189332843e+00,-4.000000000000000000e+00,-7.113724042311972418e-02,3.710075677189332843e+00,1.357368392768376619e-02,6.906398088861773310e+00,-2.159317595556887459e-01
2.064697626584041146e+01,0.000000000000000000e+00,0.000000000000000000e+00,3.655780941478597779e+00,-4.000000000000001776e+00,-7.415481945423134380e-02,3.655780941478597779e+00,1.377833925800341953e-02,6.919971772789456743e+00,-2.251243737261880151e-01
2.069690501451281861e+01,0.000000000000000000e+00,0.000000000000000000e+00,3.600667584446584080e+00,-3.999999999999998668e+00,-7.699398913505545172e-02,3.600667584446584080e+00,1.399254054967991566e-02,6.933750112047460057e+00,-2.337772509015678124e-01
2.074682337140286137e+01,0.000000000000000000e+00,0.000000000000000000e+00,3.544697422247864438e+00,-3.999999999999991562e+00,-8.022054185578078589e-02,3.544697422247864438e+00,1.421705382290908322e-02,6.947742652597139745e+00,-2.436153575880529443e-01
2.079678283316195930e+01,0.000000000000000000e+00,0.000000000000000000e+00,3.487829206956228223e+00,-3.999999999999994227e+00,-8.410572611706100543e-02,3.487829206956228223e+00,1.445273402151538850e-02,6.961959706420048910e+00,-2.554684963791281627e-01
2.084672788950069133e+01,0.000000000000000000e+00,0.000000000000000000e+00,3.430018270870166752e+00,-3.999999999999984901e+00,-8.865465758394167062e-02,3.430018270870166752e+00,1.470053874233617774e-02,6.976412440441563945e+00,-2.693565300975039323e-01
2.089662392743423069e+01,0.000000000000000000e+00,0.000000000000000000e+00,3.371216115900822263e+00,-4.000000000000000000e+00,-9.381430058132265992e-02,3.371216115900822263e+00,1.496154464788490568e-02,6.991112979183900400e+00,-2.851227172397343690e-01
2.094652462463509579e+01,0.000000000000000000e+00,0.000000000000000000e+00,3.311369937309282641e+00,-3.999999999999998224e+00,-9.956622165572316663e-02,3.311369937309282641e+00,1.523696720500800766e-02,7.006074523831784973e+00,-3.027168058046477706e-01
2.099646183829701229e+01,0.000000000000000000e+00,0.000000000000000000e+00,3.250422068489250638e+00,-4.000000000000002665e+00,-1.057734170267443513e-01,3.250422068489250638e+00,1.552818457671067097e-02,7.021311491036793306e+00,-3.217262280432335864e-01
2.104642834638421434e+01,0.000000000000000000e+00,0.000000000000000000e+00,3.188309330182407919e+00,-3.999999999999991118e+00,-1.120287195441098116e-01,3.188309330182407919e+00,1.583676674118653788e-02,7.036839675613504319e+00,-3.409083455883481495e-01
2.109635982509084684e+01,0.000000000000000000e+00,0.000000000000000000e+00,3.124962263217661906e+00,-3.680154849673848982e+00,-1.177279264426320943e-01,3.124962263217661906e+00,1.615088005851733621e-02,7.052676442354690600e+00,-3.584086560689782597e-01
2.114627430300057753e+01,0.000000000000000000e+00,0.000000000000000000e+00,3.065524523643808674e+00,-2.364322969122987672e+00,-1.222924889879273419e-01,3.065524523643808674e+00,1.641131805401909935e-02,7.068827322413207881e+00,-3.724418325256398377e-01
2.119621729051347359e+01,0.000000000000000000e+00,0.000000000000000000e+00,3.026722867415108542e+00,-1.340318230885628958e+00,-1.254155135867610349e-01,3.026722867415108542e+00,1.657735862587673970e-02,7.085238640467227178e+00,-3.820522207790874591e-01
2.124616386220620612e+01,0.000000000000000000e+00,0.000000000000000000e+00,3.004503931428916808e+00,-8.374528670221204063e-01,-1.272574288778676177e-01,3.004503931428916808e+00,1.667741795351401768e-02,7.101815999093103571e+00,-3.877238272976324396e-01
2.129611858442020633e+01,0.000000000000000000e+00,0.000000000000000000e+00,2.990537379949220309e+00,-8.913082771355284040e-01,-1.284358524253142175e-01,2.990537379949220309e+00,1.675821262567358041e-02,7.118493417046617644e+00,-3.913538169521745824e-01
2.134608324478525176e+01,0.000000000000000000e+00,0.000000000000000000e+00,2.975600646325960330e+00,-1.265507094976014546e+00,-1.297141366074406610e-01,2.975600646325960330e+00,1.686072578911714318e-02,7.135251629672291429e+00,-3.952926649158752803e-01
2.139605715671112307e+01,0.000000000000000000e+00,0.000000000000000000e+00,2.954263278213387522e+00,-1.569186021157031874e+00,-1.315731654643906845e-01,2.954263278213387522e+00,1.699835238097735859e-02,7.152112355461408555e+00,-4.010233420428986895e-01
2.144604438806326385e+01,0.000000000000000000e+00,0.000000000000000000e+00,2.927589701274456502e+00,-1.493646396240747576e+00,-1.339531869796884156e-01,2.927589701274456502e+00,1.715082665428326048e-02,7.169110707842386354e+00,-4.083641633775820234e-01
2.149625389933218500e+01,0.000000000000000000e+00,0.000000000000000000e+00,2.901972430849736551e+00,-9.765798779723293688e-01,-1.362995191009724327e-01,2.901972430849736551e+00,1.727675012460009804e-02,7.186261534496670045e+00,-4.156056852483329123e-01
2.154643830564433316e+01,0.000000000000000000e+00,0.000000000000000000e+00,2.885100304321296161e+00,-1.896884261607609534e-01,-1.378782739849505057e-01,2.885100304321296161e+00,1.733714862079346539e-02,7.203538284621270549e+00,-4.204808400575852367e-01
2.159640216405159308e+01,0.000000000000000000e+00,0.000000000000000000e+00,2.881811647885302641e+00,5.853552622581502662e-01,-1.381891517291742033e-01,2.881811647885302641e+00,1.731658670316767873e-02,7.220875433242063934e+00,-4.214410735559792065e-01
2.164638444678551821e+01,0.000000000000000000e+00,0.000000000000000000e+00,2.891948003036351356e+00,1.091362000450645908e+00,-1.372342735375081113e-01,2.891948003036351356e+00,1.723022083840383342e-02,7.238192019945231870e+00,-4.184919265645579700e-01
2.169638207143108843e+01,0.000000000000000000e+00,0.000000000000000000e+00,2.910752411318758170e+00,1.205673352019657418e+00,-1.354885334441844336e-01,2.910752411318758170e+00,1.711390577943118149e-02,7.255422240783635957e+00,-4.131022044598184340e-01
2.174661487208182464e+01,0.000000000000000000e+00,0.000000000000000000e+00,2.931386191465993551e+00,9.909487527127511797e-01,-1.336105585824742814e-01,2.931386191465993551e+00,1.700479861713160082e-02,7.272536146563067128e+00,-4.073070890131585409e-01
2.179680102242955542e+01,0.000000000000000000e+00,0.000000000000000000e+00,2.948237075445771627e+00,6.305849925170234904e-01,-1.321053568465826999e-01,2.948237075445771627e+00,1.692556608287463030e-02,7.289540945180198683e+00,-4.026644026011619859e-01
2.184675158164155206e+01,0.000000000000000000e+00,0.000000000000000000e+00,2.958910083407487512e+00,2.957983919156091934e-01,-1.311649603050309698e-01,2.958910083407487512e+00,1.688079659233698501e-02,7.306466511263073116e+00,-3.997647609761943999e-01
2.189676445734722421e+01,0.000000000000000000e+00,0.000000000000000000e+00,2.963903395893755288e+00,4.418365372699808308e-02,-1.307284053597286833e-01,2.963903395893755288e+00,1.686445709867135517e-02,7.323347307855409660e+00,-3.984189216281098234e-01
2.194674939489810228e+01,0.000000000000000000e+00,0.000000000000000000e+00,2.964648529226496798e+00,-2.004218763625514321e-01,-1.306634446885519274e-01,2.964648529226496798e+00,1.687195991550122925e-02,7.340211764954081453e+00,-3.982186699573054267e-01
2.199674295586045503e+01,0.000000000000000000e+00,0.000000000000000000e+00,2.961267019362318287e+00,-5.378023730289417381e-01,-1.309586293577567340e-01,2.961267019362318287e+00,1.690755139222847869e-02,7.357083724869582397e+00,-3.991286515230930698e-01
2.204681305537640768e+01,0.000000000000000000e+00,0.000000000000000000e+00,2.952174098101469024e+00,-9.129146347609246037e-01,-1.317573064563600516e-01,2.952174098101469024e+00,1.697815933574403982e-02,7.373991276261810945e+00,-4.015911313475918898e-01
2.209705098071054152e+01,0.000000000000000000e+00,0.000000000000000000e+00,2.936674487972565473e+00,-1.102951778630914204e+00,-1.331354572223567290e-01,2.936674487972565473e+00,1.707773277988222302e-02,7.390969435597554593e+00,-4.058414711769915972e-01
2.214726800372294591e+01,0.000000000000000000e+00,0.000000000000000000e+00,2.917838572228010907e+00,-9.131471544534104368e-01,-1.348392041697024646e-01,2.917838572228010907e+00,1.717903413556908648e-02,7.408047168377437153e+00,-4.110981497182429889e-01
2.219733719792251136e+01,0.000000000000000000e+00,0.000000000000000000e+00,2.902151586090857993e+00,-3.307255786322310098e-01,-1.362828991710499371e-01,2.902151586090857993e+00,1.724240300631172881e-02,7.425226202513005802e+00,-4.155543746008154016e-01
2.224735267422706286e+01,0.000000000000000000e+00,0.000000000000000000e+00,2.896449082379585427e+00,4.788931252915689107e-01,-1.368133875651459386e-01,2.896449082379585427e+00,1.723482043130969768e-02,7.442468605519317215e+00,-4.171922650098260354e-01
2.229737645738274665e+01,0.000000000000000000e+00,0.000000000000000000e+00,2.904702719399774313e+00,1.237629083120291629e+00,-1.360465602172490629e-01,2.904702719399774313e+00,1.714769163094537197e-02,7.459703425950626965e+00,-4.148247515287101228e-01
2.234749882723020775e+01,0.000000000000000000e+00,0.000000000000000000e+00,2.925925201270610732e+00,1.644878954684640071e+00,-1.341038167009597215e-01,2.925925201270610732e+00,1.700422878367476368e-02,7.476851117581571948e+00,-4.088289158540623358e-01
2.239764859897915628e+01,0.000000000000000000e+00,0.000000000000000000e+00,2.953895099337520147e+00,1.530912178887436470e+00,-1.316055891594999361e-01,2.953895099337520147e+00,1.685014839418360819e-02,7.493855346365246639e+00,-4.011233168354235157e-01
2.244782556720679878e+01,0.000000000000000000e+00,0.000000000000000000e+00,2.979691196730236413e+00,1.026553451072740097e+00,-1.293621979448498216e-01,2.979691196730236413e+00,1.672900181243800258e-02,7.510705494759430501e+00,-3.942080862995798185e-01
2.249791684080906151e+01,0.000000000000000000e+00,0.000000000000000000e+00,2.996864411273796769e+00,5.630357485402972539e-01,-1.279000139187190244e-01,2.996864411273796769e+00,1.665501266058816085e-02,7.527434496571868472e+00,-3.897030955855722567e-01
2.254810395576576099e+01,0.000000000000000000e+00,0.000000000000000000e+00,3.006241778794099151e+00,6.113263904534084192e-01,-1.271119216861084089e-01,3.006241778794099151e+00,1.660101535976793094e-02,7.544089509232456692e+00,-3.872756863131052163e-01
2.259836620198693069e+01,0.000000000000000000e+00,0.000000000000000000e+00,3.016390417591847672e+00,1.405165379697808969e+00,-1.262671021983336750e-01,3.016390417591847672e+00,1.650960157280667584e-02,7.560690524592224904e+00,-3.846740938571232005e-01
2.264853009989912991e+01,0.000000000000000000e+00,0.000000000000000000e+00,3.039589138154560111e+00,2.499999999999997335e+00,-1.243669553476518391e-01,3.039589138154560111e+00,1.633684258306919435e-02,7.577200126165031691e+00,-3.788246900198997680e-01
2.269871761353113016e+01,0.000000000000000000e+00,0.000000000000000000e+00,3.080431244612233055e+00,2.499999999999996891e+00,-1.206146226173545333e-01,3.080431244612233055e+00,1.612305541350791266e-02,7.593536968748100691e+00,-3.672816434931217011e-01
2.274892854564872380e+01,0.000000000000000000e+00,0.000000000000000000e+00,3.120738883146002784e+00,2.499999999999985345e+00,-1.147635344260262008e-01,3.120738883146002784e+00,1.591744783123810042e-02,7.609660024161608582e+00,-3.493031530456310874e-01
2.279934491073242242e+01,0.000000000000000000e+00,0.000000000000000000e+00,3.160532502724097803e+00,2.499999999999994671e+00,-1.072308818007763898e-01,3.160532502724097803e+00,1.571951117944386800e-02,7.625577471992846412e+00,-3.261932657948035663e-01
2.284975301809687309e+01,0.000000000000000000e+00,0.000000000000000000e+00,3.199831280672707390e+00,2.499999999999997335e+00,-9.895384998384618158e-02,3.199831280672707390e+00,1.552878001363923802e-02,7.641296983172289892e+00,-3.008427301399596576e-01
2.289997381699589241e+01,0.000000000000000000e+00,0.000000000000000000e+00,3.238653230706805441e+00,2.500000000000005329e+00,-9.104027543033486880e-02,3.238653230706805441e+00,1.534482749327082882e-02,7.656825763185929112e+00,-2.766443518934454393e-01
2.295008528939048631e+01,0.000000000000000000e+00,0.000000000000000000e+00,3.277015299439982599e+00,2.500000000000007550e+00,-8.435839358692116818e-02,3.277015299439982599e+00,1.516726136013270970e-02,7.672170590679200153e+00,-2.562396135630508609e-01
2.300006129124068366e+01,0.000000000000000000e+00,0.000000000000000000e+00,3.314933452840314487e+00,2.500000000000011102e+00,-7.924656970989973903e-02,3.314933452840314487e+00,1.499572041727834613e-02,7.687337852039332731e+00,-2.406450832471755952e-01
2.305032850080810647e+01,0.000000000000000000e+00,0.000000000000000000e+00,3.352422753883510520e+00,2.500000000000001776e+00,-7.544088321280247034e-02,3.352422753883510520e+00,1.482987143644080158e-02,7.702333572456611321e+00,-2.290434222915123941e-01
2.310088292497937701e+01,0.000000000000000000e+00,0.000000000000000000e+00,3.389497432474612548e+00,2.500000000000008438e+00,-7.220021082764803422e-02,3.389497432474612548e+00,1.466940643366174309e-02,7.717163443893052310e+00,-2.191694841164752716e-01
2.315139824147876979e+01,0.000000000000000000e+00,0.000000000000000000e+00,3.426170948558767027e+00,2.500000000000008882e+00,-6.860086250461042146e-02,3.426170948558767027e+00,1.451404026241375628e-02,7.731832850326713746e+00,-2.082081186188190491e-01
2.320170445616131971e+01,0.000000000000000000e+00,0.000000000000000000e+00,3.462456049214801546e+00,2.499999999999996891e+00,-6.395510767819412301e-02,3.462456049214801546e+00,1.436350848139353494e-02,7.746346890589127732e+00,-1.940680247341820264e-01
2.325175979543958960e+01,0.000000000000000000e+00,0.000000000000000000e+00,3.498364820418285337e+00,2.499999999999987121e+00,-5.817260988393648663e-02,3.498364820418285337e+00,1.421756546069275623e-02,7.760710399070521071e+00,-1.764797531901945715e-01
2.330166501455214956e+01,0.000000000000000000e+00,0.000000000000000000e+00,3.533908734070017044e+00,2.500000000000018208e+00,-5.184936221131062478e-02,3.533908734070017044e+00,1.407598269547677243e-02,7.774927964531213931e+00,-1.572602285368609465e-01
2.335179086782834190e+01,0.000000000000000000e+00,0.000000000000000000e+00,3.569098690808709229e+00,2.500000000000016875e+00,-4.606246845051602257e-02,3.569098690808709229e+00,1.393854730082404007e-02,7.789003947226690983e+00,-1.396820418762031724e-01
2.340203825304839214e+01,0.000000000000000000e+00,0.000000000000000000e+00,3.603945059060769562e+00,2.499999999999992450e+00,-4.198246940046891640e-02,3.603945059060769562e+00,1.380506066516535603e-02,7.802942494527514761e+00,-1.272943996696144775e-01
2.345210714653255835e+01,0.000000000000000000e+00,0.000000000000000000e+00,3.638457710723682847e+00,2.500000000000001776e+00,-4.041016273939533610e-02,3.638457710723682847e+00,1.367533724294300000e-02,7.816747555192679719e+00,-1.225217377660694773e-01
2.350213938558650639e+01,0.000000000000000000e+00,0.000000000000000000e+00,3.672646053831040369e+00,2.499999999999990674e+00,-4.142119361552967088e-02,3.672646053831040369e+00,1.354920346979207602e-02,7.830422892435622728e+00,-1.255906026541260823e-01
2.355212966415645326e+01,0.000000000000000000e+00,0.000000000000000000e+00,3.706519062505520434e+00,2.499999999999989342e+00,-4.434935741448719354e-02,3.706519062505520434e+00,1.342649678581532384e-02,7.843972095905415109e+00,-1.344801718652331168e-01
2.360207283696776415e+01,0.000000000000000000e+00,0.000000000000000000e+00,3.740085304470058603e+00,2.500000000000019984e+00,-4.811296315462697260e-02,3.740085304470058603e+00,1.330706475444845376e-02,7.857398592691230199e+00,-1.459094619469266108e-01
2.365213628214803876e+01,0.000000000000000000e+00,0.000000000000000000e+00,3.773352966356180005e+00,2.499999999999989342e+00,-5.163339001348400681e-02,3.773352966356180005e+00,1.319076426605262503e-02,7.870705657445678405e+00,-1.566040120929769186e-01
2.370224365457202254e+01,0.000000000000000000e+00,0.000000000000000000e+00,3.806329877021311425e+00,2.500000000000013323e+00,-5.414409519159348733e-02,3.806329877021311425e+00,1.307746081677081153e-02,7.883896421711731328e+00,-1.642335351888155881e-01
2.375216856662185450e+01,0.000000000000000000e+00,0.000000000000000000e+00,3.839023529063238627e+00,2.500000000000008438e+00,-5.535558276935057670e-02,3.839023529063238627e+00,1.296702785438372772e-02,7.896973882528501854e+00,-1.679157366599289825e-01
2.380218680161402744e+01,0.000000000000000000e+00,0.000000000000000000e+00,3.871441098699198058e+00,2.499999999999982236e+00,-5.545959473144761870e-02,3.871441098699198058e+00,1.285934618393076712e-02,7.909940910382885271e+00,-1.682318940347239111e-01
2.385250829515035420e+01,0.000000000000000000e+00,0.000000000000000000e+00,3.903589464159024747e+00,2.500000000000001332e+00,-5.494690164088977119e-02,3.903589464159024747e+00,1.275430342674805165e-02,7.922800256566816302e+00,-1.666735344536406371e-01
2.390280578801446509e+01,0.000000000000000000e+00,0.000000000000000000e+00,3.935475222725894895e+00,2.500000000000017764e+00,-5.432253727324897613e-02,3.935475222725894895e+00,1.265179352734113749e-02,7.935554559993564183e+00,-1.647758623288708701e-01
2.395286257453849288e+01,0.000000000000000000e+00,0.000000000000000000e+00,3.967104706544247961e+00,2.500000000000004885e+00,-5.388505586525422358e-02,3.967104706544247961e+00,1.255171630317250889e-02,7.948206353520905765e+00,-1.634462728653570951e-01
2.400274420350371329e+01,0.000000000000000000e+00,0.000000000000000000e+00,3.998483997302179294e+00,1.212792943745192586e-01,-5.365239126143613035e-02,3.998483997302179294e+00,1.250009497201707079e-02,7.960758069824078298e+00,-1.627391863367799452e-01
2.405266863344272110e+01,0.000000000000000000e+00,0.000000000000000000e+00,4.000000000000000000e+00,0.000000000000000000e+00,-5.341194952078547054e-02,4.000000000000000000e+00,1.249772619980449653e-02,7.973258164796095393e+00,-1.620084830258388953e-01
2.410271944160495750e+01,0.000000000000000000e+00,0.000000000000000000e+00,4.000000000000000000e+00,0.000000000000000000e+00,-5.287665543886459207e-02,4.000000000000000000e+00,1.249772619980449653e-02,7.985755890995900330e+00,-1.603817897345198029e-01
2.415290159221050459e+01,0.000000000000000000e+00,0.000000000000000000e+00,4.000000000000000000e+00,0.000000000000000000e+00,-5.191646121229881450e-02,4.000000000000000000e+00,1.249772619980449653e-02,7.998253617195705267e+00,-1.574641071586269370e-01
2.420306610547920201e+01,0.000000000000000000e+00,0.000000000000000000e+00,4.000000000000000000e+00,0.000000000000000000e+00,-5.071383628580570374e-02,4.000000000000000000e+00,1.249772619980449653e-02,8.010751343395510204e+00,-1.538101755039074925e-01
2.425290414603770728e+01,0.000000000000000000e+00,0.000000000000000000e+00,4.000000000000000000e+00,0.000000000000000000e+00,-4.968077470075900337e-02,4.000000000000000000e+00,1.249772619980449653e-02,8.023249069595314253e+00,-1.506717841889859688e-01
2.430273430557601699e+01,0.000000000000000000e+00,0.000000000000000000e+00,4.000000000000000000e+00,0.000000000000000000e+00,-4.918537390931423253e-02,4.000000000000000000e+00,1.249772619980449653e-02,8.035746795795118302e+00,-1.491668952429222039e-01
2.435268319669986425e+01,0.000000000000000000e+00,0.000000000000000000e+00,4.000000000000000000e+00,0.000000000000000000e+00,-4.930731210480256144e-02,4.000000000000000000e+00,1.249772619980449653e-02,8.048244521994922351e+00,-1.495373025132834266e-01
2.440264084060507699e+01,0.000000000000000000e+00,0.000000000000000000e+00,4.000000000000000000e+00,0.000000000000000000e+00,-4.978464585086816302e-02,4.000000000000000000e+00,1.249772619980449653e-02,8.060742248194726400e+00,-1.509873250475948225e-01
2.445257472179488900e+01,0.000000000000000000e+00,0.000000000000000000e+00,4.000000000000000000e+00,0.000000000000000000e+00,-5.017584286768445034e-02,4.000000000000000000e+00,1.249772619980449653e-02,8.073239974394530449e+00,-1.521757367792155313e-01
2.450261437290161481e+01,0.000000000000000000e+00,0.000000000000000000e+00,4.000000000000000000e+00,0.000000000000000000e+00,-5.015487487205848999e-02,4.000000000000000000e+00,1.249772619980449653e-02,8.085737700594334498e+00,-1.521120372290091505e-01
2.455249273860598080e+01,0.000000000000000000e+00,0.000000000000000000e+00,4.000000000000000000e+00,0.000000000000000000e+00,-4.974882623426656048e-02,4.000000000000000000e+00,1.249772619980449653e-02,8.098235426794138547e+00,-1.508785114756494294e-01
2.460217908999979386e+01,0.000000000000000000e+00,0.000000000000000000e+00,4.000000000000000000e+00,0.000000000000000000e+00,-4.932987402825844692e-02,4.000000000000000000e+00,1.249772619980449653e-02,8.110733152993942596e+00,-1.496058385449993422e-01
2.465208429606711604e+01,0.000000000000000000e+00,0.000000000000000000e+00,4.000000000000000000e+00,0.000000000000000000e+00,-4.938826043177500791e-02,4.000000000000000000e+00,1.249772619980449653e-02,8.123230879193746645e+00,-1.497831987956385613e-01
2.470196477671957425e+01,0.000000000000000000e+00,0.000000000000000000e+00,4.000000000000000000e+00,0.000000000000000000e+00,-5.029409304728606200e-02,4.000000000000000000e+00,1.249772619980449653e-02,8.135728605393550694e+00,-1.525349764548937226e-01
2.475190401537798834e+01,0.000000000000000000e+00,0.000000000000000000e+00,4.000000000000000000e+00,0.000000000000000000e+00,-5.217425331531475030e-02,4.000000000000000000e+00,1.249772619980449653e-02,8.148226331593354743e+00,-1.582474152004277879e-01
2.480181957103923551e+01,0.000000000000000000e+00,0.000000000000000000e+00,4.000000000000000000e+00,0.000000000000000000e+00,-5.488317107301916853e-02,4.000000000000000000e+00,1.249772619980449653e-02,8.160724057793158792e+00,-1.664798279544226767e-01
2.485167459564411274e+01,0.000000000000000000e+00,0.000000000000000000e+00,4.000000000000000000e+00,0.000000000000000000e+00,-5.804630214639856789e-02,4.000000000000000000e+00,1.249772619980449653e-02,8.173221783992962841e+00,-1.760957071170788091e-01
2.490170298029435259e+01,0.000000000000000000e+00,0.000000000000000000e+00,4.000000000000000000e+00,0.000000000000000000e+00,-6.117188671035014152e-02,4.000000000000000000e+00,1.249772619980449653e-02,8.185719510192766890e+00,-1.856009176355622736e-01
2.495157273958914601e+01,0.000000000000000000e+00,0.000000000000000000e+00,4.000000000000000000e+00,0.000000000000000000e+00,-6.377425236097267192e-02,4.000000000000000000e+00,1.249772619980449653e-02,8.198217236392570939e+00,-1.935177369091801436e-01
2.500142025960217751e+01,0.000000000000000000e+00,0.000000000000000000e+00,4.000000000000000000e+00,0.000000000000000000e+00,-6.546862532664510237e-02,4.000000000000000000e+00,1.249772619980449653e-02,8.210714962592374988e+00,-1.986737026854357990e-01
2.505124572975596919e+01,0.000000000000000000e+00,0.000000000000000000e+00,4.000000000000000000e+00,0.000000000000000000e+00,-6.606005976445745997e-02,4.000000000000000000e+00,1.249772619980449653e-02,8.223212688792179037e+00,-2.004737019956191746e-01
2.510092595055358089e+01,0.000000000000000000e+00,0.000000000000000000e+00,4.000000000000000000e+00,0.000000000000000000e+00,-6.558649243872949341e-02,4.000000000000000000e+00,1.249772619980449653e-02,8.235710414991983086e+00,-1.990324138051685066e-01
2.515079261162729551e+01,0.000000000000000000e+00,0.000000000000000000e+00,4.000000000000000000e+00,0.000000000000000000e+00,-6.420876556456019124e-02,4.000000000000000000e+00,1.249772619980449653e-02,8.248208141191787135e+00,-1.948398501608849254e-01
2.520059520164543443e+01,0.000000000000000000e+00,0.000000000000000000e+00,4.000000000000000000e+00,0.000000000000000000e+00,-6.199276855348703069e-02,4.000000000000000000e+00,1.249772619980449653e-02,8.260705867391591184e+00,-1.880978960476865358e-01
2.525039159328977334e+01,0.000000000000000000e+00,0.000000000000000000e+00,4.000000000000000000e+00,0.000000000000000000e+00,-5.880577682458433542e-02,4.000000000000000000e+00,1.249772619980449653e-02,8.273203593591395233e+00,-1.784050197562216666e-01
2.530016570819158161e+01,0.000000000000000000e+00,0.000000000000000000e+00,4.000000000000000000e+00,-3.921916403677325746e+00,-5.444482398902364406e-02,4.000000000000000000e+00,1.257525118332028340e-02,8.285701319791199282e+00,-1.651475262790752518e-01
2.534991769831719921e+01,0.000000000000000000e+00,0.000000000000000000e+00,3.950680916103773477e+00,-3.999999999999992006e+00,-4.889861312205247973e-02,3.950680916103773477e+00,1.273585743750130055e-02,8.298276570974518762e+00,-1.482958298189888113e-01
2.539985812620392025e+01,0.000000000000000000e+00,0.000000000000000000e+00,3.899737486353768379e+00,-3.999999999999999112e+00,-4.258969357696696517e-02,3.899737486353768379e+00,1.290444663551138307e-02,8.311012428412020370e+00,-1.291377671732340249e-01
2.544982511412278470e+01,0.000000000000000000e+00,0.000000000000000000e+00,3.848119699811722860e+00,-3.999999999999978684e+00,-3.646374920701427741e-02,3.848119699811722860e+00,1.307991356912104053e-02,8.323916875047531860e+00,-1.105452078822087292e-01
2.549979605238343083e+01,0.000000000000000000e+00,0.000000000000000000e+00,3.795800045535238976e+00,-3.999999999999984901e+00,-3.179367006329720385e-02,3.795800045535238976e+00,1.326273899750456987e-02,8.336996788616652054e+00,-9.637693072968572805e-02
2.554964600133363106e+01,0.000000000000000000e+00,0.000000000000000000e+00,3.742749089545220897e+00,-3.999999999999990230e+00,-2.972182489889440421e-02,3.742749089545220897e+00,1.345345208577278760e-02,8.350259527614156241e+00,-9.009266651279229654e-02
2.559956890948320662e+01,0.000000000000000000e+00,0.000000000000000000e+00,3.688935281202129879e+00,-3.999999999999993339e+00,-3.081460718362891149e-02,3.688935281202129879e+00,1.365263685762965230e-02,8.363712979699929662e+00,-9.340716401116923306e-02
2.564965282609427177e+01,0.000000000000000000e+00,0.000000000000000000e+00,3.634324733771611360e+00,-4.000000000000002665e+00,-3.491279192972004952e-02,3.634324733771611360e+00,1.386093973155321478e-02,8.377365616557559846e+00,-1.058393453090394065e-01
2.569971298898514789e+01,0.000000000000000000e+00,0.000000000000000000e+00,3.578880974845398466e+00,-3.999999999999998224e+00,-4.130083284111232822e-02,3.578880974845398466e+00,1.407907836232514392e-02,8.391226556289112182e+00,-1.252252483667843086e-01
2.574953735080467965e+01,0.000000000000000000e+00,0.000000000000000000e+00,3.522564661396097918e+00,-4.000000000000001776e+00,-4.904648020873490083e-02,3.522564661396097918e+00,1.430785206384387921e-02,8.405305634651437430e+00,-1.487449882611020513e-01
2.579933223153084754e+01,0.000000000000000000e+00,0.000000000000000000e+00,3.465333253140722380e+00,-3.999999999999994227e+00,-5.737411608655384326e-02,3.465333253140722380e+00,1.454815415873169510e-02,8.419613486715281425e+00,-1.740519805721947311e-01
2.584930515722153288e+01,0.000000000000000000e+00,0.000000000000000000e+00,3.407140636505795683e+00,-4.000000000000007105e+00,-6.593284322583917167e-02,3.407140636505795683e+00,1.480098669039806199e-02,8.434161640874012988e+00,-2.000865133672889706e-01
2.589944429589125718e+01,0.000000000000000000e+00,0.000000000000000000e+00,3.347936689744203331e+00,-4.000000000000001776e+00,-7.479824419815057912e-02,3.347936689744203331e+00,1.506747805099827899e-02,8.448962627564410965e+00,-2.270850007690031480e-01
2.594954528806630378e+01,0.000000000000000000e+00,0.000000000000000000e+00,3.287666777540210195e+00,-3.999999999999996447e+00,-8.418828592741271766e-02,3.287666777540210195e+00,1.534890423394387471e-02,8.464030105615409028e+00,-2.557204574815847287e-01
2.599939101631347782e+01,0.000000000000000000e+00,0.000000000000000000e+00,3.226271160604434751e+00,-3.999999999999982236e+00,-9.410785072951266539e-02,3.226271160604434751e+00,1.564671462610163488e-02,8.479379009849353110e+00,-2.860201631258942334e-01
2.604917475702242413e+01,0.000000000000000000e+00,0.000000000000000000e+00,3.163684302100028489e+00,-4.000000000000004441e+00,-1.041946854376598203e-01,3.163684302100028489e+00,1.596256353225209909e-02,8.495025724475453899e+00,-3.168890740546005946e-01
2.609912089186612505e+01,0.000000000000000000e+00,0.000000000000000000e+00,3.099834047971020023e+00,-4.000000000000006217e+00,-1.138501043052052714e-01,3.099834047971020023e+00,1.629834900117152832e-02,8.510988288007705904e+00,-3.464986989640407855e-01
2.614918540499604305e+01,0.000000000000000000e+00,0.000000000000000000e+00,3.034640651966333813e+00,-3.999999999999987566e+00,-1.225291402383309747e-01,3.034640651966333813e+00,1.665626104038281027e-02,8.527286637008877790e+00,-3.731698114875726668e-01
2.619922356356457271e+01,0.000000000000000000e+00,0.000000000000000000e+00,2.968015607804802780e+00,-3.999999999999982236e+00,-1.300092033541248304e-01,2.968015607804802780e+00,1.703884202679436383e-02,8.543942898049261103e+00,-3.962020565934659677e-01
2.624899609118199706e+01,0.000000000000000000e+00,0.000000000000000000e+00,2.899860239697625630e+00,-3.576998210328087957e+00,-1.364956900875114176e-01,2.899860239697625630e+00,1.742636852315853843e-02,8.560981740076055502e+00,-4.162113408849844598e-01
2.629874625578564107e+01,0.000000000000000000e+00,0.000000000000000000e+00,2.837526150677769810e+00,-3.260466683964869272e+00,-1.424785520783175552e-01,2.837526150677769810e+00,1.779980660094411180e-02,8.578408108599214543e+00,-4.346986575427833066e-01
2.634876479962549922e+01,0.000000000000000000e+00,0.000000000000000000e+00,2.779490474274373568e+00,-3.055362993341022460e+00,-1.484044199612506443e-01,2.779490474274373568e+00,1.816703567740366940e-02,8.596207915200158922e+00,-4.530411639218395181e-01
2.639851106914258594e+01,0.000000000000000000e+00,0.000000000000000000e+00,2.723983585766928339e+00,-2.821296265588410623e+00,-1.544193463586767401e-01,2.723983585766928339e+00,1.852994399359916486e-02,8.614374950877563109e+00,-4.716926095638054872e-01
2.644818952886863173e+01,0.000000000000000000e+00,0.000000000000000000e+00,2.671705123976224616e+00,-2.587285409648474310e+00,-1.604194301128909761e-01,2.671705123976224616e+00,1.888390288594844410e-02,8.632904894871161972e+00,-4.903328586721536486e-01
2.649797218528631859e+01,0.000000000000000000e+00,0.000000000000000000e+00,2.622847077562191487e+00,-2.459108157785526050e+00,-1.663429276209102414e-01,2.622847077562191487e+00,1.923319770606703172e-02,8.651788797757109961e+00,-5.087707134264178865e-01
2.654751740610646138e+01,0.000000000000000000e+00,0.000000000000000000e+00,2.575550564182900182e+00,-2.481737390844561464e+00,-1.723890284357810498e-01,2.575550564182900182e+00,1.959477855773410909e-02,8.671021995463176424e+00,-5.276280592766960931e-01
2.659719829634340016e+01,0.000000000000000000e+00,0.000000000000000000e+00,2.526921469570852175e+00,-2.582996579720117758e+00,-1.789483939650626798e-01,2.526921469570852175e+00,1.998750634056699338e-02,8.690616774020909929e+00,-5.481312385720762403e-01
2.664710405522237480e+01,0.000000000000000000e+00,0.000000000000000000e+00,2.475293809056033467e+00,-2.619677287331451776e+00,-1.863209877070515219e-01,2.475293809056033467e+00,2.041652202343324091e-02,8.710604280361476270e+00,-5.712346369288197057e-01
2.669691885248245100e+01,0.000000000000000000e+00,0.000000000000000000e+00,2.421809110024943035e+00,-2.472320372109290343e+00,-1.944376613745980864e-01,2.421809110024943035e+00,2.086416373403874799e-02,8.731020802384909629e+00,-5.967442284087735027e-01
2.674671109861742480e+01,0.000000000000000000e+00,0.000000000000000000e+00,2.370226212978255198e+00,-2.123177767172796937e+00,-2.027649198740938130e-01,2.370226212978255198e+00,2.129428764406393962e-02,8.751884966118948839e+00,-6.230005796879066748e-01
2.679648279890279028e+01,0.000000000000000000e+00,0.000000000000000000e+00,2.325014654884596244e+00,-1.673973938269887940e+00,-2.104984806510571960e-01,2.325014654884596244e+00,2.167038318825212709e-02,8.773179253763013108e+00,-6.474655341767081573e-01
2.684623306258223607e+01,0.000000000000000000e+00,0.000000000000000000e+00,2.288738998195140262e+00,-1.292382618562065710e+00,-2.170179007724438724e-01,2.288738998195140262e+00,2.197850014281138228e-02,8.794849636951266092e+00,-6.681523572849870085e-01
2.689595566684205252e+01,0.000000000000000000e+00,0.000000000000000000e+00,2.260334366628506952e+00,-1.116569303590258633e+00,-2.223295170110553554e-01,2.260334366628506952e+00,2.223875012444253771e-02,8.816828137094077533e+00,-6.850506267016656103e-01
2.694568365793736220e+01,0.000000000000000000e+00,0.000000000000000000e+00,2.235503260889340371e+00,-1.174197013951289836e+00,-2.271287442112394084e-01,2.235503260889340371e+00,2.249515639120339833e-02,8.839066887218519852e+00,-7.003537025092697599e-01
2.699541165046347402e+01,0.000000000000000000e+00,0.000000000000000000e+00,2.209089515426422068e+00,-1.372443830099926432e+00,-2.324002388213149695e-01,2.209089515426422068e+00,2.279099526293144537e-02,8.861562043609723105e+00,-7.172018736189672561e-01
2.704513290241827050e+01,0.000000000000000000e+00,0.000000000000000000e+00,2.177810154595975156e+00,-1.564648290144398324e+00,-2.388744730624277057e-01,2.177810154595975156e+00,2.314713522859914926e-02,8.884353038872655262e+00,-7.379518186487329379e-01
2.709484837457861772e+01,0.000000000000000000e+00,0.000000000000000000e+00,2.141593029038806328e+00,-1.636515385510590948e+00,-2.467006164099308230e-01,2.141593029038806328e+00,2.355484854456434476e-02,8.907500174101254942e+00,-7.631223185550087829e-01
2.714455954453915254e+01,0.000000000000000000e+00,0.000000000000000000e+00,2.103045156992255027e+00,-1.555267748705440267e+00,-2.554419881304413886e-01,2.103045156992255027e+00,2.398341417806039086e-02,8.931055022645820074e+00,-7.913540844917955619e-01
2.719426726373459502e+01,0.000000000000000000e+00,0.000000000000000000e+00,2.065744526417272908e+00,-1.371854773922153603e+00,-2.643296081296305222e-01,2.065744526417272908e+00,2.439759485243592901e-02,8.955038436823880232e+00,-8.201906667465852507e-01
2.724396658264586435e+01,0.000000000000000000e+00,0.000000000000000000e+00,2.032274569446740120e+00,-1.183582657566810248e+00,-2.726855491131254805e-01,2.032274569446740120e+00,2.477726876793125838e-02,8.979436031676316432e+00,-8.474289159766544843e-01
2.729372281900552366e+01,0.000000000000000000e+00,0.000000000000000000e+00,2.002948623831144914e+00,-1.073302666963929175e+00,-2.803196734816066904e-01,2.002948623831144914e+00,2.512782905891457544e-02,9.004213300444247281e+00,-8.724256486409425193e-01
2.734350917872988873e+01,0.000000000000000000e+00,0.000000000000000000e+00,1.975978857887198181e+00,-1.059709078808096283e+00,-2.876111857965246710e-01,1.975978857887198181e+00,2.547330992704074926e-02,9.029341129503162477e+00,-8.964033219869782521e-01
2.739324047827831521e+01,0.000000000000000000e+00,0.000000000000000000e+00,1.948984560090220697e+00,-1.094466823699424385e+00,-2.951811688971592851e-01,1.948984560090220697e+00,2.583715447211041780e-02,9.054814439430202810e+00,-9.214064479038310829e-01
2.744285172946317886e+01,0.000000000000000000e+00,0.000000000000000000e+00,1.920706651701698631e+00,-1.100570510883887687e+00,-3.034161854913758338e-01,1.920706651701698631e+00,2.622438255322667375e-02,9.080651593902313579e+00,-9.487372741141381072e-01
2.749255794041736678e+01,0.000000000000000000e+00,0.000000000000000000e+00,1.891844869597479439e+00,-1.014113522803706147e+00,-3.121582826446498982e-01,1.891844869597479439e+00,2.661426612099919084e-02,9.106875976455540922e+00,-9.779057532465459390e-01
2.754241977166051214e+01,0.000000000000000000e+00,0.000000000000000000e+00,1.864854982424677621e+00,-8.074528071933693152e-01,-3.206559700728816575e-01,1.864854982424677621e+00,2.696426438338170306e-02,9.133490242576540297e+00,-1.006416883721764188e+00
2.759219191252788761e+01,0.000000000000000000e+00,0.000000000000000000e+00,1.843082611454411879e+00,-4.964272949773803623e-01,-3.277479550587081847e-01,1.843082611454411879e+00,2.722333666345087486e-02,9.160454506959922583e+00,-1.030334971312024450e+00
2.764195679479140821e+01,0.000000000000000000e+00,0.000000000000000000e+00,1.829568204074316418e+00,-1.310998067746618756e-01,-3.322601802069578558e-01,1.829568204074316418e+00,2.735068304068501155e-02,9.187677843623372809e+00,-1.045612667791977479e+00
2.769184842936626367e+01,0.000000000000000000e+00,0.000000000000000000e+00,1.825982534812527591e+00,2.288005723286023196e-01,-3.334718352560373522e-01,1.825982534812527591e+00,2.733073857465961182e-02,9.215028526664058361e+00,-1.049723224482360218e+00
2.774191923710942831e+01,0.000000000000000000e+00,0.000000000000000000e+00,1.832235823440573119e+00,5.397469408761955689e-01,-3.313627068081080318e-01,1.832235823440573119e+00,2.717532485080528110e-02,9.242359265238718535e+00,-1.042570192530976048e+00
2.779206139890403904e+01,0.000000000000000000e+00,0.000000000000000000e+00,1.846903621896112124e+00,7.860931855259923884e-01,-3.264876333280711251e-01,1.846903621896112124e+00,2.691326777243032223e-02,9.269534590089524073e+00,-1.026076115418023571e+00
2.784205238413849770e+01,0.000000000000000000e+00,0.000000000000000000e+00,1.868059958292255907e+00,9.765834831904999236e-01,-3.196301062265737292e-01,1.868059958292255907e+00,2.657624857929168777e-02,9.296447857861954489e+00,-1.002966486075979935e+00
2.789205774467342280e+01,0.000000000000000000e+00,0.000000000000000000e+00,1.894013883699957157e+00,1.135765389767190880e+00,-3.114891063189955678e-01,1.894013883699957157e+00,2.618852440009497573e-02,9.323024106441245351e+00,-9.756672513464857976e-01
2.794212961419102470e+01,0.000000000000000000e+00,0.000000000000000000e+00,1.923757903322658613e+00,1.294483416025558720e+00,-3.025121509316844870e-01,1.923757903322658613e+00,2.576276229879853608e-02,9.349212630841339688e+00,-9.457300969570263671e-01
2.799221593972123401e+01,0.000000000000000000e+00,0.000000000000000000e+00,1.957107371869461820e+00,1.476300727455863271e+00,-2.928739703269451766e-01,1.957107371869461820e+00,2.530180782076472956e-02,9.374975393140138280e+00,-9.137738779773312281e-01
2.804252077630741269e+01,0.000000000000000000e+00,0.000000000000000000e+00,1.994460449161205240e+00,1.686790923221058947e+00,-2.825859724392713601e-01,1.994460449161205240e+00,2.480469662143208048e-02,9.400277200960902135e+00,-8.798673197096340548e-01
2.809266261222668959e+01,0.000000000000000000e+00,0.000000000000000000e+00,2.036300786275488939e+00,1.918979470455367542e+00,-2.716606152106317840e-01,2.036300786275488939e+00,2.427226306977303683e-02,9.425081897582334278e+00,-8.440811202942452018e-01
2.814281170382677999e+01,0.000000000000000000e+00,0.000000000000000000e+00,2.082878760807875373e+00,2.168771477739955600e+00,-2.601929589824222289e-01,2.082878760807875373e+00,2.370824141158683895e-02,9.449354160652108092e+00,-8.067520198022998246e-01
2.819296326494577798e+01,0.000000000000000000e+00,0.000000000000000000e+00,2.134296518568698175e+00,2.437817516546228358e+00,-2.483218974827348102e-01,2.134296518568698175e+00,2.311745310424262109e-02,9.473062402063694876e+00,-7.683490036102368359e-01
2.824311149425427203e+01,0.000000000000000000e+00,0.000000000000000000e+00,2.190652650684156821e+00,2.500000000000003997e+00,-2.361851952817333455e-01,2.190652650684156821e+00,2.253044479928686256e-02,9.496179855167937944e+00,-7.293248335276714123e-01
2.829348229048742169e+01,0.000000000000000000e+00,0.000000000000000000e+00,2.246978762682374064e+00,2.499999999999985345e+00,-2.239461149274823148e-01,2.246978762682374064e+00,2.197930975051795577e-02,9.518710299967224842e+00,-6.902016531371270025e-01
2.834387889475095434e+01,0.000000000000000000e+00,0.000000000000000000e+00,2.301927037058668635e+00,2.499999999999995115e+00,-2.118234556357560805e-01,2.301927037058668635e+00,2.146674400660093102e-02,9.540689609717743380e+00,-6.516650980569456131e-01
2.839406169617780407e+01,0.000000000000000000e+00,0.000000000000000000e+00,2.355593897075170862e+00,2.500000000000006217e+00,-2.000288003197397690e-01,2.355593897075170862e+00,2.098844845452573632e-02,9.562156353724343916e+00,-6.143636952961618602e-01
2.844422657144133737e+01,0.000000000000000000e+00,0.000000000000000000e+00,2.408065018211485331e+00,2.499999999999997780e+00,-1.886060750575421219e-01,2.408065018211485331e+00,2.054076637102968117e-02,9.583144802178869881e+00,-5.784083093550217436e-01
2.849460920544045806e+01,0.000000000000000000e+00,0.000000000000000000e+00,2.459416934139059485e+00,2.499999999999997335e+00,-1.772616190532326774e-01,2.459416934139059485e+00,2.012056503740391328e-02,9.603685568549899187e+00,-5.428541645173713404e-01
2.854500020207438737e+01,0.000000000000000000e+00,0.000000000000000000e+00,2.509718346732569216e+00,2.499999999999991562e+00,-1.653658209053442962e-01,2.509718346732569216e+00,1.972514297547174264e-02,9.623806133587303080e+00,-5.057268181868415091e-01
2.859515278712562036e+01,0.000000000000000000e+00,0.000000000000000000e+00,2.559031204171248408e+00,2.500000000000004441e+00,-1.522712980578095066e-01,2.559031204171248408e+00,1.935215649854718847e-02,9.643531276562775645e+00,-4.650278743375841906e-01
2.864527347131953050e+01,0.000000000000000000e+00,0.000000000000000000e+00,2.607411595417616468e+00,2.499999999999999556e+00,-1.378319822451368470e-01,2.607411595417616468e+00,1.899956099707438700e-02,9.662883433061322691e+00,-4.203378620679864563e-01
2.869560246070131981e+01,0.000000000000000000e+00,0.000000000000000000e+00,2.654910497910302425e+00,2.499999999999995115e+00,-1.227849939483905556e-01,2.654910497910302425e+00,1.866556358798238460e-02,9.681882994058396363e+00,-3.739569081765675151e-01
2.874592064431989513e+01,0.000000000000000000e+00,0.000000000000000000e+00,2.701574406880258294e+00,2.499999999999998668e+00,-1.087271618291302394e-01,2.701574406880258294e+00,1.834858461650680159e-02,9.700548557646378356e+00,-3.307807283981355484e-01
2.879620632002079716e+01,0.000000000000000000e+00,0.000000000000000000e+00,2.747445868421525272e+00,2.499999999999992450e+00,-9.760612992076637962e-02,2.747445868421525272e+00,1.804722611859338466e-02,9.718897142262886035e+00,-2.967190267168067774e-01
2.884626294746507114e+01,0.000000000000000000e+00,0.000000000000000000e+00,2.792563933718008595e+00,2.500000000000016875e+00,-9.086489303350646363e-02,2.792563933718008595e+00,1.776024580372782824e-02,9.736944368381479364e+00,-2.761084692731765600e-01
2.889631175931312157e+01,0.000000000000000000e+00,0.000000000000000000e+00,2.836964548227328464e+00,2.499999999999998224e+00,-8.868732568563167384e-02,2.836964548227328464e+00,1.748653545128179415e-02,9.754704614185207845e+00,-2.694563067898700370e-01
2.894653729362591221e+01,0.000000000000000000e+00,0.000000000000000000e+00,2.880680886855532918e+00,2.500000000000008882e+00,-8.986269797631728229e-02,2.880680886855532918e+00,1.722510286192336509e-02,9.772191149636489271e+00,-2.730465800626177275e-01
2.899670198196418625e+01,0.000000000000000000e+00,0.000000000000000000e+00,2.923743644010341480e+00,2.499999999999997335e+00,-9.234939604983825878e-02,2.923743644010341480e+00,1.697505669272382847e-02,9.789416252498412518e+00,-2.806449270966295262e-01
2.904681876297683374e+01,0.000000000000000000e+00,0.000000000000000000e+00,2.966181285742151008e+00,2.500000000000003553e+00,-9.413039901189709791e-02,2.966181285742151008e+00,1.673559364676877395e-02,9.806391309191136330e+00,-2.860891001254517452e-01
2.909690895980742553e+01,0.000000000000000000e+00,0.000000000000000000e+00,3.008020269859073004e+00,2.499999999999996447e+00,-9.389551772780888039e-02,3.008020269859073004e+00,1.650598759706858529e-02,9.823126902837904240e+00,-2.853710105426351396e-01
2.914696833184219216e+01,0.000000000000000000e+00,0.000000000000000000e+00,3.049285238851744406e+00,2.499999999999999556e+00,-9.129931845985607419e-02,3.049285238851744406e+00,1.628558030878917567e-02,9.839632890434973689e+00,-2.774358917924974466e-01
2.919699419551893271e+01,0.000000000000000000e+00,0.000000000000000000e+00,3.089999189623717335e+00,2.499999999999987566e+00,-8.675917183191235449e-02,3.089999189623717335e+00,1.607377348941313802e-02,9.855918470743763038e+00,-2.635682195808372597e-01
2.924698416151361613e+01,0.000000000000000000e+00,0.000000000000000000e+00,3.130183623347249977e+00,2.499999999999980016e+00,-8.097295358753631156e-02,3.130183623347249977e+00,1.587002194788626405e-02,9.871992244233176450e+00,-2.459102683612752471e-01
2.929696465259682014e+01,0.000000000000000000e+00,0.000000000000000000e+00,3.169858678216965320e+00,2.499999999999996003e+00,-7.447709012180710186e-02,3.169858678216965320e+00,1.567382768442960109e-02,9.887862266181063120e+00,-2.261063649395403941e-01
2.934667830110010556e+01,0.000000000000000000e+00,0.000000000000000000e+00,3.209043247428039258e+00,2.500000000000002220e+00,-6.747349063202806585e-02,3.209043247428039258e+00,1.548473476498538233e-02,9.903536093865492163e+00,-2.047759767682838239e-01
2.939631107377331531e+01,0.000000000000000000e+00,0.000000000000000000e+00,3.247755084340502751e+00,2.499999999999991118e+00,-5.990507519823990573e-02,3.247755084340502751e+00,1.530232486008268125e-02,9.919020828630477737e+00,-1.817479909738824451e-01
2.944611538606041634e+01,0.000000000000000000e+00,0.000000000000000000e+00,3.286010896490709321e+00,2.499999999999997335e+00,-5.162455915440661292e-02,3.286010896490709321e+00,1.512621334867249485e-02,9.934323153490559832e+00,-1.565771804563832470e-01
2.949587054789603258e+01,0.000000000000000000e+00,0.000000000000000000e+00,3.323826429862390519e+00,2.500000000000012434e+00,-4.254863636891274836e-02,3.323826429862390519e+00,1.495604590427205595e-02,9.949449366839232312e+00,-1.290131256605359655e-01
2.954557414333828547e+01,0.000000000000000000e+00,0.000000000000000000e+00,3.361216544623070845e+00,2.499999999999977351e+00,-3.278285550020958172e-02,3.361216544623070845e+00,1.479149549440648276e-02,9.964405412743504442e+00,-9.937758979775807022e-02
2.959522389875645132e+01,0.000000000000000000e+00,0.000000000000000000e+00,3.398195283359086716e+00,2.499999999999992895e+00,-2.270998788776630237e-02,3.398195283359086716e+00,1.463225973548482918e-02,9.979196908237911501e+00,-6.882997839377641425e-02
2.964481715147334029e+01,0.000000000000000000e+00,0.000000000000000000e+00,3.434775932697798684e+00,2.499999999999990674e+00,-1.299398715177181411e-02,3.434775932697798684e+00,1.447805855439844233e-02,9.993829167973396821e+00,-3.937793490544987118e-02
2.969459737965375012e+01,0.000000000000000000e+00,0.000000000000000000e+00,3.470971079083794653e+00,2.500000000000002220e+00,-4.450895591971158576e-03,3.470971079083794653e+00,1.432863211567382208e-02,1.000830722652779592e+01,-1.348765146560886724e-02
2.974459148189901114e+01,0.000000000000000000e+00,0.000000000000000000e+00,3.506792659372979237e+00,2.499999999999977351e+00,2.180400510799202721e-03,3.506792659372979237e+00,1.418373897925912473e-02,1.002263585864347029e+01,6.607284745818719010e-03
2.979458213864671379e+01,0.000000000000000000e+00,0.000000000000000000e+00,3.542252006821126731e+00,2.499999999999995115e+00,6.467624966454268987e-03,3.542252006821126731e+00,1.404315445921720459e-02,1.003681959762272946e+01,1.959913681389793480e-02
2.984456928281564103e+01,0.000000000000000000e+00,0.000000000000000000e+00,3.577359892969169675e+00,2.500000000000009326e+00,8.424771112670490295e-03,3.577359892969169675e+00,1.390666915793352040e-02,1.005086275208194735e+01,2.553021345254121235e-02
2.989455323501786310e+01,0.000000000000000000e+00,0.000000000000000000e+00,3.612126565864003602e+00,2.500000000000014655e+00,8.504139021796041503e-03,3.612126565864003602e+00,1.377408765407955524e-02,1.006476942123988039e+01,2.577073950075758207e-02
2.994453470837186515e+01,0.000000000000000000e+00,0.000000000000000000e+00,3.646561784999202693e+00,2.500000000000006661e+00,7.394777053491819428e-03,3.646561784999202693e+00,1.364522732562690500e-02,1.007854350889395967e+01,2.240882377363656933e-02
2.999452786896034695e+01,0.000000000000000000e+00,0.000000000000000000e+00,3.680674853313270045e+00,2.500000000000008438e+00,5.666560402505038153e-03,3.680674853313270045e+00,1.351991729178467737e-02,1.009218873621958679e+01,1.717157895209950672e-02
3.004451943257804203e+01,0.000000000000000000e+00,0.000000000000000000e+00,3.714474646542731850e+00,2.500000000000001332e+00,3.459626245761427635e-03,3.714474646542731850e+00,1.339799745991498287e-02,1.010570865351137115e+01,1.048375772302694020e-02
3.009450936067519677e+01,0.000000000000000000e+00,0.000000000000000000e+00,3.747969640192519325e+00,2.499999999999996447e+00,4.419509536107196681e-04,3.747969640192519325e+00,1.327931766533476353e-02,1.011910665097128614e+01,1.339245401165970861e-03
3.014449771721639593e+01,0.000000000000000000e+00,0.000000000000000000e+00,3.781167934355856186e+00,2.499999999999979572e+00,-3.932147900716791503e-03,3.781167934355856186e+00,1.316373689349134742e-02,1.013238596863662089e+01,-1.191566111167690310e-02
3.019448432449175357e+01,0.000000000000000000e+00,0.000000000000000000e+00,3.814077276589584287e+00,2.500000000000011102e+00,-1.001016071942453442e-02,3.814077276589584287e+00,1.305112257534849288e-02,1.014554970553011159e+01,-3.033483358564943722e-02
3.024448412085423143e+01,0.000000000000000000e+00,0.000000000000000000e+00,3.846705083027955663e+00,2.499999999999996003e+00,-1.752913726284621720e-02,3.846705083027955663e+00,1.294134994797604271e-02,1.015860082810545961e+01,-5.312403903038848824e-02
3.029446923385031099e+01,0.000000000000000000e+00,0.000000000000000000e+00,3.879058457897895718e+00,2.500000000000013767e+00,-2.536781282749805966e-02,3.879058457897895718e+00,1.283430147333010883e-02,1.017154217805343563e+01,-7.688865407177353228e-02
3.034445306166064427e+01,0.000000000000000000e+00,0.000000000000000000e+00,3.911144211581221164e+00,2.499999999999997335e+00,-3.168291689135158129e-02,3.911144211581221164e+00,1.272986630906684270e-02,1.018437647952676528e+01,-9.604097675748284046e-02
3.039444799036487765e+01,0.000000000000000000e+00,0.000000000000000000e+00,3.942968877353888235e+00,2.500000000000004885e+00,-3.449025733490698048e-02,3.942968877353888235e+00,1.262793982597256587e-02,1.019710634583583264e+01,-1.045573943263940903e-01
3.044445893873045605e+01,0.000000000000000000e+00,0.000000000000000000e+00,3.974538726918819709e+00,2.030788490806672897e+00,-3.240591673839528231e-02,3.974538726918819709e+00,1.253762919991068502e-02,1.020973428566180452e+01,-9.823413674449249511e-02
3.049447093658266894e+01,0.000000000000000000e+00,0.000000000000000000e+00,4.000000000000000000e+00,0.000000000000000000e+00,-2.516052270989566075e-02,4.000000000000000000e+00,1.249772619980449653e-02,1.022227191486171449e+01,-7.626010109169978346e-02
3.054448320450293153e+01,0.000000000000000000e+00,0.000000000000000000e+00,4.000000000000000000e+00,0.000000000000000000e+00,-1.370804697448025147e-02,4.000000000000000000e+00,1.249772619980449653e-02,1.023476964106151854e+01,-4.154213838761799948e-02
3.059449212174238752e+01,0.000000000000000000e+00,0.000000000000000000e+00,4.000000000000000000e+00,0.000000000000000000e+00,6.189557413363176632e-05,4.000000000000000000e+00,1.249772619980449653e-02,1.024726736726132259e+01,1.875623460990111897e-04
3.064449354541255133e+01,0.000000000000000000e+00,0.000000000000000000e+00,4.000000000000000000e+00,0.000000000000000000e+00,1.391363243452762438e-02,4.000000000000000000e+00,1.249772619980449653e-02,1.025976509346112664e+01,4.216524347544910872e-02
3.069448909833315398e+01,0.000000000000000000e+00,0.000000000000000000e+00,4.000000000000000000e+00,0.000000000000000000e+00,2.594325751277581221e-02,4.000000000000000000e+00,1.249772619980449653e-02,1.027226281966093069e+01,7.863357415930846694e-02
3.074446123830052713e+01,0.000000000000000000e+00,0.000000000000000000e+00,4.000000000000000000e+00,0.000000000000000000e+00,3.504735922449990493e-02,4.000000000000000000e+00,1.249772619980449653e-02,1.028476054586073474e+01,1.062476243596497671e-01
3.079443499223732061e+01,0.000000000000000000e+00,0.000000000000000000e+00,4.000000000000000000e+00,0.000000000000000000e+00,4.100879877809353313e-02,4.000000000000000000e+00,1.249772619980449653e-02,1.029725827206053879e+01,1.243387961008792647e-01
3.084441029285583369e+01,0.000000000000000000e+00,0.000000000000000000e+00,4.000000000000000000e+00,0.000000000000000000e+00,4.427099965116632757e-02,4.000000000000000000e+00,1.249772619980449653e-02,1.030975599826034284e+01,1.342422572835370864e-01
3.089438711966972306e+01,0.000000000000000000e+00,0.000000000000000000e+00,4.000000000000000000e+00,0.000000000000000000e+00,4.559762999310821435e-02,4.000000000000000000e+00,1.249772619980449653e-02,1.032225372446014688e+01,1.382704776996943885e-01
3.094436545738876276e+01,0.000000000000000000e+00,0.000000000000000000e+00,4.000000000000000000e+00,0.000000000000000000e+00,4.576703247548585124e-02,4.000000000000000000e+00,1.249772619980449653e-02,1.033475145065995093e+01,1.387848913271997608e-01
3.099434523775159178e+01,0.000000000000000000e+00,0.000000000000000000e+00,4.000000000000000000e+00,0.000000000000000000e+00,4.536961963535209030e-02,4.000000000000000000e+00,1.249772619980449653e-02,1.034724917685975498e+01,1.375781058548262992e-01
3.104432644374677963e+01,0.000000000000000000e+00,0.000000000000000000e+00,4.000000000000000000e+00,0.000000000000000000e+00,4.473569539587406163e-02,4.000000000000000000e+00,1.249772619980449653e-02,1.035974690305955903e+01,1.356532188650615700e-01
3.109430901843113659e+01,0.000000000000000000e+00,0.000000000000000000e+00,4.000000000000000000e+00,0.000000000000000000e+00,4.396546850864594541e-02,4.000000000000000000e+00,1.249772619980449653e-02,1.037224462925936308e+01,1.333146008928134396e-01
3.114429288827178510e+01,0.000000000000000000e+00,0.000000000000000000e+00,4.000000000000000000e+00,0.000000000000000000e+00,4.298996619113716611e-02,4.000000000000000000e+00,1.249772619980449653e-02,1.038474235545916713e+01,1.303529380885171118e-01
3.119427801234059672e+01,0.000000000000000000e+00,0.000000000000000000e+00,4.000000000000000000e+00,0.000000000000000000e+00,4.162412274442708893e-02,4.000000000000000000e+00,1.249772619980449653e-02,1.039724008165897118e+01,1.262066008619379953e-01
3.124426434332463742e+01,0.000000000000000000e+00,0.000000000000000000e+00,4.000000000000000000e+00,0.000000000000000000e+00,3.965325486043743547e-02,4.000000000000000000e+00,1.249772619980449653e-02,1.040973780785877523e+01,1.202243978090587612e-01
3.129425182513915615e+01,0.000000000000000000e+00,0.000000000000000000e+00,4.000000000000000000e+00,0.000000000000000000e+00,3.699078392082762873e-02,4.000000000000000000e+00,1.249772619980449653e-02,1.042223553405857928e+01,1.121444390301814947e-01
3.134424040206751982e+01,0.000000000000000000e+00,0.000000000000000000e+00,4.000000000000000000e+00,0.000000000000000000e+00,3.384366853892230298e-02,4.000000000000000000e+00,1.249772619980449653e-02,1.043473326025838332e+01,1.025957451683636723e-01
3.139423002505781568e+01,0.000000000000000000e+00,0.000000000000000000e+00,4.000000000000000000e+00,0.000000000000000000e+00,3.076049370465911564e-02,4.000000000000000000e+00,1.249772619980449653e-02,1.044723098645818737e+01,9.324302824106928123e-02
3.144422064416627194e+01,0.000000000000000000e+00,0.000000000000000000e+00,4.000000000000000000e+00,0.000000000000000000e+00,2.850667037627203568e-02,4.000000000000000000e+00,1.249772619980449653e-02,1.045972871265799142e+01,8.640725661019595105e-02
3.149421220259664267e+01,0.000000000000000000e+00,0.000000000000000000e+00,4.000000000000000000e+00,0.000000000000000000e+00,2.780171813317127566e-02,4.000000000000000000e+00,1.249772619980449653e-02,1.047222643885779547e+01,8.426934341534357553e-02
3.154420471724105823e+01,0.000000000000000000e+00,0.000000000000000000e+00,4.000000000000000000e+00,0.000000000000000000e+00,2.899908315803394199e-02,4.000000000000000000e+00,1.249772619980449653e-02,1.048472416505759952e+01,8.790065087569555458e-02
3.159419497018557976e+01,0.000000000000000000e+00,0.000000000000000000e+00,4.000000000000000000e+00,0.000000000000000000e+00,3.186547725257530411e-02,4.000000000000000000e+00,1.249772619980449653e-02,1.049722189125740357e+01,9.659474887483497640e-02
3.164418498462868001e+01,0.000000000000000000e+00,0.000000000000000000e+00,4.000000000000000000e+00,0.000000000000000000e+00,3.564061435752621798e-02,4.000000000000000000e+00,1.249772619980449653e-02,1.050971961745720762e+01,1.080476148472321457e-01
3.169417840597221669e+01,0.000000000000000000e+00,0.000000000000000000e+00,4.000000000000000000e+00,0.000000000000000000e+00,3.936687901071077300e-02,4.000000000000000000e+00,1.249772619980449653e-02,1.052221734365701167e+01,1.193552361028561715e-01
3.174417319567854534e+01,0.000000000000000000e+00,0.000000000000000000e+00,4.000000000000000000e+00,0.000000000000000000e+00,4.226075179892373190e-02,4.000000000000000000e+00,1.249772619980449653e-02,1.053471506985681572e+01,1.281391776146300343e-01
3.179416926784123731e+01,0.000000000000000000e+00,0.000000000000000000e+00,4.000000000000000000e+00,0.000000000000000000e+00,4.393166318874930365e-02,4.000000000000000000e+00,1.249772619980449653e-02,1.054721279605661977e+01,1.332119624132769298e-01
3.184416654306457062e+01,0.000000000000000000e+00,0.000000000000000000e+00,4.000000000000000000e+00,0.000000000000000000e+00,4.440990302702800541e-02,4.000000000000000000e+00,1.249772619980449653e-02,1.055971052225642381e+01,1.346640052501345552e-01
3.189416490467628407e+01,0.000000000000000000e+00,0.000000000000000000e+00,4.000000000000000000e+00,0.000000000000000000e+00,4.401378508510708082e-02,4.000000000000000000e+00,1.249772619980449653e-02,1.057220824845622786e+01,1.334612984504229549e-01
3.194416428813644160e+01,0.000000000000000000e+00,0.000000000000000000e+00,4.000000000000000000e+00,0.000000000000000000e+00,4.313168879521228627e-02,4.000000000000000000e+00,1.249772619980449653e-02,1.058470597465603191e+01,1.307831978354721814e-01
3.199416464592463072e+01,0.000000000000000000e+00,0.000000000000000000e+00,4.000000000000000000e+00,0.000000000000000000e+00,4.205058482300785133e-02,4.000000000000000000e+00,1.249772619980449653e-02,1.059720370085583596e+01,1.275011748648259002e-01
3.204416583251245498e+01,0.000000000000000000e+00,0.000000000000000000e+00,4.000000000000000000e+00,0.000000000000000000e+00,4.091314279951324684e-02,4.000000000000000000e+00,1.249772619980449653e-02,1.060970142705564001e+01,1.240484426158830755e-01
3.209416781320997103e+01,0.000000000000000000e+00,0.000000000000000000e+00,4.000000000000000000e+00,0.000000000000000000e+00,3.976604873848933741e-02,4.000000000000000000e+00,1.249772619980449653e-02,1.062219915325544406e+01,1.205667369759254037e-01
3.214417048994227599e+01,0.000000000000000000e+00,0.000000000000000000e+00,4.000000000000000000e+00,0.000000000000000000e+00,3.861762451633952292e-02,4.000000000000000000e+00,1.249772619980449653e-02,1.063469687945524811e+01,1.170813123192371019e-01
3.219417378169209343e+01,0.000000000000000000e+00,0.000000000000000000e+00,4.000000000000000000e+00,0.000000000000000000e+00,3.746804376456322472e-02,4.000000000000000000e+00,1.249772619980449653e-02,1.064719460565505216e+01,1.135926873958372496e-01
3.224417763535751646e+01,0.000000000000000000e+00,0.000000000000000000e+00,4.000000000000000000e+00,0.000000000000000000e+00,3.631793927014662776e-02,4.000000000000000000e+00,1.249772619980449653e-02,1.065969233185485621e+01,1.101027739340574713e-01
3.229418190257715082e+01,0.000000000000000000e+00,0.000000000000000000e+00,4.000000000000000000e+00,0.000000000000000000e+00,3.517049419377071134e-02,4.000000000000000000e+00,1.249772619980449653e-02,1.067219005805466026e+01,1.066212209503398928e-01
3.234418658005182579e+01,0.000000000000000000e+00,0.000000000000000000e+00,4.000000000000000000e+00,0.000000000000000000e+00,3.403730981033782632e-02,4.000000000000000000e+00,1.249772619980449653e-02,1.068468778425446430e+01,1.031832133799523293e-01
3.239419160075718906e+01,0.000000000000000000e+00,0.000000000000000000e+00,4.000000000000000000e+00,0.000000000000000000e+00,3.295139765480482180e-02,4.000000000000000000e+00,1.249772619980449653e-02,1.069718551045426835e+01,9.988887571752121108e-02
3.244419687072829817e+01,0.000000000000000000e+00,0.000000000000000000e+00,4.000000000000000000e+00,0.000000000000000000e+00,3.197539020162145501e-02,4.000000000000000000e+00,1.249772619980449653e-02,1.070968323665407240e+01,9.692815801764396999e-02
3.249420229203699506e+01,0.000000000000000000e+00,0.000000000000000000e+00,4.000000000000000000e+00,0.000000000000000000e+00,3.116257922672105093e-02,4.000000000000000000e+00,1.249772619980449653e-02,1.072218096285387645e+01,9.446263799826996876e-02
3.254420782713793869e+01,0.000000000000000000e+00,0.000000000000000000e+00,4.000000000000000000e+00,0.000000000000000000e+00,3.042116073860617539e-02,4.000000000000000000e+00,1.249772619980449653e-02,1.073467868905368050e+01,9.221378365050805770e-02
3.259421341372037517e+01,0.000000000000000000e+00,0.000000000000000000e+00,4.000000000000000000e+00,0.000000000000000000e+00,2.931609650784235480e-02,4.000000000000000000e+00,1.249772619980449653e-02,1.074717641525348455e+01,8.886211456954047627e-02
3.264421899223504653e+01,0.000000000000000000e+00,0.000000000000000000e+00,4.000000000000000000e+00,0.000000000000000000e+00,2.699264018134089546e-02,4.000000000000000000e+00,1.249772619980449653e-02,1.075967414145328860e+01,8.181575069285020041e-02
3.269422457807144156e+01,0.000000000000000000e+00,0.000000000000000000e+00,4.000000000000000000e+00,0.000000000000000000e+00,2.240906322632656156e-02,4.000000000000000000e+00,1.249772619980449653e-02,1.077217186765309265e+01,6.791762122426045489e-02
3.274423002050041731e+01,0.000000000000000000e+00,0.000000000000000000e+00,4.000000000000000000e+00,0.000000000000000000e+00,1.484109488586069642e-02,4.000000000000000000e+00,1.249772619980449653e-02,1.078466959385289670e+01,4.497631698679694506e-02
3.279423526791331511e+01,0.000000000000000000e+00,0.000000000000000000e+00,4.000000000000000000e+00,0.000000000000000000e+00,4.402133443782764791e-03,4.000000000000000000e+00,1.249772619980449653e-02,1.079716732005270075e+01,1.333988448482835258e-02
3.284423968034260355e+01,0.000000000000000000e+00,0.000000000000000000e+00,4.000000000000000000e+00,0.000000000000000000e+00,-7.695925748038599974e-03,4.000000000000000000e+00,1.249772619980449653e-02,1.080966504625250479e+01,-2.332144753900077319e-02
3.289428389613409820e+01,0.000000000000000000e+00,0.000000000000000000e+00,4.000000000000000000e+00,0.000000000000000000e+00,-1.935463094101647422e-02,4.000000000000000000e+00,1.249772619980449653e-02,1.082216277245230884e+01,-5.865772140202674123e-02
3.294429292529360964e+01,0.000000000000000000e+00,0.000000000000000000e+00,4.000000000000000000e+00,0.000000000000000000e+00,-2.832991066852552989e-02,4.000000000000000000e+00,1.249772619980449653e-02,1.083466049865211289e+01,-8.587118831896732585e-02
3.299422509675689952e+01,0.000000000000000000e+00,0.000000000000000000e+00,4.000000000000000000e+00,0.000000000000000000e+00,-3.318139894483412844e-02,4.000000000000000000e+00,1.249772619980449653e-02,1.084715822485191694e+01,-1.005866119442551526e-01
3.304415556431571588e+01,0.000000000000000000e+00,0.000000000000000000e+00,4.000000000000000000e+00,0.000000000000000000e+00,-3.384215312746969434e-02,4.000000000000000000e+00,1.249772619980449653e-02,1.085965595105172099e+01,-1.025911477488361812e-01
3.309411418893409973e+01,0.000000000000000000e+00,0.000000000000000000e+00,4.000000000000000000e+00,0.000000000000000000e+00,-3.148855708859249480e-02,4.000000000000000000e+00,1.249772619980449653e-02,1.087215367725152504e+01,-9.545141967512693615e-02
3.314409940381018771e+01,0.000000000000000000e+00,0.000000000000000000e+00,4.000000000000000000e+00,0.000000000000000000e+00,-2.789986628051464163e-02,4.000000000000000000e+00,1.249772619980449653e-02,1.088465140345132909e+01,-8.456699286094919443e-02
3.319408384364214726e+01,0.000000000000000000e+00,0.000000000000000000e+00,4.000000000000000000e+00,0.000000000000000000e+00,-2.471008263514412953e-02,4.000000000000000000e+00,1.249772619980449653e-02,1.089714912965113314e+01,-7.489428209673403003e-02
3.324406758461616818e+01,0.000000000000000000e+00,0.000000000000000000e+00,4.000000000000000000e+00,0.000000000000000000e+00,-2.287815898652328234e-02,4.000000000000000000e+00,1.249772619980449653e-02,1.090964685585093719e+01,-6.933985265453398994e-02
3.329405067696960430e+01,0.000000000000000000e+00,0.000000000000000000e+00,4.000000000000000000e+00,0.000000000000000000e+00,-2.256513028822459965e-02,4.000000000000000000e+00,1.249772619980449653e-02,1.092214458205074123e+01,-6.839079094299940764e-02
3.334403314906312232e+01,0.000000000000000000e+00,0.000000000000000000e+00,4.000000000000000000e+00,0.000000000000000000e+00,-2.339786595778906367e-02,4.000000000000000000e+00,1.249772619980449653e-02,1.093464230825054528e+01,-7.091556573516584472e-02
3.339401511679257339e+01,0.000000000000000000e+00,0.000000000000000000e+00,4.000000000000000000e+00,0.000000000000000000e+00,-2.487171343128356804e-02,4.000000000000000000e+00,1.249772619980449653e-02,1.094714003445034933e+01,-7.538437353205483527e-02
3.344399661795936396e+01,0.000000000000000000e+00,0.000000000000000000e+00,4.000000000000000000e+00,0.000000000000000000e+00,-2.661661617301342569e-02,4.000000000000000000e+00,1.249772619980449653e-02,1.095963776065015338e+01,-8.067546490192767372e-02
3.349397767651448987e+01,0.000000000000000000e+00,0.000000000000000000e+00,4.000000000000000000e+00,0.000000000000000000e+00,-2.844853139154000787e-02,4.000000000000000000e+00,1.249772619980449653e-02,1.097213548684995743e+01,-8.623093491491734541e-02
3.354395842537215344e+01,0.000000000000000000e+00,0.000000000000000000e+00,4.000000000000000000e+00,0.000000000000000000e+00,-3.030324350083421145e-02,4.000000000000000000e+00,1.249772619980449653e-02,1.098463321304976148e+01,-9.185612907982143582e-02
3.359393897221847425e+01,0.000000000000000000e+00,0.000000000000000000e+00,4.000000000000000000e+00,0.000000000000000000e+00,-3.216497125063775414e-02,4.000000000000000000e+00,1.249772619980449653e-02,1.099713093924956553e+01,-9.750323731098163582e-02
3.364391936303825759e+01,0.000000000000000000e+00,0.000000000000000000e+00,4.000000000000000000e+00,0.000000000000000000e+00,-3.402760341284479656e-02,4.000000000000000000e+00,1.249772619980449653e-02,1.100962866544936958e+01,-1.031537659611419105e-01
3.369389971939324369e+01,0.000000000000000000e+00,0.000000000000000000e+00,4.000000000000000000e+00,0.000000000000000000e+00,-3.587453620562259388e-02,4.000000000000000000e+00,1.249772619980449653e-02,1.102212639164917363e+01,-1.087573760525550742e-01
3.374388014492413390e+01,0.000000000000000000e+00,0.000000000000000000e+00,4.000000000000000000e+00,0.000000000000000000e+00,-3.764923721742313711e-02,4.000000000000000000e+00,1.249772619980449653e-02,1.103462411784897768e+01,-1.141425337435285903e-01
3.379386073320564066e+01,0.000000000000000000e+00,0.000000000000000000e+00,4.000000000000000000e+00,0.000000000000000000e+00,-3.919666567105661859e-02,4.000000000000000000e+00,1.249772619980449653e-02,1.104712184404878172e+01,-1.188386413771399946e-01
3.384384163626717168e+01,0.000000000000000000e+00,0.000000000000000000e+00,4.000000000000000000e+00,0.000000000000000000e+00,-4.018342255401442797e-02,4.000000000000000000e+00,1.249772619980449653e-02,1.105961957024858577e+01,-1.218335293625425753e-01
3.389382294436232712e+01,0.000000000000000000e+00,0.000000000000000000e+00,4.000000000000000000e+00,0.000000000000000000e+00,-4.005807459017455413e-02,4.000000000000000000e+00,1.249772619980449653e-02,1.107211729644838982e+01,-1.214530749681743127e-01
3.394380479343143264e+01,0.000000000000000000e+00,0.000000000000000000e+00,4.000000000000000000e+00,0.000000000000000000e+00,-3.814447148490225648e-02,4.000000000000000000e+00,1.249772619980449653e-02,1.108461502264819387e+01,-1.156454010179690933e-01
3.399378733860952906e+01,0.000000000000000000e+00,0.000000000000000000e+00,4.000000000000000000e+00,0.000000000000000000e+00,-3.390145413180343376e-02,4.000000000000000000e+00,1.249772619980449653e-02,1.109711274884799792e+01,-1.027710540894763297e-01
3.404377073465700221e+01,0.000000000000000000e+00,0.000000000000000000e+00,4.000000000000000000e+00,0.000000000000000000e+00,-2.725589612439911422e-02,4.000000000000000000e+00,1.249772619980449653e-02,1.110961047504780197e+01,-8.261408318934519712e-02
3.409375511429519889e+01,0.000000000000000000e+00,0.000000000000000000e+00,4.000000000000000000e+00,0.000000000000000000e+00,-1.883949048412946262e-02,4.000000000000000000e+00,1.249772619980449653e-02,1.112210820124760602e+01,-5.709612023676482323e-02
3.414374064268952225e+01,0.000000000000000000e+00,0.000000000000000000e+00,4.000000000000000000e+00,0.000000000000000000e+00,-9.967517693845831875e-03,4.000000000000000000e+00,1.249772619980449653e-02,1.113460592744741007e+01,-3.020559940183891595e-02
3.419372763771378487e+01,0.000000000000000000e+00,0.000000000000000000e+00,4.000000000000000000e+00,0.000000000000000000e+00,-2.274634940570979379e-03,4.000000000000000000e+00,1.249772619980449653e-02,1.114710365364721412e+01,-6.892845041027117342e-03
3.424371862459724269e+01,0.000000000000000000e+00,0.000000000000000000e+00,4.000000000000000000e+00,0.000000000000000000e+00,2.878187324498943708e-03,4.000000000000000000e+00,1.249772619980449653e-02,1.115960137984701817e+01,8.721803854920254576e-03
3.429371414141897390e+01,0.000000000000000000e+00,0.000000000000000000e+00,4.000000000000000000e+00,0.000000000000000000e+00,4.870211160637116614e-03,4.000000000000000000e+00,1.249772619980449653e-02,1.117209910604682221e+01,1.475833232256081734e-02
3.434370906096081200e+01,0.000000000000000000e+00,0.000000000000000000e+00,4.000000000000000000e+00,0.000000000000000000e+00,3.859569263134854378e-03,4.000000000000000000e+00,1.249772619980449653e-02,1.118459683224662626e+01,1.169572250803218791e-02
3.439370248940552699e+01,0.000000000000000000e+00,0.000000000000000000e+00,4.000000000000000000e+00,0.000000000000000000e+00,4.552793525352400437e-04,4.000000000000000000e+00,1.249772619980449653e-02,1.119709455844643031e+01,1.379634496945159961e-03
3.444369395006551571e+01,0.000000000000000000e+00,0.000000000000000000e+00,4.000000000000000000e+00,0.000000000000000000e+00,-4.695418727595515769e-03,4.000000000000000000e+00,1.249772619980449653e-02,1.120959228464623436e+01,-1.422864616504483301e-02
3.449368411079230157e+01,0.000000000000000000e+00,0.000000000000000000e+00,4.000000000000000000e+00,0.000000000000000000e+00,-1.118967356581159964e-02,4.000000000000000000e+00,1.249772619980449653e-02,1.122209001084603841e+01,-3.390951698297552802e-02
3.454366850915408094e+01,0.000000000000000000e+00,0.000000000000000000e+00,4.000000000000000000e+00,0.000000000000000000e+00,-1.887360697630211664e-02,4.000000000000000000e+00,1.249772619980449653e-02,1.123458773704584246e+01,-5.719954031504901476e-02
3.459365953845823327e+01,0.000000000000000000e+00,0.000000000000000000e+00,4.000000000000000000e+00,0.000000000000000000e+00,-2.753954769586625106e-02,4.000000000000000000e+00,1.249772619980449653e-02,1.124708546324564651e+01,-8.347427894332705434e-02
3.464365913450883738e+01,0.000000000000000000e+00,0.000000000000000000e+00,4.000000000000000000e+00,0.000000000000000000e+00,-3.660076715242731316e-02,4.000000000000000000e+00,1.249772619980449653e-02,1.125958318944545056e+01,-1.109609684076939135e-01
3.469364510548334124e+01,0.000000000000000000e+00,0.000000000000000000e+00,4.000000000000000000e+00,0.000000000000000000e+00,-4.510949258024118946e-02,4.000000000000000000e+00,1.249772619980449653e-02,1.127208091564525461e+01,-1.367882265688078192e-01
3.474362887670005051e+01,0.000000000000000000e+00,0.000000000000000000e+00,4.000000000000000000e+00,0.000000000000000000e+00,-5.209903349862459593e-02,4.000000000000000000e+00,1.249772619980449653e-02,1.128457864184505866e+01,-1.580188556472456873e-01
3.479361614596347607e+01,0.000000000000000000e+00,0.000000000000000000e+00,4.000000000000000000e+00,0.000000000000000000e+00,-5.694010671437809562e-02,4.000000000000000000e+00,1.249772619980449653e-02,1.129707636804486270e+01,-1.727324946526127836e-01
3.484360599637771116e+01,0.000000000000000000e+00,0.000000000000000000e+00,4.000000000000000000e+00,0.000000000000000000e+00,-5.952050154841507373e-02,4.000000000000000000e+00,1.249772619980449653e-02,1.130957409424466675e+01,-1.805784510855152070e-01
3.489359826837108614e+01,0.000000000000000000e+00,0.000000000000000000e+00,4.000000000000000000e+00,0.000000000000000000e+00,-6.021564277654881808e-02,4.000000000000000000e+00,1.249772619980449653e-02,1.132207182044447080e+01,-1.826925078658676871e-01
3.494359279883044422e+01,0.000000000000000000e+00,0.000000000000000000e+00,4.000000000000000000e+00,0.000000000000000000e+00,-5.966355033416767539e-02,4.000000000000000000e+00,1.249772619980449653e-02,1.133456954664427485e+01,-1.810134752894756727e-01
3.499358943676521960e+01,0.000000000000000000e+00,0.000000000000000000e+00,4.000000000000000000e+00,0.000000000000000000e+00,-5.846654006082380173e-02,4.000000000000000000e+00,1.249772619980449653e-02,1.134706727284407890e+01,-1.773734870008734088e-01
3.504358801961335246e+01,0.000000000000000000e+00,0.000000000000000000e+00,4.000000000000000000e+00,0.000000000000000000e+00,-5.700997007507269815e-02,4.000000000000000000e+00,1.249772619980449653e-02,1.135956499904388295e+01,-1.729448905305416007e-01
3.509358840390687817e+01,0.000000000000000000e+00,0.000000000000000000e+00,4.000000000000000000e+00,0.000000000000000000e+00,-5.545783525947327319e-02,4.000000000000000000e+00,1.249772619980449653e-02,1.137206272524368700e+01,-1.682265458691380444e-01
3.514359042700605329e+01,0.000000000000000000e+00,0.000000000000000000e+00,4.000000000000000000e+00,0.000000000000000000e+00,-5.382162565937548965e-02,4.000000000000000000e+00,1.249772619980449653e-02,1.138456045144349105e+01,-1.632535015886192320e-01
3.519359395571973437e+01,0.000000000000000000e+00,0.000000000000000000e+00,4.000000000000000000e+00,0.000000000000000000e+00,-5.199510552386064910e-02,4.000000000000000000e+00,1.249772619980449653e-02,1.139705817764329510e+01,-1.577030677251557711e-01
3.524359883041081076e+01,0.000000000000000000e+00,0.000000000000000000e+00,4.000000000000000000e+00,0.000000000000000000e+00,-4.974780908969873156e-02,4.000000000000000000e+00,1.249772619980449653e-02,1.140955590384309914e+01,-1.508754215785185204e-01
3.529360493009199473e+01,0.000000000000000000e+00,0.000000000000000000e+00,4.000000000000000000e+00,0.000000000000000000e+00,-4.675558764756680696e-02,4.000000000000000000e+00,1.249772619980449653e-02,1.142205363004290319e+01,-1.417869334211540600e-01
3.534361210062805725e+01,0.000000000000000000e+00,0.000000000000000000e+00,4.000000000000000000e+00,0.000000000000000000e+00,-4.274559536701389578e-02,4.000000000000000000e+00,1.249772619980449653e-02,1.143455135624270724e+01,-1.296110579573226673e-01
3.539362018274701427e+01,0.000000000000000000e+00,0.000000000000000000e+00,4.000000000000000000e+00,0.000000000000000000e+00,-3.773458074108745203e-02,4.000000000000000000e+00,1.249772619980449653e-02,1.144704908244251129e+01,-1.144015182419549359e-01
3.544362912085276207e+01,0.000000000000000000e+00,0.000000000000000000e+00,4.000000000000000000e+00,0.000000000000000000e+00,-3.222990961789690828e-02,4.000000000000000000e+00,1.249772619980449653e-02,1.145954680864231534e+01,-9.770022438318874680e-02
3.549363874273846164e+01,0.000000000000000000e+00,0.000000000000000000e+00,4.000000000000000000e+00,0.000000000000000000e+00,-2.725577267095257231e-02,4.000000000000000000e+00,1.249772619980449653e-02,1.147204453484211939e+01,-8.261370880994174659e-02
3.554364895432507865e+01,0.000000000000000000e+00,0.000000000000000000e+00,4.000000000000000000e+00,0.000000000000000000e+00,-2.413660544653915482e-02,4.000000000000000000e+00,1.249772619980449653e-02,1.148454226104192344e+01,-7.315543537119068018e-02
3.559365966108152435e+01,0.000000000000000000e+00,0.000000000000000000e+00,4.000000000000000000e+00,0.000000000000000000e+00,-2.405834631001155591e-02,4.000000000000000000e+00,1.249772619980449653e-02,1.149703998724172749e+01,-7.291814870957130656e-02
3.564364011163919344e+01,0.000000000000000000e+00,0.000000000000000000e+00,4.000000000000000000e+00,0.000000000000000000e+00,-2.754933871324341879e-02,4.000000000000000000e+00,1.249772619980449653e-02,1.150953771344153154e+01,-8.350397121467643957e-02
3.569361687717200482e+01,0.000000000000000000e+00,0.000000000000000000e+00,4.000000000000000000e+00,0.000000000000000000e+00,-3.411649208695023000e-02,4.000000000000000000e+00,1.249772619980449653e-02,1.152203543964133559e+01,-1.034234385227676967e-01
3.574361811135806022e+01,0.000000000000000000e+00,0.000000000000000000e+00,4.000000000000000000e+00,0.000000000000000000e+00,-4.221167381873498770e-02,4.000000000000000000e+00,1.249772619980449653e-02,1.153453316584113963e+01,-1.279901908433605795e-01
3.579361846383099532e+01,0.000000000000000000e+00,0.000000000000000000e+00,4.000000000000000000e+00,0.000000000000000000e+00,-4.954606955333853979e-02,4.000000000000000000e+00,1.249772619980449653e-02,1.154703089204094368e+01,-1.502625803462705467e-01
3.584364660651913681e+01,0.000000000000000000e+00,0.000000000000000000e+00,4.000000000000000000e+00,0.000000000000000000e+00,-5.365657165043154209e-02,4.000000000000000000e+00,1.249772619980449653e-02,1.155952861824074773e+01,-1.627518907205611487e-01
3.589367298108448523e+01,0.000000000000000000e+00,0.000000000000000000e+00,4.000000000000000000e+00,0.000000000000000000e+00,-5.256435421303416039e-02,4.000000000000000000e+00,1.249772619980449653e-02,1.157202634444055178e+01,-1.594327871117640627e-01
3.594369629328853932e+01,0.000000000000000000e+00,0.000000000000000000e+00,4.000000000000000000e+00,0.000000000000000000e+00,-4.533400472055253150e-02,4.000000000000000000e+00,1.249772619980449653e-02,1.158452407064035583e+01,-1.374699595892126536e-01
3.599375227881319717e+01,0.000000000000000000e+00,0.000000000000000000e+00,4.000000000000000000e+00,0.000000000000000000e+00,-3.236863370560659481e-02,4.000000000000000000e+00,1.249772619980449653e-02,1.159702179684015988e+01,-9.812103926674395349e-02
3.604380347515445493e+01,0.000000000000000000e+00,0.000000000000000000e+00,4.000000000000000000e+00,0.000000000000000000e+00,-1.534034400018722578e-02,4.000000000000000000e+00,1.249772619980449653e-02,1.160951952303996393e+01,-4.648953770157453896e-02
3.609384793582368189e+01,0.000000000000000000e+00,0.000000000000000000e+00,4.000000000000000000e+00,0.000000000000000000e+00,3.259782798080685870e-03,4.000000000000000000e+00,1.249772619980449653e-02,1.162201724923976798e+01,9.878164680243177800e-03
3.614384095537514696e+01,0.000000000000000000e+00,0.000000000000000000e+00,4.000000000000000000e+00,0.000000000000000000e+00,2.082434699825890662e-02,4.000000000000000000e+00,1.249772619980449653e-02,1.163451497543957203e+01,6.311320516258875357e-02
3.619378810153008885e+01,0.000000000000000000e+00,0.000000000000000000e+00,4.000000000000000000e+00,0.000000000000000000e+00,3.530782624578305412e-02,4.000000000000000000e+00,1.249772619980449653e-02,1.164701270163937608e+01,1.070378958965097771e-01
3.624373732091208211e+01,0.000000000000000000e+00,0.000000000000000000e+00,4.000000000000000000e+00,0.000000000000000000e+00,4.561187798174105856e-02,4.000000000000000000e+00,1.249772619980449653e-02,1.165951042783918012e+01,1.383137433440694841e-01
3.629368867111022467e+01,0.000000000000000000e+00,0.000000000000000000e+00,4.000000000000000000e+00,0.000000000000000000e+00,5.160872325156459772e-02,4.000000000000000000e+00,1.249772619980449653e-02,1.167200815403898417e+01,1.565290647923314460e-01
3.634364212074878253e+01,0.000000000000000000e+00,0.000000000000000000e+00,4.000000000000000000e+00,0.000000000000000000e+00,5.393050271551866337e-02,4.000000000000000000e+00,1.249772619980449653e-02,1.168450588023878822e+01,1.635843915845158481e-01
3.639359764533558916e+01,0.000000000000000000e+00,0.000000000000000000e+00,4.000000000000000000e+00,0.000000000000000000e+00,5.367859891031745434e-02,4.000000000000000000e+00,1.249772619980449653e-02,1.169700360643859227e+01,1.628188326146018106e-01
3.644355529587166842e+01,0.000000000000000000e+00,0.000000000000000000e+00,4.000000000000000000e+00,0.000000000000000000e+00,5.214295381326158191e-02,4.000000000000000000e+00,1.249772619980449653e-02,1.170950133263839632e+01,1.581523097227014452e-01
3.649351508129753086e+01,0.000000000000000000e+00,0.000000000000000000e+00,4.000000000000000000e+00,0.000000000000000000e+00,5.057843053258710003e-02,4.000000000000000000e+00,1.249772619980449653e-02,1.172199905883820037e+01,1.533988007519446473e-01
3.654347700983300484e+01,0.000000000000000000e+00,0.000000000000000000e+00,4.000000000000000000e+00,0.000000000000000000e+00,5.003364323615750592e-02,4.000000000000000000e+00,1.249772619980449653e-02,1.173449678503800442e+01,1.517437452029118672e-01
3.659344114652117241e+01,0.000000000000000000e+00,0.000000000000000000e+00,4.000000000000000000e+00,0.000000000000000000e+00,5.116965952096832332e-02,4.000000000000000000e+00,1.249772619980449653e-02,1.174699451123780847e+01,1.551950487827201408e-01
3.664343021627291108e+01,0.000000000000000000e+00,0.000000000000000000e+00,4.000000000000000000e+00,0.000000000000000000e+00,5.408128057092335961e-02,4.000000000000000000e+00,1.249772619980449653e-02,1.175949223743761252e+01,1.640426293916927014e-01
3.669341624684952308e+01,0.000000000000000000e+00,0.000000000000000000e+00,4.000000000000000000e+00,0.000000000000000000e+00,5.827481562290618561e-02,4.000000000000000000e+00,1.249772619980449653e-02,1.177198996363741657e+01,1.767905198603022532e-01
3.674337771157932053e+01,0.000000000000000000e+00,0.000000000000000000e+00,4.000000000000000000e+00,0.000000000000000000e+00,6.289726290598661451e-02,4.000000000000000000e+00,1.249772619980449653e-02,1.178448768983722061e+01,1.908495038394068810e-01
3.679334258429692994e+01,0.000000000000000000e+00,0.000000000000000000e+00,4.000000000000000000e+00,0.000000000000000000e+00,6.709011987694751822e-02,4.000000000000000000e+00,1.249772619980449653e-02,1.179698541603702466e+01,2.036089723157591680e-01
3.684331085135247719e+01,0.000000000000000000e+00,0.000000000000000000e+00,4.000000000000000000e+00,-4.296643155341614562e-01,7.027132519319174986e-02,4.000000000000000000e+00,1.250612630878386936e-02,1.180948314223682871e+01,2.132946124471404026e-01
3.689328248640283903e+01,0.000000000000000000e+00,0.000000000000000000e+00,3.994626563799552610e+00,-2.082493678676937243e+00,7.225582887964734913e-02,3.994626563799552610e+00,1.255562945344589586e-02,1.182198926854561272e+01,2.193389059868390556e-01
3.694325741264932361e+01,0.000000000000000000e+00,0.000000000000000000e+00,3.968479544830941563e+00,-5.542833597263954193e-01,7.320771844160421649e-02,3.968479544830941563e+00,1.260809329834994275e-02,1.183454489799905929e+01,2.222387328281388574e-01
3.699323558449206928e+01,0.000000000000000000e+00,0.000000000000000000e+00,3.961491088517788306e+00,2.477983700255545485e-01,7.346530981702667495e-02,3.961491088517788306e+00,1.261423766183763021e-02,1.184715299129740984e+01,2.230235260060629832e-01
3.704321699450788685e+01,0.000000000000000000e+00,0.000000000000000000e+00,3.964616876049506633e+00,6.100766011925914389e-01,7.334992750778204784e-02,3.964616876049506633e+00,1.259705568286809650e-02,1.185976722895924773e+01,2.226719917393408243e-01
3.709320158356827335e+01,0.000000000000000000e+00,0.000000000000000000e+00,3.972302044965544621e+00,7.700256283238074984e-01,7.306739353418985339e-02,3.972302044965544621e+00,1.256955654807078576e-02,1.187236428464211535e+01,2.218112231166945447e-01
3.714318960830032523e+01,0.000000000000000000e+00,0.000000000000000000e+00,3.981980925644224456e+00,8.599464994068266588e-01,7.271387205809466681e-02,3.981980925644224456e+00,1.253730763170885117e-02,1.188493384119018614e+01,2.207342339405457821e-01
3.719317919053922594e+01,0.000000000000000000e+00,0.000000000000000000e+00,3.992762339454098974e+00,5.785942549887139741e-01,7.232308227221173613e-02,3.992762339454098974e+00,1.250904322588236410e-02,1.189747114882189472e+01,2.195437728688856838e-01
3.724317000441075720e+01,0.000000000000000000e+00,0.000000000000000000e+00,4.000000000000000000e+00,0.000000000000000000e+00,7.190441828016477799e-02,4.000000000000000000e+00,1.249772619980449653e-02,1.190998019204777769e+01,2.182684735169571344e-01
3.729316387546953848e+01,0.000000000000000000e+00,0.000000000000000000e+00,4.000000000000000000e+00,0.000000000000000000e+00,7.146060852363889104e-02,4.000000000000000000e+00,1.249772619980449653e-02,1.192247791824758174e+01,2.169166612045673181e-01
3.734316072255235497e+01,0.000000000000000000e+00,0.000000000000000000e+00,4.000000000000000000e+00,0.000000000000000000e+00,7.099315296798512642e-02,4.000000000000000000e+00,1.249772619980449653e-02,1.193497564444738579e+01,2.154929183683385041e-01
3.739316051907448468e+01,0.000000000000000000e+00,0.000000000000000000e+00,4.000000000000000000e+00,0.000000000000000000e+00,7.050322618821165677e-02,4.000000000000000000e+00,1.249772619980449653e-02,1.194747337064718984e+01,2.140008358548873835e-01
3.744316322402347907e+01,0.000000000000000000e+00,0.000000000000000000e+00,4.000000000000000000e+00,0.000000000000000000e+00,6.999176698893480597e-02,4.000000000000000000e+00,1.249772619980449653e-02,1.195997109684699389e+01,2.124432860357851061e-01
3.749316875116708303e+01,0.000000000000000000e+00,0.000000000000000000e+00,4.000000000000000000e+00,0.000000000000000000e+00,6.945921209735447799e-02,4.000000000000000000e+00,1.249772619980449653e-02,1.197246882304679794e+01,2.108216120620811651e-01
3.754317710792560803e+01,0.000000000000000000e+00,0.000000000000000000e+00,4.000000000000000000e+00,0.000000000000000000e+00,6.890519431410299656e-02,4.000000000000000000e+00,1.249772619980449653e-02,1.198496654924660199e+01,2.091347093082120134e-01
3.759318818145824537e+01,0.000000000000000000e+00,0.000000000000000000e+00,4.000000000000000000e+00,0.000000000000000000e+00,6.832826435699430878e-02,4.000000000000000000e+00,1.249772619980449653e-02,1.199746427544640603e+01,2.073781794414953639e-01
3.764320196313749989e+01,0.000000000000000000e+00,0.000000000000000000e+00,4.000000000000000000e+00,0.000000000000000000e+00,6.772555305585947760e-02,4.000000000000000000e+00,1.249772619980449653e-02,1.200996200164621008e+01,2.055433034102545908e-01
3.769321840865637085e+01,0.000000000000000000e+00,0.000000000000000000e+00,4.000000000000000000e+00,0.000000000000000000e+00,6.709187399333176038e-02,4.000000000000000000e+00,1.249772619980449653e-02,1.202245972784601413e+01,2.036143118180924472e-01
3.774323740464122068e+01,0.000000000000000000e+00,0.000000000000000000e+00,4.000000000000000000e+00,0.000000000000000000e+00,6.641626110896473034e-02,4.000000000000000000e+00,1.249772619980449653e-02,1.203495745404581818e+01,2.015578497599580521e-01
3.779325895805850877e+01,0.000000000000000000e+00,0.000000000000000000e+00,4.000000000000000000e+00,0.000000000000000000e+00,6.566778585427479609e-02,4.000000000000000000e+00,1.249772619980449653e-02,1.204745518024562223e+01,1.992798215254890093e-01
3.784328298362679277e+01,0.000000000000000000e+00,0.000000000000000000e+00,4.000000000000000000e+00,0.000000000000000000e+00,6.475311049814283515e-02,4.000000000000000000e+00,1.249772619980449653e-02,1.205995290644542628e+01,1.964962577615079198e-01
3.789330946840481573e+01,0.000000000000000000e+00,0.000000000000000000e+00,4.000000000000000000e+00,0.000000000000000000e+00,6.342731151876836171e-02,4.000000000000000000e+00,1.249772619980449653e-02,1.207245063264523033e+01,1.924621368021528500e-01
3.794333832922093563e+01,0.000000000000000000e+00,0.000000000000000000e+00,4.000000000000000000e+00,0.000000000000000000e+00,6.117314071299014000e-02,4.000000000000000000e+00,1.249772619980449653e-02,1.208494835884503438e+01,1.856047318990327322e-01
3.799336952468302542e+01,0.000000000000000000e+00,0.000000000000000000e+00,4.000000000000000000e+00,0.000000000000000000e+00,5.713199879325219638e-02,4.000000000000000000e+00,1.249772619980449653e-02,1.209744608504483843e+01,1.733158815680424791e-01
3.804340307541333033e+01,0.000000000000000000e+00,0.000000000000000000e+00,4.000000000000000000e+00,0.000000000000000000e+00,5.020822846794138067e-02,4.000000000000000000e+00,1.249772619980449653e-02,1.210994381124464248e+01,1.522741226113206170e-01
3.809343892732297121e+01,0.000000000000000000e+00,0.000000000000000000e+00,4.000000000000000000e+00,0.000000000000000000e+00,3.939579445910013772e-02,4.000000000000000000e+00,1.249772619980449653e-02,1.212244153744444652e+01,1.194429947073072235e-01
3.814347713098563020e+01,0.000000000000000000e+00,0.000000000000000000e+00,4.000000000000000000e+00,0.000000000000000000e+00,2.423784828917269207e-02,4.000000000000000000e+00,1.249772619980449653e-02,1.213493926364425057e+01,7.346241141698685306e-02
3.819351763950783152e+01,0.000000000000000000e+00,0.000000000000000000e+00,4.000000000000000000e+00,0.000000000000000000e+00,5.232337104581707109e-03,4.000000000000000000e+00,1.249772619980449653e-02,1.214743698984405462e+01,1.585571167964273595e-02
3.824356038403544744e+01,0.000000000000000000e+00,0.000000000000000000e+00,4.000000000000000000e+00,0.000000000000000000e+00,-1.602865789376608369e-02,4.000000000000000000e+00,1.249772619980449653e-02,1.215993471604385867e+01,-4.857585065984802025e-02
3.829360524575776736e+01,0.000000000000000000e+00,0.000000000000000000e+00,4.000000000000000000e+00,0.000000000000000000e+00,-3.713081608079127349e-02,4.000000000000000000e+00,1.249772619980449653e-02,1.217243244224366272e+01,-1.125693622757056450e-01
3.834359508199020894e+01,0.000000000000000000e+00,0.000000000000000000e+00,4.000000000000000000e+00,-3.785836982717915689e+00,-5.543894390004090733e-02,4.000000000000000000e+00,1.257252888822961434e-02,1.218493016844346677e+01,-1.681691229581488700e-01
3.839352739140930026e+01,0.000000000000000000e+00,0.000000000000000000e+00,3.952402455168650963e+00,-3.999999999999982681e+00,-6.874183301460384810e-02,3.952402455168650963e+00,1.273023769042785913e-02,1.219750269733169645e+01,-2.086373228250105738e-01
3.844345062735415297e+01,0.000000000000000000e+00,0.000000000000000000e+00,3.901481504406939749e+00,-1.125202787198087639e+00,-7.573409594519395216e-02,3.901481504406939749e+00,1.283707640927958006e-02,1.221023293502212503e+01,-2.299370416794899452e-01
3.849336701652775616e+01,0.000000000000000000e+00,0.000000000000000000e+00,3.887037190251743546e+00,2.500000000000007550e+00,-7.629582304348000998e-02,3.887037190251743546e+00,1.280817258907017246e-02,1.222307001143140504e+01,-2.316491188645053434e-01
3.854328069594804163e+01,0.000000000000000000e+00,0.000000000000000000e+00,3.919057621724419072e+00,2.500000000000019096e+00,-7.149709271519652520e-02,3.919057621724419072e+00,1.270436884837530638e-02,1.223587818402047489e+01,-2.170277861570371336e-01
3.859322700519216198e+01,0.000000000000000000e+00,0.000000000000000000e+00,3.950818543845357578e+00,2.500000000000013767e+00,-6.327885985137435276e-02,3.950818543845357578e+00,1.260304876041786447e-02,1.224858255286885012e+01,-1.920104728833739172e-01
3.864317385096288859e+01,0.000000000000000000e+00,0.000000000000000000e+00,3.982326165746402413e+00,1.411039769915946263e+00,-5.396466722221238133e-02,3.982326165746402413e+00,1.252539767511329054e-02,1.226118560162926840e+01,-1.636882222824840305e-01
3.869310041211483053e+01,0.000000000000000000e+00,0.000000000000000000e+00,4.000000000000000000e+00,0.000000000000000000e+00,-4.573347402293240216e-02,4.000000000000000000e+00,1.249772619980449653e-02,1.227371099930438092e+01,-1.386829858987074782e-01
3.874305639687042202e+01,0.000000000000000000e+00,0.000000000000000000e+00,4.000000000000000000e+00,0.000000000000000000e+00,-4.002469960962786594e-02,4.000000000000000000e+00,1.249772619980449653e-02,1.228620872550418497e+01,-1.213517763368790608e-01
3.879306393433292754e+01,0.000000000000000000e+00,0.000000000000000000e+00,4.000000000000000000e+00,0.000000000000000000e+00,-3.707999766588621765e-02,4.000000000000000000e+00,1.249772619980449653e-02,1.229870645170398902e+01,-1.124151548619140989e-01
3.884307283403398259e+01,0.000000000000000000e+00,0.000000000000000000e+00,4.000000000000000000e+00,0.000000000000000000e+00,-3.604696209803582435e-02,4.000000000000000000e+00,1.249772619980449653e-02,1.231120417790379307e+01,-1.092805550287730132e-01
3.889303169937643645e+01,0.000000000000000000e+00,0.000000000000000000e+00,4.000000000000000000e+00,0.000000000000000000e+00,-3.563857992581809242e-02,4.000000000000000000e+00,1.249772619980449653e-02,1.232370190410359712e+01,-1.080414420654316893e-01
3.894299569713242448e+01,0.000000000000000000e+00,0.000000000000000000e+00,4.000000000000000000e+00,0.000000000000000000e+00,-3.484875453261368494e-02,4.000000000000000000e+00,1.249772619980449653e-02,1.233619963030340116e+01,-1.056450563010355725e-01
3.899298258306809117e+01,0.000000000000000000e+00,0.000000000000000000e+00,4.000000000000000000e+00,0.000000000000000000e+00,-3.337101891556971955e-02,4.000000000000000000e+00,1.249772619980449653e-02,1.234869735650320521e+01,-1.011618546525853563e-01
3.904294994706997812e+01,0.000000000000000000e+00,0.000000000000000000e+00,4.000000000000000000e+00,0.000000000000000000e+00,-3.164774882595533523e-02,4.000000000000000000e+00,1.249772619980449653e-02,1.236119508270300926e+01,-9.593429993394086974e-02
3.909292142973427531e+01,0.000000000000000000e+00,0.000000000000000000e+00,4.000000000000000000e+00,0.000000000000000000e+00,-3.052264110676167555e-02,4.000000000000000000e+00,1.249772619980449653e-02,1.237369280890281331e+01,-9.252158563491420795e-02
3.914291141605814772e+01,0.000000000000000000e+00,0.000000000000000000e+00,4.000000000000000000e+00,0.000000000000000000e+00,-3.065853335312773709e-02,4.000000000000000000e+00,1.249772619980449653e-02,1.238619053510261736e+01,-9.293376591292860922e-02
3.919290045182648186e+01,0.000000000000000000e+00,0.000000000000000000e+00,4.000000000000000000e+00,0.000000000000000000e+00,-3.213112036708789393e-02,4.000000000000000000e+00,1.249772619980449653e-02,1.239868826130242141e+01,-9.740055278839629405e-02
3.924288853763851392e+01,0.000000000000000000e+00,0.000000000000000000e+00,4.000000000000000000e+00,0.000000000000000000e+00,-3.444358620033422663e-02,4.000000000000000000e+00,1.249772619980449653e-02,1.241118598750222546e+01,-1.044157985010362305e-01
3.929287493846319990e+01,0.000000000000000000e+00,0.000000000000000000e+00,4.000000000000000000e+00,0.000000000000000000e+00,-3.686510115736830323e-02,4.000000000000000000e+00,1.249772619980449653e-02,1.242368371370202951e+01,-1.117630623339900681e-01
3.934284773778369981e+01,0.000000000000000000e+00,0.000000000000000000e+00,4.000000000000000000e+00,0.000000000000000000e+00,-3.883662243804160419e-02,4.000000000000000000e+00,1.249772619980449653e-02,1.243618143990183356e+01,-1.177459386894801202e-01
3.939282462366018223e+01,0.000000000000000000e+00,0.000000000000000000e+00,4.000000000000000000e+00,0.000000000000000000e+00,-4.017586418607729803e-02,4.000000000000000000e+00,1.249772619980449653e-02,1.244867916610163761e+01,-1.218105882009074686e-01
3.944281380907945334e+01,0.000000000000000000e+00,0.000000000000000000e+00,4.000000000000000000e+00,0.000000000000000000e+00,-4.097511621708025548e-02,4.000000000000000000e+00,1.249772619980449653e-02,1.246117689230144165e+01,-1.242365560322313961e-01
3.949280153739573507e+01,0.000000000000000000e+00,0.000000000000000000e+00,4.000000000000000000e+00,0.000000000000000000e+00,-4.135695419271498419e-02,4.000000000000000000e+00,1.249772619980449653e-02,1.247367461850124570e+01,-1.253956038834354303e-01
3.954278121060519879e+01,0.000000000000000000e+00,0.000000000000000000e+00,4.000000000000000000e+00,0.000000000000000000e+00,-4.125839471370709027e-02,4.000000000000000000e+00,1.249772619980449653e-02,1.248617234470104975e+01,-1.250964285956129574e-01
3.959276459642781987e+01,0.000000000000000000e+00,0.000000000000000000e+00,4.000000000000000000e+00,0.000000000000000000e+00,-4.025556981789617239e-02,4.000000000000000000e+00,1.249772619980449653e-02,1.249867007090085380e+01,-1.220525114712309178e-01
3.964275455013348193e+01,0.000000000000000000e+00,0.000000000000000000e+00,4.000000000000000000e+00,0.000000000000000000e+00,-3.752399562882687001e-02,4.000000000000000000e+00,1.249772619980449653e-02,1.251116779710065785e+01,-1.137624771039510707e-01
3.969274339646688077e+01,0.000000000000000000e+00,0.000000000000000000e+00,4.000000000000000000e+00,0.000000000000000000e+00,-3.210446634646077491e-02,4.000000000000000000e+00,1.249772619980449653e-02,1.252366552330046190e+01,-9.731969965332430694e-02
3.974273006215545223e+01,0.000000000000000000e+00,0.000000000000000000e+00,4.000000000000000000e+00,0.000000000000000000e+00,-2.337546151818521017e-02,4.000000000000000000e+00,1.249772619980449653e-02,1.253616324950026595e+01,-7.084763634768190266e-02
3.979272018787580834e+01,0.000000000000000000e+00,0.000000000000000000e+00,4.000000000000000000e+00,0.000000000000000000e+00,-1.145870698454647292e-02,4.000000000000000000e+00,1.249772619980449653e-02,1.254866097570007000e+01,-3.472487432668274615e-02
3.984271044345766200e+01,0.000000000000000000e+00,0.000000000000000000e+00,4.000000000000000000e+00,0.000000000000000000e+00,2.562056515979956300e-03,4.000000000000000000e+00,1.249772619980449653e-02,1.256115870189987405e+01,7.763824611783095436e-03
3.989270412237487307e+01,0.000000000000000000e+00,0.000000000000000000e+00,4.000000000000000000e+00,0.000000000000000000e+00,1.668968774793879242e-02,4.000000000000000000e+00,1.249772619980449653e-02,1.257365642809967810e+01,5.057950767900531996e-02
3.994269464206747955e+01,0.000000000000000000e+00,0.000000000000000000e+00,4.000000000000000000e+00,0.000000000000000000e+00,2.847983635680267911e-02,4.000000000000000000e+00,1.249772619980449653e-02,1.258615415429948214e+01,8.632587534691710252e-02
3.999268458617290634e+01,0.000000000000000000e+00,0.000000000000000000e+00,4.000000000000000000e+00,0.000000000000000000e+00,3.582856355788462122e-02,4.000000000000000000e+00,1.249772619980449653e-02,1.259865188049928619e+01,1.086178857840493089e-01
4.004267433193257375e+01,0.000000000000000000e+00,0.000000000000000000e+00,4.000000000000000000e+00,0.000000000000000000e+00,3.770673577956778350e-02,4.000000000000000000e+00,1.249772619980449653e-02,1.261114960669909024e+01,1.143170193986742661e-01
4.009266732476250894e+01,0.000000000000000000e+00,0.000000000000000000e+00,4.000000000000000000e+00,0.000000000000000000e+00,3.453611386509723713e-02,4.000000000000000000e+00,1.249772619980449653e-02,1.262364733289889429e+01,1.046965191629616321e-01
4.014266749341689433e+01,0.000000000000000000e+00,0.000000000000000000e+00,4.000000000000000000e+00,0.000000000000000000e+00,2.807507236389348432e-02,4.000000000000000000e+00,1.249772619980449653e-02,1.263614505909869834e+01,8.509833647966971726e-02
4.019266667286138528e+01,0.000000000000000000e+00,0.000000000000000000e+00,4.000000000000000000e+00,0.000000000000000000e+00,2.081253818808832465e-02,4.000000000000000000e+00,1.249772619980449653e-02,1.264864278529850239e+01,6.307740537568759520e-02
4.024266118185445151e+01,0.000000000000000000e+00,0.000000000000000000e+00,4.000000000000000000e+00,-2.592458642984726502e+00,1.512540924113106588e-02,4.000000000000000000e+00,1.254875592084358712e-02,1.266114051149830644e+01,4.583806909195044937e-02
4.029264913285623351e+01,0.000000000000000000e+00,0.000000000000000000e+00,3.967467869254303281e+00,-3.999999999999997780e+00,1.262472755207422366e-02,3.967467869254303281e+00,1.268127070224301517e-02,1.267368926741914947e+01,3.825878278876841676e-02
4.034285594531630892e+01,0.000000000000000000e+00,0.000000000000000000e+00,3.916742786445331248e+00,-4.000000000000006217e+00,1.394077403446537973e-02,3.916742786445331248e+00,1.284767291123432159e-02,1.268637053812139293e+01,4.224750670331186425e-02
4.039325370397671122e+01,0.000000000000000000e+00,0.000000000000000000e+00,3.865352094800393878e+00,-3.999999999999997780e+00,1.888670970228974524e-02,3.865352094800393878e+00,1.302080280822604658e-02,1.269921821103262793e+01,5.723925970202062979e-02
4.044359743654420924e+01,0.000000000000000000e+00,0.000000000000000000e+00,3.813268883567489720e+00,-3.999999999999986233e+00,2.678274786010627698e-02,3.813268883567489720e+00,1.320112633259189552e-02,1.271223901384085408e+01,8.117925330974684606e-02
4.049367164947187803e+01,0.000000000000000000e+00,0.000000000000000000e+00,3.760464378237122318e+00,-4.000000000000009770e+00,3.674091970135941188e-02,3.760464378237122318e+00,1.338915589299513077e-02,1.272544014017344516e+01,1.113862447364867420e-01
4.054372317560150663e+01,0.000000000000000000e+00,0.000000000000000000e+00,3.706907754665141663e+00,-4.000000000000000000e+00,4.781159265181409573e-02,3.706907754665141663e+00,1.358545650145892569e-02,1.273882929606643977e+01,1.449941139578508065e-01
4.059396982702033796e+01,0.000000000000000000e+00,0.000000000000000000e+00,3.652565928659305960e+00,-4.000000000000012434e+00,5.901507850987946363e-02,3.652565928659305960e+00,1.379065292711063699e-02,1.275241475256789947e+01,1.790414735094038035e-01
4.064416795347957390e+01,0.000000000000000000e+00,0.000000000000000000e+00,3.597403316950863239e+00,-4.000000000000006217e+00,6.938065755156956615e-02,3.597403316950863239e+00,1.400543807618834929e-02,1.276620540549500937e+01,2.105824171234473019e-01
4.069431891418270908e+01,0.000000000000000000e+00,0.000000000000000000e+00,3.541381564646109759e+00,-4.000000000000007105e+00,7.811848814188382395e-02,3.541381564646109759e+00,1.423058285475262315e-02,1.278021084357119719e+01,2.372054029370623263e-01
4.074444374119364909e+01,0.000000000000000000e+00,0.000000000000000000e+00,3.484459233227099162e+00,-4.000000000000015099e+00,8.488809434165313361e-02,3.484459233227099162e+00,1.446694783449181849e-02,1.279444142642594962e+01,2.578563171599401738e-01
4.079431921405077333e+01,0.000000000000000000e+00,0.000000000000000000e+00,3.426591441889131673e+00,-4.000000000000002665e+00,8.994791504880669808e-02,3.426591441889131673e+00,1.471549712464980189e-02,1.280890837426044193e+01,2.733069122077356750e-01
4.084416619436465368e+01,0.000000000000000000e+00,0.000000000000000000e+00,3.367729453390532424e+00,-4.000000000000017764e+00,9.403033591244770728e-02,3.367729453390532424e+00,1.497731496076830718e-02,1.282362387138509163e+01,2.857831788465541312e-01
4.089419699793923968e+01,0.000000000000000000e+00,0.000000000000000000e+00,3.307820193547458931e+00,-3.999999999999988898e+00,9.801568300227954389e-02,3.307820193547458931e+00,1.525362566240455464e-02,1.283860118634586023e+01,2.979720461021629352e-01
4.094420921583307660e+01,0.000000000000000000e+00,0.000000000000000000e+00,3.246805690897840879e+00,-3.999999999999988898e+00,1.025925419546826062e-01,3.246805690897840879e+00,1.554581779957879724e-02,1.285385481200826518e+01,3.119818196766566132e-01
4.099422746648324534e+01,0.000000000000000000e+00,0.000000000000000000e+00,3.184622419699525864e+00,-4.000000000000019540e+00,1.080497020528744523e-01,3.184622419699525864e+00,1.585547365890830479e-02,1.286940062980784383e+01,3.287035120721194525e-01
4.104421301403350242e+01,0.000000000000000000e+00,0.000000000000000000e+00,3.121200525063892339e+00,-4.000000000000015099e+00,1.142755532397222579e-01,3.121200525063892339e+00,1.618440544030613076e-02,1.288525610346675165e+01,3.478048581711012388e-01
4.109416764703132685e+01,0.000000000000000000e+00,0.000000000000000000e+00,3.056462903302667566e+00,-3.999999999999987566e+00,1.209408695364887765e-01,3.056462903302667566e+00,1.653470008031215563e-02,1.290144050890705785e+01,3.682848333071406799e-01
4.114409423830264956e+01,0.000000000000000000e+00,0.000000000000000000e+00,2.990324102981419152e+00,-3.999999999999978684e+00,1.277211923508436431e-01,2.990324102981419152e+00,1.690877524252652059e-02,1.291797520898736984e+01,3.891522627780423793e-01
4.119378369329604794e+01,0.000000000000000000e+00,0.000000000000000000e+00,2.922689002011313431e+00,-3.930561032344698447e+00,1.343973974312114572e-01,2.922689002011313431e+00,1.730580586145388788e-02,1.293488398422989683e+01,4.097347832385605515e-01
4.124347935819989885e+01,0.000000000000000000e+00,0.000000000000000000e+00,2.854667475858960302e+00,-3.307414894287052931e+00,1.407952057970340565e-01,2.854667475858960302e+00,1.769334098588757481e-02,1.295218979009135118e+01,4.294938904096828325e-01
4.129339288291858168e+01,0.000000000000000000e+00,0.000000000000000000e+00,2.796148256352536166e+00,-2.607713277219954051e+00,1.466667982905576484e-01,2.796148256352536166e+00,1.803007661574711207e-02,1.296988313107723911e+01,4.476593450476235025e-01
4.134328729708851569e+01,0.000000000000000000e+00,0.000000000000000000e+00,2.749130986172359403e+00,-1.840938050001013959e+00,1.516505023215214409e-01,2.749130986172359403e+00,1.829634079303183239e-02,1.298791320769298707e+01,4.631025565832670443e-01
4.139316478606540528e+01,0.000000000000000000e+00,0.000000000000000000e+00,2.715448556230681376e+00,-1.104328602335192366e+00,1.553760695758384103e-01,2.715448556230681376e+00,1.847925245345612144e-02,1.300620954848601940e+01,4.746624594925096807e-01
4.144302736925297381e+01,0.000000000000000000e+00,0.000000000000000000e+00,2.695041389196557002e+00,-5.859775284898594006e-01,1.576993483599769819e-01,2.695041389196557002e+00,1.858677320612626971e-02,1.302468880093947590e+01,4.818780739526368762e-01
4.149267457098769540e+01,0.000000000000000000e+00,0.000000000000000000e+00,2.684149957770629591e+00,-5.098718186823287812e-01,1.589603237603566810e-01,2.684149957770629591e+00,1.865754514261168395e-02,1.304327557414560168e+01,4.857966255511967368e-01
4.154234350762266104e+01,0.000000000000000000e+00,0.000000000000000000e+00,2.674637001296618521e+00,-1.005160432281769323e+00,1.600739067069833210e-01,2.674637001296618521e+00,1.875683390025305666e-02,1.306193311928821288e+01,4.892584640108240124e-01
4.159243362876336647e+01,0.000000000000000000e+00,0.000000000000000000e+00,2.655783374025202814e+00,-1.956792121623214697e+00,1.623151520253112712e-01,2.655783374025202814e+00,1.895578697564230183e-02,1.308068995318846639e+01,4.962296942968189017e-01
4.164248787805495766e+01,0.000000000000000000e+00,0.000000000000000000e+00,2.618690839412098015e+00,-2.983586755960726311e+00,1.668616274856054571e-01,2.618690839412098015e+00,1.930228405931740804e-02,1.309964574016410843e+01,5.103869792961762686e-01
4.169250980168506260e+01,0.000000000000000000e+00,0.000000000000000000e+00,2.561100800332926752e+00,-3.640096238954968477e+00,1.743007006111944313e-01,2.561100800332926752e+00,1.979784679941105907e-02,1.311894802422342643e+01,5.335986235699962110e-01
4.174269438183041814e+01,0.000000000000000000e+00,0.000000000000000000e+00,2.489034732658983895e+00,-3.693995957301608346e+00,1.843158613837805604e-01,2.489034732658983895e+00,2.039305748958374076e-02,1.313874587102283797e+01,5.649449495501336349e-01
4.179282285617753701e+01,0.000000000000000000e+00,0.000000000000000000e+00,2.413702860735442268e+00,-3.214172723228715167e+00,1.957128200199507173e-01,2.413702860735442268e+00,2.100505916967944364e-02,1.315913892851242117e+01,6.007592051623725782e-01
4.184289730354809222e+01,0.000000000000000000e+00,0.000000000000000000e+00,2.346188972502453396e+00,-2.437527155302771309e+00,2.068240125257581330e-01,2.346188972502453396e+00,2.154848682775471064e-02,1.318014398768210071e+01,6.358315384641509693e-01
4.189303578871844280e+01,0.000000000000000000e+00,0.000000000000000000e+00,2.293663950704117216e+00,-1.603317795283393465e+00,2.161157170440447250e-01,2.293663950704117216e+00,2.196382461575873898e-02,1.320169247450985495e+01,6.652861258815798706e-01
4.194324894785101776e+01,0.000000000000000000e+00,0.000000000000000000e+00,2.258448959845187787e+00,-8.788510660875620273e-01,2.226887372213112171e-01,2.258448959845187787e+00,2.223122229564683180e-02,1.322365629912561324e+01,6.861948971724731727e-01
4.199341250733122877e+01,0.000000000000000000e+00,0.000000000000000000e+00,2.238911026430228990e+00,-3.584247356431361498e-01,2.264612752859210265e-01,2.238911026430228990e+00,2.236827245688968041e-02,1.324588752142125969e+01,6.982233588953139503e-01
4.204352725911675037e+01,0.000000000000000000e+00,0.000000000000000000e+00,2.230893684288074663e+00,-7.791065930281386442e-02,2.280361494755503149e-01,2.230893684288074663e+00,2.241724089229589836e-02,1.326825579387814891e+01,7.032508995650091910e-01
4.209359379762062048e+01,0.000000000000000000e+00,0.000000000000000000e+00,2.229147142270405890e+00,-2.134230646361337524e-02,2.283813312203228918e-01,2.229147142270405890e+00,2.242843094991273795e-02,1.329067303477044426e+01,7.043533287344171390e-01
4.214361301322085041e+01,0.000000000000000000e+00,0.000000000000000000e+00,2.228668467823574861e+00,-1.321619880490071397e-01,2.284760671480125238e-01,2.228668467823574861e+00,2.244577781821014903e-02,1.331310146572035613e+01,7.046559238957240678e-01
4.219358634044335332e+01,0.000000000000000000e+00,0.000000000000000000e+00,2.225701989203813902e+00,-3.406369968788038327e-01,2.290644423070197777e-01,2.225701989203813902e+00,2.249947421181861668e-02,1.333554724353856713e+01,7.065355463962401661e-01
4.224351440248972267e+01,0.000000000000000000e+00,0.000000000000000000e+00,2.218037835876947916e+00,-5.927437901772748541e-01,2.305947465079665748e-01,2.218037835876947916e+00,2.260663356305868052e-02,1.335804671775038521e+01,7.114266732237085611e-01
4.229345757797094763e+01,0.000000000000000000e+00,0.000000000000000000e+00,2.204637894215631722e+00,-8.593049899525242452e-01,2.333060566612015774e-01,2.204637894215631722e+00,2.277643600937620874e-02,1.338065335131344469e+01,7.201011564938212262e-01
4.234337994137506911e+01,0.000000000000000000e+00,0.000000000000000000e+00,2.185065989099440387e+00,-1.125203170188588508e+00,2.373496713297782168e-01,2.185065989099440387e+00,2.301482197798511778e-02,1.340342978732282120e+01,7.330589997016788706e-01
4.239322261657115831e+01,0.000000000000000000e+00,0.000000000000000000e+00,2.159169638448485529e+00,-1.373904168367256595e+00,2.428570982243637710e-01,2.159169638448485529e+00,2.332594640893900437e-02,1.342644460930080719e+01,7.507485723241724695e-01
4.244302550610382951e+01,0.000000000000000000e+00,0.000000000000000000e+00,2.127122023446132992e+00,-1.581421363784518697e+00,2.499310437423993003e-01,2.127122023446132992e+00,2.371064642292396510e-02,1.344977055570974578e+01,7.735408192221444601e-01
4.249279085213022000e+01,0.000000000000000000e+00,0.000000000000000000e+00,2.089625500643780054e+00,-1.723560660301227232e+00,2.585895177508096276e-01,2.089625500643780054e+00,2.416418886197938334e-02,1.347348120213266931e+01,8.015509354812401233e-01
4.254252031359193609e+01,0.000000000000000000e+00,0.000000000000000000e+00,2.047977055333183305e+00,-1.787360481424433933e+00,2.687191149139348534e-01,2.047977055333183305e+00,2.467559544698717452e-02,1.349764539099464855e+01,8.344837249450945960e-01
4.259221657681978712e+01,0.000000000000000000e+00,0.000000000000000000e+00,2.003872871175621739e+00,-1.775800965944310361e+00,2.800744636501402707e-01,2.003872871175621739e+00,2.522917710287147716e-02,1.352232098644163649e+01,8.716210555482725164e-01
4.264188166378342260e+01,0.000000000000000000e+00,0.000000000000000000e+00,1.959070874106362492e+00,-1.705329804275405703e+00,2.923200822861257153e-01,1.959070874106362492e+00,2.580754235399082552e-02,1.354755016354450881e+01,9.119431142725623607e-01
4.269151769866947888e+01,0.000000000000000000e+00,0.000000000000000000e+00,1.915060502955002075e+00,-1.599348073324983188e+00,3.050990899221554531e-01,1.915060502955002075e+00,2.639500669908852182e-02,1.357335770589850021e+01,9.543398212146710913e-01
4.274115831287303990e+01,0.000000000000000000e+00,0.000000000000000000e+00,1.872845699845414824e+00,-1.478485610703537789e+00,3.181067719566360585e-01,1.872845699845414824e+00,2.697980236078639446e-02,1.359975271259758856e+01,9.978472115170256007e-01
4.279080261228648396e+01,0.000000000000000000e+00,0.000000000000000000e+00,1.832956450275366800e+00,-1.353328744276076856e+00,3.311208417681283933e-01,1.832956450275366800e+00,2.755364462571487094e-02,1.362673251495837512e+01,1.041750580728213693e+00
4.284041832871918132e+01,0.000000000000000000e+00,0.000000000000000000e+00,1.795667310993818822e+00,-1.226427382415344658e+00,3.439645815722789379e-01,1.795667310993818822e+00,2.810956906323352350e-02,1.365428615958409075e+01,1.085466165982930331e+00
4.289002134222836560e+01,0.000000000000000000e+00,0.000000000000000000e+00,1.761192965786773978e+00,-1.099158521684317380e+00,3.564579670538933764e-01,1.761192965786773978e+00,2.864065353509549425e-02,1.368239572864732345e+01,1.128376830286651478e+00
4.293961363540891085e+01,0.000000000000000000e+00,0.000000000000000000e+00,1.729712347387065696e+00,-9.746745220329315895e-01,3.684157465776796148e-01,1.729712347387065696e+00,2.914053156873517084e-02,1.371103638218241905e+01,1.169823316068747232e+00
4.298944380977228263e+01,0.000000000000000000e+00,0.000000000000000000e+00,1.701309813708523189e+00,-8.571228283599259257e-01,3.796775168466595685e-01,1.701309813708523189e+00,2.960454831056466563e-02,1.374017691375115469e+01,1.209208607692205950e+00
4.303930318296781365e+01,0.000000000000000000e+00,0.000000000000000000e+00,1.675935079528253935e+00,-7.509959281521838559e-01,3.901358472189720428e-01,1.675935079528253935e+00,3.003072503671070162e-02,1.376978146206171871e+01,1.246102196426861042e+00
4.308894733323434423e+01,0.000000000000000000e+00,0.000000000000000000e+00,1.653382127306226357e+00,-6.591313109313915453e-01,3.997584797675511337e-01,1.653382127306226357e+00,3.041999557124834552e-02,1.379981218709843027e+01,1.280328954045180323e+00
4.313884156667429437e+01,0.000000000000000000e+00,0.000000000000000000e+00,1.633331355746822311e+00,-5.791472438109500631e-01,4.085813930132402572e-01,1.633331355746822311e+00,3.077462097648477404e-02,1.383023218266967902e+01,1.311956529715759601e+00
4.318865451447049253e+01,0.000000000000000000e+00,0.000000000000000000e+00,1.615508318828964507e+00,-5.035441663742965535e-01,4.166423172146724863e-01,1.615508318828964507e+00,3.109506988589280305e-02,1.386100680364616444e+01,1.341064440474570407e+00
4.323848083174385692e+01,0.000000000000000000e+00,0.000000000000000000e+00,1.599850577784922123e+00,-4.242632573234105253e-01,4.238980550402319247e-01,1.599850577784922123e+00,3.137778172077286543e-02,1.389210187353205761e+01,1.367442896007011521e+00
4.328840638357250015e+01,0.000000000000000000e+00,0.000000000000000000e+00,1.586538137904484058e+00,-3.350873869949231865e-01,4.301980842837486718e-01,1.586538137904484058e+00,3.161497643893035336e-02,1.392347965525283016e+01,1.390487252316053635e+00
4.333810787343472271e+01,0.000000000000000000e+00,0.000000000000000000e+00,1.575944358059656825e+00,-2.307632470906531563e-01,4.352992899846442887e-01,1.575944358059656825e+00,3.179525229976664508e-02,1.395509463169176101e+01,1.409244293240143886e+00
4.338805721623195666e+01,0.000000000000000000e+00,0.000000000000000000e+00,1.568607182396896116e+00,-1.088004540329854664e-01,4.388786332347594521e-01,1.568607182396896116e+00,3.190491579957523138e-02,1.398688988399152677e+01,1.422458634570054947e+00
4.343803830680353428e+01,0.000000000000000000e+00,0.000000000000000000e+00,1.565135913072018159e+00,2.756097071629144343e-02,4.405853809334589477e-01,1.565135913072018159e+00,3.193131898201146540e-02,1.401879479979110243e+01,1.428775290669147102e+00
4.348778017246885952e+01,0.000000000000000000e+00,0.000000000000000000e+00,1.566015971219413938e+00,1.717819377389535052e-01,4.401518611094372702e-01,1.566015971219413938e+00,3.186665069894739633e-02,1.405072611877311317e+01,1.427169876618781474e+00
4.353776142230284307e+01,0.000000000000000000e+00,0.000000000000000000e+00,1.571490086225729499e+00,3.190724554024141346e-01,4.374676967572140307e-01,1.571490086225729499e+00,3.170907476629487159e-02,1.408259276947206118e+01,1.417244411453150832e+00
4.358783387051811076e+01,0.000000000000000000e+00,0.000000000000000000e+00,1.581607578569949935e+00,4.688448821484672013e-01,4.325625263164813439e-01,1.581607578569949935e+00,3.146094908538608209e-02,1.411430184423835676e+01,1.399170273788115759e+00
4.363774445561301008e+01,0.000000000000000000e+00,0.000000000000000000e+00,1.596357883536166700e+00,6.279505023657701024e-01,4.255391827563663742e-01,1.596357883536166700e+00,3.112506017917931675e-02,1.414576279332374220e+01,1.373433137659745951e+00
4.368768056611581585e+01,0.000000000000000000e+00,0.000000000000000000e+00,1.615902880711847178e+00,8.148488551995157758e-01,4.164616006926447067e-01,1.615902880711847178e+00,3.069920344156574013e-02,1.417688785350292235e+01,1.340409613607561834e+00
4.373780979882809561e+01,0.000000000000000000e+00,0.000000000000000000e+00,1.640918091491744057e+00,1.056077343715924988e+00,4.052128260024085993e-01,1.640918091491744057e+00,3.017225368363529031e-02,1.420758705694448842e+01,1.299852991127767643e+00
4.378795278518753520e+01,0.000000000000000000e+00,0.000000000000000000e+00,1.672782325015880645e+00,1.374038788711654968e+00,3.914622326840301314e-01,1.672782325015880645e+00,2.952681763120872799e-02,1.423775931062812283e+01,1.250803772362556465e+00
4.383809495269022705e+01,0.000000000000000000e+00,0.000000000000000000e+00,1.713353317748376625e+00,1.775784668151769052e+00,3.748459854536868030e-01,1.713353317748376625e+00,2.874892224734602181e-02,1.426728612825933240e+01,1.192268814719441572e+00
4.388823372394799804e+01,0.000000000000000000e+00,0.000000000000000000e+00,1.764405213101100989e+00,2.247668982663395543e+00,3.552677855187559852e-01,1.764405213101100989e+00,2.783935314666489275e-02,1.429603505050667778e+01,1.124271961463088054e+00
4.393826835588395596e+01,0.000000000000000000e+00,0.000000000000000000e+00,1.826978863666272268e+00,2.499999999999996003e+00,3.331345459332354930e-01,1.826978863666272268e+00,2.686867307786137971e-02,1.432387440365334186e+01,1.048578619715066385e+00
4.398840381550262890e+01,0.000000000000000000e+00,0.000000000000000000e+00,1.894150546360925613e+00,2.500000000000000000e+00,3.093961350032174429e-01,1.894150546360925613e+00,2.594793008865492467e-02,1.435074307673120408e+01,9.686721404753424469e-01
4.403863808770471877e+01,0.000000000000000000e+00,0.000000000000000000e+00,1.959020371582562925e+00,2.500000000000005329e+00,2.853457147198943389e-01,1.959020371582562925e+00,2.511581814640177074e-02,1.437669100681985945e+01,8.889425151822065718e-01
4.408885105657137160e+01,0.000000000000000000e+00,0.000000000000000000e+00,2.021809916948567487e+00,2.500000000000009326e+00,2.622358623642312425e-01,2.021809916948567487e+00,2.435896923764575492e-02,1.440180682496626119e+01,8.133850279035818032e-01
4.413898879344755954e+01,0.000000000000000000e+00,0.000000000000000000e+00,2.082707340042682098e+00,2.500000000000005329e+00,2.408874749918148706e-01,2.082707340042682098e+00,2.366667858581723155e-02,1.442616579420390721e+01,7.444167571037852982e-01
4.418908746910880581e+01,0.000000000000000000e+00,0.000000000000000000e+00,2.141874036507225298e+00,2.499999999999993339e+00,2.215118177790774134e-01,2.141874036507225298e+00,2.303025898002785884e-02,1.444983247278972449e+01,6.824465962869120661e-01
4.423938251841886427e+01,0.000000000000000000e+00,0.000000000000000000e+00,2.199449683957294788e+00,2.500000000000005329e+00,2.038227643528299493e-01,2.199449683957294788e+00,2.244257670356736983e-02,1.447286273176975158e+01,6.263423887404004908e-01
4.428990267773917111e+01,0.000000000000000000e+00,0.000000000000000000e+00,2.255556125716213334e+00,2.500000000000003109e+00,1.872955386756849083e-01,2.255556125716213334e+00,2.189771161905597688e-02,1.449530530847331811e+01,5.742933261342009210e-01
4.434043131108217750e+01,0.000000000000000000e+00,0.000000000000000000e+00,2.310300404763853344e+00,2.500000000000006217e+00,1.713957913548490031e-01,2.310300404763853344e+00,2.139070396523136408e-02,1.451720302009237429e+01,5.245275372762542299e-01
4.439071828143677578e+01,0.000000000000000000e+00,0.000000000000000000e+00,2.363777164676931886e+00,2.499999999999989786e+00,1.557404545055887657e-01,2.363777164676931886e+00,2.091736287623193261e-02,1.453859372405760553e+01,4.757938130636812368e-01
4.444097370892742305e+01,0.000000000000000000e+00,0.000000000000000000e+00,2.416070571867511507e+00,2.499999999999997335e+00,1.402230995323723584e-01,2.416070571867511507e+00,2.047411959271185772e-02,1.455951108693383667e+01,4.277255521748930533e-01
4.449143874389429953e+01,0.000000000000000000e+00,0.000000000000000000e+00,2.467255870849291099e+00,2.499999999999996003e+00,1.250787623061956344e-01,2.467255870849291099e+00,2.005791353650149267e-02,1.457998520652654939e+01,3.810155856611079361e-01
4.454189312459753580e+01,0.000000000000000000e+00,0.000000000000000000e+00,2.517400654690544748e+00,2.499999999999997335e+00,1.108399095493480813e-01,2.517400654690544748e+00,1.966610289199499650e-02,1.460004312006305049e+01,3.372607838026059901e-01
4.459233351878538798e+01,0.000000000000000000e+00,0.000000000000000000e+00,2.566565911920532184e+00,2.500000000000001332e+00,9.818609300219884040e-02,2.566565911920532184e+00,1.929639369752108799e-02,1.461970922295504494e+01,2.984934417658637873e-01
4.464275595717883505e+01,0.000000000000000000e+00,0.000000000000000000e+00,2.614806896164334926e+00,2.500000000000003997e+00,8.771800985903853431e-02,2.614806896164334926e+00,1.894678308193583835e-02,1.463900561665256639e+01,2.664960153177682867e-01
4.469291120958454400e+01,0.000000000000000000e+00,0.000000000000000000e+00,2.662173853869174600e+00,2.499999999999995559e+00,7.969420037664248779e-02,2.662173853869174600e+00,1.861551342785631308e-02,1.465795239973450137e+01,2.420101427934971683e-01
4.474300766401604079e+01,0.000000000000000000e+00,0.000000000000000000e+00,2.708712637438815296e+00,2.500000000000003109e+00,7.384491637085427440e-02,2.708712637438815296e+00,1.830103505951024070e-02,1.467656791316235854e+01,2.241801121393347529e-01
4.479328842415330314e+01,0.000000000000000000e+00,0.000000000000000000e+00,2.754465225087590952e+00,2.500000000000007994e+00,6.941830234980954362e-02,2.754465225087590952e+00,1.800197564260231850e-02,1.469486894822186862e+01,2.106970434573121886e-01
4.484354282006681558e+01,0.000000000000000000e+00,0.000000000000000000e+00,2.799470164194096888e+00,2.499999999999997335e+00,6.545965486463756200e-02,2.799470164194096888e+00,1.771711491427494303e-02,1.471287092386447171e+01,1.986464026384504589e-01
4.489376481428953980e+01,0.000000000000000000e+00,0.000000000000000000e+00,2.843762951479784196e+00,2.499999999999987121e+00,6.113768885593438840e-02,2.843762951479784196e+00,1.744536367949214503e-02,1.473058803877874645e+01,1.854968992391698157e-01
4.494395092440862527e+01,0.000000000000000000e+00,0.000000000000000000e+00,2.887376360678514331e+00,2.499999999999986233e+00,5.595012405962449670e-02,2.887376360678514331e+00,1.718574624782851987e-02,1.474803340245823868e+01,1.697229686419259864e-01
4.499409824542311043e+01,0.000000000000000000e+00,0.000000000000000000e+00,2.930340726298085396e+00,2.499999999999996447e+00,4.976726252488766072e-02,2.930340726298085396e+00,1.693738566385454350e-02,1.476521914870606800e+01,1.509345175720089027e-01
4.504415729197851448e+01,0.000000000000000000e+00,0.000000000000000000e+00,2.972684190457721698e+00,2.499999999999984901e+00,4.273015689843742693e-02,2.972684190457721698e+00,1.669949122068931091e-02,1.478215653436992305e+01,1.295641891642479171e-01
4.509394977789479242e+01,0.000000000000000000e+00,0.000000000000000000e+00,3.014432918509444725e+00,2.499999999999993339e+00,3.505706271198942570e-02,3.014432918509444725e+00,1.647134785096988560e-02,1.479885602559061297e+01,1.062770650248758275e-01
4.514373858903561398e+01,0.000000000000000000e+00,0.000000000000000000e+00,3.055611288136869330e+00,2.500000000000003109e+00,2.686825955964588022e-02,3.055611288136869330e+00,1.625230707048037904e-02,1.481532737344158335e+01,8.143856623095180325e-02
4.519369651002676846e+01,0.000000000000000000e+00,0.000000000000000000e+00,3.096242055813070326e+00,2.499999999999997335e+00,1.812281249442292824e-02,3.096242055813070326e+00,1.604177921282820551e-02,1.483157968051206410e+01,5.492362672263935430e-02
4.524360459181315264e+01,0.000000000000000000e+00,0.000000000000000000e+00,3.136346503845140798e+00,2.499999999999988454e+00,8.677850862220809480e-03,3.136346503845140798e+00,1.583922674313516590e-02,1.484762145972489300e+01,2.629717787145054164e-02
4.529346113290215925e+01,0.000000000000000000e+00,0.000000000000000000e+00,3.175944570702978531e+00,2.499999999999997780e+00,-1.563878571103899514e-03,3.175944570702978531e+00,1.564415847790387101e-02,1.486346068646802898e+01,-4.739029836483407351e-03
4.534326386203969150e+01,0.000000000000000000e+00,0.000000000000000000e+00,3.215054966897738176e+00,2.500000000000009770e+00,-1.243415065946514020e-02,3.215054966897738176e+00,1.545612456939918222e-02,1.487910484494593355e+01,-3.768118638154823591e-02
4.539276630218478914e+01,0.000000000000000000e+00,0.000000000000000000e+00,3.253695278321236284e+00,2.499999999999986677e+00,-2.325412065752044052e-02,3.253695278321236284e+00,1.527471213783834596e-02,1.489456096951533226e+01,-7.047973682305729015e-02
4.544218237563451623e+01,0.000000000000000000e+00,0.000000000000000000e+00,3.291882058665831945e+00,2.499999999999995559e+00,-3.271044026519145248e-02,3.291882058665831945e+00,1.509954145476977497e-02,1.490983568165317052e+01,-9.915791420816809365e-02
4.549199957776038161e+01,0.000000000000000000e+00,0.000000000000000000e+00,3.329630912302756318e+00,2.500000000000002665e+00,-3.903138101719221681e-02,3.329630912302756318e+00,1.493026259727619522e-02,1.492493522310794063e+01,-1.183370117332062654e-01
4.554178503937810518e+01,0.000000000000000000e+00,0.000000000000000000e+00,3.366956568795946847e+00,2.499999999999998668e+00,-4.050126349569567463e-02,3.366956568795946847e+00,1.476655250586205934e-02,1.493986548570521755e+01,-1.227982529799934580e-01
4.559153896468389888e+01,0.000000000000000000e+00,0.000000000000000000e+00,3.403872950060601976e+00,2.499999999999996003e+00,-3.615754206716523256e-02,3.403872950060601976e+00,1.460811238969575085e-02,1.495463203821107889e+01,-1.096160829726267744e-01
4.564150731897605340e+01,0.000000000000000000e+00,0.000000000000000000e+00,3.440393231034841293e+00,2.499999999999999112e+00,-2.639916129110827722e-02,3.440393231034841293e+00,1.445466543175638087e-02,1.496924015060077551e+01,-8.001604746861365469e-02
4.569147533670437156e+01,0.000000000000000000e+00,0.000000000000000000e+00,3.476529894614232230e+00,2.499999999999998668e+00,-1.320245316157903429e-02,3.476529894614232230e+00,1.430595475376056011e-02,1.498369481603253206e+01,-4.000975848055651762e-02
4.574144605584690026e+01,0.000000000000000000e+00,0.000000000000000000e+00,3.512294781498633611e+00,2.499999999999981348e+00,2.746085451995384260e-04,3.512294781498633611e+00,1.416174160681411137e-02,1.499800077078629279e+01,8.321471275826322709e-04
4.579143730133142043e+01,0.000000000000000000e+00,0.000000000000000000e+00,3.547699135515668623e+00,2.499999999999996447e+00,1.063164502663634797e-02,3.547699135515668623e+00,1.402180375878325433e-02,1.501216251239310751e+01,3.221832004952161072e-02
4.584143894481270110e+01,0.000000000000000000e+00,0.000000000000000000e+00,3.582753644912626712e+00,2.500000000000005329e+00,1.530844632500952436e-02,3.582753644912626712e+00,1.388593405359725245e-02,1.502618431615189110e+01,4.639285537699749246e-02
4.589143948879219437e+01,0.000000000000000000e+00,0.000000000000000000e+00,3.617468480046619916e+00,2.499999999999992006e+00,1.334002773149940008e-02,3.617468480046619916e+00,1.375393912123006220e-02,1.504007025020548838e+01,4.042672455151775229e-02
4.594145666092487090e+01,0.000000000000000000e+00,0.000000000000000000e+00,3.651853327849694963e+00,2.499999999999983569e+00,5.513146012214783891e-03,3.651853327849694963e+00,1.362563822008331336e-02,1.505382418932671840e+01,1.670667233286470682e-02
4.599145420791988670e+01,0.000000000000000000e+00,0.000000000000000000e+00,3.685917423399903026e+00,2.499999999999994671e+00,-6.076451314314471226e-03,3.685917423399903026e+00,1.350086219600437829e-02,1.506744982754680251e+01,-1.841371546328524414e-02
4.604144973059834456e+01,0.000000000000000000e+00,0.000000000000000000e+00,3.719669578889913897e+00,2.499999999999992895e+00,-1.883343482281207154e-02,3.719669578889913897e+00,1.337945254430067919e-02,1.508095068974280650e+01,-5.707776323540414420e-02
4.609144274619347215e+01,0.000000000000000000e+00,0.000000000000000000e+00,3.753118210250665499e+00,2.500000000000023093e+00,-3.048542957299081591e-02,3.753118210250665499e+00,1.326126056291917349e-02,1.509433014228710768e+01,-9.240871842141329395e-02
4.614141696390384340e+01,0.000000000000000000e+00,0.000000000000000000e+00,3.786271361657963741e+00,2.500000000000001776e+00,-3.961746252210261721e-02,3.786271361657963741e+00,1.314614658650085227e-02,1.510759140285002644e+01,-1.201157656100564630e-01
4.619139307625827939e+01,0.000000000000000000e+00,0.000000000000000000e+00,3.819136728124215896e+00,2.499999999999985789e+00,-4.578900969073725763e-02,3.819136728124215896e+00,1.303397929233750252e-02,1.512073754943652659e+01,-1.388516287081796863e-01
4.624137105620883403e+01,0.000000000000000000e+00,0.000000000000000000e+00,3.851721676355059465e+00,2.500000000000001332e+00,-4.930545829363958826e-02,3.851721676355059465e+00,1.292463507038731779e-02,1.513377152872886455e+01,-1.495316712244525725e-01
4.629135086798351750e+01,0.000000000000000000e+00,0.000000000000000000e+00,3.884033264031027777e+00,2.499999999999998224e+00,-5.085088160543629193e-02,3.884033264031027777e+00,1.281799745047696761e-02,1.514669616379925188e+01,-1.542265371626695136e-01
4.634133245377899613e+01,0.000000000000000000e+00,0.000000000000000000e+00,3.916078257657220174e+00,2.499999999999998224e+00,-5.116504512086714196e-02,3.916078257657220174e+00,1.271395658065462703e-02,1.515951416124972972e+01,-1.551810290791746649e-01
4.639131573920721507e+01,0.000000000000000000e+00,0.000000000000000000e+00,3.947863149108856717e+00,2.499999999999997780e+00,-5.083981178887476277e-02,3.947863149108856717e+00,1.261240875138175399e-02,1.517222811783038416e+01,-1.541929053923882520e-01
4.644130068334529682e+01,0.000000000000000000e+00,0.000000000000000000e+00,3.979394170987311075e+00,1.644519463816379146e+00,-5.024360340606128655e-02,3.979394170987311075e+00,1.253000007970090854e-02,1.518484052658176608e+01,-1.523815902681177614e-01
4.649128721869848135e+01,0.000000000000000000e+00,0.000000000000000000e+00,4.000000000000000000e+00,0.000000000000000000e+00,-4.955200073016712697e-02,4.000000000000000000e+00,1.249772619980449653e-02,1.519737052666146759e+01,-1.502805978079932991e-01
4.654127527495313643e+01,0.000000000000000000e+00,0.000000000000000000e+00,4.000000000000000000e+00,0.000000000000000000e+00,-4.882645967753516253e-02,4.000000000000000000e+00,1.249772619980449653e-02,1.520986825286127164e+01,-1.480766601556696982e-01
4.659126479654114661e+01,0.000000000000000000e+00,0.000000000000000000e+00,4.000000000000000000e+00,0.000000000000000000e+00,-4.807934454122655965e-02,4.000000000000000000e+00,1.249772619980449653e-02,1.522236597906107569e+01,-1.458073513365830964e-01
4.664125572003707276e+01,0.000000000000000000e+00,0.000000000000000000e+00,4.000000000000000000e+00,0.000000000000000000e+00,-4.729866821948598005e-02,4.000000000000000000e+00,1.249772619980449653e-02,1.523486370526087974e+01,-1.434362770837260548e-01
4.669124797846844643e+01,0.000000000000000000e+00,0.000000000000000000e+00,4.000000000000000000e+00,0.000000000000000000e+00,-4.643419049686946937e-02,4.000000000000000000e+00,1.249772619980449653e-02,1.524736143146068379e+01,-1.408108851035708708e-01
4.674124151137631600e+01,0.000000000000000000e+00,0.000000000000000000e+00,4.000000000000000000e+00,0.000000000000000000e+00,-4.535510810786316793e-02,4.000000000000000000e+00,1.249772619980449653e-02,1.525985915766048784e+01,-1.375340409169152622e-01
4.679123626839649575e+01,0.000000000000000000e+00,0.000000000000000000e+00,4.000000000000000000e+00,0.000000000000000000e+00,-4.381009938072818327e-02,4.000000000000000000e+00,1.249772619980449653e-02,1.527235688386029189e+01,-1.328428773314533629e-01
4.684123217971065145e+01,0.000000000000000000e+00,0.000000000000000000e+00,4.000000000000000000e+00,0.000000000000000000e+00,-4.145423287685801733e-02,4.000000000000000000e+00,1.249772619980449653e-02,1.528485461006009594e+01,-1.256908937375373070e-01
4.689122918418877362e+01,0.000000000000000000e+00,0.000000000000000000e+00,4.000000000000000000e+00,0.000000000000000000e+00,-3.799677294418617179e-02,4.000000000000000000e+00,1.249772619980449653e-02,1.529735233625989999e+01,-1.151971803568443559e-01
4.694122723575868861e+01,0.000000000000000000e+00,0.000000000000000000e+00,4.000000000000000000e+00,0.000000000000000000e+00,-3.342969408259669623e-02,4.000000000000000000e+00,1.249772619980449653e-02,1.530985006245970403e+01,-1.013398566914435472e-01
4.699122626653672086e+01,0.000000000000000000e+00,0.000000000000000000e+00,4.000000000000000000e+00,0.000000000000000000e+00,-2.821298415686756059e-02,4.000000000000000000e+00,1.249772619980449653e-02,1.532234778865950808e+01,-8.551658220375681074e-02
4.704122624983583023e+01,0.000000000000000000e+00,0.000000000000000000e+00,4.000000000000000000e+00,0.000000000000000000e+00,-2.330612041647799754e-02,4.000000000000000000e+00,1.249772619980449653e-02,1.533484551485931213e+01,-7.063739728109620641e-02
4.709122711887151524e+01,0.000000000000000000e+00,0.000000000000000000e+00,4.000000000000000000e+00,0.000000000000000000e+00,-1.998538152160191789e-02,4.000000000000000000e+00,1.249772619980449653e-02,1.534734324105911618e+01,-6.056982657675320791e-02
4.714122883078226067e+01,0.000000000000000000e+00,0.000000000000000000e+00,4.000000000000000000e+00,0.000000000000000000e+00,-1.943651119008018777e-02,4.000000000000000000e+00,1.249772619980449653e-02,1.535984096725892023e+01,-5.890593673298976513e-02
4.719121339923470515e+01,0.000000000000000000e+00,0.000000000000000000e+00,4.000000000000000000e+00,0.000000000000000000e+00,-2.225903077782618450e-02,4.000000000000000000e+00,1.249772619980449653e-02,1.537233869345872428e+01,-6.746275058392758872e-02
4.724119624898673209e+01,0.000000000000000000e+00,0.000000000000000000e+00,4.000000000000000000e+00,0.000000000000000000e+00,-2.815049245403725836e-02,4.000000000000000000e+00,1.249772619980449653e-02,1.538483641965852833e+01,-8.532706292890891719e-02
4.729119289482983390e+01,0.000000000000000000e+00,0.000000000000000000e+00,4.000000000000000000e+00,0.000000000000000000e+00,-3.593418206540510695e-02,4.000000000000000000e+00,1.249772619980449653e-02,1.539733414585833238e+01,-1.089383542852210285e-01
4.734118954374931576e+01,0.000000000000000000e+00,0.000000000000000000e+00,4.000000000000000000e+00,0.000000000000000000e+00,-4.386955306147700268e-02,4.000000000000000000e+00,1.249772619980449653e-02,1.540983187205813643e+01,-1.330233867046885787e-01
4.739118559569543265e+01,0.000000000000000000e+00,0.000000000000000000e+00,4.000000000000000000e+00,0.000000000000000000e+00,-5.009057035670532593e-02,4.000000000000000000e+00,1.249772619980449653e-02,1.542232959825794048e+01,-1.519166846903556578e-01
4.744119995252106747e+01,0.000000000000000000e+00,0.000000000000000000e+00,4.000000000000000000e+00,0.000000000000000000e+00,-5.301614243451274050e-02,4.000000000000000000e+00,1.249772619980449653e-02,1.543482732445774452e+01,-1.608056647486667545e-01
4.749121450957040480e+01,0.000000000000000000e+00,0.000000000000000000e+00,4.000000000000000000e+00,0.000000000000000000e+00,-5.162092921967691150e-02,4.000000000000000000e+00,1.249772619980449653e-02,1.544732505065754857e+01,-1.565661512885570261e-01
4.754122765804686424e+01,0.000000000000000000e+00,0.000000000000000000e+00,4.000000000000000000e+00,0.000000000000000000e+00,-4.556072311118708473e-02,4.000000000000000000e+00,1.249772619980449653e-02,1.545982277685735262e+01,-1.381584060001177505e-01
4.759126660862025915e+01,0.000000000000000000e+00,0.000000000000000000e+00,4.000000000000000000e+00,0.000000000000000000e+00,-3.519314189190434622e-02,4.000000000000000000e+00,1.249772619980449653e-02,1.547232050305715667e+01,-1.066899353555052360e-01
4.764127496319952115e+01,0.000000000000000000e+00,0.000000000000000000e+00,4.000000000000000000e+00,0.000000000000000000e+00,-2.150705700694059697e-02,4.000000000000000000e+00,1.249772619980449653e-02,1.548481822925696072e+01,-6.518295053162292962e-02
4.769127992755257850e+01,0.000000000000000000e+00,0.000000000000000000e+00,4.000000000000000000e+00,0.000000000000000000e+00,-5.985455932198267999e-03,4.000000000000000000e+00,1.249772619980449653e-02,1.549731595545676477e+01,-1.813796185122512269e-02
4.774131267611207363e+01,0.000000000000000000e+00,0.000000000000000000e+00,4.000000000000000000e+00,0.000000000000000000e+00,9.610130253122500105e-03,4.000000000000000000e+00,1.249772619980449653e-02,1.550981368165656882e+01,2.912250336558082700e-02
4.779130761846254671e+01,0.000000000000000000e+00,0.000000000000000000e+00,4.000000000000000000e+00,0.000000000000000000e+00,2.359311409414991539e-02,4.000000000000000000e+00,1.249772619980449653e-02,1.552231140785637287e+01,7.150755349596300825e-02
4.784126904442226191e+01,0.000000000000000000e+00,0.000000000000000000e+00,4.000000000000000000e+00,0.000000000000000000e+00,3.476137726933575117e-02,4.000000000000000000e+00,1.249772619980449653e-02,1.553480913405617692e+01,1.053799557039258733e-01
4.789123253234854616e+01,0.000000000000000000e+00,0.000000000000000000e+00,4.000000000000000000e+00,0.000000000000000000e+00,4.263173463251541256e-02,4.000000000000000000e+00,1.249772619980449653e-02,1.554730686025598096e+01,1.292653959030958533e-01
4.794119809278247146e+01,0.000000000000000000e+00,0.000000000000000000e+00,4.000000000000000000e+00,0.000000000000000000e+00,4.740286799244393390e-02,4.000000000000000000e+00,1.249772619980449653e-02,1.555980458645578501e+01,1.437527429883315444e-01
4.799116556001472134e+01,0.000000000000000000e+00,0.000000000000000000e+00,4.000000000000000000e+00,0.000000000000000000e+00,4.973959236944110185e-02,4.000000000000000000e+00,1.249772619980449653e-02,1.557230231265558906e+01,1.508504607130914110e-01
4.804113496949696582e+01,0.000000000000000000e+00,0.000000000000000000e+00,4.000000000000000000e+00,0.000000000000000000e+00,5.048331077751951057e-02,4.000000000000000000e+00,1.249772619980449653e-02,1.558480003885539311e+01,1.531098218277120449e-01
4.809110626033022129e+01,0.000000000000000000e+00,0.000000000000000000e+00,4.000000000000000000e+00,0.000000000000000000e+00,5.037485686857778172e-02,4.000000000000000000e+00,1.249772619980449653e-02,1.559729776505519716e+01,1.527803364166519517e-01
4.814107934854384752e+01,0.000000000000000000e+00,0.000000000000000000e+00,4.000000000000000000e+00,0.000000000000000000e+00,4.989958380921574038e-02,4.000000000000000000e+00,1.249772619980449653e-02,1.560979549125500121e+01,1.513364885781729730e-01
4.819105417548486514e+01,0.000000000000000000e+00,0.000000000000000000e+00,4.000000000000000000e+00,0.000000000000000000e+00,4.929626537628066518e-02,4.000000000000000000e+00,1.249772619980449653e-02,1.562229321745480526e+01,1.495037460799380769e-01
4.824103068264166438e+01,0.000000000000000000e+00,0.000000000000000000e+00,4.000000000000000000e+00,0.000000000000000000e+00,4.865510959361670634e-02,4.000000000000000000e+00,1.249772619980449653e-02,1.563479094365460931e+01,1.475561819733683666e-01
4.829100884013459449e+01,0.000000000000000000e+00,0.000000000000000000e+00,4.000000000000000000e+00,0.000000000000000000e+00,4.801342221088900075e-02,4.000000000000000000e+00,1.249772619980449653e-02,1.564728866985441336e+01,1.456071248408345453e-01
4.834098853672051632e+01,0.000000000000000000e+00,0.000000000000000000e+00,4.000000000000000000e+00,0.000000000000000000e+00,4.742348312888254591e-02,4.000000000000000000e+00,1.249772619980449653e-02,1.565978639605421741e+01,1.438153537428699114e-01
4.839096972027017785e+01,0.000000000000000000e+00,0.000000000000000000e+00,4.000000000000000000e+00,0.000000000000000000e+00,4.701026651370684983e-02,4.000000000000000000e+00,1.249772619980449653e-02,1.567228412225402145e+01,1.425603863763985624e-01
4.844095236692111683e+01,0.000000000000000000e+00,0.000000000000000000e+00,4.000000000000000000e+00,0.000000000000000000e+00,4.701707884030185969e-02,4.000000000000000000e+00,1.249772619980449653e-02,1.568478184845382550e+01,1.425810754854777151e-01
4.849093639100019004e+01,0.000000000000000000e+00,0.000000000000000000e+00,4.000000000000000000e+00,0.000000000000000000e+00,4.779007924053132322e-02,4.000000000000000000e+00,1.249772619980449653e-02,1.569727957465362955e+01,1.449287726163914214e-01
4.854092173469030769e+01,0.000000000000000000e+00,0.000000000000000000e+00,4.000000000000000000e+00,0.000000000000000000e+00,4.964979051655654674e-02,4.000000000000000000e+00,1.249772619980449653e-02,1.570977730085343360e+01,1.505776607438450154e-01
4.859090834448260665e+01,0.000000000000000000e+00,0.000000000000000000e+00,4.000000000000000000e+00,0.000000000000000000e+00,5.268666844310224834e-02,4.000000000000000000e+00,1.249772619980449653e-02,1.572227502705323765e+01,1.598044646847606165e-01
4.864089615464602900e+01,0.000000000000000000e+00,0.000000000000000000e+00,4.000000000000000000e+00,0.000000000000000000e+00,5.660570051704080785e-02,4.000000000000000000e+00,1.249772619980449653e-02,1.573477275325304170e+01,1.717158693001209491e-01
4.869088510891708665e+01,0.000000000000000000e+00,0.000000000000000000e+00,4.000000000000000000e+00,0.000000000000000000e+00,6.072257921374431267e-02,4.000000000000000000e+00,1.249772619980449653e-02,1.574727047945284575e+01,1.842343096718777329e-01
4.874087515318660735e+01,0.000000000000000000e+00,0.000000000000000000e+00,4.000000000000000000e+00,0.000000000000000000e+00,6.413457147819127957e-02,4.000000000000000000e+00,1.249772619980449653e-02,1.575976820565264980e+01,1.946140911953555264e-01
4.879086556436626410e+01,0.000000000000000000e+00,0.000000000000000000e+00,4.000000000000000000e+00,0.000000000000000000e+00,6.603522130586275685e-02,4.000000000000000000e+00,1.249772619980449653e-02,1.577226593185245385e+01,2.003981046408708222e-01
4.884086160560654122e+01,0.000000000000000000e+00,0.000000000000000000e+00,4.000000000000000000e+00,0.000000000000000000e+00,6.604533100619075503e-02,4.000000000000000000e+00,1.249772619980449653e-02,1.578476365805225790e+01,2.004288740968186711e-01
4.889086585432895049e+01,0.000000000000000000e+00,0.000000000000000000e+00,4.000000000000000000e+00,0.000000000000000000e+00,6.434158309428483768e-02,4.000000000000000000e+00,1.249772619980449653e-02,1.579726138425206194e+01,1.952439948685253945e-01
4.894086556128289800e+01,0.000000000000000000e+00,0.000000000000000000e+00,4.000000000000000000e+00,0.000000000000000000e+00,6.147878886527936848e-02,4.000000000000000000e+00,1.249772619980449653e-02,1.580975911045186599e+01,1.865344305266950498e-01
4.899086696769472127e+01,0.000000000000000000e+00,0.000000000000000000e+00,4.000000000000000000e+00,0.000000000000000000e+00,5.805601125406480850e-02,4.000000000000000000e+00,1.249772619980449653e-02,1.582225683665167004e+01,1.761252280273624127e-01
4.904087004278508033e+01,0.000000000000000000e+00,0.000000000000000000e+00,4.000000000000000000e+00,0.000000000000000000e+00,5.446823897627114941e-02,4.000000000000000000e+00,1.249772619980449653e-02,1.583475456285147409e+01,1.652186916191554222e-01
4.909087471565488414e+01,0.000000000000000000e+00,0.000000000000000000e+00,4.000000000000000000e+00,0.000000000000000000e+00,5.087554865226154299e-02,4.000000000000000000e+00,1.249772619980449653e-02,1.584725228905127814e+01,1.543014795031098230e-01
4.914088100294391381e+01,0.000000000000000000e+00,0.000000000000000000e+00,4.000000000000000000e+00,0.000000000000000000e+00,4.736783628826899545e-02,4.000000000000000000e+00,1.249772619980449653e-02,1.585975001525108219e+01,1.436463475905491449e-01
4.919088880907870021e+01,0.000000000000000000e+00,0.000000000000000000e+00,4.000000000000000000e+00,0.000000000000000000e+00,4.418331565305813613e-02,4.000000000000000000e+00,1.249772619980449653e-02,1.587224774145088624e+01,1.339760277816938461e-01
4.924089811098772174e+01,0.000000000000000000e+00,0.000000000000000000e+00,4.000000000000000000e+00,0.000000000000000000e+00,4.180000560158724648e-02,4.000000000000000000e+00,1.249772619980449653e-02,1.588474546765069029e+01,1.267405076221156945e-01
4.929090892143762659e+01,0.000000000000000000e+00,0.000000000000000000e+00,4.000000000000000000e+00,0.000000000000000000e+00,4.080009491228529100e-02,4.000000000000000000e+00,1.249772619980449653e-02,1.589724319385049434e+01,1.237053007848572667e-01
4.934092127005817474e+01,0.000000000000000000e+00,0.000000000000000000e+00,4.000000000000000000e+00,0.000000000000000000e+00,4.154509837860834859e-02,4.000000000000000000e+00,1.249772619980449653e-02,1.590974092005029839e+01,1.259667185019366920e-01
4.939090999920886560e+01,0.000000000000000000e+00,0.000000000000000000e+00,4.000000000000000000e+00,0.000000000000000000e+00,4.383877294704562749e-02,4.000000000000000000e+00,1.249772619980449653e-02,1.592223864625010243e+01,1.329299340187855283e-01
4.944090136631756849e+01,0.000000000000000000e+00,0.000000000000000000e+00,4.000000000000000000e+00,0.000000000000000000e+00,4.680824144748663845e-02,4.000000000000000000e+00,1.249772619980449653e-02,1.593473637244990648e+01,1.419468400987800027e-01
4.949092109596983846e+01,0.000000000000000000e+00,0.000000000000000000e+00,4.000000000000000000e+00,0.000000000000000000e+00,4.909438105794836776e-02,4.000000000000000000e+00,1.249772619980449653e-02,1.594723409864971053e+01,1.488904924290622711e-01
4.954094290405566170e+01,0.000000000000000000e+00,0.000000000000000000e+00,4.000000000000000000e+00,0.000000000000000000e+00,4.922691677635197827e-02,4.000000000000000000e+00,1.249772619980449653e-02,1.595973182484951458e+01,1.492930880158810647e-01
4.959096674142630690e+01,0.000000000000000000e+00,0.000000000000000000e+00,4.000000000000000000e+00,0.000000000000000000e+00,4.601149905263165335e-02,4.000000000000000000e+00,1.249772619980449653e-02,1.597222955104931863e+01,1.395272613445355248e-01
4.964099245595830467e+01,0.000000000000000000e+00,0.000000000000000000e+00,4.000000000000000000e+00,0.000000000000000000e+00,3.884338536685278537e-02,4.000000000000000000e+00,1.249772619980449653e-02,1.598472727724912268e+01,1.177664633599917743e-01
4.969101995703643837e+01,0.000000000000000000e+00,0.000000000000000000e+00,4.000000000000000000e+00,0.000000000000000000e+00,2.790342894500183468e-02,4.000000000000000000e+00,1.249772619980449653e-02,1.599722500344892673e+01,8.457779722297500968e-02
4.974104919617094822e+01,0.000000000000000000e+00,0.000000000000000000e+00,4.000000000000000000e+00,0.000000000000000000e+00,1.417992246608517325e-02,4.000000000000000000e+00,1.249772619980449653e-02,1.600972272964873255e+01,4.297234220954541939e-02
4.979108019362608673e+01,0.000000000000000000e+00,0.000000000000000000e+00,4.000000000000000000e+00,0.000000000000000000e+00,-7.060372412320382136e-04,4.000000000000000000e+00,1.249772619980449653e-02,1.602222045584853660e+01,-2.139507147118879706e-03
4.984106833124666025e+01,0.000000000000000000e+00,0.000000000000000000e+00,4.000000000000000000e+00,0.000000000000000000e+00,-1.482842877229030576e-02,4.000000000000000000e+00,1.249772619980449653e-02,1.603471818204834065e+01,-4.493792637645395438e-02
4.989105086537713163e+01,0.000000000000000000e+00,0.000000000000000000e+00,4.000000000000000000e+00,0.000000000000000000e+00,-2.636887652650990108e-02,4.000000000000000000e+00,1.249772619980449653e-02,1.604721590824814470e+01,-7.992421154100440295e-02
4.994102764645546699e+01,0.000000000000000000e+00,0.000000000000000000e+00,4.000000000000000000e+00,0.000000000000000000e+00,-3.404605225452838474e-02,4.000000000000000000e+00,1.249772619980449653e-02,1.605971363444794875e+01,-1.032097363589888628e-01
4.999095986925965462e+01,0.000000000000000000e+00,0.000000000000000000e+00,4.000000000000000000e+00,0.000000000000000000e+00,-3.743637648689691205e-02,4.000000000000000000e+00,1.249772619980449653e-02,1.607221136064775280e+01,-1.134965912203316080e-01
5.004092354667722731e+01,0.000000000000000000e+00,0.000000000000000000e+00,4.000000000000000000e+00,0.000000000000000000e+00,-3.703694301969735064e-02,4.000000000000000000e+00,1.249772619980449653e-02,1.608470908684755685e+01,-1.122845068963998910e-01
5.009088341493776397e+01,0.000000000000000000e+00,0.000000000000000000e+00,4.000000000000000000e+00,0.000000000000000000e+00,-3.404169714297211602e-02,4.000000000000000000e+00,1.249772619980449653e-02,1.609720681304736090e+01,-1.031965237439295829e-01
5.014084030592702135e+01,0.000000000000000000e+00,0.000000000000000000e+00,4.000000000000000000e+00,0.000000000000000000e+00,-2.994040874394575738e-02,4.000000000000000000e+00,1.249772619980449653e-02,1.610970453924716494e+01,-9.075563159815455694e-02
5.019082585108133543e+01,0.000000000000000000e+00,0.000000000000000000e+00,4.000000000000000000e+00,0.000000000000000000e+00,-2.608453863264880226e-02,4.000000000000000000e+00,1.249772619980449653e-02,1.612220226544696899e+01,-7.906198861817761991e-02
5.024081037278782702e+01,0.000000000000000000e+00,0.000000000000000000e+00,4.000000000000000000e+00,0.000000000000000000e+00,-2.336656330579223867e-02,4.000000000000000000e+00,1.249772619980449653e-02,1.613469999164677304e+01,-7.082065733433481891e-02
5.029079392041356300e+01,0.000000000000000000e+00,0.000000000000000000e+00,4.000000000000000000e+00,0.000000000000000000e+00,-2.212269152855800627e-02,4.000000000000000000e+00,1.249772619980449653e-02,1.614719771784657709e+01,-6.704939782740633458e-02
5.034077658257481147e+01,0.000000000000000000e+00,0.000000000000000000e+00,4.000000000000000000e+00,0.000000000000000000e+00,-2.224272922069439606e-02,4.000000000000000000e+00,1.249772619980449653e-02,1.615969544404638114e+01,-6.741332746051892366e-02
5.039075839349352037e+01,0.000000000000000000e+00,0.000000000000000000e+00,4.000000000000000000e+00,0.000000000000000000e+00,-2.337435777020977976e-02,4.000000000000000000e+00,1.249772619980449653e-02,1.617219317024618519e+01,-7.084428982868778979e-02
5.044073942797808030e+01,0.000000000000000000e+00,0.000000000000000000e+00,4.000000000000000000e+00,0.000000000000000000e+00,-2.512068966519506730e-02,4.000000000000000000e+00,1.249772619980449653e-02,1.618469089644598924e+01,-7.613931857110198265e-02
5.049072514893211405e+01,0.000000000000000000e+00,0.000000000000000000e+00,4.000000000000000000e+00,0.000000000000000000e+00,-2.717212541625967787e-02,4.000000000000000000e+00,1.249772619980449653e-02,1.619718862264579329e+01,-8.236004446322658934e-02
5.054071050831198164e+01,0.000000000000000000e+00,0.000000000000000000e+00,4.000000000000000000e+00,0.000000000000000000e+00,-2.934690526082613798e-02,4.000000000000000000e+00,1.249772619980449653e-02,1.620968634884559734e+01,-8.895555479410020838e-02
5.059069022363551227e+01,0.000000000000000000e+00,0.000000000000000000e+00,4.000000000000000000e+00,0.000000000000000000e+00,-3.156200210246505600e-02,4.000000000000000000e+00,1.249772619980449653e-02,1.622218407504540139e+01,-9.567420166035965623e-02
5.064066946297162275e+01,0.000000000000000000e+00,0.000000000000000000e+00,4.000000000000000000e+00,0.000000000000000000e+00,-3.378549161018140623e-02,4.000000000000000000e+00,1.249772619980449653e-02,1.623468180124520543e+01,-1.024192497123002643e-01
5.069064828477760898e+01,0.000000000000000000e+00,0.000000000000000000e+00,4.000000000000000000e+00,0.000000000000000000e+00,-3.600321284421974938e-02,4.000000000000000000e+00,1.249772619980449653e-02,1.624717952744500948e+01,-1.091478093285652151e-01
5.074062683273586316e+01,0.000000000000000000e+00,0.000000000000000000e+00,4.000000000000000000e+00,0.000000000000000000e+00,-3.820128324932733910e-02,4.000000000000000000e+00,1.249772619980449653e-02,1.625967725364481353e+01,-1.158178089853772880e-01
5.079060523411739325e+01,0.000000000000000000e+00,0.000000000000000000e+00,4.000000000000000000e+00,0.000000000000000000e+00,-4.034803222667907030e-02,4.000000000000000000e+00,1.249772619980449653e-02,1.627217497984461758e+01,-1.223331561752128288e-01
5.084058362626409178e+01,0.000000000000000000e+00,0.000000000000000000e+00,4.000000000000000000e+00,0.000000000000000000e+00,-4.235421112664047166e-02,4.000000000000000000e+00,1.249772619980449653e-02,1.628467270604442163e+01,-1.284228952285851322e-01
5.089056217250010405e+01,0.000000000000000000e+00,0.000000000000000000e+00,4.000000000000000000e+00,0.000000000000000000e+00,-4.399790190780818872e-02,4.000000000000000000e+00,1.249772619980449653e-02,1.629717043224422568e+01,-1.334130742836014960e-01
5.094054101067543172e+01,0.000000000000000000e+00,0.000000000000000000e+00,4.000000000000000000e+00,0.000000000000000000e+00,-4.484194076315295430e-02,4.000000000000000000e+00,1.249772619980449653e-02,1.630966815844402973e+01,-1.359758212438685054e-01
5.099052031447639166e+01,0.000000000000000000e+00,0.000000000000000000e+00,4.000000000000000000e+00,0.000000000000000000e+00,-4.423258924399061515e-02,4.000000000000000000e+00,1.249772619980449653e-02,1.632216588464383378e+01,-1.341256338848685337e-01
5.104050027748905194e+01,0.000000000000000000e+00,0.000000000000000000e+00,4.000000000000000000e+00,0.000000000000000000e+00,-4.147602339758731105e-02,4.000000000000000000e+00,1.249772619980449653e-02,1.633466361084363783e+01,-1.257570392811668269e-01
5.109048111669543601e+01,0.000000000000000000e+00,0.000000000000000000e+00,4.000000000000000000e+00,0.000000000000000000e+00,-3.617429018906546945e-02,4.000000000000000000e+00,1.249772619980449653e-02,1.634716133704344188e+01,-1.096669012972206342e-01
5.114046307233950728e+01,0.000000000000000000e+00,0.000000000000000000e+00,4.000000000000000000e+00,0.000000000000000000e+00,-2.855417870252191168e-02,4.000000000000000000e+00,1.249772619980449653e-02,1.635965906324324592e+01,-8.655133848390653140e-02
5.119044640419502912e+01,0.000000000000000000e+00,0.000000000000000000e+00,4.000000000000000000e+00,0.000000000000000000e+00,-1.957974450511582032e-02,4.000000000000000000e+00,1.249772619980449653e-02,1.637215678944304997e+01,-5.934014230569918669e-02
5.124043138552435295e+01,0.000000000000000000e+00,0.000000000000000000e+00,4.000000000000000000e+00,0.000000000000000000e+00,-1.072566448565953103e-02,4.000000000000000000e+00,1.249772619980449653e-02,1.638465451564285402e+01,-3.250325999282861061e-02
5.129041821218302744e+01,0.000000000000000000e+00,0.000000000000000000e+00,4.000000000000000000e+00,0.000000000000000000e+00,-3.460770002818086642e-03,4.000000000000000000e+00,1.249772619980449653e-02,1.639715224184265807e+01,-1.048722369499948195e-02
5.134040876573975964e+01,0.000000000000000000e+00,0.000000000000000000e+00,4.000000000000000000e+00,0.000000000000000000e+00,1.298675883913141468e-03,4.000000000000000000e+00,1.249772619980449653e-02,1.640964996804246212e+01,3.935383678822695734e-03
5.139040461572336937e+01,0.000000000000000000e+00,0.000000000000000000e+00,4.000000000000000000e+00,0.000000000000000000e+00,3.454519723686748627e-03,4.000000000000000000e+00,1.249772619980449653e-02,1.642214769424226617e+01,1.046828322876928140e-02
5.144039887279638634e+01,0.000000000000000000e+00,0.000000000000000000e+00,4.000000000000000000e+00,0.000000000000000000e+00,3.585831486987899486e-03,4.000000000000000000e+00,1.249772619980449653e-02,1.643464542044207022e+01,1.086620259443866338e-02
5.149039121014255471e+01,0.000000000000000000e+00,0.000000000000000000e+00,4.000000000000000000e+00,0.000000000000000000e+00,2.487254468649217030e-03,4.000000000000000000e+00,1.249772619980449653e-02,1.644714314664187427e+01,7.537150296185160872e-03
5.154038210545079579e+01,0.000000000000000000e+00,0.000000000000000000e+00,4.000000000000000000e+00,0.000000000000000000e+00,6.170861143009563751e-04,4.000000000000000000e+00,1.249772619980449653e-02,1.645964087284167832e+01,1.869958159481191831e-03
5.159036846455415315e+01,0.000000000000000000e+00,0.000000000000000000e+00,4.000000000000000000e+00,0.000000000000000000e+00,-2.185332662158334573e-03,4.000000000000000000e+00,1.249772619980449653e-02,1.647213859904148237e+01,-6.622230730244346546e-03
5.164035972164730026e+01,0.000000000000000000e+00,0.000000000000000000e+00,4.000000000000000000e+00,0.000000000000000000e+00,-6.513908944217551913e-03,4.000000000000000000e+00,1.249772619980449653e-02,1.648463632524128641e+01,-1.973939720108846760e-02
5.169036047335101358e+01,0.000000000000000000e+00,0.000000000000000000e+00,4.000000000000000000e+00,0.000000000000000000e+00,-1.296115593884925553e-02,4.000000000000000000e+00,1.249772619980449653e-02,1.649713405144109046e+01,-3.927842962395682036e-02
5.174034719847620067e+01,0.000000000000000000e+00,0.000000000000000000e+00,4.000000000000000000e+00,0.000000000000000000e+00,-2.171782701665303517e-02,4.000000000000000000e+00,1.249772619980449653e-02,1.650963177764089451e+01,-6.582194595991287811e-02
5.179033477021530985e+01,0.000000000000000000e+00,0.000000000000000000e+00,4.000000000000000000e+00,0.000000000000000000e+00,-3.225310092201104373e-02,4.000000000000000000e+00,1.249772619980449653e-02,1.652212950384069856e+01,-9.777057416662074396e-02
5.184033092458908953e+01,0.000000000000000000e+00,0.000000000000000000e+00,4.000000000000000000e+00,0.000000000000000000e+00,-4.321778578258725356e-02,4.000000000000000000e+00,1.249772619980449653e-02,1.653462723004050261e+01,-1.310445847350292514e-01
5.189032002110999287e+01,0.000000000000000000e+00,0.000000000000000000e+00,4.000000000000000000e+00,0.000000000000000000e+00,-5.280334297086310830e-02,4.000000000000000000e+00,1.249772619980449653e-02,1.654712495624030666e+01,-1.601590093016003191e-01
5.194030550700926341e+01,0.000000000000000000e+00,0.000000000000000000e+00,4.000000000000000000e+00,0.000000000000000000e+00,-5.938374643886758925e-02,4.000000000000000000e+00,1.249772619980449653e-02,1.655962268244011071e+01,-1.801625734506460408e-01
5.199029287760163243e+01,0.000000000000000000e+00,0.000000000000000000e+00,4.000000000000000000e+00,0.000000000000000000e+00,-6.202067064946209518e-02,4.000000000000000000e+00,1.249772619980449653e-02,1.657212040863991476e+01,-1.881827737763651920e-01
5.204028069215436147e+01,0.000000000000000000e+00,0.000000000000000000e+00,4.000000000000000000e+00,0.000000000000000000e+00,-6.071046217502350240e-02,4.000000000000000000e+00,1.249772619980449653e-02,1.658461813483971881e+01,-1.841974556774943206e-01
5.209027719820426228e+01,0.000000000000000000e+00,0.000000000000000000e+00,4.000000000000000000e+00,0.000000000000000000e+00,-5.638741243221991745e-02,4.000000000000000000e+00,1.249772619980449653e-02,1.659711586103952285e+01,-1.710522744025587960e-01
5.214027989606788083e+01,0.000000000000000000e+00,0.000000000000000000e+00,4.000000000000000000e+00,0.000000000000000000e+00,-5.057596519650552069e-02,4.000000000000000000e+00,1.249772619980449653e-02,1.660961358723932690e+01,-1.533913108934226721e-01
5.219027545472646779e+01,0.000000000000000000e+00,0.000000000000000000e+00,4.000000000000000000e+00,0.000000000000000000e+00,-4.478028673180213526e-02,4.000000000000000000e+00,1.249772619980449653e-02,1.662211131343913095e+01,-1.357886151808286312e-01
5.224027181937677966e+01,0.000000000000000000e+00,0.000000000000000000e+00,4.000000000000000000e+00,0.000000000000000000e+00,-3.999588798905887033e-02,4.000000000000000000e+00,1.249772619980449653e-02,1.663460903963893500e+01,-1.212643284818469419e-01
5.229026893067465664e+01,0.000000000000000000e+00,0.000000000000000000e+00,4.000000000000000000e+00,0.000000000000000000e+00,-3.657638764405745507e-02,4.000000000000000000e+00,1.249772619980449653e-02,1.664710676583873905e+01,-1.108869921199533426e-01
5.234026667677792233e+01,0.000000000000000000e+00,0.000000000000000000e+00,4.000000000000000000e+00,0.000000000000000000e+00,-3.438059861597857897e-02,4.000000000000000000e+00,1.249772619980449653e-02,1.665960449203854310e+01,-1.042247008261828756e-01
5.239026499832066719e+01,0.000000000000000000e+00,0.000000000000000000e+00,4.000000000000000000e+00,0.000000000000000000e+00,-3.306635508511013982e-02,4.000000000000000000e+00,1.249772619980449653e-02,1.667210221823834715e+01,-1.002376114068267571e-01
5.244026379496001766e+01,0.000000000000000000e+00,0.000000000000000000e+00,4.000000000000000000e+00,0.000000000000000000e+00,-3.242744205876955943e-02,4.000000000000000000e+00,1.249772619980449653e-02,1.668459994443815120e+01,-9.829943358062107062e-02
5.249026296347787479e+01,0.000000000000000000e+00,0.000000000000000000e+00,4.000000000000000000e+00,0.000000000000000000e+00,-3.262698828599028961e-02,4.000000000000000000e+00,1.249772619980449653e-02,1.669709767063795525e+01,-9.890475934042497475e-02
5.254026246153868129e+01,0.000000000000000000e+00,0.000000000000000000e+00,4.000000000000000000e+00,0.000000000000000000e+00,-3.419823754976793195e-02,4.000000000000000000e+00,1.249772619980449653e-02,1.670959539683775930e+01,-1.036714412852472317e-01
5.259026219319081719e+01,0.000000000000000000e+00,0.000000000000000000e+00,4.000000000000000000e+00,0.000000000000000000e+00,-3.779303859502484292e-02,4.000000000000000000e+00,1.249772619980449653e-02,1.672209312303756334e+01,-1.145789161217576901e-01
5.264026207683876635e+01,0.000000000000000000e+00,0.000000000000000000e+00,4.000000000000000000e+00,0.000000000000000000e+00,-4.377598947447083888e-02,4.000000000000000000e+00,1.249772619980449653e-02,1.673459084923736739e+01,-1.327393154920060159e-01
5.269026202659178182e+01,0.000000000000000000e+00,0.000000000000000000e+00,4.000000000000000000e+00,0.000000000000000000e+00,-5.182490057133460476e-02,4.000000000000000000e+00,1.249772619980449653e-02,1.674708857543717144e+01,-1.571859028141641135e-01
5.274026195784129101e+01,0.000000000000000000e+00,0.000000000000000000e+00,4.000000000000000000e+00,0.000000000000000000e+00,-6.069493768080565232e-02,4.000000000000000000e+00,1.249772619980449653e-02,1.675958630163697549e+01,-1.841502379806126133e-01
5.279026180287644365e+01,0.000000000000000000e+00,0.000000000000000000e+00,4.000000000000000000e+00,0.000000000000000000e+00,-6.827748934611467535e-02,4.000000000000000000e+00,1.249772619980449653e-02,1.677208402783677954e+01,-2.072235957161062125e-01
5.284026015922255937e+01,0.000000000000000000e+00,0.000000000000000000e+00,4.000000000000000000e+00,0.000000000000000000e+00,-7.205005644966594458e-02,4.000000000000000000e+00,1.249772619980449653e-02,1.678458175403658359e+01,-2.187120956210388822e-01
5.289028276755823299e+01,0.000000000000000000e+00,0.000000000000000000e+00,4.000000000000000000e+00,0.000000000000000000e+00,-6.984770566540879355e-02,4.000000000000000000e+00,1.249772619980449653e-02,1.679707948023638764e+01,-2.120045954050353842e-01
5.294033712795405933e+01,0.000000000000000000e+00,0.000000000000000000e+00,4.000000000000000000e+00,0.000000000000000000e+00,-6.062842245731208529e-02,4.000000000000000000e+00,1.249772619980449653e-02,1.680957720643619169e+01,-1.839479331606739265e-01
5.299039088709731971e+01,0.000000000000000000e+00,0.000000000000000000e+00,4.000000000000000000e+00,0.000000000000000000e+00,-4.485738274955916594e-02,4.000000000000000000e+00,1.249772619980449653e-02,1.682207493263599574e+01,-1.360227093939953558e-01
5.304044184673031026e+01,0.000000000000000000e+00,0.000000000000000000e+00,4.000000000000000000e+00,0.000000000000000000e+00,-2.436795625356530381e-02,4.000000000000000000e+00,1.249772619980449653e-02,1.683457265883579979e+01,-7.385691093410755304e-02
5.309048797193413805e+01,0.000000000000000000e+00,0.000000000000000000e+00,4.000000000000000000e+00,0.000000000000000000e+00,-1.791235678665723625e-03,4.000000000000000000e+00,1.249772619980449653e-02,1.684707038503560383e+01,-5.427992710332790391e-03
5.314052731700233778e+01,0.000000000000000000e+00,0.000000000000000000e+00,4.000000000000000000e+00,-1.106238115159910329e+00,2.022910772346709490e-02,4.000000000000000000e+00,1.251939952908945504e-02,1.685956811123540788e+01,6.130868951146899865e-02
5.319051670134937382e+01,0.000000000000000000e+00,0.000000000000000000e+00,3.986150563062006213e+00,-3.999999999999999556e+00,3.970993783850828435e-02,3.986150563062006213e+00,1.262107059155492990e-02,1.687208751076449786e+01,1.203964351621837070e-01
5.324046475325410910e+01,0.000000000000000000e+00,0.000000000000000000e+00,3.935666280695786501e+00,-4.000000000000012434e+00,5.559450674695557565e-02,3.935666280695786501e+00,1.278508336937707497e-02,1.688470858135605113e+01,1.686419814291482688e-01
5.329041516533040124e+01,0.000000000000000000e+00,0.000000000000000000e+00,3.884525947218278041e+00,-4.000000000000001776e+00,6.759304275688526875e-02,3.884525947218278041e+00,1.295566146579340584e-02,1.689749366472542746e+01,2.051399132335140485e-01
5.334036803535201443e+01,0.000000000000000000e+00,0.000000000000000000e+00,3.832703301355104397e+00,-4.000000000000006217e+00,7.584350062878665588e-02,3.832703301355104397e+00,1.313325494099990866e-02,1.691044932619121965e+01,2.302704826252308656e-01
5.339032343822591287e+01,0.000000000000000000e+00,0.000000000000000000e+00,3.780170281591104686e+00,-3.099897509211326341e+00,8.065218963960781029e-02,3.780170281591104686e+00,1.329700730904006742e-02,1.692358258113221936e+01,2.449318807582947510e-01
5.344027961575116592e+01,0.000000000000000000e+00,0.000000000000000000e+00,3.738950921753846579e+00,1.120974934699126013e+00,8.243225951685761999e-02,3.738950921753846579e+00,1.334361160262467240e-02,1.693687958844125774e+01,2.503620593882212031e-01
5.349021135681854844e+01,0.000000000000000000e+00,0.000000000000000000e+00,3.753908775898749273e+00,2.499999999999982236e+00,8.177957867583279805e-02,3.753908775898749273e+00,1.325849221457096536e-02,1.695022320004388305e+01,2.483708451880291546e-01
5.354015088834151470e+01,0.000000000000000000e+00,0.000000000000000000e+00,3.787055006435176452e+00,2.499999999999979128e+00,7.950385525062456105e-02,3.787055006435176452e+00,1.314344969305836046e-02,1.696348169225845481e+01,2.414296692573233150e-01
5.359011549858816181e+01,0.000000000000000000e+00,0.000000000000000000e+00,3.819913630667822080e+00,2.499999999999980904e+00,7.650604530134873238e-02,3.819913630667822080e+00,1.303135083184773189e-02,1.697662514195151218e+01,2.322898889812260725e-01
5.364008334104912024e+01,0.000000000000000000e+00,0.000000000000000000e+00,3.852492007747441161e+00,2.499999999999997780e+00,7.357144099558794725e-02,3.852492007747441161e+00,1.292207219684798902e-02,1.698965649278336087e+01,2.233468802056458313e-01
5.369005440956383524e+01,0.000000000000000000e+00,0.000000000000000000e+00,3.884797188239561105e+00,2.500000000000000444e+00,7.119698696257974191e-02,3.884797188239561105e+00,1.281549748088028733e-02,1.700257856498020814e+01,2.161137297554547587e-01
5.374002862231751010e+01,0.000000000000000000e+00,0.000000000000000000e+00,3.916835931941761828e+00,2.500000000000008882e+00,6.952157055722399392e-02,3.916835931941761828e+00,1.271151698317836073e-02,1.701539406246108754e+01,2.110114925336568914e-01
5.379000584690002995e+01,0.000000000000000000e+00,0.000000000000000000e+00,3.948614724399707843e+00,2.500000000000021760e+00,6.839696486764275385e-02,3.948614724399707843e+00,1.261002713460939242e-02,1.702810557944426506e+01,2.075873387804723913e-01
5.383998600436965631e+01,0.000000000000000000e+00,0.000000000000000000e+00,3.980139792236231600e+00,1.585160689672157952e+00,6.756733714277179947e-02,3.980139792236231600e+00,1.252882934403065293e-02,1.704071560657887474e+01,2.050616605906630807e-01
5.388996900388291067e+01,0.000000000000000000e+00,0.000000000000000000e+00,4.000000000000000000e+00,0.000000000000000000e+00,6.683184609447211100e-02,4.000000000000000000e+00,1.249772619980449653e-02,1.705324443592290606e+01,2.028228047538693235e-01
5.393995474645101496e+01,0.000000000000000000e+00,0.000000000000000000e+00,4.000000000000000000e+00,0.000000000000000000e+00,6.609615027243126439e-02,4.000000000000000000e+00,1.249772619980449653e-02,1.706574216212271011e+01,2.005835460876794485e-01
5.398994314542986928e+01,0.000000000000000000e+00,0.000000000000000000e+00,4.000000000000000000e+00,0.000000000000000000e+00,6.533752025266151287e-02,4.000000000000000000e+00,1.249772619980449653e-02,1.707823988832251416e+01,1.982747102993760724e-01
5.403993411868759011e+01,0.000000000000000000e+00,0.000000000000000000e+00,4.000000000000000000e+00,0.000000000000000000e+00,6.455856629938976077e-02,4.000000000000000000e+00,1.249772619980449653e-02,1.709073761452231821e+01,1.959042585510560597e-01
5.408992756707139193e+01,0.000000000000000000e+00,0.000000000000000000e+00,4.000000000000000000e+00,0.000000000000000000e+00,6.376405828956714650e-02,4.000000000000000000e+00,1.249772619980449653e-02,1.710323534072212226e+01,1.934867198234473396e-01
5.413992342027488291e+01,0.000000000000000000e+00,0.000000000000000000e+00,4.000000000000000000e+00,0.000000000000000000e+00,6.295622286262962664e-02,4.000000000000000000e+00,1.249772619980449653e-02,1.711573306692192631e+01,1.910288797258542504e-01
5.418992159333351566e+01,0.000000000000000000e+00,0.000000000000000000e+00,4.000000000000000000e+00,0.000000000000000000e+00,6.213584085680400049e-02,4.000000000000000000e+00,1.249772619980449653e-02,1.712823079312173036e+01,1.885331228151385652e-01
5.423992198974649170e+01,0.000000000000000000e+00,0.000000000000000000e+00,4.000000000000000000e+00,0.000000000000000000e+00,6.130353354725977255e-02,4.000000000000000000e+00,1.249772619980449653e-02,1.714072851932153441e+01,1.860013472025871251e-01
5.428992453662226580e+01,0.000000000000000000e+00,0.000000000000000000e+00,4.000000000000000000e+00,0.000000000000000000e+00,6.046008848766477178e-02,4.000000000000000000e+00,1.249772619980449653e-02,1.715322624552133846e+01,1.834359558053901829e-01
5.433992915397215739e+01,0.000000000000000000e+00,0.000000000000000000e+00,4.000000000000000000e+00,0.000000000000000000e+00,5.960656154287315156e-02,4.000000000000000000e+00,1.249772619980449653e-02,1.716572397172114250e+01,1.808401663673392945e-01
5.438993573995235664e+01,0.000000000000000000e+00,0.000000000000000000e+00,4.000000000000000000e+00,0.000000000000000000e+00,5.874408231093098537e-02,4.000000000000000000e+00,1.249772619980449653e-02,1.717822169792094655e+01,1.782174193662743600e-01
5.443994423044338049e+01,0.000000000000000000e+00,0.000000000000000000e+00,4.000000000000000000e+00,0.000000000000000000e+00,5.787365886268722170e-02,4.000000000000000000e+00,1.249772619980449653e-02,1.719071942412075060e+01,1.755707842190864509e-01
5.448995454729031707e+01,0.000000000000000000e+00,0.000000000000000000e+00,4.000000000000000000e+00,0.000000000000000000e+00,5.699616614686611044e-02,4.000000000000000000e+00,1.249772619980449653e-02,1.720321715032055465e+01,1.729029242295088975e-01
5.453996658324463453e+01,0.000000000000000000e+00,0.000000000000000000e+00,4.000000000000000000e+00,0.000000000000000000e+00,5.611241976791097458e-02,4.000000000000000000e+00,1.249772619980449653e-02,1.721571487652035870e+01,1.702163210810893612e-01
5.458998031506273918e+01,0.000000000000000000e+00,0.000000000000000000e+00,4.000000000000000000e+00,0.000000000000000000e+00,5.522309425057292387e-02,4.000000000000000000e+00,1.249772619980449653e-02,1.722821260272016275e+01,1.675130265042094890e-01
5.463999557632535442e+01,0.000000000000000000e+00,0.000000000000000000e+00,4.000000000000000000e+00,0.000000000000000000e+00,5.432850307700903825e-02,4.000000000000000000e+00,1.249772619980449653e-02,1.724071032891996680e+01,1.647939939807196996e-01
5.469001237889933975e+01,0.000000000000000000e+00,0.000000000000000000e+00,4.000000000000000000e+00,0.000000000000000000e+00,5.342837323653715220e-02,4.000000000000000000e+00,1.249772619980449653e-02,1.725320805511977085e+01,1.620583941580949205e-01
5.474003062070246273e+01,0.000000000000000000e+00,0.000000000000000000e+00,4.000000000000000000e+00,0.000000000000000000e+00,5.252118371683385523e-02,4.000000000000000000e+00,1.249772619980449653e-02,1.726570578131957490e+01,1.593016056010597425e-01
5.479005015182694649e+01,0.000000000000000000e+00,0.000000000000000000e+00,4.000000000000000000e+00,0.000000000000000000e+00,5.160142639102446166e-02,4.000000000000000000e+00,1.249772619980449653e-02,1.727820350751937895e+01,1.565068941037173755e-01
5.484007096476977239e+01,0.000000000000000000e+00,0.000000000000000000e+00,4.000000000000000000e+00,0.000000000000000000e+00,5.064823831004562626e-02,4.000000000000000000e+00,1.249772619980449653e-02,1.729070123371918299e+01,1.536108822991827660e-01
5.489009302979823701e+01,0.000000000000000000e+00,0.000000000000000000e+00,4.000000000000000000e+00,0.000000000000000000e+00,4.959034132257880700e-02,4.000000000000000000e+00,1.249772619980449653e-02,1.730319895991898704e+01,1.503970673878406439e-01
5.494011624159624319e+01,0.000000000000000000e+00,0.000000000000000000e+00,4.000000000000000000e+00,0.000000000000000000e+00,4.822860545157369588e-02,4.000000000000000000e+00,1.249772619980449653e-02,1.731569668611879109e+01,1.462607075588812366e-01
5.499014044209863528e+01,0.000000000000000000e+00,0.000000000000000000e+00,4.000000000000000000e+00,0.000000000000000000e+00,4.612297028534502463e-02,4.000000000000000000e+00,1.249772619980449653e-02,1.732819441231859514e+01,1.398657708326213334e-01
5.504016564895785280e+01,0.000000000000000000e+00,0.000000000000000000e+00,4.000000000000000000e+00,0.000000000000000000e+00,4.251450343328781745e-02,4.000000000000000000e+00,1.249772619980449653e-02,1.734069213851839919e+01,1.289095051926321678e-01
5.509019185325376355e+01,0.000000000000000000e+00,0.000000000000000000e+00,4.000000000000000000e+00,0.000000000000000000e+00,3.640510743740868471e-02,4.000000000000000000e+00,1.249772619980449653e-02,1.735318986471820324e+01,1.103672694470185511e-01
5.514021890653487645e+01,0.000000000000000000e+00,0.000000000000000000e+00,4.000000000000000000e+00,0.000000000000000000e+00,2.686811711869656338e-02,4.000000000000000000e+00,1.249772619980449653e-02,1.736568759091800729e+01,8.143813427996125787e-02
5.519024675124133239e+01,0.000000000000000000e+00,0.000000000000000000e+00,4.000000000000000000e+00,0.000000000000000000e+00,1.351624507439956602e-02,4.000000000000000000e+00,1.249772619980449653e-02,1.737818531711781134e+01,4.096081279933525693e-02
5.524027538269948678e+01,0.000000000000000000e+00,0.000000000000000000e+00,4.000000000000000000e+00,0.000000000000000000e+00,-3.088419664989473009e-03,4.000000000000000000e+00,1.249772619980449653e-02,1.739068304331761539e+01,-9.358877225722596685e-03
5.529030474388414973e+01,0.000000000000000000e+00,0.000000000000000000e+00,4.000000000000000000e+00,0.000000000000000000e+00,-2.134291295910393030e-02,4.000000000000000000e+00,1.249772619980449653e-02,1.740318076951741944e+01,-6.468531593068706231e-02
5.534033472500656359e+01,0.000000000000000000e+00,0.000000000000000000e+00,4.000000000000000000e+00,0.000000000000000000e+00,-3.898329227768134592e-02,4.000000000000000000e+00,1.249772619980449653e-02,1.741567849571722348e+01,-1.181910663262316641e-01
5.539030918777626056e+01,0.000000000000000000e+00,0.000000000000000000e+00,4.000000000000000000e+00,0.000000000000000000e+00,-5.382589195521782222e-02,4.000000000000000000e+00,1.249772619980449653e-02,1.742817622191702753e+01,-1.632664672831588837e-01
5.544022622736314787e+01,0.000000000000000000e+00,0.000000000000000000e+00,4.000000000000000000e+00,0.000000000000000000e+00,-6.451263754646051340e-02,4.000000000000000000e+00,1.249772619980449653e-02,1.744067394811683158e+01,-1.957644992437874154e-01
5.549013600795962020e+01,0.000000000000000000e+00,0.000000000000000000e+00,4.000000000000000000e+00,-3.680363079351842259e+00,-7.087821350899584094e-02,4.000000000000000000e+00,1.257042048809774680e-02,1.745317167431663563e+01,-2.151428584732758276e-01
5.554004230053614322e+01,0.000000000000000000e+00,0.000000000000000000e+00,3.953736288543677091e+00,-1.220537873163659581e+00,-7.375273707482235541e-02,3.953736288543677091e+00,1.266873848874008716e-02,1.746574209480473172e+01,-2.238992540860434699e-01
5.558998481018074500e+01,0.000000000000000000e+00,0.000000000000000000e+00,3.938273613412963670e+00,1.723790005063748465e+00,-7.433089168414129533e-02,3.938273613412963670e+00,1.265854046822758282e-02,1.747841083329347356e+01,-2.256608777209245797e-01
5.563996142402690026e+01,0.000000000000000000e+00,0.000000000000000000e+00,3.960094278950789359e+00,2.500000000000016875e+00,-7.351695801323605839e-02,3.960094278950789359e+00,1.257376136730714924e-02,1.749106937376170023e+01,-2.231808840450175135e-01
5.568990108333142786e+01,0.000000000000000000e+00,0.000000000000000000e+00,3.991528682369057446e+00,6.771109474517366111e-01,-7.161410775718604627e-02,3.991528682369057446e+00,1.251097425440219485e-02,1.750364313512900694e+01,-2.173841989876487690e-01
5.573984105107517451e+01,0.000000000000000000e+00,0.000000000000000000e+00,4.000000000000000000e+00,0.000000000000000000e+00,-6.841110655980661703e-02,4.000000000000000000e+00,1.249772619980449653e-02,1.751615410938340744e+01,-2.076303935371047182e-01
5.578980973317222691e+01,0.000000000000000000e+00,0.000000000000000000e+00,4.000000000000000000e+00,0.000000000000000000e+00,-6.353683204117066552e-02,4.000000000000000000e+00,1.249772619980449653e-02,1.752865183558321149e+01,-1.927953582440183056e-01
5.583975515905030562e+01,0.000000000000000000e+00,0.000000000000000000e+00,4.000000000000000000e+00,0.000000000000000000e+00,-5.692323208294125525e-02,4.000000000000000000e+00,1.249772619980449653e-02,1.754114956178301554e+01,-1.726811933067131100e-01
5.588970893166684561e+01,0.000000000000000000e+00,0.000000000000000000e+00,4.000000000000000000e+00,0.000000000000000000e+00,-4.911000294886745665e-02,4.000000000000000000e+00,1.249772619980449653e-02,1.755364728798281959e+01,-1.489379458118389732e-01
5.593968685240855621e+01,0.000000000000000000e+00,0.000000000000000000e+00,4.000000000000000000e+00,0.000000000000000000e+00,-4.117349525684267653e-02,4.000000000000000000e+00,1.249772619980449653e-02,1.756614501418262364e+01,-1.248387199783140833e-01
5.598966468219028059e+01,0.000000000000000000e+00,0.000000000000000000e+00,4.000000000000000000e+00,0.000000000000000000e+00,-3.438598260918238059e-02,4.000000000000000000e+00,1.249772619980449653e-02,1.757864274038242769e+01,-1.042410352602372303e-01
5.603964267098035634e+01,0.000000000000000000e+00,0.000000000000000000e+00,4.000000000000000000e+00,0.000000000000000000e+00,-2.985439834877351775e-02,4.000000000000000000e+00,1.249772619980449653e-02,1.759114046658223174e+01,-9.049476092584701759e-02
5.608962114011335132e+01,0.000000000000000000e+00,0.000000000000000000e+00,4.000000000000000000e+00,0.000000000000000000e+00,-2.822048564147267360e-02,4.000000000000000000e+00,1.249772619980449653e-02,1.760363819278203579e+01,-8.553933208357419882e-02
5.613961596940855259e+01,0.000000000000000000e+00,0.000000000000000000e+00,4.000000000000000000e+00,0.000000000000000000e+00,-2.946213020957330272e-02,4.000000000000000000e+00,1.249772619980449653e-02,1.761613591898183984e+01,-8.930502337827403436e-02
5.618961207983346640e+01,0.000000000000000000e+00,0.000000000000000000e+00,4.000000000000000000e+00,0.000000000000000000e+00,-3.293283459478080905e-02,4.000000000000000000e+00,1.249772619980449653e-02,1.762863364518164389e+01,-9.983256293290160288e-02
5.623959238866491717e+01,0.000000000000000000e+00,0.000000000000000000e+00,4.000000000000000000e+00,0.000000000000000000e+00,-3.765858334799701557e-02,4.000000000000000000e+00,1.249772619980449653e-02,1.764113137138144793e+01,-1.141708955441696344e-01
5.628957304977028286e+01,0.000000000000000000e+00,0.000000000000000000e+00,4.000000000000000000e+00,0.000000000000000000e+00,-4.269450441492270848e-02,4.000000000000000000e+00,1.249772619980449653e-02,1.765362909758125198e+01,-1.294559539973622053e-01
5.633955422071557706e+01,0.000000000000000000e+00,0.000000000000000000e+00,4.000000000000000000e+00,0.000000000000000000e+00,-4.736401332709940654e-02,4.000000000000000000e+00,1.249772619980449653e-02,1.766612682378105603e+01,-1.436347368301079674e-01
5.638953610803102379e+01,0.000000000000000000e+00,0.000000000000000000e+00,4.000000000000000000e+00,0.000000000000000000e+00,-5.134467700587771327e-02,4.000000000000000000e+00,1.249772619980449653e-02,1.767862454998086008e+01,-1.557268006461179077e-01
5.643951893267615105e+01,0.000000000000000000e+00,0.000000000000000000e+00,4.000000000000000000e+00,0.000000000000000000e+00,-5.459534538296508671e-02,4.000000000000000000e+00,1.249772619980449653e-02,1.769112227618066413e+01,-1.656050102126896961e-01
5.648950294026508345e+01,0.000000000000000000e+00,0.000000000000000000e+00,4.000000000000000000e+00,0.000000000000000000e+00,-5.712835637463349603e-02,4.000000000000000000e+00,1.249772619980449653e-02,1.770362000238046818e+01,-1.733048078320766905e-01
5.653948835414416862e+01,0.000000000000000000e+00,0.000000000000000000e+00,4.000000000000000000e+00,0.000000000000000000e+00,-5.872201260423344504e-02,4.000000000000000000e+00,1.249772619980449653e-02,1.771611772858027223e+01,-1.781503102355529722e-01
5.658947543278424064e+01,0.000000000000000000e+00,0.000000000000000000e+00,4.000000000000000000e+00,0.000000000000000000e+00,-5.873250268313036371e-02,4.000000000000000000e+00,1.249772619980449653e-02,1.772861545478007628e+01,-1.781822082397397644e-01
5.663946444678659731e+01,0.000000000000000000e+00,0.000000000000000000e+00,4.000000000000000000e+00,0.000000000000000000e+00,-5.612683654332333710e-02,4.000000000000000000e+00,1.249772619980449653e-02,1.774111318097988033e+01,-1.702601461577242237e-01
5.668945568152821579e+01,0.000000000000000000e+00,0.000000000000000000e+00,4.000000000000000000e+00,0.000000000000000000e+00,-4.975891720133664847e-02,4.000000000000000000e+00,1.249772619980449653e-02,1.775361090717968438e+01,-1.509091659847818789e-01
5.673944943022885923e+01,0.000000000000000000e+00,0.000000000000000000e+00,4.000000000000000000e+00,0.000000000000000000e+00,-3.881145441541790364e-02,4.000000000000000000e+00,1.249772619980449653e-02,1.776610863337948842e+01,-1.176695568813322240e-01
5.678944599873394594e+01,0.000000000000000000e+00,0.000000000000000000e+00,4.000000000000000000e+00,0.000000000000000000e+00,-2.327015408881094594e-02,4.000000000000000000e+00,1.249772619980449653e-02,1.777860635957929247e+01,-7.052834927925386022e-02
5.683944572750569080e+01,0.000000000000000000e+00,0.000000000000000000e+00,4.000000000000000000e+00,0.000000000000000000e+00,-4.267773980095866324e-03,4.000000000000000000e+00,1.249772619980449653e-02,1.779110408577909652e+01,-1.293272694307070515e-02
5.688944921452927161e+01,0.000000000000000000e+00,0.000000000000000000e+00,4.000000000000000000e+00,0.000000000000000000e+00,1.590613917771099145e-02,4.000000000000000000e+00,1.249772619980449653e-02,1.780360181197890057e+01,4.820448714886932384e-02
5.693944206554319010e+01,0.000000000000000000e+00,0.000000000000000000e+00,4.000000000000000000e+00,0.000000000000000000e+00,3.427400635267909695e-02,4.000000000000000000e+00,1.249772619980449653e-02,1.781609953817870462e+01,1.039013130486314967e-01
5.698942277633948805e+01,0.000000000000000000e+00,0.000000000000000000e+00,4.000000000000000000e+00,0.000000000000000000e+00,4.799679771484326174e-02,4.000000000000000000e+00,1.249772619980449653e-02,1.782859726437850867e+01,1.455566313075743190e-01
5.703940383864222241e+01,0.000000000000000000e+00,0.000000000000000000e+00,4.000000000000000000e+00,0.000000000000000000e+00,5.519317776134843173e-02,4.000000000000000000e+00,1.249772619980449653e-02,1.784109499057831272e+01,1.674220935998417259e-01
5.708938685586424810e+01,0.000000000000000000e+00,0.000000000000000000e+00,4.000000000000000000e+00,0.000000000000000000e+00,5.542775093898797550e-02,4.000000000000000000e+00,1.249772619980449653e-02,1.785359271677811677e+01,1.681351004551403794e-01
5.713937380696425805e+01,0.000000000000000000e+00,0.000000000000000000e+00,4.000000000000000000e+00,0.000000000000000000e+00,4.973770973420717223e-02,4.000000000000000000e+00,1.249772619980449653e-02,1.786609044297792082e+01,1.508447416208474612e-01
5.718936785829824743e+01,0.000000000000000000e+00,0.000000000000000000e+00,4.000000000000000000e+00,0.000000000000000000e+00,4.018993092740878736e-02,4.000000000000000000e+00,1.249772619980449653e-02,1.787858816917772486e+01,1.218532835914588608e-01
5.723936344062638426e+01,0.000000000000000000e+00,0.000000000000000000e+00,4.000000000000000000e+00,0.000000000000000000e+00,2.911464691555665230e-02,4.000000000000000000e+00,1.249772619980449653e-02,1.789108589537752891e+01,8.825113991581777506e-02
5.728935475213609152e+01,0.000000000000000000e+00,0.000000000000000000e+00,4.000000000000000000e+00,0.000000000000000000e+00,1.838226143883025729e-02,4.000000000000000000e+00,1.249772619980449653e-02,1.790358362157733296e+01,5.571009763720500413e-02
5.733934603354751403e+01,0.000000000000000000e+00,0.000000000000000000e+00,4.000000000000000000e+00,0.000000000000000000e+00,9.085880445492208399e-03,4.000000000000000000e+00,1.249772619980449653e-02,1.791608134777713701e+01,2.753372871713588230e-02
5.738933728752011376e+01,0.000000000000000000e+00,0.000000000000000000e+00,4.000000000000000000e+00,0.000000000000000000e+00,1.664756183059575836e-03,4.000000000000000000e+00,1.249772619980449653e-02,1.792857907397694106e+01,5.044720366576785353e-03
5.743932851129604700e+01,0.000000000000000000e+00,0.000000000000000000e+00,4.000000000000000000e+00,0.000000000000000000e+00,-3.775470273214238080e-03,4.000000000000000000e+00,1.249772619980449653e-02,1.794107680017674511e+01,-1.144087336986515137e-02
5.748931970903092292e+01,0.000000000000000000e+00,0.000000000000000000e+00,4.000000000000000000e+00,0.000000000000000000e+00,-7.183280104035779344e-03,4.000000000000000000e+00,1.249772619980449653e-02,1.795357452637654916e+01,-2.176788987223556709e-02
5.753931088560327112e+01,0.000000000000000000e+00,0.000000000000000000e+00,4.000000000000000000e+00,0.000000000000000000e+00,-8.456678136622434311e-03,4.000000000000000000e+00,1.249772619980449653e-02,1.796607225257635321e+01,-2.562690829285970903e-02
5.758930179695796170e+01,0.000000000000000000e+00,0.000000000000000000e+00,4.000000000000000000e+00,0.000000000000000000e+00,-7.569734817537618170e-03,4.000000000000000000e+00,1.249772619980449653e-02,1.797856997877615726e+01,-2.293902850006129118e-02
5.763928807573353907e+01,0.000000000000000000e+00,0.000000000000000000e+00,4.000000000000000000e+00,0.000000000000000000e+00,-4.815864049339540695e-03,4.000000000000000000e+00,1.249772619980449653e-02,1.799106770497596131e+01,-1.459364024364232654e-02
5.768927642451804871e+01,0.000000000000000000e+00,0.000000000000000000e+00,4.000000000000000000e+00,0.000000000000000000e+00,-9.012160592481117732e-04,4.000000000000000000e+00,1.249772619980449653e-02,1.800356543117576535e+01,-2.730958494650092497e-03
5.773926807755668733e+01,0.000000000000000000e+00,0.000000000000000000e+00,4.000000000000000000e+00,0.000000000000000000e+00,3.243071780554637133e-03,4.000000000000000000e+00,1.249772619980449653e-02,1.801606315737556940e+01,9.827524697840529094e-03
5.778925982099412550e+01,0.000000000000000000e+00,0.000000000000000000e+00,4.000000000000000000e+00,0.000000000000000000e+00,6.780456839809133503e-03,4.000000000000000000e+00,1.249772619980449653e-02,1.802856088357537345e+01,2.054715379183533197e-02
5.783925163474911102e+01,0.000000000000000000e+00,0.000000000000000000e+00,4.000000000000000000e+00,0.000000000000000000e+00,9.209896566348577812e-03,4.000000000000000000e+00,1.249772619980449653e-02,1.804105860977517750e+01,2.790956659514374008e-02
5.788924350537659791e+01,0.000000000000000000e+00,0.000000000000000000e+00,4.000000000000000000e+00,0.000000000000000000e+00,1.044256848944473057e-02,4.000000000000000000e+00,1.249772619980449653e-02,1.805355633597498155e+01,3.164529722347882851e-02
5.793923542279036809e+01,0.000000000000000000e+00,0.000000000000000000e+00,4.000000000000000000e+00,0.000000000000000000e+00,1.071432876487611596e-02,4.000000000000000000e+00,1.249772619980449653e-02,1.806605406217478560e+01,3.246890537596370391e-02
5.798922736103217801e+01,0.000000000000000000e+00,0.000000000000000000e+00,4.000000000000000000e+00,0.000000000000000000e+00,1.038718340599370168e-02,4.000000000000000000e+00,1.249772619980449653e-02,1.807855178837458965e+01,3.147744543105529536e-02
5.803921930419088682e+01,0.000000000000000000e+00,0.000000000000000000e+00,4.000000000000000000e+00,0.000000000000000000e+00,9.756215102576414749e-03,4.000000000000000000e+00,1.249772619980449653e-02,1.809104951457439370e+01,2.956522623844602335e-02
5.808921124419278215e+01,0.000000000000000000e+00,0.000000000000000000e+00,4.000000000000000000e+00,0.000000000000000000e+00,8.948796997678398410e-03,4.000000000000000000e+00,1.249772619980449653e-02,1.810354724077419775e+01,2.711829054981275411e-02
5.813920316822252943e+01,0.000000000000000000e+00,0.000000000000000000e+00,4.000000000000000000e+00,0.000000000000000000e+00,7.892482573230531762e-03,4.000000000000000000e+00,1.249772619980449653e-02,1.811604496697400180e+01,2.391711046948764505e-02
5.818919505663775738e+01,0.000000000000000000e+00,0.000000000000000000e+00,4.000000000000000000e+00,0.000000000000000000e+00,6.287713284911881743e-03,4.000000000000000000e+00,1.249772619980449653e-02,1.812854269317380584e+01,1.905392772276674751e-02
5.823918690523726127e+01,0.000000000000000000e+00,0.000000000000000000e+00,4.000000000000000000e+00,0.000000000000000000e+00,3.599933746747742240e-03,4.000000000000000000e+00,1.249772619980449653e-02,1.814104041937360989e+01,1.090893726657493970e-02
5.828917871222599700e+01,0.000000000000000000e+00,0.000000000000000000e+00,4.000000000000000000e+00,0.000000000000000000e+00,-8.383813640575087708e-04,4.000000000000000000e+00,1.249772619980449653e-02,1.815353814557341394e+01,-2.540550183289860212e-03
5.833917045244366051e+01,0.000000000000000000e+00,0.000000000000000000e+00,4.000000000000000000e+00,0.000000000000000000e+00,-7.566879393498490182e-03,4.000000000000000000e+00,1.249772619980449653e-02,1.816603587177321799e+01,-2.293037520429769272e-02
5.838916211672103884e+01,0.000000000000000000e+00,0.000000000000000000e+00,4.000000000000000000e+00,0.000000000000000000e+00,-1.665751464060379050e-02,4.000000000000000000e+00,1.249772619980449653e-02,1.817853359797302204e+01,-5.048198630504033974e-02
5.843915369672837556e+01,0.000000000000000000e+00,0.000000000000000000e+00,4.000000000000000000e+00,0.000000000000000000e+00,-2.745861215621807697e-02,4.000000000000000000e+00,1.249772619980449653e-02,1.819103132417282609e+01,-8.322883417373121151e-02
5.848914520304785469e+01,0.000000000000000000e+00,0.000000000000000000e+00,4.000000000000000000e+00,0.000000000000000000e+00,-3.857467788401261477e-02,4.000000000000000000e+00,1.249772619980449653e-02,1.820352905037263014e+01,-1.169509769497623641e-01
5.853913638148218723e+01,0.000000000000000000e+00,0.000000000000000000e+00,4.000000000000000000e+00,-3.089304260221826248e-01,-4.816573464282011136e-02,4.000000000000000000e+00,1.250376363117280606e-02,1.821602677657243419e+01,-1.460697467041120190e-01
5.858912018084429718e+01,0.000000000000000000e+00,0.000000000000000000e+00,3.996137206974541112e+00,-4.000000000000011546e+00,-5.450384064185633676e-02,3.996137206974541112e+00,1.258912655102280807e-02,1.822853054020360730e+01,-1.653268963670398439e-01
5.863910355813911934e+01,0.000000000000000000e+00,0.000000000000000000e+00,3.945780700770449734e+00,-4.000000000000012434e+00,-5.653141886790045284e-02,3.945780700770449734e+00,1.275188094581787730e-02,1.824111966675463137e+01,-1.714900515467437381e-01
5.868931053403122888e+01,0.000000000000000000e+00,0.000000000000000000e+00,3.894773176987178065e+00,-4.000000000000008882e+00,-5.413419056560112019e-02,3.894773176987178065e+00,1.292111580823993022e-02,1.825387154770044873e+01,-1.642034330259780905e-01
5.873949368752193578e+01,0.000000000000000000e+00,0.000000000000000000e+00,3.843088713754218233e+00,-3.999999999999986677e+00,-4.804148593021543429e-02,3.843088713754218233e+00,1.309727296624190081e-02,1.826679266350868858e+01,-1.456923628765826317e-01
5.878965173139472711e+01,0.000000000000000000e+00,0.000000000000000000e+00,3.790699621889250803e+00,-3.999999999999982236e+00,-3.946998310692201306e-02,3.790699621889250803e+00,1.328083760675319649e-02,1.827988993647493032e+01,-1.196681587296926780e-01
5.884000115626547966e+01,0.000000000000000000e+00,0.000000000000000000e+00,3.737576271462238253e+00,-3.999999999999987121e+00,-2.968835339816782923e-02,3.737576271462238253e+00,1.347234390486433571e-02,1.829317077408168402e+01,-8.999114817004098821e-02
5.889029696822598225e+01,0.000000000000000000e+00,0.000000000000000000e+00,3.683686895842781084e+00,-4.000000000000011546e+00,-1.967456640990614472e-02,3.683686895842781084e+00,1.367238157287627327e-02,1.830664311798654964e+01,-5.962759213004673736e-02
5.894053948382018859e+01,0.000000000000000000e+00,0.000000000000000000e+00,3.628997369551275831e+00,-3.999999999999989342e+00,-9.984242639185328741e-03,3.628997369551275831e+00,1.388160351232040936e-02,1.832031549955942751e+01,-3.025628609846475400e-02
5.899064273939243463e+01,0.000000000000000000e+00,0.000000000000000000e+00,3.573470955501994339e+00,-3.999999999999988898e+00,-8.170323681774559503e-04,3.573470955501994339e+00,1.410073479544553081e-02,1.833419710307174810e+01,-2.475856212056409128e-03
5.904072041749097366e+01,0.000000000000000000e+00,0.000000000000000000e+00,3.517068016320212376e+00,-4.000000000000012434e+00,7.837959625482256512e-03,3.517068016320212376e+00,1.433058325809284488e-02,1.834829783786719304e+01,2.375187919438677062e-02
5.909085928406599919e+01,0.000000000000000000e+00,0.000000000000000000e+00,3.459745683287840823e+00,-4.000000000000015099e+00,1.608212675236129693e-02,3.459745683287840823e+00,1.457205205719708414e-02,1.836262842112528659e+01,4.873791927786388228e-02
5.914094847381543474e+01,0.000000000000000000e+00,0.000000000000000000e+00,3.401457475059052271e+00,-3.999999999999996447e+00,2.404146083366691389e-02,3.401457475059052271e+00,1.482615463863169725e-02,1.837720047318248362e+01,7.286695099249358709e-02
5.919098988125457339e+01,0.000000000000000000e+00,0.000000000000000000e+00,3.342152856504525538e+00,-3.999999999999989342e+00,3.183998453971306070e-02,3.342152856504525538e+00,1.509403268203339359e-02,1.839202662782111375e+01,9.651741979851691244e-02
5.924098460497894081e+01,0.000000000000000000e+00,0.000000000000000000e+00,3.281776725776392123e+00,-3.999999999999982681e+00,3.959233321081102180e-02,3.281776725776392123e+00,1.537697774873754072e-02,1.840712066050314633e+01,1.200394966128542351e-01
5.929093457919079668e+01,0.000000000000000000e+00,0.000000000000000000e+00,3.220268814781442224e+00,-3.999999999999982236e+00,4.740344028547894412e-02,3.220268814781442224e+00,1.567645757132714313e-02,1.842249763825188325e+01,1.437544811123925570e-01
5.934084237197609468e+01,0.000000000000000000e+00,0.000000000000000000e+00,3.157562984496133929e+00,-4.000000000000006217e+00,5.537194726251144089e-02,3.157562984496133929e+00,1.599414820893449787e-02,1.843817409582321076e+01,1.679654783429766485e-01
5.939070992149657258e+01,0.000000000000000000e+00,0.000000000000000000e+00,3.093586391660395840e+00,-3.999999999999988898e+00,6.360272768346640626e-02,3.093586391660395840e+00,1.633197368078680503e-02,1.845416824403214662e+01,1.929958511330248649e-01
5.944053874832984263e+01,0.000000000000000000e+00,0.000000000000000000e+00,3.028258496937248800e+00,-3.999999999999990674e+00,7.223671718219087934e-02,3.028258496937248800e+00,1.669215522467152810e-02,1.847050021771293515e+01,2.192806884124099964e-01
5.949033173887938375e+01,0.000000000000000000e+00,0.000000000000000000e+00,2.961489876038562841e+00,-3.999999999999987121e+00,8.150104464837763796e-02,2.961489876038562841e+00,1.707727307106515768e-02,1.848719237293760642e+01,2.475211519211362732e-01
5.954009136513244727e+01,0.000000000000000000e+00,0.000000000000000000e+00,2.893180783754302432e+00,-4.000000000000000000e+00,9.175367323439627409e-02,2.893180783754302432e+00,1.749034467428067785e-02,1.850426964600867308e+01,2.788243230517967741e-01
5.958981969127911071e+01,0.000000000000000000e+00,0.000000000000000000e+00,2.823219405057179721e+00,-3.999999999999996003e+00,1.034559194075664601e-01,2.823219405057179721e+00,1.793492484753080388e-02,1.852175999068295198e+01,3.146260821798408380e-01
5.963951936762030215e+01,0.000000000000000000e+00,0.000000000000000000e+00,2.751479705667056574e+00,-4.000000000000001776e+00,1.170143969706957388e-01,2.751479705667056574e+00,1.841523544134381768e-02,1.853969491553048243e+01,3.562163831506349743e-01
5.968919337502782696e+01,0.000000000000000000e+00,0.000000000000000000e+00,2.677818763901681276e+00,-4.000000000000002665e+00,1.325426974358005772e-01,2.677818763901681276e+00,1.893633545469673718e-02,1.855811015097182448e+01,4.040131558147231905e-01
5.973884406520625845e+01,0.000000000000000000e+00,0.000000000000000000e+00,2.602073422082894272e+00,-4.000000000000001776e+00,1.497002389230615849e-01,2.602073422082894272e+00,1.950434738003458193e-02,1.857704648642652145e+01,4.570564356468653777e-01
5.978847460365372513e+01,0.000000000000000000e+00,0.000000000000000000e+00,2.524056032562755902e+00,-3.999999999999988898e+00,1.677391122807674884e-01,2.524056032562755902e+00,2.012676316812572752e-02,1.859655083380655682e+01,5.131218605220752016e-01
5.983808770138995214e+01,0.000000000000000000e+00,0.000000000000000000e+00,2.443548979890253214e+00,-3.999999999999988010e+00,1.857675895783453268e-01,2.443548979890253214e+00,2.081286519442077793e-02,1.861667759697468227e+01,5.694982628605359531e-01
5.988768399466884063e+01,0.000000000000000000e+00,0.000000000000000000e+00,2.360297519112570352e+00,-4.000000000000006217e+00,2.031353929761413601e-01,2.360297519112570352e+00,2.157431709481213294e-02,1.863749046216910443e+01,6.241707658685284876e-01
5.993731029649050868e+01,0.000000000000000000e+00,0.000000000000000000e+00,2.274000250733321682e+00,-3.704761425117645501e+00,2.197507479099999605e-01,2.274000250733321682e+00,2.239212686032917426e-02,1.865906477926391815e+01,6.768415757520717113e-01
5.998695240419910135e+01,0.000000000000000000e+00,0.000000000000000000e+00,2.191042762914833464e+00,-3.321286569476851636e+00,2.361041890629012041e-01,2.191042762914833464e+00,2.322485271635996856e-02,1.868145690612424659e+01,7.290651460277849383e-01
6.003655436864050898e+01,0.000000000000000000e+00,0.000000000000000000e+00,2.113906371509909121e+00,-3.073675919989845795e+00,2.529345972814962540e-01,2.113906371509909121e+00,2.406978842733292420e-02,1.870468175884060713e+01,7.832430480382377436e-01
6.008636875899655649e+01,0.000000000000000000e+00,0.000000000000000000e+00,2.039923642421565653e+00,-2.833126144972427429e+00,2.707430488669859137e-01,2.039923642421565653e+00,2.493812950201465539e-02,1.872875154726794023e+01,8.410856463884034406e-01
6.013615800810613621e+01,0.000000000000000000e+00,0.000000000000000000e+00,1.969270775722699707e+00,-2.535895940857360475e+00,2.894664640670656097e-01,1.969270775722699707e+00,2.581455787959114137e-02,1.875368967676995524e+01,9.025207018202145992e-01
6.018553318259662177e+01,0.000000000000000000e+00,0.000000000000000000e+00,1.903807743180817136e+00,-2.187974984774817777e+00,3.084924409350822683e-01,1.903807743180817136e+00,2.666701615957017824e-02,1.877950423464954710e+01,9.656547178467372872e-01
6.023493808212842282e+01,0.000000000000000000e+00,0.000000000000000000e+00,1.845460978905091753e+00,-1.830900228812994079e+00,3.269626813151382816e-01,1.845460978905091753e+00,2.746269774429685798e-02,1.880617125080911833e+01,1.027680961157714457e+00
6.028456734232430847e+01,0.000000000000000000e+00,0.000000000000000000e+00,1.795179519321236539e+00,-1.503586687121281518e+00,3.441371218309007274e-01,1.795179519321236539e+00,2.817985985982596892e-02,1.883363394855341610e+01,1.086056138503320723e+00
6.033422435245957161e+01,0.000000000000000000e+00,0.000000000000000000e+00,1.752808657191058828e+00,-1.221194414918640003e+00,3.595902990700925450e-01,1.752808657191058828e+00,2.880958832625514152e-02,1.886181380841324184e+01,1.139197505289514911e+00
6.038391427657767707e+01,0.000000000000000000e+00,0.000000000000000000e+00,1.717626548830930799e+00,-9.700946998925539244e-01,3.731516995604639564e-01,1.717626548830930799e+00,2.934786656197227103e-02,1.889062339673949609e+01,1.186343775295706449e+00
6.043355444470298465e+01,0.000000000000000000e+00,0.000000000000000000e+00,1.689156339026007592e+00,-7.154778629300236892e-01,3.846388770762637077e-01,1.689156339026007592e+00,2.978305136981586332e-02,1.891997126330146983e+01,1.226671710433251627e+00
6.048342914296502926e+01,0.000000000000000000e+00,0.000000000000000000e+00,1.667847225080396623e+00,-4.203471550993646555e-01,3.935506371028412720e-01,1.667847225080396623e+00,3.008738681418314867e-02,1.894975431467128502e+01,1.258216890460497339e+00
6.053341520019335320e+01,0.000000000000000000e+00,0.000000000000000000e+00,1.655200077628680599e+00,-6.528117896073579174e-02,3.989711289957278417e-01,1.655200077628680599e+00,3.022034321923417963e-02,1.897984170148546923e+01,1.277518059763813829e+00
6.058326031721890104e+01,0.000000000000000000e+00,0.000000000000000000e+00,1.653227257994730914e+00,3.448340721332913694e-01,3.998256492147609364e-01,1.653227257994730914e+00,3.014361153632422879e-02,1.901006204470470351e+01,1.280568839941021553e+00
6.063316592818773643e+01,0.000000000000000000e+00,0.000000000000000000e+00,1.663621802309605657e+00,7.862099516042126979e-01,3.953506058858592409e-01,1.663621802309605657e+00,2.983905131125545729e-02,1.904020565624102801e+01,1.264616481957556049e+00
6.068314932250418536e+01,0.000000000000000000e+00,0.000000000000000000e+00,1.687081561396943430e+00,1.223079072514090315e+00,3.854945775700016064e-01,1.687081561396943430e+00,2.931997438894154775e-02,1.907004470755228454e+01,1.229690694279699681e+00
6.073319893455553853e+01,0.000000000000000000e+00,0.000000000000000000e+00,1.722942208478706938e+00,1.613123296389705974e+00,3.710585721071288923e-01,1.722942208478706938e+00,2.863110191027708890e-02,1.909936468194122483e+01,1.179034799185123772e+00
6.078339983687214243e+01,0.000000000000000000e+00,0.000000000000000000e+00,1.769127705971482722e+00,1.919865184002211622e+00,3.535279058150191944e-01,1.769127705971482722e+00,2.783691575428573831e-02,1.912799578385150312e+01,1.118277730613384202e+00
6.083366627907673063e+01,0.000000000000000000e+00,0.000000000000000000e+00,1.822570831358138577e+00,2.137867600962119585e+00,3.346303984966740308e-01,1.822570831358138577e+00,2.700119109637456882e-02,1.915583269960578860e+01,1.053656894747705852e+00
6.088389474415985347e+01,0.000000000000000000e+00,0.000000000000000000e+00,1.880295802990464615e+00,2.316073330764538696e+00,3.157554652806006668e-01,1.880295802990464615e+00,2.616508493295893398e-02,1.918283389070216316e+01,9.899555414710844436e-01
6.093423310187959174e+01,0.000000000000000000e+00,0.000000000000000000e+00,1.940896058400879864e+00,2.499999999999999112e+00,2.975041933249241155e-01,1.940896058400879864e+00,2.534297077710735008e-02,1.920899897563512226e+01,9.291021995588348847e-01
6.098456942201443098e+01,0.000000000000000000e+00,0.000000000000000000e+00,2.004253485343648222e+00,2.500000000000005773e+00,2.796448549880047318e-01,2.004253485343648222e+00,2.456602577047840505e-02,1.923434194641222916e+01,8.702116785687907807e-01
6.103502355203168150e+01,0.000000000000000000e+00,0.000000000000000000e+00,2.065668549769844375e+00,2.499999999999997780e+00,2.614966005427551976e-01,2.065668549769844375e+00,2.385643756266324703e-02,1.925890797218270833e+01,8.109839161972737243e-01
6.108551044932342222e+01,0.000000000000000000e+00,0.000000000000000000e+00,2.125309643676502436e+00,2.500000000000000000e+00,2.424862179125258921e-01,2.125309643676502436e+00,2.320500205487530110e-02,1.928276440974537209e+01,7.495558199784065900e-01
6.113585001244461381e+01,0.000000000000000000e+00,0.000000000000000000e+00,2.183322148813690688e+00,2.500000000000000444e+00,2.225789552232178559e-01,2.183322148813690688e+00,2.260418524932354678e-02,1.930596941180024828e+01,6.858451746749550937e-01
6.118619899422778730e+01,0.000000000000000000e+00,0.000000000000000000e+00,2.239832611936999562e+00,2.500000000000008438e+00,2.024075747995177366e-01,2.239832611936999562e+00,2.204775271435127984e-02,1.932857359704957290e+01,6.218720289276489233e-01
6.123655238285417823e+01,0.000000000000000000e+00,0.000000000000000000e+00,2.294951993722877948e+00,2.499999999999990230e+00,1.830517366776295285e-01,2.294951993722877948e+00,2.153049483159170246e-02,1.935062134976392301e+01,5.609820581383457849e-01
6.128690491443327204e+01,0.000000000000000000e+00,0.000000000000000000e+00,2.348778230801856992e+00,2.499999999999997335e+00,1.655579479425840217e-01,2.348778230801856992e+00,2.104801987063178309e-02,1.937215184459551409e+01,5.063252561769142623e-01
6.133725330416816490e+01,0.000000000000000000e+00,0.000000000000000000e+00,2.401398280478436398e+00,2.500000000000002220e+00,1.504350330119047785e-01,2.401398280478436398e+00,2.059659594807142224e-02,1.939319986446614763e+01,4.593339918698385316e-01
6.138759687079815563e+01,0.000000000000000000e+00,0.000000000000000000e+00,2.452889770348614995e+00,2.500000000000001332e+00,1.374277452953723277e-01,2.452889770348614995e+00,2.017302878204104907e-02,1.941379646041421836e+01,4.190894022346742243e-01
6.143791527645905859e+01,0.000000000000000000e+00,0.000000000000000000e+00,2.503322342303717640e+00,2.500000000000004441e+00,1.257439561263846706e-01,2.503322342303717640e+00,1.977456603778190297e-02,1.943396948919625800e+01,3.830633635578458152e-01
6.148845706153388591e+01,0.000000000000000000e+00,0.000000000000000000e+00,2.552758757398172484e+00,2.499999999999999112e+00,1.145784600644449980e-01,2.552758757398172484e+00,1.939882168737217666e-02,1.945374405523403993e+01,3.487348818946413576e-01
6.153900844755074218e+01,0.000000000000000000e+00,0.000000000000000000e+00,2.601255811616602909e+00,2.499999999999993339e+00,1.035578403590195484e-01,2.601255811616602909e+00,1.904371561514879921e-02,1.947314287692141122e+01,3.149382662592623006e-01
6.158932004460820053e+01,0.000000000000000000e+00,0.000000000000000000e+00,2.648865100654474780e+00,2.500000000000005329e+00,9.286523054432967161e-02,2.648865100654474780e+00,1.870742496510789318e-02,1.949218659253655872e+01,2.822215446071374978e-01
6.163960559873930123e+01,0.000000000000000000e+00,0.000000000000000000e+00,2.695633663067244612e+00,2.500000000000004441e+00,8.303947287105017949e-02,2.695633663067244612e+00,1.838834462406136946e-02,1.951089401750166630e+01,2.522147531049660496e-01
6.168986178293886269e+01,0.000000000000000000e+00,0.000000000000000000e+00,2.741604524627398121e+00,2.500000000000007105e+00,7.454237841901871497e-02,2.741604524627398121e+00,1.808505487984190391e-02,1.952928236212572699e+01,2.263053107094105676e-01
6.174006543558680704e+01,0.000000000000000000e+00,0.000000000000000000e+00,2.786817161827003009e+00,2.499999999999996003e+00,6.732437844377356373e-02,2.786817161827003009e+00,1.779629476393352477e-02,1.954736741700556735e+01,2.043220628148900708e-01
6.179023065880256382e+01,0.000000000000000000e+00,0.000000000000000000e+00,2.831307898736836748e+00,2.500000000000000444e+00,6.073111684295295215e-02,2.831307898736836748e+00,1.752093993420053911e-02,1.956516371176950031e+01,1.842602769186003908e-01
6.184037791475780210e+01,0.000000000000000000e+00,0.000000000000000000e+00,2.875110248572338101e+00,2.500000000000004885e+00,5.385554422386465423e-02,2.875110248572338101e+00,1.725798421123588694e-02,1.958268465170370121e+01,1.633565836216857858e-01
6.189048462073665036e+01,0.000000000000000000e+00,0.000000000000000000e+00,2.918255209100427905e+00,2.499999999999996003e+00,4.602873827332801954e-02,2.918255209100427905e+00,1.700652407576515660e-02,1.959994263591493535e+01,1.395796122003346851e-01
6.194054762403522574e+01,0.000000000000000000e+00,0.000000000000000000e+00,2.960771519289840725e+00,2.500000000000001776e+00,3.709430284190559646e-02,2.960771519289840725e+00,1.676574558174105320e-02,1.961694915999069977e+01,1.124585635595703459e-01
6.199056331963645050e+01,0.000000000000000000e+00,0.000000000000000000e+00,3.002685883244193388e+00,2.499999999999985345e+00,2.739482475888097360e-02,3.002685883244193388e+00,1.653491325247840801e-02,1.963371490557243959e+01,8.303539355585511095e-02
6.204055460076062190e+01,0.000000000000000000e+00,0.000000000000000000e+00,3.044023166375389167e+00,2.499999999999984457e+00,1.756615816835298619e-02,3.044023166375389167e+00,1.631336061419876027e-02,1.965024981882491772e+01,5.323625814349912388e-02
6.209052199289730822e+01,0.000000000000000000e+00,0.000000000000000000e+00,3.084806567910885811e+00,2.499999999999999556e+00,8.226675700933759952e-03,3.084806567910885811e+00,1.610048208905326059e-02,1.966656317943911603e+01,2.492988271153599375e-02
6.214040694543270860e+01,0.000000000000000000e+00,0.000000000000000000e+00,3.125057773133518957e+00,2.500000000000005773e+00,-2.769318849755679338e-04,3.125057773133518957e+00,1.589572602274507904e-02,1.968266366152817071e+01,-8.391875516817799306e-04
6.219024053924072604e+01,0.000000000000000000e+00,0.000000000000000000e+00,3.164797088190381746e+00,2.499999999999997780e+00,-7.872833429886568271e-03,3.164797088190381746e+00,1.569858866373171832e-02,1.969855938755091529e+01,-2.385756391094163292e-02
6.224005213101920475e+01,0.000000000000000000e+00,0.000000000000000000e+00,3.204043559849711009e+00,2.499999999999990674e+00,-1.455847189859243822e-02,3.204043559849711009e+00,1.550860894422966506e-02,1.971425797621464682e+01,-4.411969859845992631e-02
6.228980540486281114e+01,0.000000000000000000e+00,0.000000000000000000e+00,3.242815082210285027e+00,2.499999999999992450e+00,-2.023865684932262335e-02,3.242815082210285027e+00,1.532536393980419437e-02,1.972976658515887749e+01,-6.133763810671280514e-02
6.233946937499267449e+01,0.000000000000000000e+00,0.000000000000000000e+00,3.281128492059795398e+00,2.499999999999993339e+00,-2.468724240248777388e-02,3.281128492059795398e+00,1.514846490567251652e-02,1.974509194909868270e+01,-7.482502703184266968e-02
6.238907801949950738e+01,0.000000000000000000e+00,0.000000000000000000e+00,3.318999654323976589e+00,2.499999999999996447e+00,-2.754238784549182043e-02,3.318999654323976589e+00,1.497755380509746548e-02,1.976024041400435394e+01,-8.348289198872951844e-02
6.243865565865633727e+01,0.000000000000000000e+00,0.000000000000000000e+00,3.356443538836720197e+00,2.500000000000009770e+00,-2.837005979588974255e-02,3.356443538836720197e+00,1.481230025926064467e-02,1.977521796780944996e+01,-8.599295017772778937e-02
6.248841383949088879e+01,0.000000000000000000e+00,0.000000000000000000e+00,3.393474289484871953e+00,2.500000000000001332e+00,-2.685342594797430343e-02,3.393474289484871953e+00,1.465239885944313002e-02,1.979003026806871191e+01,-8.139358344505781551e-02
6.253838163549385598e+01,0.000000000000000000e+00,0.000000000000000000e+00,3.430105286633479800e+00,2.499999999999983125e+00,-2.296479585569796700e-02,3.430105286633479800e+00,1.449756679172483492e-02,1.980468266692815504e+01,-6.960252660507772193e-02
6.258837006771688749e+01,0.000000000000000000e+00,0.000000000000000000e+00,3.466349203612791641e+00,2.500000000000009326e+00,-1.702458587682363633e-02,3.466349203612791641e+00,1.434754173214537569e-02,1.981918023371988014e+01,-5.159463893878524915e-02
6.263833189147707969e+01,0.000000000000000000e+00,0.000000000000000000e+00,3.502218057943155216e+00,2.499999999999996891e+00,-9.724327355407277884e-03,3.502218057943155216e+00,1.420207997666766628e-02,1.983352777545202628e+01,-2.946858753345899667e-02
6.268829573189498916e+01,0.000000000000000000e+00,0.000000000000000000e+00,3.537723257884824335e+00,2.500000000000011102e+00,-2.081787761639886884e-03,3.537723257884824335e+00,1.406095477560261216e-02,1.984772985542869250e+01,-6.308456875829259423e-03
6.273830315632986299e+01,0.000000000000000000e+00,0.000000000000000000e+00,3.572875644823831021e+00,2.500000000000000000e+00,4.774783746096818333e-03,3.572875644823831021e+00,1.392395484658930441e-02,1.986179081020429393e+01,1.446915161361218317e-02
6.278831049677905440e+01,0.000000000000000000e+00,0.000000000000000000e+00,3.607685531940304280e+00,2.499999999999992895e+00,9.876828801232469951e-03,3.607685531940304280e+00,1.379088304394006717e-02,1.987571476505088341e+01,2.993075751838530918e-02
6.283829427433382619e+01,0.000000000000000000e+00,0.000000000000000000e+00,3.642162739550154349e+00,2.500000000000000888e+00,1.258265961688365304e-02,3.642162739550154349e+00,1.366155516528237517e-02,1.988950564809482202e+01,3.813128394474985666e-02
6.288827964706938900e+01,0.000000000000000000e+00,0.000000000000000000e+00,3.676316627463360298e+00,2.500000000000009326e+00,1.269444703815231744e-02,3.676316627463360298e+00,1.353579887906319196e-02,1.990316720326010369e+01,3.847008782181149389e-02
6.293828946757741249e+01,0.000000000000000000e+00,0.000000000000000000e+00,3.710156124661018406e+00,2.500000000000020428e+00,1.055696000195670108e-02,3.710156124661018406e+00,1.341345275871031091e-02,1.991670300213916533e+01,3.199197638912010949e-02
6.298829908979529080e+01,0.000000000000000000e+00,0.000000000000000000e+00,3.743689756557794457e+00,2.500000000000003553e+00,7.005585722351713972e-03,3.743689756557794457e+00,1.329436541113755699e-02,1.993011645489787398e+01,2.122939494501162316e-02
6.303830827451264440e+01,0.000000000000000000e+00,0.000000000000000000e+00,3.776925670085638398e+00,2.499999999999997780e+00,3.113085241485323736e-03,3.776925670085638398e+00,1.317839468889233680e-02,1.994341082030901191e+01,9.433622115570763911e-03
6.308829034335496289e+01,0.000000000000000000e+00,0.000000000000000000e+00,3.809871656807869211e+00,2.499999999999993339e+00,-1.317021148247793849e-04,3.809871656807869211e+00,1.306540697662071995e-02,1.995658921499790495e+01,-3.990973199583537612e-04
6.313827438463309960e+01,0.000000000000000000e+00,0.000000000000000000e+00,3.842535174249420926e+00,2.500000000000004441e+00,-2.087429006959060085e-03,3.842535174249420926e+00,1.295527654370453967e-02,1.996965462197452723e+01,-6.325551632901410537e-03
6.318826015628771842e+01,0.000000000000000000e+00,0.000000000000000000e+00,3.874923365608682335e+00,2.499999999999995559e+00,-2.624711372022239027e-03,3.874923365608682335e+00,1.284788495593807214e-02,1.998260989851823055e+01,-7.953689088930650936e-03
6.323824753173661861e+01,0.000000000000000000e+00,0.000000000000000000e+00,3.907043077998527458e+00,2.499999999999988010e+00,-2.143669121335311113e-03,3.907043077998527458e+00,1.274312053998449303e-02,1.999545778347416913e+01,-6.495976984710951328e-03
6.328823638045221855e+01,0.000000000000000000e+00,0.000000000000000000e+00,3.938900879348488537e+00,2.499999999999991118e+00,-1.386756640186886632e-03,3.938900879348488537e+00,1.264087789510584016e-02,2.000820090401415285e+01,-4.202295542854602405e-03
6.333822659332118832e+01,0.000000000000000000e+00,0.000000000000000000e+00,3.970503074086253026e+00,2.351481130576501322e+00,-1.082912026869290757e-03,3.970503074086253026e+00,1.254397729592469923e-02,2.002084178190925812e+01,-3.281552879331042522e-03
6.338821813512995362e+01,0.000000000000000000e+00,0.000000000000000000e+00,4.000000000000000000e+00,0.000000000000000000e+00,-1.588398251746156670e-03,4.000000000000000000e+00,1.249772619980449653e-02,2.003338575920518139e+01,-4.813332083621827372e-03
6.343821087569298101e+01,0.000000000000000000e+00,0.000000000000000000e+00,4.000000000000000000e+00,0.000000000000000000e+00,-2.705076609779522717e-03,4.000000000000000000e+00,1.249772619980449653e-02,2.004588348540498544e+01,-8.197221842051358523e-03
6.348820478067138851e+01,0.000000000000000000e+00,0.000000000000000000e+00,4.000000000000000000e+00,0.000000000000000000e+00,-3.739680381441643463e-03,4.000000000000000000e+00,1.249772619980449653e-02,2.005838121160478948e+01,-1.133241762104096953e-02
6.353819982643918962e+01,0.000000000000000000e+00,0.000000000000000000e+00,4.000000000000000000e+00,0.000000000000000000e+00,-3.747921056998534776e-03,4.000000000000000000e+00,1.249772619980449653e-02,2.007087893780459353e+01,-1.135738971516123304e-02
6.358819577170218196e+01,0.000000000000000000e+00,0.000000000000000000e+00,4.000000000000000000e+00,0.000000000000000000e+00,-1.879287180847335472e-03,4.000000000000000000e+00,1.249772619980449653e-02,2.008337666400439758e+01,-5.694816343099074439e-03
6.363816828946490745e+01,0.000000000000000000e+00,0.000000000000000000e+00,4.000000000000000000e+00,0.000000000000000000e+00,2.273027837990625188e-03,4.000000000000000000e+00,1.249772619980449653e-02,2.009587439020420163e+01,6.887975008028329044e-03
6.368814550105614103e+01,0.000000000000000000e+00,0.000000000000000000e+00,4.000000000000000000e+00,0.000000000000000000e+00,8.490388450630471928e-03,4.000000000000000000e+00,1.249772619980449653e-02,2.010837211640400568e+01,2.572906809453691726e-02
6.373812659017040971e+01,0.000000000000000000e+00,0.000000000000000000e+00,4.000000000000000000e+00,0.000000000000000000e+00,1.605876093775860519e-02,4.000000000000000000e+00,1.249772619980449653e-02,2.012086984260380973e+01,4.866709548974675059e-02
6.378813360197703020e+01,0.000000000000000000e+00,0.000000000000000000e+00,4.000000000000000000e+00,0.000000000000000000e+00,2.410769290029642770e-02,4.000000000000000000e+00,1.249772619980449653e-02,2.013336756880361378e+01,7.306777059437251365e-02
6.383814196766243043e+01,0.000000000000000000e+00,0.000000000000000000e+00,4.000000000000000000e+00,0.000000000000000000e+00,3.187541728875981778e-02,4.000000000000000000e+00,1.249772619980449653e-02,2.014586529500341783e+01,9.662490081232770478e-02
6.388812626683947826e+01,0.000000000000000000e+00,0.000000000000000000e+00,4.000000000000000000e+00,0.000000000000000000e+00,3.880280347181230133e-02,4.000000000000000000e+00,1.249772619980449653e-02,2.015836302120322188e+01,1.176433023814538043e-01
6.393814228057802040e+01,0.000000000000000000e+00,0.000000000000000000e+00,4.000000000000000000e+00,0.000000000000000000e+00,4.456434680280436933e-02,4.000000000000000000e+00,1.249772619980449653e-02,2.017086074740302593e+01,1.351329441597279579e-01
6.398816796061827006e+01,0.000000000000000000e+00,0.000000000000000000e+00,4.000000000000000000e+00,0.000000000000000000e+00,4.907848537213023443e-02,4.000000000000000000e+00,1.249772619980449653e-02,2.018335847360282997e+01,1.488422074359435909e-01
6.403817028253035915e+01,0.000000000000000000e+00,0.000000000000000000e+00,4.000000000000000000e+00,0.000000000000000000e+00,5.247735107804155086e-02,4.000000000000000000e+00,1.249772619980449653e-02,2.019585619980263402e+01,1.591684126572162905e-01
6.408817618301327457e+01,0.000000000000000000e+00,0.000000000000000000e+00,4.000000000000000000e+00,0.000000000000000000e+00,5.511173921826680033e-02,4.000000000000000000e+00,1.249772619980449653e-02,2.020835392600243807e+01,1.671745579465676590e-01
6.413821888167245788e+01,0.000000000000000000e+00,0.000000000000000000e+00,4.000000000000000000e+00,0.000000000000000000e+00,5.756966327193233091e-02,4.000000000000000000e+00,1.249772619980449653e-02,2.022085165220224212e+01,1.746465093808021729e-01
6.418826614062679425e+01,0.000000000000000000e+00,0.000000000000000000e+00,4.000000000000000000e+00,-6.095142282279817358e-01,6.052227430964967486e-02,4.000000000000000000e+00,1.250964916073314323e-02,2.023334937840204617e+01,1.836250889192057867e-01
6.423827898763187250e+01,0.000000000000000000e+00,0.000000000000000000e+00,3.992375190846392918e+00,-4.000000000000003553e+00,6.438192291468461392e-02,3.992375190846392918e+00,1.260114089940676980e-02,2.024585902756277989e+01,1.953667445293323368e-01
6.428829645078030808e+01,0.000000000000000000e+00,0.000000000000000000e+00,3.941970627248765791e+00,-4.000000000000007994e+00,6.902999965300934959e-02,3.941970627248765791e+00,1.276436780690978941e-02,2.025846016846218589e+01,2.095147119350934395e-01
6.433831865041173614e+01,0.000000000000000000e+00,0.000000000000000000e+00,3.890913156021126529e+00,-3.999999999999984013e+00,7.381679071690742944e-02,3.890913156021126529e+00,1.293410698940083634e-02,2.027122453626909504e+01,2.240944166071833221e-01
6.438834544729941456e+01,0.000000000000000000e+00,0.000000000000000000e+00,3.839176728063523392e+00,-3.999999999999987121e+00,7.783863693140458118e-02,3.839176728063523392e+00,1.311080335545204700e-02,2.028415864325849682e+01,2.363521913812615671e-01
6.443842772168443389e+01,0.000000000000000000e+00,0.000000000000000000e+00,3.786733514641715370e+00,-1.545021144526410595e+00,8.037405985193479818e-02,3.786733514641715370e+00,1.323733750897440956e-02,2.029726944661394938e+01,2.440835760671404009e-01
6.448852859379627489e+01,0.000000000000000000e+00,0.000000000000000000e+00,3.766281548293117343e+00,6.358000271955958072e-01,8.124551129487553314e-02,3.766281548293117343e+00,1.325844117168355728e-02,2.031050678412292498e+01,2.467416583007733255e-01
6.453859010926120732e+01,0.000000000000000000e+00,0.000000000000000000e+00,3.774711265550644956e+00,1.368833557601326634e+00,8.088462253348194242e-02,3.774711265550644956e+00,1.321198677952541319e-02,2.032376522529460772e+01,2.456408377218724515e-01
6.458865902491811539e+01,0.000000000000000000e+00,0.000000000000000000e+00,3.792796276417044421e+00,-2.307823118555313080e+00,8.011840937727107703e-02,3.792796276417044421e+00,1.323376968921490156e-02,2.033697721207413167e+01,2.433038675222518044e-01
6.463869018412557921e+01,0.000000000000000000e+00,0.000000000000000000e+00,3.762255076782637708e+00,-4.000000000000017764e+00,7.985489857769574595e-02,3.762255076782637708e+00,1.338269112949402352e-02,2.035021098176334675e+01,2.425002192659772571e-01
6.468872528826929624e+01,0.000000000000000000e+00,0.000000000000000000e+00,3.708724312264661371e+00,-4.000000000000015099e+00,8.078261560127665553e-02,3.708724312264661371e+00,1.357870332958028073e-02,2.036359367289283995e+01,2.453296972148381605e-01
6.473901767352072056e+01,0.000000000000000000e+00,0.000000000000000000e+00,3.654409498946340040e+00,-4.000000000000001776e+00,8.314809913553182497e-02,3.654409498946340040e+00,1.378358924435129675e-02,2.037717237622242195e+01,2.525462068896883738e-01
6.478928926506870312e+01,0.000000000000000000e+00,0.000000000000000000e+00,3.599275141968934832e+00,-4.000000000000019540e+00,8.670529091530115862e-02,3.599275141968934832e+00,1.399803933355996295e-02,2.039095596546677314e+01,2.634037096532501621e-01
6.483933408459172654e+01,0.000000000000000000e+00,0.000000000000000000e+00,3.543282984634694710e+00,-4.000000000000004441e+00,9.083818939147983440e-02,3.543282984634694710e+00,1.422282169722775477e-02,2.040495400480033439e+01,2.760268775383023510e-01
6.488938822730683853e+01,0.000000000000000000e+00,0.000000000000000000e+00,3.486391697845783622e+00,-3.579516521105337024e+00,9.473873304685803687e-02,3.486391697845783622e+00,1.444599693244325890e-02,2.041917682649756216e+01,2.879490744461813412e-01
6.493965628472182061e+01,0.000000000000000000e+00,0.000000000000000000e+00,3.434682013162265957e+00,-1.496488850198608000e+00,9.759487002009685497e-02,3.434682013162265957e+00,1.460118470180824142e-02,2.043362282343000658e+01,2.966845786994162792e-01
6.498990266595949095e+01,0.000000000000000000e+00,0.000000000000000000e+00,3.412831503056319438e+00,5.464156969451731127e-01,9.884046650202263362e-02,3.412831503056319438e+00,1.463079026198195118e-02,2.044822400813181318e+01,3.004957613003548800e-01
6.504001732400890035e+01,0.000000000000000000e+00,0.000000000000000000e+00,3.420825996514178957e+00,2.150945299009787259e+00,9.838200332860809472e-02,3.420825996514178957e+00,1.454716298943368492e-02,2.046285479839379562e+01,2.990928812408052417e-01
6.509036247861180868e+01,0.000000000000000000e+00,0.000000000000000000e+00,3.452116148360230508e+00,2.499999999999984013e+00,9.661773595864003861e-02,3.452116148360230508e+00,1.440608701534378672e-02,2.047740196138322943e+01,2.936954684174044039e-01
6.514061101101312090e+01,0.000000000000000000e+00,0.000000000000000000e+00,3.488131365898589742e+00,2.499999999999994227e+00,9.425555246098095419e-02,3.488131365898589742e+00,1.425885549649240705e-02,2.049180804839857473e+01,2.864717378568076289e-01
6.519064471338433009e+01,0.000000000000000000e+00,0.000000000000000000e+00,3.523778504639820675e+00,2.500000000000008882e+00,9.208372811920885470e-02,3.523778504639820675e+00,1.411604793605944486e-02,2.050606690389506781e+01,2.798329876593125265e-01
6.524088763893229270e+01,0.000000000000000000e+00,0.000000000000000000e+00,3.559068624479969412e+00,5.177677515644301121e-01,9.074947496773828892e-02,3.559068624479969412e+00,1.403174214299044049e-02,2.052018295183112784e+01,2.757558175962538383e-01
6.529110439534872512e+01,0.000000000000000000e+00,0.000000000000000000e+00,3.566333808059877430e+00,-1.200476468737193603e+00,9.056250507365747049e-02,3.566333808059877430e+00,1.405067709440174263e-02,2.053421469397411769e+01,2.751845601210869408e-01
6.534110351411001716e+01,0.000000000000000000e+00,0.000000000000000000e+00,3.549466300838223454e+00,-2.000522284151336372e+00,9.142050215764881138e-02,3.549466300838223454e+00,1.414040983949131983e-02,2.054826537106852058e+01,2.778061973344312374e-01
6.539111972739991074e+01,0.000000000000000000e+00,0.000000000000000000e+00,3.521178095847288247e+00,-1.922621287398702528e+00,9.288689658019040618e-02,3.521178095847288247e+00,1.425266847965363064e-02,2.056240578090801208e+01,2.822877688686717956e-01
6.544133963303315227e+01,0.000000000000000000e+00,0.000000000000000000e+00,3.493775612026069677e+00,-1.062557278554880469e+00,9.434107969697089202e-02,3.493775612026069677e+00,1.433983105679042386e-02,2.057665844938766497e+01,2.867332296454844220e-01
6.549154186462496341e+01,0.000000000000000000e+00,0.000000000000000000e+00,3.478538720163429687e+00,2.513333338787864246e-01,9.516439582157935895e-02,3.478538720163429687e+00,1.436378361380764163e-02,2.059099828044445601e+01,2.892506612844196745e-01
6.554153681591515124e+01,0.000000000000000000e+00,0.000000000000000000e+00,3.482148817786201445e+00,1.524088991803917104e+00,9.496836073214123819e-02,3.482148817786201445e+00,1.431151449139735597e-02,2.060536206405826221e+01,2.886512142859351537e-01
6.559185493371377618e+01,0.000000000000000000e+00,0.000000000000000000e+00,3.503960839478582390e+00,2.182094940892383317e+00,9.379663590478187762e-02,3.503960839478582390e+00,1.420414774241921668e-02,2.061967357854965854e+01,2.850687141103856459e-01
6.564216896234364640e+01,0.000000000000000000e+00,0.000000000000000000e+00,3.534955638407003331e+00,1.788632171455732278e+00,9.216835295473320422e-02,3.534955638407003331e+00,1.409163840459862725e-02,2.063387772629207717e+01,2.800916153792215590e-01
6.569216686265639282e+01,0.000000000000000000e+00,0.000000000000000000e+00,3.560160396205989564e+00,4.052763884349230294e-01,9.087512808538142361e-02,3.560160396205989564e+00,1.403055160980824952e-02,2.064796936469667443e+01,2.761397421028784493e-01
6.574236149685353325e+01,0.000000000000000000e+00,0.000000000000000000e+00,3.565846647490162447e+00,-1.246082397637610528e+00,9.058711664746829650e-02,3.565846647490162447e+00,1.405387485548878837e-02,2.066199991630648114e+01,2.752597558531597599e-01
6.579253986160789225e+01,0.000000000000000000e+00,0.000000000000000000e+00,3.548334361414136051e+00,-2.184179899072733910e+00,9.147851400509729447e-02,3.548334361414136051e+00,1.415018040600279914e-02,2.067605379116196929e+01,2.779834692103259619e-01
6.584252238787483691e+01,0.000000000000000000e+00,0.000000000000000000e+00,3.517427821803091881e+00,-1.813429706740168568e+00,9.308393222827565650e-02,3.517427821803091881e+00,1.426480081413637226e-02,2.069020397156797131e+01,2.828900390017867750e-01
6.589269176669702688e+01,0.000000000000000000e+00,0.000000000000000000e+00,3.491559608246005642e+00,-1.853908865266359896e-01,9.446015860032189182e-02,3.491559608246005642e+00,1.432308966872684192e-02,2.070446877238210703e+01,2.870973096720463302e-01
6.594286085211655291e+01,0.000000000000000000e+00,0.000000000000000000e+00,3.488904237954519871e+00,2.177315331678364885e+00,9.460314264789879135e-02,3.488904237954519871e+00,1.426504393551775857e-02,2.071879186205083556e+01,2.875344897854723025e-01
6.599283101949596642e+01,0.000000000000000000e+00,0.000000000000000000e+00,3.519963736822388167e+00,2.499999999999986233e+00,9.295062963830670599e-02,3.519963736822388167e+00,1.413119429713000086e-02,2.073305690598635209e+01,2.824825764614589674e-01
6.604293942541625029e+01,0.000000000000000000e+00,0.000000000000000000e+00,3.555291722565212975e+00,2.499999999999991118e+00,8.968230517239844657e-02,3.555291722565212975e+00,1.399215122450301815e-02,2.074718810028348059e+01,2.724955059560646431e-01
6.609307990825881518e+01,0.000000000000000000e+00,0.000000000000000000e+00,3.590272100626470397e+00,2.500000000000011546e+00,8.560879218061293039e-02,3.590272100626470397e+00,1.385713344854100533e-02,2.076118025150798374e+01,2.600561986034758410e-01
6.614309282763855435e+01,0.000000000000000000e+00,0.000000000000000000e+00,3.624914934247823073e+00,2.499999999999999556e+00,8.173171389056878289e-02,3.624914934247823073e+00,1.372595041763595945e-02,2.077503738495652641e+01,2.482248265703742851e-01
6.619327612481822598e+01,0.000000000000000000e+00,0.000000000000000000e+00,3.659229810291912965e+00,2.500000000000008438e+00,7.876114560865950243e-02,3.659229810291912965e+00,1.359842397463579579e-02,2.078876333537416343e+01,2.391648814569421189e-01
6.624344550212364879e+01,0.000000000000000000e+00,0.000000000000000000e+00,3.693225870228502572e+00,2.499999999999984457e+00,7.684656266683093095e-02,3.693225870228502572e+00,1.347438733917227273e-02,2.080236175934879839e+01,2.333278502857726588e-01
6.629342760869151618e+01,0.000000000000000000e+00,0.000000000000000000e+00,3.726911838576433045e+00,2.499999999999991118e+00,7.562155598511195731e-02,3.726911838576433045e+00,1.335368419028939817e-02,2.081583614668797111e+01,2.295940508902484523e-01
6.634340314231796754e+01,0.000000000000000000e+00,0.000000000000000000e+00,3.760296049052156420e+00,2.499999999999995115e+00,7.448831785908288650e-02,3.760296049052156420e+00,1.323616783789474498e-02,2.082918983087825993e+01,2.261405778370786379e-01
6.639337906216795204e+01,0.000000000000000000e+00,0.000000000000000000e+00,3.793386468646893217e+00,2.500000000000013323e+00,7.293955842035605708e-02,3.793386468646893217e+00,1.312170047304530261e-02,2.084242599871615553e+01,2.214217720857946936e-01
6.644368071195535208e+01,0.000000000000000000e+00,0.000000000000000000e+00,3.826190719829506648e+00,2.499999999999995559e+00,7.073508603795793104e-02,3.826190719829506648e+00,1.301015248835357685e-02,2.085554769918920215e+01,2.147069570859528043e-01
6.649398968370572049e+01,0.000000000000000000e+00,0.000000000000000000e+00,3.858716101050390535e+00,2.499999999999997335e+00,6.789854130419560596e-02,3.858716101050390535e+00,1.290140186089258276e-02,2.086855785167755428e+01,2.060699281851991471e-01
6.654397000411735519e+01,0.000000000000000000e+00,0.000000000000000000e+00,3.890969605702621958e+00,2.500000000000008438e+00,6.461317889950932147e-02,3.890969605702621958e+00,1.279533359091842432e-02,2.088145925353844845e+01,1.960704435285970382e-01
6.659394018556155004e+01,0.000000000000000000e+00,0.000000000000000000e+00,3.922957939679918127e+00,2.499999999999999112e+00,6.111637108925286471e-02,3.922957939679918127e+00,1.269183919054004892e-02,2.089425458712936745e+01,1.854320579674979819e-01
6.664405763017381901e+01,0.000000000000000000e+00,0.000000000000000000e+00,3.954687537656268237e+00,2.500000000000021760e+00,5.767021086985639478e-02,3.954687537656268237e+00,1.259081621716677882e-02,2.090694642631990874e+01,1.749522129021646444e-01
6.669432412179341441e+01,0.000000000000000000e+00,0.000000000000000000e+00,3.986164578199185460e+00,1.105120580972544175e+00,5.459668355636492637e-02,3.986164578199185460e+00,1.251937755845510675e-02,2.091953724253707492e+01,1.656090773947081207e-01
6.674445658181200258e+01,0.000000000000000000e+00,0.000000000000000000e+00,4.000000000000000000e+00,0.000000000000000000e+00,5.225205546464724293e-02,4.000000000000000000e+00,1.249772619980449653e-02,2.093205662009552981e+01,1.584838232026516691e-01
6.679457600194152178e+01,0.000000000000000000e+00,0.000000000000000000e+00,4.000000000000000000e+00,0.000000000000000000e+00,5.088008574200351963e-02,4.000000000000000000e+00,1.249772619980449653e-02,2.094455434629533386e+01,1.543152639107863711e-01
6.684465193354222379e+01,0.000000000000000000e+00,0.000000000000000000e+00,4.000000000000000000e+00,0.000000000000000000e+00,5.045569629843151688e-02,4.000000000000000000e+00,1.249772619980449653e-02,2.095705207249513791e+01,1.530259280777116759e-01
6.689469845676016746e+01,0.000000000000000000e+00,0.000000000000000000e+00,4.000000000000000000e+00,0.000000000000000000e+00,5.065150862078185434e-02,4.000000000000000000e+00,1.249772619980449653e-02,2.096954979869494196e+01,1.536208177985542711e-01
6.694478670927477992e+01,0.000000000000000000e+00,0.000000000000000000e+00,4.000000000000000000e+00,0.000000000000000000e+00,5.095373044649721683e-02,4.000000000000000000e+00,1.249772619980449653e-02,2.098204752489474600e+01,1.545390092478146626e-01
6.699470486257085611e+01,0.000000000000000000e+00,0.000000000000000000e+00,4.000000000000000000e+00,0.000000000000000000e+00,5.087763635046559096e-02,4.000000000000000000e+00,1.249772619980449653e-02,2.099454525109455005e+01,1.543078222649235387e-01
6.704454663542017556e+01,0.000000000000000000e+00,0.000000000000000000e+00,4.000000000000000000e+00,0.000000000000000000e+00,5.015502010125305610e-02,4.000000000000000000e+00,1.249772619980449653e-02,2.100704297729435410e+01,1.521124784263875318e-01
6.709470514512949535e+01,0.000000000000000000e+00,0.000000000000000000e+00,4.000000000000000000e+00,0.000000000000000000e+00,4.876633036360034784e-02,4.000000000000000000e+00,1.249772619980449653e-02,2.101954070349415815e+01,1.478940155655786570e-01
6.714485417007942658e+01,0.000000000000000000e+00,0.000000000000000000e+00,4.000000000000000000e+00,0.000000000000000000e+00,4.684034500677344837e-02,4.000000000000000000e+00,1.249772619980449653e-02,2.103203842969396220e+01,1.420443372194421794e-01
6.719475859208318980e+01,0.000000000000000000e+00,0.000000000000000000e+00,4.000000000000000000e+00,0.000000000000000000e+00,4.453719157115370447e-02,4.000000000000000000e+00,1.249772619980449653e-02,2.104453615589376625e+01,1.350504920386211838e-01
6.724465647644781541e+01,0.000000000000000000e+00,0.000000000000000000e+00,4.000000000000000000e+00,0.000000000000000000e+00,4.196732892279207011e-02,4.000000000000000000e+00,1.249772619980449653e-02,2.105703388209357030e+01,1.272484385031577570e-01
6.729458953824018863e+01,0.000000000000000000e+00,0.000000000000000000e+00,4.000000000000000000e+00,0.000000000000000000e+00,3.918098376661959675e-02,4.000000000000000000e+00,1.249772619980449653e-02,2.106953160829337435e+01,1.187910473988952609e-01
6.734467882713978781e+01,0.000000000000000000e+00,0.000000000000000000e+00,4.000000000000000000e+00,0.000000000000000000e+00,3.626097566627595192e-02,4.000000000000000000e+00,1.249772619980449653e-02,2.108202933449317840e+01,1.099299294292860191e-01
6.739473568168244810e+01,0.000000000000000000e+00,0.000000000000000000e+00,4.000000000000000000e+00,0.000000000000000000e+00,3.341667956371498216e-02,4.000000000000000000e+00,1.249772619980449653e-02,2.109452706069298245e+01,1.013003746661166882e-01
6.744461366784919676e+01,0.000000000000000000e+00,0.000000000000000000e+00,4.000000000000000000e+00,0.000000000000000000e+00,3.092312371368430290e-02,4.000000000000000000e+00,1.249772619980449653e-02,2.110702478689278649e+01,9.373631552589925531e-02
6.749450086135590254e+01,0.000000000000000000e+00,0.000000000000000000e+00,4.000000000000000000e+00,0.000000000000000000e+00,2.895691769707049723e-02,4.000000000000000000e+00,1.249772619980449653e-02,2.111952251309259054e+01,8.777276939638715969e-02
6.754434942462128788e+01,0.000000000000000000e+00,0.000000000000000000e+00,4.000000000000000000e+00,0.000000000000000000e+00,2.751588450009448406e-02,4.000000000000000000e+00,1.249772619980449653e-02,2.113202023929239459e+01,8.340251792448702406e-02
6.759402774122378332e+01,0.000000000000000000e+00,0.000000000000000000e+00,4.000000000000000000e+00,0.000000000000000000e+00,2.646153027162280805e-02,4.000000000000000000e+00,1.249772619980449653e-02,2.114451796549219864e+01,8.020517646711788906e-02
6.764385699864583046e+01,0.000000000000000000e+00,0.000000000000000000e+00,4.000000000000000000e+00,0.000000000000000000e+00,2.559742008984674036e-02,4.000000000000000000e+00,1.249772619980449653e-02,2.115701569169200269e+01,7.758488566741271464e-02
6.769400151245032760e+01,0.000000000000000000e+00,0.000000000000000000e+00,4.000000000000000000e+00,0.000000000000000000e+00,2.475836254607734557e-02,4.000000000000000000e+00,1.249772619980449653e-02,2.116951341789180674e+01,7.504067439904532621e-02
6.774396739563066205e+01,0.000000000000000000e+00,0.000000000000000000e+00,4.000000000000000000e+00,0.000000000000000000e+00,2.390216482617201973e-02,4.000000000000000000e+00,1.249772619980449653e-02,2.118201114409161079e+01,7.244459922115450978e-02
6.779391592553960777e+01,0.000000000000000000e+00,0.000000000000000000e+00,4.000000000000000000e+00,0.000000000000000000e+00,2.312284438326199162e-02,4.000000000000000000e+00,1.249772619980449653e-02,2.119450887029141484e+01,7.008171595104943641e-02
6.784404281955075078e+01,0.000000000000000000e+00,0.000000000000000000e+00,4.000000000000000000e+00,0.000000000000000000e+00,2.254770873435738357e-02,4.000000000000000000e+00,1.249772619980449653e-02,2.120700659649121889e+01,6.833797148595870119e-02
6.789383697718754718e+01,0.000000000000000000e+00,0.000000000000000000e+00,4.000000000000000000e+00,0.000000000000000000e+00,2.221773377950591113e-02,4.000000000000000000e+00,1.249772619980449653e-02,2.121950432269102294e+01,6.733754625570863295e-02
6.794374928965105198e+01,0.000000000000000000e+00,0.000000000000000000e+00,4.000000000000000000e+00,0.000000000000000000e+00,2.206298498213201190e-02,4.000000000000000000e+00,1.249772619980449653e-02,2.123200204889082698e+01,6.686838055981075835e-02
6.799364339657083178e+01,0.000000000000000000e+00,0.000000000000000000e+00,4.000000000000000000e+00,0.000000000000000000e+00,2.196479388352202966e-02,4.000000000000000000e+00,1.249772619980449653e-02,2.124449977509063103e+01,6.657068753379477566e-02
6.804351859496313182e+01,0.000000000000000000e+00,0.000000000000000000e+00,4.000000000000000000e+00,0.000000000000000000e+00,2.182779249148953868e-02,4.000000000000000000e+00,1.249772619980449653e-02,2.125699750129043508e+01,6.615533269063085531e-02
6.809360835184291716e+01,0.000000000000000000e+00,0.000000000000000000e+00,4.000000000000000000e+00,0.000000000000000000e+00,2.162775615260469769e-02,4.000000000000000000e+00,1.249772619980449653e-02,2.126949522749023913e+01,6.554887570374003103e-02
6.814336536641454245e+01,0.000000000000000000e+00,0.000000000000000000e+00,4.000000000000000000e+00,0.000000000000000000e+00,2.142827127373331253e-02,4.000000000000000000e+00,1.249772619980449653e-02,2.128199295369004318e+01,6.494409582360094468e-02
6.819307910317594690e+01,0.000000000000000000e+00,0.000000000000000000e+00,4.000000000000000000e+00,0.000000000000000000e+00,2.133495814649273917e-02,4.000000000000000000e+00,1.249772619980449653e-02,2.129449067988984723e+01,6.466119945815257397e-02
6.824291242283264580e+01,0.000000000000000000e+00,0.000000000000000000e+00,4.000000000000000000e+00,0.000000000000000000e+00,2.139559136686268806e-02,4.000000000000000000e+00,1.249772619980449653e-02,2.130698840608965128e+01,6.484502038651818179e-02
6.829272575075580676e+01,0.000000000000000000e+00,0.000000000000000000e+00,4.000000000000000000e+00,0.000000000000000000e+00,2.153821652166391931e-02,4.000000000000000000e+00,1.249772619980449653e-02,2.131948613228945533e+01,6.527741705591426358e-02
6.834272194934958122e+01,0.000000000000000000e+00,0.000000000000000000e+00,4.000000000000000000e+00,0.000000000000000000e+00,2.160973034551949210e-02,4.000000000000000000e+00,1.249772619980449653e-02,2.133198385848925938e+01,6.549422650848579774e-02
6.839278082393609282e+01,0.000000000000000000e+00,0.000000000000000000e+00,4.000000000000000000e+00,0.000000000000000000e+00,2.146898638649091806e-02,4.000000000000000000e+00,1.249772619980449653e-02,2.134448158468906342e+01,6.506753173038769267e-02
6.844271331817333248e+01,0.000000000000000000e+00,0.000000000000000000e+00,4.000000000000000000e+00,0.000000000000000000e+00,2.104483173836034157e-02,4.000000000000000000e+00,1.249772619980449653e-02,2.135697931088886747e+01,6.378163364205315100e-02
6.849271843007204552e+01,0.000000000000000000e+00,0.000000000000000000e+00,4.000000000000000000e+00,0.000000000000000000e+00,2.031785545905911636e-02,4.000000000000000000e+00,1.249772619980449653e-02,2.136947703708867152e+01,6.157773260908830371e-02
6.854252226769024503e+01,0.000000000000000000e+00,0.000000000000000000e+00,4.000000000000000000e+00,0.000000000000000000e+00,1.925575542605939203e-02,4.000000000000000000e+00,1.249772619980449653e-02,2.138197476328847557e+01,5.835798693487839750e-02
6.859218708873433457e+01,0.000000000000000000e+00,0.000000000000000000e+00,4.000000000000000000e+00,0.000000000000000000e+00,1.775774766943793298e-02,4.000000000000000000e+00,1.249772619980449653e-02,2.139447248948827962e+01,5.381701353564919549e-02
6.864217240750485871e+01,0.000000000000000000e+00,0.000000000000000000e+00,4.000000000000000000e+00,0.000000000000000000e+00,1.564943657164543159e-02,4.000000000000000000e+00,1.249772619980449653e-02,2.140697021568808367e+01,4.742640678138970028e-02
6.869222400062783151e+01,0.000000000000000000e+00,0.000000000000000000e+00,4.000000000000000000e+00,0.000000000000000000e+00,1.276926905897127901e-02,4.000000000000000000e+00,1.249772619980449653e-02,2.141946794188788772e+01,3.869685797584166559e-02
6.874215305767491202e+01,0.000000000000000000e+00,0.000000000000000000e+00,4.000000000000000000e+00,0.000000000000000000e+00,9.139813700904454372e-03,4.000000000000000000e+00,1.249772619980449653e-02,2.143196566808769177e+01,2.769717639745580481e-02
6.879214703685488530e+01,0.000000000000000000e+00,0.000000000000000000e+00,4.000000000000000000e+00,0.000000000000000000e+00,5.099243449592733533e-03,4.000000000000000000e+00,1.249772619980449653e-02,2.144446339428749582e+01,1.545238681023476841e-02
6.884214556848600353e+01,0.000000000000000000e+00,0.000000000000000000e+00,4.000000000000000000e+00,0.000000000000000000e+00,1.254043964698878114e-03,4.000000000000000000e+00,1.249772619980449653e-02,2.145696112048729987e+01,3.800135218424597477e-03
6.889214899680766280e+01,0.000000000000000000e+00,0.000000000000000000e+00,4.000000000000000000e+00,0.000000000000000000e+00,-1.743619410180209531e-03,4.000000000000000000e+00,1.249772619980449653e-02,2.146945884668710391e+01,-5.283700536882710713e-03
6.894194963811132482e+01,0.000000000000000000e+00,0.000000000000000000e+00,4.000000000000000000e+00,0.000000000000000000e+00,-3.473896403469157578e-03,4.000000000000000000e+00,1.249772619980449653e-02,2.148195657288690796e+01,-1.052700114488844436e-02
6.899168090102166673e+01,0.000000000000000000e+00,0.000000000000000000e+00,4.000000000000000000e+00,0.000000000000000000e+00,-3.948783512679850810e-03,4.000000000000000000e+00,1.249772619980449653e-02,2.149445429908671201e+01,-1.196607283977313071e-02
6.904172241713163771e+01,0.000000000000000000e+00,0.000000000000000000e+00,4.000000000000000000e+00,0.000000000000000000e+00,-3.619083592816830716e-03,4.000000000000000000e+00,1.249772619980449653e-02,2.150695202528651606e+01,-1.096696785920106727e-02
6.909181007626672510e+01,0.000000000000000000e+00,0.000000000000000000e+00,4.000000000000000000e+00,0.000000000000000000e+00,-3.149542111875574309e-03,4.000000000000000000e+00,1.249772619980449653e-02,2.151944975148632011e+01,-9.544098563633821031e-03
6.914176977486162912e+01,0.000000000000000000e+00,0.000000000000000000e+00,4.000000000000000000e+00,0.000000000000000000e+00,-3.073843232122883996e-03,4.000000000000000000e+00,1.249772619980449653e-02,2.153194747768612416e+01,-9.314705797700753923e-03
6.919173559247249727e+01,0.000000000000000000e+00,0.000000000000000000e+00,4.000000000000000000e+00,0.000000000000000000e+00,-3.515266057529161520e-03,4.000000000000000000e+00,1.249772619980449653e-02,2.154444520388592821e+01,-1.065236526391961404e-02
6.924170777411841016e+01,0.000000000000000000e+00,0.000000000000000000e+00,4.000000000000000000e+00,0.000000000000000000e+00,-4.113343965672177846e-03,4.000000000000000000e+00,1.249772619980449653e-02,2.155694293008573226e+01,-1.246474898345078033e-02
6.929162853168796232e+01,0.000000000000000000e+00,0.000000000000000000e+00,4.000000000000000000e+00,0.000000000000000000e+00,-4.228990100167069263e-03,4.000000000000000000e+00,1.249772619980449653e-02,2.156944065628553631e+01,-1.281519791294151445e-02
6.934167751512185873e+01,0.000000000000000000e+00,0.000000000000000000e+00,4.000000000000000000e+00,0.000000000000000000e+00,-3.352822773731647856e-03,4.000000000000000000e+00,1.249772619980449653e-02,2.158193838248534036e+01,-1.016010708268207802e-02
6.939178161649086007e+01,0.000000000000000000e+00,0.000000000000000000e+00,4.000000000000000000e+00,0.000000000000000000e+00,-1.399781219401699398e-03,4.000000000000000000e+00,1.249772619980449653e-02,2.159443610868514440e+01,-4.241764041334362446e-03
6.944175977876533068e+01,0.000000000000000000e+00,0.000000000000000000e+00,4.000000000000000000e+00,0.000000000000000000e+00,1.368201232728935611e-03,4.000000000000000000e+00,1.249772619980449653e-02,2.160693383488494845e+01,4.146066928713836204e-03
6.949174594198511556e+01,0.000000000000000000e+00,0.000000000000000000e+00,4.000000000000000000e+00,0.000000000000000000e+00,4.667370604185883294e-03,4.000000000000000000e+00,1.249772619980449653e-02,2.161943156108475250e+01,1.414364998896038526e-02
6.954185967664531631e+01,0.000000000000000000e+00,0.000000000000000000e+00,4.000000000000000000e+00,0.000000000000000000e+00,8.479137665772988261e-03,4.000000000000000000e+00,1.249772619980449653e-02,2.163192928728455655e+01,2.569497235255501638e-02
6.959190984738332020e+01,0.000000000000000000e+00,0.000000000000000000e+00,4.000000000000000000e+00,0.000000000000000000e+00,1.317838114036062186e-02,4.000000000000000000e+00,1.249772619980449653e-02,2.164442701348436060e+01,3.993680026865743804e-02
6.964170767117091998e+01,0.000000000000000000e+00,0.000000000000000000e+00,4.000000000000000000e+00,0.000000000000000000e+00,1.940222948100125619e-02,4.000000000000000000e+00,1.249772619980449653e-02,2.165692473968416465e+01,5.880201358033775028e-02
6.969155845003058403e+01,0.000000000000000000e+00,0.000000000000000000e+00,4.000000000000000000e+00,0.000000000000000000e+00,2.757224098844314811e-02,4.000000000000000000e+00,1.249772619980449653e-02,2.166942246588396870e+01,8.357342479199994512e-02
6.974165301061179889e+01,0.000000000000000000e+00,0.000000000000000000e+00,4.000000000000000000e+00,0.000000000000000000e+00,3.733560935057891189e-02,4.000000000000000000e+00,1.249772619980449653e-02,2.168192019208377275e+01,1.131908090650906029e-01
6.979174218926867468e+01,0.000000000000000000e+00,0.000000000000000000e+00,4.000000000000000000e+00,0.000000000000000000e+00,4.743326547595046183e-02,4.000000000000000000e+00,1.249772619980449653e-02,2.169441791828357680e+01,1.438450640004964587e-01
6.984157552507519995e+01,0.000000000000000000e+00,0.000000000000000000e+00,4.000000000000000000e+00,0.000000000000000000e+00,5.611187212984136002e-02,4.000000000000000000e+00,1.249772619980449653e-02,2.170691564448338085e+01,1.702146563357141429e-01
6.989136448827119352e+01,0.000000000000000000e+00,0.000000000000000000e+00,4.000000000000000000e+00,0.000000000000000000e+00,6.170748226338419046e-02,4.000000000000000000e+00,1.249772619980449653e-02,2.171941337068318489e+01,1.872300765738071637e-01
6.994147000854792395e+01,0.000000000000000000e+00,0.000000000000000000e+00,4.000000000000000000e+00,0.000000000000000000e+00,6.308383716115555095e-02,4.000000000000000000e+00,1.249772619980449653e-02,2.173191109688298894e+01,1.914171296255756383e-01
6.999149338777885987e+01,0.000000000000000000e+00,0.000000000000000000e+00,4.000000000000000000e+00,0.000000000000000000e+00,5.989569630620864005e-02,4.000000000000000000e+00,1.249772619980449653e-02,2.174440882308279299e+01,1.817194678687795439e-01
7.004139979787976245e+01,0.000000000000000000e+00,0.000000000000000000e+00,4.000000000000000000e+00,0.000000000000000000e+00,5.263621866645568775e-02,4.000000000000000000e+00,1.249772619980449653e-02,2.175690654928259704e+01,1.596511618228055873e-01
7.009129903738782730e+01,0.000000000000000000e+00,0.000000000000000000e+00,4.000000000000000000e+00,0.000000000000000000e+00,4.239716385274872046e-02,4.000000000000000000e+00,1.249772619980449653e-02,2.176940427548240109e+01,1.285532890125444805e-01
7.014130582052287366e+01,0.000000000000000000e+00,0.000000000000000000e+00,4.000000000000000000e+00,0.000000000000000000e+00,3.052847571325635265e-02,4.000000000000000000e+00,1.249772619980449653e-02,2.178190200168220514e+01,9.253928274587432112e-02
7.019119883813303318e+01,0.000000000000000000e+00,0.000000000000000000e+00,4.000000000000000000e+00,0.000000000000000000e+00,1.845229048222647716e-02,4.000000000000000000e+00,1.249772619980449653e-02,2.179439972788200919e+01,5.592237885651559631e-02
7.024098249318167575e+01,0.000000000000000000e+00,0.000000000000000000e+00,4.000000000000000000e+00,0.000000000000000000e+00,7.522827155964477604e-03,4.000000000000000000e+00,1.249772619980449653e-02,2.180689745408181324e+01,2.279687597611102998e-02
7.029087947746008069e+01,0.000000000000000000e+00,0.000000000000000000e+00,4.000000000000000000e+00,0.000000000000000000e+00,-1.259335286182296709e-03,4.000000000000000000e+00,1.249772619980449653e-02,2.181939518028161729e+01,-3.816169551272654593e-03
7.034079786069553109e+01,0.000000000000000000e+00,0.000000000000000000e+00,4.000000000000000000e+00,0.000000000000000000e+00,-7.506838040937058483e-03,4.000000000000000000e+00,1.249772619980449653e-02,2.183189290648142133e+01,-2.274842137607952647e-02
7.039061225419398227e+01,0.000000000000000000e+00,0.000000000000000000e+00,4.000000000000000000e+00,0.000000000000000000e+00,-1.144509420482201466e-02,4.000000000000000000e+00,1.249772619980449653e-02,2.184439063268122538e+01,-3.468361806867441971e-02
7.044042407771273417e+01,0.000000000000000000e+00,0.000000000000000000e+00,4.000000000000000000e+00,0.000000000000000000e+00,-1.371776551218654300e-02,4.000000000000000000e+00,1.249772619980449653e-02,2.185688835888102943e+01,-4.157159404048536844e-02
7.049045552698379424e+01,0.000000000000000000e+00,0.000000000000000000e+00,4.000000000000000000e+00,0.000000000000000000e+00,-1.509469684173794270e-02,4.000000000000000000e+00,1.249772619980449653e-02,2.186938608508083348e+01,-4.574497996308799636e-02
7.054026528133498175e+01,0.000000000000000000e+00,0.000000000000000000e+00,4.000000000000000000e+00,0.000000000000000000e+00,-1.612539190737009506e-02,4.000000000000000000e+00,1.249772619980449653e-02,2.188188381128063753e+01,-4.886905981408915661e-02
7.059007420356221019e+01,0.000000000000000000e+00,0.000000000000000000e+00,4.000000000000000000e+00,0.000000000000000000e+00,-1.694222711556093650e-02,4.000000000000000000e+00,1.249772619980449653e-02,2.189438153748044158e+01,-5.134499493539872172e-02
7.064008461393008531e+01,0.000000000000000000e+00,0.000000000000000000e+00,4.000000000000000000e+00,0.000000000000000000e+00,-1.738017601381429064e-02,4.000000000000000000e+00,1.249772619980449653e-02,2.190687926368024563e+01,-5.267250375217106401e-02
7.068997648535439282e+01,0.000000000000000000e+00,0.000000000000000000e+00,4.000000000000000000e+00,0.000000000000000000e+00,-1.725843449247550440e-02,4.000000000000000000e+00,1.249772619980449653e-02,2.191937698988004968e+01,-5.230347936981650375e-02
7.073987350489097992e+01,0.000000000000000000e+00,0.000000000000000000e+00,4.000000000000000000e+00,0.000000000000000000e+00,-1.659249140028769623e-02,4.000000000000000000e+00,1.249772619980449653e-02,2.193187471607985373e+01,-5.028489171270215247e-02
7.078987801216510434e+01,0.000000000000000000e+00,0.000000000000000000e+00,4.000000000000000000e+00,0.000000000000000000e+00,-1.565499161350696750e-02,4.000000000000000000e+00,1.249772619980449653e-02,2.194437244227965778e+01,-4.744324436630969338e-02
7.083976209576907479e+01,0.000000000000000000e+00,0.000000000000000000e+00,4.000000000000000000e+00,0.000000000000000000e+00,-1.486653294208491183e-02,4.000000000000000000e+00,1.249772619980449653e-02,2.195687016847946182e+01,-4.505341901587821274e-02
7.088963288755289227e+01,0.000000000000000000e+00,0.000000000000000000e+00,4.000000000000000000e+00,0.000000000000000000e+00,-1.455409300864259591e-02,4.000000000000000000e+00,1.249772619980449653e-02,2.196936789467926587e+01,-4.410642642299449079e-02
7.093950490217035565e+01,0.000000000000000000e+00,0.000000000000000000e+00,4.000000000000000000e+00,0.000000000000000000e+00,-1.473871359759333817e-02,4.000000000000000000e+00,1.249772619980449653e-02,2.198186562087906992e+01,-4.466600278487015130e-02
7.098939196602859170e+01,0.000000000000000000e+00,0.000000000000000000e+00,4.000000000000000000e+00,0.000000000000000000e+00,-1.511147858871411155e-02,4.000000000000000000e+00,1.249772619980449653e-02,2.199436334707887397e+01,-4.579584534348170310e-02
7.103940278164058952e+01,0.000000000000000000e+00,0.000000000000000000e+00,4.000000000000000000e+00,0.000000000000000000e+00,-1.518180074129205602e-02,4.000000000000000000e+00,1.249772619980449653e-02,2.200686107327867802e+01,-4.600899167206294604e-02
7.108929369400931364e+01,0.000000000000000000e+00,0.000000000000000000e+00,4.000000000000000000e+00,0.000000000000000000e+00,-1.445867739809860060e-02,4.000000000000000000e+00,1.249772619980449653e-02,2.201935879947848207e+01,-4.381722735560708570e-02
7.113917391908452714e+01,0.000000000000000000e+00,0.000000000000000000e+00,4.000000000000000000e+00,0.000000000000000000e+00,-1.259601300961694925e-02,4.000000000000000000e+00,1.249772619980449653e-02,2.203185652567828612e+01,-3.817175518521923744e-02
7.118916435691200206e+01,0.000000000000000000e+00,0.000000000000000000e+00,4.000000000000000000e+00,0.000000000000000000e+00,-9.530175910607868728e-03,4.000000000000000000e+00,1.249772619980449653e-02,2.204435425187809017e+01,-2.888019528725016896e-02
7.123915634163330424e+01,0.000000000000000000e+00,0.000000000000000000e+00,4.000000000000000000e+00,0.000000000000000000e+00,-5.567470667291320868e-03,4.000000000000000000e+00,1.249772619980449653e-02,2.205685197807789422e+01,-1.687129755292593458e-02
7.128915295251725581e+01,0.000000000000000000e+00,0.000000000000000000e+00,4.000000000000000000e+00,0.000000000000000000e+00,-1.310728480103574454e-03,4.000000000000000000e+00,1.249772619980449653e-02,2.206934970427769827e+01,-3.971906759753324363e-03
7.133902882621539732e+01,0.000000000000000000e+00,0.000000000000000000e+00,4.000000000000000000e+00,0.000000000000000000e+00,2.570921946743333353e-03,4.000000000000000000e+00,1.249772619980449653e-02,2.208184743047750231e+01,7.790689730447050015e-03
7.138889478989057125e+01,0.000000000000000000e+00,0.000000000000000000e+00,4.000000000000000000e+00,0.000000000000000000e+00,5.611955973347047127e-03,4.000000000000000000e+00,1.249772619980449653e-02,2.209434515667730636e+01,1.700610572271603685e-02
7.143887634827628119e+01,0.000000000000000000e+00,0.000000000000000000e+00,4.000000000000000000e+00,0.000000000000000000e+00,7.793581060945583595e-03,4.000000000000000000e+00,1.249772619980449653e-02,2.210684288287711041e+01,2.361739048052264103e-02
7.148873851382386135e+01,0.000000000000000000e+00,0.000000000000000000e+00,4.000000000000000000e+00,0.000000000000000000e+00,9.707301140873387385e-03,4.000000000000000000e+00,1.249772619980449653e-02,2.211934060907691446e+01,2.941698807327772919e-02
7.153859329604196660e+01,0.000000000000000000e+00,0.000000000000000000e+00,4.000000000000000000e+00,0.000000000000000000e+00,1.247427833168885010e-02,4.000000000000000000e+00,1.249772619980449653e-02,2.213183833527671851e+01,3.780280425116647192e-02
7.158844055904447146e+01,0.000000000000000000e+00,0.000000000000000000e+00,4.000000000000000000e+00,0.000000000000000000e+00,1.729697969817831776e-02,4.000000000000000000e+00,1.249772619980449653e-02,2.214433606147652256e+01,5.242031789854510043e-02
7.163838903603696906e+01,0.000000000000000000e+00,0.000000000000000000e+00,4.000000000000000000e+00,0.000000000000000000e+00,2.482639366810278359e-02,4.000000000000000000e+00,1.249772619980449653e-02,2.215683378767632661e+01,7.524695608189158058e-02
7.168842577003387362e+01,0.000000000000000000e+00,0.000000000000000000e+00,4.000000000000000000e+00,0.000000000000000000e+00,3.474854946057909233e-02,4.000000000000000000e+00,1.249772619980449653e-02,2.216933151387613066e+01,1.053410365643833307e-01
7.173831835970894133e+01,0.000000000000000000e+00,0.000000000000000000e+00,4.000000000000000000e+00,0.000000000000000000e+00,4.584402144075241936e-02,4.000000000000000000e+00,1.249772619980449653e-02,2.218182924007593471e+01,1.390186814048803288e-01
7.178825521139609123e+01,0.000000000000000000e+00,0.000000000000000000e+00,4.000000000000000000e+00,0.000000000000000000e+00,5.645988366611782300e-02,4.000000000000000000e+00,1.249772619980449653e-02,2.219432696627573876e+01,1.712725848448502231e-01
7.183819639672209689e+01,0.000000000000000000e+00,0.000000000000000000e+00,4.000000000000000000e+00,-1.584781076440424652e+00,6.515020176365696192e-02,4.000000000000000000e+00,1.252882185831221025e-02,2.220682469247554280e+01,1.977046553661792050e-01
7.188797394634603677e+01,0.000000000000000000e+00,0.000000000000000000e+00,3.980144560208853655e+00,-4.000000000000006217e+00,7.118225139987946481e-02,3.980144560208853655e+00,1.264036053644255336e-02,2.221935351433385364e+01,2.160688494675409577e-01
7.193765344850487509e+01,0.000000000000000000e+00,0.000000000000000000e+00,3.929583118063083358e+00,-3.238293117741229743e+00,7.465881015691216982e-02,3.929583118063083358e+00,1.278907497585633941e-02,2.223199387487029455e+01,2.266601050163432329e-01
7.198746116944239759e+01,0.000000000000000000e+00,0.000000000000000000e+00,3.888168344586491187e+00,-1.066254877610562701e+00,7.625160910784628543e-02,3.888168344586491187e+00,1.287993273278021343e-02,2.224478294984615090e+01,2.315143547460687401e-01
7.203728178464520226e+01,0.000000000000000000e+00,0.000000000000000000e+00,3.874435053486868341e+00,-3.804952405512130875e-01,7.679100993082291216e-02,3.874435053486868341e+00,1.291094494034680969e-02,2.225766288257893066e+01,2.331585113350896354e-01
7.208710407357521888e+01,0.000000000000000000e+00,0.000000000000000000e+00,3.869522500386047614e+00,-3.193825213479256409e+00,7.698534478061240527e-02,3.869522500386047614e+00,1.298876456569385794e-02,2.227057382751927861e+01,2.337509000039227069e-01
7.213703073173307700e+01,0.000000000000000000e+00,0.000000000000000000e+00,3.828038656624188629e+00,-3.999999999999993339e+00,7.739132103330453871e-02,3.828038656624188629e+00,1.314948124310046963e-02,2.228356259208497292e+01,2.349884900669675925e-01
7.218677665461251536e+01,0.000000000000000000e+00,0.000000000000000000e+00,3.775440731651786841e+00,-3.999999999999999112e+00,7.850357708387933897e-02,3.775440731651786841e+00,1.333528131769535011e-02,2.229671207332807370e+01,2.383795248735816608e-01
7.223654462189068681e+01,0.000000000000000000e+00,0.000000000000000000e+00,3.722099606381005454e+00,-3.999999999999997335e+00,8.068315674406446869e-02,3.722099606381005454e+00,1.352918727089137164e-02,2.231004735464576783e+01,2.450263337683102893e-01
7.228650938342097731e+01,0.000000000000000000e+00,0.000000000000000000e+00,3.667982857297440002e+00,-4.000000000000005329e+00,8.390498978602108082e-02,3.667982857297440002e+00,1.373180621685996840e-02,2.232357654191665830e+01,2.548558915332060915e-01
7.233638938849273359e+01,0.000000000000000000e+00,0.000000000000000000e+00,3.613055632430000053e+00,-3.999999999999980016e+00,8.763645883103876599e-02,3.613055632430000053e+00,1.394381090400982626e-02,2.233730834813351862e+01,2.662469814937707957e-01
7.238627282834637811e+01,0.000000000000000000e+00,0.000000000000000000e+00,3.557280388813961025e+00,-3.011352916387529444e+00,9.102152328972291928e-02,3.557280388813961025e+00,1.413772511384743177e-02,2.235125215903752860e+01,2.765870537265929796e-01
7.243616004070912595e+01,0.000000000000000000e+00,0.000000000000000000e+00,3.514706709061291345e+00,-7.310255571308900135e-01,9.322728723432147091e-02,3.514706709061291345e+00,1.424445141318130513e-02,2.236538988415137652e+01,2.833282398171071970e-01
7.248605008782470804e+01,0.000000000000000000e+00,0.000000000000000000e+00,3.504293651030946588e+00,1.363696341251591004e+00,9.377892482506490490e-02,3.504293651030946588e+00,1.422623597876710062e-02,2.237963433556455684e+01,2.850145693009019099e-01
7.253587530024296370e+01,0.000000000000000000e+00,0.000000000000000000e+00,3.523693916984973029e+00,2.500000000000015099e+00,9.275506624241790232e-02,3.523693916984973029e+00,1.411638343721302417e-02,2.239386057154332477e+01,2.818848212653753404e-01
7.258572295442037614e+01,0.000000000000000000e+00,0.000000000000000000e+00,3.558984875578005802e+00,2.500000000000011546e+00,9.069366939201310707e-02,3.558984875578005802e+00,1.397777284012094098e-02,2.240797695498053699e+01,2.755853102928537690e-01
7.263565373187653051e+01,0.000000000000000000e+00,0.000000000000000000e+00,3.593929307678308316e+00,2.499999999999997335e+00,8.821717788469102262e-02,3.593929307678308316e+00,1.384316689419852649e-02,2.242195472782065835e+01,2.680204115662555564e-01
7.268559054587886692e+01,0.000000000000000000e+00,0.000000000000000000e+00,3.628537224913804593e+00,2.499999999999985345e+00,8.566915470003101662e-02,3.628537224913804593e+00,1.371237640180717268e-02,2.243579789471485597e+01,2.602404634330049427e-01
7.273559888847898947e+01,0.000000000000000000e+00,0.000000000000000000e+00,3.662818165918322322e+00,2.499999999999979128e+00,8.306121618839198972e-02,3.662818165918322322e+00,1.358522444769641110e-02,2.244951027111666164e+01,2.522810985023415942e-01
7.278549517058729634e+01,0.000000000000000000e+00,0.000000000000000000e+00,3.696781227037563067e+00,2.500000000000002665e+00,8.028439433098159828e-02,3.696781227037563067e+00,1.346154539246436493e-02,2.246309549556435670e+01,2.438101014869226146e-01
7.283538218582758361e+01,0.000000000000000000e+00,0.000000000000000000e+00,3.730435090518724017e+00,2.499999999999986233e+00,7.730035280411862164e-02,3.730435090518724017e+00,1.334118396503488312e-02,2.247655704095681983e+01,2.347111730565411003e-01
7.288539460832568295e+01,0.000000000000000000e+00,0.000000000000000000e+00,3.763788050431311039e+00,2.499999999999994671e+00,7.419636573875572350e-02,3.763788050431311039e+00,1.322399444284168626e-02,2.248989822492185553e+01,2.252509667990515441e-01
7.293538953547148651e+01,0.000000000000000000e+00,0.000000000000000000e+00,3.796848036538415183e+00,2.500000000000004441e+00,7.119494851086391463e-02,3.796848036538415183e+00,1.310983990987446557e-02,2.250312221936469825e+01,2.161075212119059341e-01
7.298539085544244642e+01,0.000000000000000000e+00,0.000000000000000000e+00,3.829622636313101403e+00,2.500000000000003553e+00,6.863380285660738989e-02,3.829622636313101403e+00,1.299859158399561607e-02,2.251623205927457150e+01,2.083084093292700278e-01
7.303540361060342434e+01,0.000000000000000000e+00,0.000000000000000000e+00,3.862119115273090486e+00,2.499999999999985789e+00,6.685206509111168982e-02,3.862119115273090486e+00,1.289012820601172574e-02,2.252923065085856535e+01,2.028843490016781492e-01
7.308538595569169161e+01,0.000000000000000000e+00,0.000000000000000000e+00,3.894344435788119618e+00,2.500000000000008438e+00,6.602634749687968929e-02,3.894344435788119618e+00,1.278433548390949318e-02,2.254212077906457878e+01,2.003710967254079545e-01
7.313542321635631538e+01,0.000000000000000000e+00,0.000000000000000000e+00,3.926305274497893461e+00,2.500000000000009770e+00,6.603954847964968455e-02,3.926305274497893461e+00,1.268110558646421901e-02,2.255490511454848956e+01,2.004112746387912702e-01
7.318546573052100257e+01,0.000000000000000000e+00,0.000000000000000000e+00,3.958008038464054135e+00,2.499999999999988898e+00,6.642863774746730898e-02,3.958008038464054135e+00,1.258033668111947605e-02,2.256758622013495241e+01,2.015955206827556301e-01
7.323551359017470475e+01,0.000000000000000000e+00,0.000000000000000000e+00,3.989458880166852683e+00,8.423316580895250372e-01,6.647705066738776591e-02,3.989458880166852683e+00,1.251421543036315698e-02,2.258016655681607077e+01,2.017428762628031280e-01
7.328556575731744260e+01,0.000000000000000000e+00,0.000000000000000000e+00,4.000000000000000000e+00,0.000000000000000000e+00,6.549709805180703448e-02,4.000000000000000000e+00,1.249772619980449653e-02,2.259268077224643534e+01,1.987603547042998964e-01
7.333559114548612001e+01,0.000000000000000000e+00,0.000000000000000000e+00,4.000000000000000000e+00,0.000000000000000000e+00,6.318636459928361759e-02,4.000000000000000000e+00,1.249772619980449653e-02,2.260517849844623939e+01,1.917290605505817536e-01
7.338563088700614401e+01,0.000000000000000000e+00,0.000000000000000000e+00,4.000000000000000000e+00,0.000000000000000000e+00,5.983800849750363360e-02,4.000000000000000000e+00,1.249772619980449653e-02,2.261767622464604344e+01,1.815440282955843310e-01
7.343567915320522843e+01,0.000000000000000000e+00,0.000000000000000000e+00,4.000000000000000000e+00,0.000000000000000000e+00,5.625820616153420078e-02,4.000000000000000000e+00,1.249772619980449653e-02,2.263017395084584749e+01,1.706594955692705695e-01
7.348576134856239150e+01,0.000000000000000000e+00,0.000000000000000000e+00,4.000000000000000000e+00,0.000000000000000000e+00,5.342331066589953159e-02,4.000000000000000000e+00,1.249772619980449653e-02,2.264267167704565153e+01,1.620430091630077341e-01
7.353584883286229967e+01,0.000000000000000000e+00,0.000000000000000000e+00,4.000000000000000000e+00,0.000000000000000000e+00,5.208092543150714265e-02,4.000000000000000000e+00,1.249772619980449653e-02,2.265516940324545558e+01,1.579638335564989837e-01
7.358594153551425165e+01,0.000000000000000000e+00,0.000000000000000000e+00,4.000000000000000000e+00,0.000000000000000000e+00,5.253970390388100487e-02,4.000000000000000000e+00,1.249772619980449653e-02,2.266766712944525963e+01,1.593578825304370894e-01
7.363603820304192027e+01,0.000000000000000000e+00,0.000000000000000000e+00,4.000000000000000000e+00,0.000000000000000000e+00,5.468403261877691213e-02,4.000000000000000000e+00,1.249772619980449653e-02,2.268016485564506368e+01,1.658745633615005266e-01
7.368611916583100196e+01,0.000000000000000000e+00,0.000000000000000000e+00,4.000000000000000000e+00,0.000000000000000000e+00,5.799680317476205160e-02,4.000000000000000000e+00,1.249772619980449653e-02,2.269266258184486773e+01,1.759452041332307815e-01
7.373622575386032452e+01,0.000000000000000000e+00,0.000000000000000000e+00,4.000000000000000000e+00,0.000000000000000000e+00,6.147471281718030339e-02,4.000000000000000000e+00,1.249772619980449653e-02,2.270516030804467178e+01,1.865220320661625519e-01
7.378633668494734366e+01,0.000000000000000000e+00,0.000000000000000000e+00,4.000000000000000000e+00,0.000000000000000000e+00,6.361193574219994873e-02,4.000000000000000000e+00,1.249772619980449653e-02,2.271765803424447583e+01,1.930238675398963932e-01
7.383643824617817586e+01,0.000000000000000000e+00,0.000000000000000000e+00,4.000000000000000000e+00,0.000000000000000000e+00,6.261321166183939080e-02,4.000000000000000000e+00,1.249772619980449653e-02,2.273015576044427988e+01,1.899853437003145851e-01
7.388656016162103413e+01,0.000000000000000000e+00,0.000000000000000000e+00,4.000000000000000000e+00,0.000000000000000000e+00,5.681001563183082220e-02,4.000000000000000000e+00,1.249772619980449653e-02,2.274265348664408393e+01,1.723370012981866872e-01
7.393668511830483681e+01,0.000000000000000000e+00,0.000000000000000000e+00,4.000000000000000000e+00,0.000000000000000000e+00,4.523919606387179215e-02,4.000000000000000000e+00,1.249772619980449653e-02,2.275515121284388798e+01,1.371820706082242658e-01
7.398680128583906424e+01,0.000000000000000000e+00,0.000000000000000000e+00,4.000000000000000000e+00,0.000000000000000000e+00,2.822404726268108385e-02,4.000000000000000000e+00,1.249772619980449653e-02,2.276764893904369202e+01,8.555013347610035401e-02
7.403693630717563678e+01,0.000000000000000000e+00,0.000000000000000000e+00,4.000000000000000000e+00,0.000000000000000000e+00,7.534779045206646715e-03,4.000000000000000000e+00,1.249772619980449653e-02,2.278014666524349607e+01,2.283309587530911802e-02
7.408708313384777000e+01,0.000000000000000000e+00,0.000000000000000000e+00,4.000000000000000000e+00,0.000000000000000000e+00,-1.410922017601277077e-02,4.000000000000000000e+00,1.249772619980449653e-02,2.279264439144330012e+01,-4.275804997524833284e-02
7.413698998767590354e+01,0.000000000000000000e+00,0.000000000000000000e+00,4.000000000000000000e+00,0.000000000000000000e+00,-3.388471917650548448e-02,4.000000000000000000e+00,1.249772619980449653e-02,2.280514211764310417e+01,-1.027202838041278710e-01
7.418687325212358985e+01,0.000000000000000000e+00,0.000000000000000000e+00,4.000000000000000000e+00,0.000000000000000000e+00,-4.959039311371035014e-02,4.000000000000000000e+00,1.249772619980449653e-02,2.281763984384290822e+01,-1.503972247172516430e-01
7.423673328207289046e+01,0.000000000000000000e+00,0.000000000000000000e+00,4.000000000000000000e+00,0.000000000000000000e+00,-6.004833434098381245e-02,4.000000000000000000e+00,1.249772619980449653e-02,2.283013757004271227e+01,-1.821836749553225887e-01
7.428656993584074542e+01,0.000000000000000000e+00,0.000000000000000000e+00,4.000000000000000000e+00,0.000000000000000000e+00,-6.515768971987764835e-02,4.000000000000000000e+00,1.249772619980449653e-02,2.284263529624251632e+01,-1.977274427390372236e-01
7.433638410813018993e+01,0.000000000000000000e+00,0.000000000000000000e+00,4.000000000000000000e+00,0.000000000000000000e+00,-6.565244296974835636e-02,4.000000000000000000e+00,1.249772619980449653e-02,2.285513302244232037e+01,-1.992331269129728466e-01
7.438617707091030695e+01,0.000000000000000000e+00,0.000000000000000000e+00,4.000000000000000000e+00,0.000000000000000000e+00,-6.271075851855355265e-02,4.000000000000000000e+00,1.249772619980449653e-02,2.286763074864212442e+01,-1.902821039480843412e-01
7.443619596568314023e+01,0.000000000000000000e+00,0.000000000000000000e+00,4.000000000000000000e+00,0.000000000000000000e+00,-5.758064441670089628e-02,4.000000000000000000e+00,1.249772619980449653e-02,2.288012847484192847e+01,-1.746798961285088159e-01
7.448620211607422448e+01,0.000000000000000000e+00,0.000000000000000000e+00,4.000000000000000000e+00,0.000000000000000000e+00,-5.132018586426161794e-02,4.000000000000000000e+00,1.249772619980449653e-02,2.289262620104173251e+01,-1.556523891619812361e-01
7.453621127056342743e+01,0.000000000000000000e+00,0.000000000000000000e+00,4.000000000000000000e+00,0.000000000000000000e+00,-4.468230141568423075e-02,4.000000000000000000e+00,1.249772619980449653e-02,2.290512392724153656e+01,-1.354910950725589369e-01
7.458622414450336180e+01,0.000000000000000000e+00,0.000000000000000000e+00,4.000000000000000000e+00,0.000000000000000000e+00,-3.812987260667995149e-02,4.000000000000000000e+00,1.249772619980449653e-02,2.291762165344134061e+01,-1.156010975874321861e-01
7.463621423689578194e+01,0.000000000000000000e+00,0.000000000000000000e+00,4.000000000000000000e+00,0.000000000000000000e+00,-3.196826094413269398e-02,4.000000000000000000e+00,1.249772619980449653e-02,2.293011937964114466e+01,-9.690653210865013412e-02
7.468622980950259205e+01,0.000000000000000000e+00,0.000000000000000000e+00,4.000000000000000000e+00,0.000000000000000000e+00,-2.654104936897841438e-02,4.000000000000000000e+00,1.249772619980449653e-02,2.294261710584094871e+01,-8.044631274372042451e-02
7.473625002627426284e+01,0.000000000000000000e+00,0.000000000000000000e+00,4.000000000000000000e+00,0.000000000000000000e+00,-2.230593589524738560e-02,4.000000000000000000e+00,1.249772619980449653e-02,2.295511483204075276e+01,-6.760495789894775676e-02
7.478624384837742411e+01,0.000000000000000000e+00,0.000000000000000000e+00,4.000000000000000000e+00,0.000000000000000000e+00,-1.965843210330772695e-02,4.000000000000000000e+00,1.249772619980449653e-02,2.296761255824055681e+01,-5.957868137703712513e-02
7.483623664966314948e+01,0.000000000000000000e+00,0.000000000000000000e+00,4.000000000000000000e+00,0.000000000000000000e+00,-1.864372847815368162e-02,4.000000000000000000e+00,1.249772619980449653e-02,2.298011028444036086e+01,-5.650269361947676122e-02
7.488622841448560052e+01,0.000000000000000000e+00,0.000000000000000000e+00,4.000000000000000000e+00,0.000000000000000000e+00,-1.880344735450728555e-02,4.000000000000000000e+00,1.249772619980449653e-02,2.299260801064016491e+01,-5.698685993119639859e-02
7.493621916664191929e+01,0.000000000000000000e+00,0.000000000000000000e+00,4.000000000000000000e+00,0.000000000000000000e+00,-1.925841571778528702e-02,4.000000000000000000e+00,1.249772619980449653e-02,2.300510573683996896e+01,-5.836605141518155099e-02
7.498620869685925072e+01,0.000000000000000000e+00,0.000000000000000000e+00,4.000000000000000000e+00,0.000000000000000000e+00,-1.901518040442328264e-02,4.000000000000000000e+00,1.249772619980449653e-02,2.301760346303977300e+01,-5.762870470841900683e-02
7.503622851446127129e+01,0.000000000000000000e+00,0.000000000000000000e+00,4.000000000000000000e+00,0.000000000000000000e+00,-1.737710512215626113e-02,4.000000000000000000e+00,1.249772619980449653e-02,2.303010118923957705e+01,-5.266319520881729277e-02
7.508625349519279268e+01,0.000000000000000000e+00,0.000000000000000000e+00,4.000000000000000000e+00,0.000000000000000000e+00,-1.419196497398269100e-02,4.000000000000000000e+00,1.249772619980449653e-02,2.304259891543938110e+01,-4.300884200248224903e-02
7.513624783249328232e+01,0.000000000000000000e+00,0.000000000000000000e+00,4.000000000000000000e+00,0.000000000000000000e+00,-9.753083443913651562e-03,4.000000000000000000e+00,1.249772619980449653e-02,2.305509664163918515e+01,-2.955573546066130389e-02
7.518624115740546188e+01,0.000000000000000000e+00,0.000000000000000000e+00,4.000000000000000000e+00,0.000000000000000000e+00,-4.488347500101224491e-03,4.000000000000000000e+00,1.249772619980449653e-02,2.306759436783898920e+01,-1.360114436361047931e-02
7.523623349128891391e+01,0.000000000000000000e+00,0.000000000000000000e+00,4.000000000000000000e+00,0.000000000000000000e+00,1.303120701206590031e-03,4.000000000000000000e+00,1.249772619980449653e-02,2.308009209403879325e+01,3.948852844930544892e-03
7.528622479009924007e+01,0.000000000000000000e+00,0.000000000000000000e+00,4.000000000000000000e+00,0.000000000000000000e+00,7.563005299971993674e-03,4.000000000000000000e+00,1.249772619980449653e-02,2.309258982023859730e+01,2.291863485507663126e-02
7.533621505148272490e+01,0.000000000000000000e+00,0.000000000000000000e+00,4.000000000000000000e+00,0.000000000000000000e+00,1.444323296991871335e-02,4.000000000000000000e+00,1.249772619980449653e-02,2.310508754643840135e+01,4.377041628321060723e-02
7.538620435044590806e+01,0.000000000000000000e+00,0.000000000000000000e+00,4.000000000000000000e+00,0.000000000000000000e+00,2.212237598582296114e-02,4.000000000000000000e+00,1.249772619980449653e-02,2.311758527263820540e+01,6.704844116918176611e-02
7.543619266037393345e+01,0.000000000000000000e+00,0.000000000000000000e+00,4.000000000000000000e+00,0.000000000000000000e+00,3.052002944722014693e-02,4.000000000000000000e+00,1.249772619980449653e-02,2.313008299883800944e+01,9.251366413809702927e-02
7.548617986584761752e+01,0.000000000000000000e+00,0.000000000000000000e+00,4.000000000000000000e+00,0.000000000000000000e+00,3.909235577431723757e-02,4.000000000000000000e+00,1.249772619980449653e-02,2.314258072503781349e+01,1.185220659421519218e-01
7.553613682318534472e+01,0.000000000000000000e+00,0.000000000000000000e+00,4.000000000000000000e+00,0.000000000000000000e+00,4.684387554024189992e-02,4.000000000000000000e+00,1.249772619980449653e-02,2.315507845123761754e+01,1.420550593147507090e-01
7.558609881125769903e+01,0.000000000000000000e+00,0.000000000000000000e+00,4.000000000000000000e+00,0.000000000000000000e+00,5.251644002142095979e-02,4.000000000000000000e+00,1.249772619980449653e-02,2.316757617743742159e+01,1.592871910444169925e-01
7.563609068839234340e+01,0.000000000000000000e+00,0.000000000000000000e+00,4.000000000000000000e+00,0.000000000000000000e+00,5.491994031512501678e-02,4.000000000000000000e+00,1.249772619980449653e-02,2.318007390363722564e+01,1.665915864221236553e-01
7.568605242621255513e+01,0.000000000000000000e+00,0.000000000000000000e+00,4.000000000000000000e+00,0.000000000000000000e+00,5.340557107701084799e-02,4.000000000000000000e+00,1.249772619980449653e-02,2.319257162983702969e+01,1.619890991685245529e-01
7.573598923629910473e+01,0.000000000000000000e+00,0.000000000000000000e+00,4.000000000000000000e+00,0.000000000000000000e+00,4.826387184128454189e-02,4.000000000000000000e+00,1.249772619980449653e-02,2.320506935603683374e+01,1.463678245492707752e-01
7.578595034357194038e+01,0.000000000000000000e+00,0.000000000000000000e+00,4.000000000000000000e+00,0.000000000000000000e+00,4.070634489249749799e-02,4.000000000000000000e+00,1.249772619980449653e-02,2.321756708223663779e+01,1.234207374673244317e-01
7.583593033009564977e+01,0.000000000000000000e+00,0.000000000000000000e+00,4.000000000000000000e+00,0.000000000000000000e+00,3.241092883086171828e-02,4.000000000000000000e+00,1.249772619980449653e-02,2.323006480843644184e+01,9.824934086687069079e-02
7.588591042384605601e+01,0.000000000000000000e+00,0.000000000000000000e+00,4.000000000000000000e+00,0.000000000000000000e+00,2.493887250123370120e-02,4.000000000000000000e+00,1.249772619980449653e-02,2.324256253463624589e+01,7.558801215086270731e-02
7.593590660338155374e+01,0.000000000000000000e+00,0.000000000000000000e+00,4.000000000000000000e+00,0.000000000000000000e+00,1.929406357081576984e-02,4.000000000000000000e+00,1.249772619980449653e-02,2.325506026083604993e+01,5.847411536097133627e-02
7.598590431022984149e+01,0.000000000000000000e+00,0.000000000000000000e+00,4.000000000000000000e+00,0.000000000000000000e+00,1.577006805033964038e-02,4.000000000000000000e+00,1.249772619980449653e-02,2.326755798703585398e+01,4.779204694849386453e-02
7.603588598025928036e+01,0.000000000000000000e+00,0.000000000000000000e+00,4.000000000000000000e+00,0.000000000000000000e+00,1.413562074893253383e-02,4.000000000000000000e+00,1.249772619980449653e-02,2.328005571323565803e+01,4.283806766926226417e-02
7.608586772667837295e+01,0.000000000000000000e+00,0.000000000000000000e+00,4.000000000000000000e+00,0.000000000000000000e+00,1.398443288728699364e-02,4.000000000000000000e+00,1.249772619980449653e-02,2.329255343943546208e+01,4.237983205305671103e-02
7.613584970913282746e+01,0.000000000000000000e+00,0.000000000000000000e+00,4.000000000000000000e+00,0.000000000000000000e+00,1.492603531749569015e-02,4.000000000000000000e+00,1.249772619980449653e-02,2.330505116563526613e+01,4.523376926107865875e-02
7.618584553038945728e+01,0.000000000000000000e+00,0.000000000000000000e+00,4.000000000000000000e+00,0.000000000000000000e+00,1.652106657496309194e-02,4.000000000000000000e+00,1.249772619980449653e-02,2.331754889183507018e+01,5.006839350542380274e-02
7.623584287364745649e+01,0.000000000000000000e+00,0.000000000000000000e+00,4.000000000000000000e+00,0.000000000000000000e+00,1.819222441207353838e-02,4.000000000000000000e+00,1.249772619980449653e-02,2.333004661803487423e+01,5.513403523022942371e-02
7.628582634943145990e+01,0.000000000000000000e+00,0.000000000000000000e+00,4.000000000000000000e+00,0.000000000000000000e+00,1.931816115112040128e-02,4.000000000000000000e+00,1.249772619980449653e-02,2.334254434423467828e+01,5.854716555591740756e-02
7.633580993890630850e+01,0.000000000000000000e+00,0.000000000000000000e+00,4.000000000000000000e+00,0.000000000000000000e+00,1.944601940821793357e-02,4.000000000000000000e+00,1.249772619980449653e-02,2.335504207043448233e+01,5.893476040812996308e-02
7.638579379051691376e+01,0.000000000000000000e+00,0.000000000000000000e+00,4.000000000000000000e+00,0.000000000000000000e+00,1.845470750678719629e-02,4.000000000000000000e+00,1.249772619980449653e-02,2.336753979663428638e+01,5.592970566809412486e-02
7.643577805610172504e+01,0.000000000000000000e+00,0.000000000000000000e+00,4.000000000000000000e+00,0.000000000000000000e+00,1.658448763901098841e-02,4.000000000000000000e+00,1.249772619980449653e-02,2.338003752283409042e+01,5.026063121530895128e-02
7.648576286877498376e+01,0.000000000000000000e+00,0.000000000000000000e+00,4.000000000000000000e+00,0.000000000000000000e+00,1.430046494371231547e-02,4.000000000000000000e+00,1.249772619980449653e-02,2.339253524903389447e+01,4.333769652790137733e-02
7.653575687909567193e+01,0.000000000000000000e+00,0.000000000000000000e+00,4.000000000000000000e+00,0.000000000000000000e+00,1.202047065783638964e-02,4.000000000000000000e+00,1.249772619980449653e-02,2.340503297523369852e+01,3.642742316395776447e-02
7.658575207553266750e+01,0.000000000000000000e+00,0.000000000000000000e+00,4.000000000000000000e+00,0.000000000000000000e+00,9.887522927416845728e-03,4.000000000000000000e+00,1.249772619980449653e-02,2.341753070143350257e+01,2.996316712630359147e-02
7.663573798694748973e+01,0.000000000000000000e+00,0.000000000000000000e+00,4.000000000000000000e+00,0.000000000000000000e+00,7.775125650592597942e-03,4.000000000000000000e+00,1.249772619980449653e-02,2.343002842763330662e+01,2.356146160559647110e-02
7.668572424328681336e+01,0.000000000000000000e+00,0.000000000000000000e+00,4.000000000000000000e+00,0.000000000000000000e+00,5.493444446476608393e-03,4.000000000000000000e+00,1.249772619980449653e-02,2.344252615383311067e+01,1.664696881032661294e-02
7.673571097254385620e+01,0.000000000000000000e+00,0.000000000000000000e+00,4.000000000000000000e+00,0.000000000000000000e+00,2.989461767868164133e-03,4.000000000000000000e+00,1.249772619980449653e-02,2.345502388003291472e+01,9.059002040571766459e-03
7.678570501073333787e+01,0.000000000000000000e+00,0.000000000000000000e+00,4.000000000000000000e+00,0.000000000000000000e+00,4.241071160966073273e-04,4.000000000000000000e+00,1.249772619980449653e-02,2.346752160623271877e+01,1.285173156133976539e-03
7.683570029178800098e+01,0.000000000000000000e+00,0.000000000000000000e+00,4.000000000000000000e+00,0.000000000000000000e+00,-1.831343252208601259e-03,4.000000000000000000e+00,1.249772619980449653e-02,2.348001933243252282e+01,-5.549531210733539034e-03
7.688568774262827787e+01,0.000000000000000000e+00,0.000000000000000000e+00,4.000000000000000000e+00,0.000000000000000000e+00,-3.250916024411120656e-03,4.000000000000000000e+00,1.249772619980449653e-02,2.349251705863232687e+01,-9.851295384382129788e-03
7.693567542070314857e+01,0.000000000000000000e+00,0.000000000000000000e+00,4.000000000000000000e+00,0.000000000000000000e+00,-3.325892628652428289e-03,4.000000000000000000e+00,1.249772619980449653e-02,2.350501478483213091e+01,-1.007849967241095102e-02
7.698566975578249583e+01,0.000000000000000000e+00,0.000000000000000000e+00,4.000000000000000000e+00,0.000000000000000000e+00,-1.836129355474168693e-03,4.000000000000000000e+00,1.249772619980449653e-02,2.351751251103193496e+01,-5.564034602731447905e-03
7.703566330524837724e+01,0.000000000000000000e+00,0.000000000000000000e+00,4.000000000000000000e+00,0.000000000000000000e+00,9.493741261672141623e-04,4.000000000000000000e+00,1.249772619980449653e-02,2.353001023723173901e+01,2.876892155740923013e-03
7.708565690233221801e+01,0.000000000000000000e+00,0.000000000000000000e+00,4.000000000000000000e+00,0.000000000000000000e+00,4.294030609093473470e-03,4.000000000000000000e+00,1.249772619980449653e-02,2.354250796343154306e+01,1.301229394363811846e-02
7.713565179049383858e+01,0.000000000000000000e+00,0.000000000000000000e+00,4.000000000000000000e+00,0.000000000000000000e+00,7.241040331698134908e-03,4.000000000000000000e+00,1.249772619980449653e-02,2.355500568963134711e+01,2.194292996979791549e-02
7.718563762452939159e+01,0.000000000000000000e+00,0.000000000000000000e+00,4.000000000000000000e+00,0.000000000000000000e+00,8.981693021738668820e-03,4.000000000000000000e+00,1.249772619980449653e-02,2.356750341583115116e+01,2.721798348388302508e-02
7.723562397467688356e+01,0.000000000000000000e+00,0.000000000000000000e+00,4.000000000000000000e+00,0.000000000000000000e+00,9.176473370321661452e-03,4.000000000000000000e+00,1.249772619980449653e-02,2.358000114203095521e+01,2.780827562260161298e-02
7.728561090103524123e+01,0.000000000000000000e+00,0.000000000000000000e+00,4.000000000000000000e+00,0.000000000000000000e+00,8.062418162379883860e-03,4.000000000000000000e+00,1.249772619980449653e-02,2.359249886823075926e+01,2.443209957454706149e-02
7.733559843150875679e+01,0.000000000000000000e+00,0.000000000000000000e+00,4.000000000000000000e+00,0.000000000000000000e+00,6.291489583199051487e-03,4.000000000000000000e+00,1.249772619980449653e-02,2.360499659443056331e+01,1.906537150360924568e-02
7.738559210442637948e+01,0.000000000000000000e+00,0.000000000000000000e+00,4.000000000000000000e+00,0.000000000000000000e+00,4.615456010906741208e-03,4.000000000000000000e+00,1.249772619980449653e-02,2.361749432063036735e+01,1.398632965051105174e-02
