s_m,ey_m,epsi_rad,v_mps,a_mps2,delta_rad,sdot_mps,dt_s,t_s,curvature_1pm
0.0,0.0,0.0,4.0,0.0,0.0036099535348846205,4.0,0.012497726199804497,0.0,0.010939300655518685
0.049990904799217986,0.0,0.0,4.0,0.0,0.0035511805307734926,4.0,0.012497726199804497,0.012497726199804497,0.010761198359665802
0.09998178565394736,0.0,0.0,4.0,0.0,0.004416749596340962,4.0,0.012497726199804497,0.024995452399608993,0.013384176717393644
0.1499715701233928,0.0,0.0,4.0,0.0,0.005924901965444576,4.0,0.012497726199804497,0.03749317859941349,0.017954458474502957
0.19996026123715982,0.0,0.0,4.0,0.0,0.0075482760084081835,4.0,0.012497726199804497,0.049990904799217986,0.022873998090053776
0.24995526012413938,0.0,0.0,4.0,0.0,0.008544515171553338,4.0,0.012497726199804497,0.06248863099902248,0.025893100360768546
0.29994899111210804,0.0,0.0,4.0,0.0,0.008152459168112457,4.0,0.012497726199804497,0.07498635719882697,0.024704969042724827
0.34993635309912136,0.0,0.0,4.0,0.0,0.005981294188534818,4.0,0.012497726199804497,0.08748408339863147,0.0181253500552837
0.3999245381471418,0.0,0.0,4.0,0.0,0.002314978892813427,4.0,0.012497726199804497,0.09998180959843596,0.0070151000855892915
0.44991318106623984,0.0,0.0,4.0,0.0,-0.0019453754583468204,4.0,0.012497726199804497,0.11247953579824045,-0.005895084583128443
0.4999055450125098,0.0,0.0,4.0,0.0,-0.005625480396274878,4.0,0.012497726199804497,0.12497726199804494,-0.017047090116361414
0.5498968239374064,0.0,0.0,4.0,0.0,-0.007691180188303683,4.0,0.012497726199804497,0.13747498819784945,-0.02330706620373021
0.5998839643543054,0.0,0.0,4.0,0.0,-0.0076489891433945524,4.0,0.012497726199804497,0.14997271439765394,-0.02317920703063839
0.6498819327563305,0.0,0.0,4.0,0.0,-0.005755705514773078,4.0,0.012497726199804497,0.16247044059745844,-0.017441724467372154
0.6998809444972253,0.0,0.0,4.0,0.0,-0.0027654780289596715,4.0,0.012497726199804497,0.17496816679726293,-0.00838025781510773
0.7498673823301044,0.0,0.0,4.0,0.0,0.0006247798423456731,4.0,0.012497726199804497,0.18746589299706742,0.0018932724958785618
0.7998591141399886,0.0,0.0,4.0,0.0,0.004106118151187565,4.0,0.012497726199804497,0.19996361919687192,0.012442852206089487
0.8498502067682768,0.0,0.0,4.0,0.0,0.007698241647385636,4.0,0.012497726199804497,0.2124613453966764,0.023328465831601194
0.8998406937805528,0.0,0.0,4.0,0.0,0.01154688360634188,4.0,0.012497726199804497,0.2249590715964809,0.03499211156883349
0.9498306502695377,0.0,0.0,4.0,0.0,0.01573426048748854,4.0,0.012497726199804497,0.2374567977962854,0.04768351225370665
0.9998200053801305,0.0,0.0,4.0,0.0,0.020143054473093867,4.0,0.012497726199804497,0.2499545239960899,0.06104781580010775
1.0498143123791768,0.0,0.0,4.0,0.0,0.02448685293320592,4.0,0.012497726199804497,0.2624522501958944,0.07421741897481914
1.0998022551085027,0.0,0.0,4.0,0.0,0.028503661852688152,4.0,0.012497726199804497,0.2749499763956989,0.08639813246029297
1.149790587017432,0.0,0.0,4.0,0.0,0.03211764278323603,4.0,0.012497726199804497,0.2874477025955034,0.09735966944909892
1.1997796430292884,0.0,0.0,4.0,-2.0697456224101414,0.03543102617690156,4.0,0.012538399667807188,0.2999454287953079,0.10741169644973249
1.249769919849277,0.0,0.0,3.9740487021755273,-3.99999999999999,0.03859463613196952,3.9740487021755273,0.01265999985463554,0.31248382846311507,0.11701154661894171
1.2997608184272678,0.0,0.0,3.9234087027569853,-3.999999999999981,0.04171018422997739,3.9234087027569853,0.01282555510760181,0.3251438283177506,0.1264678465422585
1.3497500740754438,0.0,0.0,3.8721064823265783,-3.999999999999982,0.04489703285745427,3.8721064823265783,0.012997780307639931,0.33796938342535243,0.1361431035428415
1.3997432733353423,0.0,0.0,3.820115361096019,-3.9999999999999836,0.04846179764336715,3.820115361096019,0.013177135728378584,0.35096716373299236,0.14696900475182959
1.449740389454879,0.0,0.0,3.7674068181825047,-3.9999999999999805,0.05293121005192602,3.7674068181825047,0.013364127377308587,0.36414429946137095,0.16054757030210245
1.4997328653257835,0.0,0.0,3.7139503086732706,-3.999999999999989,0.058832895348998555,3.7139503086732706,0.013559313009709622,0.3775084268386795,0.17848748207012038
1.5497267874593248,0.0,0.0,3.6597130566344322,-3.9999999999999933,0.06635667952240229,3.6597130566344322,0.013763309138343916,0.39106773984838916,0.20137650143932992
1.5997227608485647,0.0,0.0,3.6046598200810567,-4.000000000000006,0.07510482322165458,3.6046598200810567,0.013976799239842498,0.40483104898673306,0.22801926675588183
1.649721502325735,0.0,0.0,3.5487526231216866,-4.000000000000003,0.0840834859240842,3.5487526231216866,0.014200543406994715,0.4188078482265756,0.25540062299137883
1.6997238148777156,0.0,0.0,3.4919504494937077,-3.9999999999999987,0.09198180876119204,3.4919504494937077,0.014435389758024391,0.4330083916335703,0.2795215103373882
1.7497306526456309,0.0,0.0,3.43420889046161,-3.242050965896119,0.09762159218448906,3.43420889046161,0.014658165204733741,0.4474437813915947,0.29676633137241315
1.7997409264039053,0.0,0.0,3.3866863718013382,0.08658186865424947,0.10036225977079119,3.3866863718013382,0.01475822391643125,0.4621019465963284,0.3051533092677277
1.8497853204304788,0.0,0.0,3.3879641664060407,2.500000000000003,0.10028707605057655,3.3879641664060407,0.01467597415010287,0.47686017051275964,0.304923171225005
1.8998430959553756,0.0,0.0,3.424654101781298,2.5000000000000204,0.09811597923021653,3.424654101781298,0.014520401404095887,0.4915361446628625,0.29827891575470344
1.9500925133840787,0.0,0.0,3.460955105291538,2.4999999999999907,0.09493698702295116,3.460955105291538,0.014369673655109647,0.5060565460669584,0.2885552800925473
2.000322419373339,0.0,0.0,3.496879289429312,2.5000000000000093,0.09191815759496937,3.496879289429312,0.014223544526104472,0.520426219722068,0.2793269879979067
2.0503207067094658,0.0,0.0,3.5324381507445732,-0.17976151430920748,0.09008281295298504,3.5324381507445732,0.014157054352580759,0.5346497642481726,0.2737190239719729
2.1003315000145872,0.0,0.0,3.5298932572159956,-4.0000000000000115,0.09012274851186568,3.5298932572159956,0.01427765775008856,0.5488068186007533,0.2738410286357471
2.1503569329053698,0.0,0.0,3.472782626215641,-3.99999999999999,0.09223764344641351,3.472782626215641,0.014516416054607554,0.5630844763508419,0.28030338177965297
2.200555070701569,0.0,0.0,3.414716961997211,-4.000000000000005,0.09607729399109942,3.414716961997211,0.01476756859345938,0.5776008924054494,0.2920424683246823
2.2507249320537333,0.0,0.0,3.3556466876233735,-4.000000000000005,0.10087597650616106,3.3556466876233735,0.015032226319143228,0.5923684609989088,0.30672589420092455
2.300714480623351,0.0,0.0,3.2955177823468005,-3.999999999999991,0.10574453795609114,3.2955177823468005,0.015311644805195236,0.6074006873180521,0.32163772954057274
2.3507192746115844,0.0,0.0,3.2342712031260197,-3.008731091856265,0.10996980789416246,3.2342712031260197,0.015569371854816298,0.6227123321232473,0.33459170995858767
2.4007400851514626,0.0,0.0,3.187427149945762,-2.0107468045325922,0.1131985539190734,3.187427149945762,0.015762143762860826,0.6382817039780636,0.3444986379926638
2.450984403753687,0.0,0.0,3.1557334697420063,-1.3661341806328244,0.1154636658532568,3.1557334697420063,0.01589598879396688,0.6540438477409244,0.3514531275182261
2.5012156306301474,0.0,0.0,3.134017416115612,-1.0353602942358326,0.11705480994058837,3.134017416115612,0.015993312577018252,0.6699398365348913,0.3563405395277152
2.5512297683210177,0.0,0.0,3.1174585753000645,-0.8382363244865648,0.11829008226475751,3.1174585753000645,0.01607050922300327,0.6859331491119096,0.36013610379533767
2.6012625712050794,0.0,0.0,3.103987690716347,-0.5634849812644495,0.11930934047865661,3.103987690716347,0.016128993904400587,0.7020036583349129,0.36326877020830084
2.651516557894247,0.0,0.0,3.0948992448883113,-0.08787393720658175,0.1200043956378366,3.0948992448883113,0.01615638172722598,0.7181326522393134,0.36540544473133135
2.701759213803353,0.0,0.0,3.0934795200149274,0.5859037780177415,0.12011351465809667,3.0934795200149274,0.016135433837563818,0.7342890339665394,0.3657409208442496
2.751791399840357,0.0,0.0,3.1029333316603114,1.3757644345162903,0.11938966735907568,3.1029333316603114,0.016053719866975052,0.7504244678041032,0.3635156854655601
2.80180653306187,0.0,0.0,3.1250194684949832,2.1684692793192997,0.11772365604004915,3.1250194684949832,0.01590917544446044,0.7664781876710782,0.35839553443622496
2.851831321415569,0.0,0.0,3.1595180267055967,2.500000000000007,0.11518966223312073,3.1595180267055967,0.01572449647151326,0.7823873631155387,0.35061167147448474
2.9019024695374327,0.0,0.0,3.19882926788438,2.4999999999999947,0.1120356909697154,3.19882926788438,0.015533585969019225,0.798111859587052,0.34092973850611175
2.951992284034808,0.0,0.0,3.237663232806928,2.5000000000000093,0.10860983798833218,3.237663232806928,0.015349464612558825,0.8136454455560712,0.3304209699730173
3.0022897456739677,0.0,0.0,3.276036894338325,2.4999999999999973,0.10523645620915668,3.276036894338325,0.015171739302836879,0.82899491016863,0.3200808264222125
3.052574268017517,0.0,0.0,3.3139662425954173,2.4999999999999964,0.10211677626061308,3.3139662425954173,0.015000048086500704,0.8441666494714669,0.3105248952176037
3.102659939180014,0.0,0.0,3.351466362811669,2.499999999999993,0.09929738880723381,3.351466362811669,0.01483405705336733,0.8591666975579676,0.30189405328181046
3.1529472824958797,0.0,0.0,3.388551505445087,2.4999999999999942,0.09670053626376025,3.388551505445087,0.014673457603278485,0.874000754611335,0.2939487373616962
3.203221830283134,0.0,0.0,3.4252351494532833,2.5000000000000155,0.09420835784025433,3.4252351494532833,0.014517964031644669,0.8886742122146135,0.28632744638304886
3.2532529923332985,0.0,0.0,3.4615300595323952,2.4999999999999916,0.09175328156319118,3.4615300595323952,0.014367311390671716,0.9031921762462581,0.27882312612100063
3.303471515468486,0.0,0.0,3.4974483380090744,2.5000000000000115,0.08934999663141671,3.4974483380090744,0.014221253589823958,0.9175594876369298,0.27148039786696
3.353718386798594,0.0,0.0,3.5330014719836345,2.5000000000000013,0.08709100123367183,3.5330014719836345,0.014079561704527057,0.9317807412267538,0.264581399527621
3.4037755033778208,0.0,0.0,3.568200376244952,2.500000000000003,0.08514435313202649,3.568200376244952,0.013942022466657262,0.9458603029312809,0.25863849876548545
3.454020583041862,0.0,0.0,3.6030554324115953,2.5000000000000147,0.08370634949963249,3.6030554324115953,0.01380843691416703,0.9598023253979381,0.2542497037339304
3.5044249082735943,0.0,0.0,3.637576524697013,2.500000000000001,0.08289368864801555,3.637576524697013,0.013678619180392277,0.9736107623121051,0.25176992781625024
3.554614518011375,0.0,0.0,3.671773072647994,2.499999999999998,0.08267061914541673,3.671773072647994,0.01355239540628014,0.9872893814924973,0.25108930604570157
3.6046081675212007,0.0,0.0,3.705654061163694,1.2258799276374885,0.08286083116138232,3.705654061163694,0.013460471184609442,1.0008417768987774,0.2516696726333248
3.654608056876908,0.0,0.0,3.7221549826054496,-0.08602009864164767,0.08317445776218306,3.7221549826054496,0.013432719937413821,1.0143022480833868,0.2526266364695681
3.704790354456499,0.0,0.0,3.7209994987114077,1.0121455903613583,0.08322588403008227,3.7209994987114077,0.013410346870294474,1.0277349680208006,0.25278355738966474
3.7551208166790286,0.0,0.0,3.7345727221613925,2.5000000000000084,0.08262477260331094,3.7345727221613925,0.013326533683190032,1.041145314891095,0.2509494238183846
3.8054046148289213,0.0,0.0,3.7678890563693677,2.4999999999999756,0.08113736080746246,3.7678890563693677,0.013209726444613197,1.054471848574285,0.24641175961672251
3.8555339096443872,0.0,0.0,3.8009133724809003,2.5000000000000084,0.07876978957504813,3.8009133724809003,0.013095937853850215,1.0676815750188982,0.23919123847551996
3.9056846144433273,0.0,0.0,3.833653217115526,2.4999999999999916,0.07570264124556736,3.833653217115526,0.012985040090295328,1.0807775128727484,0.22984117583255353
3.955816526538355,0.0,0.0,3.866115817341264,2.5000000000000027,0.07217318360182018,3.866115817341264,0.012876912784747304,1.0937625529630437,0.2190871551672973
4.005931095484947,0.0,0.0,3.8983080993031325,2.499999999999977,0.06837479829821191,3.8983080993031325,0.01277144247004512,1.106639465747791,0.20751985224014327
4.056026985402439,0.0,0.0,3.930236705478245,2.4999999999999956,0.0643824745228267,3.930236705478245,0.012668522080410428,1.119410908217836,0.19536842301699378
4.105983081920924,0.0,0.0,3.961908010679271,2.500000000000007,0.06019633620999979,3.961908010679271,0.012568050494474079,1.1320794302982464,0.18263379053949888
4.156093053115995,0.0,0.0,3.9933281369154563,0.5334009369656878,0.055930608272470345,3.9933281369154563,0.012508157789330782,1.1446474807927205,0.16966364444186216
4.206149225123767,0.0,0.0,4.0,0.0,0.05192129490905933,4.0,0.012497726199804497,1.1571556385820512,0.15747879427916806
4.256184120908769,0.0,0.0,4.0,0.0,0.048638391385371314,4.0,0.012497726199804497,1.1696533647818557,0.14750540065672033
4.306271133476614,0.0,0.0,4.0,0.0,0.0465736029713632,4.0,0.012497726199804497,1.1821510909816602,0.14123426208866338
4.356334742432703,0.0,0.0,4.0,0.0,0.04610990585957662,4.0,0.012497726199804497,1.1946488171814647,0.1398260973487985
4.422470663822103,0.0,0.0,4.0,0.0,0.04723283868504904,4.0,0.012497726199804497,1.2071465433812691,0.14323634732511528
4.488533002578398,0.0,0.0,4.0,0.0,0.0493202889281101,4.0,0.012497726199804497,1.2196442695810736,0.14957672200492114
4.522412184848798,0.0,0.0,4.0,0.0,0.05140335178281082,4.0,0.012497726199804497,1.2321419957808781,0.15590507309930607
4.5562927646516975,0.0,0.0,4.0,0.0,0.05268604783334568,4.0,0.012497726199804497,1.2446397219806826,0.159802578819092
4.606284764678716,0.0,0.0,4.0,0.0,0.05279575120428547,4.0,0.012497726199804497,1.2571374481804871,0.1601359396948072
4.6564418766310585,0.0,0.0,4.0,0.0,0.05176378522503214,4.0,0.012497726199804497,1.2696351743802916,0.15700020708292153
4.70657643469508,0.0,0.0,4.0,0.0,0.049986759857160216,4.0,0.012497726199804497,1.282132900580096,0.15160131844209077
4.756544052491509,0.0,0.0,4.0,0.0,0.04804757616567934,4.0,0.012497726199804497,1.2946306267799006,0.14571086080105405
4.806352863380566,0.0,0.0,4.0,0.0,0.046393597183774976,4.0,0.012497726199804497,1.307128352979705,0.14068760968851093
4.8561128948451175,0.0,0.0,4.0,0.0,0.04520538209467536,4.0,0.012497726199804497,1.3196260791795096,0.13707939419904436
4.905979453409771,0.0,0.0,4.0,0.0,0.044502579902254126,4.0,0.012497726199804497,1.332123805379314,0.13494540003656502
4.955991811988617,0.0,0.0,4.0,0.0,0.04427591244490505,4.0,0.012497726199804497,1.3446215315791186,0.13425717375655122
5.006079334064062,0.0,0.0,4.0,0.0,0.04452484944480315,4.0,0.012497726199804497,1.357119257778923,0.1350130173921826
5.055971570555932,0.0,0.0,4.0,0.0,0.04522667912332106,4.0,0.012497726199804497,1.3696169839787276,0.13714406277362615
5.105741113026128,0.0,0.0,4.0,0.0,0.04635331135927678,4.0,0.012497726199804497,1.382114710178532,0.14056526852664616
5.155661113678286,0.0,0.0,4.0,0.0,0.047960423226169745,4.0,0.012497726199804497,1.3946124363783365,0.14544615146063272
5.205558594306818,0.0,0.0,4.0,0.0,0.05021444970849909,4.0,0.012497726199804497,1.407110162578141,0.15229302246531068
5.255403088061303,0.0,0.0,4.0,0.0,0.05327880202850921,4.0,0.012497726199804497,1.4196078887779455,0.16160385540715383
5.3052234804366645,0.0,0.0,4.0,0.0,0.05714364371046548,4.0,0.012497726199804497,1.43210561497775,0.1733512846517672
5.355051642881255,0.0,0.0,4.0,0.0,0.06150938642717068,4.0,0.012497726199804497,1.4446033411775545,0.18662750191940244
5.404857716830962,0.0,0.0,4.0,0.0,0.06577886766748922,4.0,0.012497726199804497,1.457101067377359,0.1996178912907888
5.454642190495468,0.0,0.0,4.0,0.0,0.06918791815367516,4.0,0.012497726199804497,1.4695987935771635,0.2099955456786326
5.504620829574607,0.0,0.0,4.0,0.0,0.07105866759145796,4.0,0.012497726199804497,1.482096519776968,0.21569245242440196
5.554393190726594,0.0,0.0,4.0,0.0,0.07108971196132366,4.0,0.012497726199804497,1.4945942459767725,0.21578700309531804
5.604018841692359,0.0,0.0,4.0,0.0,0.06951355652964049,4.0,0.012497726199804497,1.507091972176577,0.21098708986084433
5.653855960640288,0.0,0.0,4.0,0.0,0.06696663677400405,4.0,0.012497726199804497,1.5195896983763815,0.20323309487831925
5.7036128280956735,0.0,0.0,4.0,0.0,0.06415627840133369,4.0,0.012497726199804497,1.532087424576186,0.1946801411492806
5.7533477830519875,0.0,0.0,4.0,0.0,0.06160906354700935,4.0,0.012497726199804497,1.5445851507759905,0.18693070133306694
5.803306025944037,0.0,0.0,4.0,0.0,0.059619718583739385,4.0,0.012497726199804497,1.557082876975795,0.18088017821093794
5.8530508900412,0.0,0.0,4.0,0.0,0.05829776062990905,4.0,0.012497726199804497,1.5695806031755994,0.1768602869353533
5.902741455614794,0.0,0.0,4.0,0.0,0.05765999594018858,4.0,0.012497726199804497,1.582078329375404,0.17492115540989275
5.952628716266485,0.0,0.0,4.0,0.0,0.057745153008614936,4.0,0.012497726199804497,1.5945760555752084,0.17518006824904633
6.002522714648731,0.0,0.0,4.0,0.0,0.05860940231552251,4.0,0.012497726199804497,1.607073781775013,0.17780788979090217
6.052300888875991,0.0,0.0,4.0,0.0,0.060169113023617486,4.0,0.012497726199804497,1.6195715079748174,0.18255099652052392
6.102042966952423,0.0,0.0,4.0,0.0,0.06211832197358417,4.0,0.012497726199804497,1.632069234174622,0.18847982985595144
6.151874624907751,0.0,0.0,4.0,0.0,0.06407210291955734,4.0,0.012497726199804497,1.6445669603744264,0.1944240125235886
6.201715787855363,0.0,0.0,4.0,0.0,0.06577677713192448,4.0,0.012497726199804497,1.657064686574231,0.19961152884568117
6.251634825320263,0.0,0.0,4.0,0.0,0.06719261942251559,4.0,0.012497726199804497,1.6695624127740354,0.20392098141294981
6.301646202880846,0.0,0.0,4.0,-0.08476624322071402,0.06845329451471184,4.0,0.012499381626692759,1.6820601389738399,0.20775883637985168
6.351579991804042,0.0,0.0,3.9989404743769232,-4.000000000000002,0.06975049565803038,3.9989404743769232,0.012580189036052618,1.6945595206005326,0.21170857980268423
6.4014277092702105,0.0,0.0,3.9486197182327127,-3.9999999999999853,0.07115815027377746,3.9486197182327127,0.012742592530673827,1.7071397096365852,0.21599544456911005
6.451369116355288,0.0,0.0,3.8976493481100176,-3.999999999999998,0.07253447726219243,3.8976493481100176,0.012911452913613515,1.7198823021672591,0.22018773603140546
6.501307865875101,0.0,0.0,3.8460035364555636,-4.000000000000001,0.07366082382987285,3.8460035364555636,0.013087209733251835,1.7327937550808727,0.22361921046419408
6.550938792412129,0.0,0.0,3.7936546975225562,-4.000000000000014,0.07450505875911011,3.7936546975225562,0.013270345605538478,1.7458809648141245,0.2261915904212481
6.600630205272894,0.0,0.0,3.740573315100402,-3.9999999999999964,0.07534774607924491,3.740573315100402,0.013461391796314571,1.759151310419663,0.2287595781520568
6.650439569332779,0.0,0.0,3.686727747915144,-3.9999999999999765,0.07668785391934642,3.686727747915144,0.013660934714324138,1.7726127022159777,0.23284406926206277
6.7002471230396825,0.0,0.0,3.6320840090578477,-3.9999999999999947,0.07899753478286867,3.6320840090578477,0.013869623495883962,1.7862736369303018,0.23988568781891204
6.750197053630843,0.0,0.0,3.576605515074312,-3.999999999999988,0.08244587944871451,3.576605515074312,0.014088178904988632,1.8001432604261858,0.2504036136810978
6.800137123130068,0.0,0.0,3.5202527994543575,-3.9999999999999907,0.08678867595364496,3.5202527994543575,0.01431740382728689,1.8142314393311745,0.2636583026090045
6.85027587814943,0.0,0.0,3.46298318414521,-4.0000000000000036,0.09154209495449205,3.46298318414521,0.014558195706667706,1.8285488431584613,0.27817776124532106
6.900520234030377,0.0,0.0,3.4047504013185392,-4.0000000000000115,0.09628780027851619,3.4047504013185392,0.014811561364318007,1.843107038865129,0.29268630400024276
6.950592136127046,0.0,0.0,3.345504155861267,-4.000000000000003,0.10086982148003358,3.345504155861267,0.015078634759200895,1.857918600229447,0.30670705152536215
7.0006979056149214,0.0,0.0,3.2851896168244634,-4.000000000000004,0.10539536394792227,3.2851896168244634,0.015360698405905353,1.872997234988648,0.32056774572481267
7.050895024451632,0.0,0.0,3.223746823200842,-3.9999999999999982,0.11006912468242083,3.223746823200842,0.015659209374754852,1.8883579333945533,0.3348963424272473
7.1008299353539055,0.0,0.0,3.1611099857018226,-4.0000000000000115,0.11495207945026426,3.1611099857018226,0.01597583107991536,1.9040171427693082,0.3498821058059276
7.150740583630507,0.0,0.0,3.097206661382161,-3.4828518809350886,0.11982736319931794,3.097206661382161,0.016289842199697164,1.9199929738492236,0.3648611940099568
7.200798216730321,0.0,0.0,3.04047155383681,-2.698285876533474,0.12429551876746356,3.04047155383681,0.016563563740126182,1.9362828160489207,0.3786048344262303
7.250816771410568,0.0,0.0,2.9957783237317654,-1.9248751841925085,0.12799175898487547,2.9957783237317654,0.016777549010972042,1.952846379789047,0.3899857122241587
7.300833952119223,0.0,0.0,2.963483635988972,-1.3618343318441604,0.13076502108851126,2.963483635988972,0.01693486142618479,1.969623928800019,0.39853179698255664
7.350594953743186,0.0,0.0,2.94042116029377,-1.207096538820344,0.13280036952092944,2.94042116029377,0.017061020151269896,1.9865587902262039,0.4048078870870888
7.400317057817589,0.0,0.0,2.919826861920428,-1.5539577005834972,0.13465783870703157,2.919826861920428,0.01719991158174829,2.0036198103774736,0.4105384563190199
7.450255012967494,0.0,0.0,2.893098926868615,-2.294494154328629,0.13712647089384405,2.893098926868615,0.01739941258318287,2.020819721959222,0.4181590264188446
7.500183040052447,0.0,0.0,2.85317607640775,-3.1513228895508614,0.14094049493125416,2.85317607640775,0.017694039916660836,2.038219134542405,0.4299430140159501
7.550078669906687,0.0,0.0,2.79741644340975,-3.8244676064084024,0.14653574380934645,2.79741644340975,0.018094184486879338,2.0559131744590657,0.44725355126315375
7.599943751063687,0.0,0.0,2.7282158209753025,-3.999999999999991,0.15390282611441658,2.7282158209753025,0.01857664179283995,2.074007358945945,0.47008960098078956
7.649779176522722,0.0,0.0,2.653909253803943,-3.7883983776983423,0.16254046320229673,2.653909253803943,0.019097002141040372,2.092584000738785,0.496930790215381
7.699679298955948,0.0,0.0,2.5815622018739237,-3.253833574271569,0.171602771237897,2.5815622018739237,0.019606863992723895,2.111681002879825,0.5251735644424056
7.749577560629606,0.0,0.0,2.5177647295282224,-2.6173154960300997,0.18022442337786926,2.5177647295282224,0.020064524039812827,2.1312878668725492,0.5521254339450912
7.79915995226915,0.0,0.0,2.465249539838352,-2.033515508766927,0.18780696770871674,2.465249539838352,0.020450727140697494,2.151352390912362,0.5758989298767191
7.848729896570499,0.0,0.0,2.4236626690321827,-1.6120364501661006,0.1941477924678361,2.4236626690321827,0.020769640907101646,2.1718031180530595,0.5958318261226722
7.898550434946141,0.0,0.0,2.390181250833074,-1.4289563183996705,0.1994828360483066,2.390181250833074,0.021047532535194903,2.192572758960161,0.6126414453881659
7.948362076126936,0.0,0.0,2.3601052462301846,-1.5016431323713786,0.20445973499861606,2.3601052462301846,0.021326331892237718,2.213620291495356,0.6283553306986727
7.998053170381059,0.0,0.0,2.328080706405533,-1.759242233492633,0.20996055956237292,2.328080706405533,0.021650111666031636,2.234946623387594,0.6457612500736286
8.047946080441076,0.0,0.0,2.2899929156028187,-2.0575498973684536,0.2167876819185601,2.2899929156028187,0.02204855386212957,2.2565967350536256,0.6674208454192434
8.098123185294769,0.0,0.0,2.244626915866671,-2.234572256428392,0.22534808305892015,2.244626915866671,0.022523891336980024,2.2786452889157554,0.6946718679629577
8.148309523225503,0.0,0.0,2.194295653178248,-2.17419295067413,0.2354302902358196,2.194295653178248,0.023045320866118716,2.301169180252735,0.7269051717611255
8.198388457195858,0.0,0.0,2.144190679005109,-1.8524408353695965,0.24612709370572972,2.144190679005109,0.023554236232401413,2.324214501118854,0.7612744195706186
8.24840692928362,0.0,0.0,2.1005578499622666,-1.3440169113687412,0.25602121568150754,2.1005578499622666,0.023982881348087584,2.3477687373512555,0.7932293063055937
8.298446712724095,0.0,0.0,2.068324451847087,-0.782627391327839,0.2637007598813058,2.068324451847087,0.024281304691241817,2.371751618699343,0.8181458124776231
8.34854452472598,0.0,0.0,2.049321237698544,-0.3100602350489254,0.26838340636911456,2.049321237698544,0.024439067144076627,2.396032923390585,0.8333893816896286
8.398618249042473,0.0,0.0,2.041743654795475,-0.04301137928344225,0.2702837580730162,2.041743654795475,0.024490735509868414,2.4204719905346614,0.8395868255074139
8.448654414170692,0.0,0.0,2.0406902744815296,-0.04490751088523749,0.27054944923727087,2.0406902744815296,0.02450366296230026,2.4449627260445297,0.8404538189011989
8.498650443881555,0.0,0.0,2.039589875970322,-0.2880299499355999,0.27082739750828305,2.039589875970322,0.024552839595346786,2.46946638900683,0.8413609459907974
8.548604902334402,0.0,0.0,2.0325179228108974,-0.6443092621622877,0.2726234435660403,2.0325179228108974,0.024692192537689183,2.494019228602177,0.8472260028021799
8.598384964570505,0.0,0.0,2.0166085144557697,-0.949357845840931,0.2767264124412711,2.0166085144557697,0.024935955935000927,2.5187114211398662,0.8606465879222641
8.64812524100163,0.0,0.0,1.9929353690453329,-1.0975335633300753,0.2829959148306584,1.9929353690453329,0.02525974948271316,2.5436473770748673,0.8812144598150723
8.697970837482055,0.0,0.0,1.9652119461867457,-1.0835721720433777,0.2905972608453665,1.9652119461867457,0.025618861738139678,2.5689071265575807,0.906252574650474
8.747772957874538,0.0,0.0,1.9374520605278707,-0.9757469357444241,0.29850114154940627,1.9374520605278707,0.025972257509366974,2.5945259882957203,0.932408263286265
8.79771044833737,0.0,0.0,1.9121097098487407,-0.8625804398031237,0.30598383277402114,1.9121097098487407,0.02630039089295287,2.6204982458050874,0.9572875937625189
8.84764368195639,0.0,0.0,1.8894235071053034,-0.8101959801836062,0.3129076934514906,1.8894235071053034,0.026610102770672963,2.64679863669804,0.9804138003344179
8.89737914451079,0.0,0.0,1.8678641088082315,-0.8441594156334175,0.3196926631756517,1.8678641088082315,0.026927521620546128,2.673408739468713,1.003176823397565
8.947073908478213,0.0,0.0,1.845132987892575,-0.9498709607348425,0.32707081960710505,1.845132987892575,0.027285014854441618,2.700336261089259,1.0280463549586103
8.996937082430598,0.0,0.0,1.8192157446191222,-1.0813742715987973,0.33577518109743437,1.8192157446191222,0.027707540840231932,2.727621275943701,1.0575468897603648
9.046801317873081,0.0,0.0,1.7892535228252224,-1.1811319316584705,0.3462428081143055,1.7892535228252224,0.028202048546769484,2.755328816783933,1.0932620740811934
9.096473711315406,0.0,0.0,1.7559431827484506,-1.2074586456872214,0.35841486576330034,1.7559431827484506,0.028753810256126944,2.7835308653307025,1.1351339836647603
9.145938117491035,0.0,0.0,1.7212241459582402,-1.1505552363602671,0.37173333990039603,1.7212241459582402,0.029331352632189153,2.8122846755868296,1.181389712077677
9.195592648259002,0.0,0.0,1.6874768045977455,-1.0281301223357138,0.3853313698517642,1.6874768045977455,0.029896938348066893,2.841616028219019,1.2291147219573215
9.24524440370374,0.0,0.0,1.6567388617164842,-0.8715059102225832,0.39830630207764683,1.6567388617164842,0.030417634765386965,2.8715129665670855,1.2751460365369978
9.294910106584547,0.0,0.0,1.6302297132434576,-0.7120604601579271,0.4099692527110997,1.6302297132434576,0.03087310587541575,2.9019306013324724,1.3169534833481669
9.344833608206944,0.0,0.0,1.6082461952673046,-0.5707990362599371,0.4199870534360847,1.6082461952673046,0.03125749598507904,2.932803707207888,1.3532030845925738
9.394571088861355,0.0,0.0,1.5904044466831226,-0.4523227308625339,0.4283558100233683,1.5904044466831226,0.03157459577674695,2.964061203192967,1.3837348586984557
9.444347986910742,0.0,0.0,1.5761225392955038,-0.34565512317591623,0.43521284010740746,1.5761225392955038,0.031828737750495176,2.995635798969714,1.4089256800739776
9.494384834792857,0.0,0.0,1.5651207730278225,-0.23287733179974834,0.4405928438219692,1.5651207730278225,0.032016867058677165,3.0274645367202093,1.428802933041602
9.544309967769479,0.0,0.0,1.5576647704546105,-0.09965309302204323,0.4442880896493444,1.5576647704546105,0.03212650908859859,3.0594814037788867,1.442514040900423
9.594071103966082,0.0,0.0,1.5544632644559309,0.06118948322124767,0.4458870927921737,1.5544632644559309,0.03213926224472594,3.0916079128674854,1.4484620400615715
9.644036211406883,0.0,0.0,1.5564298493037978,0.2513898558490739,0.4449039951235435,1.5564298493037978,0.03203607464234738,3.1237471751122112,1.444804022432896
9.694011696421898,0.0,0.0,1.5644833934901077,0.4670435071696344,0.440907172258501,1.5644833934901077,0.031802650701401106,3.155783249754559,1.429967375268168
9.743772278719199,0.0,0.0,1.5793366150109809,0.6995465444302955,0.43365727173293184,1.5793366150109809,0.031434267245515776,3.18758590045596,1.4031969634098769
9.79372917620718,0.0,0.0,1.6013263480392799,0.9422431616485035,0.4232071260439587,1.6013263480392799,0.030936854068280898,3.219020167701476,1.364923607354051
9.843943644713177,0.0,0.0,1.6304763872280352,1.1937834961291214,0.4098586474101642,1.6304763872280352,0.030323682016733695,3.249957021769757,1.3165550309793153
9.894230971115979,0.0,0.0,1.6666762983614793,1.451313478883616,0.39404833360767355,1.6666762983614793,0.02961257276667327,3.2802807037864907,1.259985437003683
9.944328320831026,0.0,0.0,1.7096534243621742,1.7048335811276312,0.3763213826362498,1.7096534243621742,0.02882607360154011,3.309893276553164,1.1974348216926
9.994293276460946,0.0,0.0,1.7587970826501365,1.939497566360025,0.3573492327349036,1.7587970826501365,0.02799134266858781,3.338719350154704,1.131453137849721
10.044646159350146,0.0,0.0,1.813086223635012,2.136679195392725,0.3378806654262558,1.813086223635012,0.027138304469002526,3.366710692823292,1.0647094980086087
10.095008092636462,0.0,0.0,1.8710720741921631,2.2797807639112544,0.3186701445136615,1.8710720741921631,0.02629650883562256,3.3938489972922943,0.9997398657383666
10.145261767917937,0.0,0.0,1.9310223491936378,2.382129517081658,0.3003750141272804,1.9310223491936378,0.02548762146813623,3.4201455061279167,0.9386278670402399
10.195672627871618,0.0,0.0,1.9917371646130893,2.5000000000000013,0.2833185848905475,1.9917371646130893,0.024715770258006205,3.445633127596053,0.8822750341628943
10.246034519362896,0.0,0.0,2.053526590258105,2.500000000000002,0.2672497696504313,2.053526590258105,0.023993502130601186,3.470348897854059,0.829695442291393
10.29624651486029,0.0,0.0,2.113510345584608,2.49999999999999,0.2513829417943408,2.113510345584608,0.023331080795684495,3.49434239998466,0.7782289437472009
10.346558104229851,0.0,0.0,2.171838047573819,2.5000000000000027,0.23475505708754402,2.171838047573819,0.022720671422521453,3.5176734807803447,0.724741621038237
10.39683482055567,0.0,0.0,2.2286397261301225,2.5000000000000053,0.2167099378383156,2.2286397261301225,0.022155804121214425,3.5403941522028664,0.6671738332482079
10.446875553783384,0.0,0.0,2.2840292364331587,2.4999999999999893,0.1972943309608043,2.2840292364331587,0.021631082624403233,3.5625499563240806,0.6057415881405868
10.497003977527026,0.0,0.0,2.3381069429941665,2.499999999999992,0.1773349192758546,2.3381069429941665,0.02114196553915615,3.5841810389484836,0.5430834177085062
10.547112050735866,0.0,0.0,2.3909618568420568,2.500000000000005,0.1580703871850057,2.3909618568420568,0.02068459972519157,3.60532300448764,0.48303093411723597
10.597266597425616,0.0,0.0,2.442673356155036,2.4999999999999942,0.1405295884726459,2.442673356155036,0.020255691726202278,3.6260076042128313,0.42867285127374144
10.647446407422583,0.0,0.0,2.4933125854705414,2.499999999999991,0.12506621819701408,2.4933125854705414,0.019852407391128396,3.6462632959390335,0.3809769723186865
10.697495509348718,0.0,0.0,2.542943603948362,2.499999999999997,0.11132155741720784,2.542943603948362,0.01947229265940751,3.666115703330162,0.33873848115920785
10.747730115731649,0.0,0.0,2.591624335596881,2.4999999999999996,0.0985597516895705,2.591624335596881,0.019113210430480802,3.6855879959895694,0.2996367694345881
10.798176058227787,0.0,0.0,2.639407361673083,2.5000000000000036,0.08610358508401345,2.639407361673083,0.018773289794744637,3.7047012064200504,0.26156667791210503
10.848622495474437,0.0,0.0,2.6863405861599445,2.5000000000000058,0.07361085397893616,2.6863405861599445,0.018450884863326557,3.723474496214795,0.22346696264068125
10.899065925498393,0.0,0.0,2.732467798318261,2.5000000000000107,0.06107770783701929,2.732467798318261,0.018144541122875345,3.7419253810781217,0.18531445816079425
10.949263341138186,0.0,0.0,2.7778291511254496,2.4999999999999902,0.04865042077328661,2.7778291511254496,0.017852967741961726,3.760069922200997,0.14754193974083699
10.999420149789072,0.0,0.0,2.8224615704803537,2.5000000000000044,0.036446564947117864,2.8224615704803537,0.017575014623496057,3.7779228899429587,0.11049306510142888
11.049983353291967,0.0,0.0,2.866399107039094,2.4999999999999956,0.02452058842248514,2.866399107039094,0.017309653270867496,3.7954979045664547,0.07431970913624855
11.100502211612923,0.0,0.0,2.9096732402162626,2.4999999999999925,0.012932765254055378,2.9096732402162626,0.017055960740645356,3.8128075578373224,0.039192382823102896
11.150975143923489,0.0,0.0,2.952313142067876,2.5000000000000004,0.0017954855305794082,2.952313142067876,0.0168131061101171,3.8298635185779677,0.005440871090883846
11.201307817528573,0.0,0.0,2.9943459073431686,2.4999999999999853,-0.00877544410347825,2.9943459073431686,0.016580339006756713,3.846676624688085,-0.02659293748922232
11.25115200869616,0.0,0.0,3.03579675486006,2.5000000000000147,-0.01877209486860137,3.03579675486006,0.01635697983830235,3.8632569636948415,-0.0568918188544555
11.301260729745527,0.0,0.0,3.0766892044558163,2.499999999999988,-0.02836724054352333,3.0766892044558163,0.016142411433267057,3.879613943533144,-0.08598440010965788
11.35153033410557,0.0,0.0,3.1170452330389837,2.4999999999999893,-0.03787886004052697,3.1170452330389837,0.015936071857380153,3.895756354966411,-0.11483935376227579
11.401749509168987,0.0,0.0,3.156885412682434,2.499999999999986,-0.04765206417594712,3.156885412682434,0.015737448215325234,3.911692426823791,-0.14450959126973673
11.451918093140202,0.0,0.0,3.196229033220747,2.5000000000000044,-0.05793742112371988,3.196229033220747,0.015546071281934786,3.9274298750391163,-0.17576465251614898
11.50203696620708,0.0,0.0,3.235094211425584,0.5834482597118896,-0.0688175952916533,3.235094211425584,0.015431216365116875,3.942975946321051,-0.2088679949922675
11.552190799067198,0.0,0.0,3.244097527759049,-3.9999999999999973,-0.08019232918173606,3.244097527759049,0.015559049130616908,3.958407162686168,-0.24352931228671262
11.602306005912123,0.0,0.0,3.1818613312365813,-3.999999999999991,-0.09181501433419516,3.1818613312365813,0.015869512334487225,3.973966211816785,-0.279011779948297
11.652299849615925,0.0,0.0,3.1183832818986326,-3.9999999999999956,-0.10336036020190795,3.1183832818986326,0.016199337052087998,3.989835724151272,-0.3143333901420457
11.702014757134027,0.0,0.0,3.0535859336902806,-3.999999999999995,-0.11447602517305115,3.0535859336902806,0.01655062348737748,4.00603506120336,-0.3484203657906222
11.751867723859641,0.0,0.0,2.987383439740771,-3.999999999999992,-0.12478241514690308,2.987383439740771,0.016925805338301604,4.022585684690738,-0.38010340081077343
11.801858361607632,0.0,0.0,2.9196802183875645,-4.000000000000004,-0.13385024765088643,2.9196802183875645,0.01732772113888968,4.03951149002904,-0.4080465655447757
11.851581135001867,0.0,0.0,2.8503693338320057,-2.940202219564578,-0.14121452455634997,2.8503693338320057,0.017699976974489877,4.0568392111679294,-0.4307901558112028
11.901320422799568,0.0,0.0,2.7983278222453687,-1.4840107876893338,-0.14644166878685375,2.7983278222453687,0.017949998694956375,4.0745391881424196,-0.44696226941997513
11.951260637222768,0.0,0.0,2.771689830543044,-0.14307509477371955,-0.14922860427956902,2.771689830543044,0.018044659098935288,4.092489186837376,-0.4555948304533499
12.001128795641135,0.0,0.0,2.7691080892323043,1.0676430864551942,-0.14950287063534723,2.7691080892323043,0.017990675754375168,4.110533845936311,-0.45644476211157986
12.05116839358124,0.0,0.0,2.78831570982212,2.1063638669006757,-0.14748006696351385,2.78831570982212,0.017808916001395024,4.128524521690687,-0.4501778814953089
12.101212532359636,0.0,0.0,2.825827766996128,2.4999999999999902,-0.14364453275782976,2.825827766996128,0.01755439918007891,4.146333437692082,-0.4383052451521896
12.151291897017254,0.0,0.0,2.869713764946325,2.5000000000000084,-0.13864546383167128,2.869713764946325,0.017289956634273317,4.163887836872161,-0.42285067249035246
12.201597837700783,0.0,0.0,2.9129386565320083,2.5000000000000093,-0.13314044352844828,2.9129386565320083,0.017037116627637097,4.181177793506434,-0.40585685222845647
12.251786704411257,0.0,0.0,2.9555314481011012,2.500000000000014,-0.12767743523909827,2.9555314481011012,0.016795054744309906,4.198214910134071,-0.3890174794640702
12.30181044639414,0.0,0.0,2.9975190849618762,2.5000000000000004,-0.12269074063281914,2.9975190849618762,0.016563026319735382,4.215009964878381,-0.3736669457967471
12.351956717334717,0.0,0.0,3.0389266507612147,2.5,-0.11854298675287243,3.0389266507612147,0.016340356787437928,4.231572991198116,-0.36091332880840077
12.402131832945186,0.0,0.0,3.0797775427298095,2.5000000000000013,-0.1154938271109103,3.0797775427298095,0.016126433416606637,4.247913347985555,-0.3515457550068996
12.451984053658785,0.0,0.0,3.120093626271326,2.5000000000000027,-0.11361277318540565,3.120093626271326,0.01592069820969629,4.264039781402161,-0.34577013039329074
12.501837888177212,0.0,0.0,3.159895371795567,2.471676635537916,-0.11272392692334478,3.159895371795567,0.0157237361935489,4.279960479611858,-0.3430418644903982
12.551864095165897,0.0,0.0,3.1987593631685236,0.3175393751154268,-0.11240467035565398,3.1987593631685236,0.015616112711022832,4.295684215805407,-0.34206205782671745
12.601864034166182,0.0,0.0,3.203718093840514,0.8924648935901864,-0.11205988651966795,3.203718093840514,0.015570259888805551,4.31130032851643,-0.3410039866233223
12.651850211892057,0.0,0.0,3.2176140041753483,1.8798431838111767,-0.111102032666455,3.2176140041753483,0.015466757707150825,4.326870588405236,-0.3380649587573627
12.701984295677272,0.0,0.0,3.2466890832267947,2.4999999999999782,-0.1091368718086433,3.2466890832267947,0.015307290625122639,4.342337346112387,-0.33203712354874265
12.75211725820217,0.0,0.0,3.284957309789601,2.499999999999985,-0.10601279883292417,3.284957309789601,0.015131009568341992,4.35764463673751,-0.3224598228133429
12.802085393454751,0.0,0.0,3.3227848337104557,2.4999999999999787,-0.10178032347058884,3.3227848337104557,0.014960682011984921,4.372775646305852,-0.30949467069824366
12.85203034307187,0.0,0.0,3.3601865387404177,2.4999999999999942,-0.09671182716957999,3.3601865387404177,0.014795980204742099,4.387736328317837,-0.29398327421378645
12.901952186048996,0.0,0.0,3.397176489252273,2.49999999999999,-0.09138578945011194,3.397176489252273,0.014636601113114859,4.402532308522579,-0.27770012357985313
12.951902180721197,0.0,0.0,3.43376799203506,2.500000000000003,-0.08671399726982532,3.43376799203506,0.014482264075104095,4.417168909635694,-0.2634302919056853
13.001840805560738,0.0,0.0,3.46997365222282,1.013955060488961,-0.08381676366306264,3.46997365222282,0.014376512790681499,4.431651173710798,-0.2545866506035118
13.051718875348033,0.0,0.0,3.484550790119116,-4.0000000000000036,-0.08369704151923484,3.484550790119116,0.014466561294948376,4.44602768650148,-0.25422129919557185
13.101720320463498,0.0,0.0,3.4266845449393224,-4.000000000000005,-0.08677434066069066,3.4266845449393224,0.014715090316596994,4.460494247796428,-0.26361453352769626
13.151820501848162,0.0,0.0,3.3678241836729343,-3.999999999999987,-0.09255695745551192,3.3678241836729343,0.014976886048616515,4.475209338113024,-0.2812793080518052
13.201852474674439,0.0,0.0,3.3079166394784685,-4.000000000000007,-0.09977275474954535,3.3079166394784685,0.015253172569069523,4.490186224161641,-0.30334892235128386
13.252003498154664,0.0,0.0,3.2469039492021903,-3.999999999999999,-0.10695355313435541,3.2469039492021903,0.015545338164034254,4.5054393967307105,-0.3253431635011757
13.302150674467953,0.0,0.0,3.1847225965460533,-4.0,-0.11309690432114304,3.1847225965460533,0.015854964784248304,4.5209847348947445,-0.3441866314900749
13.351966269267365,0.0,0.0,3.12130273740906,-3.3281830766033327,-0.11800159101334783,3.12130273740906,0.016155182682151267,4.536839699678993,-0.35924957072789376
13.401605598660938,0.0,0.0,3.067535331806889,-3.0395063811335983,-0.12213380312720998,3.067535331806889,0.016430513296332327,4.552994882361144,-0.3719537119099314
13.451558288327885,0.0,0.0,3.0175946817973864,-3.06467449444366,-0.1261674070614343,3.0175946817973864,0.016708234604778126,4.569425395657476,-0.3843671230052212
13.501628670114965,0.0,0.0,2.966389381356942,-3.0414729487415855,-0.1305118637485956,2.966389381356942,0.017000610068741914,4.586133630262254,-0.3977514107314326
13.55146768738225,0.0,0.0,2.9146824857207596,-2.8265558752370272,-0.13512783647496557,2.9146824857207596,0.017296467900072807,4.603134240330996,-0.41198892515646407
13.601130442591558,0.0,0.0,2.86579305275696,-2.5348485609186886,-0.1397183360295506,2.86579305275696,0.0175806977515018,4.620430708231068,-0.4261656026146599
13.650882548418563,0.0,0.0,2.8212286463616194,-2.3736979779788343,-0.14410679644967192,2.8212286463616194,0.017853645479160477,4.63801140598257,-0.43973544598123043
13.700847084566137,0.0,0.0,2.7788494841881852,-2.4364837464493423,-0.1484718903838381,2.7788494841881852,0.018133947815725974,4.65586505146173,-0.4532501917145894
13.750712167224311,0.0,0.0,2.7346664150762083,-2.623477191865321,-0.1532340732422171,2.7346664150762083,0.01844360769728475,4.673998999277456,-0.4680145234244155
13.80046152879683,0.0,0.0,2.68628003094667,-2.7334209038672963,-0.15871254376435837,2.68628003094667,0.018789331825398665,4.692442606974741,-0.4850265106813643
13.850378255207154,0.0,0.0,2.6349208785654263,-2.6063031924992504,-0.16484950705756307,2.6349208785654263,0.019153893603904945,4.7112319388001405,-0.5041187919499558
13.900184726713416,0.0,0.0,2.585000024516778,-2.1967072523948934,-0.17115550892667009,2.585000024516778,0.019500414327161573,4.730385832404045,-0.5237776240115042
13.950000092966727,0.0,0.0,2.542163322939597,-1.581440874980965,-0.17685360270214573,2.542163322939597,0.019786484736439257,4.749886246731207,-0.5415781657893803
13.999906693441675,0.0,0.0,2.510872167205205,-0.9299908205039379,-0.18119375714022923,2.510872167205205,0.019983733616538008,4.769672731467646,-0.5551608590921091
14.049493723959477,0.0,0.0,2.4922874783824285,-0.4428190759233575,-0.18384583929341153,2.4922874783824285,0.020094112137072934,4.789656465084184,-0.5634712647352508
14.099293122861303,0.0,0.0,2.4833894222143895,-0.27838588536919634,-0.1851358005322421,2.4833894222143895,0.020152874916043027,4.809750577221258,-0.5675163663299913
14.14910483899553,0.0,0.0,2.477779146288152,-0.48615081331953686,-0.1859559578427205,2.477779146288152,0.020215782513104283,4.829903452137301,-0.5700892574522833
14.198862734695075,0.0,0.0,2.4679512271775157,-0.9585982457893628,-0.1874055699486762,2.4679512271775157,0.020336352950310315,4.850119234650405,-0.5746387370475686
14.248913447121758,0.0,0.0,2.448456834913595,-1.4513123151436271,-0.1903303718777554,2.448456834913595,0.020542377218273993,4.870455587600715,-0.5838256080377866
14.298800734304196,0.0,0.0,2.418643429874388,-1.7071353712218265,-0.19493419140500948,2.418643429874388,0.02082199178554319,4.89099796481899,-0.5983073671713975
14.348440184791635,0.0,0.0,2.383097471197997,-1.6055124377479641,-0.20063899864527532,2.383097471197997,0.021127644850038714,4.911819956604533,-0.6162890234837995
14.398285883597136,0.0,0.0,2.349176774610938,-1.209422027315624,-0.20631305952427348,2.349176774610938,0.021398043847618477,4.932947601454572,-0.6342152014224083
14.44836895589042,0.0,0.0,2.3232975090401626,-0.6903970587944565,-0.21080062058311774,2.3232975090401626,0.021586455678857277,4.95434564530219,-0.6484229695540621
14.498215431075325,0.0,0.0,2.3083942835296827,-0.21777868815698695,-0.21344961882853708,2.3083942835296827,0.021678305819956563,4.975932100981048,-0.6568225643519275
14.54808076674697,0.0,0.0,2.3036732105267466,0.10729626075938122,-0.21429887301400768,2.3036732105267466,0.021689563648263417,4.997610406801004,-0.6595174645759607
14.59796296003602,0.0,0.0,2.306000419603708,0.2672623661335641,-0.21387962833234467,2.306000419603708,0.02165145332282747,5.019299970449268,-0.6581869699746963
14.647843914483575,0.0,0.0,2.311787038248997,0.32443889507492824,-0.21284232891377325,2.311787038248997,0.021591642062184262,5.040951423772095,-0.6548960870406928
14.697985837414894,0.0,0.0,2.3187922067425055,0.39475678968521144,-0.21159635609464622,2.3187922067425055,0.021519608352063197,5.06254306583428,-0.6509451269939982
14.747904741605181,0.0,0.0,2.327287218250849,0.5826741041762261,-0.21009958043405963,2.327287218250849,0.021422881637905452,5.0840626741863435,-0.6462016695033211
14.797816704253473,0.0,0.0,2.339769776618089,0.9330876737585336,-0.2079280317042289,2.339769776618089,0.021275480206651425,5.105485555824249,-0.6393251523259429
14.847750842282736,0.0,0.0,2.359621664952209,1.4487863867439625,-0.20454122989838758,2.359621664952209,0.021049953273033044,5.1267610360309,-0.6286129075933132
14.89769001536154,0.0,0.0,2.390118550695776,2.1236550225657327,-0.19949302680083478,2.390118550695776,0.020724842124619888,5.147810989303933,-0.612673588736512
14.947871727182966,0.0,0.0,2.4341309657656067,2.499999999999987,-0.1925225082525658,2.4341309657656067,0.020325326320763466,5.168535831428553,-0.5907179417907527
14.998075528287075,0.0,0.0,2.484944281567515,2.500000000000006,-0.18363877979248366,2.484944281567515,0.019917951156299324,5.188861157749317,-0.5628221420351766
15.04829660300315,0.0,0.0,2.5347391594582636,2.4999999999999973,-0.17319986075925448,2.5347391594582636,0.019534131063912972,5.208779108905616,-0.5301599754118942
15.0982945315459,0.0,0.0,2.583574487118046,2.499999999999987,-0.16190157144533762,2.583574487118046,0.019171679936727692,5.228313239969529,-0.49494289912781336
15.148276566579518,0.0,0.0,2.631503686959865,2.4999999999999916,-0.15067272574294016,2.631503686959865,0.018828685588960666,5.247484919906256,-0.4600708490167882
15.198544865269705,0.0,0.0,2.6785754009322664,2.499999999999998,-0.14047130615419762,2.6785754009322664,0.01850346714580004,5.266313605495217,-0.428492705378218
15.248737660389377,0.0,0.0,2.7248340687967665,2.5000000000000027,-0.1319611952704124,2.7248340687967665,0.01819454026490364,5.284817072641017,-0.40221984438042496
15.298846733728594,0.0,0.0,2.7703204194590256,2.499999999999994,-0.12522723977317995,2.7703204194590256,0.017900588543170004,5.30301161290592,-0.38147263903257855
15.349032296875617,0.0,0.0,2.8150718908169505,2.499999999999989,-0.11978690297540066,2.8150718908169505,0.017620439849306713,5.32091220144909,-0.3647368104259574
15.399160583058382,0.0,0.0,2.859122990440217,2.4999999999999996,-0.11489914396901289,2.859122990440217,0.017353046609681403,5.338532641298396,-0.3497195577745701
15.4492811005843,0.0,0.0,2.9025056069644206,2.4999999999999902,-0.10990425406738089,2.9025056069644206,0.017097469289978906,5.355885687908078,-0.33439064163103704
15.499523729497085,0.0,0.0,2.9452492801893677,2.500000000000007,-0.1044050448643087,2.9452492801893677,0.016852862477876183,5.372983157198057,-0.3175335119741063
15.549739608225526,0.0,0.0,2.9873814363840583,2.4999999999999925,-0.0982823775541729,2.9873814363840583,0.016618463096132935,5.389836019675933,-0.29878804693228783
15.600040568718777,0.0,0.0,3.0289275941243905,2.4999999999999902,-0.09159118118012796,3.0289275941243905,0.016393580371089442,5.406454482772066,-0.2783277615424856
15.65022433641021,0.0,0.0,3.069911545052114,2.4999999999999862,-0.08443478322176405,3.069911545052114,0.016177587255727932,5.422848063143156,-0.2564727539749641
15.700398717830033,0.0,0.0,3.1103555131914336,2.4999999999999942,-0.07695528497378283,3.1103555131914336,0.015969913064421564,5.439025650398884,-0.2336592678833779
15.750669416166232,0.0,0.0,3.1502802958524874,2.500000000000007,-0.06942285566975186,3.1502802958524874,0.01577003712211993,5.454995563463306,-0.21071090810601334
15.800918382894682,0.0,0.0,3.1897053886577873,2.499999999999993,-0.062242105393266606,3.1897053886577873,0.01557748326686821,5.470765600585426,-0.18885638515831063
15.851091743322634,0.0,0.0,3.2286490968249577,2.5000000000000036,-0.05579576268834129,3.2286490968249577,0.015391815073375859,5.486343083852294,-0.16925374361344622
15.901133071957364,0.0,0.0,3.2671286345083974,2.500000000000011,-0.05025030229222296,3.2671286345083974,0.015212631688462895,5.50173489892567,-0.15240194126122344
15.951216656364434,0.0,0.0,3.305160213729555,2.4999999999999942,-0.04547912530900336,3.305160213729555,0.01503956418785112,5.516947530614133,-0.1379106268731822
16.001282693821796,0.0,0.0,3.3427591241991825,2.5000000000000075,-0.04115972688439448,3.3427591241991825,0.014872272378880558,5.531987094801984,-0.12479692685117276
16.051445363437587,0.0,0.0,3.379939805146384,2.499999999999977,-0.03699349809615839,3.379939805146384,0.01471044198604701,5.546859367180865,-0.11215267506911919
16.101709621360765,0.0,0.0,3.416715910111501,2.4999999999999942,-0.03289491400740588,3.416715910111501,0.01455378216634159,5.561569809166912,-0.09971752748649074
16.151823230211136,0.0,0.0,3.453100365527355,2.4999999999999996,-0.02898977550569964,3.453100365527355,0.014402023309669333,5.576123591333253,-0.08787242214402752
16.201803326278664,0.0,0.0,3.4891054238015284,2.500000000000005,-0.025419691084306258,3.4891054238015284,0.014254915086479131,5.590525614642923,-0.0770459623278903
16.25177298887615,0.0,0.0,3.5247427115177263,2.500000000000008,-0.022143308524104486,3.5247427115177263,0.014112224710425057,5.6047805297294016,-0.06711190418645993
16.301845220459732,0.0,0.0,3.560023273293789,2.500000000000019,-0.018919151856417342,3.560023273293789,0.013973735388617995,5.618892754439827,-0.05733760439641048
16.352033700486093,0.0,0.0,3.5949576117653343,2.5000000000000053,-0.015470573769504632,3.5949576117653343,0.013839244935989441,5.632866489828444,-0.046884267039709
16.402063766828626,0.0,0.0,3.629555724105308,2.4999999999999933,-0.011683895622494944,3.629555724105308,0.0137085645336159,5.646705734764434,-0.03540735551828283
16.452055509460884,0.0,0.0,3.6638271354393477,2.49999999999999,-0.007695384892658678,3.6638271354393477,0.01358151761365468,5.66041429929805,-0.023319808486236153
16.50210176873159,0.0,0.0,3.6977809294734842,2.4999999999999987,-0.003792694272658017,3.6977809294734842,0.013457938855910541,5.673995816911704,-0.011493068054961534
16.552136853974346,0.0,0.0,3.7314257766132606,2.4999999999999916,-0.0001606780554176332,3.7314257766132606,0.01333767328306128,5.687453755767614,-0.0004869032024254498
16.602204988972087,0.0,0.0,3.7647699598209137,2.500000000000006,0.0033728220561625886,3.7647699598209137,0.013220575443279226,5.700791429050676,0.010220711654187198
16.652111708325283,0.0,0.0,3.797821398429112,2.4999999999999805,0.007376387469523964,3.797821398429112,0.01310650867044362,5.714012004493955,0.022353094721823608
16.701979538971067,0.0,0.0,3.8305876701052206,2.4999999999999853,0.012544118095811345,3.8305876701052206,0.012995344413386688,5.727118513164399,0.03801447302031843
16.751963524817768,0.0,0.0,3.863076031138687,2.4999999999999827,0.019270500508175383,3.863076031138687,0.012886961626686944,5.740113857577786,0.058402685586089464
16.80205819924547,0.0,0.0,3.8952934352054043,-3.10491529842796,0.027386957754910395,3.8952934352054043,0.012899990652326278,5.753000819204472,0.08301153625515899
16.852106364549876,0.0,0.0,3.8552400568794187,-4.0000000000000195,0.036232374631885556,3.8552400568794187,0.013055423849202046,5.765900809856799,0.10984314565964269
16.90199358552655,0.0,0.0,3.8030183614826103,-4.000000000000016,0.044961910043252014,3.8030183614826103,0.013237209885758107,5.778956233706001,0.1363400984733953
16.951858399340505,0.0,0.0,3.7500695219395777,-4.000000000000003,0.05292013887356591,3.7500695219395777,0.013426807915490216,5.792193443591759,0.16051392712591744
17.001569675701507,0.0,0.0,3.6963622902776168,-4.000000000000008,0.059928987854546624,3.6963622902776168,0.013624794018644887,5.805620251507249,0.18182071433703187
17.051351750006436,0.0,0.0,3.641863114203037,-4.000000000000002,0.06630574864602229,3.641863114203037,0.013831805564886274,5.819245045525894,0.20122148440137022
17.10135446529387,0.0,0.0,3.586535891943492,-3.999999999999992,0.0725777637840947,3.586535891943492,0.01404854986082374,5.83307685109078,0.22031960027752023
17.151227700264126,0.0,0.0,3.530341692500197,-3.9999999999999947,0.07915747575562959,3.530341692500197,0.014275814337254463,5.847125400951604,0.2403734008752159
17.20095627548358,0.0,0.0,3.4732384351511794,-3.9999999999999867,0.08618722551760277,3.4732384351511794,0.01451447861100335,5.861401215288858,0.2618220240201517
17.250671384080245,0.0,0.0,3.415180520707166,-3.9999999999999982,0.09345519640976586,3.415180520707166,0.01476552884320604,5.875915693899861,0.2840249260167534
17.300478718137732,0.0,0.0,3.356118405334342,-4.000000000000005,0.10033394577954782,3.356118405334342,0.015030074929360905,5.890681222743067,0.305066639477352
17.350256444899273,0.0,0.0,3.2959981056168983,-3.4850512249460324,0.10592041561994948,3.2959981056168983,0.015290761260214841,5.905711297672428,0.3221767064731072
17.399908946518895,0.0,0.0,3.2427090193566293,-0.9892243362050547,0.10940281158315372,3.2427090193566293,0.015452824423104658,5.921002058932643,0.33285270087365376
17.449729864456348,0.0,0.0,3.2274227093741903,1.0105677881504356,0.11043322697127327,3.2274227093741903,0.015452038647920822,5.936454883355748,0.3360132035990222
17.499640544962457,0.0,0.0,3.2430380418930347,1.9658306036242779,0.10938079042375447,3.2430380418930347,0.015343484645595373,5.951906922003669,0.33278516513525075
17.549363553416715,0.0,0.0,3.2732007335755853,1.3775886803918902,0.10738971496569596,3.2732007335755853,0.015224016649339811,5.967250406649264,0.3266801638019191
17.59899381208592,0.0,0.0,3.2941731665818135,-3.2421328403130194,0.10603692834539351,3.2941731665818135,0.01529060920800041,5.982474423298604,0.32253377070628536
17.648800584425317,0.0,0.0,3.2445989803201627,-3.9999999999999876,0.10663631890655059,3.2445989803201627,0.015556597457585357,5.997765032506605,0.3243707997857084
17.698689475939208,0.0,0.0,3.1823725904898215,-4.000000000000001,0.10968776852344435,3.1823725904898215,0.0158669109571774,6.0133216299641905,0.33372665244348476
17.74850243071652,0.0,0.0,3.118904946661112,-4.000000000000015,0.11483339290034494,3.118904946661112,0.016196570087359023,6.029188540921368,0.34951765991452144
17.798404452064666,0.0,0.0,3.0541186663116755,-4.0,0.12121677582831875,3.0541186663116755,0.016547672588117956,6.045385111008727,0.3691332907761328
17.848222112934423,0.0,0.0,2.9879279759592037,-3.9999999999999902,0.1279810965989551,2.9879279759592037,0.016922649179141033,6.061932783596845,0.38995286687093866
17.89790393080114,0.0,0.0,2.9202373792426397,-3.8705284712588077,0.13462043764583634,2.9202373792426397,0.0173175250989055,6.078855432775986,0.4104230401524888
17.94773407293623,0.0,0.0,2.853209405295587,-3.2543086474427034,0.1409372456744668,2.853209405295587,0.01769959561708521,6.0961729578748916,0.4299329695805358
17.99763118437449,0.0,0.0,2.7956094582226676,-2.539188179273291,0.1467225301561765,2.7956094582226676,0.018029558902214218,6.1138725534919764,0.4478319165491837
18.04747855144494,0.0,0.0,2.7498290153806537,-1.7285615544600192,0.15157469475510912,2.7498290153806537,0.01828472259327106,6.131902112394191,0.462867474270632
18.09733657657178,0.0,0.0,2.718222746871959,-0.9628058683000217,0.15506414288787493,2.718222746871959,0.018451320472775184,6.150186834987462,0.47369408249257117
18.14715161416405,0.0,0.0,2.7004577072428866,-0.44477003997629627,0.15707775062027887,2.7004577072428866,0.018540319315789117,6.168638155460237,0.4799470031916904
18.1969887405462,0.0,0.0,2.6922115286796298,-0.2995486962079226,0.15802555817572547,2.6922115286796298,0.018587935235133114,6.187178474776026,0.48289163800990365
18.24688733206676,0.0,0.0,2.6866435369147483,-0.42602553732567133,0.1586703159611045,2.6866435369147483,0.018634728969676634,6.205766410011159,0.48489527026825324
18.29680363303826,0.0,0.0,2.6787046664925236,-0.4759388116389354,0.15959634425979516,2.6787046664925236,0.01869338643277799,6.224401138980835,0.4877736951836762
18.346732557709764,0.0,0.0,2.6698077583682,-0.04221979912935974,0.16064362201696858,2.6698077583682,0.018727306540261827,6.243094525413613,0.49103004092023705
18.396671552566502,0.0,0.0,2.669017095247836,1.0993907113875063,0.16073718278054672,2.669017095247836,0.018658380497355957,6.261821831953875,0.49132100709694404
18.44662294438603,0.0,0.0,2.689529945456163,2.500000000000011,0.15833559467241484,2.689529945456163,0.01842937373229559,6.280480212451231,0.4838550477398844
18.4965797156616,0.0,0.0,2.735603379786902,2.5,0.1522873905431591,2.735603379786902,0.01812408267929282,6.298909586183527,0.46507778797286436
18.546558864853164,0.0,0.0,2.780913586485134,2.499999999999989,0.14255035418973544,2.780913586485134,0.01783347883622931,6.31703366886282,0.43492071940538335
18.596559139688217,0.0,0.0,2.8254972835757073,2.500000000000006,0.13031984032059735,2.8254972835757073,0.01755642101968884,6.334867147699049,0.3971595113000014
18.646579778082852,0.0,0.0,2.8693883361249295,2.5000000000000075,0.11751695648924385,2.8693883361249295,0.01729188845463691,6.352423568718738,0.3577604261743926
18.69659922466622,0.0,0.0,2.912618057261522,2.5000000000000013,0.10592018059430056,2.912618057261522,0.017038964916362066,6.369715457173375,0.32217598622378874
18.74660354667267,0.0,0.0,2.955215469552427,2.4999999999999893,0.09636366647428497,2.955215469552427,0.016796825352745764,6.386754422089737,0.2929183479664118
18.796607131017534,0.0,0.0,2.9972075329342913,2.5000000000000018,0.08844860359788893,2.9972075329342913,0.016564724541017196,6.403551247442483,0.26872720215536794
18.846630343001074,0.0,0.0,3.0386193442868343,2.49999999999999,0.08100644107334022,3.0386193442868343,0.016341987423140015,6.4201159719835,0.2460124141352892
18.896681633916522,0.0,0.0,3.079474312844684,2.5000000000000133,0.07304055303746058,3.079474312844684,0.016128000833920013,6.43645795940664,0.22172945265451074
18.94674142567364,0.0,0.0,3.1197943149294844,2.4999999999999853,0.0644846924948694,3.1197943149294844,0.01592220639068201,6.45258596024056,0.19567946400633562
18.996736787090647,0.0,0.0,3.1595998309061892,2.4999999999999933,0.05634773466350563,3.1595998309061892,0.015724094356532034,6.468508166631242,0.17093165590393247
19.04676454188783,0.0,0.0,3.198910066797519,2.4999999999999862,0.050322863994864006,3.198910066797519,0.01553319832347375,6.484232260987774,0.15262238217686325
19.096831380189563,0.0,0.0,3.2377430626062034,2.4999999999999925,0.04806022640745024,3.2377430626062034,0.015349090588994632,6.499765459311248,0.14574928352363795
19.146818079392453,0.0,0.0,3.27611578907869,2.4999999999999916,0.05029786629317589,3.27611578907869,0.015171378121698227,6.515114549900242,0.1525464395068212
19.19676408628244,0.0,0.0,3.3140442343829353,2.5000000000000178,0.05630716157278704,3.3140442343829353,0.01499969902929255,6.53028592802194,0.1708083162280241
19.246785022195574,0.0,0.0,3.351543481956167,2.499999999999994,0.06408766740412307,3.351543481956167,0.014833719456640575,6.545285627051233,0.1944713718305895
19.296831062767247,0.0,0.0,3.3886277805977683,2.500000000000002,0.07113327526995263,3.3886277805977683,0.014673130853323876,6.560119346507873,0.21591968293260994
19.346833426566555,0.0,0.0,3.425310607731078,2.499999999999993,0.07525033774697502,3.425310607731078,0.014517647559798738,6.574792477361197,0.2284627214044629
19.396893101685833,0.0,0.0,3.4616047266305747,2.5000000000000098,0.07517709815797638,3.4616047266305747,0.014367004669153026,6.5893101249209955,0.22823952297851174
19.446947831352475,0.0,0.0,3.4975222383034574,2.5000000000000075,0.07092922350729092,3.4975222383034574,0.014220956128030295,6.603677129590149,0.2152982139421149
19.49705096102701,0.0,0.0,3.5330746286235333,2.499999999999987,0.06369215905686357,3.5330746286235333,0.014079273045734447,6.617898085718179,0.19326795610378766
19.547146154047194,0.0,0.0,3.568272811237869,2.499999999999985,0.05525243277013741,3.568272811237869,0.013941742185070268,6.631977358763913,0.1676022029283719
19.59717238776022,0.0,0.0,3.6031271667005447,2.5000000000000195,0.047298463688833975,3.6031271667005447,0.013808164612276989,6.645919100948983,0.14343565590523533
19.647255868443732,0.0,0.0,3.6376475782312374,2.5000000000000155,0.04089460133142917,3.6376475782312374,0.013678354486606197,6.659727265561259,0.12399216223725756
19.69727363044469,0.0,0.0,3.671843464447753,2.500000000000019,0.036220817489440976,3.671843464447753,0.013552137972788078,6.673405620047865,0.10980807801440522
19.74727327209399,0.0,0.0,3.7057238093797236,2.499999999999998,0.03266699896189451,3.7057238093797236,0.013429352261908013,6.686957758020653,0.09902613313028949
19.797313739037175,0.0,0.0,3.7392971900344936,2.5000000000000115,0.029288614746812144,3.7392971900344936,0.013309844688148626,6.700387110282561,0.08877876495997557
19.847344166650394,0.0,0.0,3.7725718017548653,2.4999999999999782,0.025334979141550786,3.7725718017548653,0.013193471930498227,6.713696954970709,0.07678909408091235
19.897372094876786,0.0,0.0,3.8055554815811106,2.4999999999999982,0.020527743392168656,3.8055554815811106,0.013080099289931733,6.726890426901208,0.0622140220046693
19.94739689704485,0.0,0.0,3.83825572980594,2.499999999999998,0.01505979103021059,3.83825572980594,0.01296960003377362,6.739970526191139,0.04563918072782342
19.997484662170812,0.0,0.0,3.870679729890374,2.500000000000013,0.009392977799813372,3.870679729890374,0.01286185479998576,6.752940126224913,0.028464406214781048
20.04748779120302,0.0,0.0,3.9028343668903385,2.4999999999999907,0.003911221406020711,3.9028343668903385,0.012756751055012797,6.765801981024898,0.011852246516096654
20.097407875429507,0.0,0.0,3.9347262445278703,2.4999999999999862,-0.0013756700890520293,3.9347262445278703,0.012654182599585864,6.778558732079911,-0.004168699869262573
20.14738806698965,0.0,0.0,3.966361701026835,2.4999999999999925,-0.0068307116182629085,3.966361701026835,0.012554049117550153,6.791212914679496,-0.020699448052851614
20.197428661749036,0.0,0.0,3.99774682382071,0.18023611198677533,-0.012939171031931996,3.99774682382071,0.012501247138837577,6.803766963797046,-0.039211797519873935
20.24745823178448,0.0,0.0,4.0,0.0,-0.02005807187175745,4.0,0.012497726199804497,6.816268210935884,-0.060790188689856146
20.297403454426483,0.0,0.0,4.0,-2.3574516055076256,-0.0282697937976205,4.0,0.012544095603368978,6.828765937135689,-0.08568887000642417
20.34733038050644,0.0,0.0,3.9704279016801967,-3.9999999999999947,-0.037289042837659075,3.9704279016801967,0.012671694264742923,6.841310032739058,-0.11304950178176511
20.397309210935667,0.0,0.0,3.919741124621225,-4.000000000000002,-0.046453593734024086,3.919741124621225,0.012837714798467507,6.8539817270038,-0.14086980980320427
20.447277444467396,0.0,0.0,3.868390265427355,-4.0000000000000195,-0.05490267118367243,3.868390265427355,0.013010436974143882,6.866819441802268,-0.16653909761279748
20.497235292408625,0.0,0.0,3.816348517530779,-4.000000000000011,-0.061923382910685956,3.816348517530779,0.013190324172845012,6.879829878776412,-0.1878868273088905
20.547118297120935,0.0,0.0,3.763587220839399,-4.000000000000005,-0.06725374037928036,3.763587220839399,0.013377885912516521,6.893020202949256,-0.2041070359400053
20.596991102994288,0.0,0.0,3.710075677189333,-4.0,-0.07113724042311972,3.710075677189333,0.013573683927683766,6.906398088861773,-0.21593175955568875
20.64697626584041,0.0,0.0,3.655780941478598,-4.000000000000002,-0.07415481945423134,3.655780941478598,0.01377833925800342,6.919971772789457,-0.22512437372618802
20.69690501451282,0.0,0.0,3.600667584446584,-3.9999999999999987,-0.07699398913505545,3.600667584446584,0.013992540549679916,6.93375011204746,-0.2337772509015678
20.74682337140286,0.0,0.0,3.5446974222478644,-3.9999999999999916,-0.08022054185578079,3.5446974222478644,0.014217053822909083,6.94774265259714,-0.24361535758805294
20.79678283316196,0.0,0.0,3.4878292069562282,-3.9999999999999942,-0.084105726117061,3.4878292069562282,0.014452734021515388,6.961959706420049,-0.25546849637912816
20.84672788950069,0.0,0.0,3.4300182708701668,-3.999999999999985,-0.08865465758394167,3.4300182708701668,0.014700538742336178,6.976412440441564,-0.26935653009750393
20.89662392743423,0.0,0.0,3.3712161159008223,-4.0,-0.09381430058132266,3.3712161159008223,0.014961544647884906,6.9911129791839,-0.28512271723973437
20.946524624635096,0.0,0.0,3.3113699373092826,-3.9999999999999982,-0.09956622165572317,3.3113699373092826,0.015236967205008008,7.006074523831785,-0.30271680580464777
20.996461838297012,0.0,0.0,3.2504220684892506,-4.000000000000003,-0.10577341702674435,3.2504220684892506,0.015528184576710671,7.021311491036793,-0.3217262280432336
21.046428346384214,0.0,0.0,3.188309330182408,-3.999999999999991,-0.11202871954410981,3.188309330182408,0.015836766741186538,7.036839675613504,-0.34090834558834815
21.096359825090847,0.0,0.0,3.124962263217662,-3.680154849673849,-0.1177279264426321,3.124962263217662,0.016150880058517336,7.052676442354691,-0.35840865606897826
21.146274303000578,0.0,0.0,3.0655245236438087,-2.3643229691229877,-0.12229248898792734,3.0655245236438087,0.0164113180540191,7.068827322413208,-0.37244183252563984
21.196217290513474,0.0,0.0,3.0267228674151085,-1.340318230885629,-0.12541551358676103,3.0267228674151085,0.01657735862587674,7.085238640467227,-0.38205222077908746
21.246163862206206,0.0,0.0,3.004503931428917,-0.8374528670221204,-0.12725742887786762,3.004503931428917,0.016677417953514018,7.101815999093104,-0.38772382729763244
21.296118584420206,0.0,0.0,2.9905373799492203,-0.8913082771355284,-0.12843585242531422,2.9905373799492203,0.01675821262567358,7.118493417046618,-0.3913538169521746
21.34608324478525,0.0,0.0,2.9756006463259603,-1.2655070949760145,-0.12971413660744066,2.9756006463259603,0.016860725789117143,7.135251629672291,-0.3952926649158753
21.396057156711123,0.0,0.0,2.9542632782133875,-1.5691860211570319,-0.13157316546439068,2.9542632782133875,0.01699835238097736,7.1521123554614086,-0.4010233420428987
21.446044388063264,0.0,0.0,2.9275897012744565,-1.4936463962407476,-0.13395318697968842,2.9275897012744565,0.01715082665428326,7.169110707842386,-0.408364163377582
21.496253899332185,0.0,0.0,2.9019724308497366,-0.9765798779723294,-0.13629951910097243,2.9019724308497366,0.017276750124600098,7.18626153449667,-0.4156056852483329
21.546438305644333,0.0,0.0,2.885100304321296,-0.18968842616076095,-0.1378782739849505,2.885100304321296,0.017337148620793465,7.2035382846212705,-0.42048084005758524
21.596402164051593,0.0,0.0,2.8818116478853026,0.5853552622581503,-0.1381891517291742,2.8818116478853026,0.01731658670316768,7.220875433242064,-0.4214410735559792
21.646384446785518,0.0,0.0,2.8919480030363514,1.091362000450646,-0.1372342735375081,2.8919480030363514,0.017230220838403833,7.238192019945232,-0.41849192656455797
21.69638207143109,0.0,0.0,2.910752411318758,1.2056733520196574,-0.13548853344418443,2.910752411318758,0.01711390577943118,7.255422240783636,-0.41310220445981843
21.746614872081825,0.0,0.0,2.9313861914659936,0.9909487527127512,-0.13361055858247428,2.9313861914659936,0.0170047986171316,7.272536146563067,-0.40730708901315854
21.796801022429555,0.0,0.0,2.9482370754457716,0.6305849925170235,-0.1321053568465827,2.9482370754457716,0.01692556608287463,7.289540945180199,-0.402664402601162
21.846751581641552,0.0,0.0,2.9589100834074875,0.2957983919156092,-0.13116496030503097,2.9589100834074875,0.016880796592336985,7.306466511263073,-0.3997647609761944
21.896764457347224,0.0,0.0,2.9639033958937553,0.04418365372699808,-0.13072840535972868,2.9639033958937553,0.016864457098671355,7.32334730785541,-0.3984189216281098
21.946749394898102,0.0,0.0,2.964648529226497,-0.20042187636255143,-0.13066344468855193,2.964648529226497,0.01687195991550123,7.3402117649540815,-0.3982186699573054
21.996742955860455,0.0,0.0,2.9612670193623183,-0.5378023730289417,-0.13095862935775673,2.9612670193623183,0.01690755139222848,7.357083724869582,-0.39912865152309307
22.046813055376408,0.0,0.0,2.952174098101469,-0.9129146347609246,-0.13175730645636005,2.952174098101469,0.01697815933574404,7.373991276261811,-0.4015911313475919
22.09705098071054,0.0,0.0,2.9366744879725655,-1.1029517786309142,-0.13313545722235673,2.9366744879725655,0.017077732779882223,7.390969435597555,-0.4058414711769916
22.147268003722946,0.0,0.0,2.917838572228011,-0.9131471544534104,-0.13483920416970246,2.917838572228011,0.017179034135569086,7.408047168377437,-0.411098149718243
22.19733719792251,0.0,0.0,2.902151586090858,-0.330725578632231,-0.13628289917104994,2.902151586090858,0.01724240300631173,7.425226202513006,-0.4155543746008154
22.247352674227063,0.0,0.0,2.8964490823795854,0.4788931252915689,-0.13681338756514594,2.8964490823795854,0.017234820431309698,7.442468605519317,-0.41719226500982604
22.297376457382747,0.0,0.0,2.9047027193997743,1.2376290831202916,-0.13604656021724906,2.9047027193997743,0.017147691630945372,7.459703425950627,-0.4148247515287101
22.347498827230208,0.0,0.0,2.9259252012706107,1.64487895468464,-0.13410381670095972,2.9259252012706107,0.017004228783674764,7.476851117581572,-0.40882891585406234
22.397648598979156,0.0,0.0,2.95389509933752,1.5309121788874365,-0.13160558915949994,2.95389509933752,0.016850148394183608,7.493855346365247,-0.4011233168354235
22.4478255672068,0.0,0.0,2.9796911967302364,1.02655345107274,-0.12936219794484982,2.9796911967302364,0.016729001812438003,7.5107054947594305,-0.3942080862995798
22.49791684080906,0.0,0.0,2.9968644112737968,0.5630357485402973,-0.12790001391871902,2.9968644112737968,0.01665501266058816,7.5274344965718685,-0.38970309558557226
22.54810395576576,0.0,0.0,3.006241778794099,0.6113263904534084,-0.1271119216861084,3.006241778794099,0.01660101535976793,7.544089509232457,-0.3872756863131052
22.59836620198693,0.0,0.0,3.0163904175918477,1.405165379697809,-0.12626710219833367,3.0163904175918477,0.016509601572806676,7.560690524592225,-0.3846740938571232
22.64853009989913,0.0,0.0,3.03958913815456,2.4999999999999973,-0.12436695534765184,3.03958913815456,0.016336842583069194,7.577200126165032,-0.37882469001989977
22.69871761353113,0.0,0.0,3.080431244612233,2.499999999999997,-0.12061462261735453,3.080431244612233,0.016123055413507913,7.593536968748101,-0.3672816434931217
22.748928545648724,0.0,0.0,3.120738883146003,2.4999999999999853,-0.1147635344260262,3.120738883146003,0.0159174478312381,7.609660024161609,-0.3493031530456311
22.799344910732422,0.0,0.0,3.160532502724098,2.4999999999999947,-0.10723088180077639,3.160532502724098,0.015719511179443868,7.625577471992846,-0.32619326579480357
22.849753018096873,0.0,0.0,3.1998312806727074,2.4999999999999973,-0.09895384998384618,3.1998312806727074,0.015528780013639238,7.64129698317229,-0.30084273013995966
22.899973816995892,0.0,0.0,3.2386532307068054,2.5000000000000053,-0.09104027543033487,3.2386532307068054,0.015344827493270829,7.656825763185929,-0.27664435189344544
22.950085289390486,0.0,0.0,3.2770152994399826,2.5000000000000075,-0.08435839358692117,3.2770152994399826,0.01516726136013271,7.6721705906792,-0.25623961356305086
23.000061291240684,0.0,0.0,3.3149334528403145,2.500000000000011,-0.07924656970989974,3.3149334528403145,0.014995720417278346,7.687337852039333,-0.2406450832471756
23.050328500808106,0.0,0.0,3.3524227538835105,2.5000000000000018,-0.07544088321280247,3.3524227538835105,0.014829871436440802,7.702333572456611,-0.2290434222915124
23.100882924979377,0.0,0.0,3.3894974324746125,2.5000000000000084,-0.07220021082764803,3.3894974324746125,0.014669406433661743,7.717163443893052,-0.21916948411647527
23.15139824147877,0.0,0.0,3.426170948558767,2.500000000000009,-0.06860086250461042,3.426170948558767,0.014514040262413756,7.731832850326714,-0.20820811861881905
23.20170445616132,0.0,0.0,3.4624560492148015,2.499999999999997,-0.06395510767819412,3.4624560492148015,0.014363508481393535,7.746346890589128,-0.19406802473418203
23.25175979543959,0.0,0.0,3.4983648204182853,2.499999999999987,-0.05817260988393649,3.4983648204182853,0.014217565460692756,7.760710399070521,-0.17647975319019457
23.30166501455215,0.0,0.0,3.533908734070017,2.500000000000018,-0.051849362211310625,3.533908734070017,0.014075982695476772,7.774927964531214,-0.15726022853686095
23.351790867828342,0.0,0.0,3.5690986908087092,2.500000000000017,-0.04606246845051602,3.5690986908087092,0.01393854730082404,7.789003947226691,-0.13968204187620317
23.402038253048392,0.0,0.0,3.6039450590607696,2.4999999999999925,-0.041982469400468916,3.6039450590607696,0.013805060665165356,7.802942494527515,-0.12729439966961448
23.45210714653256,0.0,0.0,3.638457710723683,2.5000000000000018,-0.040410162739395336,3.638457710723683,0.013675337242943,7.81674755519268,-0.12252173776606948
23.502139385586506,0.0,0.0,3.6726460538310404,2.4999999999999907,-0.04142119361552967,3.6726460538310404,0.013549203469792076,7.830422892435623,-0.12559060265412608
23.552129664156453,0.0,0.0,3.7065190625055204,2.4999999999999893,-0.044349357414487194,3.7065190625055204,0.013426496785815324,7.843972095905415,-0.13448017186523312
23.602072836967764,0.0,0.0,3.7400853044700586,2.50000000000002,-0.04811296315462697,3.7400853044700586,0.013307064754448454,7.85739859269123,-0.1459094619469266
23.65213628214804,0.0,0.0,3.77335296635618,2.4999999999999893,-0.05163339001348401,3.77335296635618,0.013190764266052625,7.870705657445678,-0.15660401209297692
23.702243654572023,0.0,0.0,3.8063298770213114,2.5000000000000133,-0.05414409519159349,3.8063298770213114,0.013077460816770812,7.883896421711731,-0.1642335351888156
23.752168566621854,0.0,0.0,3.8390235290632386,2.5000000000000084,-0.05535558276935058,3.8390235290632386,0.012967027854383728,7.896973882528502,-0.16791573665992898
23.802186801614027,0.0,0.0,3.871441098699198,2.4999999999999822,-0.05545959473144762,3.871441098699198,0.012859346183930767,7.909940910382885,-0.1682318940347239
23.852508295150354,0.0,0.0,3.9035894641590247,2.5000000000000013,-0.05494690164088977,3.9035894641590247,0.012754303426748052,7.922800256566816,-0.16667353445364064
23.902805788014465,0.0,0.0,3.935475222725895,2.5000000000000178,-0.054322537273248976,3.935475222725895,0.012651793527341137,7.935554559993564,-0.16477586232887087
23.952862574538493,0.0,0.0,3.967104706544248,2.500000000000005,-0.053885055865254224,3.967104706544248,0.012551716303172509,7.948206353520906,-0.1634462728653571
24.002744203503713,0.0,0.0,3.9984839973021793,0.12127929437451926,-0.05365239126143613,3.9984839973021793,0.01250009497201707,7.960758069824078,-0.16273918633677995
24.05266863344272,0.0,0.0,4.0,0.0,-0.05341194952078547,4.0,0.012497726199804497,7.973258164796095,-0.1620084830258389
24.102719441604957,0.0,0.0,4.0,0.0,-0.05287665543886459,4.0,0.012497726199804497,7.9857558909959,-0.1603817897345198
24.152901592210505,0.0,0.0,4.0,0.0,-0.051916461212298814,4.0,0.012497726199804497,7.998253617195705,-0.15746410715862694
24.203066105479202,0.0,0.0,4.0,0.0,-0.050713836285805704,4.0,0.012497726199804497,8.01075134339551,-0.1538101755039075
24.252904146037707,0.0,0.0,4.0,0.0,-0.049680774700759,4.0,0.012497726199804497,8.023249069595314,-0.15067178418898597
24.302734305576017,0.0,0.0,4.0,0.0,-0.04918537390931423,4.0,0.012497726199804497,8.035746795795118,-0.1491668952429222
24.352683196699864,0.0,0.0,4.0,0.0,-0.04930731210480256,4.0,0.012497726199804497,8.048244521994922,-0.14953730251328343
24.402640840605077,0.0,0.0,4.0,0.0,-0.04978464585086816,4.0,0.012497726199804497,8.060742248194726,-0.15098732504759482
24.45257472179489,0.0,0.0,4.0,0.0,-0.05017584286768445,4.0,0.012497726199804497,8.07323997439453,-0.15217573677921553
24.502614372901615,0.0,0.0,4.0,0.0,-0.05015487487205849,4.0,0.012497726199804497,8.085737700594334,-0.15211203722900915
24.55249273860598,0.0,0.0,4.0,0.0,-0.04974882623426656,4.0,0.012497726199804497,8.098235426794139,-0.15087851147564943
24.602179089999794,0.0,0.0,4.0,0.0,-0.04932987402825845,4.0,0.012497726199804497,8.110733152993943,-0.14960583854499934
24.652084296067116,0.0,0.0,4.0,0.0,-0.04938826043177501,4.0,0.012497726199804497,8.123230879193747,-0.14978319879563856
24.701964776719574,0.0,0.0,4.0,0.0,-0.05029409304728606,4.0,0.012497726199804497,8.13572860539355,-0.15253497645489372
24.75190401537799,0.0,0.0,4.0,0.0,-0.05217425331531475,4.0,0.012497726199804497,8.148226331593355,-0.1582474152004278
24.801819571039236,0.0,0.0,4.0,0.0,-0.05488317107301917,4.0,0.012497726199804497,8.160724057793159,-0.16647982795442268
24.851674595644113,0.0,0.0,4.0,0.0,-0.05804630214639857,4.0,0.012497726199804497,8.173221783992963,-0.1760957071170788
24.901702980294353,0.0,0.0,4.0,0.0,-0.06117188671035014,4.0,0.012497726199804497,8.185719510192767,-0.18560091763556227
24.951572739589146,0.0,0.0,4.0,0.0,-0.06377425236097267,4.0,0.012497726199804497,8.198217236392571,-0.19351773690918014
25.001420259602178,0.0,0.0,4.0,0.0,-0.0654686253266451,4.0,0.012497726199804497,8.210714962592375,-0.1986737026854358
25.05124572975597,0.0,0.0,4.0,0.0,-0.06606005976445746,4.0,0.012497726199804497,8.223212688792179,-0.20047370199561917
25.10092595055358,0.0,0.0,4.0,0.0,-0.0655864924387295,4.0,0.012497726199804497,8.235710414991983,-0.1990324138051685
25.150792611627296,0.0,0.0,4.0,0.0,-0.06420876556456019,4.0,0.012497726199804497,8.248208141191787,-0.19483985016088493
25.200595201645434,0.0,0.0,4.0,0.0,-0.06199276855348703,4.0,0.012497726199804497,8.260705867391591,-0.18809789604768654
25.250391593289773,0.0,0.0,4.0,0.0,-0.058805776824584335,4.0,0.012497726199804497,8.273203593591395,-0.17840501975622167
25.30016570819158,0.0,0.0,4.0,-3.9219164036773257,-0.054444823989023644,4.0,0.012575251183320283,8.2857013197912,-0.16514752627907525
25.3499176983172,0.0,0.0,3.9506809161037735,-3.999999999999992,-0.04889861312205248,3.9506809161037735,0.0127358574375013,8.298276570974519,-0.1482958298189888
25.39985812620392,0.0,0.0,3.8997374863537684,-3.999999999999999,-0.042589693576966965,3.8997374863537684,0.012904446635511383,8.31101242841202,-0.12913776717323402
25.449825114122785,0.0,0.0,3.848119699811723,-3.9999999999999787,-0.03646374920701428,3.848119699811723,0.01307991356912104,8.323916875047532,-0.11054520788220873
25.49979605238343,0.0,0.0,3.795800045535239,-3.999999999999985,-0.031793670063297204,3.795800045535239,0.01326273899750457,8.336996788616652,-0.09637693072968573
25.54964600133363,0.0,0.0,3.742749089545221,-3.9999999999999902,-0.029721824898894404,3.742749089545221,0.013453452085772788,8.350259527614156,-0.0900926665127923
25.599568909483207,0.0,0.0,3.68893528120213,-3.9999999999999933,-0.03081460718362891,3.68893528120213,0.013652636857629652,8.36371297969993,-0.09340716401116923
25.64965282609427,0.0,0.0,3.6343247337716114,-4.000000000000003,-0.03491279192972005,3.6343247337716114,0.013860939731553215,8.37736561655756,-0.1058393453090394
25.699712988985148,0.0,0.0,3.5788809748453985,-3.9999999999999982,-0.04130083284111233,3.5788809748453985,0.014079078362325144,8.391226556289112,-0.1252252483667843
25.74953735080468,0.0,0.0,3.522564661396098,-4.000000000000002,-0.0490464802087349,3.522564661396098,0.01430785206384388,8.405305634651437,-0.14874498826110205
25.799332231530848,0.0,0.0,3.4653332531407224,-3.9999999999999942,-0.05737411608655384,3.4653332531407224,0.014548154158731695,8.419613486715281,-0.17405198057219473
25.849305157221533,0.0,0.0,3.4071406365057957,-4.000000000000007,-0.06593284322583917,3.4071406365057957,0.014800986690398062,8.434161640874013,-0.20008651336728897
25.899444295891257,0.0,0.0,3.3479366897442033,-4.000000000000002,-0.07479824419815058,3.3479366897442033,0.015067478050998279,8.448962627564411,-0.22708500076900315
25.949545288066304,0.0,0.0,3.28766677754021,-3.9999999999999964,-0.08418828592741272,3.28766677754021,0.015348904233943875,8.464030105615409,-0.25572045748158473
25.999391016313478,0.0,0.0,3.2262711606044348,-3.9999999999999822,-0.09410785072951267,3.2262711606044348,0.015646714626101635,8.479379009849353,-0.28602016312589423
26.049174757022424,0.0,0.0,3.1636843021000285,-4.000000000000004,-0.10419468543765982,3.1636843021000285,0.0159625635322521,8.495025724475454,-0.3168890740546006
26.099120891866125,0.0,0.0,3.09983404797102,-4.000000000000006,-0.11385010430520527,3.09983404797102,0.01629834900117153,8.510988288007706,-0.3464986989640408
26.149185404996043,0.0,0.0,3.034640651966334,-3.9999999999999876,-0.12252914023833097,3.034640651966334,0.01665626104038281,8.527286637008878,-0.37316981148757267
26.199223563564573,0.0,0.0,2.968015607804803,-3.9999999999999822,-0.13000920335412483,2.968015607804803,0.017038842026794364,8.543942898049261,-0.39620205659346597
26.248996091181997,0.0,0.0,2.8998602396976256,-3.576998210328088,-0.13649569008751142,2.8998602396976256,0.01742636852315854,8.560981740076056,-0.41621134088498446
26.29874625578564,0.0,0.0,2.83752615067777,-3.2604666839648693,-0.14247855207831756,2.83752615067777,0.017799806600944112,8.578408108599215,-0.4346986575427833
26.3487647996255,0.0,0.0,2.7794904742743736,-3.0553629933410225,-0.14840441996125064,2.7794904742743736,0.01816703567740367,8.596207915200159,-0.4530411639218395
26.398511069142586,0.0,0.0,2.7239835857669283,-2.8212962655884106,-0.15441934635867674,2.7239835857669283,0.018529943993599165,8.614374950877563,-0.4716926095638055
26.44818952886863,0.0,0.0,2.6717051239762246,-2.5872854096484743,-0.16041943011289098,2.6717051239762246,0.018883902885948444,8.632904894871162,-0.49033285867215365
26.49797218528632,0.0,0.0,2.6228470775621915,-2.459108157785526,-0.16634292762091024,2.6228470775621915,0.01923319770606703,8.65178879775711,-0.5087707134264179
26.54751740610646,0.0,0.0,2.5755505641829,-2.4817373908445615,-0.17238902843578105,2.5755505641829,0.01959477855773411,8.671021995463176,-0.5276280592766961
26.5971982963434,0.0,0.0,2.526921469570852,-2.5829965797201178,-0.17894839396506268,2.526921469570852,0.019987506340566993,8.69061677402091,-0.5481312385720762
26.647104055222375,0.0,0.0,2.4752938090560335,-2.6196772873314518,-0.18632098770705152,2.4752938090560335,0.02041652202343324,8.710604280361476,-0.5712346369288197
26.69691885248245,0.0,0.0,2.421809110024943,-2.4723203721092903,-0.1944376613745981,2.421809110024943,0.020864163734038748,8.73102080238491,-0.5967442284087735
26.746711098617425,0.0,0.0,2.370226212978255,-2.123177767172797,-0.2027649198740938,2.370226212978255,0.02129428764406394,8.751884966118949,-0.6230005796879067
26.79648279890279,0.0,0.0,2.3250146548845962,-1.673973938269888,-0.2104984806510572,2.3250146548845962,0.021670383188252127,8.773179253763013,-0.6474655341767082
26.846233062582236,0.0,0.0,2.2887389981951403,-1.2923826185620657,-0.21701790077244387,2.2887389981951403,0.021978500142811382,8.794849636951266,-0.668152357284987
26.895955666842053,0.0,0.0,2.260334366628507,-1.1165693035902586,-0.22232951701105536,2.260334366628507,0.022238750124442538,8.816828137094078,-0.6850506267016656
26.945683657937362,0.0,0.0,2.2355032608893404,-1.1741970139512898,-0.2271287442112394,2.2355032608893404,0.0224951563912034,8.83906688721852,-0.7003537025092698
26.995411650463474,0.0,0.0,2.209089515426422,-1.3724438300999264,-0.23240023882131497,2.209089515426422,0.022790995262931445,8.861562043609723,-0.7172018736189673
27.04513290241827,0.0,0.0,2.177810154595975,-1.5646482901443983,-0.2388744730624277,2.177810154595975,0.02314713522859915,8.884353038872655,-0.7379518186487329
27.094848374578618,0.0,0.0,2.1415930290388063,-1.636515385510591,-0.24670061640993082,2.1415930290388063,0.023554848544564345,8.907500174101255,-0.7631223185550088
27.144559544539153,0.0,0.0,2.103045156992255,-1.5552677487054403,-0.2554419881304414,2.103045156992255,0.02398341417806039,8.93105502264582,-0.7913540844917956
27.194267263734595,0.0,0.0,2.065744526417273,-1.3718547739221536,-0.2643296081296305,2.065744526417273,0.02439759485243593,8.95503843682388,-0.8201906667465853
27.243966582645864,0.0,0.0,2.03227456944674,-1.1835826575668102,-0.2726855491131255,2.03227456944674,0.02477726876793126,8.979436031676316,-0.8474289159766545
27.293722819005524,0.0,0.0,2.002948623831145,-1.0733026669639292,-0.2803196734816067,2.002948623831145,0.025127829058914575,9.004213300444247,-0.8724256486409425
27.34350917872989,0.0,0.0,1.9759788578871982,-1.0597090788080963,-0.28761118579652467,1.9759788578871982,0.02547330992704075,9.029341129503162,-0.8964033219869783
27.393240478278315,0.0,0.0,1.9489845600902207,-1.0944668236994244,-0.2951811688971593,1.9489845600902207,0.025837154472110418,9.054814439430203,-0.9214064479038311
27.44285172946318,0.0,0.0,1.9207066517016986,-1.1005705108838877,-0.30341618549137583,1.9207066517016986,0.026224382553226674,9.080651593902314,-0.9487372741141381
27.492557940417367,0.0,0.0,1.8918448695974794,-1.0141135228037061,-0.3121582826446499,1.8918448695974794,0.02661426612099919,9.106875976455541,-0.9779057532465459
27.542419771660512,0.0,0.0,1.8648549824246776,-0.8074528071933693,-0.32065597007288166,1.8648549824246776,0.026964264383381703,9.13349024257654,-1.0064168837217642
27.592191912527888,0.0,0.0,1.8430826114544119,-0.49642729497738036,-0.3277479550587082,1.8430826114544119,0.027223336663450875,9.160454506959923,-1.0303349713120245
27.641956794791408,0.0,0.0,1.8295682040743164,-0.13109980677466188,-0.33226018020695786,1.8295682040743164,0.02735068304068501,9.187677843623373,-1.0456126677919775
27.691848429366264,0.0,0.0,1.8259825348125276,0.22880057232860232,-0.33347183525603735,1.8259825348125276,0.027330738574659612,9.215028526664058,-1.0497232244823602
27.74191923710943,0.0,0.0,1.8322358234405731,0.5397469408761956,-0.33136270680810803,1.8322358234405731,0.02717532485080528,9.242359265238719,-1.042570192530976
27.79206139890404,0.0,0.0,1.8469036218961121,0.7860931855259924,-0.3264876333280711,1.8469036218961121,0.026913267772430322,9.269534590089524,-1.0260761154180236
27.842052384138498,0.0,0.0,1.868059958292256,0.9765834831904999,-0.31963010622657373,1.868059958292256,0.026576248579291688,9.296447857861954,-1.00296648607598
27.892057744673423,0.0,0.0,1.8940138836999572,1.1357653897671909,-0.31148910631899557,1.8940138836999572,0.026188524400094976,9.323024106441245,-0.9756672513464858
27.942129614191025,0.0,0.0,1.9237579033226586,1.2944834160255587,-0.3025121509316845,1.9237579033226586,0.025762762298798536,9.34921263084134,-0.9457300969570264
27.992215939721234,0.0,0.0,1.9571073718694618,1.4763007274558633,-0.2928739703269452,1.9571073718694618,0.02530180782076473,9.374975393140138,-0.9137738779773312
28.042520776307413,0.0,0.0,1.9944604491612052,1.686790923221059,-0.28258597243927136,1.9944604491612052,0.02480469662143208,9.400277200960902,-0.879867319709634
28.09266261222669,0.0,0.0,2.036300786275489,1.9189794704553675,-0.2716606152106318,2.036300786275489,0.024272263069773037,9.425081897582334,-0.8440811202942452
28.14281170382678,0.0,0.0,2.0828787608078754,2.1687714777399556,-0.26019295898242223,2.0828787608078754,0.02370824141158684,9.449354160652108,-0.8067520198022998
28.192963264945778,0.0,0.0,2.134296518568698,2.4378175165462284,-0.2483218974827348,2.134296518568698,0.02311745310424262,9.473062402063695,-0.7683490036102368
28.243111494254272,0.0,0.0,2.190652650684157,2.500000000000004,-0.23618519528173335,2.190652650684157,0.022530444799286863,9.496179855167938,-0.7293248335276714
28.29348229048742,0.0,0.0,2.246978762682374,2.4999999999999853,-0.22394611492748231,2.246978762682374,0.021979309750517956,9.518710299967225,-0.690201653137127
28.343878894750954,0.0,0.0,2.3019270370586686,2.499999999999995,-0.21182345563575608,2.3019270370586686,0.02146674400660093,9.540689609717743,-0.6516650980569456
28.394061696177804,0.0,0.0,2.355593897075171,2.500000000000006,-0.20002880031973977,2.355593897075171,0.020988448454525736,9.562156353724344,-0.6143636952961619
28.444226571441337,0.0,0.0,2.4080650182114853,2.499999999999998,-0.18860607505754212,2.4080650182114853,0.02054076637102968,9.58314480217887,-0.5784083093550217
28.494609205440458,0.0,0.0,2.4594169341390595,2.4999999999999973,-0.17726161905323268,2.4594169341390595,0.020120565037403913,9.6036855685499,-0.5428541645173713
28.545000202074387,0.0,0.0,2.509718346732569,2.4999999999999916,-0.1653658209053443,2.509718346732569,0.019725142975471743,9.623806133587303,-0.5057268181868415
28.59515278712562,0.0,0.0,2.5590312041712484,2.5000000000000044,-0.1522712980578095,2.5590312041712484,0.01935215649854719,9.643531276562776,-0.4650278743375842
28.64527347131953,0.0,0.0,2.6074115954176165,2.4999999999999996,-0.13783198224513685,2.6074115954176165,0.018999560997074387,9.662883433061323,-0.42033786206798646
28.69560246070132,0.0,0.0,2.6549104979103024,2.499999999999995,-0.12278499394839056,2.6549104979103024,0.018665563587982385,9.681882994058396,-0.3739569081765675
28.745920644319895,0.0,0.0,2.7015744068802583,2.4999999999999987,-0.10872716182913024,2.7015744068802583,0.0183485846165068,9.700548557646378,-0.33078072839813555
28.796206320020797,0.0,0.0,2.7474458684215253,2.4999999999999925,-0.09760612992076638,2.7474458684215253,0.018047226118593385,9.718897142262886,-0.2967190267168068
28.84626294746507,0.0,0.0,2.7925639337180086,2.500000000000017,-0.09086489303350646,2.7925639337180086,0.017760245803727828,9.73694436838148,-0.27610846927317656
28.89631175931312,0.0,0.0,2.8369645482273285,2.4999999999999982,-0.08868732568563167,2.8369645482273285,0.017486535451281794,9.754704614185208,-0.26945630678987004
28.946537293625912,0.0,0.0,2.880680886855533,2.500000000000009,-0.08986269797631728,2.880680886855533,0.017225102861923365,9.77219114963649,-0.2730465800626177
28.996701981964186,0.0,0.0,2.9237436440103415,2.4999999999999973,-0.09234939604983826,2.9237436440103415,0.01697505669272383,9.789416252498413,-0.2806449270966295
29.046818762976834,0.0,0.0,2.966181285742151,2.5000000000000036,-0.0941303990118971,2.966181285742151,0.016735593646768774,9.806391309191136,-0.28608910012545175
29.096908959807426,0.0,0.0,3.008020269859073,2.4999999999999964,-0.09389551772780888,3.008020269859073,0.016505987597068585,9.823126902837904,-0.28537101054263514
29.146968331842192,0.0,0.0,3.0492852388517444,2.4999999999999996,-0.09129931845985607,3.0492852388517444,0.016285580308789176,9.839632890434974,-0.27743589179249745
29.196994195518933,0.0,0.0,3.0899991896237173,2.4999999999999876,-0.08675917183191235,3.0899991896237173,0.016073773489413138,9.855918470743763,-0.26356821958083726
29.246984161513616,0.0,0.0,3.13018362334725,2.49999999999998,-0.08097295358753631,3.13018362334725,0.015870021947886264,9.871992244233176,-0.24591026836127525
29.29696465259682,0.0,0.0,3.1698586782169653,2.499999999999996,-0.0744770901218071,3.1698586782169653,0.0156738276844296,9.887862266181063,-0.2261063649395404
29.346678301100106,0.0,0.0,3.2090432474280393,2.500000000000002,-0.06747349063202807,3.2090432474280393,0.015484734764985382,9.903536093865492,-0.20477597676828382
29.396311073773315,0.0,0.0,3.2477550843405028,2.499999999999991,-0.059905075198239906,3.2477550843405028,0.015302324860082681,9.919020828630478,-0.18174799097388245
29.446115386060416,0.0,0.0,3.2860108964907093,2.4999999999999973,-0.05162455915440661,3.2860108964907093,0.015126213348672495,9.93432315349056,-0.15657718045638325
29.495870547896033,0.0,0.0,3.3238264298623905,2.5000000000000124,-0.04254863636891275,3.3238264298623905,0.014956045904272056,9.949449366839232,-0.12901312566053597
29.545574143338285,0.0,0.0,3.361216544623071,2.4999999999999774,-0.03278285550020958,3.361216544623071,0.014791495494406483,9.964405412743504,-0.09937758979775807
29.59522389875645,0.0,0.0,3.3981952833590867,2.499999999999993,-0.022709987887766302,3.3981952833590867,0.01463225973548483,9.979196908237912,-0.06882997839377641
29.64481715147334,0.0,0.0,3.4347759326977987,2.4999999999999907,-0.012993987151771814,3.4347759326977987,0.014478058554398442,9.993829167973397,-0.03937793490544987
29.69459737965375,0.0,0.0,3.4709710790837947,2.500000000000002,-0.004450895591971159,3.4709710790837947,0.014328632115673822,10.008307226527796,-0.013487651465608867
29.74459148189901,0.0,0.0,3.5067926593729792,2.4999999999999774,0.0021804005107992027,3.5067926593729792,0.014183738979259125,10.02263585864347,0.006607284745818719
29.794582138646714,0.0,0.0,3.5422520068211267,2.499999999999995,0.006467624966454269,3.5422520068211267,0.014043154459217205,10.03681959762273,0.019599136813897935
29.84456928281564,0.0,0.0,3.5773598929691697,2.5000000000000093,0.00842477111267049,3.5773598929691697,0.01390666915793352,10.050862752081947,0.025530213452541212
29.894553235017863,0.0,0.0,3.6121265658640036,2.5000000000000147,0.008504139021796042,3.6121265658640036,0.013774087654079555,10.06476942123988,0.025770739500757582
29.944534708371865,0.0,0.0,3.6465617849992027,2.5000000000000067,0.007394777053491819,3.6465617849992027,0.013645227325626905,10.07854350889396,0.02240882377363657
29.994527868960347,0.0,0.0,3.68067485331327,2.5000000000000084,0.005666560402505038,3.68067485331327,0.013519917291784677,10.092188736219587,0.017171578952099507
30.044519432578042,0.0,0.0,3.714474646542732,2.5000000000000013,0.0034596262457614276,3.714474646542732,0.013397997459914983,10.105708653511371,0.01048375772302694
30.094509360675197,0.0,0.0,3.7479696401925193,2.4999999999999964,0.00044195095361071967,3.7479696401925193,0.013279317665334764,10.119106650971286,0.0013392454011659709
30.144497717216396,0.0,0.0,3.781167934355856,2.4999999999999796,-0.0039321479007167915,3.781167934355856,0.013163736893491347,10.13238596863662,-0.011915661111676903
30.194484324491754,0.0,0.0,3.8140772765895843,2.500000000000011,-0.010010160719424534,3.8140772765895843,0.013051122575348493,10.145549705530112,-0.030334833585649437
30.24448412085423,0.0,0.0,3.8467050830279557,2.499999999999996,-0.017529137262846217,3.8467050830279557,0.012941349947976043,10.15860082810546,-0.05312403903038849
30.29446923385031,0.0,0.0,3.8790584578978957,2.5000000000000138,-0.02536781282749806,3.8790584578978957,0.012834301473330109,10.171542178053436,-0.07688865407177353
30.344453061660644,0.0,0.0,3.911144211581221,2.4999999999999973,-0.03168291689135158,3.911144211581221,0.012729866309066843,10.184376479526765,-0.09604097675748284
30.394447990364878,0.0,0.0,3.9429688773538882,2.500000000000005,-0.03449025733490698,3.9429688773538882,0.012627939825972566,10.197106345835833,-0.10455739432639409
30.444458938730456,0.0,0.0,3.9745387269188197,2.030788490806673,-0.03240591673839528,3.9745387269188197,0.012537629199910685,10.209734285661805,-0.0982341367444925
30.49447093658267,0.0,0.0,4.0,0.0,-0.02516052270989566,4.0,0.012497726199804497,10.222271914861714,-0.07626010109169978
30.54448320450293,0.0,0.0,4.0,0.0,-0.013708046974480251,4.0,0.012497726199804497,10.234769641061519,-0.041542138387618
30.594492121742388,0.0,0.0,4.0,0.0,6.189557413363177e-05,4.0,0.012497726199804497,10.247267367261323,0.0001875623460990112
30.64449354541255,0.0,0.0,4.0,0.0,0.013913632434527624,4.0,0.012497726199804497,10.259765093461127,0.04216524347544911
30.694489098333154,0.0,0.0,4.0,0.0,0.025943257512775812,4.0,0.012497726199804497,10.27226281966093,0.07863357415930847
30.744461238300527,0.0,0.0,4.0,0.0,0.035047359224499905,4.0,0.012497726199804497,10.284760545860735,0.10624762435964977
30.79443499223732,0.0,0.0,4.0,0.0,0.04100879877809353,4.0,0.012497726199804497,10.297258272060539,0.12433879610087926
30.844410292855834,0.0,0.0,4.0,0.0,0.04427099965116633,4.0,0.012497726199804497,10.309755998260343,0.1342422572835371
30.894387119669723,0.0,0.0,4.0,0.0,0.045597629993108214,4.0,0.012497726199804497,10.322253724460147,0.1382704776996944
30.944365457388763,0.0,0.0,4.0,0.0,0.04576703247548585,4.0,0.012497726199804497,10.334751450659951,0.13878489132719976
30.994345237751592,0.0,0.0,4.0,0.0,0.04536961963535209,4.0,0.012497726199804497,10.347249176859755,0.1375781058548263
31.04432644374678,0.0,0.0,4.0,0.0,0.04473569539587406,4.0,0.012497726199804497,10.359746903059559,0.13565321886506157
31.094309018431137,0.0,0.0,4.0,0.0,0.043965468508645945,4.0,0.012497726199804497,10.372244629259363,0.13331460089281344
31.144292888271785,0.0,0.0,4.0,0.0,0.042989966191137166,4.0,0.012497726199804497,10.384742355459167,0.1303529380885171
31.194278012340597,0.0,0.0,4.0,0.0,0.04162412274442709,4.0,0.012497726199804497,10.397240081658971,0.126206600861938
31.244264343324637,0.0,0.0,4.0,0.0,0.039653254860437435,4.0,0.012497726199804497,10.409737807858775,0.12022439780905876
31.294251825139156,0.0,0.0,4.0,0.0,0.03699078392082763,4.0,0.012497726199804497,10.42223553405858,0.1121444390301815
31.34424040206752,0.0,0.0,4.0,0.0,0.0338436685389223,4.0,0.012497726199804497,10.434733260258383,0.10259574516836367
31.394230025057816,0.0,0.0,4.0,0.0,0.030760493704659116,4.0,0.012497726199804497,10.447230986458187,0.09324302824106928
31.444220644166272,0.0,0.0,4.0,0.0,0.028506670376272036,4.0,0.012497726199804497,10.459728712657991,0.08640725661019595
31.494212202596643,0.0,0.0,4.0,0.0,0.027801718133171276,4.0,0.012497726199804497,10.472226438857795,0.08426934341534358
31.54420471724106,0.0,0.0,4.0,0.0,0.028999083158033942,4.0,0.012497726199804497,10.4847241650576,0.08790065087569555
31.59419497018558,0.0,0.0,4.0,0.0,0.031865477252575304,4.0,0.012497726199804497,10.497221891257404,0.09659474887483498
31.64418498462868,0.0,0.0,4.0,0.0,0.03564061435752622,4.0,0.012497726199804497,10.509719617457208,0.10804761484723215
31.694178405972217,0.0,0.0,4.0,0.0,0.03936687901071077,4.0,0.012497726199804497,10.522217343657012,0.11935523610285617
31.744173195678545,0.0,0.0,4.0,0.0,0.04226075179892373,4.0,0.012497726199804497,10.534715069856816,0.12813917761463003
31.794169267841237,0.0,0.0,4.0,0.0,0.043931663188749304,4.0,0.012497726199804497,10.54721279605662,0.13321196241327693
31.84416654306457,0.0,0.0,4.0,0.0,0.044409903027028005,4.0,0.012497726199804497,10.559710522256424,0.13466400525013456
31.894164904676284,0.0,0.0,4.0,0.0,0.04401378508510708,4.0,0.012497726199804497,10.572208248456228,0.13346129845042295
31.94416428813644,0.0,0.0,4.0,0.0,0.043131688795212286,4.0,0.012497726199804497,10.584705974656032,0.13078319783547218
31.99416464592463,0.0,0.0,4.0,0.0,0.04205058482300785,4.0,0.012497726199804497,10.597203700855836,0.1275011748648259
32.044165832512455,0.0,0.0,4.0,0.0,0.04091314279951325,4.0,0.012497726199804497,10.60970142705564,0.12404844261588308
32.09416781320997,0.0,0.0,4.0,0.0,0.03976604873848934,4.0,0.012497726199804497,10.622199153255444,0.1205667369759254
32.144170489942276,0.0,0.0,4.0,0.0,0.03861762451633952,4.0,0.012497726199804497,10.634696879455248,0.1170813123192371
32.19417378169209,0.0,0.0,4.0,0.0,0.037468043764563225,4.0,0.012497726199804497,10.647194605655052,0.11359268739583725
32.24417763535752,0.0,0.0,4.0,0.0,0.03631793927014663,4.0,0.012497726199804497,10.659692331854856,0.11010277393405747
32.29418190257715,0.0,0.0,4.0,0.0,0.03517049419377071,4.0,0.012497726199804497,10.67219005805466,0.10662122095033989
32.344186580051826,0.0,0.0,4.0,0.0,0.034037309810337826,4.0,0.012497726199804497,10.684687784254464,0.10318321337995233
32.39419160075719,0.0,0.0,4.0,0.0,0.03295139765480482,4.0,0.012497726199804497,10.697185510454268,0.09988887571752121
32.4441968707283,0.0,0.0,4.0,0.0,0.031975390201621455,4.0,0.012497726199804497,10.709683236654072,0.09692815801764397
32.494202292036995,0.0,0.0,4.0,0.0,0.03116257922672105,4.0,0.012497726199804497,10.722180962853876,0.09446263799826997
32.54420782713794,0.0,0.0,4.0,0.0,0.030421160738606175,4.0,0.012497726199804497,10.73467868905368,0.09221378365050806
32.594213413720375,0.0,0.0,4.0,0.0,0.029316096507842355,4.0,0.012497726199804497,10.747176415253485,0.08886211456954048
32.64421899223505,0.0,0.0,4.0,0.0,0.026992640181340895,4.0,0.012497726199804497,10.759674141453289,0.0818157506928502
32.69422457807144,0.0,0.0,4.0,0.0,0.02240906322632656,4.0,0.012497726199804497,10.772171867653093,0.06791762122426045
32.74423002050042,0.0,0.0,4.0,0.0,0.014841094885860696,4.0,0.012497726199804497,10.784669593852897,0.044976316986796945
32.794235267913315,0.0,0.0,4.0,0.0,0.004402133443782765,4.0,0.012497726199804497,10.7971673200527,0.013339884484828353
32.8442396803426,0.0,0.0,4.0,0.0,-0.0076959257480386,4.0,0.012497726199804497,10.809665046252505,-0.023321447539000773
32.8942838961341,0.0,0.0,4.0,0.0,-0.019354630941016474,4.0,0.012497726199804497,10.822162772452309,-0.05865772140202674
32.94429292529361,0.0,0.0,4.0,0.0,-0.02832991066852553,4.0,0.012497726199804497,10.834660498652113,-0.08587118831896733
32.9942250967569,0.0,0.0,4.0,0.0,-0.03318139894483413,4.0,0.012497726199804497,10.847158224851917,-0.10058661194425515
33.044155564315716,0.0,0.0,4.0,0.0,-0.033842153127469694,4.0,0.012497726199804497,10.859655951051721,-0.10259114774883618
33.0941141889341,0.0,0.0,4.0,0.0,-0.031488557088592495,4.0,0.012497726199804497,10.872153677251525,-0.09545141967512694
33.14409940381019,0.0,0.0,4.0,0.0,-0.02789986628051464,4.0,0.012497726199804497,10.884651403451329,-0.0845669928609492
33.19408384364215,0.0,0.0,4.0,0.0,-0.02471008263514413,4.0,0.012497726199804497,10.897149129651133,-0.07489428209673403
33.24406758461617,0.0,0.0,4.0,0.0,-0.022878158986523282,4.0,0.012497726199804497,10.909646855850937,-0.06933985265453399
33.294050676969604,0.0,0.0,4.0,0.0,-0.0225651302882246,4.0,0.012497726199804497,10.922144582050741,-0.06839079094299941
33.34403314906312,0.0,0.0,4.0,0.0,-0.023397865957789064,4.0,0.012497726199804497,10.934642308250545,-0.07091556573516584
33.39401511679257,0.0,0.0,4.0,0.0,-0.024871713431283568,4.0,0.012497726199804497,10.94714003445035,-0.07538437353205484
33.443996617959364,0.0,0.0,4.0,0.0,-0.026616616173013426,4.0,0.012497726199804497,10.959637760650153,-0.08067546490192767
33.49397767651449,0.0,0.0,4.0,0.0,-0.028448531391540008,4.0,0.012497726199804497,10.972135486849957,-0.08623093491491735
33.54395842537215,0.0,0.0,4.0,0.0,-0.03030324350083421,4.0,0.012497726199804497,10.984633213049761,-0.09185612907982144
33.593938972218474,0.0,0.0,4.0,0.0,-0.032164971250637754,4.0,0.012497726199804497,10.997130939249566,-0.09750323731098164
33.64391936303826,0.0,0.0,4.0,0.0,-0.0340276034128448,4.0,0.012497726199804497,11.00962866544937,-0.10315376596114191
33.693899719393244,0.0,0.0,4.0,0.0,-0.035874536205622594,4.0,0.012497726199804497,11.022126391649174,-0.10875737605255507
33.743880144924134,0.0,0.0,4.0,0.0,-0.03764923721742314,4.0,0.012497726199804497,11.034624117848978,-0.11414253374352859
33.79386073320564,0.0,0.0,4.0,0.0,-0.03919666567105662,4.0,0.012497726199804497,11.047121844048782,-0.11883864137714
33.84384163626717,0.0,0.0,4.0,0.0,-0.04018342255401443,4.0,0.012497726199804497,11.059619570248586,-0.12183352936254258
33.89382294436233,0.0,0.0,4.0,0.0,-0.040058074590174554,4.0,0.012497726199804497,11.07211729644839,-0.12145307496817431
33.94380479343143,0.0,0.0,4.0,0.0,-0.038144471484902256,4.0,0.012497726199804497,11.084615022648194,-0.1156454010179691
33.99378733860953,0.0,0.0,4.0,0.0,-0.033901454131803434,4.0,0.012497726199804497,11.097112748847998,-0.10277105408947633
34.043770734657,0.0,0.0,4.0,0.0,-0.027255896124399114,4.0,0.012497726199804497,11.109610475047802,-0.0826140831893452
34.0937551142952,0.0,0.0,4.0,0.0,-0.018839490484129463,4.0,0.012497726199804497,11.122108201247606,-0.05709612023676482
34.14374064268952,0.0,0.0,4.0,0.0,-0.009967517693845832,4.0,0.012497726199804497,11.13460592744741,-0.030205599401838916
34.193727637713785,0.0,0.0,4.0,0.0,-0.0022746349405709794,4.0,0.012497726199804497,11.147103653647214,-0.006892845041027117
34.24371862459724,0.0,0.0,4.0,0.0,0.0028781873244989437,4.0,0.012497726199804497,11.159601379847018,0.008721803854920255
34.293714141418974,0.0,0.0,4.0,0.0,0.004870211160637117,4.0,0.012497726199804497,11.172099106046822,0.014758332322560817
34.34370906096081,0.0,0.0,4.0,0.0,0.0038595692631348544,4.0,0.012497726199804497,11.184596832246626,0.011695722508032188
34.39370248940553,0.0,0.0,4.0,0.0,0.00045527935253524004,4.0,0.012497726199804497,11.19709455844643,0.00137963449694516
34.443693950065516,0.0,0.0,4.0,0.0,-0.004695418727595516,4.0,0.012497726199804497,11.209592284646234,-0.014228646165044833
34.4936841107923,0.0,0.0,4.0,0.0,-0.0111896735658116,4.0,0.012497726199804497,11.222090010846038,-0.03390951698297553
34.54366850915408,0.0,0.0,4.0,0.0,-0.018873606976302117,4.0,0.012497726199804497,11.234587737045842,-0.057199540315049015
34.59365953845823,0.0,0.0,4.0,0.0,-0.02753954769586625,4.0,0.012497726199804497,11.247085463245647,-0.08347427894332705
34.64365913450884,0.0,0.0,4.0,0.0,-0.03660076715242731,4.0,0.012497726199804497,11.25958318944545,-0.11096096840769391
34.69364510548334,0.0,0.0,4.0,0.0,-0.04510949258024119,4.0,0.012497726199804497,11.272080915645255,-0.13678822656880782
34.74362887670005,0.0,0.0,4.0,0.0,-0.052099033498624596,4.0,0.012497726199804497,11.284578641845059,-0.1580188556472457
34.793616145963476,0.0,0.0,4.0,0.0,-0.056940106714378096,4.0,0.012497726199804497,11.297076368044863,-0.17273249465261278
34.84360599637771,0.0,0.0,4.0,0.0,-0.059520501548415074,4.0,0.012497726199804497,11.309574094244667,-0.1805784510855152
34.893598268371086,0.0,0.0,4.0,0.0,-0.06021564277654882,4.0,0.012497726199804497,11.32207182044447,-0.1826925078658677
34.943592798830444,0.0,0.0,4.0,0.0,-0.059663550334167675,4.0,0.012497726199804497,11.334569546644275,-0.18101347528947567
34.99358943676522,0.0,0.0,4.0,0.0,-0.0584665400608238,4.0,0.012497726199804497,11.347067272844079,-0.1773734870008734
35.04358801961335,0.0,0.0,4.0,0.0,-0.0570099700750727,4.0,0.012497726199804497,11.359564999043883,-0.1729448905305416
35.09358840390688,0.0,0.0,4.0,0.0,-0.05545783525947327,4.0,0.012497726199804497,11.372062725243687,-0.16822654586913804
35.14359042700605,0.0,0.0,4.0,0.0,-0.05382162565937549,4.0,0.012497726199804497,11.384560451443491,-0.16325350158861923
35.193593955719734,0.0,0.0,4.0,0.0,-0.05199510552386065,4.0,0.012497726199804497,11.397058177643295,-0.15770306772515577
35.24359883041081,0.0,0.0,4.0,0.0,-0.04974780908969873,4.0,0.012497726199804497,11.4095559038431,-0.15087542157851852
35.293604930091995,0.0,0.0,4.0,0.0,-0.04675558764756681,4.0,0.012497726199804497,11.422053630042903,-0.14178693342115406
35.34361210062806,0.0,0.0,4.0,0.0,-0.042745595367013896,4.0,0.012497726199804497,11.434551356242707,-0.12961105795732267
35.393620182747014,0.0,0.0,4.0,0.0,-0.03773458074108745,4.0,0.012497726199804497,11.447049082442511,-0.11440151824195494
35.44362912085276,0.0,0.0,4.0,0.0,-0.03222990961789691,4.0,0.012497726199804497,11.459546808642315,-0.09770022438318875
35.49363874273846,0.0,0.0,4.0,0.0,-0.027255772670952572,4.0,0.012497726199804497,11.47204453484212,-0.08261370880994175
35.54364895432508,0.0,0.0,4.0,0.0,-0.024136605446539155,4.0,0.012497726199804497,11.484542261041923,-0.07315543537119068
35.593659661081524,0.0,0.0,4.0,0.0,-0.024058346310011556,4.0,0.012497726199804497,11.497039987241727,-0.0729181487095713
35.64364011163919,0.0,0.0,4.0,0.0,-0.02754933871324342,4.0,0.012497726199804497,11.509537713441532,-0.08350397121467644
35.693616877172005,0.0,0.0,4.0,0.0,-0.03411649208695023,4.0,0.012497726199804497,11.522035439641336,-0.1034234385227677
35.74361811135806,0.0,0.0,4.0,0.0,-0.04221167381873499,4.0,0.012497726199804497,11.53453316584114,-0.12799019084336058
35.793618463830995,0.0,0.0,4.0,0.0,-0.04954606955333854,4.0,0.012497726199804497,11.547030892040944,-0.15026258034627055
35.84364660651914,0.0,0.0,4.0,0.0,-0.05365657165043154,4.0,0.012497726199804497,11.559528618240748,-0.16275189072056115
35.893672981084485,0.0,0.0,4.0,0.0,-0.05256435421303416,4.0,0.012497726199804497,11.572026344440552,-0.15943278711176406
35.94369629328854,0.0,0.0,4.0,0.0,-0.04533400472055253,4.0,0.012497726199804497,11.584524070640356,-0.13746995958921265
35.9937522788132,0.0,0.0,4.0,0.0,-0.032368633705606595,4.0,0.012497726199804497,11.59702179684016,-0.09812103926674395
36.043803475154455,0.0,0.0,4.0,0.0,-0.015340344000187226,4.0,0.012497726199804497,11.609519523039964,-0.04648953770157454
36.09384793582368,0.0,0.0,4.0,0.0,0.003259782798080686,4.0,0.012497726199804497,11.622017249239768,0.009878164680243178
36.14384095537515,0.0,0.0,4.0,0.0,0.020824346998258907,4.0,0.012497726199804497,11.634514975439572,0.06311320516258875
36.19378810153009,0.0,0.0,4.0,0.0,0.035307826245783054,4.0,0.012497726199804497,11.647012701639376,0.10703789589650978
36.24373732091208,0.0,0.0,4.0,0.0,0.04561187798174106,4.0,0.012497726199804497,11.65951042783918,0.13831374334406948
36.293688671110225,0.0,0.0,4.0,0.0,0.0516087232515646,4.0,0.012497726199804497,11.672008154038984,0.15652906479233145
36.34364212074878,0.0,0.0,4.0,0.0,0.05393050271551866,4.0,0.012497726199804497,11.684505880238788,0.16358439158451585
36.39359764533559,0.0,0.0,4.0,0.0,0.053678598910317454,4.0,0.012497726199804497,11.697003606438592,0.1628188326146018
36.44355529587167,0.0,0.0,4.0,0.0,0.05214295381326158,4.0,0.012497726199804497,11.709501332638396,0.15815230972270145
36.49351508129753,0.0,0.0,4.0,0.0,0.0505784305325871,4.0,0.012497726199804497,11.7219990588382,0.15339880075194465
36.543477009833005,0.0,0.0,4.0,0.0,0.050033643236157506,4.0,0.012497726199804497,11.734496785038004,0.15174374520291187
36.59344114652117,0.0,0.0,4.0,0.0,0.05116965952096832,4.0,0.012497726199804497,11.746994511237808,0.15519504878272014
36.64343021627291,0.0,0.0,4.0,0.0,0.05408128057092336,4.0,0.012497726199804497,11.759492237437613,0.1640426293916927
36.69341624684952,0.0,0.0,4.0,0.0,0.058274815622906186,4.0,0.012497726199804497,11.771989963637417,0.17679051986030225
36.74337771157932,0.0,0.0,4.0,0.0,0.06289726290598661,4.0,0.012497726199804497,11.78448768983722,0.19084950383940688
36.79334258429693,0.0,0.0,4.0,0.0,0.06709011987694752,4.0,0.012497726199804497,11.796985416037025,0.20360897231575917
36.84331085135248,0.0,0.0,4.0,-0.42966431553416146,0.07027132519319175,4.0,0.01250612630878387,11.809483142236829,0.2132946124471404
36.89328248640284,0.0,0.0,3.9946265637995526,-2.0824936786769372,0.07225582887964735,3.9946265637995526,0.012555629453445896,11.821989268545613,0.21933890598683906
36.943257412649324,0.0,0.0,3.9684795448309416,-0.5542833597263954,0.07320771844160422,3.9684795448309416,0.012608093298349943,11.83454489799906,0.22223873282813886
36.99323558449207,0.0,0.0,3.9614910885177883,0.24779837002555455,0.07346530981702667,3.9614910885177883,0.01261423766183763,11.84715299129741,0.22302352600606298
37.04321699450789,0.0,0.0,3.9646168760495066,0.6100766011925914,0.07334992750778205,3.9646168760495066,0.012597055682868097,11.859767228959248,0.22267199173934082
37.09320158356827,0.0,0.0,3.9723020449655446,0.7700256283238075,0.07306739353418985,3.9723020449655446,0.012569556548070786,11.872364284642115,0.22181122311669454
37.143189608300325,0.0,0.0,3.9819809256442245,0.8599464994068267,0.07271387205809467,3.9819809256442245,0.012537307631708851,11.884933841190186,0.22073423394054578
37.193179190539226,0.0,0.0,3.992762339454099,0.578594254988714,0.07232308227221174,3.992762339454099,0.012509043225882364,11.897471148821895,0.21954377286888568
37.24317000441076,0.0,0.0,4.0,0.0,0.07190441828016478,4.0,0.012497726199804497,11.909980192047778,0.21826847351695713
37.29316387546954,0.0,0.0,4.0,0.0,0.07146060852363889,4.0,0.012497726199804497,11.922477918247582,0.21691666120456732
37.343160722552355,0.0,0.0,4.0,0.0,0.07099315296798513,4.0,0.012497726199804497,11.934975644447386,0.2154929183683385
37.393160519074485,0.0,0.0,4.0,0.0,0.07050322618821166,4.0,0.012497726199804497,11.94747337064719,0.21400083585488738
37.44316322402348,0.0,0.0,4.0,0.0,0.0699917669889348,4.0,0.012497726199804497,11.959971096846994,0.2124432860357851
37.49316875116708,0.0,0.0,4.0,0.0,0.06945921209735448,4.0,0.012497726199804497,11.972468823046798,0.21082161206208117
37.54317710792561,0.0,0.0,4.0,0.0,0.068905194314103,4.0,0.012497726199804497,11.984966549246602,0.209134709308212
37.593188181458245,0.0,0.0,4.0,0.0,0.06832826435699431,4.0,0.012497726199804497,11.997464275446406,0.20737817944149536
37.6432019631375,0.0,0.0,4.0,0.0,0.06772555305585948,4.0,0.012497726199804497,12.00996200164621,0.2055433034102546
37.69321840865637,0.0,0.0,4.0,0.0,0.06709187399333176,4.0,0.012497726199804497,12.022459727846014,0.20361431181809245
37.74323740464122,0.0,0.0,4.0,0.0,0.06641626110896473,4.0,0.012497726199804497,12.034957454045818,0.20155784975995805
37.79325895805851,0.0,0.0,4.0,0.0,0.0656677858542748,4.0,0.012497726199804497,12.047455180245622,0.199279821525489
37.84328298362679,0.0,0.0,4.0,0.0,0.06475311049814284,4.0,0.012497726199804497,12.059952906445426,0.19649625776150792
37.893309468404816,0.0,0.0,4.0,0.0,0.06342731151876836,4.0,0.012497726199804497,12.07245063264523,0.19246213680215285
37.943338329220936,0.0,0.0,4.0,0.0,0.06117314071299014,4.0,0.012497726199804497,12.084948358845034,0.18560473189903273
37.993369524683025,0.0,0.0,4.0,0.0,0.057131998793252196,4.0,0.012497726199804497,12.097446085044838,0.17331588156804248
38.04340307541333,0.0,0.0,4.0,0.0,0.05020822846794138,4.0,0.012497726199804497,12.109943811244642,0.15227412261132062
38.09343892732297,0.0,0.0,4.0,0.0,0.03939579445910014,4.0,0.012497726199804497,12.122441537444447,0.11944299470730722
38.14347713098563,0.0,0.0,4.0,0.0,0.024237848289172692,4.0,0.012497726199804497,12.13493926364425,0.07346241141698685
38.19351763950783,0.0,0.0,4.0,0.0,0.005232337104581707,4.0,0.012497726199804497,12.147436989844055,0.015855711679642736
38.24356038403545,0.0,0.0,4.0,0.0,-0.016028657893766084,4.0,0.012497726199804497,12.159934716043859,-0.04857585065984802
38.29360524575777,0.0,0.0,4.0,0.0,-0.037130816080791273,4.0,0.012497726199804497,12.172432442243663,-0.11256936227570565
38.34359508199021,0.0,0.0,4.0,-3.7858369827179157,-0.05543894390004091,4.0,0.012572528888229614,12.184930168443467,-0.16816912295814887
38.3935273914093,0.0,0.0,3.952402455168651,-3.9999999999999827,-0.06874183301460385,3.952402455168651,0.012730237690427859,12.197502697331696,-0.20863732282501057
38.44345062735415,0.0,0.0,3.9014815044069397,-1.1252027871980876,-0.07573409594519395,3.9014815044069397,0.01283707640927958,12.210232935022125,-0.22993704167948995
38.493367016527756,0.0,0.0,3.8870371902517435,2.5000000000000075,-0.07629582304348001,3.8870371902517435,0.012808172589070172,12.223070011431405,-0.23164911886450534
38.54328069594804,0.0,0.0,3.919057621724419,2.500000000000019,-0.07149709271519653,3.919057621724419,0.012704368848375306,12.235878184020475,-0.21702778615703713
38.59322700519216,0.0,0.0,3.9508185438453576,2.5000000000000138,-0.06327885985137435,3.9508185438453576,0.012603048760417864,12.24858255286885,-0.19201047288337392
38.64317385096289,0.0,0.0,3.9823261657464024,1.4110397699159463,-0.05396466722221238,3.9823261657464024,0.01252539767511329,12.261185601629268,-0.16368822228248403
38.69310041211483,0.0,0.0,4.0,0.0,-0.0457334740229324,4.0,0.012497726199804497,12.273710999304381,-0.13868298589870748
38.74305639687042,0.0,0.0,4.0,0.0,-0.040024699609627866,4.0,0.012497726199804497,12.286208725504185,-0.12135177633687906
38.79306393433293,0.0,0.0,4.0,0.0,-0.03707999766588622,4.0,0.012497726199804497,12.298706451703989,-0.1124151548619141
38.84307283403398,0.0,0.0,4.0,0.0,-0.036046962098035824,4.0,0.012497726199804497,12.311204177903793,-0.10928055502877301
38.89303169937644,0.0,0.0,4.0,0.0,-0.03563857992581809,4.0,0.012497726199804497,12.323701904103597,-0.10804144206543169
38.942995697132424,0.0,0.0,4.0,0.0,-0.034848754532613685,4.0,0.012497726199804497,12.336199630303401,-0.10564505630103557
38.99298258306809,0.0,0.0,4.0,0.0,-0.03337101891556972,4.0,0.012497726199804497,12.348697356503205,-0.10116185465258536
39.04294994706998,0.0,0.0,4.0,0.0,-0.031647748825955335,4.0,0.012497726199804497,12.36119508270301,-0.09593429993394087
39.092921429734275,0.0,0.0,4.0,0.0,-0.030522641106761676,4.0,0.012497726199804497,12.373692808902813,-0.09252158563491421
39.14291141605815,0.0,0.0,4.0,0.0,-0.030658533353127737,4.0,0.012497726199804497,12.386190535102617,-0.09293376591292861
39.19290045182648,0.0,0.0,4.0,0.0,-0.032131120367087894,4.0,0.012497726199804497,12.398688261302421,-0.0974005527883963
39.242888537638514,0.0,0.0,4.0,0.0,-0.03444358620033423,4.0,0.012497726199804497,12.411185987502225,-0.10441579850103623
39.2928749384632,0.0,0.0,4.0,0.0,-0.0368651011573683,4.0,0.012497726199804497,12.42368371370203,-0.11176306233399007
39.3428477377837,0.0,0.0,4.0,0.0,-0.038836622438041604,4.0,0.012497726199804497,12.436181439901834,-0.11774593868948012
39.39282462366018,0.0,0.0,4.0,0.0,-0.0401758641860773,4.0,0.012497726199804497,12.448679166101638,-0.12181058820090747
39.44281380907945,0.0,0.0,4.0,0.0,-0.040975116217080255,4.0,0.012497726199804497,12.461176892301442,-0.1242365560322314
39.492801537395735,0.0,0.0,4.0,0.0,-0.041356954192714984,4.0,0.012497726199804497,12.473674618501246,-0.12539560388343543
39.5427812106052,0.0,0.0,4.0,0.0,-0.04125839471370709,4.0,0.012497726199804497,12.48617234470105,-0.12509642859561296
39.59276459642782,0.0,0.0,4.0,0.0,-0.04025556981789617,4.0,0.012497726199804497,12.498670070900854,-0.12205251147123092
39.64275455013348,0.0,0.0,4.0,0.0,-0.03752399562882687,4.0,0.012497726199804497,12.511167797100658,-0.11376247710395107
39.69274339646688,0.0,0.0,4.0,0.0,-0.032104466346460775,4.0,0.012497726199804497,12.523665523300462,-0.09731969965332431
39.74273006215545,0.0,0.0,4.0,0.0,-0.02337546151818521,4.0,0.012497726199804497,12.536163249500266,-0.0708476363476819
39.79272018787581,0.0,0.0,4.0,0.0,-0.011458706984546473,4.0,0.012497726199804497,12.54866097570007,-0.034724874326682746
39.84271044345766,0.0,0.0,4.0,0.0,0.0025620565159799563,4.0,0.012497726199804497,12.561158701899874,0.0077638246117830954
39.89270412237487,0.0,0.0,4.0,0.0,0.016689687747938792,4.0,0.012497726199804497,12.573656428099678,0.05057950767900532
39.94269464206748,0.0,0.0,4.0,0.0,0.02847983635680268,4.0,0.012497726199804497,12.586154154299482,0.0863258753469171
39.992684586172906,0.0,0.0,4.0,0.0,0.03582856355788462,4.0,0.012497726199804497,12.598651880499286,0.10861788578404931
40.042674331932574,0.0,0.0,4.0,0.0,0.037706735779567783,4.0,0.012497726199804497,12.61114960669909,0.11431701939867427
40.09266732476251,0.0,0.0,4.0,0.0,0.03453611386509724,4.0,0.012497726199804497,12.623647332898894,0.10469651916296163
40.142667493416894,0.0,0.0,4.0,0.0,0.028075072363893484,4.0,0.012497726199804497,12.636145059098698,0.08509833647966972
40.192666672861385,0.0,0.0,4.0,0.0,0.020812538188088325,4.0,0.012497726199804497,12.648642785298502,0.0630774053756876
40.24266118185445,0.0,0.0,4.0,-2.5924586429847265,0.015125409241131066,4.0,0.012548755920843587,12.661140511498306,0.04583806909195045
40.29264913285623,0.0,0.0,3.9674678692543033,-3.999999999999998,0.012624727552074224,3.9674678692543033,0.012681270702243015,12.67368926741915,0.03825878278876842
40.34285594531631,0.0,0.0,3.9167427864453312,-4.000000000000006,0.01394077403446538,3.9167427864453312,0.012847672911234322,12.686370538121393,0.042247506703311864
40.39325370397671,0.0,0.0,3.865352094800394,-3.999999999999998,0.018886709702289745,3.865352094800394,0.013020802808226047,12.699218211032628,0.05723925970202063
40.44359743654421,0.0,0.0,3.8132688835674897,-3.9999999999999862,0.026782747860106277,3.8132688835674897,0.013201126332591896,12.712239013840854,0.08117925330974685
40.49367164947188,0.0,0.0,3.7604643782371223,-4.00000000000001,0.03674091970135941,3.7604643782371223,0.01338915589299513,12.725440140173445,0.11138624473648674
40.54372317560151,0.0,0.0,3.7069077546651417,-4.0,0.047811592651814096,3.7069077546651417,0.013585456501458926,12.73882929606644,0.1449941139578508
40.59396982702034,0.0,0.0,3.652565928659306,-4.000000000000012,0.059015078509879464,3.652565928659306,0.013790652927110637,12.7524147525679,0.1790414735094038
40.644167953479574,0.0,0.0,3.5974033169508632,-4.000000000000006,0.06938065755156957,3.5974033169508632,0.01400543807618835,12.76620540549501,0.2105824171234473
40.69431891418271,0.0,0.0,3.5413815646461098,-4.000000000000007,0.07811848814188382,3.5413815646461098,0.014230582854752623,12.780210843571197,0.23720540293706233
40.74444374119365,0.0,0.0,3.484459233227099,-4.000000000000015,0.08488809434165313,3.484459233227099,0.014466947834491818,12.79444142642595,0.2578563171599402
40.79431921405077,0.0,0.0,3.4265914418891317,-4.000000000000003,0.0899479150488067,3.4265914418891317,0.014715497124649802,12.808908374260442,0.2733069122077357
40.844166194364654,0.0,0.0,3.3677294533905324,-4.000000000000018,0.09403033591244771,3.3677294533905324,0.014977314960768307,12.823623871385092,0.28578317884655413
40.89419699793924,0.0,0.0,3.307820193547459,-3.999999999999989,0.09801568300227954,3.307820193547459,0.015253625662404555,12.83860118634586,0.29797204610216294
40.94420921583308,0.0,0.0,3.246805690897841,-3.999999999999989,0.1025925419546826,3.246805690897841,0.015545817799578797,12.853854812008265,0.3119818196766566
40.994227466483245,0.0,0.0,3.184622419699526,-4.0000000000000195,0.10804970205287445,3.184622419699526,0.015855473658908305,12.869400629807844,0.32870351207211945
41.0442130140335,0.0,0.0,3.1212005250638923,-4.000000000000015,0.11427555323972226,3.1212005250638923,0.01618440544030613,12.885256103466752,0.34780485817110124
41.09416764703133,0.0,0.0,3.0564629033026676,-3.9999999999999876,0.12094086953648878,3.0564629033026676,0.016534700080312156,12.901440508907058,0.3682848333071407
41.14409423830265,0.0,0.0,2.990324102981419,-3.9999999999999787,0.12772119235084364,2.990324102981419,0.01690877524252652,12.91797520898737,0.3891522627780424
41.19378369329605,0.0,0.0,2.9226890020113134,-3.9305610323446984,0.13439739743121146,2.9226890020113134,0.017305805861453888,12.934883984229897,0.40973478323856055
41.2434793581999,0.0,0.0,2.8546674758589603,-3.307414894287053,0.14079520579703406,2.8546674758589603,0.017693340985887575,12.952189790091351,0.42949389040968283
41.29339288291858,0.0,0.0,2.796148256352536,-2.607713277219954,0.14666679829055765,2.796148256352536,0.018030076615747112,12.96988313107724,0.4476593450476235
41.343287297088516,0.0,0.0,2.7491309861723594,-1.840938050001014,0.15165050232152144,2.7491309861723594,0.018296340793031832,12.987913207692987,0.46310255658326704
41.393164786065405,0.0,0.0,2.7154485562306814,-1.1043286023351924,0.1553760695758384,2.7154485562306814,0.01847925245345612,13.00620954848602,0.4746624594925097
41.443027369252974,0.0,0.0,2.695041389196557,-0.5859775284898594,0.15769934835997698,2.695041389196557,0.01858677320612627,13.024688800939476,0.4818780739526369
41.492674570987695,0.0,0.0,2.6841499577706296,-0.5098718186823288,0.15896032376035668,2.6841499577706296,0.018657545142611684,13.043275574145602,0.48579662555119674
41.54234350762266,0.0,0.0,2.6746370012966185,-1.0051604322817693,0.16007390670698332,2.6746370012966185,0.018756833900253057,13.061933119288213,0.489258464010824
41.59243362876337,0.0,0.0,2.655783374025203,-1.9567921216232147,0.16231515202531127,2.655783374025203,0.018955786975642302,13.080689953188466,0.4962296942968189
41.64248787805496,0.0,0.0,2.618690839412098,-2.9835867559607263,0.16686162748560546,2.618690839412098,0.019302284059317408,13.099645740164108,0.5103869792961763
41.69250980168506,0.0,0.0,2.5611008003329268,-3.6400962389549685,0.17430070061119443,2.5611008003329268,0.01979784679941106,13.118948024223426,0.5335986235699962
41.74269438183042,0.0,0.0,2.489034732658984,-3.6939959573016083,0.18431586138378056,2.489034732658984,0.02039305748958374,13.138745871022838,0.5649449495501336
41.79282285617754,0.0,0.0,2.4137028607354423,-3.214172723228715,0.19571282001995072,2.4137028607354423,0.021005059169679444,13.159138928512421,0.6007592051623726
41.84289730354809,0.0,0.0,2.3461889725024534,-2.4375271553027713,0.20682401252575813,2.3461889725024534,0.02154848682775471,13.1801439876821,0.635831538464151
41.89303578871844,0.0,0.0,2.293663950704117,-1.6033177952833935,0.21611571704404473,2.293663950704117,0.02196382461575874,13.201692474509855,0.6652861258815799
41.94324894785102,0.0,0.0,2.258448959845188,-0.878851066087562,0.22268873722131122,2.258448959845188,0.022231222295646832,13.223656299125613,0.6861948971724732
41.99341250733123,0.0,0.0,2.238911026430229,-0.35842473564313615,0.22646127528592103,2.238911026430229,0.02236827245688968,13.24588752142126,0.698223358895314
42.04352725911675,0.0,0.0,2.2308936842880747,-0.07791065930281386,0.22803614947555031,2.2308936842880747,0.0224172408922959,13.268255793878149,0.7032508995650092
42.09359379762062,0.0,0.0,2.229147142270406,-0.021342306463613375,0.2283813312203229,2.229147142270406,0.022428430949912738,13.290673034770444,0.7043533287344171
42.14361301322085,0.0,0.0,2.228668467823575,-0.13216198804900714,0.22847606714801252,2.228668467823575,0.02244577781821015,13.313101465720356,0.7046559238957241
42.19358634044335,0.0,0.0,2.225701989203814,-0.34063699687880383,0.22906444230701978,2.225701989203814,0.022499474211818617,13.335547243538567,0.7065355463962402
42.24351440248972,0.0,0.0,2.218037835876948,-0.5927437901772749,0.23059474650796657,2.218037835876948,0.02260663356305868,13.358046717750385,0.7114266732237086
42.29345757797095,0.0,0.0,2.2046378942156317,-0.8593049899525242,0.23330605666120158,2.2046378942156317,0.02277643600937621,13.380653351313445,0.7201011564938212
42.34337994137507,0.0,0.0,2.1850659890994404,-1.1252031701885885,0.23734967132977822,2.1850659890994404,0.023014821977985118,13.403429787322821,0.7330589997016789
42.39322261657116,0.0,0.0,2.1591696384484855,-1.3739041683672566,0.24285709822436377,2.1591696384484855,0.023325946408939004,13.426444609300807,0.7507485723241725
42.44302550610383,0.0,0.0,2.127122023446133,-1.5814213637845187,0.2499310437423993,2.127122023446133,0.023710646422923965,13.449770555709746,0.7735408192221445
42.49279085213022,0.0,0.0,2.08962550064378,-1.7235606603012272,0.2585895177508096,2.08962550064378,0.024164188861979383,13.47348120213267,0.8015509354812401
42.542520313591936,0.0,0.0,2.0479770553331833,-1.787360481424434,0.26871911491393485,2.0479770553331833,0.024675595446987175,13.497645390994649,0.8344837249450946
42.59221657681979,0.0,0.0,2.0038728711756217,-1.7758009659443104,0.28007446365014027,2.0038728711756217,0.025229177102871477,13.522320986441636,0.8716210555482725
42.64188166378342,0.0,0.0,1.9590708741063625,-1.7053298042754057,0.2923200822861257,1.9590708741063625,0.025807542353990826,13.547550163544509,0.9119431142725624
42.69151769866948,0.0,0.0,1.915060502955002,-1.5993480733249832,0.30509908992215545,1.915060502955002,0.026395006699088522,13.5733577058985,0.9543398212146711
42.74115831287304,0.0,0.0,1.8728456998454148,-1.4784856107035378,0.31810677195663606,1.8728456998454148,0.026979802360786394,13.599752712597589,0.9978472115170256
42.790802612286484,0.0,0.0,1.8329564502753668,-1.3533287442760769,0.3311208417681284,1.8329564502753668,0.02755364462571487,13.626732514958375,1.0417505807282137
42.84041832871918,0.0,0.0,1.7956673109938188,-1.2264273824153447,0.34396458157227894,1.7956673109938188,0.028109569063233524,13.65428615958409,1.0854661659829303
42.890021342228366,0.0,0.0,1.761192965786774,-1.0991585216843174,0.3564579670538934,1.761192965786774,0.028640653535095494,13.682395728647323,1.1283768302866515
42.93961363540891,0.0,0.0,1.7297123473870657,-0.9746745220329316,0.3684157465776796,1.7297123473870657,0.02914053156873517,13.711036382182419,1.1698233160687472
42.98944380977228,0.0,0.0,1.7013098137085232,-0.8571228283599259,0.37967751684665957,1.7013098137085232,0.029604548310564666,13.740176913751155,1.209208607692206
43.039303182967814,0.0,0.0,1.675935079528254,-0.7509959281521839,0.39013584721897204,1.675935079528254,0.0300307250367107,13.769781462061719,1.246102196426861
43.088947333234344,0.0,0.0,1.6533821273062264,-0.6591313109313915,0.39975847976755113,1.6533821273062264,0.030419995571248346,13.79981218709843,1.2803289540451803
43.138841566674294,0.0,0.0,1.6333313557468223,-0.5791472438109501,0.40858139301324026,1.6333313557468223,0.030774620976484774,13.830232182669679,1.3119565297157596
43.18865451447049,0.0,0.0,1.6155083188289645,-0.5035441663742966,0.4166423172146725,1.6155083188289645,0.031095069885892803,13.861006803646164,1.3410644404745704
43.23848083174386,0.0,0.0,1.5998505777849221,-0.4242632573234105,0.4238980550402319,1.5998505777849221,0.031377781720772865,13.892101873532058,1.3674428960070115
43.2884063835725,0.0,0.0,1.586538137904484,-0.3350873869949232,0.43019808428374867,1.586538137904484,0.03161497643893035,13.92347965525283,1.3904872523160536
43.33810787343472,0.0,0.0,1.5759443580596568,-0.23076324709065316,0.4352992899846443,1.5759443580596568,0.031795252299766645,13.955094631691761,1.4092442932401439
43.38805721623196,0.0,0.0,1.5686071823968961,-0.10880045403298547,0.43887863323475945,1.5686071823968961,0.03190491579957523,13.986889883991527,1.422458634570055
43.438038306803534,0.0,0.0,1.5651359130720182,0.027560970716291443,0.44058538093345895,1.5651359130720182,0.031931318982011465,14.018794799791102,1.428775290669147
43.48778017246886,0.0,0.0,1.566015971219414,0.1717819377389535,0.44015186110943727,1.566015971219414,0.031866650698947396,14.050726118773113,1.4271698766187815
43.53776142230284,0.0,0.0,1.5714900862257295,0.31907245540241413,0.43746769675721403,1.5714900862257295,0.03170907476629487,14.082592769472061,1.4172444114531508
43.58783387051811,0.0,0.0,1.58160757856995,0.4688448821484672,0.43256252631648134,1.58160757856995,0.03146094908538608,14.114301844238357,1.3991702737881158
43.63774445561301,0.0,0.0,1.5963578835361667,0.6279505023657701,0.4255391827563664,1.5963578835361667,0.031125060179179317,14.145762793323742,1.373433137659746
43.687680566115816,0.0,0.0,1.6159028807118472,0.8148488551995158,0.4164616006926447,1.6159028807118472,0.03069920344156574,14.176887853502922,1.3404096136075618
43.737809798828096,0.0,0.0,1.640918091491744,1.056077343715925,0.4052128260024086,1.640918091491744,0.03017225368363529,14.207587056944488,1.2998529911277676
43.787952785187535,0.0,0.0,1.6727823250158806,1.374038788711655,0.39146223268403013,1.6727823250158806,0.029526817631208728,14.237759310628123,1.2508037723625565
43.83809495269023,0.0,0.0,1.7133533177483766,1.775784668151769,0.3748459854536868,1.7133533177483766,0.028748922247346022,14.267286128259332,1.1922688147194416
43.888233723948,0.0,0.0,1.764405213101101,2.2476689826633955,0.355267785518756,1.764405213101101,0.027839353146664893,14.296035050506678,1.124271961463088
43.938268355883956,0.0,0.0,1.8269788636662723,2.499999999999996,0.3331345459332355,1.8269788636662723,0.02686867307786138,14.323874403653342,1.0485786197150664
43.98840381550263,0.0,0.0,1.8941505463609256,2.5,0.30939613500321744,1.8941505463609256,0.025947930088654925,14.350743076731204,0.9686721404753424
44.03863808770472,0.0,0.0,1.959020371582563,2.5000000000000053,0.28534571471989434,1.959020371582563,0.02511581814640177,14.37669100681986,0.8889425151822066
44.08885105657137,0.0,0.0,2.0218099169485675,2.5000000000000093,0.26223586236423124,2.0218099169485675,0.024358969237645755,14.401806824966261,0.8133850279035818
44.13898879344756,0.0,0.0,2.082707340042682,2.5000000000000053,0.24088747499181487,2.082707340042682,0.02366667858581723,14.426165794203907,0.7444167571037853
44.189087469108806,0.0,0.0,2.1418740365072253,2.4999999999999933,0.2215118177790774,2.1418740365072253,0.02303025898002786,14.449832472789724,0.6824465962869121
44.239382518418864,0.0,0.0,2.199449683957295,2.5000000000000053,0.20382276435282995,2.199449683957295,0.02244257670356737,14.472862731769752,0.6263423887404005
44.28990267773917,0.0,0.0,2.2555561257162133,2.500000000000003,0.1872955386756849,2.2555561257162133,0.021897711619055977,14.495305308473318,0.5742933261342009
44.34043131108218,0.0,0.0,2.3103004047638533,2.500000000000006,0.171395791354849,2.3103004047638533,0.021390703965231364,14.517203020092374,0.5245275372762542
44.390718281436776,0.0,0.0,2.363777164676932,2.49999999999999,0.15574045450558877,2.363777164676932,0.020917362876231933,14.538593724057606,0.47579381306368124
44.44097370892742,0.0,0.0,2.4160705718675115,2.4999999999999973,0.14022309953237236,2.4160705718675115,0.020474119592711858,14.559511086933837,0.42772555217489305
44.4914387438943,0.0,0.0,2.467255870849291,2.499999999999996,0.12507876230619563,2.467255870849291,0.020057913536501493,14.57998520652655,0.38101558566110794
44.541893124597536,0.0,0.0,2.5174006546905447,2.4999999999999973,0.11083990954934808,2.5174006546905447,0.019666102891994997,14.60004312006305,0.337260783802606
44.59233351878539,0.0,0.0,2.566565911920532,2.5000000000000013,0.09818609300219884,2.566565911920532,0.019296393697521088,14.619709222955045,0.2984934417658638
44.642755957178835,0.0,0.0,2.614806896164335,2.500000000000004,0.08771800985903853,2.614806896164335,0.01894678308193584,14.639005616652566,0.2664960153177683
44.692911209584544,0.0,0.0,2.6621738538691746,2.4999999999999956,0.07969420037664249,2.6621738538691746,0.018615513427856313,14.657952399734501,0.24201014279349717
44.74300766401604,0.0,0.0,2.7087126374388153,2.500000000000003,0.07384491637085427,2.7087126374388153,0.01830103505951024,14.676567913162359,0.22418011213933475
44.7932884241533,0.0,0.0,2.754465225087591,2.500000000000008,0.06941830234980954,2.754465225087591,0.01800197564260232,14.694868948221869,0.2106970434573122
44.843542820066816,0.0,0.0,2.799470164194097,2.4999999999999973,0.06545965486463756,2.799470164194097,0.017717114914274943,14.712870923864472,0.19864640263845046
44.89376481428954,0.0,0.0,2.843762951479784,2.499999999999987,0.06113768885593439,2.843762951479784,0.017445363679492145,14.730588038778746,0.18549689923916982
44.943950924408625,0.0,0.0,2.8873763606785143,2.4999999999999862,0.0559501240596245,2.8873763606785143,0.01718574624782852,14.748033402458239,0.169722968641926
44.99409824542311,0.0,0.0,2.9303407262980854,2.4999999999999964,0.04976726252488766,2.9303407262980854,0.016937385663854543,14.765219148706068,0.1509345175720089
45.044157291978514,0.0,0.0,2.9726841904577217,2.499999999999985,0.04273015689843743,2.9726841904577217,0.01669949122068931,14.782156534369923,0.12956418916424792
45.09394977789479,0.0,0.0,3.0144329185094447,2.4999999999999933,0.035057062711989426,3.0144329185094447,0.016471347850969886,14.798856025590613,0.10627706502487583
45.143738589035614,0.0,0.0,3.0556112881368693,2.500000000000003,0.02686825955964588,3.0556112881368693,0.01625230707048038,14.815327373441583,0.0814385662309518
45.19369651002677,0.0,0.0,3.0962420558130703,2.4999999999999973,0.018122812494422928,3.0962420558130703,0.016041779212828206,14.831579680512064,0.054923626722639354
45.24360459181315,0.0,0.0,3.136346503845141,2.4999999999999885,0.00867785086222081,3.136346503845141,0.015839226743135166,14.847621459724893,0.02629717787145054
45.29346113290216,0.0,0.0,3.1759445707029785,2.499999999999998,-0.0015638785711038995,3.1759445707029785,0.01564415847790387,14.863460686468029,-0.004739029836483407
45.34326386203969,0.0,0.0,3.215054966897738,2.5000000000000098,-0.01243415065946514,3.215054966897738,0.015456124569399182,14.879104844945934,-0.037681186381548236
45.39276630218479,0.0,0.0,3.2536952783212363,2.4999999999999867,-0.02325412065752044,3.2536952783212363,0.015274712137838346,14.894560969515332,-0.07047973682305729
45.442182375634516,0.0,0.0,3.291882058665832,2.4999999999999956,-0.03271044026519145,3.291882058665832,0.015099541454769775,14.90983568165317,-0.0991579142081681
45.49199957776038,0.0,0.0,3.3296309123027563,2.5000000000000027,-0.03903138101719222,3.3296309123027563,0.014930262597276195,14.92493522310794,-0.11833701173320627
45.541785039378105,0.0,0.0,3.366956568795947,2.4999999999999987,-0.040501263495695675,3.366956568795947,0.01476655250586206,14.939865485705218,-0.12279825297999346
45.5915389646839,0.0,0.0,3.403872950060602,2.499999999999996,-0.03615754206716523,3.403872950060602,0.01460811238969575,14.954632038211079,-0.10961608297262677
45.64150731897605,0.0,0.0,3.4403932310348413,2.499999999999999,-0.026399161291108277,3.4403932310348413,0.014454665431756381,14.969240150600776,-0.08001604746861365
45.69147533670437,0.0,0.0,3.4765298946142322,2.4999999999999987,-0.013202453161579034,3.4765298946142322,0.01430595475376056,14.983694816032532,-0.04000975848055652
45.7414460558469,0.0,0.0,3.5122947814986336,2.4999999999999813,0.0002746085451995384,3.5122947814986336,0.014161741606814111,14.998000770786293,0.0008321471275826323
45.79143730133142,0.0,0.0,3.5476991355156686,2.4999999999999964,0.010631645026636348,3.5476991355156686,0.014021803758783254,15.012162512393108,0.03221832004952161
45.8414389448127,0.0,0.0,3.5827536449126267,2.5000000000000053,0.015308446325009524,3.5827536449126267,0.013885934053597252,15.026184316151891,0.04639285537699749
45.891439488792194,0.0,0.0,3.61746848004662,2.499999999999992,0.0133400277314994,3.61746848004662,0.013753939121230062,15.040070250205488,0.04042672455151775
45.94145666092487,0.0,0.0,3.651853327849695,2.4999999999999836,0.005513146012214784,3.651853327849695,0.013625638220083313,15.053824189326718,0.016706672332864707
45.99145420791989,0.0,0.0,3.685917423399903,2.4999999999999947,-0.006076451314314471,3.685917423399903,0.013500862196004378,15.067449827546803,-0.018413715463285244
46.041449730598345,0.0,0.0,3.719669578889914,2.499999999999993,-0.01883343482281207,3.719669578889914,0.01337945254430068,15.080950689742807,-0.057077763235404144
46.09144274619347,0.0,0.0,3.7531182102506655,2.500000000000023,-0.030485429572990816,3.7531182102506655,0.013261260562919173,15.094330142287108,-0.0924087184214133
46.14141696390384,0.0,0.0,3.7862713616579637,2.5000000000000018,-0.03961746252210262,3.7862713616579637,0.013146146586500852,15.107591402850026,-0.12011576561005646
46.19139307625828,0.0,0.0,3.819136728124216,2.499999999999986,-0.04578900969073726,3.819136728124216,0.013033979292337503,15.120737549436527,-0.1388516287081797
46.241371056208834,0.0,0.0,3.8517216763550595,2.5000000000000013,-0.04930545829363959,3.8517216763550595,0.012924635070387318,15.133771528728865,-0.14953167122445257
46.29135086798352,0.0,0.0,3.8840332640310278,2.4999999999999982,-0.05085088160543629,3.8840332640310278,0.012817997450476968,15.146696163799252,-0.1542265371626695
46.341332453778996,0.0,0.0,3.91607825765722,2.4999999999999982,-0.05116504512086714,3.91607825765722,0.012713956580654627,15.15951416124973,-0.15518102907917466
46.391315739207215,0.0,0.0,3.9478631491088567,2.499999999999998,-0.05083981178887476,3.9478631491088567,0.012612408751381754,15.172228117830384,-0.15419290539238825
46.4413006833453,0.0,0.0,3.979394170987311,1.6445194638163791,-0.05024360340606129,3.979394170987311,0.012530000079700909,15.184840526581766,-0.15238159026811776
46.49128721869848,0.0,0.0,4.0,0.0,-0.04955200073016713,4.0,0.012497726199804497,15.197370526661468,-0.1502805978079933
46.541275274953136,0.0,0.0,4.0,0.0,-0.04882645967753516,4.0,0.012497726199804497,15.209868252861272,-0.1480766601556697
46.59126479654115,0.0,0.0,4.0,0.0,-0.04807934454122656,4.0,0.012497726199804497,15.222365979061076,-0.1458073513365831
46.64125572003707,0.0,0.0,4.0,0.0,-0.04729866821948598,4.0,0.012497726199804497,15.23486370526088,-0.14343627708372605
46.691247978468446,0.0,0.0,4.0,0.0,-0.04643419049686947,4.0,0.012497726199804497,15.247361431460684,-0.14081088510357087
46.741241511376316,0.0,0.0,4.0,0.0,-0.04535510810786317,4.0,0.012497726199804497,15.259859157660488,-0.13753404091691526
46.791236268396496,0.0,0.0,4.0,0.0,-0.04381009938072818,4.0,0.012497726199804497,15.272356883860292,-0.13284287733145336
46.84123217971065,0.0,0.0,4.0,0.0,-0.04145423287685802,4.0,0.012497726199804497,15.284854610060096,-0.1256908937375373
46.891229184188774,0.0,0.0,4.0,0.0,-0.03799677294418617,4.0,0.012497726199804497,15.2973523362599,-0.11519718035684436
46.94122723575869,0.0,0.0,4.0,0.0,-0.033429694082596696,4.0,0.012497726199804497,15.309850062459704,-0.10133985669144355
46.99122626653672,0.0,0.0,4.0,0.0,-0.02821298415686756,4.0,0.012497726199804497,15.322347788659508,-0.08551658220375681
47.04122624983583,0.0,0.0,4.0,0.0,-0.023306120416477998,4.0,0.012497726199804497,15.334845514859312,-0.0706373972810962
47.091227118871515,0.0,0.0,4.0,0.0,-0.019985381521601918,4.0,0.012497726199804497,15.347343241059116,-0.06056982657675321
47.14122883078226,0.0,0.0,4.0,0.0,-0.019436511190080188,4.0,0.012497726199804497,15.35984096725892,-0.058905936732989765
47.191213399234705,0.0,0.0,4.0,0.0,-0.022259030777826184,4.0,0.012497726199804497,15.372338693458724,-0.06746275058392759
47.24119624898673,0.0,0.0,4.0,0.0,-0.02815049245403726,4.0,0.012497726199804497,15.384836419658528,-0.08532706292890892
47.291192894829834,0.0,0.0,4.0,0.0,-0.03593418206540511,4.0,0.012497726199804497,15.397334145858332,-0.10893835428522103
47.341189543749316,0.0,0.0,4.0,0.0,-0.043869553061477,4.0,0.012497726199804497,15.409831872058136,-0.13302338670468858
47.39118559569543,0.0,0.0,4.0,0.0,-0.050090570356705326,4.0,0.012497726199804497,15.42232959825794,-0.15191668469035566
47.44119995252107,0.0,0.0,4.0,0.0,-0.05301614243451274,4.0,0.012497726199804497,15.434827324457745,-0.16080566474866675
47.491214509570405,0.0,0.0,4.0,0.0,-0.05162092921967691,4.0,0.012497726199804497,15.447325050657549,-0.15656615128855703
47.541227658046864,0.0,0.0,4.0,0.0,-0.045560723111187085,4.0,0.012497726199804497,15.459822776857353,-0.13815840600011775
47.59126660862026,0.0,0.0,4.0,0.0,-0.035193141891904346,4.0,0.012497726199804497,15.472320503057157,-0.10668993535550524
47.64127496319952,0.0,0.0,4.0,0.0,-0.021507057006940597,4.0,0.012497726199804497,15.48481822925696,-0.06518295053162293
47.69127992755258,0.0,0.0,4.0,0.0,-0.005985455932198268,4.0,0.012497726199804497,15.497315955456765,-0.018137961851225123
47.741312676112074,0.0,0.0,4.0,0.0,0.0096101302531225,4.0,0.012497726199804497,15.509813681656569,0.029122503365580827
47.79130761846255,0.0,0.0,4.0,0.0,0.023593114094149915,4.0,0.012497726199804497,15.522311407856373,0.07150755349596301
47.84126904442226,0.0,0.0,4.0,0.0,0.03476137726933575,4.0,0.012497726199804497,15.534809134056177,0.10537995570392587
47.891232532348546,0.0,0.0,4.0,0.0,0.04263173463251541,4.0,0.012497726199804497,15.547306860255981,0.12926539590309585
47.94119809278247,0.0,0.0,4.0,0.0,0.047402867992443934,4.0,0.012497726199804497,15.559804586455785,0.14375274298833154
47.99116556001472,0.0,0.0,4.0,0.0,0.0497395923694411,4.0,0.012497726199804497,15.572302312655589,0.1508504607130914
48.041134969496966,0.0,0.0,4.0,0.0,0.05048331077751951,4.0,0.012497726199804497,15.584800038855393,0.15310982182771204
48.09110626033022,0.0,0.0,4.0,0.0,0.05037485686857778,4.0,0.012497726199804497,15.597297765055197,0.15278033641665195
48.14107934854385,0.0,0.0,4.0,0.0,0.04989958380921574,4.0,0.012497726199804497,15.609795491255001,0.15133648857817297
48.191054175484865,0.0,0.0,4.0,0.0,0.049296265376280665,4.0,0.012497726199804497,15.622293217454805,0.14950374607993808
48.241030682641664,0.0,0.0,4.0,0.0,0.048655109593616706,4.0,0.012497726199804497,15.63479094365461,0.14755618197336837
48.291008840134594,0.0,0.0,4.0,0.0,0.048013422210889,4.0,0.012497726199804497,15.647288669854413,0.14560712484083455
48.340988536720516,0.0,0.0,4.0,0.0,0.047423483128882546,4.0,0.012497726199804497,15.659786396054217,0.1438153537428699
48.39096972027018,0.0,0.0,4.0,0.0,0.04701026651370685,4.0,0.012497726199804497,15.672284122254021,0.14256038637639856
48.44095236692112,0.0,0.0,4.0,0.0,0.04701707884030186,4.0,0.012497726199804497,15.684781848453826,0.14258107548547772
48.49093639100019,0.0,0.0,4.0,0.0,0.04779007924053132,4.0,0.012497726199804497,15.69727957465363,0.14492877261639142
48.54092173469031,0.0,0.0,4.0,0.0,0.04964979051655655,4.0,0.012497726199804497,15.709777300853434,0.15057766074384502
48.59090834448261,0.0,0.0,4.0,0.0,0.05268666844310225,4.0,0.012497726199804497,15.722275027053238,0.15980446468476062
48.64089615464603,0.0,0.0,4.0,0.0,0.05660570051704081,4.0,0.012497726199804497,15.734772753253042,0.17171586930012095
48.69088510891709,0.0,0.0,4.0,0.0,0.06072257921374431,4.0,0.012497726199804497,15.747270479452846,0.18423430967187773
48.74087515318661,0.0,0.0,4.0,0.0,0.06413457147819128,4.0,0.012497726199804497,15.75976820565265,0.19461409119535553
48.790865564366264,0.0,0.0,4.0,0.0,0.06603522130586276,4.0,0.012497726199804497,15.772265931852454,0.20039810464087082
48.84086160560654,0.0,0.0,4.0,0.0,0.06604533100619076,4.0,0.012497726199804497,15.784763658052258,0.20042887409681867
48.89086585432895,0.0,0.0,4.0,0.0,0.06434158309428484,4.0,0.012497726199804497,15.797261384252062,0.1952439948685254
48.9408655612829,0.0,0.0,4.0,0.0,0.06147878886527937,4.0,0.012497726199804497,15.809759110451866,0.18653443052669505
48.99086696769472,0.0,0.0,4.0,0.0,0.05805601125406481,4.0,0.012497726199804497,15.82225683665167,0.1761252280273624
49.04087004278508,0.0,0.0,4.0,0.0,0.05446823897627115,4.0,0.012497726199804497,15.834754562851474,0.16521869161915542
49.090874715654884,0.0,0.0,4.0,0.0,0.05087554865226154,4.0,0.012497726199804497,15.847252289051278,0.15430147950310982
49.140881002943914,0.0,0.0,4.0,0.0,0.047367836288268995,4.0,0.012497726199804497,15.859750015251082,0.14364634759054914
49.1908888090787,0.0,0.0,4.0,0.0,0.044183315653058136,4.0,0.012497726199804497,15.872247741450886,0.13397602778169385
49.24089811098772,0.0,0.0,4.0,0.0,0.041800005601587246,4.0,0.012497726199804497,15.88474546765069,0.1267405076221157
49.29090892143763,0.0,0.0,4.0,0.0,0.04080009491228529,4.0,0.012497726199804497,15.897243193850494,0.12370530078485727
49.340921270058175,0.0,0.0,4.0,0.0,0.04154509837860835,4.0,0.012497726199804497,15.909740920050298,0.1259667185019367
49.390909999208866,0.0,0.0,4.0,0.0,0.04383877294704563,4.0,0.012497726199804497,15.922238646250102,0.13292993401878553
49.44090136631757,0.0,0.0,4.0,0.0,0.04680824144748664,4.0,0.012497726199804497,15.934736372449906,0.14194684009878
49.49092109596984,0.0,0.0,4.0,0.0,0.04909438105794837,4.0,0.012497726199804497,15.94723409864971,0.14889049242906227
49.54094290405566,0.0,0.0,4.0,0.0,0.04922691677635198,4.0,0.012497726199804497,15.959731824849515,0.14929308801588106
49.59096674142631,0.0,0.0,4.0,0.0,0.04601149905263165,4.0,0.012497726199804497,15.972229551049319,0.13952726134453552
49.640992455958305,0.0,0.0,4.0,0.0,0.038843385366852785,4.0,0.012497726199804497,15.984727277249123,0.11776646335999177
49.69101995703644,0.0,0.0,4.0,0.0,0.027903428945001835,4.0,0.012497726199804497,15.997225003448927,0.08457779722297501
49.74104919617095,0.0,0.0,4.0,0.0,0.014179922466085173,4.0,0.012497726199804497,16.009722729648733,0.04297234220954542
49.79108019362609,0.0,0.0,4.0,0.0,-0.0007060372412320382,4.0,0.012497726199804497,16.022220455848537,-0.0021395071471188797
49.84106833124666,0.0,0.0,4.0,0.0,-0.014828428772290306,4.0,0.012497726199804497,16.03471818204834,-0.044937926376453954
49.89105086537713,0.0,0.0,4.0,0.0,-0.0263688765265099,4.0,0.012497726199804497,16.047215908248145,-0.0799242115410044
49.94102764645547,0.0,0.0,4.0,0.0,-0.034046052254528385,4.0,0.012497726199804497,16.05971363444795,-0.10320973635898886
49.990959869259655,0.0,0.0,4.0,0.0,-0.03743637648689691,4.0,0.012497726199804497,16.072211360647753,-0.11349659122033161
50.04092354667723,0.0,0.0,4.0,0.0,-0.03703694301969735,4.0,0.012497726199804497,16.084709086847557,-0.11228450689639989
50.090883414937764,0.0,0.0,4.0,0.0,-0.034041697142972116,4.0,0.012497726199804497,16.09720681304736,-0.10319652374392958
50.14084030592702,0.0,0.0,4.0,0.0,-0.029940408743945757,4.0,0.012497726199804497,16.109704539247165,-0.09075563159815456
50.190825851081335,0.0,0.0,4.0,0.0,-0.026084538632648802,4.0,0.012497726199804497,16.12220226544697,-0.07906198861817762
50.24081037278783,0.0,0.0,4.0,0.0,-0.02336656330579224,4.0,0.012497726199804497,16.134699991646773,-0.07082065733433482
50.29079392041356,0.0,0.0,4.0,0.0,-0.022122691528558006,4.0,0.012497726199804497,16.147197717846577,-0.06704939782740633
50.34077658257481,0.0,0.0,4.0,0.0,-0.022242729220694396,4.0,0.012497726199804497,16.15969544404638,-0.06741332746051892
50.39075839349352,0.0,0.0,4.0,0.0,-0.02337435777020978,4.0,0.012497726199804497,16.172193170246185,-0.07084428982868779
50.44073942797808,0.0,0.0,4.0,0.0,-0.025120689665195067,4.0,0.012497726199804497,16.18469089644599,-0.07613931857110198
50.490725148932114,0.0,0.0,4.0,0.0,-0.027172125416259678,4.0,0.012497726199804497,16.197188622645793,-0.08236004446322659
50.54071050831198,0.0,0.0,4.0,0.0,-0.029346905260826138,4.0,0.012497726199804497,16.209686348845597,-0.08895555479410021
50.59069022363551,0.0,0.0,4.0,0.0,-0.031562002102465056,4.0,0.012497726199804497,16.2221840750454,-0.09567420166035966
50.64066946297162,0.0,0.0,4.0,0.0,-0.033785491610181406,4.0,0.012497726199804497,16.234681801245205,-0.10241924971230026
50.69064828477761,0.0,0.0,4.0,0.0,-0.03600321284421975,4.0,0.012497726199804497,16.24717952744501,-0.10914780932856522
50.74062683273586,0.0,0.0,4.0,0.0,-0.03820128324932734,4.0,0.012497726199804497,16.259677253644814,-0.11581780898537729
50.79060523411739,0.0,0.0,4.0,0.0,-0.04034803222667907,4.0,0.012497726199804497,16.272174979844618,-0.12233315617521283
50.84058362626409,0.0,0.0,4.0,0.0,-0.04235421112664047,4.0,0.012497726199804497,16.28467270604442,-0.12842289522858513
50.890562172500104,0.0,0.0,4.0,0.0,-0.04399790190780819,4.0,0.012497726199804497,16.297170432244226,-0.1334130742836015
50.94054101067543,0.0,0.0,4.0,0.0,-0.044841940763152954,4.0,0.012497726199804497,16.30966815844403,-0.1359758212438685
50.99052031447639,0.0,0.0,4.0,0.0,-0.044232589243990615,4.0,0.012497726199804497,16.322165884643834,-0.13412563388486853
51.04050027748905,0.0,0.0,4.0,0.0,-0.04147602339758731,4.0,0.012497726199804497,16.334663610843638,-0.12575703928116683
51.090481116695436,0.0,0.0,4.0,0.0,-0.03617429018906547,4.0,0.012497726199804497,16.347161337043442,-0.10966690129722063
51.14046307233951,0.0,0.0,4.0,0.0,-0.02855417870252191,4.0,0.012497726199804497,16.359659063243246,-0.08655133848390653
51.19044640419503,0.0,0.0,4.0,0.0,-0.01957974450511582,4.0,0.012497726199804497,16.37215678944305,-0.05934014230569919
51.24043138552435,0.0,0.0,4.0,0.0,-0.010725664485659531,4.0,0.012497726199804497,16.384654515642854,-0.03250325999282861
51.29041821218303,0.0,0.0,4.0,0.0,-0.0034607700028180866,4.0,0.012497726199804497,16.397152241842658,-0.010487223694999482
51.34040876573976,0.0,0.0,4.0,0.0,0.0012986758839131415,4.0,0.012497726199804497,16.409649968042462,0.003935383678822696
51.39040461572337,0.0,0.0,4.0,0.0,0.0034545197236867486,4.0,0.012497726199804497,16.422147694242266,0.010468283228769281
51.440398872796386,0.0,0.0,4.0,0.0,0.0035858314869878995,4.0,0.012497726199804497,16.43464542044207,0.010866202594438663
51.490391210142555,0.0,0.0,4.0,0.0,0.002487254468649217,4.0,0.012497726199804497,16.447143146641874,0.007537150296185161
51.540382105450796,0.0,0.0,4.0,0.0,0.0006170861143009564,4.0,0.012497726199804497,16.45964087284168,0.0018699581594811918
51.59036846455415,0.0,0.0,4.0,0.0,-0.0021853326621583346,4.0,0.012497726199804497,16.472138599041482,-0.0066222307302443465
51.6403597216473,0.0,0.0,4.0,0.0,-0.006513908944217552,4.0,0.012497726199804497,16.484636325241286,-0.019739397201088468
51.690360473351014,0.0,0.0,4.0,0.0,-0.012961155938849256,4.0,0.012497726199804497,16.49713405144109,-0.03927842962395682
51.7403471984762,0.0,0.0,4.0,0.0,-0.021717827016653035,4.0,0.012497726199804497,16.509631777640895,-0.06582194595991288
51.79033477021531,0.0,0.0,4.0,0.0,-0.032253100922011044,4.0,0.012497726199804497,16.5221295038407,-0.09777057416662074
51.84033092458909,0.0,0.0,4.0,0.0,-0.043217785782587254,4.0,0.012497726199804497,16.534627230040503,-0.13104458473502925
51.89032002110999,0.0,0.0,4.0,0.0,-0.05280334297086311,4.0,0.012497726199804497,16.547124956240307,-0.16015900930160032
51.94030550700926,0.0,0.0,4.0,0.0,-0.05938374643886759,4.0,0.012497726199804497,16.55962268244011,-0.18016257345064604
51.99029287760163,0.0,0.0,4.0,0.0,-0.062020670649462095,4.0,0.012497726199804497,16.572120408639915,-0.1881827737763652
52.04028069215436,0.0,0.0,4.0,0.0,-0.0607104621750235,4.0,0.012497726199804497,16.58461813483972,-0.18419745567749432
52.09027719820426,0.0,0.0,4.0,0.0,-0.05638741243221992,4.0,0.012497726199804497,16.597115861039523,-0.1710522744025588
52.14027989606788,0.0,0.0,4.0,0.0,-0.05057596519650552,4.0,0.012497726199804497,16.609613587239327,-0.15339131089342267
52.19027545472647,0.0,0.0,4.0,0.0,-0.044780286731802135,4.0,0.012497726199804497,16.62211131343913,-0.13578861518082863
52.24027181937678,0.0,0.0,4.0,0.0,-0.03999588798905887,4.0,0.012497726199804497,16.634609039638935,-0.12126432848184694
52.29026893067466,0.0,0.0,4.0,0.0,-0.036576387644057455,4.0,0.012497726199804497,16.64710676583874,-0.11088699211995334
52.34026667677792,0.0,0.0,4.0,0.0,-0.03438059861597858,4.0,0.012497726199804497,16.659604492038543,-0.10422470082618288
52.39026499832067,0.0,0.0,4.0,0.0,-0.03306635508511014,4.0,0.012497726199804497,16.672102218238347,-0.10023761140682676
52.44026379496002,0.0,0.0,4.0,0.0,-0.03242744205876956,4.0,0.012497726199804497,16.68459994443815,-0.09829943358062107
52.490262963477875,0.0,0.0,4.0,0.0,-0.03262698828599029,4.0,0.012497726199804497,16.697097670637955,-0.09890475934042497
52.54026246153868,0.0,0.0,4.0,0.0,-0.03419823754976793,4.0,0.012497726199804497,16.70959539683776,-0.10367144128524723
52.59026219319082,0.0,0.0,4.0,0.0,-0.03779303859502484,4.0,0.012497726199804497,16.722093123037563,-0.11457891612175769
52.640262076838766,0.0,0.0,4.0,0.0,-0.04377598947447084,4.0,0.012497726199804497,16.734590849237367,-0.13273931549200602
52.69026202659178,0.0,0.0,4.0,0.0,-0.051824900571334605,4.0,0.012497726199804497,16.74708857543717,-0.1571859028141641
52.74026195784129,0.0,0.0,4.0,0.0,-0.06069493768080565,4.0,0.012497726199804497,16.759586301636975,-0.1841502379806126
52.790261802876444,0.0,0.0,4.0,0.0,-0.06827748934611468,4.0,0.012497726199804497,16.77208402783678,-0.2072235957161062
52.84026015922256,0.0,0.0,4.0,0.0,-0.07205005644966594,4.0,0.012497726199804497,16.784581754036584,-0.21871209562103888
52.89028276755823,0.0,0.0,4.0,0.0,-0.0698477056654088,4.0,0.012497726199804497,16.797079480236388,-0.21200459540503538
52.94033712795406,0.0,0.0,4.0,0.0,-0.060628422457312085,4.0,0.012497726199804497,16.80957720643619,-0.18394793316067393
52.99039088709732,0.0,0.0,4.0,0.0,-0.044857382749559166,4.0,0.012497726199804497,16.822074932635996,-0.13602270939399536
53.04044184673031,0.0,0.0,4.0,0.0,-0.024367956253565304,4.0,0.012497726199804497,16.8345726588358,-0.07385691093410755
53.09048797193414,0.0,0.0,4.0,0.0,-0.0017912356786657236,4.0,0.012497726199804497,16.847070385035604,-0.00542799271033279
53.14052731700234,0.0,0.0,4.0,-1.1062381151599103,0.020229107723467095,4.0,0.012519399529089455,16.859568111235408,0.061308689511469
53.190516701349374,0.0,0.0,3.986150563062006,-3.9999999999999996,0.039709937838508284,3.986150563062006,0.01262107059155493,16.872087510764498,0.12039643516218371
53.24046475325411,0.0,0.0,3.9356662806957865,-4.000000000000012,0.055594506746955576,3.9356662806957865,0.012785083369377075,16.88470858135605,0.16864198142914827
53.2904151653304,0.0,0.0,3.884525947218278,-4.000000000000002,0.06759304275688527,3.884525947218278,0.012955661465793406,16.897493664725427,0.20513991323351405
53.340368035352014,0.0,0.0,3.8327033013551044,-4.000000000000006,0.07584350062878666,3.8327033013551044,0.013133254940999909,16.91044932619122,0.23027048262523087
53.39032343822591,0.0,0.0,3.7801702815911047,-3.0998975092113263,0.08065218963960781,3.7801702815911047,0.013297007309040067,16.92358258113222,0.24493188075829475
53.440279615751166,0.0,0.0,3.7389509217538466,1.120974934699126,0.08243225951685762,3.7389509217538466,0.013343611602624672,16.936879588441258,0.2503620593882212
53.49021135681855,0.0,0.0,3.7539087758987493,2.4999999999999822,0.0817795786758328,3.7539087758987493,0.013258492214570965,16.950223200043883,0.24837084518802915
53.540150888341515,0.0,0.0,3.7870550064351765,2.499999999999979,0.07950385525062456,3.7870550064351765,0.01314344969305836,16.963481692258455,0.24142966925732331
53.59011549858816,0.0,0.0,3.819913630667822,2.499999999999981,0.07650604530134873,3.819913630667822,0.013031350831847732,16.976625141951512,0.23228988898122607
53.64008334104912,0.0,0.0,3.852492007747441,2.499999999999998,0.07357144099558795,3.852492007747441,0.012922072196847989,16.98965649278336,0.22334688020564583
53.690054409563835,0.0,0.0,3.884797188239561,2.5000000000000004,0.07119698696257974,3.884797188239561,0.012815497480880287,17.002578564980208,0.21611372975545476
53.74002862231751,0.0,0.0,3.916835931941762,2.500000000000009,0.069521570557224,3.916835931941762,0.01271151698317836,17.015394062461088,0.2110114925336569
53.79000584690003,0.0,0.0,3.948614724399708,2.5000000000000218,0.06839696486764275,3.948614724399708,0.012610027134609392,17.028105579444265,0.2075873387804724
53.839986004369656,0.0,0.0,3.9801397922362316,1.585160689672158,0.0675673371427718,3.9801397922362316,0.012528829344030653,17.040715606578875,0.20506166059066308
53.88996900388291,0.0,0.0,4.0,0.0,0.06683184609447211,4.0,0.012497726199804497,17.053244435922906,0.20282280475386932
53.939954746451015,0.0,0.0,4.0,0.0,0.06609615027243126,4.0,0.012497726199804497,17.06574216212271,0.20058354608767945
53.98994314542987,0.0,0.0,4.0,0.0,0.06533752025266151,4.0,0.012497726199804497,17.078239888322514,0.19827471029937607
54.03993411868759,0.0,0.0,4.0,0.0,0.06455856629938976,4.0,0.012497726199804497,17.090737614522318,0.19590425855105606
54.08992756707139,0.0,0.0,4.0,0.0,0.06376405828956715,4.0,0.012497726199804497,17.103235340722122,0.19348671982344734
54.13992342027488,0.0,0.0,4.0,0.0,0.06295622286262963,4.0,0.012497726199804497,17.115733066921926,0.19102887972585425
54.189921593333516,0.0,0.0,4.0,0.0,0.062135840856804,4.0,0.012497726199804497,17.12823079312173,0.18853312281513857
54.23992198974649,0.0,0.0,4.0,0.0,0.06130353354725977,4.0,0.012497726199804497,17.140728519321534,0.18600134720258713
54.289924536622266,0.0,0.0,4.0,0.0,0.06046008848766477,4.0,0.012497726199804497,17.15322624552134,0.18343595580539018
54.33992915397216,0.0,0.0,4.0,0.0,0.05960656154287315,4.0,0.012497726199804497,17.165723971721143,0.1808401663673393
54.38993573995236,0.0,0.0,4.0,0.0,0.058744082310930985,4.0,0.012497726199804497,17.178221697920947,0.17821741936627436
54.43994423044338,0.0,0.0,4.0,0.0,0.05787365886268722,4.0,0.012497726199804497,17.19071942412075,0.17557078421908645
54.48995454729032,0.0,0.0,4.0,0.0,0.05699616614686611,4.0,0.012497726199804497,17.203217150320555,0.1729029242295089
54.539966583244635,0.0,0.0,4.0,0.0,0.056112419767910975,4.0,0.012497726199804497,17.21571487652036,0.17021632108108936
54.58998031506274,0.0,0.0,4.0,0.0,0.055223094250572924,4.0,0.012497726199804497,17.228212602720163,0.1675130265042095
54.639995576325354,0.0,0.0,4.0,0.0,0.05432850307700904,4.0,0.012497726199804497,17.240710328919967,0.1647939939807197
54.69001237889934,0.0,0.0,4.0,0.0,0.05342837323653715,4.0,0.012497726199804497,17.25320805511977,0.16205839415809492
54.74003062070246,0.0,0.0,4.0,0.0,0.052521183716833855,4.0,0.012497726199804497,17.265705781319575,0.15930160560105974
54.79005015182695,0.0,0.0,4.0,0.0,0.05160142639102446,4.0,0.012497726199804497,17.27820350751938,0.15650689410371738
54.84007096476977,0.0,0.0,4.0,0.0,0.050648238310045626,4.0,0.012497726199804497,17.290701233719183,0.15361088229918277
54.89009302979824,0.0,0.0,4.0,0.0,0.04959034132257881,4.0,0.012497726199804497,17.303198959918987,0.15039706738784064
54.94011624159624,0.0,0.0,4.0,0.0,0.048228605451573696,4.0,0.012497726199804497,17.31569668611879,0.14626070755888124
54.990140442098635,0.0,0.0,4.0,0.0,0.046122970285345025,4.0,0.012497726199804497,17.328194412318595,0.13986577083262133
55.04016564895785,0.0,0.0,4.0,0.0,0.04251450343328782,4.0,0.012497726199804497,17.3406921385184,0.12890950519263217
55.090191853253764,0.0,0.0,4.0,0.0,0.036405107437408685,4.0,0.012497726199804497,17.353189864718203,0.11036726944701855
55.14021890653488,0.0,0.0,4.0,0.0,0.026868117118696563,4.0,0.012497726199804497,17.365687590918007,0.08143813427996126
55.19024675124133,0.0,0.0,4.0,0.0,0.013516245074399566,4.0,0.012497726199804497,17.37818531711781,0.04096081279933526
55.24027538269949,0.0,0.0,4.0,0.0,-0.003088419664989473,4.0,0.012497726199804497,17.390683043317615,-0.009358877225722597
55.29030474388415,0.0,0.0,4.0,0.0,-0.02134291295910393,4.0,0.012497726199804497,17.40318076951742,-0.06468531593068706
55.340334725006564,0.0,0.0,4.0,0.0,-0.038983292277681346,4.0,0.012497726199804497,17.415678495717223,-0.11819106632623166
55.39030918777626,0.0,0.0,4.0,0.0,-0.05382589195521782,4.0,0.012497726199804497,17.428176221917028,-0.16326646728315888
55.44022622736315,0.0,0.0,4.0,0.0,-0.06451263754646051,4.0,0.012497726199804497,17.44067394811683,-0.19576449924378742
55.49013600795962,0.0,0.0,4.0,-3.6803630793518423,-0.07087821350899584,4.0,0.012570420488097747,17.453171674316636,-0.21514285847327583
55.54004230053614,0.0,0.0,3.953736288543677,-1.2205378731636596,-0.07375273707482236,3.953736288543677,0.012668738488740087,17.46574209480473,-0.22389925408604347
55.589984810180745,0.0,0.0,3.9382736134129637,1.7237900050637485,-0.0743308916841413,3.9382736134129637,0.012658540468227583,17.478410833293474,-0.22566087772092458
55.6399614240269,0.0,0.0,3.9600942789507894,2.500000000000017,-0.07351695801323606,3.9600942789507894,0.01257376136730715,17.4910693737617,-0.2231808840450175
55.68990108333143,0.0,0.0,3.9915286823690574,0.6771109474517366,-0.07161410775718605,3.9915286823690574,0.012510974254402195,17.503643135129007,-0.21738419898764877
55.739841051075175,0.0,0.0,4.0,0.0,-0.06841110655980662,4.0,0.012497726199804497,17.516154109383407,-0.20763039353710472
55.78980973317223,0.0,0.0,4.0,0.0,-0.06353683204117067,4.0,0.012497726199804497,17.52865183558321,-0.1927953582440183
55.839755159050306,0.0,0.0,4.0,0.0,-0.056923232082941255,4.0,0.012497726199804497,17.541149561783016,-0.1726811933067131
55.889708931666846,0.0,0.0,4.0,0.0,-0.04911000294886746,4.0,0.012497726199804497,17.55364728798282,-0.14893794581183897
55.939686852408556,0.0,0.0,4.0,0.0,-0.041173495256842677,4.0,0.012497726199804497,17.566145014182624,-0.12483871997831408
55.98966468219028,0.0,0.0,4.0,0.0,-0.03438598260918238,4.0,0.012497726199804497,17.578642740382428,-0.10424103526023723
56.039642670980356,0.0,0.0,4.0,0.0,-0.029854398348773518,4.0,0.012497726199804497,17.59114046658223,-0.09049476092584702
56.08962114011335,0.0,0.0,4.0,0.0,-0.028220485641472674,4.0,0.012497726199804497,17.603638192782036,-0.0855393320835742
56.13961596940855,0.0,0.0,4.0,0.0,-0.029462130209573303,4.0,0.012497726199804497,17.61613591898184,-0.08930502337827403
56.189612079833466,0.0,0.0,4.0,0.0,-0.03293283459478081,4.0,0.012497726199804497,17.628633645181644,-0.0998325629329016
56.23959238866492,0.0,0.0,4.0,0.0,-0.037658583347997016,4.0,0.012497726199804497,17.641131371381448,-0.11417089554416963
56.28957304977028,0.0,0.0,4.0,0.0,-0.04269450441492271,4.0,0.012497726199804497,17.653629097581252,-0.1294559539973622
56.33955422071558,0.0,0.0,4.0,0.0,-0.04736401332709941,4.0,0.012497726199804497,17.666126823781056,-0.14363473683010797
56.389536108031024,0.0,0.0,4.0,0.0,-0.05134467700587771,4.0,0.012497726199804497,17.67862454998086,-0.1557268006461179
56.43951893267615,0.0,0.0,4.0,0.0,-0.05459534538296509,4.0,0.012497726199804497,17.691122276180664,-0.1656050102126897
56.48950294026508,0.0,0.0,4.0,0.0,-0.057128356374633496,4.0,0.012497726199804497,17.703620002380468,-0.1733048078320767
56.53948835414417,0.0,0.0,4.0,0.0,-0.058722012604233445,4.0,0.012497726199804497,17.716117728580272,-0.17815031023555297
56.58947543278424,0.0,0.0,4.0,0.0,-0.058732502683130364,4.0,0.012497726199804497,17.728615454780076,-0.17818220823973976
56.6394644467866,0.0,0.0,4.0,0.0,-0.05612683654332334,4.0,0.012497726199804497,17.74111318097988,-0.17026014615772422
56.689455681528216,0.0,0.0,4.0,0.0,-0.04975891720133665,4.0,0.012497726199804497,17.753610907179684,-0.15090916598478188
56.73944943022886,0.0,0.0,4.0,0.0,-0.038811454415417904,4.0,0.012497726199804497,17.76610863337949,-0.11766955688133222
56.789445998733946,0.0,0.0,4.0,0.0,-0.023270154088810946,4.0,0.012497726199804497,17.778606359579292,-0.07052834927925386
56.83944572750569,0.0,0.0,4.0,0.0,-0.004267773980095866,4.0,0.012497726199804497,17.791104085779097,-0.012932726943070705
56.88944921452927,0.0,0.0,4.0,0.0,0.01590613917771099,4.0,0.012497726199804497,17.8036018119789,0.048204487148869324
56.93944206554319,0.0,0.0,4.0,0.0,0.0342740063526791,4.0,0.012497726199804497,17.816099538178705,0.1039013130486315
56.98942277633949,0.0,0.0,4.0,0.0,0.04799679771484326,4.0,0.012497726199804497,17.82859726437851,0.14555663130757432
57.03940383864222,0.0,0.0,4.0,0.0,0.05519317776134843,4.0,0.012497726199804497,17.841094990578313,0.16742209359984173
57.08938685586425,0.0,0.0,4.0,0.0,0.055427750938987976,4.0,0.012497726199804497,17.853592716778117,0.16813510045514038
57.13937380696426,0.0,0.0,4.0,0.0,0.04973770973420717,4.0,0.012497726199804497,17.86609044297792,0.15084474162084746
57.18936785829825,0.0,0.0,4.0,0.0,0.04018993092740879,4.0,0.012497726199804497,17.878588169177725,0.12185328359145886
57.239363440626384,0.0,0.0,4.0,0.0,0.029114646915556652,4.0,0.012497726199804497,17.89108589537753,0.08825113991581778
57.28935475213609,0.0,0.0,4.0,0.0,0.018382261438830257,4.0,0.012497726199804497,17.903583621577333,0.055710097637205004
57.339346033547514,0.0,0.0,4.0,0.0,0.009085880445492208,4.0,0.012497726199804497,17.916081347777137,0.027533728717135882
57.389337287520114,0.0,0.0,4.0,0.0,0.0016647561830595758,4.0,0.012497726199804497,17.92857907397694,0.005044720366576785
57.43932851129605,0.0,0.0,4.0,0.0,-0.003775470273214238,4.0,0.012497726199804497,17.941076800176745,-0.011440873369865151
57.48931970903092,0.0,0.0,4.0,0.0,-0.007183280104035779,4.0,0.012497726199804497,17.95357452637655,-0.021767889872235567
57.53931088560327,0.0,0.0,4.0,0.0,-0.008456678136622434,4.0,0.012497726199804497,17.966072252576353,-0.02562690829285971
57.58930179695796,0.0,0.0,4.0,0.0,-0.007569734817537618,4.0,0.012497726199804497,17.978569978776157,-0.02293902850006129
57.63928807573354,0.0,0.0,4.0,0.0,-0.004815864049339541,4.0,0.012497726199804497,17.99106770497596,-0.014593640243642327
57.68927642451805,0.0,0.0,4.0,0.0,-0.0009012160592481118,4.0,0.012497726199804497,18.003565431175765,-0.0027309584946500925
57.73926807755669,0.0,0.0,4.0,0.0,0.003243071780554637,4.0,0.012497726199804497,18.01606315737557,0.009827524697840529
57.789259820994126,0.0,0.0,4.0,0.0,0.0067804568398091335,4.0,0.012497726199804497,18.028560883575373,0.020547153791835332
57.83925163474911,0.0,0.0,4.0,0.0,0.009209896566348578,4.0,0.012497726199804497,18.041058609775178,0.02790956659514374
57.8892435053766,0.0,0.0,4.0,0.0,0.01044256848944473,4.0,0.012497726199804497,18.05355633597498,0.03164529722347883
57.93923542279037,0.0,0.0,4.0,0.0,0.010714328764876116,4.0,0.012497726199804497,18.066054062174786,0.032468905375963704
57.98922736103218,0.0,0.0,4.0,0.0,0.010387183405993702,4.0,0.012497726199804497,18.07855178837459,0.031477445431055295
58.03921930419089,0.0,0.0,4.0,0.0,0.009756215102576415,4.0,0.012497726199804497,18.091049514574394,0.029565226238446023
58.08921124419278,0.0,0.0,4.0,0.0,0.008948796997678398,4.0,0.012497726199804497,18.103547240774198,0.027118290549812754
58.13920316822253,0.0,0.0,4.0,0.0,0.007892482573230532,4.0,0.012497726199804497,18.116044966974002,0.023917110469487645
58.18919505663776,0.0,0.0,4.0,0.0,0.006287713284911882,4.0,0.012497726199804497,18.128542693173806,0.019053927722766748
58.23918690523726,0.0,0.0,4.0,0.0,0.0035999337467477422,4.0,0.012497726199804497,18.14104041937361,0.01090893726657494
58.289178712226,0.0,0.0,4.0,0.0,-0.0008383813640575088,4.0,0.012497726199804497,18.153538145573414,-0.00254055018328986
58.33917045244366,0.0,0.0,4.0,0.0,-0.00756687939349849,4.0,0.012497726199804497,18.166035871773218,-0.022930375204297693
58.38916211672104,0.0,0.0,4.0,0.0,-0.01665751464060379,4.0,0.012497726199804497,18.178533597973022,-0.05048198630504034
58.439153696728376,0.0,0.0,4.0,0.0,-0.027458612156218077,4.0,0.012497726199804497,18.191031324172826,-0.08322883417373121
58.489145203047855,0.0,0.0,4.0,0.0,-0.038574677884012615,4.0,0.012497726199804497,18.20352905037263,-0.11695097694976236
58.53913638148219,0.0,0.0,4.0,-0.3089304260221826,-0.04816573464282011,4.0,0.012503763631172806,18.216026776572434,-0.14606974670411202
58.5891201808443,0.0,0.0,3.996137206974541,-4.0000000000000115,-0.05450384064185634,3.996137206974541,0.012589126551022808,18.228530540203607,-0.16532689636703984
58.63910355813912,0.0,0.0,3.9457807007704497,-4.000000000000012,-0.05653141886790045,3.9457807007704497,0.012751880945817877,18.24111966675463,-0.17149005154674374
58.68931053403123,0.0,0.0,3.894773176987178,-4.000000000000009,-0.05413419056560112,3.894773176987178,0.01292111580823993,18.25387154770045,-0.1642034330259781
58.739493687521936,0.0,0.0,3.8430887137542182,-3.9999999999999867,-0.048041485930215434,3.8430887137542182,0.0130972729662419,18.26679266350869,-0.14569236287658263
58.78965173139473,0.0,0.0,3.790699621889251,-3.9999999999999822,-0.03946998310692201,3.790699621889251,0.013280837606753196,18.27988993647493,-0.11966815872969268
58.84000115626548,0.0,0.0,3.7375762714622383,-3.999999999999987,-0.02968835339816783,3.7375762714622383,0.013472343904864336,18.293170774081684,-0.08999114817004099
58.89029696822598,0.0,0.0,3.683686895842781,-4.0000000000000115,-0.019674566409906145,3.683686895842781,0.013672381572876273,18.30664311798655,-0.05962759213004674
58.94053948382019,0.0,0.0,3.628997369551276,-3.9999999999999893,-0.009984242639185329,3.628997369551276,0.01388160351232041,18.320315499559428,-0.030256286098464754
58.990642739392435,0.0,0.0,3.5734709555019943,-3.999999999999989,-0.000817032368177456,3.5734709555019943,0.01410073479544553,18.334197103071748,-0.002475856212056409
59.040720417490974,0.0,0.0,3.5170680163202124,-4.000000000000012,0.007837959625482257,3.5170680163202124,0.014330583258092845,18.348297837867193,0.02375187919438677
59.090859284066,0.0,0.0,3.459745683287841,-4.000000000000015,0.016082126752361297,3.459745683287841,0.014572052057197084,18.362628421125287,0.04873791927786388
59.140948473815435,0.0,0.0,3.4014574750590523,-3.9999999999999964,0.024041460833666914,3.4014574750590523,0.014826154638631697,18.377200473182484,0.07286695099249359
59.19098988125457,0.0,0.0,3.3421528565045255,-3.9999999999999893,0.03183998453971306,3.3421528565045255,0.015094032682033394,18.392026627821114,0.09651741979851691
59.24098460497894,0.0,0.0,3.281776725776392,-3.9999999999999827,0.03959233321081102,3.281776725776392,0.01537697774873754,18.407120660503146,0.12003949661285424
59.2909345791908,0.0,0.0,3.2202688147814422,-3.9999999999999822,0.047403440285478944,3.2202688147814422,0.015676457571327143,18.422497638251883,0.14375448111239256
59.340842371976095,0.0,0.0,3.157562984496134,-4.000000000000006,0.05537194726251144,3.157562984496134,0.015994148208934498,18.43817409582321,0.16796547834297665
59.39070992149657,0.0,0.0,3.093586391660396,-3.999999999999989,0.0636027276834664,3.093586391660396,0.016331973680786805,18.454168244032147,0.19299585113302486
59.44053874832984,0.0,0.0,3.028258496937249,-3.9999999999999907,0.07223671718219088,3.028258496937249,0.016692155224671528,18.470500217712935,0.21928068841241
59.490331738879384,0.0,0.0,2.961489876038563,-3.999999999999987,0.08150104464837764,2.961489876038563,0.017077273071065158,18.487192372937606,0.24752115192113627
59.54009136513245,0.0,0.0,2.8931807837543024,-4.0,0.09175367323439627,2.8931807837543024,0.017490344674280678,18.504269646008673,0.2788243230517968
59.58981969127911,0.0,0.0,2.8232194050571797,-3.999999999999996,0.10345591940756646,2.8232194050571797,0.017934924847530804,18.521759990682952,0.31462608217984084
59.6395193676203,0.0,0.0,2.7514797056670566,-4.000000000000002,0.11701439697069574,2.7514797056670566,0.018415235441343818,18.539694915530482,0.356216383150635
59.68919337502783,0.0,0.0,2.6778187639016813,-4.000000000000003,0.13254269743580058,2.6778187639016813,0.018936335454696737,18.558110150971824,0.4040131558147232
59.73884406520626,0.0,0.0,2.6020734220828943,-4.000000000000002,0.14970023892306158,2.6020734220828943,0.019504347380034582,18.57704648642652,0.4570564356468654
59.788474603653725,0.0,0.0,2.524056032562756,-3.999999999999989,0.1677391122807675,2.524056032562756,0.020126763168125728,18.596550833806557,0.5131218605220752
59.83808770138995,0.0,0.0,2.443548979890253,-3.999999999999988,0.18576758957834533,2.443548979890253,0.020812865194420778,18.616677596974682,0.569498262860536
59.88768399466884,0.0,0.0,2.3602975191125704,-4.000000000000006,0.20313539297614136,2.3602975191125704,0.021574317094812133,18.637490462169104,0.6241707658685285
59.93731029649051,0.0,0.0,2.2740002507333217,-3.7047614251176455,0.21975074790999996,2.2740002507333217,0.022392126860329174,18.659064779263918,0.6768415757520717
59.9869524041991,0.0,0.0,2.1910427629148335,-3.3212865694768516,0.2361041890629012,2.1910427629148335,0.02322485271635997,18.681456906124247,0.7290651460277849
60.03655436864051,0.0,0.0,2.113906371509909,-3.073675919989846,0.25293459728149625,2.113906371509909,0.024069788427332924,18.704681758840607,0.7832430480382377
60.08636875899656,0.0,0.0,2.0399236424215657,-2.8331261449724274,0.2707430488669859,2.0399236424215657,0.024938129502014655,18.72875154726794,0.8410856463884034
60.136158008106136,0.0,0.0,1.9692707757226997,-2.5358959408573605,0.2894664640670656,1.9692707757226997,0.02581455787959114,18.753689676769955,0.9025207018202146
60.18553318259662,0.0,0.0,1.9038077431808171,-2.1879749847748178,0.30849244093508227,1.9038077431808171,0.026667016159570178,18.779504234649547,0.9656547178467373
60.23493808212842,0.0,0.0,1.8454609789050918,-1.830900228812994,0.3269626813151383,1.8454609789050918,0.027462697744296858,18.80617125080912,1.0276809611577145
60.28456734232431,0.0,0.0,1.7951795193212365,-1.5035866871212815,0.3441371218309007,1.7951795193212365,0.02817985985982597,18.833633948553416,1.0860561385033207
60.33422435245957,0.0,0.0,1.7528086571910588,-1.22119441491864,0.35959029907009255,1.7528086571910588,0.02880958832625514,18.861813808413242,1.139197505289515
60.38391427657768,0.0,0.0,1.7176265488309308,-0.9700946998925539,0.37315169956046396,1.7176265488309308,0.02934786656197227,18.890623396739496,1.1863437752957064
60.433554444702985,0.0,0.0,1.6891563390260076,-0.7154778629300237,0.3846388770762637,1.6891563390260076,0.029783051369815863,18.91997126330147,1.2266717104332516
60.48342914296503,0.0,0.0,1.6678472250803966,-0.42034715509936466,0.39355063710284127,1.6678472250803966,0.03008738681418315,18.949754314671285,1.2582168904604973
60.53341520019335,0.0,0.0,1.6552000776286806,-0.06528117896073579,0.39897112899572784,1.6552000776286806,0.03022034321923418,18.97984170148547,1.2775180597638138
60.5832603172189,0.0,0.0,1.653227257994731,0.34483407213329137,0.39982564921476094,1.653227257994731,0.03014361153632423,19.010062044704704,1.2805688399410216
60.633165928187736,0.0,0.0,1.6636218023096057,0.7862099516042127,0.39535060588585924,1.6636218023096057,0.029839051311255457,19.040205656241028,1.264616481957556
60.683149322504185,0.0,0.0,1.6870815613969434,1.2230790725140903,0.3854945775700016,1.6870815613969434,0.029319974388941548,19.070044707552285,1.2296906942796997
60.73319893455554,0.0,0.0,1.722942208478707,1.613123296389706,0.3710585721071289,1.722942208478707,0.02863110191027709,19.099364681941225,1.1790347991851238
60.78339983687214,0.0,0.0,1.7691277059714827,1.9198651840022116,0.3535279058150192,1.7691277059714827,0.02783691575428574,19.127995783851503,1.1182777306133842
60.83366627907673,0.0,0.0,1.8225708313581386,2.1378676009621196,0.33463039849667403,1.8225708313581386,0.02700119109637457,19.15583269960579,1.0536568947477059
60.88389474415985,0.0,0.0,1.8802958029904646,2.3160733307645387,0.31575546528060067,1.8802958029904646,0.026165084932958934,19.182833890702163,0.9899555414710844
60.93423310187959,0.0,0.0,1.9408960584008799,2.499999999999999,0.2975041933249241,1.9408960584008799,0.02534297077710735,19.208998975635122,0.9291021995588349
60.98456942201443,0.0,0.0,2.0042534853436482,2.5000000000000058,0.27964485498800473,2.0042534853436482,0.024566025770478405,19.23434194641223,0.8702116785687908
61.03502355203168,0.0,0.0,2.0656685497698444,2.499999999999998,0.2614966005427552,2.0656685497698444,0.023856437562663247,19.25890797218271,0.8109839161972737
61.08551044932342,0.0,0.0,2.1253096436765024,2.5,0.2424862179125259,2.1253096436765024,0.0232050020548753,19.282764409745372,0.7495558199784066
61.135850012444614,0.0,0.0,2.1833221488136907,2.5000000000000004,0.22257895522321786,2.1833221488136907,0.022604185249323547,19.30596941180025,0.6858451746749551
61.18619899422779,0.0,0.0,2.2398326119369996,2.5000000000000084,0.20240757479951774,2.2398326119369996,0.02204775271435128,19.328573597049573,0.6218720289276489
61.23655238285418,0.0,0.0,2.294951993722878,2.4999999999999902,0.18305173667762953,2.294951993722878,0.021530494831591702,19.350621349763923,0.5609820581383458
61.28690491443327,0.0,0.0,2.348778230801857,2.4999999999999973,0.16555794794258402,2.348778230801857,0.021048019870631783,19.372151844595514,0.5063252561769143
61.337253304168165,0.0,0.0,2.4013982804784364,2.500000000000002,0.15043503301190478,2.4013982804784364,0.020596595948071422,19.393199864466148,0.45933399186983853
61.387596870798156,0.0,0.0,2.452889770348615,2.5000000000000013,0.13742774529537233,2.452889770348615,0.02017302878204105,19.41379646041422,0.4190894022346742
61.43791527645906,0.0,0.0,2.5033223423037176,2.5000000000000044,0.12574395612638467,2.5033223423037176,0.019774566037781903,19.433969489196258,0.3830633635578458
61.488457061533886,0.0,0.0,2.5527587573981725,2.499999999999999,0.114578460064445,2.5527587573981725,0.019398821687372177,19.45374405523404,0.34873488189464136
61.53900844755074,0.0,0.0,2.601255811616603,2.4999999999999933,0.10355784035901955,2.601255811616603,0.0190437156151488,19.47314287692141,0.3149382662592623
61.5893200446082,0.0,0.0,2.648865100654475,2.5000000000000053,0.09286523054432967,2.648865100654475,0.018707424965107893,19.49218659253656,0.2822215446071375
61.6396055987393,0.0,0.0,2.6956336630672446,2.5000000000000044,0.08303947287105018,2.6956336630672446,0.01838834462406137,19.510894017501666,0.25221475310496605
61.68986178293886,0.0,0.0,2.741604524627398,2.500000000000007,0.07454237841901871,2.741604524627398,0.018085054879841904,19.529282362125727,0.22630531070941057
61.74006543558681,0.0,0.0,2.786817161827003,2.499999999999996,0.06732437844377356,2.786817161827003,0.017796294763933525,19.547367417005567,0.20432206281489007
61.790230658802564,0.0,0.0,2.8313078987368367,2.5000000000000004,0.06073111684295295,2.8313078987368367,0.01752093993420054,19.5651637117695,0.1842602769186004
61.8403779147578,0.0,0.0,2.875110248572338,2.500000000000005,0.053855544223864654,2.875110248572338,0.017257984211235887,19.5826846517037,0.16335658362168579
61.89048462073665,0.0,0.0,2.918255209100428,2.499999999999996,0.04602873827332802,2.918255209100428,0.017006524075765157,19.599942635914935,0.13957961220033469
61.940547624035226,0.0,0.0,2.9607715192898407,2.5000000000000018,0.037094302841905596,2.9607715192898407,0.016765745581741053,19.6169491599907,0.11245856355957035
61.99056331963645,0.0,0.0,3.0026858832441934,2.4999999999999853,0.027394824758880974,3.0026858832441934,0.016534913252478408,19.63371490557244,0.08303539355585511
62.04055460076062,0.0,0.0,3.044023166375389,2.4999999999999845,0.017566158168352986,3.044023166375389,0.01631336061419876,19.650249818824918,0.053236258143499124
62.09052199289731,0.0,0.0,3.084806567910886,2.4999999999999996,0.00822667570093376,3.084806567910886,0.01610048208905326,19.666563179439116,0.024929882711535994
62.14040694543271,0.0,0.0,3.125057773133519,2.5000000000000058,-0.00027693188497556793,3.125057773133519,0.01589572602274508,19.68266366152817,-0.0008391875516817799
62.190240539240726,0.0,0.0,3.1647970881903817,2.499999999999998,-0.007872833429886568,3.1647970881903817,0.01569858866373172,19.698559387550915,-0.023857563910941633
62.240052131019205,0.0,0.0,3.204043559849711,2.4999999999999907,-0.014558471898592438,3.204043559849711,0.015508608944229665,19.714257976214647,-0.044119698598459926
62.28980540486281,0.0,0.0,3.242815082210285,2.4999999999999925,-0.020238656849322623,3.242815082210285,0.015325363939804194,19.729766585158877,-0.061337638106712805
62.339469374992674,0.0,0.0,3.2811284920597954,2.4999999999999933,-0.024687242402487774,3.2811284920597954,0.015148464905672517,19.745091949098683,-0.07482502703184267
62.38907801949951,0.0,0.0,3.3189996543239766,2.4999999999999964,-0.02754238784549182,3.3189996543239766,0.014977553805097465,19.760240414004354,-0.08348289198872952
62.43865565865634,0.0,0.0,3.35644353883672,2.5000000000000098,-0.028370059795889743,3.35644353883672,0.014812300259260645,19.77521796780945,-0.08599295017772779
62.48841383949089,0.0,0.0,3.393474289484872,2.5000000000000013,-0.026853425947974303,3.393474289484872,0.01465239885944313,19.790030268068712,-0.08139358344505782
62.538381635493856,0.0,0.0,3.43010528663348,2.499999999999983,-0.022964795855697967,3.43010528663348,0.014497566791724835,19.804682666928155,-0.06960252660507772
62.58837006771689,0.0,0.0,3.4663492036127916,2.5000000000000093,-0.017024585876823636,3.4663492036127916,0.014347541732145376,19.81918023371988,-0.05159463893878525
62.63833189147708,0.0,0.0,3.502218057943155,2.499999999999997,-0.009724327355407278,3.502218057943155,0.014202079976667666,19.833527775452026,-0.029468587533458997
62.68829573189499,0.0,0.0,3.5377232578848243,2.500000000000011,-0.002081787761639887,3.5377232578848243,0.014060954775602612,19.847729855428693,-0.006308456875829259
62.73830315632986,0.0,0.0,3.572875644823831,2.5,0.004774783746096818,3.572875644823831,0.013923954846589304,19.861790810204294,0.014469151613612183
62.788310496779054,0.0,0.0,3.6076855319403043,2.499999999999993,0.00987682880123247,3.6076855319403043,0.013790883043940067,19.875714765050883,0.02993075751838531
62.838294274333826,0.0,0.0,3.6421627395501543,2.500000000000001,0.012582659616883653,3.6421627395501543,0.013661555165282375,19.889505648094822,0.03813128394474986
62.88827964706939,0.0,0.0,3.6763166274633603,2.5000000000000093,0.012694447038152317,3.6763166274633603,0.013535798879063192,19.903167203260104,0.038470087821811494
62.93828946757741,0.0,0.0,3.7101561246610184,2.5000000000000204,0.010556960001956701,3.7101561246610184,0.013413452758710311,19.916703002139165,0.03199197638912011
62.98829908979529,0.0,0.0,3.7436897565577945,2.5000000000000036,0.007005585722351714,3.7436897565577945,0.013294365411137557,19.930116454897874,0.021229394945011623
63.038308274512644,0.0,0.0,3.7769256700856384,2.499999999999998,0.0031130852414853237,3.7769256700856384,0.013178394688892337,19.943410820309012,0.009433622115570764
63.08829034335496,0.0,0.0,3.809871656807869,2.4999999999999933,-0.00013170211482477938,3.809871656807869,0.01306540697662072,19.956589214997905,-0.00039909731995835376
63.1382743846331,0.0,0.0,3.842535174249421,2.5000000000000044,-0.00208742900695906,3.842535174249421,0.01295527654370454,19.969654621974527,-0.0063255516329014105
63.18826015628772,0.0,0.0,3.8749233656086823,2.4999999999999956,-0.002624711372022239,3.8749233656086823,0.012847884955938072,19.98260989851823,-0.007953689088930651
63.23824753173662,0.0,0.0,3.9070430779985275,2.499999999999988,-0.002143669121335311,3.9070430779985275,0.012743120539984493,19.99545778347417,-0.006495976984710951
63.28823638045222,0.0,0.0,3.9389008793484885,2.499999999999991,-0.0013867566401868866,3.9389008793484885,0.01264087789510584,20.008200904014153,-0.004202295542854602
63.33822659332119,0.0,0.0,3.970503074086253,2.3514811305765013,-0.0010829120268692908,3.970503074086253,0.0125439772959247,20.020841781909258,-0.0032815528793310425
63.388218135129954,0.0,0.0,4.0,0.0,-0.0015883982517461567,4.0,0.012497726199804497,20.03338575920518,-0.004813332083621827
63.43821087569298,0.0,0.0,4.0,0.0,-0.0027050766097795227,4.0,0.012497726199804497,20.045883485404985,-0.008197221842051359
63.48820478067139,0.0,0.0,4.0,0.0,-0.0037396803814416435,4.0,0.012497726199804497,20.05838121160479,-0.01133241762104097
63.53819982643919,0.0,0.0,4.0,0.0,-0.0037479210569985348,4.0,0.012497726199804497,20.070878937804594,-0.011357389715161233
63.58819577170218,0.0,0.0,4.0,0.0,-0.0018792871808473355,4.0,0.012497726199804497,20.083376664004398,-0.0056948163430990744
63.63816828946491,0.0,0.0,4.0,0.0,0.002273027837990625,4.0,0.012497726199804497,20.0958743902042,0.006887975008028329
63.68814550105614,0.0,0.0,4.0,0.0,0.008490388450630472,4.0,0.012497726199804497,20.108372116404006,0.025729068094536917
63.73812659017041,0.0,0.0,4.0,0.0,0.016058760937758605,4.0,0.012497726199804497,20.12086984260381,0.04866709548974675
63.78813360197703,0.0,0.0,4.0,0.0,0.024107692900296428,4.0,0.012497726199804497,20.133367568803614,0.07306777059437251
63.83814196766243,0.0,0.0,4.0,0.0,0.03187541728875982,4.0,0.012497726199804497,20.145865295003418,0.0966249008123277
63.88812626683948,0.0,0.0,4.0,0.0,0.0388028034718123,4.0,0.012497726199804497,20.158363021203222,0.1176433023814538
63.93814228057802,0.0,0.0,4.0,0.0,0.04456434680280437,4.0,0.012497726199804497,20.170860747403026,0.13513294415972796
63.98816796061827,0.0,0.0,4.0,0.0,0.049078485372130234,4.0,0.012497726199804497,20.18335847360283,0.1488422074359436
64.03817028253036,0.0,0.0,4.0,0.0,0.05247735107804155,4.0,0.012497726199804497,20.195856199802634,0.1591684126572163
64.08817618301327,0.0,0.0,4.0,0.0,0.0551117392182668,4.0,0.012497726199804497,20.208353926002438,0.16717455794656766
64.13821888167246,0.0,0.0,4.0,0.0,0.05756966327193233,4.0,0.012497726199804497,20.220851652202242,0.17464650938080217
64.1882661406268,0.0,0.0,4.0,-0.6095142282279817,0.060522274309649675,4.0,0.012509649160733143,20.233349378402046,0.1836250889192058
64.23827898763187,0.0,0.0,3.992375190846393,-4.0000000000000036,0.06438192291468461,3.992375190846393,0.01260114089940677,20.24585902756278,0.19536674452933234
64.28829645078031,0.0,0.0,3.941970627248766,-4.000000000000008,0.06902999965300935,3.941970627248766,0.01276436780690979,20.258460168462186,0.20951471193509344
64.33831865041174,0.0,0.0,3.8909131560211265,-3.999999999999984,0.07381679071690743,3.8909131560211265,0.012934106989400836,20.271224536269095,0.22409441660718332
64.38834544729941,0.0,0.0,3.8391767280635234,-3.999999999999987,0.07783863693140458,3.8391767280635234,0.013110803355452047,20.284158643258497,0.23635219138126157
64.43842772168443,0.0,0.0,3.7867335146417154,-1.5450211445264106,0.0803740598519348,3.7867335146417154,0.01323733750897441,20.29726944661395,0.2440835760671404
64.48852859379627,0.0,0.0,3.7662815482931173,0.6358000271955958,0.08124551129487553,3.7662815482931173,0.013258441171683557,20.310506784122925,0.24674165830077333
64.53859010926121,0.0,0.0,3.774711265550645,1.3688335576013266,0.08088462253348194,3.774711265550645,0.013211986779525413,20.323765225294608,0.24564083772187245
64.58865902491812,0.0,0.0,3.7927962764170444,-2.307823118555313,0.08011840937727108,3.7927962764170444,0.013233769689214902,20.33697721207413,0.2433038675222518
64.63869018412558,0.0,0.0,3.7622550767826377,-4.000000000000018,0.07985489857769575,3.7622550767826377,0.013382691129494024,20.350210981763347,0.24250021926597726
64.6887252882693,0.0,0.0,3.7087243122646614,-4.000000000000015,0.08078261560127666,3.7087243122646614,0.01357870332958028,20.36359367289284,0.24532969721483816
64.73901767352072,0.0,0.0,3.65440949894634,-4.000000000000002,0.08314809913553182,3.65440949894634,0.013783589244351297,20.377172376222422,0.2525462068896884
64.7892892650687,0.0,0.0,3.599275141968935,-4.0000000000000195,0.08670529091530116,3.599275141968935,0.013998039333559963,20.390955965466773,0.26340370965325016
64.83933408459173,0.0,0.0,3.5432829846346947,-4.000000000000004,0.09083818939147983,3.5432829846346947,0.014222821697227755,20.404954004800334,0.27602687753830235
64.88938822730684,0.0,0.0,3.4863916978457836,-3.579516521105337,0.09473873304685804,3.4863916978457836,0.014445996932443259,20.419176826497562,0.28794907444618134
64.93965628472182,0.0,0.0,3.434682013162266,-1.496488850198608,0.09759487002009685,3.434682013162266,0.014601184701808241,20.433622823430007,0.2966845786994163
64.98990266595949,0.0,0.0,3.4128315030563194,0.5464156969451731,0.09884046650202263,3.4128315030563194,0.014630790261981951,20.448224008131813,0.3004957613003549
65.0400173240089,0.0,0.0,3.420825996514179,2.1509452990097873,0.0983820033286081,3.420825996514179,0.014547162989433685,20.462854798393796,0.29909288124080524
65.09036247861181,0.0,0.0,3.4521161483602305,2.499999999999984,0.09661773595864004,3.4521161483602305,0.014406087015343787,20.47740196138323,0.2936954684174044
65.14061101101312,0.0,0.0,3.4881313658985897,2.4999999999999942,0.09425555246098095,3.4881313658985897,0.014258855496492407,20.491808048398575,0.28647173785680763
65.19064471338433,0.0,0.0,3.5237785046398207,2.500000000000009,0.09208372811920885,3.5237785046398207,0.014116047936059445,20.506066903895068,0.2798329876593125
65.24088763893229,0.0,0.0,3.5590686244799694,0.5177677515644301,0.09074947496773829,3.5590686244799694,0.01403174214299044,20.520182951831128,0.27575581759625384
65.29110439534873,0.0,0.0,3.5663338080598774,-1.2004764687371936,0.09056250507365747,3.5663338080598774,0.014050677094401743,20.534214693974118,0.27518456012108694
65.34110351411002,0.0,0.0,3.5494663008382235,-2.0005222841513364,0.09142050215764881,3.5494663008382235,0.01414040983949132,20.54826537106852,0.27780619733443124
65.39111972739991,0.0,0.0,3.5211780958472882,-1.9226212873987025,0.0928868965801904,3.5211780958472882,0.01425266847965363,20.562405780908012,0.2822877688686718
65.44133963303315,0.0,0.0,3.4937756120260697,-1.0625572785548805,0.09434107969697089,3.4937756120260697,0.014339831056790424,20.576658449387665,0.2867332296454844
65.49154186462496,0.0,0.0,3.4785387201634297,0.2513333338787864,0.09516439582157936,3.4785387201634297,0.014363783613807642,20.590998280444456,0.2892506612844197
65.54153681591515,0.0,0.0,3.4821488177862014,1.524088991803917,0.09496836073214124,3.4821488177862014,0.014311514491397356,20.605362064058262,0.28865121428593515
65.59185493371378,0.0,0.0,3.5039608394785824,2.1820949408923833,0.09379663590478188,3.5039608394785824,0.014204147742419217,20.61967357854966,0.28506871411038565
65.64216896234365,0.0,0.0,3.5349556384070033,1.7886321714557323,0.0921683529547332,3.5349556384070033,0.014091638404598627,20.633877726292077,0.28009161537922156
65.69216686265639,0.0,0.0,3.5601603962059896,0.40527638843492303,0.09087512808538142,3.5601603962059896,0.01403055160980825,20.647969364696674,0.27613974210287845
65.74236149685353,0.0,0.0,3.5658466474901624,-1.2460823976376105,0.0905871166474683,3.5658466474901624,0.014053874855488788,20.66199991630648,0.27525975585315976
65.79253986160789,0.0,0.0,3.548334361414136,-2.184179899072734,0.0914785140050973,3.548334361414136,0.0141501804060028,20.67605379116197,0.27798346921032596
65.84252238787484,0.0,0.0,3.517427821803092,-1.8134297067401686,0.09308393222827566,3.517427821803092,0.014264800814136372,20.69020397156797,0.2828900390017868
65.89269176669703,0.0,0.0,3.4915596082460056,-0.185390886526636,0.09446015860032189,3.4915596082460056,0.014323089668726842,20.704468772382107,0.28709730967204633
65.94286085211655,0.0,0.0,3.48890423795452,2.177315331678365,0.09460314264789879,3.48890423795452,0.014265043935517759,20.718791862050836,0.2875344897854723
65.99283101949597,0.0,0.0,3.519963736822388,2.4999999999999862,0.0929506296383067,3.519963736822388,0.01413119429713,20.733056905986352,0.28248257646145897
66.04293942541625,0.0,0.0,3.555291722565213,2.499999999999991,0.08968230517239845,3.555291722565213,0.013992151224503018,20.74718810028348,0.27249550595606464
66.09307990825882,0.0,0.0,3.5902721006264704,2.5000000000000115,0.08560879218061293,3.5902721006264704,0.013857133448541005,20.761180251507984,0.26005619860347584
66.14309282763855,0.0,0.0,3.624914934247823,2.4999999999999996,0.08173171389056878,3.624914934247823,0.01372595041763596,20.775037384956526,0.24822482657037429
66.19327612481823,0.0,0.0,3.659229810291913,2.5000000000000084,0.0787611456086595,3.659229810291913,0.013598423974635796,20.788763335374163,0.23916488145694212
66.24344550212365,0.0,0.0,3.6932258702285026,2.4999999999999845,0.07684656266683093,3.6932258702285026,0.013474387339172273,20.8023617593488,0.23332785028577266
66.29342760869152,0.0,0.0,3.726911838576433,2.499999999999991,0.07562155598511196,3.726911838576433,0.013353684190289398,20.81583614668797,0.22959405089024845
66.34340314231797,0.0,0.0,3.7602960490521564,2.499999999999995,0.07448831785908289,3.7602960490521564,0.013236167837894745,20.82918983087826,0.22614057783707864
66.39337906216795,0.0,0.0,3.793386468646893,2.5000000000000133,0.07293955842035606,3.793386468646893,0.013121700473045303,20.842425998716156,0.2214217720857947
66.44368071195535,0.0,0.0,3.8261907198295066,2.4999999999999956,0.07073508603795793,3.8261907198295066,0.013010152488353577,20.855547699189202,0.2147069570859528
66.49398968370572,0.0,0.0,3.8587161010503905,2.4999999999999973,0.0678985413041956,3.8587161010503905,0.012901401860892583,20.868557851677554,0.20606992818519915
66.54397000411736,0.0,0.0,3.890969605702622,2.5000000000000084,0.06461317889950932,3.890969605702622,0.012795333590918424,20.88145925353845,0.19607044352859704
66.59394018556155,0.0,0.0,3.922957939679918,2.499999999999999,0.061116371089252865,3.922957939679918,0.012691839190540049,20.894254587129367,0.18543205796749798
66.64405763017382,0.0,0.0,3.9546875376562682,2.5000000000000218,0.057670210869856395,3.9546875376562682,0.012590816217166779,20.90694642631991,0.17495221290216464
66.69432412179341,0.0,0.0,3.9861645781991855,1.1051205809725442,0.054596683556364926,3.9861645781991855,0.012519377558455107,20.919537242537075,0.16560907739470812
66.744456581812,0.0,0.0,4.0,0.0,0.05225205546464724,4.0,0.012497726199804497,20.93205662009553,0.15848382320265167
66.79457600194152,0.0,0.0,4.0,0.0,0.05088008574200352,4.0,0.012497726199804497,20.944554346295334,0.15431526391078637
66.84465193354222,0.0,0.0,4.0,0.0,0.05045569629843152,4.0,0.012497726199804497,20.957052072495138,0.15302592807771168
66.89469845676017,0.0,0.0,4.0,0.0,0.050651508620781854,4.0,0.012497726199804497,20.969549798694942,0.15362081779855427
66.94478670927478,0.0,0.0,4.0,0.0,0.05095373044649722,4.0,0.012497726199804497,20.982047524894746,0.15453900924781466
66.99470486257086,0.0,0.0,4.0,0.0,0.05087763635046559,4.0,0.012497726199804497,20.99454525109455,0.15430782226492354
67.04454663542018,0.0,0.0,4.0,0.0,0.050155020101253056,4.0,0.012497726199804497,21.007042977294354,0.15211247842638753
67.0947051451295,0.0,0.0,4.0,0.0,0.04876633036360035,4.0,0.012497726199804497,21.019540703494158,0.14789401556557866
67.14485417007943,0.0,0.0,4.0,0.0,0.04684034500677345,4.0,0.012497726199804497,21.032038429693962,0.14204433721944218
67.19475859208319,0.0,0.0,4.0,0.0,0.044537191571153704,4.0,0.012497726199804497,21.044536155893766,0.13505049203862118
67.24465647644782,0.0,0.0,4.0,0.0,0.04196732892279207,4.0,0.012497726199804497,21.05703388209357,0.12724843850315776
67.29458953824019,0.0,0.0,4.0,0.0,0.0391809837666196,4.0,0.012497726199804497,21.069531608293374,0.11879104739889526
67.34467882713979,0.0,0.0,4.0,0.0,0.03626097566627595,4.0,0.012497726199804497,21.08202933449318,0.10992992942928602
67.39473568168245,0.0,0.0,4.0,0.0,0.03341667956371498,4.0,0.012497726199804497,21.094527060692982,0.10130037466611669
67.4446136678492,0.0,0.0,4.0,0.0,0.030923123713684303,4.0,0.012497726199804497,21.107024786892786,0.09373631552589926
67.4945008613559,0.0,0.0,4.0,0.0,0.028956917697070497,4.0,0.012497726199804497,21.11952251309259,0.08777276939638716
67.54434942462129,0.0,0.0,4.0,0.0,0.027515884500094484,4.0,0.012497726199804497,21.132020239292395,0.08340251792448702
67.59402774122378,0.0,0.0,4.0,0.0,0.026461530271622808,4.0,0.012497726199804497,21.1445179654922,0.08020517646711789
67.64385699864583,0.0,0.0,4.0,0.0,0.02559742008984674,4.0,0.012497726199804497,21.157015691692003,0.07758488566741271
67.69400151245033,0.0,0.0,4.0,0.0,0.024758362546077346,4.0,0.012497726199804497,21.169513417891807,0.07504067439904533
67.74396739563066,0.0,0.0,4.0,0.0,0.02390216482617202,4.0,0.012497726199804497,21.18201114409161,0.07244459922115451
67.79391592553961,0.0,0.0,4.0,0.0,0.02312284438326199,4.0,0.012497726199804497,21.194508870291415,0.07008171595104944
67.84404281955075,0.0,0.0,4.0,0.0,0.022547708734357384,4.0,0.012497726199804497,21.20700659649122,0.0683379714859587
67.89383697718755,0.0,0.0,4.0,0.0,0.02221773377950591,4.0,0.012497726199804497,21.219504322691023,0.06733754625570863
67.94374928965105,0.0,0.0,4.0,0.0,0.022062984982132012,4.0,0.012497726199804497,21.232002048890827,0.06686838055981076
67.99364339657083,0.0,0.0,4.0,0.0,0.02196479388352203,4.0,0.012497726199804497,21.24449977509063,0.06657068753379478
68.04351859496313,0.0,0.0,4.0,0.0,0.02182779249148954,4.0,0.012497726199804497,21.256997501290435,0.06615533269063086
68.09360835184292,0.0,0.0,4.0,0.0,0.021627756152604698,4.0,0.012497726199804497,21.26949522749024,0.06554887570374003
68.14336536641454,0.0,0.0,4.0,0.0,0.021428271273733313,4.0,0.012497726199804497,21.281992953690043,0.06494409582360094
68.19307910317595,0.0,0.0,4.0,0.0,0.02133495814649274,4.0,0.012497726199804497,21.294490679889847,0.06466119945815257
68.24291242283265,0.0,0.0,4.0,0.0,0.021395591366862688,4.0,0.012497726199804497,21.30698840608965,0.06484502038651818
68.2927257507558,0.0,0.0,4.0,0.0,0.02153821652166392,4.0,0.012497726199804497,21.319486132289455,0.06527741705591426
68.34272194934958,0.0,0.0,4.0,0.0,0.021609730345519492,4.0,0.012497726199804497,21.33198385848926,0.0654942265084858
68.39278082393609,0.0,0.0,4.0,0.0,0.021468986386490918,4.0,0.012497726199804497,21.344481584689063,0.06506753173038769
68.44271331817333,0.0,0.0,4.0,0.0,0.02104483173836034,4.0,0.012497726199804497,21.356979310888867,0.06378163364205315
68.49271843007205,0.0,0.0,4.0,0.0,0.020317855459059116,4.0,0.012497726199804497,21.36947703708867,0.061577732609088304
68.54252226769025,0.0,0.0,4.0,0.0,0.019255755426059392,4.0,0.012497726199804497,21.381974763288476,0.0583579869348784
68.59218708873433,0.0,0.0,4.0,0.0,0.017757747669437933,4.0,0.012497726199804497,21.39447248948828,0.053817013535649195
68.64217240750486,0.0,0.0,4.0,0.0,0.01564943657164543,4.0,0.012497726199804497,21.406970215688084,0.0474264067813897
68.69222400062783,0.0,0.0,4.0,0.0,0.012769269058971279,4.0,0.012497726199804497,21.419467941887888,0.038696857975841666
68.74215305767491,0.0,0.0,4.0,0.0,0.009139813700904454,4.0,0.012497726199804497,21.43196566808769,0.027697176397455805
68.79214703685489,0.0,0.0,4.0,0.0,0.0050992434495927335,4.0,0.012497726199804497,21.444463394287496,0.015452386810234768
68.842145568486,0.0,0.0,4.0,0.0,0.0012540439646988781,4.0,0.012497726199804497,21.4569611204873,0.0038001352184245975
68.89214899680766,0.0,0.0,4.0,0.0,-0.0017436194101802095,4.0,0.012497726199804497,21.469458846687104,-0.005283700536882711
68.94194963811132,0.0,0.0,4.0,0.0,-0.0034738964034691576,4.0,0.012497726199804497,21.481956572886908,-0.010527001144888444
68.99168090102167,0.0,0.0,4.0,0.0,-0.003948783512679851,4.0,0.012497726199804497,21.494454299086712,-0.01196607283977313
69.04172241713164,0.0,0.0,4.0,0.0,-0.0036190835928168307,4.0,0.012497726199804497,21.506952025286516,-0.010966967859201067
69.09181007626673,0.0,0.0,4.0,0.0,-0.0031495421118755743,4.0,0.012497726199804497,21.51944975148632,-0.009544098563633821
69.14176977486163,0.0,0.0,4.0,0.0,-0.003073843232122884,4.0,0.012497726199804497,21.531947477686124,-0.009314705797700754
69.1917355924725,0.0,0.0,4.0,0.0,-0.0035152660575291615,4.0,0.012497726199804497,21.544445203885928,-0.010652365263919614
69.24170777411841,0.0,0.0,4.0,0.0,-0.004113343965672178,4.0,0.012497726199804497,21.556942930085732,-0.01246474898345078
69.29162853168796,0.0,0.0,4.0,0.0,-0.004228990100167069,4.0,0.012497726199804497,21.569440656285536,-0.012815197912941514
69.34167751512186,0.0,0.0,4.0,0.0,-0.003352822773731648,4.0,0.012497726199804497,21.58193838248534,-0.010160107082682078
69.39178161649086,0.0,0.0,4.0,0.0,-0.0013997812194016994,4.0,0.012497726199804497,21.594436108685144,-0.0042417640413343624
69.44175977876533,0.0,0.0,4.0,0.0,0.0013682012327289356,4.0,0.012497726199804497,21.60693383488495,0.004146066928713836
69.49174594198512,0.0,0.0,4.0,0.0,0.004667370604185883,4.0,0.012497726199804497,21.619431561084753,0.014143649988960385
69.54185967664532,0.0,0.0,4.0,0.0,0.008479137665772988,4.0,0.012497726199804497,21.631929287284557,0.025694972352555016
69.59190984738332,0.0,0.0,4.0,0.0,0.013178381140360622,4.0,0.012497726199804497,21.64442701348436,0.03993680026865744
69.64170767117092,0.0,0.0,4.0,0.0,0.019402229481001256,4.0,0.012497726199804497,21.656924739684165,0.05880201358033775
69.69155845003058,0.0,0.0,4.0,0.0,0.027572240988443148,4.0,0.012497726199804497,21.66942246588397,0.08357342479199995
69.7416530106118,0.0,0.0,4.0,0.0,0.03733560935057891,4.0,0.012497726199804497,21.681920192083773,0.1131908090650906
69.79174218926867,0.0,0.0,4.0,0.0,0.04743326547595046,4.0,0.012497726199804497,21.694417918283577,0.14384506400049646
69.8415755250752,0.0,0.0,4.0,0.0,0.05611187212984136,4.0,0.012497726199804497,21.70691564448338,0.17021465633571414
69.8913644882712,0.0,0.0,4.0,0.0,0.06170748226338419,4.0,0.012497726199804497,21.719413370683185,0.18723007657380716
69.94147000854792,0.0,0.0,4.0,0.0,0.06308383716115555,4.0,0.012497726199804497,21.73191109688299,0.19141712962557564
69.99149338777886,0.0,0.0,4.0,0.0,0.05989569630620864,4.0,0.012497726199804497,21.744408823082793,0.18171946786877954
70.04139979787976,0.0,0.0,4.0,0.0,0.05263621866645569,4.0,0.012497726199804497,21.756906549282597,0.1596511618228056
70.09129903738783,0.0,0.0,4.0,0.0,0.04239716385274872,4.0,0.012497726199804497,21.7694042754824,0.12855328901254448
70.14130582052287,0.0,0.0,4.0,0.0,0.030528475713256353,4.0,0.012497726199804497,21.781902001682205,0.09253928274587432
70.19119883813303,0.0,0.0,4.0,0.0,0.018452290482226477,4.0,0.012497726199804497,21.79439972788201,0.055922378856515596
70.24098249318168,0.0,0.0,4.0,0.0,0.007522827155964478,4.0,0.012497726199804497,21.806897454081813,0.02279687597611103
70.29087947746008,0.0,0.0,4.0,0.0,-0.0012593352861822967,4.0,0.012497726199804497,21.819395180281617,-0.0038161695512726546
70.34079786069553,0.0,0.0,4.0,0.0,-0.0075068380409370585,4.0,0.012497726199804497,21.83189290648142,-0.022748421376079526
70.39061225419398,0.0,0.0,4.0,0.0,-0.011445094204822015,4.0,0.012497726199804497,21.844390632681225,-0.03468361806867442
70.44042407771273,0.0,0.0,4.0,0.0,-0.013717765512186543,4.0,0.012497726199804497,21.85688835888103,-0.04157159404048537
70.4904555269838,0.0,0.0,4.0,0.0,-0.015094696841737943,4.0,0.012497726199804497,21.869386085080833,-0.045744979963087996
70.54026528133498,0.0,0.0,4.0,0.0,-0.016125391907370095,4.0,0.012497726199804497,21.881883811280638,-0.04886905981408916
70.59007420356221,0.0,0.0,4.0,0.0,-0.016942227115560936,4.0,0.012497726199804497,21.89438153748044,-0.05134499493539872
70.64008461393009,0.0,0.0,4.0,0.0,-0.01738017601381429,4.0,0.012497726199804497,21.906879263680246,-0.052672503752171064
70.68997648535439,0.0,0.0,4.0,0.0,-0.017258434492475504,4.0,0.012497726199804497,21.91937698988005,-0.052303479369816504
70.73987350489098,0.0,0.0,4.0,0.0,-0.016592491400287696,4.0,0.012497726199804497,21.931874716079854,-0.05028489171270215
70.7898780121651,0.0,0.0,4.0,0.0,-0.015654991613506967,4.0,0.012497726199804497,21.944372442279658,-0.04744324436630969
70.83976209576907,0.0,0.0,4.0,0.0,-0.014866532942084912,4.0,0.012497726199804497,21.956870168479462,-0.04505341901587821
70.88963288755289,0.0,0.0,4.0,0.0,-0.014554093008642596,4.0,0.012497726199804497,21.969367894679266,-0.04410642642299449
70.93950490217036,0.0,0.0,4.0,0.0,-0.014738713597593338,4.0,0.012497726199804497,21.98186562087907,-0.04466600278487015
70.98939196602859,0.0,0.0,4.0,0.0,-0.015111478588714112,4.0,0.012497726199804497,21.994363347078874,-0.0457958453434817
71.03940278164059,0.0,0.0,4.0,0.0,-0.015181800741292056,4.0,0.012497726199804497,22.006861073278678,-0.046008991672062946
71.08929369400931,0.0,0.0,4.0,0.0,-0.0144586773980986,4.0,0.012497726199804497,22.019358799478482,-0.043817227355607086
71.13917391908453,0.0,0.0,4.0,0.0,-0.01259601300961695,4.0,0.012497726199804497,22.031856525678286,-0.03817175518521924
71.189164356912,0.0,0.0,4.0,0.0,-0.009530175910607869,4.0,0.012497726199804497,22.04435425187809,-0.02888019528725017
71.2391563416333,0.0,0.0,4.0,0.0,-0.005567470667291321,4.0,0.012497726199804497,22.056851978077894,-0.016871297552925935
71.28915295251726,0.0,0.0,4.0,0.0,-0.0013107284801035745,4.0,0.012497726199804497,22.0693497042777,-0.003971906759753324
71.3390288262154,0.0,0.0,4.0,0.0,0.0025709219467433334,4.0,0.012497726199804497,22.081847430477502,0.00779068973044705
71.38889478989057,0.0,0.0,4.0,0.0,0.005611955973347047,4.0,0.012497726199804497,22.094345156677306,0.017006105722716037
71.43887634827628,0.0,0.0,4.0,0.0,0.007793581060945584,4.0,0.012497726199804497,22.10684288287711,0.02361739048052264
71.48873851382386,0.0,0.0,4.0,0.0,0.009707301140873387,4.0,0.012497726199804497,22.119340609076914,0.02941698807327773
71.53859329604197,0.0,0.0,4.0,0.0,0.01247427833168885,4.0,0.012497726199804497,22.13183833527672,0.03780280425116647
71.58844055904447,0.0,0.0,4.0,0.0,0.017296979698178318,4.0,0.012497726199804497,22.144336061476523,0.0524203178985451
71.63838903603697,0.0,0.0,4.0,0.0,0.024826393668102784,4.0,0.012497726199804497,22.156833787676327,0.07524695608189158
71.68842577003387,0.0,0.0,4.0,0.0,0.03474854946057909,4.0,0.012497726199804497,22.16933151387613,0.10534103656438333
71.73831835970894,0.0,0.0,4.0,0.0,0.04584402144075242,4.0,0.012497726199804497,22.181829240075935,0.13901868140488033
71.78825521139609,0.0,0.0,4.0,0.0,0.05645988366611782,4.0,0.012497726199804497,22.19432696627574,0.17127258484485022
71.8381963967221,0.0,0.0,4.0,-1.5847810764404247,0.06515020176365696,4.0,0.01252882185831221,22.206824692475543,0.1977046553661792
71.88797394634604,0.0,0.0,3.9801445602088537,-4.000000000000006,0.07118225139987946,3.9801445602088537,0.012640360536442553,22.219353514333854,0.21606884946754096
71.93765344850488,0.0,0.0,3.9295831180630834,-3.2382931177412297,0.07465881015691217,3.9295831180630834,0.01278907497585634,22.231993874870295,0.22666010501634323
71.9874611694424,0.0,0.0,3.888168344586491,-1.0662548776105627,0.07625160910784629,3.888168344586491,0.012879932732780213,22.24478294984615,0.23151435474606874
72.0372817846452,0.0,0.0,3.8744350534868683,-0.3804952405512131,0.07679100993082291,3.8744350534868683,0.01291094494034681,22.25766288257893,0.23315851133508964
72.08710407357522,0.0,0.0,3.8695225003860476,-3.1938252134792564,0.0769853447806124,3.8695225003860476,0.012988764565693858,22.27057382751928,0.2337509000039227
72.13703073173308,0.0,0.0,3.8280386566241886,-3.9999999999999933,0.07739132103330454,3.8280386566241886,0.01314948124310047,22.283562592084973,0.2349884900669676
72.18677665461252,0.0,0.0,3.775440731651787,-3.999999999999999,0.07850357708387934,3.775440731651787,0.01333528131769535,22.296712073328074,0.23837952487358166
72.23654462189069,0.0,0.0,3.7220996063810055,-3.9999999999999973,0.08068315674406447,3.7220996063810055,0.013529187270891372,22.310047354645768,0.2450263337683103
72.28650938342098,0.0,0.0,3.66798285729744,-4.000000000000005,0.08390498978602108,3.66798285729744,0.013731806216859968,22.32357654191666,0.2548558915332061
72.33638938849273,0.0,0.0,3.61305563243,-3.99999999999998,0.08763645883103877,3.61305563243,0.013943810904009826,22.33730834813352,0.2662469814937708
72.38627282834638,0.0,0.0,3.557280388813961,-3.0113529163875294,0.09102152328972292,3.557280388813961,0.014137725113847432,22.35125215903753,0.276587053726593
72.43616004070913,0.0,0.0,3.5147067090612913,-0.73102555713089,0.09322728723432147,3.5147067090612913,0.014244451413181305,22.365389884151377,0.2833282398171072
72.48605008782471,0.0,0.0,3.5042936510309466,1.363696341251591,0.0937789248250649,3.5042936510309466,0.0142262359787671,22.379634335564557,0.2850145693009019
72.53587530024296,0.0,0.0,3.523693916984973,2.500000000000015,0.0927550662424179,3.523693916984973,0.014116383437213024,22.393860571543325,0.28188482126537534
72.58572295442038,0.0,0.0,3.558984875578006,2.5000000000000115,0.09069366939201311,3.558984875578006,0.013977772840120941,22.407976954980537,0.27558531029285377
72.63565373187653,0.0,0.0,3.5939293076783083,2.4999999999999973,0.08821717788469102,3.5939293076783083,0.013843166894198526,22.42195472782066,0.26802041156625556
72.68559054587887,0.0,0.0,3.6285372249138046,2.4999999999999853,0.08566915470003102,3.6285372249138046,0.013712376401807173,22.435797894714856,0.26024046343300494
72.73559888847899,0.0,0.0,3.6628181659183223,2.499999999999979,0.08306121618839199,3.6628181659183223,0.013585224447696411,22.44951027111666,0.2522810985023416
72.7854951705873,0.0,0.0,3.696781227037563,2.5000000000000027,0.0802843943309816,3.696781227037563,0.013461545392464365,22.463095495564357,0.24381010148692261
72.83538218582758,0.0,0.0,3.730435090518724,2.4999999999999862,0.07730035280411862,3.730435090518724,0.013341183965034883,22.47655704095682,0.2347111730565411
72.88539460832568,0.0,0.0,3.763788050431311,2.4999999999999947,0.07419636573875572,3.763788050431311,0.013223994442841686,22.489898224921856,0.22525096679905154
72.93538953547149,0.0,0.0,3.796848036538415,2.5000000000000044,0.07119494851086391,3.796848036538415,0.013109839909874466,22.5031222193647,0.21610752121190593
72.98539085544245,0.0,0.0,3.8296226363131014,2.5000000000000036,0.06863380285660739,3.8296226363131014,0.012998591583995616,22.51623205927457,0.20830840932927003
73.03540361060342,0.0,0.0,3.8621191152730905,2.499999999999986,0.06685206509111169,3.8621191152730905,0.012890128206011726,22.529230650858565,0.20288434900167815
73.08538595569169,0.0,0.0,3.8943444357881196,2.5000000000000084,0.06602634749687969,3.8943444357881196,0.012784335483909493,22.54212077906458,0.20037109672540795
73.13542321635632,0.0,0.0,3.9263052744978935,2.5000000000000098,0.06603954847964968,3.9263052744978935,0.012681105586464219,22.55490511454849,0.20041127463879127
73.185465730521,0.0,0.0,3.958008038464054,2.499999999999989,0.06642863774746731,3.958008038464054,0.012580336681119476,22.567586220134952,0.20159552068275563
73.2355135901747,0.0,0.0,3.9894588801668527,0.842331658089525,0.06647705066738777,3.9894588801668527,0.012514215430363157,22.58016655681607,0.20174287626280313
73.28556575731744,0.0,0.0,4.0,0.0,0.06549709805180703,4.0,0.012497726199804497,22.592680772246435,0.1987603547042999
73.33559114548612,0.0,0.0,4.0,0.0,0.06318636459928362,4.0,0.012497726199804497,22.60517849844624,0.19172906055058175
73.38563088700614,0.0,0.0,4.0,0.0,0.059838008497503634,4.0,0.012497726199804497,22.617676224646043,0.18154402829558433
73.43567915320523,0.0,0.0,4.0,0.0,0.0562582061615342,4.0,0.012497726199804497,22.630173950845847,0.17065949556927057
73.48576134856239,0.0,0.0,4.0,0.0,0.05342331066589953,4.0,0.012497726199804497,22.64267167704565,0.16204300916300773
73.5358488328623,0.0,0.0,4.0,0.0,0.05208092543150714,4.0,0.012497726199804497,22.655169403245456,0.15796383355649898
73.58594153551425,0.0,0.0,4.0,0.0,0.052539703903881005,4.0,0.012497726199804497,22.66766712944526,0.1593578825304371
73.63603820304192,0.0,0.0,4.0,0.0,0.05468403261877691,4.0,0.012497726199804497,22.680164855645064,0.16587456336150053
73.686119165831,0.0,0.0,4.0,0.0,0.05799680317476205,4.0,0.012497726199804497,22.692662581844868,0.17594520413323078
73.73622575386032,0.0,0.0,4.0,0.0,0.0614747128171803,4.0,0.012497726199804497,22.705160308044672,0.18652203206616255
73.78633668494734,0.0,0.0,4.0,0.0,0.06361193574219995,4.0,0.012497726199804497,22.717658034244476,0.1930238675398964
73.83643824617818,0.0,0.0,4.0,0.0,0.06261321166183939,4.0,0.012497726199804497,22.73015576044428,0.18998534370031459
73.88656016162103,0.0,0.0,4.0,0.0,0.05681001563183082,4.0,0.012497726199804497,22.742653486644084,0.1723370012981867
73.93668511830484,0.0,0.0,4.0,0.0,0.04523919606387179,4.0,0.012497726199804497,22.755151212843888,0.13718207060822427
73.98680128583906,0.0,0.0,4.0,0.0,0.028224047262681084,4.0,0.012497726199804497,22.767648939043692,0.08555013347610035
74.03693630717564,0.0,0.0,4.0,0.0,0.007534779045206647,4.0,0.012497726199804497,22.780146665243496,0.022833095875309118
74.08708313384777,0.0,0.0,4.0,0.0,-0.01410922017601277,4.0,0.012497726199804497,22.7926443914433,-0.04275804997524833
74.1369899876759,0.0,0.0,4.0,0.0,-0.033884719176505484,4.0,0.012497726199804497,22.805142117643104,-0.10272028380412787
74.18687325212359,0.0,0.0,4.0,0.0,-0.04959039311371035,4.0,0.012497726199804497,22.817639843842908,-0.15039722471725164
74.23673328207289,0.0,0.0,4.0,0.0,-0.06004833434098381,4.0,0.012497726199804497,22.830137570042712,-0.1821836749553226
74.28656993584075,0.0,0.0,4.0,0.0,-0.06515768971987765,4.0,0.012497726199804497,22.842635296242516,-0.19772744273903722
74.33638410813019,0.0,0.0,4.0,0.0,-0.06565244296974836,4.0,0.012497726199804497,22.85513302244232,-0.19923312691297285
74.3861770709103,0.0,0.0,4.0,0.0,-0.06271075851855355,4.0,0.012497726199804497,22.867630748642124,-0.19028210394808434
74.43619596568314,0.0,0.0,4.0,0.0,-0.057580644416700896,4.0,0.012497726199804497,22.88012847484193,-0.17467989612850882
74.48620211607422,0.0,0.0,4.0,0.0,-0.05132018586426162,4.0,0.012497726199804497,22.892626201041733,-0.15565238916198124
74.53621127056343,0.0,0.0,4.0,0.0,-0.04468230141568423,4.0,0.012497726199804497,22.905123927241537,-0.13549109507255894
74.58622414450336,0.0,0.0,4.0,0.0,-0.03812987260667995,4.0,0.012497726199804497,22.91762165344134,-0.11560109758743219
74.63621423689578,0.0,0.0,4.0,0.0,-0.031968260944132694,4.0,0.012497726199804497,22.930119379641145,-0.09690653210865013
74.68622980950259,0.0,0.0,4.0,0.0,-0.026541049368978414,4.0,0.012497726199804497,22.94261710584095,-0.08044631274372042
74.73625002627426,0.0,0.0,4.0,0.0,-0.022305935895247386,4.0,0.012497726199804497,22.955114832040753,-0.06760495789894776
74.78624384837742,0.0,0.0,4.0,0.0,-0.019658432103307727,4.0,0.012497726199804497,22.967612558240557,-0.059578681377037125
74.83623664966315,0.0,0.0,4.0,0.0,-0.01864372847815368,4.0,0.012497726199804497,22.98011028444036,-0.05650269361947676
74.8862284144856,0.0,0.0,4.0,0.0,-0.018803447354507286,4.0,0.012497726199804497,22.992608010640165,-0.0569868599311964
74.93621916664192,0.0,0.0,4.0,0.0,-0.019258415717785287,4.0,0.012497726199804497,23.00510573683997,-0.05836605141518155
74.98620869685925,0.0,0.0,4.0,0.0,-0.019015180404423283,4.0,0.012497726199804497,23.017603463039773,-0.05762870470841901
75.03622851446127,0.0,0.0,4.0,0.0,-0.01737710512215626,4.0,0.012497726199804497,23.030101189239577,-0.05266319520881729
75.08625349519279,0.0,0.0,4.0,0.0,-0.014191964973982691,4.0,0.012497726199804497,23.04259891543938,-0.04300884200248225
75.13624783249328,0.0,0.0,4.0,0.0,-0.009753083443913652,4.0,0.012497726199804497,23.055096641639185,-0.029555735460661304
75.18624115740546,0.0,0.0,4.0,0.0,-0.0044883475001012245,4.0,0.012497726199804497,23.06759436783899,-0.01360114436361048
75.23623349128891,0.0,0.0,4.0,0.0,0.00130312070120659,4.0,0.012497726199804497,23.080092094038793,0.003948852844930545
75.28622479009924,0.0,0.0,4.0,0.0,0.007563005299971994,4.0,0.012497726199804497,23.092589820238597,0.02291863485507663
75.33621505148272,0.0,0.0,4.0,0.0,0.014443232969918713,4.0,0.012497726199804497,23.1050875464384,0.04377041628321061
75.38620435044591,0.0,0.0,4.0,0.0,0.02212237598582296,4.0,0.012497726199804497,23.117585272638205,0.06704844116918177
75.43619266037393,0.0,0.0,4.0,0.0,0.030520029447220147,4.0,0.012497726199804497,23.13008299883801,0.09251366413809703
75.48617986584762,0.0,0.0,4.0,0.0,0.03909235577431724,4.0,0.012497726199804497,23.142580725037813,0.11852206594215192
75.53613682318534,0.0,0.0,4.0,0.0,0.0468438755402419,4.0,0.012497726199804497,23.155078451237618,0.1420550593147507
75.5860988112577,0.0,0.0,4.0,0.0,0.05251644002142096,4.0,0.012497726199804497,23.16757617743742,0.159287191044417
75.63609068839234,0.0,0.0,4.0,0.0,0.05491994031512502,4.0,0.012497726199804497,23.180073903637226,0.16659158642212366
75.68605242621256,0.0,0.0,4.0,0.0,0.05340557107701085,4.0,0.012497726199804497,23.19257162983703,0.16198909916852455
75.7359892362991,0.0,0.0,4.0,0.0,0.04826387184128454,4.0,0.012497726199804497,23.205069356036834,0.14636782454927078
75.78595034357194,0.0,0.0,4.0,0.0,0.0407063448924975,4.0,0.012497726199804497,23.217567082236638,0.12342073746732443
75.83593033009565,0.0,0.0,4.0,0.0,0.03241092883086172,4.0,0.012497726199804497,23.230064808436442,0.09824934086687069
75.88591042384606,0.0,0.0,4.0,0.0,0.0249388725012337,4.0,0.012497726199804497,23.242562534636246,0.07558801215086271
75.93590660338155,0.0,0.0,4.0,0.0,0.01929406357081577,4.0,0.012497726199804497,23.25506026083605,0.058474115360971336
75.98590431022984,0.0,0.0,4.0,0.0,0.01577006805033964,4.0,0.012497726199804497,23.267557987035854,0.047792046948493865
76.03588598025928,0.0,0.0,4.0,0.0,0.014135620748932534,4.0,0.012497726199804497,23.280055713235658,0.042838067669262264
76.08586772667837,0.0,0.0,4.0,0.0,0.013984432887286994,4.0,0.012497726199804497,23.292553439435462,0.04237983205305671
76.13584970913283,0.0,0.0,4.0,0.0,0.01492603531749569,4.0,0.012497726199804497,23.305051165635266,0.04523376926107866
76.18584553038946,0.0,0.0,4.0,0.0,0.016521066574963092,4.0,0.012497726199804497,23.31754889183507,0.0500683935054238
76.23584287364746,0.0,0.0,4.0,0.0,0.01819222441207354,4.0,0.012497726199804497,23.330046618034874,0.055134035230229424
76.28582634943146,0.0,0.0,4.0,0.0,0.0193181611511204,4.0,0.012497726199804497,23.34254434423468,0.05854716555591741
76.33580993890631,0.0,0.0,4.0,0.0,0.019446019408217934,4.0,0.012497726199804497,23.355042070434482,0.05893476040812996
76.38579379051691,0.0,0.0,4.0,0.0,0.018454707506787196,4.0,0.012497726199804497,23.367539796634286,0.055929705668094125
76.43577805610173,0.0,0.0,4.0,0.0,0.01658448763901099,4.0,0.012497726199804497,23.38003752283409,0.05026063121530895
76.48576286877498,0.0,0.0,4.0,0.0,0.014300464943712315,4.0,0.012497726199804497,23.392535249033894,0.04333769652790138
76.53575687909567,0.0,0.0,4.0,0.0,0.01202047065783639,4.0,0.012497726199804497,23.4050329752337,0.036427423163957764
76.58575207553267,0.0,0.0,4.0,0.0,0.009887522927416846,4.0,0.012497726199804497,23.417530701433503,0.02996316712630359
76.63573798694749,0.0,0.0,4.0,0.0,0.007775125650592598,4.0,0.012497726199804497,23.430028427633307,0.02356146160559647
76.68572424328681,0.0,0.0,4.0,0.0,0.005493444446476608,4.0,0.012497726199804497,23.44252615383311,0.016646968810326613
76.73571097254386,0.0,0.0,4.0,0.0,0.002989461767868164,4.0,0.012497726199804497,23.455023880032915,0.009059002040571766
76.78570501073334,0.0,0.0,4.0,0.0,0.00042410711609660733,4.0,0.012497726199804497,23.46752160623272,0.0012851731561339765
76.835700291788,0.0,0.0,4.0,0.0,-0.0018313432522086013,4.0,0.012497726199804497,23.480019332432523,-0.005549531210733539
76.88568774262828,0.0,0.0,4.0,0.0,-0.0032509160244111207,4.0,0.012497726199804497,23.492517058632327,-0.00985129538438213
76.93567542070315,0.0,0.0,4.0,0.0,-0.0033258926286524283,4.0,0.012497726199804497,23.50501478483213,-0.010078499672410951
76.9856697557825,0.0,0.0,4.0,0.0,-0.0018361293554741687,4.0,0.012497726199804497,23.517512511031935,-0.005564034602731448
77.03566330524838,0.0,0.0,4.0,0.0,0.0009493741261672142,4.0,0.012497726199804497,23.53001023723174,0.002876892155740923
77.08565690233222,0.0,0.0,4.0,0.0,0.0042940306090934735,4.0,0.012497726199804497,23.542507963431543,0.013012293943638118
77.13565179049384,0.0,0.0,4.0,0.0,0.007241040331698135,4.0,0.012497726199804497,23.555005689631347,0.021942929969797915
77.18563762452939,0.0,0.0,4.0,0.0,0.008981693021738669,4.0,0.012497726199804497,23.56750341583115,0.027217983483883025
77.23562397467688,0.0,0.0,4.0,0.0,0.009176473370321661,4.0,0.012497726199804497,23.580001142030955,0.027808275622601613
77.28561090103524,0.0,0.0,4.0,0.0,0.008062418162379884,4.0,0.012497726199804497,23.59249886823076,0.02443209957454706
77.33559843150876,0.0,0.0,4.0,0.0,0.0062914895831990515,4.0,0.012497726199804497,23.604996594430563,0.019065371503609246
77.38559210442638,0.0,0.0,4.0,0.0,0.004615456010906741,4.0,0.012497726199804497,23.617494320630367,0.013986329650511052
