4.360000000000225917e-01,-7.505840000000006285e+00,-2.747833301317627319e-02,4.000000000000000000e+00
4.859720329508081527e-01,-7.507213493869713261e+00,-2.676857965916963622e-02,4.000000000000000000e+00
5.359459425399661914e-01,-7.508516050135725095e+00,-2.348689429236648640e-02,4.000000000000000000e+00
5.859240270823908858e-01,-7.509561487550612924e+00,-2.351687326855273277e-02,4.000000000000000000e+00
6.358956801294763928e-01,-7.510866988854147053e+00,-3.249292318534441337e-02,4.000000000000000000e+00
6.858612452775414425e-01,-7.512809883193199312e+00,-3.109836536717807201e-02,4.000000000000000000e+00
7.358347966482642333e-01,-7.513975934307758564e+00,-2.051034568786908388e-02,4.000000000000000000e+00
7.858149415912104585e-01,-7.514860255578412307e+00,-1.487901135128451811e-02,4.000000000000000000e+00
8.358001003151949160e-01,-7.515463428967024129e+00,-1.357067406759021426e-02,4.000000000000000000e+00
8.857830215025286336e-01,-7.516216973094884679e+00,-2.033577614662998578e-02,4.000000000000000000e+00
9.357641548884514382e-01,-7.517496555873599107e+00,-1.671002759332010021e-02,4.000000000000000000e+00
9.857516208611412090e-01,-7.517887606645757614e+00,-1.305840465609173738e-02,4.000000000000000000e+00
1.035729911939605508e+00,-7.518802023385390498e+00,-3.287038186872085627e-02,4.000000000000000000e+00
1.085693541623834246e+00,-7.521173919409882558e+00,-3.440876815945088929e-02,4.000000000000000000e+00
1.135668744265513341e+00,-7.522242153266731179e+00,-2.197254800988385909e-02,4.000000000000000000e+00
1.185642285164989929e+00,-7.523370401469151147e+00,-2.709789925483148745e-02,4.000000000000000000e+00
1.235615501395577631e+00,-7.524951163526679920e+00,-2.643299362142341111e-02,4.000000000000000000e+00
1.285589543521225675e+00,-7.526012922186325227e+00,-2.490895538668828554e-02,4.000000000000000000e+00
1.335565460123277148e+00,-7.527441327623300538e+00,-2.252408416018536821e-02,4.000000000000000000e+00
1.385544095948465726e+00,-7.528264687749622652e+00,-2.360027001531572743e-02,4.000000000000000000e+00
1.435516328928412966e+00,-7.529800633154591694e+00,-2.771900597115681264e-02,4.000000000000000000e+00
1.485494299615589320e+00,-7.531035917830262605e+00,-1.696237954606715295e-02,4.000000000000000000e+00
1.535477832085064387e+00,-7.531496380749060471e+00,-1.038963179430392632e-02,4.000000000000000000e+00
1.585465567519050767e+00,-7.532074619868097898e+00,-3.123729086992657437e-03,4.000000000000000000e+00
1.635455456331790902e+00,-7.531808684777757001e+00,5.072332267621588011e-04,4.000000000000000000e+00
1.685446108297252721e+00,-7.532023906411436265e+00,-3.380933827780719866e-03,3.974048702175527303e+00
1.735436682056674895e+00,-7.532146715973933482e+00,3.617006483789378217e-03,3.923408702756985278e+00
1.785423965598087692e+00,-7.531662284276340102e+00,2.039933262927450322e-02,3.872106482326578281e+00
1.835402277489315725e+00,-7.530107201630451996e+00,2.853470527507671536e-02,3.820115361096018791e+00
1.885377491477183032e+00,-7.528809365522027619e+00,2.903371856664042558e-02,3.767406818182504669e+00
1.935345090693155301e+00,-7.527204674504957005e+00,3.593140070555361082e-02,3.713950308673270584e+00
1.985300797257422589e+00,-7.525217435243327202e+00,4.430812816985405661e-02,3.659713056634432249e+00
2.035238900922421657e+00,-7.522775668021600914e+00,5.406783429024140941e-02,3.604659820081056676e+00
2.085152152958994254e+00,-7.519813421756862404e+00,6.510699440037548413e-02,3.548752623121686600e+00
2.135031645049087157e+00,-7.516269266415974037e+00,7.733779037589427752e-02,3.491950449493707698e+00
2.184866879955048358e+00,-7.512086293293533501e+00,9.487406014538347920e-02,3.434208890461610153e+00
2.234602383275842374e+00,-7.506794140322397446e+00,1.215015222969384329e-01,3.386686371801338247e+00
2.284217790061435771e+00,-7.499955252324994603e+00,1.385277126472028442e-01,3.387964166406040700e+00
2.333758864438439051e+00,-7.492969676301848736e+00,1.461189220224354823e-01,3.424654101781297921e+00
2.383645670212465539e+00,-7.485322670311942872e+00,1.605230655078274671e-01,3.460955105291537937e+00
2.432927146435784671e+00,-7.476912725518637615e+00,1.773374663188399536e-01,3.496879289429311921e+00
2.482073986326562398e+00,-7.467682332074625506e+00,1.943483566901514914e-01,3.532438150744573235e+00
2.531065699441758188e+00,-7.457595836485353402e+00,2.075201038451214286e-01,3.529893257215995561e+00
2.579978247347062492e+00,-7.447068467379462930e+00,2.098571700309814492e-01,3.472782626215641155e+00
2.629259348923655537e+00,-7.436681263712973333e+00,2.204789231373320557e-01,3.414716961997211087e+00
2.677889028543418704e+00,-7.425124473260323654e+00,2.421762154444007942e-01,3.355646687623373481e+00
2.726320894346971890e+00,-7.412704686292203249e+00,2.600573461155495369e-01,3.295517782346800484e+00
2.774535817523866132e+00,-7.399408410828616667e+00,2.776004230092428138e-01,3.234271203126019678e+00
2.822532502744018235e+00,-7.385288407224486207e+00,2.930150290629095489e-01,3.187427149945762039e+00
2.870741364438422760e+00,-7.370383267416769968e+00,3.101334350400330453e-01,3.155733469742006303e+00
2.918202179738742963e+00,-7.354628702108769289e+00,3.301178858039883757e-01,3.134017416115611798e+00
2.965368526754715184e+00,-7.337958646712568367e+00,3.489020258665831431e-01,3.117458575300064538e+00
3.012238696616649225e+00,-7.320419654311253410e+00,3.648150152542530833e-01,3.103987690716346837e+00
3.059262047826531106e+00,-7.302099764781356583e+00,3.818321013206950609e-01,3.094899244888311252e+00
3.105487409332814863e+00,-7.282976691447966999e+00,4.020169027983406251e-01,3.093479520014927431e+00
3.151348657973509049e+00,-7.262947053633797445e+00,4.210910789237736207e-01,3.102933331660311378e+00
3.196779381612204318e+00,-7.242088673618754413e+00,4.404804755794534676e-01,3.125019468494983244e+00
3.241848192959010611e+00,-7.220288502712122636e+00,4.600458114800230480e-01,3.159518026705596672e+00
3.286510099489183823e+00,-7.197626580030527244e+00,4.775028863654404709e-01,3.198829267884379934e+00
3.330822256720805896e+00,-7.174249670806460699e+00,4.909812544099900755e-01,3.237663232806927915e+00
3.375221807872984314e+00,-7.150196933342000349e+00,5.073108880394003872e-01,3.276036894338325123e+00
3.418725043949514042e+00,-7.125390354942441107e+00,5.264530321825889869e-01,3.313966242595417278e+00
3.461829424524881738e+00,-7.099863857128946520e+00,5.395277361734077681e-01,3.351466362811668986e+00
3.505013236499744167e+00,-7.073722033724449076e+00,5.538357639786271047e-01,3.388551505445087209e+00
3.547347772692279744e+00,-7.046979712552605690e+00,5.692993990552598360e-01,3.425235149453283334e+00
3.589293614293822099e+00,-7.019784230439121586e+00,5.805104936587016651e-01,3.461530059532395232e+00
3.631331501075852675e+00,-6.991894926719204761e+00,5.967077685741676296e-01,3.497448338009074398e+00
3.672421040563899730e+00,-6.963314563222372300e+00,6.145588938685289104e-01,3.533001471983634456e+00
3.713127619486953801e+00,-6.934169241848582743e+00,6.240501488325488344e-01,3.568200376244952121e+00
3.753970664822657177e+00,-6.904595478547634890e+00,6.318101390367374393e-01,3.603055432411595316e+00
3.794476142981484390e+00,-6.874631004273686230e+00,6.458936400713672921e-01,3.637576524697013092e+00
3.834129714450801085e+00,-6.844175991085097444e+00,6.618811983335043392e-01,3.671773072647993796e+00
3.873349867964992477e+00,-6.813178620491841642e+00,6.756992070990329724e-01,3.705654061163694113e+00
3.912156524554785353e+00,-6.781631825511249545e+00,6.838788841204831437e-01,3.722154982605449636e+00
3.951145261832420985e+00,-6.749767827605472448e+00,6.910376123015234961e-01,3.720999498711407671e+00
3.989724335211150663e+00,-6.717476884469174792e+00,7.113771580119181426e-01,3.734572722161392466e+00
4.027321543203660426e+00,-6.684109503061160140e+00,7.293469480980454556e-01,3.767889056369367662e+00
4.064478116549407716e+00,-6.650666279245035284e+00,7.366775476027803693e-01,3.800913372480900332e+00
4.101615275553740503e+00,-6.616723940061238984e+00,7.491113970380526288e-01,3.833653217115525980e+00
4.137900742110222296e+00,-6.582387787046022787e+00,7.600194601777156000e-01,3.866115817341264194e+00
4.174263620285159959e+00,-6.547672523778907738e+00,7.706524077457370669e-01,3.898308099303132490e+00
4.209783971054890550e+00,-6.512593846456669944e+00,7.824446640324176361e-01,3.930236705478244996e+00
4.245120561625662425e+00,-6.477232902958480310e+00,7.890849459183914005e-01,3.961908010679271008e+00
4.280388422631149936e+00,-6.441466859522744670e+00,8.005453507124100643e-01,3.993328136915456295e+00
4.314830328004081395e+00,-6.405378676250840897e+00,8.093804068019443410e-01,4.000000000000000000e+00
4.349431281518162606e+00,-6.369030357525667263e+00,8.137102539157521353e-01,4.000000000000000000e+00
4.383630489980291145e+00,-6.332568148001603170e+00,8.219866044873375133e-01,4.000000000000000000e+00
4.417594623764045991e+00,-6.295687201466608762e+00,8.295768086191483981e-01,4.000000000000000000e+00
4.472938849087574553e+00,-6.234998391490357506e+00,8.342393213536712926e-01,4.000000000000000000e+00
4.506348236552228492e+00,-6.197811123567811720e+00,8.449219883837437717e-01,4.000000000000000000e+00
4.517916148876670590e+00,-6.184320600803257406e+00,8.543266527469239868e-01,4.000000000000000000e+00
4.550848782293171801e+00,-6.146710476019266345e+00,8.546216863920247375e-01,4.000000000000000000e+00
4.583556037571145936e+00,-6.108900409349095284e+00,8.649312287591167658e-01,4.000000000000000000e+00
4.615921862531354058e+00,-6.070366270306491785e+00,8.735860629219917017e-01,4.000000000000000000e+00
4.647936979578895844e+00,-6.032030454520868723e+00,8.805681126125790570e-01,4.000000000000000000e+00
4.679551943672374037e+00,-5.993306137377804710e+00,8.928917742806361524e-01,4.000000000000000000e+00
4.710413394573616408e+00,-5.954439423221272953e+00,8.981380436940153977e-01,4.000000000000000000e+00
4.741559651562791800e+00,-5.915464714680184422e+00,8.995752637833352994e-01,4.000000000000000000e+00
4.772441670691837778e+00,-5.876342127402979898e+00,9.093653289708188980e-01,4.000000000000000000e+00
4.802999504094915828e+00,-5.836533804617605625e+00,9.183706710783915428e-01,4.000000000000000000e+00
4.833259507601095351e+00,-5.796741686547970396e+00,9.217205882784181847e-01,4.000000000000000000e+00
4.863314264488341365e+00,-5.757041221772875694e+00,9.263431242118734810e-01,4.000000000000000000e+00
4.893058747920429497e+00,-5.717167317006007110e+00,9.366969895388067568e-01,4.000000000000000000e+00
4.922464690490944150e+00,-5.676609555346298741e+00,9.447067788105540931e-01,4.000000000000000000e+00
4.951536650084449320e+00,-5.636300950383075659e+00,9.491648368889824550e-01,4.000000000000000000e+00
4.980519790680587811e+00,-5.595569444459562725e+00,9.552820530137829946e-01,4.000000000000000000e+00
5.009067096039771627e+00,-5.554946578810789681e+00,9.650117334793555379e-01,4.000000000000000000e+00
5.037264822665383335e+00,-5.513646404748730134e+00,9.732835201016417637e-01,4.000000000000000000e+00
5.065107691099704823e+00,-5.472593487099166154e+00,9.817207815569722884e-01,4.000000000000000000e+00
5.092584594804991482e+00,-5.430859340042768935e+00,9.920200891029808954e-01,4.000000000000000000e+00
5.119784311779319808e+00,-5.388915983504299234e+00,1.000863748066926240e+00,4.000000000000000000e+00
5.146296466759474164e+00,-5.347048919749584073e+00,1.020719963693858867e+00,4.000000000000000000e+00
5.171668161002726194e+00,-5.304305776526258676e+00,1.036747170704257259e+00,4.000000000000000000e+00
5.197032929201075291e+00,-5.261254018508124020e+00,1.040174539132075360e+00,4.000000000000000000e+00
5.222029049585890093e+00,-5.218475919617341141e+00,1.048498774564906588e+00,4.000000000000000000e+00
5.246655750189100686e+00,-5.175045906272575102e+00,1.058371613441803083e+00,4.000000000000000000e+00
5.271017299738593564e+00,-5.131392881783213511e+00,1.064231979476045975e+00,4.000000000000000000e+00
5.294925771056544939e+00,-5.088050440289356047e+00,1.074868451673943293e+00,4.000000000000000000e+00
5.318307607038773810e+00,-5.043984437891624317e+00,1.089072477783934900e+00,4.000000000000000000e+00
5.341152058475691966e+00,-4.999630502194141179e+00,1.098430359657849742e+00,4.000000000000000000e+00
5.363710590455810667e+00,-4.955123797588380619e+00,1.097195591503680845e+00,4.000000000000000000e+00
5.386559076219967324e+00,-4.911032142970231718e+00,1.102427643089841203e+00,4.000000000000000000e+00
5.408620847775150509e+00,-4.866353497865116395e+00,1.118879738817517122e+00,4.000000000000000000e+00
5.430081101496231355e+00,-4.821373848015667818e+00,1.132240496393085438e+00,4.000000000000000000e+00
5.450949193705473483e+00,-4.776104524315913480e+00,1.141232052675794861e+00,4.000000000000000000e+00
5.471661134097399959e+00,-4.730606331278819354e+00,1.144758407009297763e+00,4.000000000000000000e+00
5.492285212087477220e+00,-4.685022774627233488e+00,1.157563456330651608e+00,4.000000000000000000e+00
5.511765174307352133e+00,-4.639144869100789492e+00,1.174011385696864362e+00,3.998940474376923238e+00
5.530813018316345087e+00,-4.593072854053375842e+00,1.178999649584006271e+00,3.948619718232712739e+00
5.549905383311948270e+00,-4.546830725960990804e+00,1.189323883143924565e+00,3.897649348110017620e+00
5.567996160060441291e+00,-4.500374802377792527e+00,1.202371320347046968e+00,3.846003536455563587e+00
5.585654199675277098e+00,-4.454229766979364236e+00,1.207845769429202853e+00,3.793654697522556241e+00
5.603280453450199872e+00,-4.407466435217557432e+00,1.228225505288973007e+00,3.740573315100402141e+00
5.619117090915911383e+00,-4.360399463228294081e+00,1.245208207608980322e+00,3.686727747915143905e+00
5.635143945591963188e+00,-4.313084829522400021e+00,1.246817139673294106e+00,3.632084009057847673e+00
5.650919337158958555e+00,-4.265696773730351943e+00,1.252743217242236140e+00,3.576605515074311903e+00
5.666378253735503634e+00,-4.218214074486170695e+00,1.262549950506930196e+00,3.520252799454357540e+00
5.681342343762839420e+00,-4.170145637218291235e+00,1.283560846804482791e+00,3.462983184145210114e+00
5.694846911920878441e+00,-4.121842311543445270e+00,1.304880443749923957e+00,3.404750401318539232e+00
5.707659441511703236e+00,-4.073521665635716715e+00,1.317958208765799277e+00,3.345504155861267037e+00
5.719915113694645115e+00,-4.024816862285438113e+00,1.330033138971345119e+00,3.285189616824463421e+00
5.731597832112880653e+00,-3.976023171219376096e+00,1.340737743536149162e+00,3.223746823200841938e+00
5.742688884936072213e+00,-3.927578306914047079e+00,1.356629816530912525e+00,3.161109985701822556e+00
5.752813157172623981e+00,-3.878482404213102974e+00,1.383538456437544140e+00,3.097206661382160942e+00
5.761326884053680430e+00,-3.829213213943450711e+00,1.404796246459542708e+00,3.040471553836809893e+00
5.769343163705457300e+00,-3.779820445316941058e+00,1.417483976869211348e+00,2.995778323731765447e+00
5.776603377720287646e+00,-3.730352189239964922e+00,1.433586095920200032e+00,2.963483635988971798e+00
5.782955793380875065e+00,-3.681233806040618006e+00,1.460035766985646299e+00,2.940421160293769987e+00
5.787595366902209548e+00,-3.631517343622804983e+00,1.485483481528010685e+00,2.919826861920427952e+00
5.791466159216307474e+00,-3.581721137844237735e+00,1.502383668791900551e+00,2.893098926868614917e+00
5.794421457394239638e+00,-3.531894876061627109e+00,1.520695980775121914e+00,2.853176076407749839e+00
5.796463644593142561e+00,-3.482055092201233659e+00,1.538957472827489958e+00,2.797416443409749931e+00
5.797596215022878141e+00,-3.432215258339765374e+00,1.557248957482605389e+00,2.728215820975302464e+00
5.797813881117557244e+00,-3.382393387499475601e+00,1.581795565012743321e+00,2.653909253803942825e+00
5.796498510489680456e+00,-3.332421050491007009e+00,1.615101440502221264e+00,2.581562201873923712e+00
5.793393831185373877e+00,-3.282694795579585989e+00,1.639790619225778734e+00,2.517764729528222389e+00
5.789662133214889650e+00,-3.233492196315164602e+00,1.661310023316940221e+00,2.465249539838351822e+00
5.784432561310515197e+00,-3.183960742921014830e+00,1.696607433463941161e+00,2.423662669032182748e+00
5.777159223671013422e+00,-3.134638661076952104e+00,1.729155875779209817e+00,2.390181250833073978e+00
5.768722119617926580e+00,-3.085584015945976866e+00,1.761222147768976232e+00,2.360105246230184584e+00
5.758348457614728133e+00,-3.037052932237822134e+00,1.788832872567916343e+00,2.328080706405533107e+00
5.747137142157489720e+00,-2.988160719732698478e+00,1.815980821420735580e+00,2.289992915602818702e+00
5.733988947834870231e+00,-2.939700060224310185e+00,1.855633262586517285e+00,2.244626915866671180e+00
5.718932323773211479e+00,-2.891832311256791410e+00,1.886881473049228042e+00,2.194295653178247818e+00
5.702855070720314501e+00,-2.844504050821373919e+00,1.917881463942151754e+00,2.144190679005109068e+00
5.684903935707970035e+00,-2.797760748042083634e+00,1.956850326953088803e+00,2.100557849962266577e+00
5.665171533577847640e+00,-2.751790132041556092e+00,2.003930523666673125e+00,2.068324451847086909e+00
5.642850066077619076e+00,-2.706817715771225874e+00,2.049873182743775946e+00,2.049321237698543907e+00
5.619007550152308461e+00,-2.662917199705647775e+00,2.094175957384192710e+00,2.041743654795475038e+00
5.592832894392428145e+00,-2.620141572458500878e+00,2.137174933674275135e+00,2.040690274481529620e+00
5.565353844654807425e+00,-2.578538933346439688e+00,2.178935480611821518e+00,2.039589875970321931e+00
5.535750810894826124e+00,-2.538145063869160278e+00,2.213079047864724647e+00,2.032517922810897382e+00
5.505714856552355485e+00,-2.498818111204185399e+00,2.248517711394059759e+00,2.016608514455769718e+00
5.473374554032862882e+00,-2.460649367358519690e+00,2.291561254606914400e+00,1.992935369045332861e+00
5.439922701096930879e+00,-2.423920005523954035e+00,2.334770160640427861e+00,1.965211946186745662e+00
5.404468701232843841e+00,-2.388725878620474141e+00,2.384970306853702038e+00,1.937452060527870668e+00
5.367297728875470852e+00,-2.355358899751560209e+00,2.434731255592323063e+00,1.912109709848740735e+00
5.328529841660094135e+00,-2.323867564693911092e+00,2.478729532494310384e+00,1.889423507105303379e+00
5.288891406650852112e+00,-2.294146861905972834e+00,2.524585096130673723e+00,1.867864108808231505e+00
5.247466398494816886e+00,-2.266361074231514117e+00,2.577022179620678699e+00,1.845132987892575072e+00
5.204640743249147938e+00,-2.240787980894502596e+00,2.629091753722481162e+00,1.819215744619122166e+00
5.160550952071017328e+00,-2.217458384346347344e+00,2.677266123880621684e+00,1.789253522825222431e+00
5.115814248371224338e+00,-2.196299325162298643e+00,2.725884721070987560e+00,1.755943182748450626e+00
5.070047841380459275e+00,-2.177507203280416803e+00,2.781979162740724654e+00,1.721224145958240248e+00
5.022857698414768812e+00,-2.161351227598324876e+00,2.840243933247508235e+00,1.687476804597745517e+00
4.975219240011242050e+00,-2.148033085187847302e+00,2.903232319443406872e+00,1.656738861716484212e+00
4.926334746918246132e+00,-2.137898125351958445e+00,2.969133676805128186e+00,1.630229713243457557e+00
4.876853389961773644e+00,-2.130898803731911428e+00,3.033253577576625393e+00,1.608246195267304612e+00
4.827443001310373738e+00,-2.127142169884438605e+00,3.100007032524461525e+00,1.590404446683122641e+00
4.777385663827583784e+00,-2.126759990451490445e+00,-3.115268217457806355e+00,1.576122539295503833e+00
4.727403977875396457e+00,-2.129776249246875697e+00,-3.046828917886769794e+00,1.565120773027822487e+00
4.677983398425774375e+00,-2.136208019024786520e+00,-2.976689328582341698e+00,1.557664770454610492e+00
4.629231801756309217e+00,-2.146113523754893837e+00,-2.907113881281211842e+00,1.554463264455930860e+00
4.580787716571079748e+00,-2.159425410675972046e+00,-2.836098984295738923e+00,1.556429849303797797e+00
4.533908702487256193e+00,-2.176175179658822678e+00,-2.761599602821055655e+00,1.564483393490107677e+00
4.488365673995954097e+00,-2.196339205502672254e+00,-2.690486144734716145e+00,1.579336615010980882e+00
4.443989758214028640e+00,-2.219733759609125556e+00,-2.623628094598973615e+00,1.601326348039279868e+00
4.401110126038057402e+00,-2.246062849173727116e+00,-2.559961801420628014e+00,1.630476387228035229e+00
4.359952817645669221e+00,-2.274988202026711814e+00,-2.492375870803444027e+00,1.666676298361479347e+00
4.321299282063616687e+00,-2.306636828554106788e+00,-2.424831903930621202e+00,1.709653424362174157e+00
4.284611890870700712e+00,-2.340636750503338526e+00,-2.375785599520725988e+00,1.758797082650136456e+00
4.248708228934964026e+00,-2.376437904954738833e+00,-2.325073730307741560e+00,1.813086223635012040e+00
4.215639990039130147e+00,-2.414040934260270443e+00,-2.266845438626603926e+00,1.871072074192163148e+00
4.184263834271201077e+00,-2.453565380692017683e+00,-2.220379587012851541e+00,1.931022349193637799e+00
4.154657509638173707e+00,-2.494328892817114340e+00,-2.179521110979390386e+00,1.991737164613089250e+00
4.126667782759885661e+00,-2.536196944326158498e+00,-2.135640602072186311e+00,2.053526590258104800e+00
4.100902125301763235e+00,-2.579154222891129944e+00,-2.102753486045495279e+00,2.113510345584607819e+00
4.075629591127379214e+00,-2.622915610681502141e+00,-2.067717650046840383e+00,2.171838047573818820e+00
4.052966144291359818e+00,-2.667546159981556642e+00,-2.019484185137421228e+00,2.228639726130122511e+00
4.032215887725982384e+00,-2.713090719690831598e+00,-1.985157820962768715e+00,2.284029236433158694e+00
4.012602181956811620e+00,-2.759318628689460873e+00,-1.953891543984660251e+00,2.338106942994166548e+00
3.994755783005922822e+00,-2.806042409063171483e+00,-1.935614743861863607e+00,2.390961856842056754e+00
3.976813936957522166e+00,-2.853026236355479917e+00,-1.923364574889385059e+00,2.442673356155035780e+00
3.960100681295296354e+00,-2.900228805377888186e+00,-1.901941938116689768e+00,2.493312585470541354e+00
3.944269347038082962e+00,-2.947686154385373403e+00,-1.882152880327514044e+00,2.542943603948362163e+00
3.929321913166106572e+00,-2.995867344399778531e+00,-1.863356472998485724e+00,2.591624335596880879e+00
3.915171670393295056e+00,-3.044291007633900925e+00,-1.848196263882886603e+00,2.639407361673082875e+00
3.901691802941733123e+00,-3.092903158059014945e+00,-1.836222638749231750e+00,2.686340586159944532e+00
3.888706961186339406e+00,-3.141644886328680997e+00,-1.828896693597786394e+00,2.732467798318261032e+00
3.876066594240974439e+00,-3.189972570474558289e+00,-1.822218655655742259e+00,2.777829151125449592e+00
3.863750756839076317e+00,-3.238804598559339887e+00,-1.813508525087402790e+00,2.822461570480353732e+00
3.851762256837940157e+00,-3.288134932799945176e+00,-1.808099737303555443e+00,2.866399107039093952e+00
3.839998561293523238e+00,-3.337010776526792455e+00,-1.804748130567521036e+00,2.909673240216262613e+00
3.828360636025365693e+00,-3.386330817272970251e+00,-1.803819715600364360e+00,2.952313142067875873e+00
3.816752894232706694e+00,-3.434955409314117247e+00,-1.807996191434928734e+00,2.994345907343168633e+00
3.804935678482696204e+00,-3.483227901526010140e+00,-1.810194027483735146e+00,3.035796754860060176e+00
3.792989580180174514e+00,-3.532314746853225440e+00,-1.812753609030948176e+00,3.076689204455816284e+00
3.780846147019399694e+00,-3.580838489906264854e+00,-1.817775634564844589e+00,3.117045233038983731e+00
3.768434809197828361e+00,-3.629705328524168273e+00,-1.824260599147245809e+00,3.156885412682433945e+00
3.755685694659676610e+00,-3.677969838644773670e+00,-1.832066162900959583e+00,3.196229033220746807e+00
3.742542647470098238e+00,-3.726541281098818992e+00,-1.840040197056215021e+00,3.235094211425583843e+00
3.729003592303293146e+00,-3.774663650318977659e+00,-1.850234648764857548e+00,3.244097527759048916e+00
3.714897515606156997e+00,-3.822883808119153848e+00,-1.864263876600420256e+00,3.181861331236581325e+00
3.700079828238878488e+00,-3.870376520433017831e+00,-1.881435154156813505e+00,3.118383281898632564e+00
3.684505107215797270e+00,-3.917554762642530441e+00,-1.896707723453046501e+00,3.053585933690280640e+00
3.668156746330903939e+00,-3.964833865340007701e+00,-1.912958344588968629e+00,2.987383439740770807e+00
3.650958933396567740e+00,-4.011740269340180021e+00,-1.934921549977376420e+00,2.919680218387564530e+00
3.632741004047054467e+00,-4.057759329958386729e+00,-1.958135026319631544e+00,2.850369333832005747e+00
3.613383327671974676e+00,-4.103849231210998205e+00,-1.980637987769547470e+00,2.798327822245368690e+00
3.592942238162893265e+00,-4.149368053891417496e+00,-2.004983998489070274e+00,2.771689830543043964e+00
3.571426893593583785e+00,-4.194331221328274850e+00,-2.027762540108557054e+00,2.769108089232304337e+00
3.548784531153752475e+00,-4.239178645470163431e+00,-2.053476117913635157e+00,2.788315709822120070e+00
3.524970471597383082e+00,-4.282984840315863018e+00,-2.079292040240630079e+00,2.825827766996127810e+00
3.500020867869539032e+00,-4.326665079853709628e+00,-2.101230190966855815e+00,2.869713764946324908e+00
3.474070152673466527e+00,-4.369771407281392683e+00,-2.118277148382981423e+00,2.912938656532008341e+00
3.447770452175875189e+00,-4.412371459001157348e+00,-2.135680780183062843e+00,2.955531448101101244e+00
3.420512911332683093e+00,-4.454276560661792672e+00,-2.158965127437547427e+00,2.997519084961876246e+00
3.392124291394707392e+00,-4.495810650915389672e+00,-2.176025508681414866e+00,3.038926650761214709e+00
3.363418590691763299e+00,-4.536801753522198055e+00,-2.193487013132416230e+00,3.079777542729809525e+00
3.333974373311046957e+00,-4.576801778004556454e+00,-2.210777884053992892e+00,3.120093626271326137e+00
3.303875100244229479e+00,-4.616777950043955414e+00,-2.223354167805608572e+00,3.159895371795566898e+00
3.273220478502761210e+00,-4.656296745193197140e+00,-2.237852542451272964e+00,3.198759363168523606e+00
3.242007585949121307e+00,-4.695342485777796782e+00,-2.256212729946319051e+00,3.203718093840513870e+00
3.209938434656518069e+00,-4.733690897305701029e+00,-2.280212452370844023e+00,3.217614004175348263e+00
3.176693816858119579e+00,-4.771420189443580817e+00,-2.298023596354888287e+00,3.246689083226794725e+00
3.143281556797761667e+00,-4.808591607317115546e+00,-2.310859567161824835e+00,3.284957309789600988e+00
3.109303330732010817e+00,-4.845215721436838763e+00,-2.326645219821906529e+00,3.322784833710455743e+00
3.074766411014574707e+00,-4.881280442548773024e+00,-2.342448474818893178e+00,3.360186538740417728e+00
3.039680293432292846e+00,-4.916779639035675942e+00,-2.357710882175227063e+00,3.397176489252272891e+00
3.004019414497186347e+00,-4.951813203410520003e+00,-2.373583217994847505e+00,3.433767992035059891e+00
2.967839092276250312e+00,-4.986164845095141906e+00,-2.388041955812871375e+00,3.469973652222820171e+00
2.931270856282021331e+00,-5.020069592565235439e+00,-2.394911098689104012e+00,3.484550790119115948e+00
2.894442289318329031e+00,-5.054087502361297446e+00,-2.399990540774912695e+00,3.426684544939322397e+00
2.857384378700287275e+00,-5.087751947205634728e+00,-2.409322277486379171e+00,3.367824183672934346e+00
2.820028891772002666e+00,-5.120986227948334246e+00,-2.425006268466177506e+00,3.307916639478468479e+00
2.781751396537174514e+00,-5.153631782007877860e+00,-2.444410026902144484e+00,3.246903949202190276e+00
2.743137809998751564e+00,-5.185381248815815525e+00,-2.465815015253677522e+00,3.184722596546053275e+00
2.704017072971066860e+00,-5.215951513077552448e+00,-2.488217614155264545e+00,3.121302737409060057e+00
2.664306907384668577e+00,-5.245729744104625780e+00,-2.505945722877700010e+00,3.067535331806888976e+00
2.623624434737184430e+00,-5.275265158536631915e+00,-2.518427417488283471e+00,3.017594681797386436e+00
2.582989075471776808e+00,-5.304172731213451897e+00,-2.530869357530553643e+00,2.966389381356941968e+00
2.541964854546147290e+00,-5.332426540007853433e+00,-2.552565676817215579e+00,2.914682485720759608e+00
2.500401737387991652e+00,-5.359353240527461537e+00,-2.580160042364698647e+00,2.865793052756960169e+00
2.457735210186525521e+00,-5.385402526529466272e+00,-2.609820744745306342e+00,2.821228646361619408e+00
2.414271874930614459e+00,-5.410023412057089587e+00,-2.627762146292036860e+00,2.778849484188185226e+00
2.370883386324078135e+00,-5.434421569418860898e+00,-2.639075532332474161e+00,2.734666415076208335e+00
2.327073879355824104e+00,-5.457945280501801832e+00,-2.663658870019582459e+00,2.686280030946670117e+00
2.282236554977845167e+00,-5.480339513562356046e+00,-2.694401125360288862e+00,2.634920878565426339e+00
2.237256361345020927e+00,-5.501021397713031114e+00,-2.721272409251500157e+00,2.585000024516777906e+00
2.191277849753079821e+00,-5.520994117282477021e+00,-2.741981709021877212e+00,2.542163322939596792e+00
2.145307199990546199e+00,-5.539854718586648019e+00,-2.770561148931087292e+00,2.510872167205204786e+00
2.098852202576884984e+00,-5.556952344802135180e+00,-2.801648687392848558e+00,2.492287478382428478e+00
2.051408107669630443e+00,-5.573064370575800730e+00,-2.832826274777552555e+00,2.483389422214389519e+00
2.003940044913882446e+00,-5.587226270624542579e+00,-2.865177771330976064e+00,2.477779146288152212e+00
1.955669932977607717e+00,-5.600223064293032849e+00,-2.890231659756108407e+00,2.467951227177515694e+00
1.906984326436736765e+00,-5.612123738613374435e+00,-2.912871671491356285e+00,2.448456834913594893e+00
1.858493769309237820e+00,-5.622845153153051001e+00,-2.937635019874808684e+00,2.418643429874387962e+00
1.809763214572051471e+00,-5.632232333456719253e+00,-2.966918912447904511e+00,2.383097471197996864e+00
1.760319346703771659e+00,-5.640170207372840139e+00,-2.999914807469056033e+00,2.349176774610937990e+00
1.710600687612326087e+00,-5.646376228546063913e+00,-3.039529941849689276e+00,2.323297509040162634e+00
1.661145186374624272e+00,-5.650327484392102306e+00,-3.072715721972140823e+00,2.308394283529682678e+00
1.611106485495672924e+00,-5.653239941226102516e+00,-3.100370781823758914e+00,2.303673210526746562e+00
1.561465549748009884e+00,-5.654438794559267123e+00,-3.140402021053061876e+00,2.306000419603707829e+00
1.511344647312087730e+00,-5.653358720972695650e+00,3.109721835250235156e+00,2.311787038248997117e+00
1.461232631185539477e+00,-5.651243207375284072e+00,3.085413219425883202e+00,2.318792206742505524e+00
1.411664347990728041e+00,-5.647752839289995386e+00,3.055318953969834439e+00,2.327287218250849055e+00
1.361779977804126629e+00,-5.642641707679644902e+00,3.016794229008339379e+00,2.339769776618088937e+00
1.312572769642632364e+00,-5.635321762772447229e+00,2.982427581212107270e+00,2.359621664952209041e+00
1.263164098093739085e+00,-5.626811600285003934e+00,2.951141727647513591e+00,2.390118550695775834e+00
1.214024019681404054e+00,-5.616322797369199371e+00,2.921496420149300111e+00,2.434130965765606724e+00
1.165178684317851543e+00,-5.604890257525673825e+00,2.893406072851980149e+00,2.484944281567515123e+00
1.116659470395656717e+00,-5.591649534007137490e+00,2.864552360946382326e+00,2.534739159458263558e+00
1.068995753298884965e+00,-5.577540390709465612e+00,2.836599882507920611e+00,2.583574487118045937e+00
1.021308829796765849e+00,-5.561631695280995658e+00,2.806406172848178837e+00,2.631503686959864918e+00
9.740541196985225136e-01,-5.544469351685608949e+00,2.788800052006187080e+00,2.678575400932266426e+00
9.271058400690991297e-01,-5.526946490163100023e+00,2.778534022921433255e+00,2.724834068796766484e+00
8.803686958350155356e-01,-5.508878365759744433e+00,2.760105258237844250e+00,2.770320419459025629e+00
8.339502030245549147e-01,-5.489578184336361133e+00,2.737953462058616783e+00,2.815071890816950528e+00
7.881689692002169512e-01,-5.469500825067706629e+00,2.718255520755381571e+00,2.859122990440217116e+00
7.425581350221173160e-01,-5.448398638266729321e+00,2.700928617944169829e+00,2.902505606964420615e+00
6.972832062439606737e-01,-5.426639827270980376e+00,2.684537391582912491e+00,2.945249280189367713e+00
6.524351027670540759e-01,-5.404077345832607904e+00,2.664756515375803492e+00,2.987381436384058286e+00
6.079032800074448684e-01,-5.380466509303460043e+00,2.656753365777628328e+00,3.028927594124390499e+00
5.636349395825224207e-01,-5.357299432484200707e+00,2.644996944140492801e+00,3.069911545052113944e+00
5.196756866449767642e-01,-5.332656824375458626e+00,2.627683671827120815e+00,3.110355513191433552e+00
4.760805184787284539e-01,-5.307874784887923525e+00,2.614507001855409296e+00,3.150280295852487367e+00
4.328176639023584293e-01,-5.282104687780155849e+00,2.601386518189036323e+00,3.189705388657787299e+00
3.900229015916587549e-01,-5.256265183433822763e+00,2.598018003134060727e+00,3.228649096824957709e+00
3.471603855223852619e-01,-5.230342066646252341e+00,2.595845770596935775e+00,3.267128634508397411e+00
3.044060302785651650e-01,-5.204272750765234434e+00,2.590852425402131232e+00,3.305160213729554819e+00
2.618341014795486643e-01,-5.177941134610946072e+00,2.579244130022467552e+00,3.342759124199182530e+00
2.195302643421213062e-01,-5.150781835194143454e+00,2.565983795167896098e+00,3.379939805146384035e+00
1.775046472830172917e-01,-5.123218875399673244e+00,2.562891838086723606e+00,3.416715910111501220e+00
1.356226508077646997e-01,-5.095963885953034733e+00,2.563990422654395918e+00,3.453100365527355109e+00
9.376056939200161366e-02,-5.068638939252204878e+00,2.563847779366778212e+00,3.489105423801528438e+00
5.190383939049780793e-02,-5.041383401021994892e+00,2.556993071629101610e+00,3.524742711517726335e+00
1.024678380703036851e-02,-5.013372664542345092e+00,2.547553079368712226e+00,3.560023273293789092e+00
-3.127718668153001147e-02,-4.985201099440178751e+00,2.549195759402334005e+00,3.594957611765334349e+00
-7.276357805011457458e-02,-4.957503979420010864e+00,2.549564327554539211e+00,3.629555724105308023e+00
-1.142445314845552673e-01,-4.929405785819987784e+00,2.545114757666580019e+00,3.663827135439347682e+00
-1.555720425304230048e-01,-4.901278802867381046e+00,2.541745369103933339e+00,3.697780929473484246e+00
-1.968446352302635205e-01,-4.872914530902789920e+00,2.540501274975502710e+00,3.731425776613260581e+00
-2.381563154471706412e-01,-4.844647447282113717e+00,2.547841271324958523e+00,3.764769959820913670e+00
-2.795747757556199531e-01,-4.817071479453844063e+00,2.552378442597683872e+00,3.797821398429111817e+00
-3.210743106541880110e-01,-4.789223551676400348e+00,2.549122904424092617e+00,3.830587670105220610e+00
-3.625046136329075352e-01,-4.761248210522873947e+00,2.542620153609793654e+00,3.863076031138687139e+00
-4.038222317086050950e-01,-4.732737383588611735e+00,2.543678386551730952e+00,3.895293435205404275e+00
-4.452353832154312130e-01,-4.704902002437220787e+00,2.552396425957376813e+00,3.855240056879418731e+00
-4.867734653713373660e-01,-4.677293428995406899e+00,2.559207356716466819e+00,3.803018361482610299e+00
-5.285248880770323510e-01,-4.650048953235642379e+00,2.573524595070596721e+00,3.750069521939577655e+00
-5.705809049319379156e-01,-4.623803644325292339e+00,2.584450586714596376e+00,3.696362290277616758e+00
-6.130319249526476888e-01,-4.597403151817974098e+00,2.584503550532192051e+00,3.641863114203037100e+00
-6.554652891495957867e-01,-4.570929005220582653e+00,2.594232543903526977e+00,3.586535891943491983e+00
-6.982055739613342027e-01,-4.545491613792801644e+00,2.611773966456199414e+00,3.530341692500197137e+00
-7.412867365634636663e-01,-4.520665659358845012e+00,2.624927613468343246e+00,3.473238435151179360e+00
-7.846573066929682927e-01,-4.496374753156041848e+00,2.632821298405978006e+00,3.415180520707166156e+00
-8.282845739308868360e-01,-4.472142897720129184e+00,2.646021683634654398e+00,3.356118405334342025e+00
-8.722359741020278001e-01,-4.449032749173953860e+00,2.667772252388434406e+00,3.295998105616898322e+00
-9.166493017337222771e-01,-4.426831105119559240e+00,2.684217574176309462e+00,3.242709019356629252e+00
-9.616360977424998069e-01,-4.405031461129288672e+00,2.697495636796238383e+00,3.227422709374190291e+00
-1.006787890267099250e+00,-4.383943589785341821e+00,2.722696501349623155e+00,3.243038041893034684e+00
-1.052483861805289633e+00,-4.364581565656495243e+00,2.749799683884528445e+00,3.273200733575585275e+00
-1.098527031957408528e+00,-4.346041344677518126e+00,2.755662002289450463e+00,3.294173166581813472e+00
-1.144770682523078120e+00,-4.327084885733102126e+00,2.763460026587858387e+00,3.244598980320162696e+00
-1.191256079643753463e+00,-4.309204817953039779e+00,2.779981455976519911e+00,3.182372590489821462e+00
-1.237953587819914159e+00,-4.291839063072435678e+00,2.787244362106206186e+00,3.118904946661111843e+00
-1.284859578343667152e+00,-4.274574889139097778e+00,2.809621795423315138e+00,3.054118666311675501e+00
-1.332149006687383119e+00,-4.259367222925661167e+00,2.845200798569343714e+00,2.987927975959203675e+00
-1.379890616550317528e+00,-4.245553623082431116e+00,2.859897803146958406e+00,2.920237379242639708e+00
-1.427881248294911032e+00,-4.231663248885614514e+00,2.871282545257099361e+00,2.853209405295586976e+00
-1.476061125016550513e+00,-4.218905542084437243e+00,2.892401455371912622e+00,2.795609458222667598e+00
-1.524496631978914163e+00,-4.207076511586480549e+00,2.913326994847858398e+00,2.749829015380653718e+00
-1.573190572962196443e+00,-4.196340945478922890e+00,2.945037500623199023e+00,2.718222746871958861e+00
-1.622208344685222459e+00,-4.187619557012967952e+00,2.976158405468328549e+00,2.700457707242886585e+00
-1.671503966782054817e+00,-4.179926523169767094e+00,2.997653195164657891e+00,2.692211528679629762e+00
-1.720973484099757700e+00,-4.173304356023452399e+00,3.018836666408840408e+00,2.686643536914748331e+00
-1.770585322459725219e+00,-4.167702229006762238e+00,3.039993267230781449e+00,2.678704666492523589e+00
-1.820316388533661067e+00,-4.163176305172099134e+00,3.061984882675134134e+00,2.669807758368199835e+00
-1.870146996032226339e+00,-4.159759560396746991e+00,3.084032321473342275e+00,2.669017095247836036e+00
-1.920053719318261853e+00,-4.157429042624194437e+00,3.114334164676890282e+00,2.689529945456162974e+00
-1.970023421740824343e+00,-4.157036405462902096e+00,-3.139605725032027728e+00,2.735603379786902156e+00
-2.020011820389513435e+00,-4.157627652491155956e+00,-3.110972198885935125e+00,2.780913586485134203e+00
-2.069977094203818258e+00,-4.160097989282349751e+00,-3.083604268050543773e+00,2.825497283575707286e+00
-2.119884942264628869e+00,-4.163425633911083779e+00,-3.067337257745386125e+00,2.869388336124929495e+00
-2.169740313658007569e+00,-4.167519592219704805e+00,-3.061030652765743376e+00,2.912618057261521898e+00
-2.219569221918233470e+00,-4.171473818006997902e+00,-3.054492233869037232e+00,2.955215469552427088e+00
-2.269368370767298693e+00,-4.176219248877521828e+00,-3.039786658113448503e+00,2.997207532934291319e+00
-2.319097629914844472e+00,-4.181641558673471870e+00,-3.018005242941187216e+00,3.038619344286834334e+00
-2.368707449330352599e+00,-4.188559198612194834e+00,-2.998575725506860579e+00,3.079474312844684203e+00
-2.418195042432270458e+00,-4.195911591449007716e+00,-2.997998627090207258e+00,3.119794314929484447e+00
-2.467669075676640400e+00,-4.202867977867151161e+00,-2.987624525188432578e+00,3.159599830906189233e+00
-2.517066925883952422e+00,-4.211256156053608812e+00,-2.969700034114668874e+00,3.198910066797519214e+00
-2.566327062672421278e+00,-4.219995581087334635e+00,-2.971505747915220930e+00,3.237743062606203370e+00
-2.615597714177289035e+00,-4.228178453388626856e+00,-2.982138419856001921e+00,3.276115789078689833e+00
-2.664951855040789575e+00,-4.235856373857983748e+00,-2.974604922035925192e+00,3.314044234382935272e+00
-2.714247995294353011e+00,-4.244806687029891279e+00,-2.958256227053568388e+00,3.351543481956166914e+00
-2.763366482880425856e+00,-4.254104270580411296e+00,-2.948567307963303019e+00,3.388627780597768258e+00
-2.812395472949533293e+00,-4.263990486757785803e+00,-2.932526967177631949e+00,3.425310607731077983e+00
-2.861305759771015644e+00,-4.274883643389521204e+00,-2.918254144628021240e+00,3.461604726630574724e+00
-2.910018558754164264e+00,-4.286163374841751583e+00,-2.897780891701668970e+00,3.497522238303457431e+00
-2.958548404439974355e+00,-4.299073775065878067e+00,-2.888054454673947724e+00,3.533074628623533275e+00
-3.007005957770878979e+00,-4.311294190325743791e+00,-2.884375159451977311e+00,3.568272811237869213e+00
-3.055309302199509247e+00,-4.324526179722622210e+00,-2.871742928947048412e+00,3.603127166700544670e+00
-3.103547973832299522e+00,-4.337997360255540613e+00,-2.873178625995314039e+00,3.637647578231237411e+00
-3.151762825462943507e+00,-4.351055859562549699e+00,-2.870817775138275518e+00,3.671843464447753114e+00
-3.199903675504913725e+00,-4.364744984737191302e+00,-2.862422463822629215e+00,3.705723809379723566e+00
-3.247969068962313077e+00,-4.378633967534396376e+00,-2.857985350410818359e+00,3.739297190034493568e+00
-3.295967328598108370e+00,-4.392744079419632186e+00,-2.853562049730229866e+00,3.772571801754865284e+00
-3.343903141425339065e+00,-4.407056285370188675e+00,-2.847218527382709752e+00,3.805555481581110566e+00
-3.391713191286567231e+00,-4.421772567252414632e+00,-2.836005068202733792e+00,3.838255729805939875e+00
-3.439437573423907324e+00,-4.437194453263487048e+00,-2.840285224822682864e+00,3.870679729890373899e+00
-3.487214097531257551e+00,-4.451451323265558813e+00,-2.850086711218307922e+00,3.902834366890338469e+00
-3.535065700976502967e+00,-4.465888014518753835e+00,-2.847816595846549337e+00,3.934726244527870342e+00
-3.582891905382577846e+00,-4.480396707670017520e+00,-2.840295580081573679e+00,3.966361701026834830e+00
-3.630638470517498995e+00,-4.495588018184580648e+00,-2.837617740260967913e+00,3.997746823820710116e+00
-3.678363761923484354e+00,-4.510345933375502270e+00,-2.845323461627624617e+00,4.000000000000000000e+00
-3.726176925551930808e+00,-4.524751431370802379e+00,-2.852793213836240405e+00,4.000000000000000000e+00
-3.774082315351184658e+00,-4.538784469218300366e+00,-2.853389721635091192e+00,3.970427901680196658e+00
-3.822011952991394956e+00,-4.553162370812711579e+00,-2.856458946071765315e+00,3.919741124621225037e+00
-3.869983752738662464e+00,-4.566895174583724959e+00,-2.861188760467154424e+00,3.868390265427354979e+00
-3.918025315655201624e+00,-4.580813419141203546e+00,-2.876354160391129788e+00,3.816348517530779194e+00
-3.966260945797000836e+00,-4.593047779297605437e+00,-2.893200333364835064e+00,3.763587220839399006e+00
-4.014709626427122480e+00,-4.605335472751831638e+00,-2.900901697385355416e+00,3.710075677189332843e+00
-4.063349476984876141e+00,-4.616878077885630205e+00,-2.916972714734836103e+00,3.655780941478597779e+00
-4.112058586677616034e+00,-4.627577318765980330e+00,-2.923755976793659173e+00,3.600667584446584080e+00
-4.160826776323327536e+00,-4.638454582053110897e+00,-2.926410225071597981e+00,3.544697422247864438e+00
-4.209673125755124090e+00,-4.648912572167809287e+00,-2.939877335536627445e+00,3.487829206956228223e+00
-4.258691552545745829e+00,-4.658467582469167922e+00,-2.963575760459727704e+00,3.430018270870166752e+00
-4.307888166764931803e+00,-4.666583568894141720e+00,-2.980391724526050723e+00,3.371216115900822263e+00
-4.357199045986295260e+00,-4.674486073677464049e+00,-2.986321434329545887e+00,3.311369937309282641e+00
-4.406561067133272225e+00,-4.682028955459838215e+00,-2.992275878483178886e+00,3.250422068489250638e+00
-4.456020102193571475e+00,-4.689352363456446682e+00,-3.015130783154693184e+00,3.188309330182407919e+00
-4.505626553800052392e+00,-4.694624177363315276e+00,-3.040381246253889724e+00,3.124962263217661906e+00
-4.555338182960886328e+00,-4.699438951219462979e+00,-3.054851574109501033e+00,3.065524523643808674e+00
-4.605136992595461720e+00,-4.703277533798699395e+00,-3.075056169112361903e+00,3.026722867415108542e+00
-4.655010289254912337e+00,-4.706080586736510085e+00,-3.095261052203275742e+00,3.004503931428916808e+00
-4.704939222534289200e+00,-4.707904842427872438e+00,-3.115171169991307387e+00,2.990537379949220309e+00
-4.754904731944725071e+00,-4.708720560461516769e+00,-3.136820466493205117e+00,2.975600646325960330e+00
-4.804885908293833552e+00,-4.708381810332792128e+00,3.126453843052887649e+00,2.954263278213387522e+00
-4.854867738614945694e+00,-4.707207123822792383e+00,3.115525377828706421e+00,2.927589701274456502e+00
-4.905270815256757899e+00,-4.705764456420720165e+00,3.096920812478043405e+00,2.901972430849736551e+00
-4.955136421226557175e+00,-4.702724955269190765e+00,3.067831501243735381e+00,2.885100304321296161e+00
-5.004926816554588598e+00,-4.698400354772201304e+00,3.042898238748319439e+00,2.881811647885302641e+00
-5.054614524955926669e+00,-4.692875019858984587e+00,3.019197348208754406e+00,2.891948003036351356e+00
-5.104174005457727148e+00,-4.686191940640049403e+00,2.999248286895413340e+00,2.910752411318758170e+00
-5.154064030742982361e+00,-4.678622551877039015e+00,2.986874062400305618e+00,2.931386191465993551e+00
-5.203347352554694716e+00,-4.670724362533430707e+00,2.966692420012110087e+00,2.948237075445771627e+00
-5.252441048128798862e+00,-4.661238768841252877e+00,2.940186659492807220e+00,2.958910083407487512e+00
-5.301351211566233346e+00,-4.650714500858473599e+00,2.925379623570956156e+00,2.963903395893755288e+00
-5.350083312497563526e+00,-4.639791994333164915e+00,2.905271669172328153e+00,2.964648529226496798e+00
-5.398559282520105640e+00,-4.627304770142110613e+00,2.878925424996538585e+00,2.961267019362318287e+00
-5.446788787706606350e+00,-4.613789868905767477e+00,2.866296455791056186e+00,2.952174098101469024e+00
-5.495251687280646280e+00,-4.599992219379949177e+00,2.848569009243510308e+00,2.936674487972565473e+00
-5.542941820333772363e+00,-4.584779665226504264e+00,2.821339763926021149e+00,2.917838572228010907e+00
-5.590298623147290868e+00,-4.568467993560158646e+00,2.805541337975660632e+00,2.902151586090857993e+00
-5.637377456344605520e+00,-4.551793272105790322e+00,2.787297932127404732e+00,2.896449082379585427e+00
-5.684132375544074023e+00,-4.533758593738685505e+00,2.761001695971994518e+00,2.904702719399774313e+00
-5.730449211273306531e+00,-4.514555438240290819e+00,2.736168277448132624e+00,2.925925201270610732e+00
-5.776301146803602293e+00,-4.494199574155340215e+00,2.711700365718297423e+00,2.953895099337520147e+00
-5.821672007923661241e+00,-4.472730637782198926e+00,2.694238024393151409e+00,2.979691196730236413e+00
-5.866625189924469908e+00,-4.450862407673360721e+00,2.687657352574489344e+00,2.996864411273796769e+00
-5.911881180384457757e+00,-4.428715967107000218e+00,2.669551513787320918e+00,3.006241778794099151e+00
-5.956156527673238443e+00,-4.405153402633802173e+00,2.641473937280034434e+00,3.016390417591847672e+00
-5.999921393632638100e+00,-4.380605807408691987e+00,2.619591350494486992e+00,3.039589138154560111e+00
-6.043163913412645805e+00,-4.355104816989022076e+00,2.599177812680369737e+00,3.080431244612233055e+00
-6.085929167936729556e+00,-4.328767466619978244e+00,2.583359512660088342e+00,3.120738883146002784e+00
-6.128689460664653588e+00,-4.301694890568411367e+00,2.565812279714669408e+00,3.160532502724097803e+00
-6.170490547696168449e+00,-4.273874095385883365e+00,2.544516342714313151e+00,3.199831280672707390e+00
-6.211752946918165819e+00,-4.245223908465776574e+00,2.529795331313479334e+00,3.238653230706805441e+00
-6.252534760812679338e+00,-4.216312078775018790e+00,2.522667813683232563e+00,3.277015299439982599e+00
-6.293164122997980670e+00,-4.187235776464266479e+00,2.514343183831861950e+00,3.314933452840314487e+00
-6.333931941566341095e+00,-4.157306414672863326e+00,2.502965038120184005e+00,3.352422753883510520e+00
-6.374345891910037309e+00,-4.126965388963730774e+00,2.491772846011938380e+00,3.389497432474612548e+00
-6.414371807738996623e+00,-4.096178542680947388e+00,2.476356047797532600e+00,3.426170948558767027e+00
-6.453504809762917738e+00,-4.064862839361416569e+00,2.463389692319883029e+00,3.462456049214801546e+00
-6.492328136092423208e+00,-4.033369635424856270e+00,2.457303481122874889e+00,3.498364820418285337e+00
-6.530844781581208736e+00,-4.001770428265974289e+00,2.448873589629801284e+00,3.533908734070017044e+00
-6.569473065479830787e+00,-3.969345698210111628e+00,2.435471515396725017e+00,3.569098690808709229e+00
-6.607309698537180864e+00,-3.936560648625766046e+00,2.431102366481443511e+00,3.603945059060769562e+00
-6.645381733732374840e+00,-3.904035282019121311e+00,2.433433268326082199e+00,3.638457710723682847e+00
-6.683314710106889045e+00,-3.871475028130189955e+00,2.433516944581483266e+00,3.672646053831040369e+00
-6.721328443548596709e+00,-3.839010601519373456e+00,2.424710775853451850e+00,3.706519062505520434e+00
-6.758614842137664169e+00,-3.805845978479980740e+00,2.413480816690878328e+00,3.740085304470058603e+00
-6.796066381793844258e+00,-3.772380017249666651e+00,2.407027448957471005e+00,3.773352966356180005e+00
-6.832986434213887961e+00,-3.738675587852923421e+00,2.395417998399340664e+00,3.806329877021311425e+00
-6.869385210211543580e+00,-3.704598480145599559e+00,2.388200759728981382e+00,3.839023529063238627e+00
-6.905950296218453133e+00,-3.670238973615310041e+00,2.379368521046421492e+00,3.871441098699198058e+00
-6.942180480685904875e+00,-3.635101289961602866e+00,2.370190461573005170e+00,3.903589464159024747e+00
-6.978070246516565156e+00,-3.600110064293557510e+00,2.363138762891260125e+00,3.935475222725894895e+00
-7.013461348172842058e+00,-3.564803598400935858e+00,2.351248556822149727e+00,3.967104706544247961e+00
-7.048263758969035564e+00,-3.529218749998503046e+00,2.345854895798001216e+00,3.998483997302179294e+00
-7.083331378383315169e+00,-3.493473564773251550e+00,2.343487855598214153e+00,4.000000000000000000e+00
-7.118141192970328213e+00,-3.457542548870322197e+00,2.332784097379862587e+00,4.000000000000000000e+00
-7.152618966773839126e+00,-3.420863489352432119e+00,2.320192351451080714e+00,4.000000000000000000e+00
-7.186484996135104275e+00,-3.384091625561516992e+00,2.308706951242014860e+00,4.000000000000000000e+00
-7.219675402729819780e+00,-3.347115570441280497e+00,2.302843969267262203e+00,4.000000000000000000e+00
-7.253097364080038467e+00,-3.309963549671058214e+00,2.301157194035869491e+00,4.000000000000000000e+00
-7.286321059392498967e+00,-3.272698345647499618e+00,2.295644353706871144e+00,4.000000000000000000e+00
-7.319343366385259841e+00,-3.235166946026123203e+00,2.289748128225196133e+00,4.000000000000000000e+00
-7.352093595007824334e+00,-3.197548205784397357e+00,2.278407919661344483e+00,4.000000000000000000e+00
-7.384396978124623701e+00,-3.159115027370540396e+00,2.263982160891337525e+00,4.000000000000000000e+00
-7.415837249529100283e+00,-3.120813911172235056e+00,2.257847235214214709e+00,4.000000000000000000e+00
-7.447425102867315516e+00,-3.082288016816060239e+00,2.254659420104982992e+00,4.000000000000000000e+00
-7.478896685464792249e+00,-3.043447084237435707e+00,2.249623833684563756e+00,4.000000000000000000e+00
-7.510063104373740472e+00,-3.004643118929835044e+00,2.240706992911005724e+00,4.000000000000000000e+00
-7.540912826363483035e+00,-2.965154629306185896e+00,2.232916008281485620e+00,4.000000000000000000e+00
-7.571438273827352461e+00,-2.925907235354273439e+00,2.226259491992003348e+00,4.000000000000000000e+00
-7.601688742693699652e+00,-2.886107922179107721e+00,2.215332755006684806e+00,4.000000000000000000e+00
-7.631555175790961876e+00,-2.845924017232299708e+00,2.208596164086809033e+00,4.000000000000000000e+00
-7.661076570059766055e+00,-2.805976420700469820e+00,2.200240935751710314e+00,4.000000000000000000e+00
-7.690245236692007325e+00,-2.765335074087283740e+00,2.190901320635910920e+00,4.000000000000000000e+00
-7.718985785234519170e+00,-2.724878746861886913e+00,2.175491212143202180e+00,4.000000000000000000e+00
-7.746732749879418733e+00,-2.683593663481033342e+00,2.160307945135403251e+00,4.000000000000000000e+00
-7.774433038350600178e+00,-2.641979183120906960e+00,2.156152891917156644e+00,4.000000000000000000e+00
-7.801764275171285234e+00,-2.600571238112280525e+00,2.147551071528599920e+00,4.000000000000000000e+00
-7.828741632515747284e+00,-2.558496855152700089e+00,2.139309598069145668e+00,4.000000000000000000e+00
-7.855359028678858380e+00,-2.516681712821599248e+00,2.130378484617200918e+00,4.000000000000000000e+00
-7.881561542558688238e+00,-2.474169521571623953e+00,2.117082212927615448e+00,3.950680916103773477e+00
-7.907248856989329333e+00,-2.431337521057045592e+00,2.106558140410672131e+00,3.899737486353768379e+00
-7.932577463048522404e+00,-2.388238296843295139e+00,2.098573736247892008e+00,3.848119699811722860e+00
-7.957581027896999615e+00,-2.344994882376502332e+00,2.101338039490815657e+00,3.795800045535238976e+00
-7.983025677243009710e+00,-2.302243835824357543e+00,2.103762973108160850e+00,3.742749089545220897e+00
-8.008311764210796824e+00,-2.258997327611827366e+00,2.097277979208270082e+00,3.688935281202129879e+00
-8.033359468860314934e+00,-2.215640693653635029e+00,2.092035929326815147e+00,3.634324733771611360e+00
-8.058167231762823235e+00,-2.172172722862864003e+00,2.089940521501427728e+00,3.578880974845398466e+00
-8.082798914737825413e+00,-2.129121277831409476e+00,2.086231447279982998e+00,3.522564661396097918e+00
-8.107256368109769795e+00,-2.085521829740840882e+00,2.075987339131766252e+00,3.465333253140722380e+00
-8.131170168243595953e+00,-2.041660457788214256e+00,2.061774578486138765e+00,3.407140636505795683e+00
-8.154536453405984986e+00,-1.997089220141497812e+00,2.050619255024421328e+00,3.347936689744203331e+00
-8.177425619338926310e+00,-1.952773614489197840e+00,2.042739430304973514e+00,3.287666777540210195e+00
-8.199857967903184885e+00,-1.908295375638372704e+00,2.032384503302352208e+00,3.226271160604434751e+00
-8.221770051863650508e+00,-1.863626238420340364e+00,2.017697103411879578e+00,3.163684302100028489e+00
-8.243028686086670831e+00,-1.818213442739355701e+00,2.000153333657447519e+00,3.099834047971020023e+00
-8.263452389477953020e+00,-1.772585562726726183e+00,1.980687136009162908e+00,3.034640651966333813e+00
-8.282910017613232867e+00,-1.726427013201078609e+00,1.955542463331620517e+00,2.968015607804802780e+00
-8.300814022298549588e+00,-1.680317873828133468e+00,1.932895682571110330e+00,2.899860239697625630e+00
-8.318156838707738032e+00,-1.633378761658718314e+00,1.915308062239815534e+00,2.837526150677769810e+00
-8.334600262502089407e+00,-1.586158918415767838e+00,1.898354852150905492e+00,2.779490474274373568e+00
-8.350166804762439554e+00,-1.539176174663224650e+00,1.878769366662464968e+00,2.723983585766928339e+00
-8.364718093885636918e+00,-1.491476746515449703e+00,1.847749334212680505e+00,2.671705123976224616e+00
-8.377390554115661914e+00,-1.443404994284369192e+00,1.819313941674577828e+00,2.622847077562191487e+00
-8.389091110852236355e+00,-1.395430551023839838e+00,1.796968801959903939e+00,2.575550564182900182e+00
-8.399672346981875037e+00,-1.346573774496501397e+00,1.771103836205543569e+00,2.526921469570852175e+00
-8.408950678517669530e+00,-1.297614720764683094e+00,1.744856415026331264e+00,2.475293809056033467e+00
-8.416926449709158931e+00,-1.248449608037232039e+00,1.718114006742737399e+00,2.421809110024943035e+00
-8.423568227807633590e+00,-1.199108891731988535e+00,1.690822789223314526e+00,2.370226212978255198e+00
-8.428845625125260810e+00,-1.149622375684075104e+00,1.659639872311647446e+00,2.325014654884596244e+00
-8.432396582775815830e+00,-1.100000793711424008e+00,1.617817218037391314e+00,2.288738998195140262e+00
-8.433519904571152637e+00,-1.050287081809364143e+00,1.580359303152619743e+00,2.260334366628506952e+00
-8.433347663485847079e+00,-1.000549359136636340e+00,1.550968828304960301e+00,2.235503260889340371e+00
-8.431548070381403193e+00,-9.508506456672930485e-01,1.517880021515913391e+00,2.209089515426422068e+00
-8.428087989026792570e+00,-9.012460489783403750e-01,1.484066660661433223e+00,2.177810154595975156e+00
-8.422935264897711605e+00,-8.517934285137471750e-01,1.449553014359332481e+00,2.141593029038806328e+00
-8.416063206406617425e+00,-8.025535655851320227e-01,1.414403045971485806e+00,2.103045156992255027e+00
-8.407450661531367331e+00,-7.535913081240177558e-01,1.374947650581508585e+00,2.065744526417272908e+00
-8.396720325228855586e+00,-7.050551443224269965e-01,1.324349349024400269e+00,2.032274569446740120e+00
-8.383173614855865097e+00,-6.570855713441311474e-01,1.279091088147763733e+00,2.002948623831144914e+00
-8.368084620761269576e+00,-6.096888877740000989e-01,1.242675087614427687e+00,1.975978857887198181e+00
-8.351120293369890035e+00,-5.629293543384632503e-01,1.203692373181736608e+00,1.948984560090220697e+00
-8.332472289828812606e+00,-5.170775123276337704e-01,1.153506615637694077e+00,1.920706651701698631e+00
-8.310830007131922770e+00,-4.720474393908162813e-01,1.102042230793052857e+00,1.891844869597479439e+00
-8.287419619676878568e+00,-4.281108569343876069e-01,1.060215335122911107e+00,1.864854982424677621e+00
-8.262184287282449802e+00,-3.851989623378844207e-01,1.015935963192480473e+00,1.843082611454411879e+00
-8.234984889497239280e+00,-3.435131436213382239e-01,9.597756730223667709e-01,1.829568204074316418e+00
-8.204938252740586080e+00,-3.034701893663326322e-01,8.959197131520446611e-01,1.825982534812527591e+00
-8.172416309663672607e+00,-2.653241676092292778e-01,8.376786894032943742e-01,1.832235823440573119e+00
-8.137829028964164380e+00,-2.289497382010762250e-01,7.940646204470050984e-01,1.846903621896112124e+00
-8.102333728201866592e+00,-1.940162003510288447e-01,7.477845510929521655e-01,1.868059958292255907e+00
-8.064501447521447375e+00,-1.609408407782174644e-01,6.974559931201177454e-01,1.894013883699957157e+00
-8.025575694833893436e+00,-1.296968970165555124e-01,6.490082845992533045e-01,1.923757903322658613e+00
-7.984695541291040755e+00,-1.003968290907205629e-01,5.978508817764138783e-01,1.957107371869461820e+00
-7.942417052044289605e+00,-7.306698914765574759e-02,5.551270760915804070e-01,1.994460449161205240e+00
-7.899471120316442274e+00,-4.754218968255541355e-02,5.136537636317888289e-01,2.036300786275488939e+00
-7.855061847716070744e+00,-2.378419468516912438e-02,4.741753857168698461e-01,2.082878760807875373e+00
-7.810234486988097302e+00,-1.743285733743604737e-03,4.349363765033210649e-01,2.134296518568698175e+00
-7.764103305122842968e+00,1.847598918127513201e-02,3.938524209920163388e-01,2.190652650684156821e+00
-7.717205917224589484e+00,3.691617184654294448e-02,3.582836997839604076e-01,2.246978762682374064e+00
-7.669710459965490834e+00,5.382088511096072558e-02,3.281861700884805000e-01,2.301927037058668635e+00
-7.622196972535377313e+00,6.926666898689859408e-02,2.970470566803695145e-01,2.355593897075170862e+00
-7.573774653162972825e+00,8.318718916804845875e-02,2.651781031222321117e-01,2.408065018211485331e+00
-7.524953869966523712e+00,9.567534630215202007e-02,2.377812616684279456e-01,2.459416934139059485e+00
-7.475828364502810075e+00,1.069260750884630795e-01,2.141821271796257864e-01,2.509718346732569216e+00
-7.426940616981186238e+00,1.169950411526108347e-01,1.900490624772525894e-01,2.559031204171248408e+00
-7.377391845155512939e+00,1.258623787153991813e-01,1.657911630138955983e-01,2.607411595417616468e+00
-7.327662850731880617e+00,1.336068988848873040e-01,1.406354589485189488e-01,2.654910497910302425e+00
-7.277749048457314629e+00,1.399688125968538976e-01,1.126363136333811826e-01,2.701574406880258294e+00
-7.227728796431003744e+00,1.449109474416814258e-01,1.052761929848066852e-01,2.747445868421525272e+00
-7.178190062814358896e+00,1.504888972982758588e-01,1.097382581528574402e-01,2.792563933718008595e+00
-7.128233280212781686e+00,1.558734527244922674e-01,1.028602041244107840e-01,2.836964548227328464e+00
-7.078269923111531803e+00,1.608031044800535270e-01,8.613891622587381558e-02,2.880680886855532918e+00
-7.028275891058844316e+00,1.645050329872752570e-01,6.517659488108756838e-02,2.923743644010341480e+00
-6.978249181242516030e+00,1.673313624598247173e-01,4.827451264840433576e-02,2.966181285742151008e+00
-6.928212206355706115e+00,1.693393144996044875e-01,3.251390791281710824e-02,3.008020269859073004e+00
-6.878183352986837029e+00,1.705860405646721922e-01,1.784672332335935849e-02,3.049285238851744406e+00
-6.828176412093716507e+00,1.711248152102080589e-01,4.228594289390735783e-03,3.089999189623717335e+00
-6.778204314867203983e+00,1.710088138741978625e-01,-8.395908964786103976e-03,3.130183623347249977e+00
-6.728218953095768562e+00,1.702855617639986718e-01,-2.032543127678740347e-02,3.169858678216965320e+00
-6.678797555012984333e+00,1.689880503259297839e-01,-3.140114731241997609e-02,3.209043247428039258e+00
-6.629002343232865968e+00,1.671690219784727205e-01,-4.121211441771800016e-02,3.247755084340502751e+00
-6.579273508022163597e+00,1.648841302324504099e-01,-5.004851075412716094e-02,3.286010896490709321e+00
-6.529616622936665671e+00,1.621907573854315388e-01,-5.777472583280280488e-02,3.323826429862390519e+00
-6.480032177567101037e+00,1.591441015690069349e-01,-6.434200735163858598e-02,3.361216544623070845e+00
-6.430522585919100642e+00,1.558060350033940722e-01,-6.941261793868691576e-02,3.398195283359086716e+00
-6.381084522032439033e+00,1.522648338493013398e-01,-7.206103593934662377e-02,3.434775932697798684e+00
-6.331220516132395559e+00,1.486378129886816168e-01,-7.243546197315313406e-02,3.470971079083794653e+00
-6.281358516730147556e+00,1.450284740123777283e-01,-7.109329845472212028e-02,3.506792659372979237e+00
-6.231491761866228885e+00,1.415357977265330192e-01,-6.776207058126076932e-02,3.542252006821126731e+00
-6.181613666459989886e+00,1.382591924225735625e-01,-6.239470056512979451e-02,3.577359892969169675e+00
-6.131718386796614517e+00,1.353023766567318376e-01,-5.805965518348908672e-02,3.612126565864003602e+00
-6.081819156154582018e+00,1.324586383583934435e-01,-6.171982769229230475e-02,3.646561784999202693e+00
-6.031922445975784974e+00,1.291351553871038504e-01,-6.149861127017131751e-02,3.680674853313270045e+00
-5.982025041388581599e+00,1.263136900396375495e-01,-6.021043945728383334e-02,3.714474646542731850e+00
-5.932123763374804071e+00,1.231189609287639541e-01,-5.784490395090872289e-02,3.747969640192519325e+00
-5.882215544358771808e+00,1.205337712325444954e-01,-5.746132792278060841e-02,3.781167934355856186e+00
-5.832315549406889232e+00,1.173775279960693751e-01,-6.301157282607339205e-02,3.814077276589584287e+00
-5.782414408064171063e+00,1.142368085153364632e-01,-5.560983367971224223e-02,3.846705083027955663e+00
-5.732499860226470290e+00,1.118210652398410332e-01,-5.284088957631227074e-02,3.879058457897895718e+00
-5.682586282798282262e+00,1.089568865282632970e-01,-6.170660274128738493e-02,3.911144211581221164e+00
-5.632700308351995311e+00,1.056549456968003398e-01,-7.602825565760984450e-02,3.942968877353888235e+00
-5.582853324915270754e+00,1.013597201089346811e-01,-8.604568745012296238e-02,3.974538726918819709e+00
-5.533046366091213031e+00,9.705892867935972390e-02,-9.455950688058543940e-02,4.000000000000000000e+00
-5.483275640676207985e+00,9.191553821220566078e-02,-1.001970762728869729e-01,4.000000000000000000e+00
-5.433530173945200659e+00,8.705419406305736629e-02,-1.025838491766657701e-01,4.000000000000000000e+00
-5.383798519343262257e+00,8.167484451092832387e-02,-1.009659662231804644e-01,4.000000000000000000e+00
-5.334048296272051459e+00,7.697563951208152844e-02,-9.046226571196150368e-02,4.000000000000000000e+00
-5.284262903690607693e+00,7.264598476447048370e-02,-8.308632102676721809e-02,4.000000000000000000e+00
-5.234445575633129621e+00,6.868092001924175349e-02,-7.580240387968076310e-02,4.000000000000000000e+00
-5.184599323277783611e+00,6.507674260030515967e-02,-6.860539817469041290e-02,4.000000000000000000e+00
-5.134727055721991285e+00,6.182893780427356489e-02,-6.149339293893664460e-02,4.000000000000000000e+00
-5.084831578246935990e+00,5.893394062618462215e-02,-5.445053608570995379e-02,4.000000000000000000e+00
-5.034915641483689086e+00,5.638877528685526386e-02,-4.750860900597075887e-02,4.000000000000000000e+00
-4.984981956016795834e+00,5.418665177557357993e-02,-4.066370240982748741e-02,4.000000000000000000e+00
-4.935033128748423259e+00,5.232494236713680635e-02,-3.390595579817949623e-02,4.000000000000000000e+00
-4.885071672979242052e+00,5.079779941172191116e-02,-2.725989698635290434e-02,4.000000000000000000e+00
-4.835100022355557137e+00,4.960010120294366942e-02,-2.073683597888904481e-02,4.000000000000000000e+00
-4.785120505181328809e+00,4.872483129394034052e-02,-1.433260699214472349e-02,4.000000000000000000e+00
-4.735135327160363339e+00,4.816724839833952387e-02,-8.034894167283448269e-03,4.000000000000000000e+00
-4.685146578545987595e+00,4.792153408703470063e-02,-1.840607877665561068e-03,4.000000000000000000e+00
-4.635156250536437206e+00,4.798322591449100116e-02,4.254311850485573664e-03,4.000000000000000000e+00
-4.585166245116386818e+00,4.834688417052390719e-02,1.024685119212205911e-02,4.000000000000000000e+00
-4.535178382641385397e+00,4.900772010616805119e-02,1.364148159823892412e-02,4.000000000000000000e+00
-4.485190518791345227e+00,4.971078580533472291e-02,8.554679882335379168e-03,4.000000000000000000e+00
-4.435201535144114970e+00,4.986301089637379391e-02,9.786888075088661515e-03,4.000000000000000000e+00
-4.385215278069386713e+00,5.068926353732905454e-02,2.033212557059688869e-02,4.000000000000000000e+00
-4.335235358792003169e+00,5.189581587185898570e-02,2.785016845847466602e-02,4.000000000000000000e+00
-4.285264473703254140e+00,5.347363019489748126e-02,3.518852331536789779e-02,4.000000000000000000e+00
-4.235305114824056361e+00,5.541366568311367757e-02,4.234345867217021581e-02,4.000000000000000000e+00
-4.185359553402563826e+00,5.770648015010415577e-02,4.929970736374508777e-02,4.000000000000000000e+00
-4.135429886065607796e+00,6.034147816640711426e-02,5.609782278460576782e-02,4.000000000000000000e+00
-4.085518091568773436e+00,6.331325145592980874e-02,6.274231549494077576e-02,4.000000000000000000e+00
-4.035625937243370487e+00,6.661163887215870716e-02,6.919417583792902837e-02,4.000000000000000000e+00
-3.985755020271797733e+00,7.022731293654338458e-02,7.548888223967734068e-02,4.000000000000000000e+00
-3.935906780415766804e+00,7.415365824968311870e-02,8.160571543873867961e-02,4.000000000000000000e+00
-3.886082474516747709e+00,7.837926633988878677e-02,8.754926819704125784e-02,4.000000000000000000e+00
-3.836283221118577114e+00,8.289798076375021196e-02,9.332102274827641653e-02,4.000000000000000000e+00
-3.786509925464176973e+00,8.769854746807581591e-02,9.889685257212248171e-02,4.000000000000000000e+00
-3.736763359300702803e+00,9.277239540159953890e-02,1.043152586464051457e-01,4.000000000000000000e+00
-3.687044211827313234e+00,9.811213897596360312e-02,1.095658812886807498e-01,4.000000000000000000e+00
-3.637353011990715590e+00,1.037081729542865816e-01,1.146371948349841074e-01,4.000000000000000000e+00
-3.587690106103043064e+00,1.095519718097630602e-01,1.195256232209894187e-01,4.000000000000000000e+00
-3.538055715448449767e+00,1.156335886887163156e-01,1.242434753982166185e-01,4.000000000000000000e+00
-3.488449950954417123e+00,1.219457512577246661e-01,1.287851581949948365e-01,4.000000000000000000e+00
-3.438872770116674360e+00,1.284779692937672024e-01,1.331501572447285897e-01,4.000000000000000000e+00
-3.389324032022022593e+00,1.352229394448087874e-01,1.373463887442189502e-01,4.000000000000000000e+00
-3.339803423391613180e+00,1.421709966739097553e-01,1.413409996383644396e-01,4.000000000000000000e+00
-3.290310457842126279e+00,1.493115596112275512e-01,1.451539706444087141e-01,4.000000000000000000e+00
-3.240844674278015702e+00,1.566369929816318063e-01,1.510099601163031047e-01,4.000000000000000000e+00
-3.191439768701032520e+00,1.643565547377932035e-01,1.644480449268413691e-01,4.000000000000000000e+00
-3.142106549238386837e+00,1.730222546639694770e-01,1.628462965531383422e-01,4.000000000000000000e+00
-3.092744967480387075e+00,1.805722323962797304e-01,1.433941969191975530e-01,4.000000000000000000e+00
-3.043267148377650777e+00,1.872931980682288611e-01,1.273267348687235623e-01,4.000000000000000000e+00
-2.993692416946671209e+00,1.932528709974246084e-01,1.205591248071618410e-01,4.000000000000000000e+00
-2.944075143837686426e+00,1.993099751064679737e-01,1.204506982607695259e-01,4.000000000000000000e+00
-2.894446314851859992e+00,2.052652830708012743e-01,1.182456186751327937e-01,4.000000000000000000e+00
-2.844804333989727319e+00,2.111033297347777449e-01,1.157510467947671928e-01,4.000000000000000000e+00
-2.795147782901850064e+00,2.168108016647760650e-01,1.129714134441456297e-01,4.000000000000000000e+00
-2.745475382352362104e+00,2.223726443310685141e-01,1.099081653452156915e-01,4.000000000000000000e+00
-2.695786009672411332e+00,2.277756585730159600e-01,1.065850110368758569e-01,4.000000000000000000e+00
-2.646078722925447657e+00,2.330071394860695477e-01,1.029845376557939896e-01,4.000000000000000000e+00
-2.596352633551972211e+00,2.380521146175116343e-01,9.908982758799211865e-02,4.000000000000000000e+00
-2.546606958110229968e+00,2.428961668249307593e-01,9.492323608086046527e-02,4.000000000000000000e+00
-2.496841145362939329e+00,2.475265403993471836e-01,9.048558024593440774e-02,4.000000000000000000e+00
-2.447054808015939109e+00,2.519288665227996660e-01,8.575555467780915375e-02,4.000000000000000000e+00
-2.397247695078901231e+00,2.560882298655222655e-01,8.074557526608337754e-02,4.000000000000000000e+00
-2.347419782618301198e+00,2.599914839325805360e-01,7.545157848338282514e-02,4.000000000000000000e+00
-2.297571244654202260e+00,2.636232796813828827e-01,6.986656818067471519e-02,4.000000000000000000e+00
-2.247702478941235427e+00,2.669697478455201889e-01,6.400915367832392400e-02,4.000000000000000000e+00
-2.197814148966635184e+00,2.700173819142959175e-01,5.785700769131922605e-02,4.000000000000000000e+00
-2.147907125181834687e+00,2.727500595713925335e-01,5.141604534447891811e-02,4.000000000000000000e+00
-2.097982554224055995e+00,2.751548556729819239e-01,4.469796582496454035e-02,4.000000000000000000e+00
-2.048041878735053611e+00,2.772168080581955962e-01,3.770625611207541888e-02,4.000000000000000000e+00
-1.998086818190417002e+00,2.789233360100737968e-01,3.041565282409023838e-02,4.000000000000000000e+00
-1.948119357040172694e+00,2.802569543370694305e-01,2.282784714542308163e-02,4.000000000000000000e+00
-1.898141808259583563e+00,2.812052618120759462e-01,1.633611278248055243e-02,4.000000000000000000e+00
-1.848158706653393990e+00,2.818900680737499442e-01,1.944662285062750615e-02,4.000000000000000000e+00
-1.798178739045399599e+00,2.831494510029983758e-01,2.811145935878494109e-02,4.000000000000000000e+00
-1.748207179572671244e+00,2.847005917468123926e-01,3.273489908832306894e-02,4.000000000000000000e+00
-1.698242468414751016e+00,2.864220237550796355e-01,3.497303461288907983e-02,4.000000000000000000e+00
-1.648281464070617375e+00,2.881967227579025348e-01,3.503590547558876889e-02,4.000000000000000000e+00
-1.598320906069260250e+00,2.899242993172208571e-01,3.295444850555520611e-02,4.000000000000000000e+00
-1.548355426802572321e+00,2.914909227894852961e-01,2.394028335372426486e-02,4.000000000000000000e+00
-1.498380755893946814e+00,2.923173520307855711e-01,2.772552372534071996e-02,4.000000000000000000e+00
-1.448411794070135983e+00,2.942626225925941696e-01,3.742333346038417136e-02,4.000000000000000000e+00
-1.398451580349243661e+00,2.960587816841346864e-01,2.855421791086085875e-02,4.000000000000000000e+00
-1.348480605081592953e+00,2.971168553077978558e-01,1.623203997304091192e-02,4.000000000000000000e+00
-1.298497207306806844e+00,2.976813875729344971e-01,6.275351392637452258e-03,4.000000000000000000e+00
-1.248508035048699005e+00,2.977442265497014517e-01,-3.646498971079031176e-03,4.000000000000000000e+00
-1.198518171190384507e+00,2.973168125046923294e-01,-1.332492550975083317e-02,4.000000000000000000e+00
-1.148532367240468588e+00,2.964119793739907749e-01,-2.277650901475455208e-02,4.000000000000000000e+00
-1.098555044781191592e+00,2.950396076599020034e-01,-3.200728711044200508e-02,4.000000000000000000e+00
-1.048590306875405886e+00,2.932120123258998845e-01,-4.100492367454128956e-02,4.000000000000000000e+00
-9.986419351117389320e-01,2.909403804809072014e-01,-4.977646018223835095e-02,4.000000000000000000e+00
-9.487133984627673655e-01,2.882363833268914988e-01,-5.830929338826729147e-02,4.000000000000000000e+00
-8.988078463142390451e-01,2.851125189508545432e-01,-6.661150015754892240e-02,4.000000000000000000e+00
-8.489281292642061327e-01,2.815796884826644586e-01,-7.467165334924676101e-02,4.000000000000000000e+00
-7.990767873724411441e-01,2.776515636616325722e-01,-8.249873784166561475e-02,4.000000000000000000e+00
-7.492560805148575920e-01,2.733381643878898259e-01,-9.007967708696325293e-02,4.000000000000000000e+00
-6.994679475862396467e-01,2.686544832163342278e-01,-9.741165071350059435e-02,4.000000000000000000e+00
-6.497140693374893194e-01,2.636108256136395767e-01,-1.045257828190808980e-01,4.000000000000000000e+00
-5.999959537118741970e-01,2.582190629317082653e-01,-1.114026029308173710e-01,4.000000000000000000e+00
-5.503148303615990056e-01,2.524914544256606774e-01,-1.180561723460167717e-01,4.000000000000000000e+00
-5.006717266989455517e-01,2.464384441009368487e-01,-1.232110452098600373e-01,4.000000000000000000e+00
-4.510516674942630644e-01,2.401988689087648510e-01,-1.182897321034294263e-01,4.000000000000000000e+00
-4.014093599867536444e-01,2.346416518892926462e-01,-1.143873533687897598e-01,4.000000000000000000e+00
-3.517513430440153410e-01,2.287903660901680070e-01,-1.189333813373878446e-01,4.000000000000000000e+00
-3.021133332161050067e-01,2.227760398917162377e-01,-1.230677194968796129e-01,4.000000000000000000e+00
-2.525069712950124279e-01,2.165145497907987604e-01,-1.353368244592945968e-01,4.000000000000000000e+00
-2.029719683478474757e-01,2.092760393229076143e-01,-1.450084124858631862e-01,4.000000000000000000e+00
-1.535043067530925676e-01,2.020568521106591575e-01,-1.541928236611106451e-01,4.000000000000000000e+00
-1.041123150137943654e-01,1.939106236718739495e-01,-1.704234203023870797e-01,4.000000000000000000e+00
-5.484265349150074798e-02,1.850778968109647593e-01,-1.832017842277559316e-01,4.000000000000000000e+00
-5.685092147210468738e-03,1.756740993446292975e-01,-1.930836083185240859e-01,4.000000000000000000e+00
4.338633548173831400e-02,1.658722231702540739e-01,-1.919275141209952629e-01,4.000000000000000000e+00
9.246504159345159124e-02,1.566016254048836487e-01,-1.822461517164151168e-01,4.000000000000000000e+00
1.416262867779036760e-01,1.477674833096873641e-01,-1.733290029378269093e-01,4.000000000000000000e+00
1.908666119574482511e-01,1.393728988883626840e-01,-1.643736487759992759e-01,4.000000000000000000e+00
2.401824028209539330e-01,1.314199594305369700e-01,-1.553721825219724351e-01,4.000000000000000000e+00
2.895700332025479273e-01,1.239125250999100203e-01,-1.463191068631144176e-01,4.000000000000000000e+00
3.390258468916750312e-01,1.168531714794616150e-01,-1.372279147289677814e-01,4.000000000000000000e+00
3.885460321775663362e-01,1.102443498290144319e-01,-1.281011073677532364e-01,4.000000000000000000e+00
4.381267034785657488e-01,1.040883423408409669e-01,-1.189415111355593135e-01,4.000000000000000000e+00
4.877639065838100807e-01,9.838725869149644865e-02,-1.098870293536239467e-01,4.000000000000000000e+00
5.374522588084684749e-01,9.312960708622863848e-02,-1.094002726386319874e-01,4.000000000000000000e+00
5.871443524000499181e-01,8.747142762184711984e-02,-1.075397366438757829e-01,4.000000000000000000e+00
6.368467986655961255e-01,8.239934810460169956e-02,-9.600111011454323662e-02,4.000000000000000000e+00
6.866071798811276272e-01,7.789344342602877447e-02,-8.462157964671844501e-02,4.000000000000000000e+00
7.364189685076276692e-01,7.395322380415425556e-02,-7.326749144090001498e-02,4.000000000000000000e+00
7.862755980457356575e-01,7.057789350126864036e-02,-6.195348139679871663e-02,4.000000000000000000e+00
8.361704971276324727e-01,6.776535046999576650e-02,-5.066432770253920248e-02,3.994626563799552610e+00
8.860971986321938276e-01,6.551616753829048179e-02,-3.939478385159644880e-02,3.968479544830941563e+00
9.360492872702783629e-01,6.382861037028231266e-02,-2.817934043268668573e-02,3.961491088517788306e+00
9.860203322905815027e-01,6.269965399048249566e-02,-1.701240353697311761e-02,3.964616876049506633e+00
1.036003999106516860e+00,6.212797640704703639e-02,-5.894233544046511425e-03,3.972302044965544621e+00
1.085994645076297394e+00,6.211037521826323626e-02,5.164226663817202655e-03,3.981980925644224456e+00
1.135981830403258952e+00,6.264428917911768480e-02,1.618710310646109818e-02,3.992762339454098974e+00
1.185963174396992725e+00,6.372871745950359212e-02,2.714658221889266337e-02,4.000000000000000000e+00
1.235932732453637328e+00,6.535828127256682052e-02,3.801258118512647333e-02,4.000000000000000000e+00
1.285884634000640681e+00,6.752882055883802082e-02,4.883106098142579732e-02,4.000000000000000000e+00
1.335813126045735988e+00,7.023942713249731185e-02,5.957348081182369665e-02,4.000000000000000000e+00
1.385712636795416008e+00,7.348296759010697343e-02,7.023142087029331238e-02,4.000000000000000000e+00
1.435577631812439137e+00,7.725757281104694840e-02,8.082667759268448437e-02,4.000000000000000000e+00
1.485402825949709626e+00,8.155818703810790993e-02,9.132130026443646686e-02,4.000000000000000000e+00
1.535182997304427310e+00,8.637903479669351015e-02,1.017471622415790783e-01,4.000000000000000000e+00
1.584913068909460154e+00,9.171815640477554155e-02,1.120819192104170470e-01,4.000000000000000000e+00
1.634588221411253706e+00,9.756745334629091104e-02,1.223128991418444694e-01,4.000000000000000000e+00
1.684203686877316697e+00,1.039236068630886578e-01,1.324621325293753038e-01,4.000000000000000000e+00
1.733754921830279461e+00,1.107806570878837604e-01,1.425110610448641901e-01,4.000000000000000000e+00
1.783237498237772334e+00,1.181333480164861172e-01,1.524634333737798220e-01,4.000000000000000000e+00
1.832647271661325350e+00,1.259760465819841357e-01,1.622937504376023854e-01,4.000000000000000000e+00
1.881980386409106032e+00,1.343008986602658439e-01,1.719953359247562708e-01,4.000000000000000000e+00
1.931233264974608899e+00,1.431015830669011279e-01,1.815573025277683328e-01,4.000000000000000000e+00
1.980402754638684648e+00,1.523691643990918720e-01,1.909635791170797847e-01,4.000000000000000000e+00
2.029485845224456853e+00,1.620956974063751943e-01,2.002382913747545734e-01,4.000000000000000000e+00
2.078479556168023379e+00,1.722746486915784914e-01,2.094002833121318963e-01,4.000000000000000000e+00
2.127380668084562387e+00,1.828998707817675040e-01,2.185074497543285643e-01,4.000000000000000000e+00
2.176185220559520239e+00,1.939704608506644945e-01,2.239023888951596764e-01,4.000000000000000000e+00
2.224971992273682808e+00,2.051234209535159891e-01,2.159061248968388025e-01,4.000000000000000000e+00
2.273843632349180410e+00,2.153893663527295388e-01,2.005066090045354021e-01,4.000000000000000000e+00
2.322835903805064106e+00,2.250130392372424737e-01,1.862361222032981878e-01,3.952402455168650963e+00
2.371963570961807655e+00,2.338770810702577307e-01,1.695051669434784747e-01,3.901481504406939749e+00
2.421237915038253696e+00,2.418542926877806920e-01,1.535306031097049551e-01,3.887037190251743546e+00
2.470616691497796502e+00,2.491434945847297300e-01,1.452906325605726190e-01,3.919057621724419072e+00
2.520078051899851346e+00,2.563167466157549867e-01,1.309779027754960079e-01,3.950818543845357578e+00
2.569654758611891410e+00,2.621899834642347216e-01,1.104206888799347530e-01,3.982326165746402413e+00
2.619323051463528174e+00,2.673202049557268367e-01,1.069474698193518120e-01,4.000000000000000000e+00
2.668995887899719310e+00,2.728549580738297564e-01,1.186975250530508535e-01,4.000000000000000000e+00
2.718634391901088687e+00,2.791638898869255314e-01,1.193997320223894321e-01,4.000000000000000000e+00
2.768301592214603257e+00,2.847687017241131713e-01,1.025448706678983024e-01,4.000000000000000000e+00
2.818027242797983334e+00,2.893919931230755083e-01,9.519150372572729446e-02,4.000000000000000000e+00
2.867777184611851382e+00,2.942666385663130768e-01,9.404542119159552127e-02,4.000000000000000000e+00
2.917559229354598660e+00,2.987802152271825662e-01,8.102266877762112629e-02,4.000000000000000000e+00
2.967384072623230562e+00,3.023547608377636919e-01,7.444600369363214842e-02,4.000000000000000000e+00
3.017225370245856908e+00,3.062136988328365561e-01,7.675713714064047455e-02,4.000000000000000000e+00
3.067069665937486533e+00,3.100214039251572018e-01,7.547230821655800947e-02,4.000000000000000000e+00
3.116918835903224494e+00,3.137521133488050395e-01,7.366883314655928161e-02,4.000000000000000000e+00
3.166774670043125184e+00,3.173798717614264575e-01,6.869460999802873280e-02,4.000000000000000000e+00
3.216655846999804336e+00,3.206143059390722527e-01,5.491978449506308008e-02,4.000000000000000000e+00
3.266569579471131135e+00,3.228661036162741027e-01,4.742265443181843676e-02,4.000000000000000000e+00
3.316497246388604658e+00,3.253526026509678815e-01,4.880810049440307413e-02,4.000000000000000000e+00
3.366428888177741996e+00,3.277439207680972189e-01,4.397478750539820375e-02,4.000000000000000000e+00
3.416376053231601428e+00,3.297475853028268844e-01,3.023186383302001873e-02,4.000000000000000000e+00
3.466342558374150506e+00,3.307654178114018961e-01,2.265502662352486887e-02,4.000000000000000000e+00
3.516317171989733481e+00,3.320121414503232060e-01,2.393271054597233966e-02,4.000000000000000000e+00
3.566293834174695476e+00,3.331579795808448097e-01,1.899306009022162789e-02,4.000000000000000000e+00
3.616276832405563635e+00,3.339109096109105224e-01,5.096544556729227550e-03,4.000000000000000000e+00
3.666265867162683989e+00,3.336674959129251050e-01,-2.689450113420072726e-03,4.000000000000000000e+00
3.716256722260820933e+00,3.336420180364889632e-01,-4.308992797496977514e-03,4.000000000000000000e+00
3.766245450137818196e+00,3.332366819436174410e-01,-1.499831885443950880e-02,4.000000000000000000e+00
3.816232834249555950e+00,3.321424319856234320e-01,-9.507112169528609755e-03,4.000000000000000000e+00
3.866221971154842674e+00,3.322861653062769705e-01,5.934623727837472348e-04,4.000000000000000000e+00
3.916212704854077131e+00,3.322017662838288032e-01,2.771826295925031679e-03,4.000000000000000000e+00
3.966201078602156649e+00,3.325632907350630774e-01,1.969136157747598120e-02,4.000000000000000000e+00
4.016179306371305380e+00,3.341704992451060008e-01,3.414601997829182917e-02,4.000000000000000000e+00
4.066143123844398133e+00,3.359772407441674602e-01,4.015558472032711157e-02,4.000000000000000000e+00
4.116097053867033395e+00,3.381849127601572746e-01,4.000302614651604638e-02,4.000000000000000000e+00
4.166052149180585751e+00,3.399760373387792356e-01,3.499945911447373964e-02,4.000000000000000000e+00
4.216011728773702671e+00,3.416833009205042515e-01,3.383758432324903559e-02,3.967467869254303281e+00
4.266408293683352504e+00,3.433731434816458261e-01,3.400635995046640686e-02,3.916742786445331248e+00
4.316748970103942540e+00,3.451103289536732177e-01,3.569128816173294111e-02,3.865352094800393878e+00
4.367031634353488734e+00,3.469660458867398489e-01,3.891988638584895077e-02,3.813268883567489720e+00
4.416821555240955099e+00,3.490071103559557741e-01,4.309787161364606045e-02,3.760464378237122318e+00
4.467041733968922124e+00,3.512789389447572574e-01,4.793079432623319897e-02,3.706907754665141663e+00
4.517199445476928865e+00,3.538219901049890481e-01,5.383749568017170278e-02,3.652565928659305960e+00
4.567292523965716278e+00,3.566814110721843178e-01,6.179377549848029394e-02,3.597403316950863239e+00
4.617309927838319616e+00,3.600160807693395526e-01,7.992553441300238870e-02,3.541381564646109759e+00
4.667222146449033993e+00,3.646853901980602330e-01,9.866156778505537350e-02,3.484459233227099162e+00
4.716575774157254486e+00,3.698417067276724701e-01,1.100756087105899811e-01,3.426591441889131673e+00
4.766312738781819824e+00,3.756371159427174256e-01,1.228427084706225914e-01,3.367729453390532424e+00
4.815883348851552448e+00,3.821026542282153216e-01,1.362023059738915465e-01,3.307820193547458931e+00
4.865410827896189616e+00,3.892185918758324092e-01,1.501197243798592929e-01,3.246805690897840879e+00
4.914794757574505901e+00,3.970637643759986624e-01,1.654413736296668491e-01,3.184622419699525864e+00
4.964016893932946317e+00,4.056826009973071301e-01,1.816862568014796231e-01,3.121200525063892339e+00
5.013059557448642956e+00,4.151162029228001593e-01,1.994326781921422764e-01,3.056462903302667566e+00
5.061890899481387152e+00,4.254648430795180403e-01,2.200705272805265900e-01,2.990324102981419152e+00
5.110041652425912240e+00,4.368104649287740671e-01,2.406054540195033675e-01,2.922689002011313431e+00
5.158419150598042791e+00,4.491488709739392959e-01,2.600891777827490925e-01,2.854667475858960302e+00
5.206511223543006217e+00,4.624826609364234287e-01,2.813291230292689349e-01,2.796148256352536166e+00
5.254285008558233550e+00,4.768535193023470953e-01,3.035960664944803988e-01,2.749130986172359403e+00
5.301704167346960261e+00,4.923047848798369763e-01,3.275944654383949883e-01,2.715448556230681376e+00
5.348706701062213575e+00,5.089417226368000424e-01,3.557639056912011988e-01,2.695041389196557002e+00
5.394780823685412230e+00,5.268896747192668428e-01,3.828824430647703170e-01,2.684149957770629591e+00
5.440851680057699369e+00,5.460539296813087251e-01,4.041539013667307390e-01,2.674637001296618521e+00
5.486890089515545021e+00,5.662846501830935964e-01,4.280828606584068385e-01,2.655783374025202814e+00
5.531926715902867997e+00,5.876117127595599232e-01,4.520414600589523491e-01,2.618690839412098015e+00
5.576885258824072267e+00,6.099840881171696427e-01,4.729336802631096681e-01,2.561100800332926752e+00
5.621278938612112697e+00,6.333298561424571815e-01,4.958178202627665510e-01,2.489034732658983895e+00
5.665069258246802519e+00,6.576814466110347812e-01,5.211804978448735248e-01,2.413702860735442268e+00
5.708131265817252498e+00,6.831944164725969326e-01,5.558739695602016306e-01,2.346188972502453396e+00
5.750248486151348537e+00,7.105961885483640383e-01,5.953430098849169516e-01,2.293663950704117216e+00
5.791279857672002152e+00,7.395127711437432527e-01,6.318967494599341261e-01,2.258448959845187787e+00
5.831203300800027911e+00,7.698570422723696183e-01,6.675266857546363619e-01,2.238911026430228990e+00
5.869995615523294852e+00,8.015593895205379571e-01,7.024936108031644144e-01,2.230893684288074663e+00
5.907628207898363293e+00,8.345553164846566396e-01,7.370068953985824400e-01,2.229147142270405890e+00
5.944072419403632956e+00,8.687926762461173347e-01,7.712782276204871446e-01,2.228668467823574861e+00
5.979291984462316911e+00,9.042233641344952222e-01,8.054770493736985726e-01,2.225701989203813902e+00
6.013249475318104942e+00,9.408050394473747025e-01,8.400258168939435111e-01,2.218037835876947916e+00
6.045960490264057796e+00,9.786047693562101024e-01,8.746230040553266694e-01,2.204637894215631722e+00
6.077278518106432159e+00,1.017416077496875682e+00,9.095278990631630034e-01,2.185065989099440387e+00
6.107179098801738704e+00,1.057277833689070023e+00,9.452873248179334276e-01,2.159169638448485529e+00
6.135598695711212081e+00,1.098163016184122043e+00,9.818803396383258830e-01,2.127122023446132992e+00
6.162464411618348237e+00,1.140041913139487884e+00,1.019507083889571231e+00,2.089625500643780054e+00
6.187693877707394208e+00,1.182887094000731665e+00,1.058374534324062255e+00,2.047977055333183305e+00
6.211195515696689817e+00,1.226668432234706785e+00,1.098700681856834338e+00,2.003872871175621739e+00
6.232864641832922104e+00,1.271352259578697463e+00,1.140736296650373571e+00,1.959070874106362492e+00
6.252584559821600330e+00,1.316900859129180423e+00,1.187961798571655736e+00,1.915060502955002075e+00
6.269951273960516325e+00,1.363446472379830521e+00,1.237333676331445531e+00,1.872845699845414824e+00
6.285083395517848004e+00,1.410720108408815010e+00,1.285515247404895867e+00,1.832956450275366800e+00
6.297877696407903514e+00,1.458667227458801285e+00,1.335828158589738912e+00,1.795667310993818822e+00
6.308179751909152699e+00,1.507200127678170798e+00,1.389169881775351278e+00,1.761192965786773978e+00
6.315793359006977248e+00,1.556220347374351443e+00,1.446489478771556980e+00,1.729712347387065696e+00
6.320536335551961926e+00,1.606091481946454014e+00,1.505065586222693375e+00,1.701309813708523189e+00
6.322343227193764292e+00,1.655723752384131497e+00,1.565156932568950499e+00,1.675935079528253935e+00
6.321096258452831407e+00,1.705378203662337944e+00,1.626846800739095711e+00,1.653382127306226357e+00
6.316752964517569069e+00,1.755355509798375291e+00,1.689607057897057674e+00,1.633331355746822311e+00
6.309287460926731761e+00,1.804301766950237029e+00,1.753584875616522432e+00,1.615508318828964507e+00
6.298638868961906390e+00,1.853347994787299058e+00,1.818617166264802743e+00,1.599850577784922123e+00
6.284794788223070583e+00,1.901102344869018745e+00,1.887416585149228831e+00,1.586538137904484058e+00
6.267689095198928584e+00,1.947809965347521821e+00,1.953485726697104630e+00,1.575944358059656825e+00
6.247490953154269278e+00,1.993774731655273413e+00,2.021626551457041732e+00,1.568607182396896116e+00
6.224134277613724286e+00,2.037784492431672145e+00,2.095949207473783549e+00,1.565135913072018159e+00
6.197615253007327851e+00,2.079852762152724743e+00,2.163611561969346564e+00,1.566015971219413938e+00
6.168285418126438380e+00,2.120690500861933891e+00,2.230421350577085349e+00,1.571490086225729499e+00
6.136244399434946928e+00,2.158989470530563004e+00,2.304264850454675440e+00,1.581607578569949935e+00
6.101460108448708120e+00,2.194843343049780682e+00,2.374741023902029902e+00,1.596357883536166700e+00
6.064326532989213980e+00,2.228287962682182322e+00,2.436832033232687156e+00,1.615902880711847178e+00
6.025086552501931259e+00,2.259795939928819664e+00,2.502002366497816155e+00,1.640918091491744057e+00
5.983863048608694335e+00,2.288145326519205991e+00,2.564728387858964620e+00,1.672782325015880645e+00
5.941030530227960682e+00,2.314490847982030086e+00,2.625173622501670412e+00,1.713353317748376625e+00
5.896662407197272415e+00,2.337659301015228230e+00,2.690628493699393164e+00,1.764405213101100989e+00
5.850965460095186366e+00,2.358104386176553380e+00,2.743749086466463538e+00,1.826978863666272268e+00
5.804222786499054543e+00,2.376507386809419309e+00,2.795630921099764077e+00,1.894150546360925613e+00
5.756449700787137580e+00,2.392173428680230529e+00,2.841574524178666739e+00,1.959020371582562925e+00
5.708282761786274584e+00,2.406187020023554446e+00,2.876563564192588629e+00,2.021809916948567487e+00
5.659675357064394952e+00,2.418439319742497151e+00,2.912062409004958052e+00,2.082707340042682098e+00
5.610713248196868896e+00,2.428983932752462049e+00,2.947678283235219521e+00,2.141874036507225298e+00
5.560970573389561800e+00,2.437823169208213070e+00,2.981758215675814672e+00,2.199449683957294788e+00
5.510960825135010843e+00,2.445064980115240871e+00,3.011775197205731391e+00,2.255556125716213334e+00
5.460763648922723590e+00,2.450905349414274070e+00,3.037898599912899122e+00,2.310300404763853344e+00
5.410927108578778899e+00,2.455475220349056187e+00,3.062465501933715917e+00,2.363777164676931886e+00
5.360567284366978491e+00,2.458850190437364081e+00,3.085494669780272758e+00,2.416070571867511507e+00
5.310155809647864267e+00,2.461134224555572736e+00,3.106052206107757563e+00,2.467255870849291099e+00
5.259722246361796749e+00,2.462435778021422994e+00,3.124559720505659666e+00,2.517400654690544748e+00
5.209289654726358521e+00,2.462852437189098520e+00,3.141237021278353581e+00,2.566565911920532184e+00
5.158877375952045874e+00,2.462471641717295157e+00,-3.129003696826582193e+00,2.614806896164334926e+00
5.108987098506265312e+00,2.461589665936132043e+00,-3.125236515204334431e+00,2.662173853869174600e+00
5.058697868757220384e+00,2.460832945701854957e+00,-3.117036474092823362e+00,2.708712637438815296e+00
5.008455896305804345e+00,2.459120507364127128e+00,-3.101378458581037112e+00,2.754465225087590952e+00
4.958270336456727989e+00,2.456792154868098432e+00,-3.089761199366436895e+00,2.799470164194096888e+00
4.908146799027294449e+00,2.453916680118839899e+00,-3.079461862339171407e+00,2.843762951479784196e+00
4.858091784096147947e+00,2.450559960834117756e+00,-3.070401091519523451e+00,2.887376360678514331e+00
4.808106208255303216e+00,2.446782577672821368e+00,-3.062184053474285683e+00,2.930340726298085396e+00
4.758289183768813935e+00,2.442618075916403342e+00,-3.054230974072986271e+00,2.972684190457721698e+00
4.708901014181721578e+00,2.438093729434137380e+00,-3.047987954207752370e+00,3.014432918509444725e+00
4.659147484641328774e+00,2.433310747976529242e+00,-3.043732488374464307e+00,3.055611288136869330e+00
4.609463218134090212e+00,2.428331547494424925e+00,-3.040299730601437656e+00,3.096242055813070326e+00
4.559842953095692764e+00,2.423217357818266748e+00,-3.038116582041614944e+00,3.136346503845140798e+00
4.510283488615964842e+00,2.418032032449730195e+00,-3.036963233565743714e+00,3.175944570702978531e+00
4.460782203813749014e+00,2.412814700951500413e+00,-3.036206368653930010e+00,3.215054966897738176e+00
4.411827887092563572e+00,2.407617578554489768e+00,-3.037728579569819676e+00,3.253695278321236284e+00
4.362482665894103384e+00,2.402568037809846402e+00,-3.042908063845644051e+00,3.291882058665831945e+00
4.312678241449844130e+00,2.397801149492895689e+00,-3.049589120875384474e+00,3.329630912302756318e+00
4.263332861989846734e+00,2.393420079583686189e+00,-3.058624368209309274e+00,3.366956568795946847e+00
4.213512687319720840e+00,2.389554622502524595e+00,-3.070669539556211802e+00,3.403872950060601976e+00
4.163647393290332843e+00,2.386338197572353437e+00,-3.084865966919664970e+00,3.440393231034841293e+00
4.113737401682248773e+00,2.383888622259735968e+00,-3.097354646352250107e+00,3.476529894614232230e+00
4.063803731819632503e+00,2.381918429413417471e+00,-3.091591318612956663e+00,3.512294781498633611e+00
4.013879869463008454e+00,2.378891447111996627e+00,-3.082287655475516086e+00,3.547699135515668623e+00
3.963976253240462988e+00,2.375991210514747820e+00,-3.074254762085207648e+00,3.582753644912626712e+00
3.914105417894648387e+00,2.372162672541918482e+00,-3.060872728959350475e+00,3.617468480046619916e+00
3.864267629259533265e+00,2.367925211728035606e+00,-3.060259369728305590e+00,3.651853327849694963e+00
3.814440880548433555e+00,2.364038706906676168e+00,-3.058533646319730348e+00,3.685917423399903026e+00
3.764621294706319343e+00,2.359629600739072686e+00,-3.059639391181311563e+00,3.719669578889913897e+00
3.714790431422912320e+00,2.355853694856561376e+00,-3.070130517500874845e+00,3.753118210250665499e+00
3.664927960873099799e+00,2.352493149781228254e+00,-3.078407225899551847e+00,3.786271361657963741e+00
3.615037664885706548e+00,2.349542372298842885e+00,-3.086580878355088320e+00,3.819136728124215896e+00
3.565123210963933253e+00,2.346997168038215342e+00,-3.094649985436527029e+00,3.851721676355059465e+00
3.515188157330629615e+00,2.344851724034606733e+00,-3.102622732704915176e+00,3.884033264031027777e+00
3.465235934539240947e+00,2.343102597076031302e+00,-3.110513237739454873e+00,3.916078257657220174e+00
3.415269862947407198e+00,2.341745321558792448e+00,-3.118293493324570509e+00,3.947863149108856717e+00
3.365293179405976165e+00,2.340773593357683424e+00,-3.125967325134791697e+00,3.979394170987311075e+00
3.315308996249788809e+00,2.340183273056751112e+00,-3.133548743836459760e+00,4.000000000000000000e+00
3.265320301330620456e+00,2.339969403203686404e+00,-3.141018657640340273e+00,4.000000000000000000e+00
3.215329969543890165e+00,2.340125885494089175e+00,3.134818192085914834e+00,4.000000000000000000e+00
3.165340748579871910e+00,2.340646721196462998e+00,3.127588685084725650e+00,4.000000000000000000e+00
3.115355256559404484e+00,2.341526019754529564e+00,3.120467779185394530e+00,4.000000000000000000e+00
3.065375992064385713e+00,2.342758778307826084e+00,3.113453768962340273e+00,4.000000000000000000e+00
3.015405325597164676e+00,2.344339241869709767e+00,3.106570973825785842e+00,4.000000000000000000e+00
2.965445484056558723e+00,2.346259944089333693e+00,3.099814641866963871e+00,4.000000000000000000e+00
2.915498568833754689e+00,2.348515577603020432e+00,3.093176091019846030e+00,4.000000000000000000e+00
2.865566561632259202e+00,2.351099520363487017e+00,3.086659781977627581e+00,4.000000000000000000e+00
2.815651347434874552e+00,2.354005995974427279e+00,3.080240386856670121e+00,4.000000000000000000e+00
2.765754740975045145e+00,2.357230896778034435e+00,3.073928884224804037e+00,4.000000000000000000e+00
2.715878445298258725e+00,2.360767328426941702e+00,3.069692240798186145e+00,4.000000000000000000e+00
2.666009698130753058e+00,2.364414990597751398e+00,3.075589065970080416e+00,4.000000000000000000e+00
2.616126985802460503e+00,2.367360860255024235e+00,3.079071556845397684e+00,4.000000000000000000e+00
2.566239312331170197e+00,2.370660884828128090e+00,3.073832029393768206e+00,4.000000000000000000e+00
2.516363166003324991e+00,2.374131284268932163e+00,3.070516551677240802e+00,4.000000000000000000e+00
2.466498481864657588e+00,2.377762036182914152e+00,3.065712202486472915e+00,4.000000000000000000e+00
2.416658793422731044e+00,2.381711451094716381e+00,3.052671611587174372e+00,4.000000000000000000e+00
2.366864968812006254e+00,2.386644976659716200e+00,3.042872411754127260e+00,4.000000000000000000e+00
2.317116709769932115e+00,2.391570317633196829e+00,3.032713685283495497e+00,4.000000000000000000e+00
2.267430973742760258e+00,2.397514231771447513e+00,3.016969896152221331e+00,4.000000000000000000e+00
2.217814949851087736e+00,2.404010043312108991e+00,3.013742585266324880e+00,4.000000000000000000e+00
2.168230570314385819e+00,2.410266567657449954e+00,3.008264878742814119e+00,4.000000000000000000e+00
2.118692608166499625e+00,2.417304674512877227e+00,2.996953261882931763e+00,4.000000000000000000e+00
2.069209962449516382e+00,2.424689567752523089e+00,2.999246547042192290e+00,4.000000000000000000e+00
2.019714032326485054e+00,2.431489827567844486e+00,3.009157639870148948e+00,4.000000000000000000e+00
1.970162105618740611e+00,2.437884202758558772e+00,3.017291047692543415e+00,4.000000000000000000e+00
1.920558043321269892e+00,2.443878949709334947e+00,3.025329661949204940e+00,4.000000000000000000e+00
1.870905612958667863e+00,2.449476337278370330e+00,3.033312548076181780e+00,4.000000000000000000e+00
1.821208384308345529e+00,2.454678782135749415e+00,3.041202565427224780e+00,4.000000000000000000e+00
1.771469971382515940e+00,2.459492360459039517e+00,3.049002816606193100e+00,4.000000000000000000e+00
1.721693894454575435e+00,2.463919233386177687e+00,3.056719054813076486e+00,4.000000000000000000e+00
1.671883561440463906e+00,2.467964971466354740e+00,3.064345516707214667e+00,4.000000000000000000e+00
1.622042298113372638e+00,2.471632381756897701e+00,3.071875792234098235e+00,4.000000000000000000e+00
1.572173356608497885e+00,2.474927738354667284e+00,3.079291285517385734e+00,4.000000000000000000e+00
1.522279908631516410e+00,2.477855769132129460e+00,3.086622593802315961e+00,4.000000000000000000e+00
1.472364949433951908e+00,2.480419745325188607e+00,3.093859931195057200e+00,4.000000000000000000e+00
1.422431397679846166e+00,2.482625433358578881e+00,3.100974994504141602e+00,4.000000000000000000e+00
1.372482105877737224e+00,2.484478985162308362e+00,3.107991022157337024e+00,4.000000000000000000e+00
1.322519779655759509e+00,2.485983890795833595e+00,3.114902938656542108e+00,4.000000000000000000e+00
1.272547022987751575e+00,2.487146857544748180e+00,3.121700399157674610e+00,4.000000000000000000e+00
1.222566339209718800e+00,2.487972452363927278e+00,3.128392149440629932e+00,4.000000000000000000e+00
1.172580113075790020e+00,2.488466547808175999e+00,3.134973741603358732e+00,4.000000000000000000e+00
1.122590620675482764e+00,2.488634192509324272e+00,3.141441051234996618e+00,4.000000000000000000e+00
1.072600025685688907e+00,2.488481705024973234e+00,-3.134083989261343017e+00,4.000000000000000000e+00
1.022612616764305260e+00,2.487883477129219312e+00,-3.116545002367859141e+00,4.000000000000000000e+00
9.726393083231773540e-01,2.485977400097701295e+00,-3.100427648757666077e+00,4.000000000000000000e+00
9.226888424352960305e-01,2.483767789456810426e+00,-3.093230228748204524e+00,4.000000000000000000e+00
8.727568171445886369e-01,2.481143070994246802e+00,-3.084923414166069744e+00,4.000000000000000000e+00
8.228465612951614272e-01,2.478103738841310300e+00,-3.076677223459426624e+00,4.000000000000000000e+00
7.729613065903645497e-01,2.474655687300570062e+00,-3.068510135492772850e+00,4.000000000000000000e+00
7.231041743842955283e-01,2.470801308520612416e+00,-3.060395735921436877e+00,4.000000000000000000e+00
6.732782393411079758e-01,2.466543894803631787e+00,-3.052367800163046763e+00,4.000000000000000000e+00
6.234864139343050393e-01,2.461889266073177929e+00,-3.044410440291441144e+00,4.000000000000000000e+00
5.737315708992877239e-01,2.456839158236167719e+00,-3.036509272349144251e+00,4.000000000000000000e+00
5.240165302652896040e-01,2.451397989206224537e+00,-3.029703422465375162e+00,4.000000000000000000e+00
4.743323353231595485e-01,2.445670808982404409e+00,-3.031419624908239019e+00,4.000000000000000000e+00
4.246452264672642141e-01,2.440405439461732051e+00,-3.029958071500855166e+00,4.000000000000000000e+00
3.749719607781791808e-01,2.434532446810644402e+00,-3.019058617555415935e+00,4.000000000000000000e+00
3.253558536695948522e-01,2.428177853134450892e+00,-3.009440204402681118e+00,4.000000000000000000e+00
2.758006683094073042e-01,2.421349886862993017e+00,-2.999958752662666317e+00,4.000000000000000000e+00
2.263099888176154373e-01,2.414055039078377263e+00,-2.990632918452044819e+00,4.000000000000000000e+00
1.768871039820845148e-01,2.406303450414071676e+00,-2.981457066108722742e+00,4.000000000000000000e+00
1.275351231022525678e-01,2.398101062790212623e+00,-2.972419612564811686e+00,4.000000000000000000e+00
7.825702685373858714e-02,2.389456879274284518e+00,-2.964193675311080245e+00,4.000000000000000000e+00
2.904349873169564944e-02,2.380443125360045542e+00,-2.965693099874019190e+00,4.000000000000000000e+00
-2.017656656033084417e-02,2.371961642817186799e+00,-2.967683926450751297e+00,4.000000000000000000e+00
-6.941369164210708931e-02,2.363145826839767594e+00,-2.971378932598117917e+00,4.000000000000000000e+00
-1.186856584675970439e-01,2.355030210526571466e+00,-2.985613381210706407e+00,4.000000000000000000e+00
-1.680657705867287799e-01,2.347632129131863366e+00,-2.992131263402124652e+00,4.000000000000000000e+00
-2.174989655284447210e-01,2.340150472892869260e+00,-3.000504975554964648e+00,4.000000000000000000e+00
-2.669926678879801507e-01,2.333581408979943816e+00,-3.010067774510050143e+00,4.000000000000000000e+00
-3.165497986246257334e-01,2.327047179711254188e+00,-3.011382428410181333e+00,4.000000000000000000e+00
-3.661174648724749847e-01,2.320600903586097274e+00,-3.013329315529287733e+00,4.000000000000000000e+00
-4.156976492306838633e-01,2.314259945408768004e+00,-3.015606281674578337e+00,4.000000000000000000e+00
-4.652922418125695625e-01,2.308039703328931935e+00,-3.018204455081525239e+00,4.000000000000000000e+00
-5.149029701056135888e-01,2.301956678484684105e+00,-3.021134962331368357e+00,4.000000000000000000e+00
-5.645315013193477061e-01,2.296027415312021702e+00,-3.024398812216131383e+00,4.000000000000000000e+00
-6.141793650476321531e-01,2.290268537490403489e+00,-3.028012620974397606e+00,4.000000000000000000e+00
-6.638587991672153521e-01,2.284697053472337203e+00,-3.031950266639448444e+00,4.000000000000000000e+00
-7.135497888878146178e-01,2.279329457311563445e+00,-3.036200568108720521e+00,4.000000000000000000e+00
-7.632635942114964767e-01,2.274181612564309063e+00,-3.040806953380188915e+00,4.000000000000000000e+00
-8.130010201663102620e-01,2.269272118913351122e+00,-3.045763402142099618e+00,4.000000000000000000e+00
-8.627626211633528941e-01,2.264617400516755197e+00,-3.051054405730114549e+00,4.000000000000000000e+00
-9.125487129897065230e-01,2.260234537511177422e+00,-3.056686892107566056e+00,4.000000000000000000e+00
-9.623593466080444525e-01,2.256140685391960332e+00,-3.062656233645055792e+00,4.000000000000000000e+00
-1.012194245667738857e+00,2.252352498207307541e+00,-3.068954653701208013e+00,4.000000000000000000e+00
-1.062052854250900680e+00,2.248886385334379234e+00,-3.075589679422908507e+00,4.000000000000000000e+00
-1.111934273608372381e+00,2.245759783453607383e+00,-3.082544316415555929e+00,4.000000000000000000e+00
-1.161837249336049815e+00,2.242987425154288950e+00,-3.089805944034881069e+00,4.000000000000000000e+00
-1.211760190159435702e+00,2.240585501307463367e+00,-3.097370926416763037e+00,4.000000000000000000e+00
-1.261701203088318568e+00,2.238568387695426765e+00,-3.105253621028915223e+00,4.000000000000000000e+00
-1.311658106274073532e+00,2.236953708915692118e+00,-3.113482710243133500e+00,4.000000000000000000e+00
-1.361628374124862262e+00,2.235758700497314067e+00,-3.122100134643571501e+00,4.000000000000000000e+00
-1.411609077325789441e+00,2.235005165924167869e+00,-3.127012944648747350e+00,4.000000000000000000e+00
-1.461591402035023357e+00,2.234301165368975717e+00,-3.120034516096529487e+00,4.000000000000000000e+00
-1.511566952064666403e+00,2.232849926421806686e+00,-3.111077545529671085e+00,4.000000000000000000e+00
-1.561536550888032782e+00,2.231250381358165669e+00,-3.109328577271753158e+00,4.000000000000000000e+00
-1.611503428172307295e+00,2.229624449042944434e+00,-3.109444531935121603e+00,4.000000000000000000e+00
-1.661469562863125304e+00,2.228036615511399532e+00,-3.113781288074163989e+00,4.000000000000000000e+00
-1.711446554720597035e+00,2.226844177361954280e+00,-3.121613585736483287e+00,4.000000000000000000e+00
-1.761422329020897237e+00,2.226039386667082454e+00,-3.110830272506235339e+00,4.000000000000000000e+00
-1.811381764706689879e+00,2.223768962237443247e+00,-3.103089419168012508e+00,4.000000000000000000e+00
-1.861349715518056946e+00,2.222189956632789176e+00,-3.116754493956959138e+00,4.000000000000000000e+00
-1.911324378023500081e+00,2.221286061037222481e+00,-3.115709178770892152e+00,4.000000000000000000e+00
-1.961291371478859569e+00,2.219602541454944955e+00,-3.107599149640889458e+00,4.000000000000000000e+00
-2.011258918862543155e+00,2.217887626698042958e+00,-3.116024425177871926e+00,4.000000000000000000e+00
-2.061236886713710970e+00,2.217046554689653171e+00,-3.129234411082385314e+00,4.000000000000000000e+00
-2.111222256667039776e+00,2.216652192632597718e+00,-3.138011539735702016e+00,4.000000000000000000e+00
-2.161210986842275084e+00,2.216688534524170251e+00,3.132590838292620194e+00,4.000000000000000000e+00
-2.211193835153331122e+00,2.217552142625682343e+00,3.112075394187288069e+00,4.000000000000000000e+00
-2.261160441718757408e+00,2.219639625625023704e+00,3.101597082311446929e+00,4.000000000000000000e+00
-2.311119254940798839e+00,2.221550849274053441e+00,3.100516318675418770e+00,4.000000000000000000e+00
-2.361067215125364438e+00,2.223745739337211980e+00,3.094861597137339881e+00,4.000000000000000000e+00
-2.411002822466126627e+00,2.226221914613020658e+00,3.089302853506401103e+00,4.000000000000000000e+00
-2.460924765605105868e+00,2.228972034843229366e+00,3.083888971583016225e+00,4.000000000000000000e+00
-2.510831882620267130e+00,2.231988821094656572e+00,3.078626960351001696e+00,4.000000000000000000e+00
-2.560723246902520067e+00,2.235264233115474397e+00,3.073558648812036331e+00,4.000000000000000000e+00
-2.610598139430054587e+00,2.238786810775170721e+00,3.068678803927922694e+00,4.000000000000000000e+00
-2.660455884630724910e+00,2.242549037964128189e+00,3.063951222644997863e+00,4.000000000000000000e+00
-2.710295880368452703e+00,2.246543077732271243e+00,3.059375772557910267e+00,4.000000000000000000e+00
-2.760117559313695512e+00,2.250761422546538881e+00,3.054939652010249862e+00,4.000000000000000000e+00
-2.809920446266268357e+00,2.255197517570021404e+00,3.050656187733097102e+00,4.000000000000000000e+00
-2.859704272047179252e+00,2.259842531958634382e+00,3.046561560038473004e+00,4.000000000000000000e+00
-2.909469103668484102e+00,2.264686316716399084e+00,3.042710966022748043e+00,4.000000000000000000e+00
-2.959215482433283029e+00,2.269714564254472933e+00,3.035260916071891746e+00,4.000000000000000000e+00
-3.008901045454322354e+00,2.275299115685110785e+00,3.016180258530791747e+00,4.000000000000000000e+00
-3.058474960742005866e+00,2.282228610150823123e+00,2.994940850844858726e+00,4.000000000000000000e+00
-3.107935187532218535e+00,2.289927672737501751e+00,2.980527860745498359e+00,4.000000000000000000e+00
-3.157286795715273264e+00,2.298282783648742722e+00,2.968320943939089407e+00,4.000000000000000000e+00
-3.206538178405464734e+00,2.307185842732707215e+00,2.958178011516170880e+00,4.000000000000000000e+00
-3.255700162409983278e+00,2.316538408740143495e+00,2.953450297422699933e+00,4.000000000000000000e+00
-3.304850817237143801e+00,2.325903996097054005e+00,2.961921211710391244e+00,4.000000000000000000e+00
-3.354069519006253941e+00,2.334405245965088582e+00,2.975086940923343803e+00,3.986150563062006213e+00
-3.403365349982728105e+00,2.342460517296585998e+00,2.984063001095418777e+00,3.935666280695786501e+00
-3.452733355367477053e+00,2.350077580215315987e+00,2.992910198852791748e+00,3.884525947218278041e+00
-3.502168841102200059e+00,2.357260079323475477e+00,3.001642120355463295e+00,3.832703301355104397e+00
-3.551667322951365335e+00,2.364014551309641110e+00,3.013925025531650093e+00,3.780170281591104686e+00
-3.601268064591711227e+00,2.369981030369508357e+00,3.036300671279035246e+00,3.738950921753846579e+00
-3.650977752984945646e+00,2.374509957477397126e+00,3.052893330657541426e+00,3.753908775898749273e+00
-3.700754482414795987e+00,2.378828623469608772e+00,3.060440481184572903e+00,3.787055006435176452e+00
-3.750578103334790470e+00,2.382610532678291371e+00,3.071195596162303865e+00,3.819913630667822080e+00
-3.800442641664770083e+00,2.385857992300803421e+00,3.081874961021118686e+00,3.852492007747441161e+00
-3.850342086353371940e+00,2.388575299754971848e+00,3.092475056513691811e+00,3.884797188239561105e+00
-3.900270526704674001e+00,2.390765245081837520e+00,3.103008417645665595e+00,3.916835931941761828e+00
-3.950222141492142125e+00,2.392431008945516080e+00,3.113435664354730736e+00,3.948614724399707843e+00
-4.000191219191142622e+00,2.393579454700695219e+00,3.123745099538083103e+00,3.980139792236231600e+00
-4.050172219597240719e+00,2.394215062798967342e+00,3.133947069437700073e+00,4.000000000000000000e+00
-4.100159782427154731e+00,2.394343787656554756e+00,-3.139147923779598504e+00,4.000000000000000000e+00
-4.150148718789234970e+00,2.393970646784139511e+00,-3.129177082649092334e+00,4.000000000000000000e+00
-4.200134023112932269e+00,2.393102486597725065e+00,-3.119336389671713672e+00,4.000000000000000000e+00
-4.250110852760134783e+00,2.391745495733476279e+00,-3.109594409519268243e+00,4.000000000000000000e+00
-4.300074543752182343e+00,2.389903473541282963e+00,-3.099977943570001671e+00,4.000000000000000000e+00
-4.350020625331743496e+00,2.387585377767095007e+00,-3.090492008429652326e+00,4.000000000000000000e+00
-4.399944800155461522e+00,2.384795592203380110e+00,-3.081125082715310270e+00,4.000000000000000000e+00
-4.449842949113794077e+00,2.381541997007266875e+00,-3.071886220923420119e+00,4.000000000000000000e+00
-4.499711161448966656e+00,2.377829949412523902e+00,-3.062783477058339088e+00,4.000000000000000000e+00
-4.549545696571653863e+00,2.373668197737895724e+00,-3.053804797577058583e+00,4.000000000000000000e+00
-4.599342989064831855e+00,2.369060946579431004e+00,-3.044958578633027990e+00,4.000000000000000000e+00
-4.649099690002313601e+00,2.364017832121340756e+00,-3.036248875895513510e+00,4.000000000000000000e+00
-4.698812574891831240e+00,2.358543510742265870e+00,-3.027663635221526484e+00,4.000000000000000000e+00
-4.748478686212046718e+00,2.352646438458339428e+00,-3.019230048647308706e+00,4.000000000000000000e+00
-4.798095172459674984e+00,2.346334036680981061e+00,-3.010912037612609726e+00,4.000000000000000000e+00
-4.847659348122296485e+00,2.339611160864695449e+00,-3.002736963690754823e+00,4.000000000000000000e+00
-4.897168807757895870e+00,2.332487996052059476e+00,-2.994714714854561421e+00,4.000000000000000000e+00
-4.946621271108663009e+00,2.324970403558690890e+00,-2.986816080265293216e+00,4.000000000000000000e+00
-4.996014535922241429e+00,2.317065644301893990e+00,-2.979041953442971291e+00,4.000000000000000000e+00
-5.045346589365871104e+00,2.308779681096053693e+00,-2.971413111998905343e+00,4.000000000000000000e+00
-5.094615726476064310e+00,2.300121852054555660e+00,-2.963942978744233958e+00,4.000000000000000000e+00
-5.143820403895830395e+00,2.291099454979477201e+00,-2.956607780353885939e+00,4.000000000000000000e+00
-5.192959183391078426e+00,2.281719412889169796e+00,-2.949413622902342436e+00,4.000000000000000000e+00
-5.242030885140344765e+00,2.271989618801580235e+00,-2.942381032545521968e+00,4.000000000000000000e+00
-5.291034509879265713e+00,2.261919044857251038e+00,-2.935490806600069558e+00,4.000000000000000000e+00
-5.339969004985538170e+00,2.251513641045185921e+00,-2.928715151589410315e+00,4.000000000000000000e+00
-5.388833182473010908e+00,2.240779614845806123e+00,-2.922035149704139023e+00,4.000000000000000000e+00
-5.437625709615550917e+00,2.229721074353975041e+00,-2.917580204285485035e+00,4.000000000000000000e+00
-5.486393042552727195e+00,2.218551935127514696e+00,-2.924870236279144109e+00,4.000000000000000000e+00
-5.535236577103386679e+00,2.208229069683594226e+00,-2.940914455653279358e+00,4.000000000000000000e+00
-5.584223613022410326e+00,2.198651612364983521e+00,-2.957380000225358962e+00,4.000000000000000000e+00
-5.633367268744118306e+00,2.189944864618463605e+00,-2.974600173308513895e+00,4.000000000000000000e+00
-5.682647718079743449e+00,2.182061021700512526e+00,-2.982888549282012747e+00,3.953736288543677091e+00
-5.731997024420557807e+00,2.174159163062586941e+00,-2.986277617818065444e+00,3.938273613412963670e+00
-5.781397793426753751e+00,2.166599121911944259e+00,-3.001515668785920354e+00,3.960094278950789359e+00
-5.830898050131495758e+00,2.160214077937951949e+00,-3.015080584513917028e+00,3.991528682369057446e+00
-5.880479490091424566e+00,2.153996784865393366e+00,-3.021714129245858249e+00,4.000000000000000000e+00
-5.930118180916851500e+00,2.148262408221910391e+00,-3.038690587245975738e+00,4.000000000000000000e+00
-5.979841944467441550e+00,2.143735940604557300e+00,-3.052022499459908111e+00,4.000000000000000000e+00
-6.029625224268086114e+00,2.139325634867129011e+00,-3.056271092959717439e+00,4.000000000000000000e+00
-6.079434178908915243e+00,2.135217895898555263e+00,-3.062569516852673424e+00,4.000000000000000000e+00
-6.129268951846301050e+00,2.131435043439150689e+00,-3.069319632225166128e+00,4.000000000000000000e+00
-6.179129215594000968e+00,2.128000062819079830e+00,-3.075066396222964737e+00,4.000000000000000000e+00
-6.229004779822575166e+00,2.124790186375273393e+00,-3.071284795358021125e+00,4.000000000000000000e+00
-6.278871841783677077e+00,2.120975794472043319e+00,-3.069556347249757344e+00,4.000000000000000000e+00
-6.328737671557034261e+00,2.117593344237031161e+00,-3.077055082703203048e+00,4.000000000000000000e+00
-6.378624358804443339e+00,2.114529056415371144e+00,-3.083626496005595907e+00,4.000000000000000000e+00
-6.428531101995305974e+00,2.111802214858466975e+00,-3.090600150292500015e+00,4.000000000000000000e+00
-6.478456766044101478e+00,2.109433935122726922e+00,-3.097975661231732403e+00,4.000000000000000000e+00
-6.528399804057356093e+00,2.107443478011806093e+00,-3.105752568368478794e+00,4.000000000000000000e+00
-6.578358218683087344e+00,2.105851924703615374e+00,-3.113914990278324968e+00,4.000000000000000000e+00
-6.628329531278241760e+00,2.104676950195211838e+00,-3.122485074600775956e+00,4.000000000000000000e+00
-6.678310797343145921e+00,2.103941840449071954e+00,-3.131455737869209610e+00,4.000000000000000000e+00
-6.728298552077118799e+00,2.103663537944711948e+00,-3.140815764983919678e+00,4.000000000000000000e+00
-6.778288795176688808e+00,2.103864168666090606e+00,3.132607067544588730e+00,4.000000000000000000e+00
-6.828276985257391019e+00,2.104561926937717153e+00,3.122476291379913782e+00,4.000000000000000000e+00
-6.878258023653562425e+00,2.105775449469662775e+00,3.111960636136744895e+00,4.000000000000000000e+00
-6.928226225669805061e+00,2.107524491724513283e+00,3.101042932435690958e+00,4.000000000000000000e+00
-6.978175278913293589e+00,2.109829288434482919e+00,3.091129219648993232e+00,4.000000000000000000e+00
-7.028105889949057605e+00,2.112569045375142451e+00,3.092178274443607044e+00,4.000000000000000000e+00
-7.078038934191396514e+00,2.114768009371925217e+00,3.102744835437805104e+00,4.000000000000000000e+00
-7.127991892488878101e+00,2.116451351832371763e+00,3.114061831346116360e+00,4.000000000000000000e+00
-7.177963178234656461e+00,2.117519701219080730e+00,3.127416236154823004e+00,4.000000000000000000e+00
-7.227947881973643796e+00,2.117868464598472666e+00,-3.140281753908897855e+00,4.000000000000000000e+00
-7.277936994534210058e+00,2.117388645500124511e+00,-3.124006805594369940e+00,4.000000000000000000e+00
-7.327920523777298634e+00,2.116110179655340318e+00,-3.116884819812837826e+00,4.000000000000000000e+00
-7.377897639587540191e+00,2.114918331787507100e+00,-3.117429508799550497e+00,4.000000000000000000e+00
-7.427873960411341514e+00,2.113694520141674360e+00,-3.116824711975226592e+00,4.000000000000000000e+00
-7.477849536779919148e+00,2.112442222689061566e+00,-3.116272965239183179e+00,4.000000000000000000e+00
-7.527824421344698536e+00,2.111163264679220219e+00,-3.115777588544863974e+00,4.000000000000000000e+00
-7.577798671151366072e+00,2.109861455969166855e+00,-3.115328789734919557e+00,4.000000000000000000e+00
-7.627772335341125753e+00,2.108537642535900147e+00,-3.114922332429157947e+00,4.000000000000000000e+00
-7.677745467378398025e+00,2.107195210612701430e+00,-3.115783057611490214e+00,4.000000000000000000e+00
-7.727720859191073544e+00,2.105957438569660667e+00,-3.125254760316480862e+00,4.000000000000000000e+00
-7.777704682551076054e+00,2.105561942299928546e+00,-3.131120124539410909e+00,4.000000000000000000e+00
-7.827692074394832389e+00,2.104910448838154480e+00,-3.127415894691893072e+00,4.000000000000000000e+00
-7.877677941449546140e+00,2.104144550554991611e+00,-3.125189783109944663e+00,4.000000000000000000e+00
-7.927662111084692320e+00,2.103270506194029110e+00,-3.123086617683004107e+00,4.000000000000000000e+00
-7.977644448583464332e+00,2.102294355565504702e+00,-3.121093054354923346e+00,4.000000000000000000e+00
-8.027624844813146865e+00,2.101221023118934994e+00,-3.119201007895300304e+00,4.000000000000000000e+00
-8.077603219220911512e+00,2.100055740040151164e+00,-3.117430298711420189e+00,4.000000000000000000e+00
-8.127579536453648501e+00,2.098805412275975613e+00,-3.115776380077374785e+00,4.000000000000000000e+00
-8.177553788759626130e+00,2.097474815395539594e+00,-3.114229714001376603e+00,4.000000000000000000e+00
-8.227525988304451587e+00,2.096069900797566277e+00,-3.112793927793856774e+00,4.000000000000000000e+00
-8.277496178052182074e+00,2.094595805968808122e+00,-3.111478772675121629e+00,4.000000000000000000e+00
-8.327464433625557660e+00,2.093059456298341559e+00,-3.110272788920531273e+00,4.000000000000000000e+00
-8.377430840559538794e+00,2.091464842040110739e+00,-3.109171095276920482e+00,4.000000000000000000e+00
-8.427395502946017913e+00,2.089818399607224819e+00,-3.108195251255703617e+00,4.000000000000000000e+00
-8.477358566066246937e+00,2.088126274230255319e+00,-3.107341246205649998e+00,4.000000000000000000e+00
-8.527320189067872036e+00,2.086394499444075734e+00,-3.106603422764513844e+00,4.000000000000000000e+00
-8.577280530318976304e+00,2.084628654125868508e+00,-3.105957831222062371e+00,4.000000000000000000e+00
-8.627239727181487794e+00,2.082832376548623188e+00,-3.106556846307325870e+00,4.000000000000000000e+00
-8.677201528903449201e+00,2.081126408147299323e+00,-3.116979173539164094e+00,4.000000000000000000e+00
-8.727177046079150458e+00,2.080372074487367939e+00,-3.133636282386323302e+00,3.996137206974541112e+00
-8.777165119369934487e+00,2.080331043931441748e+00,3.136388390101587653e+00,3.945780700770449734e+00
-8.827589638042708131e+00,2.080894652791386967e+00,3.125431888177057971e+00,3.894773176987178065e+00
-8.877518320285400222e+00,2.081952969671943876e+00,3.116572469904789866e+00,3.843088713754218233e+00
-8.927874328009728799e+00,2.083404317868483346e+00,3.109901105797867604e+00,3.790699621889250803e+00
-8.978166605602758921e+00,2.085143737908278894e+00,3.104997959298847476e+00,3.737576271462238253e+00
-9.028398604721521892e+00,2.087084616040584706e+00,3.101710344748122239e+00,3.683686895842781084e+00
-9.078571731710532333e+00,2.089150250633409200e+00,3.099815983805140007e+00,3.628997369551275831e+00
-9.128517683865407406e+00,2.091269692756839049e+00,3.099418590273269380e+00,3.573470955501994339e+00
-9.178638030365886991e+00,2.093372956920120487e+00,3.100340515242149930e+00,3.517068016320212376e+00
-9.228710105854084134e+00,2.095405190522100725e+00,3.102330406113882333e+00,3.459745683287840823e+00
-9.278739206091152880e+00,2.097305174797931215e+00,3.105494847878832232e+00,3.401457475059052271e+00
-9.328727721277786600e+00,2.099017175975424365e+00,3.109769300552406524e+00,3.342152856504525538e+00
-9.378678026866172246e+00,2.100486637229138864e+00,3.115174301603537366e+00,3.281776725776392123e+00
-9.428592810177406136e+00,2.101656060992089792e+00,3.121704425782295456e+00,3.220268814781442224e+00
-9.478473872478966555e+00,2.102471661467721020e+00,3.129355826629663273e+00,3.157562984496133929e+00
-9.528320442147965252e+00,2.102876471683003956e+00,3.138187938080243544e+00,3.093586391660395840e+00
-9.578130948525933164e+00,2.102810966771261114e+00,-3.134956955883047236e+00,3.028258496937248800e+00
-9.627904230746031189e+00,2.102215654066199146e+00,-3.123665058505435077e+00,2.961489876038562841e+00
-9.677634208782919245e+00,2.101026921477779474e+00,-3.111045217158380893e+00,2.893180783754302432e+00
-9.727314482865406120e+00,2.099177980786072428e+00,-3.097021097502530296e+00,2.823219405057179721e+00
-9.776934843259391883e+00,2.096598004426474038e+00,-3.081497356826347289e+00,2.751479705667056574e+00
-9.826483156733099023e+00,2.093211225301248479e+00,-3.064342887871686738e+00,2.677818763901681276e+00
-9.875940079131410698e+00,2.088934623272987956e+00,-3.045434115757572613e+00,2.602073422082894272e+00
-9.925285680117859499e+00,2.083681127760029561e+00,-3.024634398761821164e+00,2.524056032562755902e+00
-9.974488378748386452e+00,2.077355741179327975e+00,-3.000069089092153085e+00,2.443548979890253214e+00
-1.002348656340724453e+01,2.069689853721993877e+00,-2.962547450515967906e+00,2.360297519112570352e+00
-1.007215434825388911e+01,2.059679832983960068e+00,-2.924394825509779583e+00,2.274000250733321682e+00
-1.012043810948725486e+01,2.048294687358946486e+00,-2.893446068873999799e+00,2.191042762914833464e+00
-1.016831959130754903e+01,2.035314580384874006e+00,-2.861002999728695873e+00,2.113906371509909121e+00
-1.021617063943250514e+01,2.020705257200654081e+00,-2.824373422309217396e+00,2.039923642421565653e+00
-1.026292976810717050e+01,2.004253483277272263e+00,-2.781307047968475832e+00,1.969270775722699707e+00
-1.030858083819077642e+01,1.985891659435978340e+00,-2.735410405481484730e+00,1.903807743180817136e+00
-1.035369999946868802e+01,1.965213228544942847e+00,-2.686192176926863073e+00,1.845460978905091753e+00
-1.039772342268019223e+01,1.942235577375042599e+00,-2.633079918930718133e+00,1.795179519321236539e+00
-1.044044777615884279e+01,1.916859346988143198e+00,-2.576510626103103441e+00,1.752808657191058828e+00
-1.048165414468488343e+01,1.889019150031375549e+00,-2.516686418679220605e+00,1.717626548830930799e+00
-1.052096591368407097e+01,1.858778242526327285e+00,-2.461580421085515002e+00,1.689156339026007592e+00
-1.055921578688431595e+01,1.826296476569162941e+00,-2.404278231894847906e+00,1.667847225080396623e+00
-1.059497294531491107e+01,1.791566763312399058e+00,-2.337341747116856716e+00,1.655200077628680599e+00
-1.062836601842832707e+01,1.754488480896170710e+00,-2.270003503353869689e+00,1.653227257994730914e+00
-1.065921255566044223e+01,1.715175975338020464e+00,-2.203417001310632450e+00,1.663621802309605657e+00
-1.068747241281660187e+01,1.673867187356604891e+00,-2.138709939219861411e+00,1.687081561396943430e+00
-1.071305336013577580e+01,1.630789824582036918e+00,-2.075573523055477931e+00,1.722942208478706938e+00
-1.073602797415129118e+01,1.585987270213499389e+00,-2.015696854165688556e+00,1.769127705971482722e+00
-1.075631950589434105e+01,1.540043466645051762e+00,-1.961566948916351416e+00,1.822570831358138577e+00
-1.077429212508938150e+01,1.493103204995546163e+00,-1.920605747223707471e+00,1.880295802990464615e+00
-1.079082330657950628e+01,1.445463929905017819e+00,-1.877648817962523697e+00,1.940896058400879864e+00
-1.080470126777436590e+01,1.397133081831967827e+00,-1.827028863075101262e+00,2.004253485343648222e+00
-1.081639728377770915e+01,1.347850157139811600e+00,-1.783285693939835603e+00,2.065668549769844375e+00
-1.082599602808555517e+01,1.298430293746344999e+00,-1.743494740120170805e+00,2.125309643676502436e+00
-1.083369811017298545e+01,1.248668667601841031e+00,-1.706881521009620428e+00,2.183322148813690688e+00
-1.083965727289185565e+01,1.198663313954678955e+00,-1.673489969394012178e+00,2.239832611936999562e+00
-1.084402188787995058e+01,1.148492449872794197e+00,-1.643084549639286074e+00,2.294951993722877948e+00
-1.084693072439911177e+01,1.098221257778667193e+00,-1.617786394598500488e+00,2.348778230801856992e+00
-1.084875189523121009e+01,1.047906822539441896e+00,-1.603540715602874700e+00,2.401398280478436398e+00
-1.085022707390993446e+01,9.975880978162858792e-01,-1.585282081901654427e+00,2.452889770348614995e+00
-1.085020964445185143e+01,9.472805697013687576e-01,-1.559791529848259417e+00,2.503322342303717640e+00
-1.084911469219871449e+01,8.965106484958320632e-01,-1.539654659258208325e+00,2.552758757398172484e+00
-1.084706164441926823e+01,8.462268186146497673e-01,-1.521365904534929703e+00,2.601255811616602909e+00
-1.084414287046566372e+01,7.960103590308632571e-01,-1.504974648898378398e+00,2.648865100654474780e+00
-1.084044666430047599e+01,7.458734935321438275e-01,-1.491895001922678654e+00,2.695633663067244612e+00
-1.083622053738091395e+01,6.958106941626813757e-01,-1.488245919848983911e+00,2.741604524627398121e+00
-1.083216741112718573e+01,6.458081102886137348e-01,-1.481520483079910910e+00,2.786817161827003009e+00
-1.082727534564283900e+01,5.958798079166621742e-01,-1.467343228548201539e+00,2.831307898736836748e+00
-1.082181013110065138e+01,5.460498230648755946e-01,-1.456473519572029085e+00,2.875110248572338101e+00
-1.081584360666333211e+01,4.963205628406435199e-01,-1.446972466744113506e+00,2.918255209100427905e+00
-1.080944379990678250e+01,4.466904196352317058e-01,-1.439330108600297198e+00,2.960771519289840725e+00
-1.080273070677363201e+01,3.971523669188610217e-01,-1.432364686202612258e+00,3.002685883244193388e+00
-1.079564721323220233e+01,3.476643273672030965e-01,-1.429460852145078231e+00,3.044023166375389167e+00
-1.078865335359543920e+01,2.982140566681685812e-01,-1.436055712875327961e+00,3.084806567910885811e+00
-1.078224479459186114e+01,2.487987158915814234e-01,-1.436027887101739120e+00,3.125057773133518957e+00
-1.077526198515309375e+01,1.994506042248032074e-01,-1.428936446092790025e+00,3.164797088190381746e+00
-1.076815961503188035e+01,1.501762721033466086e-01,-1.429349102241577407e+00,3.204043559849711009e+00
-1.076123394681126300e+01,1.009378275260073288e-01,-1.439465003103189034e+00,3.242815082210285027e+00
-1.075515221230311980e+01,5.170370135142543511e-02,-1.445743234827820300e+00,3.281128492059795398e+00
-1.074885883123256747e+01,2.495321698317232162e-03,-1.445284965864009896e+00,3.318999654323976589e+00
-1.074273974750922811e+01,-4.667160009766058160e-02,-1.451009565175305660e+00,3.356443538836720197e+00
-1.073696657628843987e+01,-9.630791970700758320e-02,-1.458007423828358684e+00,3.393474289484871953e+00
-1.073149200488089505e+01,-1.459722085315675599e-01,-1.459172504106420742e+00,3.430105286633479800e+00
-1.072582993702191345e+01,-1.956625808473599903e-01,-1.472063216062448276e+00,3.466349203612791641e+00
-1.072164225347990651e+01,-2.454092123637243716e-01,-1.479595957317501931e+00,3.502218057943155216e+00
-1.071672912387512611e+01,-2.951749750367085312e-01,-1.469234074082380159e+00,3.537723257884824335e+00
-1.071150197377230029e+01,-3.449086833265937457e-01,-1.464846787549531459e+00,3.572875644823831021e+00
-1.070615242823349433e+01,-3.946288332047447334e-01,-1.469304945280176966e+00,3.607685531940304280e+00
-1.070137353740989639e+01,-4.443618222988368061e-01,-1.469496811344476850e+00,3.642162739550154349e+00
-1.069604275111011837e+01,-4.940870876561245240e-01,-1.460691222242908482e+00,3.676316627463360298e+00
-1.069038310224655319e+01,-5.437757998065357867e-01,-1.454310844808891057e+00,3.710156124661018406e+00
-1.068441829134837917e+01,-5.934285250966375713e-01,-1.449988561075063132e+00,3.743689756557794457e+00
-1.067832947597732129e+01,-6.430651966127545194e-01,-1.454533594014543185e+00,3.776925670085638398e+00
-1.067282235253878753e+01,-6.927178146812025261e-01,-1.456643902877743146e+00,3.809871656807869211e+00
-1.066694264456137375e+01,-7.423826553009362783e-01,-1.458209451476999874e+00,3.842535174249420926e+00
-1.066159063250910322e+01,-7.920564171313966284e-01,-1.459249630261616915e+00,3.874923365608682335e+00
-1.065581390344169677e+01,-8.417360746591562304e-01,-1.459798507226951925e+00,3.907043077998527458e+00
-1.065051609947875022e+01,-8.914188582336883826e-01,-1.459883024661325690e+00,3.938900879348488537e+00
-1.064474746632402002e+01,-9.411021629401474797e-01,-1.459514027252573287e+00,3.970503074086253026e+00
-1.063941270212134782e+01,-9.907834977026226397e-01,-1.458738539244923249e+00,4.000000000000000000e+00
-1.063356674812914093e+01,-1.040460544451972780e+00,-1.457567237413975647e+00,4.000000000000000000e+00
-1.062811534984028583e+01,-1.090131028982437300e+00,-1.456021763168695804e+00,4.000000000000000000e+00
-1.062211560905743113e+01,-1.139792763893897387e+00,-1.455400473592658894e+00,4.000000000000000000e+00
-1.061660229177451242e+01,-1.189457901806139972e+00,-1.462905355949061015e+00,4.000000000000000000e+00
-1.061135335014409975e+01,-1.239156660301361512e+00,-1.467567199452341820e+00,4.000000000000000000e+00
-1.060630239970555522e+01,-1.288880227956279434e+00,-1.469747165473851425e+00,4.000000000000000000e+00
-1.060126943736213079e+01,-1.338608919095167105e+00,-1.462223217138471032e+00,4.000000000000000000e+00
-1.059546488778738471e+01,-1.388305341759251688e+00,-1.457112836206621687e+00,4.000000000000000000e+00
-1.058992366180100397e+01,-1.437980041313931201e+00,-1.459130524358109193e+00,4.000000000000000000e+00
-1.058432499876972521e+01,-1.487651320689232559e+00,-1.448820717067300867e+00,4.000000000000000000e+00
-1.057775242743064936e+01,-1.537268850225500749e+00,-1.438633731477819921e+00,4.000000000000000000e+00
-1.057114041213967859e+01,-1.586830155776924212e+00,-1.436080134078863590e+00,4.000000000000000000e+00
-1.056432089566536803e+01,-1.636367400875050837e+00,-1.430478719868430781e+00,4.000000000000000000e+00
-1.055715300097884857e+01,-1.685859003399444944e+00,-1.415552163616972781e+00,4.000000000000000000e+00
-1.054884555834614268e+01,-1.735249151927669153e+00,-1.402829017288803160e+00,4.000000000000000000e+00
-1.054041933839168443e+01,-1.784544853711380163e+00,-1.398679782800954952e+00,4.000000000000000000e+00
-1.053171435757630547e+01,-1.833796914065600525e+00,-1.392659793002674062e+00,3.992375190846392918e+00
-1.052269355917782434e+01,-1.882996787315968312e+00,-1.385883400630366413e+00,3.941970627248765791e+00
-1.051332009980574078e+01,-1.932135782804965007e+00,-1.377799627566150154e+00,3.890913156021126529e+00
-1.050350319845701108e+01,-1.981192773398757545e+00,-1.359614859093479788e+00,3.839176728063523392e+00
-1.049232408126923666e+01,-2.030075070304516505e+00,-1.340987863655867862e+00,3.786733514641715370e+00
-1.048067814029828249e+01,-2.078760218099941603e+00,-1.330243412704268602e+00,3.766281548293117343e+00
-1.046847080477093250e+01,-2.127315198455800971e+00,-1.318510424404196080e+00,3.774711265550644956e+00
-1.045568192008459363e+01,-2.175728121218779343e+00,-1.306396251289755117e+00,3.792796276417044421e+00
-1.044232149524256670e+01,-2.223900296570149759e+00,-1.295147645766947075e+00,3.762255076782637708e+00
-1.042844569273696997e+01,-2.272020563843103691e+00,-1.285922923008166796e+00,3.708724312264661371e+00
-1.041405355775207120e+01,-2.320431223050432035e+00,-1.273955714294436214e+00,3.654409498946340040e+00
-1.039903676557019807e+01,-2.368166529280911092e+00,-1.259310901893501811e+00,3.599275141968934832e+00
-1.038337879387509410e+01,-2.415704486379973037e+00,-1.246855585727701721e+00,3.543282984634694710e+00
-1.036717181785698472e+01,-2.463068025154335317e+00,-1.237066342095893834e+00,3.486391697845783622e+00
-1.035044623006287878e+01,-2.510693731170420051e+00,-1.222665249916413011e+00,3.434682013162265957e+00
-1.033288955665600994e+01,-2.557532419911689558e+00,-1.197442032018206648e+00,3.412831503056319438e+00
-1.031388851989744992e+01,-2.604018163304229194e+00,-1.180329925575425154e+00,3.420825996514178957e+00
-1.029456483608999662e+01,-2.650643934567489257e+00,-1.169354610494932611e+00,3.452116148360230508e+00
-1.027461970931223334e+01,-2.696525571381443775e+00,-1.153285262848625869e+00,3.488131365898589742e+00
-1.025398884712952352e+01,-2.742115649385578280e+00,-1.141514063396146250e+00,3.523778504639820675e+00
-1.023279565948415382e+01,-2.787893810537351413e+00,-1.129642015598395055e+00,3.559068624479969412e+00
-1.021110538967880998e+01,-2.832933596824517508e+00,-1.113877748477905216e+00,3.566333808059877430e+00
-1.018867794825628792e+01,-2.877633852122126967e+00,-1.099611817627824673e+00,3.549466300838223454e+00
-1.016569646606820143e+01,-2.922065611409450980e+00,-1.089655522662054343e+00,3.521178095847288247e+00
-1.014219533143418772e+01,-2.966670485148171998e+00,-1.077040088688780317e+00,3.493775612026069677e+00
-1.011811109481809545e+01,-3.010477650579373332e+00,-1.060322636196064261e+00,3.478538720163429687e+00
-1.009334120464186846e+01,-3.053912991493379359e+00,-1.041925728303311427e+00,3.482148817786201445e+00
-1.006733422036025871e+01,-3.097364709083362921e+00,-1.024484321548821297e+00,3.503960839478582390e+00
-1.004106094649149128e+01,-3.139894271523381963e+00,-1.011043413813821124e+00,3.534955638407003331e+00
-1.001423876653400669e+01,-3.182099784027089484e+00,-1.001219011825814409e+00,3.560160396205989564e+00
-9.986923409173902755e+00,-3.224434985158431743e+00,-9.883179515268728510e-01,3.565846647490162447e+00
-9.959032999306893785e+00,-3.265907876849616365e+00,-9.723190538149263373e-01,3.548334361414136051e+00
-9.930604592211945914e+00,-3.307025557163422391e+00,-9.630115109070110924e-01,3.517427821803091881e+00
-9.901734513145981964e+00,-3.348277469353691416e+00,-9.523250687853228591e-01,3.491559608246005642e+00
-9.872429496859673748e+00,-3.388777662996114159e+00,-9.341567174231759640e-01,3.488904237954519871e+00
-9.842320311982350134e+00,-3.428639296185789220e+00,-9.107044957290379994e-01,3.519963736822388167e+00
-9.810977610616603783e+00,-3.467942522957184082e+00,-8.934781619681911868e-01,3.555291722565212975e+00
-9.779473684914313125e+00,-3.506783864422580166e+00,-8.833809701894768107e-01,3.590272100626470397e+00
-9.747507048610346558e+00,-3.545251359309467887e+00,-8.756412955460487479e-01,3.624914934247823073e+00
-9.715188429160010131e+00,-3.583860833459346473e+00,-8.668856374651807695e-01,3.659229810291912965e+00
-9.682567423971111253e+00,-3.621741298703959444e+00,-8.532986204183830026e-01,3.693225870228502572e+00
-9.649461821982935561e+00,-3.659179204504120264e+00,-8.408551091251846854e-01,3.726911838576433045e+00
-9.615917470514464327e+00,-3.696226193476142896e+00,-8.291950459197975354e-01,3.760296049052156420e+00
-9.581947398575547226e+00,-3.732882480492219823e+00,-8.171029343803292155e-01,3.793386468646893217e+00
-9.547070958700100363e+00,-3.769582731673713827e+00,-8.054107129845472501e-01,3.826190719829506648e+00
-9.512237765766997200e+00,-3.805439614173289353e+00,-7.937118523887110033e-01,3.858716101050390535e+00
-9.476978182853823540e+00,-3.840850764395010053e+00,-7.838577434867506355e-01,3.890969605702621958e+00
-9.441460482164556467e+00,-3.875999179507304326e+00,-7.791361593928108897e-01,3.922957939679918127e+00
-9.405658974885472645e+00,-3.911282316930938308e+00,-7.662560061838288306e-01,3.954687537656268237e+00
-9.369025265576981454e+00,-3.945713024021024307e+00,-7.529722027914693694e-01,3.986164578199185460e+00
-9.332499706281423002e+00,-3.979844519399792890e+00,-7.507756610482609894e-01,4.000000000000000000e+00
-9.295734642332192266e+00,-4.014096572048813094e+00,-7.434824768951070473e-01,4.000000000000000000e+00
-9.258776328018729629e+00,-4.047632860582075942e+00,-7.373302560163679242e-01,4.000000000000000000e+00
-9.221639153114040255e+00,-4.081390527366802523e+00,-7.324428793381783098e-01,4.000000000000000000e+00
-9.184290779078406075e+00,-4.114619688831563593e+00,-7.214559894674825724e-01,4.000000000000000000e+00
-9.146677573924044680e+00,-4.147330270764100213e+00,-7.118679702791721464e-01,4.000000000000000000e+00
-9.108816085470220258e+00,-4.179737888344452479e+00,-7.043032928616256294e-01,4.000000000000000000e+00
-9.070229699532548651e+00,-4.212285847014812568e+00,-6.960435698010801753e-01,4.000000000000000000e+00
-9.031848866769980333e+00,-4.244047654782112211e+00,-6.877235481571577491e-01,4.000000000000000000e+00
-8.993108098281648921e+00,-4.275642488044907985e+00,-6.818683583767491951e-01,4.000000000000000000e+00
-8.954367776068290041e+00,-4.306943410123321492e+00,-6.803599540795185474e-01,4.000000000000000000e+00
-8.915477533445180569e+00,-4.338465557398560435e+00,-6.707473827454502047e-01,4.000000000000000000e+00
-8.875892152559982762e+00,-4.369211571850271980e+00,-6.584944370071467157e-01,4.000000000000000000e+00
-8.836296157105127946e+00,-4.399727816479606091e+00,-6.550058606954562990e-01,4.000000000000000000e+00
-8.796781241524973538e+00,-4.429979308120536530e+00,-6.559569932170827844e-01,4.000000000000000000e+00
-8.757228487033584585e+00,-4.460582001654969098e+00,-6.530737590870659970e-01,4.000000000000000000e+00
-8.717599805287392201e+00,-4.490558324238707044e+00,-6.451839088551778456e-01,4.000000000000000000e+00
-8.677843611375207544e+00,-4.520329654985744128e+00,-6.411920108307119781e-01,4.000000000000000000e+00
-8.637735133319601744e+00,-4.550169176878199551e+00,-6.382149385526452168e-01,4.000000000000000000e+00
-8.597295424817305687e+00,-4.580078116898936180e+00,-6.339419578755707274e-01,4.000000000000000000e+00
-8.557220223831132344e+00,-4.609361298634615522e+00,-6.302446081607738781e-01,4.000000000000000000e+00
-8.516590251026546099e+00,-4.638951688929722650e+00,-6.272033469572216857e-01,4.000000000000000000e+00
-8.476047540806044722e+00,-4.668198510867410889e+00,-6.228389134239304958e-01,4.000000000000000000e+00
-8.435702064863011884e+00,-4.697045870034258108e+00,-6.203013840693857306e-01,4.000000000000000000e+00
-8.394819913586474058e+00,-4.726224611185236846e+00,-6.173924106203517725e-01,4.000000000000000000e+00
-8.354335674440630299e+00,-4.754814357386127455e+00,-6.147020281521523577e-01,4.000000000000000000e+00
-8.313329292963583583e+00,-4.783752173354864468e+00,-6.124555753952557469e-01,4.000000000000000000e+00
-8.272364906427911890e+00,-4.812405399819056129e+00,-6.062883227210220660e-01,4.000000000000000000e+00
-8.231551781971811366e+00,-4.840457382042552936e+00,-5.990744325574446361e-01,4.000000000000000000e+00
-8.190251944328032607e+00,-4.868470397333656052e+00,-6.019707586954676781e-01,4.000000000000000000e+00
-8.149404421048902947e+00,-4.896895401899982403e+00,-6.004813457337213611e-01,4.000000000000000000e+00
-8.108053603942238396e+00,-4.924763411047099915e+00,-5.947234078843031124e-01,4.000000000000000000e+00
-8.066580368538883050e+00,-4.952919109570287581e+00,-5.926871940431337471e-01,4.000000000000000000e+00
-8.025011674682554386e+00,-4.980688375815097935e+00,-5.844634913510998731e-01,4.000000000000000000e+00
-7.983292146698838465e+00,-5.008019817603218016e+00,-5.831451048085588562e-01,4.000000000000000000e+00
-7.941529648218886628e+00,-5.035759204041401205e+00,-5.836395041537479900e-01,4.000000000000000000e+00
-7.900173269128681675e+00,-5.062910082290846603e+00,-5.765364366796045248e-01,4.000000000000000000e+00
-7.858256072173641194e+00,-5.089906127592062290e+00,-5.747132274316658629e-01,4.000000000000000000e+00
-7.816263091975357291e+00,-5.117253532130373372e+00,-5.741155617057720484e-01,4.000000000000000000e+00
-7.774202133227682943e+00,-5.144271403681301535e+00,-5.676737461560739106e-01,4.000000000000000000e+00
-7.732067321926503922e+00,-5.170944455537647144e+00,-5.670171929561416135e-01,4.000000000000000000e+00
-7.689861605853511861e+00,-5.197976778265612552e+00,-5.645793624529651389e-01,4.000000000000000000e+00
-7.647588428753579137e+00,-5.224448934503044484e+00,-5.627633699026935998e-01,4.000000000000000000e+00
-7.605277405212063968e+00,-5.251332981068344452e+00,-5.655358669803464133e-01,4.000000000000000000e+00
-7.563494909721505621e+00,-5.277822107107056127e+00,-5.664246719907402028e-01,4.000000000000000000e+00
-7.521348444171614744e+00,-5.304706415858476021e+00,-5.714333027235402040e-01,4.000000000000000000e+00
-7.479312403652166097e+00,-5.331950833401165823e+00,-5.747831301806658466e-01,4.000000000000000000e+00
-7.437270275351210103e+00,-5.359167006365169073e+00,-5.701075074745446392e-01,4.000000000000000000e+00
-7.395195962978306170e+00,-5.385879585872714870e+00,-5.692153962582388038e-01,4.000000000000000000e+00
-7.353095449321934041e+00,-5.413027292114804823e+00,-5.685479760388107984e-01,4.000000000000000000e+00
-7.310974482519291939e+00,-5.439690532557364122e+00,-5.663948452711594639e-01,4.000000000000000000e+00
-7.268845089655229685e+00,-5.466601586709359140e+00,-5.726641167199830740e-01,4.000000000000000000e+00
-7.226846110611901963e+00,-5.493930923515392806e+00,-5.768745183634675922e-01,4.000000000000000000e+00
-7.184853440041607087e+00,-5.521255833490073428e+00,-5.729656561528793102e-01,4.000000000000000000e+00
-7.142853119748878044e+00,-5.548119891979666818e+00,-5.740322852075615545e-01,4.000000000000000000e+00
-7.100904859396621305e+00,-5.575543049862098144e+00,-5.806709192976737821e-01,4.000000000000000000e+00
-7.059053455652236408e+00,-5.603103179473752249e+00,-5.769781988408465567e-01,4.000000000000000000e+00
-7.017009276938029672e+00,-5.630147166992106378e+00,-5.624268887468939493e-01,4.000000000000000000e+00
-6.974799174299968207e+00,-5.656211644804008287e+00,-5.628432760093285969e-01,4.000000000000000000e+00
-6.932687543986140177e+00,-5.683347223041463003e+00,-5.745338696638052634e-01,4.000000000000000000e+00
-6.890695846437999705e+00,-5.710658777344158388e+00,-5.762874670256215026e-01,4.000000000000000000e+00
-6.848688849131371548e+00,-5.737935889784464116e+00,-5.637350433808830941e-01,4.000000000000000000e+00
-6.806451077094068935e+00,-5.763915366313117516e+00,-5.474440895881383939e-01,4.000000000000000000e+00
-6.763663472151838718e+00,-5.789766852480671133e+00,-5.367916938780860070e-01,4.000000000000000000e+00
-6.720334341609671469e+00,-5.815161444390556156e+00,-5.266395315121237264e-01,4.000000000000000000e+00
-6.677172946968339851e+00,-5.840053460362017113e+00,-5.107866588131683150e-01,4.000000000000000000e+00
-6.633261608946431132e+00,-5.863956303783675494e+00,-5.005827734867945855e-01,4.000000000000000000e+00
-6.589619440296467623e+00,-5.887950431909179549e+00,-4.972293719247906640e-01,4.000000000000000000e+00
-6.545358935277699075e+00,-5.911661999459886907e+00,-4.851416766492852584e-01,4.000000000000000000e+00
-6.501347826503413252e+00,-5.934484022178574847e+00,-4.781587794949378467e-01,4.000000000000000000e+00
-6.456958730654008605e+00,-5.957477423309320841e+00,-4.823854069247828225e-01,4.000000000000000000e+00
-6.412941260976865010e+00,-5.980777815846010981e+00,-4.907294331866570714e-01,4.000000000000000000e+00
-6.368903767508935942e+00,-6.004527432925499397e+00,-4.856849386870164542e-01,4.000000000000000000e+00
-6.324834003459894660e+00,-6.027285948159665452e+00,-4.877067697178153471e-01,4.000000000000000000e+00
-6.280895262285818959e+00,-6.051211199455700296e+00,-5.014654460976369910e-01,4.000000000000000000e+00
-6.237090944292287276e+00,-6.075387291514736887e+00,-4.952601792040490225e-01,4.000000000000000000e+00
-6.193245527014891394e+00,-6.098556425413971027e+00,-4.935613009842564347e-01,4.000000000000000000e+00
-6.149362367395561080e+00,-6.122582754532174931e+00,-5.002293568547279135e-01,4.000000000000000000e+00
-6.105479999462660956e+00,-6.146529092153805607e+00,-4.990858030811817225e-01,4.000000000000000000e+00
-6.061750197158685793e+00,-6.170341554383735883e+00,-5.063650275996673944e-01,4.000000000000000000e+00
-6.018208790145310516e+00,-6.194929363421877611e+00,-5.153659900548954731e-01,4.000000000000000000e+00
-5.974731113372616420e+00,-6.219631330686205217e+00,-5.126902155269993377e-01,4.000000000000000000e+00
-5.931268010834719107e+00,-6.243867978858929746e+00,-5.125721029736446388e-01,4.000000000000000000e+00
-5.887807721673462780e+00,-6.268546639824496225e+00,-5.127903752985130126e-01,4.000000000000000000e+00
-5.844353166961461454e+00,-6.292803459672995814e+00,-5.146766963447466647e-01,4.000000000000000000e+00
-5.800959141122389084e+00,-6.317660798860810445e+00,-5.233548292847691741e-01,4.000000000000000000e+00
-5.757719696016955879e+00,-6.342793142856766764e+00,-5.224267721146753640e-01,4.000000000000000000e+00
-5.714487133102595706e+00,-6.367450399953401785e+00,-5.206355147144450246e-01,4.000000000000000000e+00
-5.671177183303850455e+00,-6.392417138136462285e+00,-5.268223037528740882e-01,4.000000000000000000e+00
-5.628062750060362163e+00,-6.417719689907602998e+00,-5.334605905681005789e-01,4.000000000000000000e+00
-5.585085740080231176e+00,-6.443260599359867058e+00,-5.361197480019386230e-01,4.000000000000000000e+00
-5.542098857628360520e+00,-6.468796627927275722e+00,-5.307843381765168234e-01,4.000000000000000000e+00
-5.499058806075410644e+00,-6.493755923245785766e+00,-5.300483961806446986e-01,4.000000000000000000e+00
-5.456051885684857439e+00,-6.519218606789351611e+00,-5.347837168010224351e-01,4.000000000000000000e+00
-5.413052651705882568e+00,-6.544702622110605716e+00,-5.290449486765604892e-01,4.000000000000000000e+00
-5.369960919028873292e+00,-6.569550382762553653e+00,-5.247574297175798819e-01,4.000000000000000000e+00
-5.326759458301934202e+00,-6.594657421801979780e+00,-5.205328905747315105e-01,4.000000000000000000e+00
-5.283470506925775467e+00,-6.619132709549429450e+00,-5.231060148677642019e-01,4.000000000000000000e+00
-5.240221556246501322e+00,-6.644563262375268842e+00,-5.294481043642803586e-01,4.000000000000000000e+00
-5.197098503658766688e+00,-6.669675523558448837e+00,-5.254394637680827040e-01,4.000000000000000000e+00
-5.153897039051068774e+00,-6.694614833268834886e+00,-5.209796301875712077e-01,4.000000000000000000e+00
-5.110474844308241948e+00,-6.719385666048918182e+00,-5.135263928614404172e-01,4.000000000000000000e+00
-5.066897738283386410e+00,-6.743682232150396416e+00,-4.953568929033582702e-01,4.000000000000000000e+00
-5.022886355760444843e+00,-6.766708751960233137e+00,-4.762934088937004207e-01,3.980144560208853655e+00
-4.978597346204070462e+00,-6.789237171483449629e+00,-4.697545147829360612e-01,3.929583118063083358e+00
-4.934061314511458463e+00,-6.811801415521817837e+00,-4.590155956526106307e-01,3.888168344586491187e+00
-4.889270070456364081e+00,-6.833384794344024016e+00,-4.503840792581283448e-01,3.874435053486868341e+00
-4.844353296476489490e+00,-6.855177830739535239e+00,-4.440864645801311239e-01,3.869522500386047614e+00
-4.799102173618021716e+00,-6.876285087571416099e+00,-4.183188986127002740e-01,3.828038656624188629e+00
-4.753440320529998431e+00,-6.895593894093849485e+00,-4.052499992963221054e-01,3.775440731651786841e+00
-4.707628265150679781e+00,-6.915526982756469820e+00,-4.063013194572109854e-01,3.722099606381005454e+00
-4.661646172381235687e+00,-6.935087487811814277e+00,-3.922010824259155592e-01,3.667982857297440002e+00
-4.615443033174727816e+00,-6.953657582402636983e+00,-3.804731359552405157e-01,3.613055632430000053e+00
-4.569013718434231208e+00,-6.972136897554557677e+00,-3.682412896917285350e-01,3.557280388813961025e+00
-4.522357298287625227e+00,-6.989573898887382342e+00,-3.523280674008293922e-01,3.514706709061291345e+00
-4.475362927933797863e+00,-7.006569391559862581e+00,-3.278611691190308486e-01,3.504293651030946588e+00
-4.428014927483578944e+00,-7.021663215507851774e+00,-3.108250999346436338e-01,3.523693916984973029e+00
-4.380444865036757562e+00,-7.037060633644065533e+00,-3.025075176755864792e-01,3.558984875578005802e+00
-4.332687839685642750e+00,-7.051413450489588897e+00,-2.944088384814019244e-01,3.593929307678308316e+00
-4.284868414798122416e+00,-7.066041381229251073e+00,-2.878400871623933988e-01,3.628537224913804593e+00
-4.236785913756240696e+00,-7.079806370759937906e+00,-2.601478830028017275e-01,3.662818165918322322e+00
-4.188433675799490885e+00,-7.091710370052199508e+00,-2.437789063568021330e-01,3.696781227037563067e+00
-4.139961923425024892e+00,-7.103888979727347674e+00,-2.426618851912724639e-01,3.730435090518724017e+00
-4.091339378994242715e+00,-7.115745077131868435e+00,-2.295075776864317352e-01,3.763788050431311039e+00
-4.042593949280781196e+00,-7.126636475684139604e+00,-2.191944795010313529e-01,3.796848036538415183e+00
-3.993729510104973013e+00,-7.137489995866436843e+00,-2.092101497534304966e-01,3.829622636313101403e+00
-3.944749469031560096e+00,-7.147410507549175840e+00,-1.925788886064981331e-01,3.862119115273090486e+00
-3.895612774776850085e+00,-7.156622312261508689e+00,-1.863745257284007695e-01,3.894344435788119618e+00
-3.846407989934118810e+00,-7.165954059210148941e+00,-1.794046162126834709e-01,3.926305274497893461e+00
-3.797134100171853266e+00,-7.174481862752277728e+00,-1.724694832166916159e-01,3.958008038464054135e+00
-3.747797293806799601e+00,-7.183132057724366248e+00,-1.639760834813763501e-01,3.989458880166852683e+00
-3.698372563533624202e+00,-7.190823118015942761e+00,-1.469959725174441456e-01,4.000000000000000000e+00
-3.648825511855575687e+00,-7.197786211507763987e+00,-1.342212250540451013e-01,4.000000000000000000e+00
-3.599193210749256799e+00,-7.204215612437669058e+00,-1.203567147582882829e-01,4.000000000000000000e+00
-3.549453090827507040e+00,-7.209804436716144238e+00,-1.154411063972225204e-01,4.000000000000000000e+00
-3.499695506990400773e+00,-7.215753034761765328e+00,-1.119169057964030795e-01,4.000000000000000000e+00
-3.449904833133204729e+00,-7.220992319625866962e+00,-1.070637814876170407e-01,4.000000000000000000e+00
-3.400083748696255626e+00,-7.226458783005346831e+00,-9.992661784924031232e-02,4.000000000000000000e+00
-3.350211313673011837e+00,-7.230987646891725795e+00,-8.542129545849778960e-02,4.000000000000000000e+00
-3.300287031620973366e+00,-7.235004343052770182e+00,-8.233989026245584764e-02,4.000000000000000000e+00
-3.250337661250569887e+00,-7.239229867925088158e+00,-7.495019188282379952e-02,4.000000000000000000e+00
-3.200346537415843073e+00,-7.242508960009264030e+00,-6.031996363690598356e-02,4.000000000000000000e+00
-3.150316777953436898e+00,-7.245270451963888192e+00,-5.718404808515415577e-02,4.000000000000000000e+00
-3.100266561305343060e+00,-7.248238184421277097e+00,-4.801490348057464025e-02,4.000000000000000000e+00
-3.050182402013126293e+00,-7.250082092563246761e+00,-2.117580223459850433e-02,4.000000000000000000e+00
-3.000056698218368290e+00,-7.250360525903082554e+00,-3.081318997609744370e-03,4.000000000000000000e+00
-2.949912835347904938e+00,-7.250391056061715744e+00,-5.093947499767039963e-03,4.000000000000000000e+00
-2.899764346096250556e+00,-7.250871414298323714e+00,-1.294162704011237765e-02,4.000000000000000000e+00
-2.850107486259849665e+00,-7.251682771781666759e+00,-2.032943382663380052e-02,4.000000000000000000e+00
-2.800018432539705504e+00,-7.252899471644300711e+00,-2.927587042034922662e-02,4.000000000000000000e+00
-2.750430157173538781e+00,-7.254601746327747236e+00,-3.992594807962411563e-02,4.000000000000000000e+00
-2.700424558130570141e+00,-7.256877965742092762e+00,-5.243285296806923790e-02,4.000000000000000000e+00
-2.650938730547603761e+00,-7.259823151451556100e+00,-6.685951088968815348e-02,4.000000000000000000e+00
-2.601061133879723375e+00,-7.263531272501298375e+00,-8.130370086077511049e-02,4.000000000000000000e+00
-2.551231398395428229e+00,-7.267947636190712934e+00,-8.771687581786809240e-02,4.000000000000000000e+00
-2.501433346295416360e+00,-7.272292793419510737e+00,-9.593876377909094089e-02,4.000000000000000000e+00
-2.451673033048341832e+00,-7.277528555787309728e+00,-1.036804883810105715e-01,4.000000000000000000e+00
-2.401944737559441823e+00,-7.282644941539818007e+00,-1.034374456400873887e-01,4.000000000000000000e+00
-2.352227230801858582e+00,-7.287851819087469707e+00,-1.137533402057637338e-01,4.000000000000000000e+00
-2.302560087394138311e+00,-7.293999294197115901e+00,-1.226451039781792929e-01,4.000000000000000000e+00
-2.252938249788660752e+00,-7.300090552392084930e+00,-1.225002226767251262e-01,4.000000000000000000e+00
-2.203321728005074753e+00,-7.306217191712427450e+00,-1.230403347585090484e-01,4.000000000000000000e+00
-2.153708530108566332e+00,-7.312361797389471008e+00,-1.232500422694818298e-01,4.000000000000000000e+00
-2.104096641081124819e+00,-7.318508990815423942e+00,-1.231371697588789782e-01,4.000000000000000000e+00
-2.054484066407318732e+00,-7.324642147865603192e+00,-1.235805987168367287e-01,4.000000000000000000e+00
-2.004880057837993501e+00,-7.330833037835567723e+00,-1.334578292653830767e-01,4.000000000000000000e+00
-1.955334012247291309e+00,-7.337953623058798058e+00,-1.424738414446768686e-01,4.000000000000000000e+00
-1.905843826694654908e+00,-7.345039364231954693e+00,-1.425819934404274625e-01,4.000000000000000000e+00
-1.856359983073004649e+00,-7.352161951513160432e+00,-1.431967398961114801e-01,4.000000000000000000e+00
-1.806880554793892202e+00,-7.359308244979828828e+00,-1.435441580609229106e-01,4.000000000000000000e+00
-1.757403636085328458e+00,-7.366464929500807557e+00,-1.436131844791646572e-01,4.000000000000000000e+00
-1.707927244160105218e+00,-7.373617757256205607e+00,-1.434052825411233079e-01,4.000000000000000000e+00
-1.658449406170271478e+00,-7.380753572356834269e+00,-1.429391914221802007e-01,4.000000000000000000e+00
-1.608968270394442124e+00,-7.387860002674911719e+00,-1.422032238540486826e-01,4.000000000000000000e+00
-1.559481935479249959e+00,-7.394922702988796281e+00,-1.408424893490688445e-01,4.000000000000000000e+00
-1.509983797944655315e+00,-7.401894141697762386e+00,-1.307037870395371115e-01,4.000000000000000000e+00
-1.460420245199105294e+00,-7.407944679206502236e+00,-1.221108339127527226e-01,4.000000000000000000e+00
-1.410803882539255927e+00,-7.414065640732344420e+00,-1.225384278125896675e-01,4.000000000000000000e+00
-1.361186213437445724e+00,-7.420165892653149520e+00,-1.122502386761238119e-01,4.000000000000000000e+00
-1.311509269866667271e+00,-7.425258534829108470e+00,-9.118775402788949214e-02,4.000000000000000000e+00
-1.261727540500831468e+00,-7.429260527564244043e+00,-7.766085280511303424e-02,4.000000000000000000e+00
-1.211888229737660749e+00,-7.433010781169808290e+00,-7.210040163612956021e-02,4.000000000000000000e+00
-1.162027274274081146e+00,-7.436461439031371690e+00,-6.605071056046418754e-02,4.000000000000000000e+00
-1.112146010948635411e+00,-7.439608422887902250e+00,-6.935755591284015198e-02,4.000000000000000000e+00
-1.062275323956522133e+00,-7.443391105720593259e+00,-7.302849262613830827e-02,4.000000000000000000e+00
-1.012417124574725102e+00,-7.446904448036541169e+00,-6.764375155886866164e-02,4.000000000000000000e+00
-9.625405966903803900e-01,-7.450147845531869706e+00,-6.202908598972076831e-02,4.000000000000000000e+00
-9.126458802261138148e-01,-7.453101116620391764e+00,-5.613586252309238356e-02,4.000000000000000000e+00
-8.627340954000785045e-01,-7.455756462161710729e+00,-5.966418210518132509e-02,4.000000000000000000e+00
-8.128321607781127112e-01,-7.459063497223638706e+00,-6.373523938138213329e-02,4.000000000000000000e+00
-7.629424383863592229e-01,-7.462125333481555600e+00,-5.879534072912831477e-02,4.000000000000000000e+00
-7.130379469223369071e-01,-7.464937702421703847e+00,-5.361465905331871257e-02,4.000000000000000000e+00
-6.631189044330575433e-01,-7.467482472292292783e+00,-4.809173620277413380e-02,4.000000000000000000e+00
-6.131858248283793555e-01,-7.469743469858601159e+00,-4.223581000540076180e-02,4.000000000000000000e+00
-5.632395251236507194e-01,-7.471703468972977547e+00,-3.609736386220163684e-02,4.000000000000000000e+00
-5.132813236043965999e-01,-7.473351326162816832e+00,-3.946239812940609271e-02,4.000000000000000000e+00
-4.633293490950125548e-01,-7.475648212020175265e+00,-4.354241514629132032e-02,4.000000000000000000e+00
-4.133857037438579685e-01,-7.477703773724407199e+00,-3.862891504126329811e-02,4.000000000000000000e+00
-3.634321056217491019e-01,-7.479509054716473315e+00,-3.348705641709941172e-02,4.000000000000000000e+00
-3.134692395627214356e-01,-7.481050933240183554e+00,-2.812264957441907437e-02,4.000000000000000000e+00
-2.634981781775205256e-01,-7.482320202674429765e+00,-3.232428527494145276e-02,4.000000000000000000e+00
-2.135333953771585414e-01,-7.484282413536107015e+00,-3.731140992564991460e-02,4.000000000000000000e+00
-1.635772084901780943e-01,-7.486050125955358681e+00,-3.336345446075801580e-02,4.000000000000000000e+00
-1.136141305714746252e-01,-7.487617302846473422e+00,-2.927970201174635856e-02,4.000000000000000000e+00
-6.364470376281783359e-02,-7.488976956354363779e+00,-3.366368368335605210e-02,4.000000000000000000e+00
-1.368211082278936175e-02,-7.490982654099440197e+00,-3.666205538125376362e-02,4.000000000000000000e+00
3.627520605022382938e-02,-7.492641867778957021e+00,-3.948721498132817809e-02,4.000000000000000000e+00
8.622714144949972237e-02,-7.494929843974801997e+00,-4.331497761189295054e-02,4.000000000000000000e+00
1.361711972644843449e-01,-7.496971568517160733e+00,-3.833352557567260011e-02,4.000000000000000000e+00
1.861253663718789308e-01,-7.498761171978738815e+00,-3.325441392852051398e-02,4.000000000000000000e+00
2.360886249458609143e-01,-7.500295489365612411e+00,-2.807293501362026142e-02,4.000000000000000000e+00
2.860598274948964459e-01,-7.501567362826882857e+00,-2.277302873094144350e-02,4.000000000000000000e+00
3.360377629382023112e-01,-7.502572027516137609e+00,-2.720666076123126262e-02,4.000000000000000000e+00
3.860101701765490390e-01,-7.504287349039742594e+00,-3.431190155552969745e-02,4.000000000000000000e+00
