x_rollout_m,y_rollout_m,psi_rollout_rad,v_rollout_mps,psi_err_rad,xy_err_m,v_err_mps
0.4360000000000226,-7.505840000000006,-0.027478333013176273,4.0,0.0,0.0,0.0
0.4859724060182415,-7.5071998298102605,-0.026931467475536215,4.0,-0.0001628878163666414,1.3669151401585898e-05,0.0
0.5359455422957187,-7.508532553700188,-0.026393505432812662,4.0,-0.0029066111404461026,1.650841710850861e-05,0.0
0.5859194734740427,-7.509835117324885,-0.025724418328717528,4.0,-0.0022075450601648505,0.00027366766107275194,0.0
0.6358944089035686,-7.511098534787226,-0.024826858704397138,4.0,0.007666064480947199,0.0002315494226737665,0.0
0.6858706066138963,-7.512310950867064,-0.023683366843499767,4.0,0.007414998523678218,0.0004990201405570385,0.0
0.7358482443104825,-7.513462447273135,-0.02238894732840799,4.0,-0.0018786016405387684,0.000513663094202837,0.0
0.7858272986718327,-7.514550734982271,-0.021153923572925507,4.0,-0.006274912221640783,0.00030976716558888144,0.0
0.8358074909397322,-7.515585516371864,-0.02024782092385932,4.0,-0.006677146856269189,0.00012231089792661036,0.0
0.8857883250465635,-7.516588890189276,-0.01989712972332364,4.0,0.00043864642330637693,0.0003719549067824878,0.0
0.9357691872988083,-7.517590864779649,-0.02019183033550215,4.0,-0.0034818027421819053,9.444307764112101e-05,0.0
0.985749465419195,-7.518621500703487,-0.021044029794612864,4.0,-0.00798562513852108,0.0007338972229819753,0.0
1.0357286772277676,-7.519702549692842,-0.02220917112235261,4.0,0.010661210746368166,0.0009005271539079732,0.0
1.0857065992087296,-7.520841671056813,-0.02336792065434262,4.0,0.011040847505108253,0.00033250484002635307,0.0
1.135683340047476,-7.522031536365094,-0.02423984824172521,4.0,-0.002267300231841407,0.00021112204078785053,0.0
1.1856593037168988,-7.523253658047313,-0.024658784912353165,4.0,0.0024391143424784545,0.00011797736075849862,0.0
1.235635068915091,-7.524483883081233,-0.02456413850725272,4.0,0.0018688551141705645,0.0004676899640968604,0.0
1.2856112709539136,-7.525696199805579,-0.023942109067187363,4.0,0.0009668463195007249,0.00031746676644442764,0.0
1.335588534946367,-7.526863831268317,-0.022775897952687977,4.0,-0.00025181379250271974,0.0005779571675132866,0.0
1.3855674444103299,-7.527958607121266,-0.021026610634526807,4.0,0.0025736593807890173,0.0003069698710404281,0.0
1.4355485040651044,-7.528950098454695,-0.018642868712959414,4.0,0.009076137258197559,0.0008511430638554886,0.0
1.4855320662281264,-7.529805748203239,-0.015591033165096031,4.0,0.00137134638097125,0.0012307492142085681,0.0
1.5355182263913127,-7.530492398045538,-0.011880837238682173,4.0,-0.0014912054443780853,0.0010047949885177414,0.0
1.5855067302030597,-7.530978365438068,-0.007561716424029442,4.0,-0.0044379873370368195,0.00109702695587395,0.0
1.6354969283290905,-7.531234725791719,-0.002694618457316206,4.0,-0.003201851684078161,0.0005754553364198878,0.0
1.6854877730681255,-7.531235216427267,0.0026749894342248722,3.9740487021755273,0.006055923262005436,0.0007897897468699843,0.0
1.7354778228093113,-7.530955281920857,0.008524502521661644,3.9234087027569853,0.004907496037872328,0.0011921441457969195,0.0
1.7854652311683161,-7.530371121293431,0.014846744598317797,3.8721064823265783,-0.005552588030956596,0.0012918222384372402,0.0
1.8354477149498596,-7.529458854525784,0.021652661526598064,3.820115361096019,-0.006882043748478672,0.0006499373284799149,0.0
1.885422475682308,-7.528192912148204,0.02899977505158259,3.7674068181825047,-3.394351505781046e-05,0.0006180925018226821,0.0
1.935386007788275,-7.526542879874045,0.037025693354300754,3.7139503086732706,0.0010942926487471638,0.000663058324868373,0.0
1.9853337314617623,-7.524469505543467,0.04594844407832027,3.6597130566344322,0.001640315908466139,0.0007486544581767247,0.0
2.0352594723608717,-7.521921986854833,0.0560154375905734,3.6046598200810567,0.001947603300331835,0.0008539289891868525,0.0
2.085154936376718,-7.518838778800935,0.06741432704735417,3.5487526231216866,0.002307332646978466,0.0009746469304072606,0.0
2.13500943477661,-7.515152913775313,0.08018203527697715,3.4919504494937077,0.0028442449010830373,0.0011165735598315139,0.0
2.1848101291602298,-7.510800818329807,0.09415556848958714,3.43420889046161,-0.000718491655796516,0.0012867270631644267,0.0
2.2345429176378575,-7.505731846587798,0.10899118590883863,3.3866863718013382,-0.01251033638809984,0.0010639568321459988,0.0
2.2841937903072393,-7.499915237410625,0.12424607594160793,3.3879641664060407,-0.014281636705594902,4.666027832634284e-05,0.0
2.3337501961510267,-7.493342200770951,0.1394894611653928,3.424654101781298,-0.006629460857042524,0.0003726253068253602,0.0
2.383201890079069,-7.486022759232326,0.15440069404650014,3.460955105291538,-0.006122371461327436,0.0008288940241315218,0.0
2.4325409344316355,-7.477978759664852,0.16882583358291836,3.496879289429312,-0.008511632735921815,0.0011338379571368355,0.0
2.481760858725897,-7.469235247402117,0.18278964244777401,3.5324381507445732,-0.011558714242377643,0.0015841701009222584,0.0
2.5308552328954663,-7.459812190875811,0.19647310411689178,3.5298932572159956,-0.011046999728229423,0.0022263249877784966,0.0
2.5798160438332896,-7.449718107244731,0.21016266490954133,3.472782626215641,0.00030549487855990876,0.0026546000443567613,0.0
2.628632330415215,-7.4389468569772985,0.2241752845829868,3.414716961997211,0.0036963614456548832,0.002350758398747701,0.0
2.6772894988766938,-7.427478372856366,0.23877475181433463,3.3556466876233735,-0.003401463630066104,0.002429049017523478,0.0
2.725769537051206,-7.41528298467227,0.2541082567907881,3.2955177823468005,-0.0059490893247615695,0.002636592005648754,0.0
2.774052012830822,-7.402327705839605,0.2701872179080875,3.2342712031260197,-0.007413205101155285,0.002959113100608607,0.0
2.822115458327906,-7.388582251992786,0.2869137602272348,3.187427149945762,-0.006101268835674745,0.0033201414732910817,0.0
2.869938639952572,-7.374022990542363,0.3041355588425863,3.1557334697420063,-0.00599787619744685,0.003727190769354306,0.0
2.9175013072196543,-7.35863406728654,0.32170501868173734,3.134017416115612,-0.0084128671222512,0.0040662233700712765,0.0
2.9647842734238212,-7.342406141250826,0.33951880466936935,3.1174585753000645,-0.00938322119721402,0.004485706145356538,0.0
3.011769039390156,-7.325334093089647,0.35752233434896336,3.103987690716347,-0.007292680905289561,0.004936829591648345,0.0
3.0584374365710785,-7.307415315602139,0.37568246885697554,3.0948992448883113,-0.006149632463719357,0.005379132295355666,0.0
3.104771739374287,-7.288649563401017,0.39394941765765545,3.0934795200149274,-0.008067485140685005,0.005717836976098495,0.0
3.150755372368862,-7.269040217651081,0.41223313721275867,3.1029333316603114,-0.008857941711014838,0.006121979708411009,0.0
3.1963739526375763,-7.248595978309946,0.43040561523788995,3.1250194684949832,-0.010074860341563685,0.0065199223152940956,0.0
3.241616237711463,-7.227331939375277,0.4483221322803561,3.1595180267055967,-0.011723679199667103,0.007047255016297245,0.0
3.2864746235413924,-7.205269487040127,0.4658495269705318,3.19882926788438,-0.011653359394908858,0.007642989343199297,0.0
3.330944999932617,-7.182434958563105,0.4828929130714131,3.237663232806928,-0.008088341338576832,0.008186208008297759,0.0
3.375025985872029,-7.158857418026812,0.49941095632499943,3.276036894338325,-0.007899931714400843,0.008662698265085138,0.0
3.4187178314333866,-7.134566270021298,0.5154120864467273,3.3139662425954173,-0.011040945735861563,0.009175917913472493,0.0
3.4620214087679018,-7.109589469457545,0.5309355069213377,3.351466362811669,-0.008592229252069927,0.009727507034989143,0.0
3.5049376141051436,-7.083952729280998,0.5460274637983987,3.388551505445087,-0.007808300180228489,0.010230975042358417,0.0
3.547467277739838,-7.0576796764977905,0.5607222271436976,3.4252351494532833,-0.008577171911562154,0.010700631284398436,0.0
3.5896114293213612,-7.030792534948961,0.5750359952572358,3.4615300595323952,-0.005474498401465855,0.011012891290350232,0.0
3.631371594144,-7.003312747203528,0.5889746156109711,3.4974483380090744,-0.0077331529631967655,0.011417890876442021,0.0
3.672749850966558,-6.975261150707895,0.6025461663355921,3.5330014719836345,-0.012012727532936918,0.011951111614830577,0.0
3.7137485540887716,-6.946657646188828,0.6157728298910212,3.568200376244952,-0.0082773189415275,0.012503831522584895,0.0
3.7543696949170604,-6.917520407735989,0.6287024024602192,3.6030554324115953,-0.003107736576517972,0.012931087330158984,0.0
3.794613981744792,-6.887864813050651,0.6414125751948115,3.637576524697013,-0.0044810648765558625,0.013234526597878228,0.0
3.8344799751667225,-6.857702582695378,0.6539987816875797,3.671773072647994,-0.007882416645924373,0.013531125716673677,0.0
3.873963715986346,-6.827041663587047,0.6665509632822121,3.705654061163694,-0.009148243816820667,0.013876626868689694,0.0
3.913059041926913,-6.795886999603136,0.679132157927675,3.7221549826054496,-0.004746726192808026,0.014283715412909011,0.0
3.951758562353384,-6.76424202423408,0.6917611920611718,3.7209994987114077,0.0007235797596480964,0.014487184183705482,0.0
3.990055235483489,-6.732110697882262,0.7043980708134462,3.7345727221613925,-0.006979087198471845,0.014637554098936023,0.0
4.027944320705912,-6.69949973335679,0.7169432595689696,3.7678890563693677,-0.012403688529075918,0.015402825726788867,0.0
4.065425085421402,-6.666420264841755,0.729261606385377,3.8009133724809003,-0.007415941217403521,0.015782420987484287,0.0
4.102501598410621,-6.632888295463863,0.7412189928168137,3.833653217115526,-0.007892404221238714,0.016188636563619428,0.0
4.13918247121044,-6.598923951823512,0.7527089611567992,3.866115817341264,-0.007310499020916517,0.01658576422823529,0.0
4.175479941388669,-6.564550135631359,0.763661326273499,3.8983080993031325,-0.0069910814722380366,0.016921383479752784,0.0
4.21140883731524,-6.529791214664735,0.7740354314507838,3.930236705478245,-0.008409232581633841,0.017273959119084307,0.0
4.246985900132995,-6.4946722269439645,0.7838020756865997,3.961908010679271,-0.0052828702317917475,0.01753880009629003,0.0
4.282229581556601,-6.459218649940597,0.7929321041225801,3.9933281369154563,-0.007613246589829981,0.017847014574660133,0.0
4.3171597188940085,-6.423456084504162,0.8014137432197616,4.0,-0.007966663582182676,0.018226868932301767,0.0
4.351796272962649,-6.387409076613346,0.8092862506324671,4.0,-0.004424003283284961,0.018530259033167705,0.0
4.386157039959199,-6.351099065182445,0.8166601790740676,4.0,-0.005326425413270108,0.018702362052936884,0.0
4.42025486494395,-6.3145420068706875,0.8237206076245298,4.0,-0.00585620099461881,0.01904154851793658,0.0
4.454095030236205,-6.2777463060338095,0.8307106407455398,4.0,-0.003528680608131385,0.04671695309753722,0.0
4.487674007657566,-6.240712103463481,0.8378711553484574,4.0,-0.00705083303528653,0.04678911092144016,0.0
4.520981028541364,-6.203433137835554,0.8453486310183844,4.0,-0.008978021728539787,0.01935671870875746,0.0
4.554002425249829,-6.165900948028291,0.8531424666854069,4.0,-0.001479219706618018,0.019447870830176663,0.0
4.586726616589396,-6.128109354081011,0.8611311421898217,4.0,-0.0038000865692948693,0.01946885022349188,0.0
4.619147544725228,-6.090057276145541,0.869136482706038,4.0,-0.004449580215953652,0.01995346427489085,0.0
4.651265823383594,-6.051749393014455,0.8769850651117779,4.0,-0.003583047500801406,0.0199979433039977,0.0
4.68308766195818,-6.013194896638261,0.8845637521894524,4.0,-0.008328022091183662,0.020200595256500895,0.0
4.714622114314973,-5.974404977495315,0.89184796995997,4.0,-0.006290073734045443,0.020404329916245526,0.0
4.745878081898759,-5.935390303951764,0.8988810708623378,4.0,-0.0006941929209975939,0.020388181586063436,0.0
4.776862426121492,-5.896159560955797,0.9057337938076767,4.0,-0.0036315351631421855,0.020304525386946437,0.0
4.807579313192057,-5.8567190496286745,0.912479836453997,4.0,-0.0058908346243944365,0.020698279337257396,0.0
4.838030118571757,-5.817072742950703,0.9191914740458729,4.0,-0.0025291142325452043,0.020883260844142538,0.0
4.868213394951503,-5.777222386584238,0.9259408969449806,4.0,-0.00040222726689265187,0.02076730344648611,0.0
4.898124883634373,-5.73716762883346,0.932796852730875,4.0,-0.0039001368079318866,0.020631970440737304,0.0
4.927757612079408,-5.69690621201637,0.939823837687867,4.0,-0.004882941122687168,0.02097544495176154,0.0
4.957101753221113,-5.656433987796206,0.9470948223989482,4.0,-0.0020700144900343,0.020888024521247217,0.0
4.986143879000162,-5.61574451222916,0.9547080883865967,4.0,-0.0005739646271862853,0.020944300631298336,0.0
5.014865856006772,-5.574828439501866,0.9627868113374424,4.0,-0.002224922141913055,0.020710239054493124,0.0
5.04324425484446,-5.5336733498761825,0.971452798905291,4.0,-0.0018307211963506376,0.02090052966606743,0.0
5.071251189369257,-5.492264606187246,0.9807824765866597,4.0,-0.0009383049703126645,0.020608141526236783,0.0
5.098857034791772,-5.4505874287092535,0.9907615555863982,4.0,-0.0012585335165828937,0.02070123150492353,0.0
5.126034718079207,-5.4086298174472995,1.0012594229186786,4.0,0.00039567485175240336,0.020680977434489538,0.0
5.152764424526944,-5.366385419679613,1.0120420837737367,4.0,-0.008677879920122145,0.020389573492983596,0.0
5.179036978302396,-5.323855203992175,1.0228294713023833,4.0,-0.013917699401873929,0.020892093783080923,0.0
5.2048543640652625,-5.281047144157546,1.0333769068254808,4.0,-0.006797632306594359,0.02128244972526764,0.0
5.2302271640423434,-5.237974065705114,1.0435367131235933,4.0,-0.004962061441313281,0.021151519602648643,0.0
5.2551703191934545,-5.194650748098777,1.0532689495260854,4.0,-0.005102663915717898,0.02137399607841954,0.0
5.279699112453624,-5.1510914703542525,1.0626137844204777,4.0,-0.0016181950555682612,0.02152691951278526,0.0
5.3038264137921685,-5.1073085185946905,1.0716561481894864,4.0,-0.003212303484456669,0.021215442986692513,0.0
5.327561257222132,-5.063311569945207,1.080497553956434,4.0,-0.008574923827501024,0.021428207464288522,0.0
5.350908327396351,-5.019107622695938,1.0892420207838993,4.0,-0.009188338873950208,0.021784008040159925,0.0
5.373867682327355,-4.974701062233416,1.097999430898458,4.0,0.0008038393947771283,0.02205528975708001,0.0
5.39643434326567,-4.930093664614976,1.1068882081895448,4.0,0.004460565099703828,0.021467708462642055,0.0
5.4185982965567145,-4.885284821814236,1.1160140976776047,4.0,-0.0028656411399126114,0.02139963809636119,0.0
5.440345736741139,-4.840272368879778,1.1254363749085063,4.0,-0.006804121484579095,0.02150620439692244,0.0
5.4616613747622065,-4.795053849831326,1.1351558072092551,4.0,-0.006076245466539731,0.021767585086116224,0.0
5.482530620128407,-4.749627597254308,1.145134568144606,4.0,0.0003761611353079175,0.02190785899828013,0.0
5.502940617107919,-4.7039931700794515,1.1553287625129838,4.0,-0.002234693817667832,0.021758068842688983,0.0
5.522879954648712,-4.658151148784345,1.1657148147236454,3.9989404743769232,-0.008296570973219008,0.02201765222375466,0.0
5.542337558262833,-4.612102599443758,1.176298318181739,3.9486197182327127,-0.0027013314022674706,0.02224738705108907,0.0
5.561301766556606,-4.565848679780354,1.1870961258882582,3.8976493481100176,-0.002227757255666596,0.02217115510149472,0.0
5.579760566434989,-4.519390762955629,1.1981035100381596,3.8460035364555636,-0.004267810308887121,0.022360858973736353,0.0
5.5977028734055185,-4.472730949877128,1.2092824366997514,3.7936546975225562,0.0014366672705485861,0.022078593869953096,0.0
5.615119448545337,-4.425872366415383,1.2205899589628837,3.740573315100402,-0.007635546326089315,0.02188470032058425,0.0
5.632002044773068,-4.378818766445787,1.2320258572561924,3.686727747915144,-0.013182350352788141,0.022478718088872113,0.0
5.648340622040583,-4.331573520791254,1.2436659429557346,3.6320840090578477,-0.003151196717559479,0.022715280630548153,0.0
5.664119811974211,-4.284138536059924,1.2556580455381847,3.576605515074312,0.0029148282959488014,0.022679310685480153,0.0
5.679316507536621,-4.236513769695532,1.2681759487510966,3.5202527994543575,0.005625998244166652,0.022411542922735884,0.0
5.6939000144699605,-4.188697708521056,1.2813564658563468,3.46298318414521,-0.00220438094813602,0.022402554390322762,0.0
5.707834598477451,-4.14068856715868,1.2952628238360213,3.4047504013185392,-0.009617619913902864,0.022888017668783255,0.0
5.72108273304876,-4.092485528819648,1.3098944769953325,3.345504155861267,-0.00806373177046682,0.023233873171464775,0.0
5.733607213709229,-4.044089465090095,1.3252270400093857,3.2851896168244634,-0.004806098961959382,0.02364121024134417,0.0
5.745371372657443,-3.995503030369324,1.3412525116676148,3.223746823200842,0.0005147681314658925,0.023857395742924732,0.0
5.75633795588493,-3.9467304331639212,1.3579942828395017,3.1611099857018226,0.0013644663085892184,0.023518101064032876,0.0
5.766468153944113,-3.8977773338609487,1.3754852058817957,3.097206661382161,-0.008053250555748459,0.023637961987969615,0.0
5.775722208246271,-3.8486511315668825,1.3937249470964765,3.04047155383681,-0.011071299363066167,0.024187972220612104,0.0
5.784061782914382,-3.7993615033350117,1.4126517453308018,2.9957783237317654,-0.004832231538409282,0.024464069569123587,0.0
5.791452953915792,-3.749920811617798,1.432147483943655,2.963483635988972,-0.0014386119765452676,0.024565033990457515,0.0
5.797868303982468,-3.70034409143845,1.4520704490660712,2.94042116029377,-0.00796531791957511,0.02424017286302243,0.0
5.803286932258938,-3.6506485811374887,1.4723071616114145,2.919826861920428,-0.013176319916595958,0.024743271250740783,0.0
5.807691711190961,-3.6008529913072267,1.4928303504976765,2.893098926868615,-0.009553318294224233,0.025085779912362268,0.0
5.811064167397603,-3.5509768838613693,1.5137344985783148,2.85317607640775,-0.006961482196807367,0.025320008252871593,0.0
5.813378634283954,-3.5010405484768676,1.5352277388610749,2.79741644340975,-0.003729733966415072,0.025427631156564316,0.0
5.814597730295203,-3.4510655522897182,1.5575863485633834,2.7282158209753025,0.0003373910807780156,0.02538474154989025,0.0
5.814670709048914,-3.401075851298028,1.5810865530531164,2.653909253803943,-0.0007090119596266931,0.025163209284421652,0.0
5.813535480527083,-3.3510991239494405,1.6059285728785737,2.5815622018739237,-0.009172867623647551,0.025280996344566566,0.0
5.811123965130294,-3.3011678552627512,1.63218247454168,2.5177647295282224,-0.007608144684098761,0.025604913273873837,0.0
5.80736896977464,-3.2513197670015193,1.659783724547256,2.465249539838352,-0.0015262987696842423,0.02512676536147596,0.0
5.802210176785743,-3.201597490330955,1.6885734331246947,2.4236626690321827,-0.008034000339246283,0.025041934254108455,0.0
5.79559755739792,-3.1520477269013396,1.7183596052207373,2.390181250833074,-0.010796270558472543,0.025358385664364103,0.0
5.787491482464793,-3.102720383878531,1.7489861053931923,2.3601052462301846,-0.012236042375783907,0.025415430108443667,0.0
5.777859473489229,-3.0536682741039103,1.7803981569102307,2.328080706405533,-0.008434715657685388,0.025627120903097753,0.0
5.766670470120792,-3.00494784997335,1.8126803460856855,2.2899929156028187,-0.003300475335049846,0.025755749708337095,0.0
5.753888639877531,-2.956621009304015,1.8460453180300525,2.244626915866671,-0.009587944556464834,0.026121184145262506,0.0
5.739469248854015,-2.9087574474819764,1.8807725932480837,2.194295653178248,-0.0061088798011441625,0.026612506984792308,0.0
5.723358660409803,-2.8614365802292125,1.9171112404876534,2.144190679005109,-0.0007702234544986197,0.026591497556591303,0.0
5.70549948907953,-2.8147478350667594,1.955168037522488,2.1005578499622666,-0.0016822894306010028,0.02669715236246547,0.0
5.685840239966916,-2.768788320140331,1.9948222882579607,2.068324451847087,-0.009108235408712417,0.026760676793363435,0.0
5.664346411343907,-2.7236578699111518,2.0357221376814083,2.049321237698544,-0.01415104506236764,0.027307208778341027,0.0
5.641008460122324,-2.679453015596381,2.0773840269221338,2.041743654795475,-0.016791930462058957,0.027522231862277126,0.0
5.615842971272128,-2.6362624855118812,2.1193557319867526,2.0406902744815296,-0.01781920168752249,0.028095328360500795,0.0
5.588886489059863,-2.59416651151421,2.1613707788355816,2.039589875970322,-0.01756470177623992,0.02824900975405299,0.0
5.560184728568895,-2.5532405892911405,2.2034311737883874,2.0325179228108974,-0.00964787407633727,0.028720919565167223,0.0
5.529781713346188,-2.5135622113988454,2.2457847682378933,2.0166085144557697,-0.0027329431561664563,0.028224140137212746,0.0
5.497713155232486,-2.475217555287592,2.288809269880487,1.9929353690453329,-0.002751984726427459,0.02836546505684419,0.0
5.464006167377773,-2.438305153684534,2.3328619780487965,1.9652119461867457,-0.001908182591631391,0.028052554887252557,0.0
5.42868433716388,-2.4029352308415124,2.3781663642321944,1.9374520605278707,-0.00680394262150763,0.02807672904891229,0.0
5.391775023360364,-2.3692255784678644,2.424778296956142,1.9121097098487407,-0.009952958636180842,0.028132236383220564,0.0
5.353315420013397,-2.3372963981256074,2.4726339699213966,1.8894235071053034,-0.006095562572913771,0.028189687150515685,0.0
5.313355259532326,-2.307266814314064,2.521645742877754,1.8678641088082315,-0.0029393532529198296,0.027759921631679195,0.0
5.271956120478912,-2.279254707698736,2.5717954599530035,1.845132987892575,-0.005226719667675184,0.027676565300725358,0.0
5.229188951525931,-2.253379820300936,2.6231884274129227,1.8192157446191222,-0.0059033263095584765,0.027589290480867928,0.0
5.185131907200176,-2.2297686924905764,2.6760561532996423,1.7892535228252224,-0.0012099705809793804,0.027491217537016506,0.0
5.139870142841254,-2.208559232015305,2.730709313565631,1.7559431827484506,0.004824592494643287,0.026999840273556747,0.0
5.093498271195964,-2.1899026116054494,2.787455688477373,1.7212241459582402,0.005476525736648252,0.026524871462010702,0.0
5.04612497955386,-2.173960985363077,2.846514429104624,1.6874768045977455,0.006270495857115588,0.02646454916470786,0.0
4.997878300292041,-2.1609010352263263,2.9079589861573094,1.6567388617164842,0.004726666713902539,0.026057957537030288,0.0
4.948909741180392,-2.150884817787343,2.9717046902749304,1.6302297132434576,0.0025710134698022635,0.02604389652773191,0.0
4.899395981887592,-2.144060181096169,3.037540386485987,1.6082461952673046,0.004286808909361728,0.026103453887528952,0.0
4.8495378124386095,-2.1405529572335174,3.1051882330618628,1.5904044466831226,0.0051812005374012315,0.025846274317870666,0.0
4.79955695645453,-2.140462125356293,3.174362390650417,1.5761225392955038,0.006445300928636044,0.0260636666203948,0.0
4.74969184864167,-2.1438575114815492,3.2447958601921685,1.5651207730278225,0.008439470899352486,0.026363443049339384,0.0
4.700193051189212,-2.150778301676657,3.3162230115946945,1.5576647704546105,0.009727032997449925,0.026562413527912863,0.0
4.651318159207517,-2.1612307054148507,3.3883355936848827,1.5544632644559309,0.012264167786508295,0.02676446089131386,0.0
4.603325548974306,-2.1751844944432,3.4607455216348817,1.5564298493037978,0.01365919875103394,0.02750095654006269,0.0
4.5564665698465765,-2.1925695581314977,3.5329725819738518,1.5644833934901077,0.011386877615320756,0.027886072245943812,0.0
4.510976460590976,-2.2132740623900737,3.6044579448968705,1.5793366150109809,0.01175878245200046,0.02824954952282261,0.0
4.467065011651504,-2.2371456065558277,3.6746050307092455,1.6013263480392799,0.015047818128632429,0.028907433910658375,0.0
4.424908529624308,-2.263996157382632,3.742838796822687,1.6304763872280352,0.0196152910637295,0.029798784481412162,0.0
4.384644463669946,-2.2936102333751287,3.808654574039305,1.6666762983614793,0.01784513766316209,0.030926646034279123,0.0
4.34636916910888,-2.325754690707835,3.8716423860689573,1.7096534243621742,0.013288982819991801,0.031527636920505225,0.0
4.310138687895865,-2.360188634740073,3.9315032362434605,1.7587970826501365,0.024103528584600298,0.03215421502028305,0.0
4.275972351315174,-2.3966726814397115,3.9880656023424823,1.813086223635012,0.02995402547063719,0.033952592663298226,0.0
4.243858741882203,-2.434976944712328,4.0412913934962535,1.8710720741921631,0.024951524943270798,0.03513708139885277,0.0
4.213763151531365,-2.474887165773726,4.091269293948363,1.9310223491936378,0.02846357378162878,0.03639819003585745,0.0
4.185635439976696,-2.5162086348375348,4.138192150291465,1.9917371646130893,0.03452795409126885,0.03792565462768594,0.0
4.1594166453772825,-2.5587675373628,4.182297877531028,2.053526590258105,0.03475317242362763,0.039773353803254065,0.0
4.135042225933488,-2.602409488658094,4.223775103398962,2.113510345584608,0.043343282264871164,0.041308036228274635,0.0
4.112440827738566,-2.646995945296517,4.262679472437824,2.171838047573819,0.04721181530507934,0.04398783531859535,0.0
4.0915298060297935,-2.6924001998792924,4.298909961819177,2.2286397261301225,0.03520883977701317,0.04587896365344989,0.0
4.072210643776261,-2.738504742422612,4.332262585401618,2.2840292364331587,0.0342350991848015,0.04738621173857162,0.0
4.054367779289285,-2.7852009067624395,4.3625441554672815,2.3381069429941665,0.03325039227235571,0.04913509375980952,0.0
4.037872861854131,-2.832390468578156,4.389693386899982,2.3909618568420568,0.04212282358225927,0.050530215996053236,0.0
4.022593465782392,-2.8799878337943516,4.413840540342513,2.442673356155036,0.05401980805231332,0.053129022161929995,0.0
4.008402539941659,-2.9279212515659108,4.4352702840405485,2.4933125854705414,0.05402691497765133,0.05567711490881778,0.0
3.995184456241974,-2.9761322179449317,4.454315667594426,2.542943603948362,0.053283240742354465,0.058322610343490136,0.0
3.982835722122118,-3.0245733121184224,4.471249510757888,2.591624335596881,0.05142067657678773,0.06072693250646116,0.0
3.971261446400366,-3.0732054000147415,4.486228623973037,2.639407361673083,0.05123958067633794,0.06310392269325753,0.0
3.9603704510736275,-3.121995165057486,4.499304578867189,2.6863405861599445,0.05234191043683367,0.06549449303403883,0.0
3.9500717311399063,-3.1709134738839024,4.5104758945223296,2.732467798318261,0.056187280940530826,0.06798739007295285,0.0
3.9402733556470224,-3.219934535949481,4.519739931958164,2.7778291511254496,0.05877328043431973,0.07085356438016113,0.0
3.9308831524290704,-3.2690354862040176,4.527115687021641,2.8224615704803537,0.057438904929457024,0.07362516625065497,0.0
3.9218098197739963,-3.3181960277258757,4.5326393353201,2.866399107039094,0.05755376544406943,0.07622552394983298,0.0
3.9129636730478214,-3.36739799288882,4.536354644824236,2.9096732402162626,0.05791746821217103,0.07903980295743343,0.0
3.904257158177293,-3.416624879464869,4.5383139075028005,2.952313142067876,0.05894831592357974,0.08171910595965065,0.0
3.8956055662677884,-3.4658614563632284,4.53858590157153,2.9943459073431686,0.06339678582687114,0.08469313804124884,0.0
3.886927944533502,-3.5150934487625465,4.537256496565174,3.03579675486006,0.06426521686932318,0.08796672548657285,0.0
3.878147609748809,-3.564307213088132,4.534412423064967,3.0766892044558163,0.06398072491632867,0.09096926896377731,0.0
3.8691915802680934,-3.613489285538769,4.530113985104867,3.1170452330389837,0.0647043124901252,0.09418593329863514,0.0
3.8599887919167384,-3.6626257524970636,4.5243730619037335,3.156885412682434,0.06544835387139258,0.0972927852733678,0.0
3.850467677471973,-3.7117014906302677,4.517148896683994,3.196229033220747,0.06602975240536679,0.10060541044844902,0.0
3.840554011748197,-3.7606993856413333,4.508362262672992,3.235094211425584,0.06521715254962146,0.10379308085605482,0.0
3.830169756157915,-3.8095996422181284,4.49792076261973,3.244097527759049,0.06497010420500082,0.10702857674022273,0.0
3.819233236102624,-3.858379271395414,4.485746511953385,3.1818613312365813,0.06682508137421905,0.1102083049716003,0.0
3.807660571239207,-3.907011806500027,4.47179846062413,3.1183832818986326,0.0700483076013576,0.11364752724856929,0.0
3.795367966590287,-3.9554672603179113,4.456084650042323,3.0535859336902806,0.06960706631578262,0.11716625396706025,0.0
3.782274411317906,-4.0037123241555985,4.438666800705975,2.987383439740771,0.06843983811535637,0.12055859995023685,0.0
3.768304576946542,-4.0517108562894455,4.419665087782184,2.9196802183875645,0.07140133057997389,0.12396631752708658,0.0
3.753391969668417,-4.099424775004026,4.399266470770388,2.8503693338320057,0.07421618991043388,0.12764272331871632,0.0
3.737482322436402,-4.146815460747564,4.3777308811027895,2.7983278222453687,0.07518356169275009,0.13132652962037106,0.0
3.7205368695370438,-4.193845644826861,4.355386832843373,2.771689830543044,0.07718552415285629,0.13512455754201744,0.0
3.7025348405898026,-4.240481569710452,4.332611235047164,2.7691080892323043,0.07718846797613566,0.13899333948560147,0.0
3.6834744310517364,-4.286695019262621,4.3097931483983425,2.78831570982212,0.08008395913239141,0.1428256801591138,0.0
3.66337172976089,-4.332464730705937,4.2872883487817965,2.825827766996128,0.08339508184284128,0.14698016129483424,0.0
3.642257590449098,-4.377776800781668,4.265377072998396,2.869713764946325,0.08342195678566533,0.15114130231803594,0.0
3.6201730455227317,-4.422623989945683,4.244238385285645,2.9129386565320083,0.07933022648904142,0.15536875745531833,0.0
3.597164309912696,-4.467004198553557,4.223949234023782,2.9555314481011012,0.07644470702725847,0.1590699876170544,0.0
3.573278383390335,-4.510918596094308,4.204501898242662,2.9975190849618762,0.08028171850062371,0.16292823460326222,0.0
3.548559649280838,-4.554369741934395,4.185821949528722,3.0389266507612147,0.07866215103055119,0.16703648804358268,0.0
3.52304728801904,-4.597359766240123,4.167779565667493,3.0797775427298095,0.07808127162032363,0.1707295929672057,0.0
3.496773417716028,-4.639888697334029,4.1502054752963735,3.120093626271326,0.07779805217078106,0.1745952125622532,0.0
3.4697622968369144,-4.681953263013557,4.132920113625469,3.159895371795567,0.07308897425149219,0.17823126385139498,0.0
3.442030977005486,-4.723546570355223,4.115771140435584,3.1987593631685236,0.07043837570727085,0.18171274966017548,0.0
3.413591492090287,-4.764658920866686,4.098671148667344,3.203718093840514,0.07169857143407654,0.18505622124125556,0.0
3.3844542505684396,-4.8052797431036876,4.081624050835903,3.2176140041753483,0.07865119602716142,0.18862855787523686,0.0
3.3546317501152845,-4.845400181127389,4.0647238776667125,3.2466890832267947,0.079562166842015,0.19270430005935943,0.0
3.3241414539915963,-4.885015519371811,4.048125041433581,3.284957309789601,0.07579930141582025,0.19634387371830153,0.0
3.2930071614058596,-4.924126799964644,4.032004983129746,3.3227848337104557,0.0754648957720665,0.19993512877597963,0.0
3.261258950214238,-4.962741457738158,4.016533064511005,3.3601865387404177,0.07579623215031184,0.2035076513864361,0.0
3.2289318700317127,-5.000872881363429,4.001836574637221,3.397176489252273,0.07636214963286214,0.207093777430806,0.0
3.19606319848516,-5.038538526937425,3.98795409419661,3.43376799203506,0.07835200501187067,0.21071805026923027,0.0
3.162688064234086,-5.07575619556977,3.9747849755527227,3.46997365222282,0.07964162418600829,0.21445916150375396,0.0
3.1288338280656567,-5.112538630552399,3.962057958539251,3.484550790119116,0.07378375004876858,0.218132186543511,0.0
3.0945145469120026,-5.1488875489054085,3.9493492057732316,3.4266845449393224,0.06615443936855847,0.22139547665522633,0.0
3.0597276876095587,-5.184789203634933,3.936170876723958,3.3678241836729343,0.06230784703075187,0.224408207950775,0.0
3.0244551294247444,-5.220213715225416,3.9221094696131504,3.3079166394784685,0.06393043089974171,0.22723595858089593,0.0
2.988668743695084,-5.255118976474197,3.906944782514942,3.2469039492021903,0.06816950223750062,0.23046570069212305,0.0
2.952338334634857,-5.289457538564997,3.890680583401278,3.1847225965460533,0.07331029147536938,0.23365943934704886,0.0
2.915438425525812,-5.323183279617898,3.873474382273294,3.12130273740906,0.07850668924897164,0.23706041439143938,0.0
2.8779513022143246,-5.356255004313181,3.855515171183876,3.067535331806889,0.07827558688198977,0.24054055912942993,0.0
2.839866066442058,-5.3886360693103965,3.836920868582071,3.0175946817973864,0.07216297889076806,0.24415856874592587,0.0
2.8011755597889842,-5.420291374745329,3.8177060083279675,2.966389381356942,0.06539005867893444,0.24716165016924874,0.0
2.7618736860809947,-5.45118426942293,3.7978220554203377,2.9146824857207596,0.06720242505796747,0.24992657418299158,0.0
2.721954685911291,-5.4812753917692945,3.7772263562845088,2.86579305275696,0.07420109146962162,0.25288479583162793,0.0
2.6814141314425424,-5.510523630665884,3.755921952215498,2.8212286463616194,0.0825573897812184,0.2562958261746993,0.0
2.6402501350529137,-5.538887609958043,3.7339391793986083,2.7788494841881852,0.07851601851105983,0.2601387236621216,0.0
2.598463396977981,-5.566325761484255,3.711280792214377,2.7346664150762083,0.06717101736726505,0.2630425386390097,0.0
2.5560560232310063,-5.592794445035801,3.6878843227292157,2.68628003094667,0.06835788556921152,0.26573881799464705,0.0
2.513030284900098,-5.618245455979013,3.663637408608647,2.6349208785654263,0.07485322678934914,0.2688564574735967,0.0
2.46938859206386,-5.642624974726206,3.63843605407278,2.585000024516778,0.07652315614469352,0.27191348911267815,0.0
2.4251350882118214,-5.665875247209213,3.6122519367348604,2.542163322939597,0.07104833857715143,0.2750995270595652,0.0
2.3802783026996663,-5.68793894368277,3.5851779542075484,2.510872167205205,0.07255379595904898,0.27774152881889813,0.0
2.3348336743929186,-5.708764791029516,3.5574249605524226,2.4922874783824285,0.07588834076568496,0.28059628270881076,0.0
2.2888246240668497,-5.728311980378568,3.529256522199948,2.4833894222143895,0.07889748979791378,0.28366956588196673,0.0
2.2422814625537457,-5.746550869027111,3.500885865558747,2.477779146288152,0.08287832971013742,0.2866896562813513,0.0
2.1952385779723924,-5.763459104575113,3.472386587762393,2.4679512271775157,0.0794329403389149,0.28989505085739237,0.0
2.1477312457073707,-5.779014556603564,3.443659877364705,2.448456834913595,0.07334624167647519,0.2929362119433782,0.0
2.099793515914636,-5.793188025708871,3.4144739069739427,2.418643429874388,0.0689236196691656,0.29536801103436666,0.0
2.051458061562846,-5.805939029748215,3.3845639803410066,2.383097471197997,0.06829758560932575,0.29764142083790956,0.0
2.0027579382693634,-5.817216923016422,3.353755134439225,2.349176774610938,0.07048463472869493,0.3002032814618905,0.0
1.9537292625400495,-5.826967316822832,3.3220501426827007,2.3232975090401626,0.07839477735280376,0.3028607685247018,0.0
1.9044133300320165,-5.835141088566567,3.2896348917420974,2.3083942835296827,0.07916530653465159,0.3055085236232685,0.0
1.8548570741335928,-5.841701846259225,3.256799737457602,2.3036732105267466,0.07398521210177478,0.3081107578615945,0.0
1.8051118319049746,-5.846628819962144,3.2238298626725634,2.306000419603708,0.08104657654603997,0.3103232454607129,0.0
1.7552313119580276,-5.849914978229274,3.190926500516473,2.311787038248997,0.08120466526623771,0.31323324769065497,0.0
1.7052697974076383,-5.851562527559696,3.158187652575841,2.3187922067425055,0.07277443314995802,0.31572451367744186,0.0
1.655281100916969,-5.8515787404685335,3.1256463167027695,2.327287218250849,0.07032736273293505,0.3176383482792472,0.0
1.60531811950653,-5.849974455732963,3.093342110561533,2.339769776618089,0.0765478815531937,0.319840108302884,0.0
1.555432423552619,-5.84676584571001,3.061381667735861,2.359621664952209,0.07895408652375391,0.3220084031614476,0.0
1.505673380869354,-5.841978093198643,3.029956739716804,2.390118550695776,0.07881501206929054,0.32420267103325684,0.0
1.456086707777147,-5.835649029821527,2.999328632669282,2.4341309657656067,0.07783221251998196,0.3266471203146743,0.0
1.4067126745245502,-5.8278314995943346,2.9697981082780305,2.484944281567515,0.07639203542605033,0.3286966167156072,0.0
1.3575843725430203,-5.81859377083927,2.941662120156658,2.5347391594582636,0.07710975921027563,0.3309811098930506,0.0
1.3087265609669732,-5.808017452118703,2.9151589432974863,2.583574487118046,0.07855906078956565,0.33255155386951846,0.0
1.2601555707131422,-5.796192818257428,2.8904162999461387,2.631503686959865,0.08401012709795985,0.3347636271436003,0.0
1.2118804898861844,-5.783212180157765,2.867416941932045,2.6785754009322664,0.07861688992585814,0.33698593517166864,0.0
1.1639054519946168,-5.769162598733112,2.8459962038903233,2.7248340687967665,0.06746218096889,0.33873691776786813,0.0
1.1162323525338227,-5.754119927874754,2.825888869941545,2.7703204194590256,0.06578361170370073,0.34025738543041634,0.0
1.0688629673584047,-5.738146319334938,2.806818707560161,2.8150718908169505,0.06886524550154416,0.34200895395243874,0.0
1.0217996803947218,-5.72129199223428,2.7885851843933867,2.859122990440217,0.07032966363800508,0.34348522686770044,0.0
0.9750448168342931,-5.703599913788017,2.7711023872742535,2.9025056069644206,0.07017376933008368,0.3452213032935949,0.0
0.9285992513955881,-5.685110949090618,2.754385896542727,2.9452492801893677,0.06984850495981432,0.34686371035219565,0.0
0.8824610663207716,-5.665867613558246,2.7385121089750677,2.9873814363840583,0.0737555935992642,0.34849115940677416,0.0
0.8366247371828729,-5.64591579587624,2.7235754241657313,3.0289275941243905,0.06682205838810296,0.35039524642102243,0.0
0.7910809213559733,-5.625304850158732,2.7096615675354814,3.069911545052114,0.06466462339498857,0.3515090020579683,0.0
0.7458166298165092,-5.6040869275873115,2.6968402625079255,3.1103555131914336,0.06915659068080471,0.3532902873107431,0.0
0.7008156184537264,-5.582316049724791,2.6851594242917125,3.1502802958524874,0.07065242243630321,0.35471660943072847,0.0
0.6560591446907555,-5.560046664675826,2.674625795344428,3.1897053886577873,0.07323927715539158,0.35649474226876005,0.0
0.6115272713728508,-5.5373313777985524,2.6651846937732544,3.2286490968249577,0.06716669063919367,0.35785806047486907,0.0
0.56720047429535,-5.514218378996033,2.6567235459893634,3.2671286345083974,0.06087777539242767,0.3591704350033903,0.0
0.5230609098237303,-5.490749733481942,2.6491048350525577,3.305160213729555,0.05825240965042644,0.36038731661280676,0.0
0.47909278679748296,-5.466961399761499,2.64221055803374,3.3427591241991825,0.0629664280112725,0.36157163884045596,0.0
0.4352818008100649,-5.442884855916504,2.635971846744288,3.379939805146384,0.06998805157639199,0.36314308502765996,0.0
0.3916141660057306,-5.418549250588826,2.63036523304193,3.416715910111501,0.06747339495520643,0.36477790025855117,0.0
0.3480760072845848,-5.3939827261603766,2.6253802636185393,3.453100365527355,0.06138984096414335,0.36599406798033757,0.0
0.30465350657230755,-5.3692123209212586,2.6209874417286603,3.4891054238015284,0.05713966236188206,0.3671786877264353,0.0
0.26133347524988937,-5.344263125356435,2.6171358443607624,3.5247427115177263,0.0601427727316608,0.36823484325781003,0.0
0.21810361772740952,-5.319157993669017,2.613780859547683,3.560023273293789,0.0662277801789708,0.3697419788399893,0.0
0.1749520575894261,-5.293918506566151,2.6109145008248866,3.5949576117653343,0.061718741422552625,0.37126397435672803,0.0
0.1318663896130062,-5.268566689400211,2.6085707138947236,3.629555724105308,0.0590063863401844,0.37233510874753095,0.0
0.08883295508009165,-5.243126299811061,2.606800668155817,3.6638271354393477,0.061685910489237106,0.3737124916941328,0.0
0.045836907972996305,-5.217622766472075,2.6056348898298456,3.6977809294734842,0.06388952072591225,0.375018757733552,0.0
0.002863067544996406,-5.192081828103159,2.605060340958859,3.7314257766132606,0.06455906598335615,0.37649824720702285,0.0
-0.04010312344515773,-5.166528022235565,2.60503600022722,3.7647699598209137,0.05719472890226163,0.37793143742556073,0.0
-0.08307552996230336,-5.140984671116332,2.6055469428505047,3.797821398429112,0.05316850025282083,0.37885578962228067,0.0
-0.12606871778485496,-5.115476317515133,2.6066643942807115,3.8305876701052206,0.05754148985661889,0.380089526911415,0.0
-0.16910034234128282,-5.090032868484843,2.6085647721824627,3.863076031138687,0.06594461857266909,0.3814506042268296,0.0
-0.21219315152283735,-5.064693204235841,2.6114843752776156,3.8952934352054043,0.06780598872588461,0.3832967143538002,0.0
-0.25537524409147255,-5.039506027785562,2.615634197083784,3.8552400568794187,0.06323777112640716,0.38471642310600945,0.0
-0.2986782256754957,-5.014527315474035,2.621125355321302,3.8030183614826103,0.061917998604835045,0.3861431255191734,0.0
-0.34213406248400957,-4.989815554409151,2.6279411202044014,3.7500695219395777,0.05441652513380468,0.3875343638159673,0.0
-0.3857720300282132,-4.965426931216567,2.6359653566543018,3.6963622902776168,0.051514769939705385,0.38840802050109446,0.0
-0.4296170529647448,-4.941412616321822,2.6450547386752503,3.641863114203037,0.060551188143058265,0.38985064695927185,0.0
-0.4736899492847725,-4.9178191999050185,2.6551139827455166,3.586535891943492,0.0608814388419896,0.3916313079302749,0.0
-0.5180089520125267,-4.894691482871631,2.6661279589083917,3.530341692500197,0.0543539924521923,0.39295212319878453,0.0
-0.5625912886143731,-4.872075653185024,2.6781444427078087,3.4732384351511794,0.05321682923946547,0.39423476112418254,0.0
-0.6074539426191754,-4.850021239602834,2.691233162584939,3.415180520707166,0.058411864178960826,0.39555893317586777,0.0
-0.6526132583737436,-4.828580978987873,2.705431825622047,3.356118405334342,0.059410141987392695,0.39737704625130005,0.0
-0.6980833080040505,-4.807807998716879,2.720682382953577,3.2959981056168983,0.05291013056514249,0.39880926618324963,0.0
-0.7438733883989591,-4.7877504546243586,2.7367882880153998,3.2427090193566293,0.05257071383909029,0.40014284084015433,0.0
-0.789985680582597,-4.768445289229345,2.7534278956969374,3.2274227093741903,0.05593225890069897,0.401912274216036,0.0
-0.8364142586449573,-4.749913723179641,2.7702254997693365,3.2430380418930347,0.047528998419713364,0.4036846701185944,0.0
-0.8831461362349226,-4.732160849024801,2.7868617312782047,3.2732007335755853,0.037062047393676245,0.40470951911575076,0.0
-0.9301643035557859,-4.715180655809815,2.8031927682466193,3.2941731665818135,0.047530765957168875,0.4057213814159477,0.0
-0.9774518258659526,-4.69896564264209,2.81931652327253,3.2445989803201627,0.05585649668467152,0.4077878089794366,0.0
-1.0249953405772698,-4.683517341549349,2.8355321130442634,3.1823725904898215,0.055550657067743536,0.4095759986571123,0.0
-1.0727864970218661,-4.668853168940584,2.8522154103555275,3.118904946661112,0.06497104824932132,0.4116063700992123,0.0
-1.1208210528985245,-4.655007288032747,2.86968811441796,3.0541186663116755,0.060066318994644874,0.4142915011899153,0.0
-1.1690964887242317,-4.642026458545722,2.8881414216153716,2.9879279759592037,0.04294062304602786,0.4159497736740013,0.0
-1.217609434959569,-4.629963894179706,2.907635518259299,2.9202373792426397,0.047737715112340595,0.41726063608201786,0.0
-1.2663538948149515,-4.618874236081217,2.928152937386968,2.853209405295587,0.05687039212986855,0.41955146826966605,0.0
-1.315320440145579,-4.608810847444895,2.9496456755393137,2.7956094582226676,0.05724422016740105,0.421738917958754,0.0
-1.3644958943765313,-4.599824141710126,2.972033198245575,2.7498290153806537,0.058706203397716816,0.4240883598980837,0.0
-1.413863087984707,-4.591959076470999,2.995172362086493,2.718222746871959,0.050134861463293934,0.4264961348463969,0.0
-1.4634008055086356,-4.585251742880295,3.018852757868332,2.7004577072428866,0.04269435240000341,0.42817191610024047,0.0
-1.5130842849885267,-4.579727021549882,3.0428457428135576,2.6922115286796298,0.045192547648899684,0.4300432932677255,0.0
-1.5628863104640427,-4.575399497758122,3.066985932717649,2.6866435369147483,0.04814926630880878,0.432055618496916,0.0
-1.6127784290347318,-4.572277847735415,3.0912262860112203,2.6787046664925236,0.051233018780438844,0.434263107899024,0.0
-1.662731675470241,-4.570369993511024,3.11561053437071,2.6698077583682,0.05362565169557598,0.436622997120328,0.0
-1.7127166280889365,-4.569684726803152,3.14015757039991,2.669017095247836,0.05612524892656756,0.43911611540010553,0.0
-1.762703336202462,-4.570226889264587,3.164719152091549,2.689529945456163,0.05038498741465869,0.44177053461908733,0.0
-1.8126620194475935,-4.571987195679182,3.1889075037197347,2.735603379786902,0.04532792157217713,0.44378685112653726,0.0
-1.8625649939921265,-4.574931871598744,3.212157163142517,2.780913586485134,0.03994405484886698,0.44601828934204313,0.0
-1.9123892453822682,-4.578998330090784,3.233899243421519,2.8254972835757073,0.034318204292477006,0.4475616444978573,0.0
-1.9621183147272716,-4.584100106934005,3.2537536067410215,2.8693883361249295,0.037905557306821436,0.4492853447616823,0.0
-2.0117424221597697,-4.590139304484677,3.2716383741468333,2.912618057261522,0.04948371973299004,0.4511881591008534,0.0
-2.0612568546421834,-4.597020984114153,3.287744243202741,2.955215469552427,0.059051169892192945,0.45404096314581344,0.0
-2.1106597291468594,-4.604663097427878,3.302387496449874,2.9972075329342913,0.05898884738373589,0.45689447828316476,0.0
-2.1599505243357227,-4.612997993140927,3.3158214124297833,3.0386193442868343,0.050641348191383884,0.4597783974597849,0.0
-2.2091300646586367,-4.6219663751613185,3.3281197956042465,3.079474312844684,0.04351021393152088,0.46185140725448487,0.0
-2.258201451173404,-4.631509121077129,3.339204251563081,3.1197943149294844,0.05401757147370212,0.46405081301731527,0.0
-2.307170661584723,-4.641563327419643,3.348986445019384,3.1595998309061892,0.053425663028230375,0.4671331187627394,0.0
-2.3560457306268887,-4.65206585005882,3.3575314731568504,3.198910066797519,0.04404620009193394,0.46929842493980467,0.0
-2.404834294459648,-4.662963302885768,3.365161204134484,3.2377430626062034,0.05348164487011786,0.4714873452599965,0.0
-2.4535402401317667,-4.674224313610021,3.3724473426916686,3.27611578907869,0.07140045536808515,0.4745730020920478,0.0
-2.5021608599731144,-4.685848158813897,3.3800732772265136,3.3140442343829353,0.07149289208285303,0.4785326682713865,0.0
-2.550685914384919,-4.6978645839075766,3.3886121395019835,3.351543481956167,0.06368305937596475,0.48167832859145276,0.0
-2.5990991902247633,-4.710323540583563,3.39833393933734,3.3886277805977683,0.06371594012105675,0.48489149895479644,0.0
-2.647382074079238,-4.723278440215957,3.4091279596511015,3.425310607731078,0.058469619649146765,0.48803160348334207,0.0
-2.6955180574195845,-4.736768825853979,3.4205490178070024,3.4616047266305747,0.05561785525543783,0.4907376937134459,0.0
-2.74349690905524,-4.750807816046038,3.43195891807164,3.4975222383034574,0.046554502593721736,0.49358273527393026,0.0
-2.791317201748077,-4.765377855308934,3.4427218705882616,3.5330746286235333,0.047591018082624004,0.49538446726265106,0.0
-2.8389862545571787,-4.780435495437736,3.4523835105825853,3.568272811237869,0.05357336285497638,0.4983213670215268,0.0
-2.886517594214615,-4.795922512351456,3.4607620963533168,3.6031271667005447,0.0493197181207794,0.5007046465735787,0.0
-2.9339271314156306,-4.811778603833594,3.467932574572489,3.6376475782312374,0.057925893388215854,0.5032294674882497,0.0
-2.981229646124028,-4.827951255540958,3.4741310549507407,3.671843464447753,0.061763522909430435,0.5064689368172952,0.0
-3.0284368578934715,-4.844400068383584,3.479620460124944,3.7057238093797236,0.05885761676798751,0.5093818497057232,0.0
-3.0755575767152394,-4.86109507711668,3.484570866118895,3.7392971900344936,0.05937090935012712,0.5123421170645948,0.0
-3.122599415221483,-4.8780111017817696,3.4890089969062013,3.7725718017548653,0.05938573945684489,0.5153062355345414,0.0
-3.1695708547885535,-4.895121664563036,3.4928477531980184,3.8055554815811106,0.0568809734011424,0.5182659168136261,0.0
-3.2164825711355425,-4.912395327102435,3.4959578884492304,3.83825572980594,0.048777649472377504,0.5209764512157564,0.0
-3.263347558772841,-4.929795396421512,3.498239432388109,3.870679729890374,0.055339350031205825,0.5231284569395824,0.0
-3.3101802429170792,-4.947282243959003,3.4996623938093587,3.9028343668903385,0.06656379784807953,0.5264876898800791,0.0
-3.3569952844764557,-4.964816278672266,3.500254898336602,3.9347262445278703,0.06488618700356596,0.5297532312348239,0.0
-3.4038069582958457,-4.9823593042900685,3.5000465012583013,3.966361701026835,0.05715677416028875,0.5329520303729048,0.0
-3.450629525646732,-4.999873228074163,3.4990117171212947,3.99774682382071,0.0534441502026759,0.5354500846454944,0.0
-3.497478262329793,-5.017317013030793,3.4970514838844724,4.0,0.05918963833251034,0.5382743162831662,0.0
-3.5443704444717796,-5.034643636859342,3.4940125273489513,4.0,0.06362043400560502,0.5413350697864628,0.0
-3.591325732487211,-5.051798451591738,3.4897288632061074,3.9704279016801967,0.05993327766161194,0.544594633365745,0.0
-3.638365631662703,-5.068719793040674,3.4840774163249364,3.919741124621225,0.05735105521711503,0.5472891620998013,0.0
-3.6855119448479403,-5.085342229300139,3.4770352070739805,3.868390265427355,0.05503866036154825,0.5502882848567608,0.0
-3.7327845500385,-5.101601901055,3.4687097668998716,3.816348517530779,0.06187862011141476,0.5527520096212573,0.0
-3.7801993059851386,-5.117442138033655,3.4593171344028457,3.763587220839399,0.069332160588095,0.5564246375599053,0.0
-3.827766955669307,-5.1328170391124734,3.4491136390003185,3.710075677189333,0.06683002920608772,0.5596287742783972,0.0
-3.8754933780339984,-5.14769167869559,3.4383190149652423,3.655780941478598,0.07210642252049126,0.5630745889470398,0.0
-3.923380860556614,-5.162039263919725,3.427064843830313,3.600667584446584,0.06763551344438667,0.5667881924949713,0.0
-3.9714297426387217,-5.1758366204761685,3.4153781075362697,3.5446974222478644,0.05860302542828144,0.569781266441999,0.0
-4.019639815429412,-5.189059651678196,3.403199555387458,3.4878292069562282,0.05989158374449843,0.5726006693472762,0.0
-4.068011057956472,-5.201680249519484,3.39042845410577,3.4300182708701668,0.07081890738591134,0.5757074366904839,0.0
-4.116543656914303,-5.213665225030659,3.376963077452618,3.3712161159008223,0.07416949479908297,0.5795783466720025,0.0
-4.165237650399283,-5.224976425133506,3.362709534838992,3.3113699373092826,0.06584566198895203,0.5829998322829175,0.0
-4.214092528043428,-5.235570942405786,3.3475764478188883,3.2504220684892506,0.05666701912248051,0.5860485217551933,0.0
-4.263106749289506,-5.2454016495407325,3.3314930625813677,3.188309330182408,0.06343853855647552,0.5885629705337676,0.0
-4.312276999704876,-5.254419218222958,3.3144507459318016,3.124962263217662,0.0716466850061046,0.592245335853186,0.0
-4.3615972924567785,-5.26257595925996,3.2965335729270415,3.0655245236438087,0.06819983985695544,0.5955323857508741,0.0
-4.411058301678879,-5.26983040160459,3.277914868734006,3.0267228674151085,0.06978573066678173,0.5988728498495934,0.0
-4.460647280954709,-5.27615082323495,3.258815732536709,3.004503931428917,0.07089147756039793,0.6022931624523824,0.0
-4.510348661801304,-5.281515994768783,3.2394330675978846,2.9905373799492203,0.07141893040960667,0.6057187799765206,0.0
-4.5601450760885935,-5.2859123541578565,3.219868936191818,2.9756006463259603,0.07350409550543624,0.6091647480440713,0.0
-4.610018286732338,-5.289328799490999,3.200107898212179,2.9542632782133875,0.07365405515929124,0.6127583488986666,0.0
-4.659949591967447,-5.2917519421819295,3.1800603784978483,2.9275897012744565,0.06453500066914186,0.616186439775343,0.0
-4.709919667625196,-5.293164496455454,3.159645884483027,2.9019724308497366,0.06272507200498367,0.619032210723945,0.0
-4.759908204793622,-5.293547665026535,3.138869380237764,2.885100304321296,0.07103787899402869,0.6222423409384774,0.0
-4.809893812129296,-5.292886147763644,3.11784916259255,2.8818116478853026,0.07495092384423074,0.6256606355555868,0.0
-4.859854427286631,-5.291172946692732,3.096780942005933,2.8919480030363514,0.07758359379717872,0.6291994158434299,0.0
-4.909768079998108,-5.288411301114885,3.075860151945803,2.910752411318758,0.07661186505038975,0.6328205290479528,0.0
-4.959613573865298,-5.284612816297277,3.0552087989703054,2.9313861914659936,0.06833473656999978,0.6364237430769298,0.0
-5.009370724132485,-5.279793042671311,3.034847149059402,2.9482370754457716,0.0681547290472917,0.6392116938064784,0.0
-5.059020124289763,-5.273966959763719,3.014717591242933,2.9589100834074875,0.0745309317501257,0.6425320923734971,0.0
-5.108542703765314,-5.267146291815631,2.99473298913489,2.9639033958937553,0.06935336556393379,0.6458817798816322,0.0
-5.1579193632238995,-5.25933902283046,2.974815666753572,2.964648529226497,0.06954399758124374,0.6486644000716236,0.0
-5.207130784349215,-5.250550162715433,2.954908355134465,2.9612670193623183,0.07598293013792645,0.6519813565400755,0.0
-5.256157277639537,-5.240782327276341,2.934955552713534,2.952174098101469,0.06865909692247785,0.6553319124566016,0.0
-5.304978457994854,-5.230035282302756,2.9148796486981263,2.9366744879725655,0.06631063945461602,0.6581475236753505,0.0
-5.35357279474767,-5.218305181018843,2.8945912663489426,2.917838572228011,0.07325150242292144,0.6612225094560675,0.0
-5.401917469725694,-5.205585314386749,2.874040097883243,2.902151586090858,0.06849875990758258,0.6643838795919896,0.0
-5.449989000245497,-5.191869314869797,2.853266158703675,2.8964490823795854,0.06596822657627044,0.6669421069325571,0.0
-5.497764634386114,-5.177155757795325,2.8324103399005987,2.9047027193997743,0.07140864392860413,0.6698453893701491,0.0
-5.545223976619464,-5.161451878075434,2.8116728752385676,2.9259252012706107,0.07550459779043495,0.6728918125701591,0.0
-5.59235000334207,-5.144774312959182,2.7912351478269395,2.95389509933752,0.07953478210864207,0.6760809965902697,0.0
-5.6391287868597235,-5.127146147030954,2.771182630282273,2.9796911967302364,0.07694460588912166,0.6793980323063245,0.0
-5.685547934748776,-5.108591568245461,2.751475811368989,2.9968644112737968,0.06381845879449966,0.6821998394963481,0.0
-5.731594649796019,-5.089131055497376,2.73199420101761,3.006241778794099,0.06244268723028901,0.6845811289286927,0.0
-5.777254772682025,-5.068779994526595,2.7126339390520795,3.0163904175918477,0.07116000177204507,0.6873180423982619,0.0
-5.822513751402622,-5.047551749331634,2.693403733047343,3.03958913815456,0.07381238255285583,0.690137928945435,0.0
-5.867359414386765,-5.02546368960492,2.674465944032965,3.080431244612233,0.07528813135259504,0.6930283110902459,0.0
-5.911785416679777,-5.002543160077862,2.6561052023586,3.120738883146003,0.07274568969851147,0.6959164685481267,0.0
-5.955793835966308,-4.978830587658317,2.638643221688629,3.160532502724098,0.07283094197395945,0.6988602502026164,0.0
-5.9993957012216965,-4.954378337660126,2.622336525192135,3.1998312806727074,0.07782018247782174,0.7016833119316462,0.0
-6.042609057230283,-4.929245703110253,2.6072971249101715,3.2386532307068054,0.07750179359669218,0.7046243474131421,0.0
-6.085455208084524,-4.903491905582809,2.593467423451425,3.2770152994399826,0.07079960976819244,0.7071998948751508,0.0
-6.127954584276542,-4.877169682791937,2.580657773324006,3.3149334528403145,0.0663145894921442,0.7094385010591895,0.0
-6.170123806852036,-4.8503216458114755,2.568627707876997,3.3524227538835105,0.06566266975681279,0.7121117999223745,0.0
-6.211974956356922,-4.822980384984965,2.5571776199583347,3.3894974324746125,0.06540477394639632,0.7147035716986677,0.0
-6.253517193077886,-4.795171966653497,2.546221139142974,3.426170948558767,0.0698650913454415,0.7172628624253751,0.0
-6.29476002194678,-4.766921354855039,2.5358126269066763,3.4624560492148015,0.07242293458679328,0.7197819578427199,0.0
-6.3357167329636805,-4.738257461481767,2.5261109907576174,3.4983648204182853,0.06880750963474247,0.7220761586655466,0.0
-6.376406233422679,-4.709215441836573,2.517288608216897,3.533908734070017,0.06841501858709576,0.7241061471795549,0.0
-6.4168520799506865,-4.679834985921971,2.5094270271034076,3.5690986908087092,0.07395551170668258,0.7266967683822413,0.0
-6.457078768479422,-4.650155128479381,2.502444195445814,3.6039450590607696,0.07134182896437036,0.7292368709984226,0.0
-6.49710651705403,-4.62020748294352,2.4960806332304566,3.638457710723683,0.06264736490437439,0.7313604865303476,0.0
-6.536946490328362,-4.590010475158899,2.489955660701958,3.6726460538310404,0.05643871612047491,0.7332917866701374,0.0
-6.5765984233372565,-4.559566977297861,2.4836772728409993,3.7065190625055204,0.05896649698754741,0.7349478004766076,0.0
-6.616051609850429,-4.5288663710489265,2.476954487371902,3.7400853044700586,0.06347367068102372,0.7369414924339222,0.0
-6.655288651945843,-4.497890025076522,2.469660341350408,3.77335296635618,0.06263289239293712,0.7390420425646168,0.0
-6.6942903350006056,-4.466617888640377,2.4618315650906926,3.8063298770213114,0.0664135666913519,0.7410375167376559,0.0
-6.7330399704725625,-4.435033995986379,2.4536213820682296,3.8390235290632386,0.06542062233924817,0.7430518603711764,0.0
-6.771526052150648,-4.403129491525088,2.4452271224625726,3.871441098699198,0.06585860141615107,0.7451163591247097,0.0
-6.809742711261637,-4.37090275109197,2.4368170578636907,3.9035894641590247,0.06662659629068557,0.7476252757709966,0.0
-6.847688262891144,-4.338357225812457,2.4284848970702697,3.935475222725895,0.06534613417900959,0.7496721504396515,0.0
-6.885362887038953,-4.3054984503198135,2.420247602623378,3.967104706544248,0.0689990458012284,0.7516901485346196,0.0
-6.922766672651449,-4.272331697681892,2.412076775556779,3.9984839973021793,0.06622187975877791,0.753635436858498,0.0
-6.9598988053590585,-4.238861091181143,2.403941296385515,4.0,0.06045344078730075,0.755538327689511,0.0
-6.996758030558634,-4.20509018032385,2.3958423457339046,4.0,0.06305824835404206,0.7573383216296689,0.0
-7.033343928144111,-4.171023344937368,2.387824714951758,4.0,0.06763236350067725,0.7595830065051057,0.0
-7.06965802661514,-4.136666920352231,2.379952941761497,4.0,0.07124599051948222,0.7615892036633323,0.0
-7.105703724763602,-4.102028994678533,2.3722638319207303,4.0,0.06941986265346811,0.7634682845227098,0.0
-7.141484767473662,-4.067117739617981,2.3647316131014104,4.0,0.06357441906554095,0.7653364221539428,0.0
-7.177003163400281,-4.031939301151182,2.357274625042127,4.0,0.06163027133525567,0.7670705514477202,0.0
-7.212257920486884,-3.996496656958866,2.3497991199882535,4.0,0.06005099176305739,0.7688239209807326,0.0
-7.247245447597425,-3.960790191935406,2.3422511269959108,4.0,0.06384320733456628,0.7704099320745608,0.0
-7.281961398677231,-3.9248196310432375,2.33464372422583,4.0,0.0706615633344927,0.7725261083110948,0.0
-7.316402763066526,-3.888586070089829,2.3270395058538997,4.0,0.06919227063968503,0.7741842836864227,0.0
-7.3505687329635885,-3.8520927115725487,2.3194969525504727,4.0,0.06483753244548973,0.7758739745990053,0.0
-7.384459650908883,-3.815343771523434,2.3120180213183623,4.0,0.06239418763379856,0.7776521390305644,0.0
-7.418074616570322,-3.7783422449352977,2.304530223686847,4.0,0.06382323077584129,0.7791483937415109,0.0
-7.451409017291107,-3.7410877662530253,2.2969048622003396,4.0,0.063988853918854,0.7810782066161025,0.0
-7.484453010804389,-3.7035754746404805,2.2889939307323326,4.0,0.06273443874032925,0.7825179399717834,0.0
-7.517191433889235,-3.665796223828287,2.2806714535020727,4.0,0.06533869849538787,0.7842535578011606,0.0
-7.5496051522714005,-3.627738040947305,2.271868269772032,4.0,0.06327210568522279,0.7860973057022289,0.0
-7.581673463885906,-3.5893883861321183,2.262589911967865,4.0,0.06234897621615465,0.7874256541741167,0.0
-7.613376920567397,-3.5507365827252104,2.252915785205078,4.0,0.06201446456916715,0.7891541470426194,0.0
-7.644699949677481,-3.511775860618011,2.242983907048022,4.0,0.06749269490482002,0.7903957572014959,0.0
-7.675632717962207,-3.472504579863957,2.232962045296812,4.0,0.07265410016140894,0.7921083565565844,0.0
-7.7061717957749,-3.43292637030557,2.2230122348463195,4.0,0.06685934292916285,0.7938873031818237,0.0
-7.736319757004472,-3.39304941908516,2.213272014445833,4.0,0.06572094291723296,0.7951758624833691,0.0
-7.766084660732456,-3.35288572086561,2.20386883043158,4.0,0.06455923236243422,0.7968560510416519,0.0
-7.79548039564976,-3.3124510233130944,2.194950202073244,4.0,0.06457171745604295,0.7980189510365923,0.0
-7.824527841869957,-3.2717653718435478,2.1866943278092004,3.9506809161037735,0.06961211488158492,0.79963240516205,0.0
-7.85325565747906,-3.230853372052975,2.1792808850985983,3.8997374863537684,0.07272274468792617,0.8013369213926815,0.0
-7.881699092906053,-3.1897431195118733,2.1728251712738578,3.848119699811723,0.07425143502596576,0.803118041952329,0.0
-7.90989574156688,-3.1484631824168097,2.1672989163106084,3.795800045535239,0.06596087681979279,0.804882100497984,0.0
-7.937878518105428,-3.10703794922066,2.16248094634166,3.742749089545221,0.058717973233499254,0.8060594462789543,0.0
-7.9656679162513075,-3.065482736686617,2.1579771324269115,3.68893528120213,0.06069915321864139,0.8076120435080959,0.0
-7.993266421324438,-3.0238005037904276,2.153307623783264,3.6343247337716114,0.061271694456448866,0.8091537129501729,0.0
-8.020656989711444,-2.9819813515318065,2.148016619147908,3.5788809748453985,0.05807609764648047,0.8106768982309945,0.0
-8.04780556075033,-2.940004721232845,2.141756495678346,3.522564661396098,0.05552504839836292,0.8116381543556608,0.0
-8.074666023060091,-2.8978431912403018,2.1343205991308243,3.4653332531407224,0.05833325999905803,0.8129748611973158,0.0
-8.101185413735912,-2.855466349533405,2.1256195831399243,3.4071406365057957,0.06384500465378551,0.8143580999425691,0.0
-8.127307325974105,-2.81284340470368,2.1156170772985727,3.3479366897442033,0.0649978222741514,0.816208499717696,0.0
-8.152972627126449,-2.7699440336273193,2.104264892643799,3.28766677754021,0.0615254623388255,0.8175362027106302,0.0
-8.178118328703004,-2.7267381287297097,2.0914811955986248,3.2262711606044348,0.05909669229627257,0.8187314284918353,0.0
-8.202676647450676,-2.6831957704780747,2.0771827888531416,3.1636843021000285,0.05948568544126198,0.8197919101634334,0.0
-8.226575973242714,-2.6392883619791387,2.0613412173201655,3.09983404797102,0.06118788366271799,0.8212397425627561,0.0
-8.249743941002228,-2.5949908074213854,2.0440194338472013,3.034640651966334,0.06333229783803862,0.8225194879520448,0.0
-8.272111314823775,-2.550283775906888,2.025364337327184,2.968015607804803,0.06982187399556361,0.8239275316664878,0.0
-8.293614814192308,-2.5051549783495792,2.0055578380347656,2.8998602396976256,0.07266215546365551,0.82486852139761,0.0
-8.314197494001203,-2.4595989284087993,1.9847510565162294,2.83752615067777,0.06944299427641365,0.8262296535195508,0.0
-8.33380663329173,-2.4136155198382303,1.9630200773106603,2.7794904742743736,0.06466522515975459,0.8274569820147362,0.0
-8.352390650564438,-2.3672084294886204,1.9403721396149167,2.7239835857669283,0.06160277295245198,0.8280352411107755,0.0
-8.36989710780698,-2.3203843041757235,1.9167917992757177,2.6717051239762246,0.06904246506303746,0.8289237367403093,0.0
-8.386272636726895,-2.273152879501405,1.8922796160179096,2.6228470775621915,0.07296567434333179,0.8297954232301213,0.0
-8.401463640509549,-2.2255273691021586,1.8668457077183793,2.5755505641829,0.06987690575847516,0.8301890187625168,0.0
-8.415415905901293,-2.1775244530022957,1.840469103637682,2.526921469570852,0.06936526743213811,0.8310998073376561,0.0
-8.428072499389794,-2.129163882051179,1.8130675270727479,2.4752938090560335,0.06821111204641639,0.8317689893652805,0.0
-8.4393712021741,-2.080468296680772,1.7845109907200234,2.421809110024943,0.066396983977286,0.8323213713256008,0.0
-8.44924363493791,-2.031463804196739,1.7546792068081576,2.370226212978255,0.06385641758484306,0.8327508191743241,0.0
-8.457617630699394,-1.9821813048362498,1.7235348441391218,2.3250146548845962,0.06389497182747439,0.8330559397878234,0.0
-8.464422636607779,-1.9326579338614511,1.6911674562593193,2.2887389981951403,0.07335023822192799,0.8332728131691743,0.0
-8.469595692748772,-1.8829377396811873,1.6577659153749125,2.260334366628507,0.07740661222229273,0.8334318091763815,0.0
-8.473084370471986,-1.8330711632143302,1.6235196147128248,2.2355032608893404,0.07255078640786472,0.8334695916150032,0.0
-8.474844477774557,-1.7831138083156324,1.588508299444904,2.209089515426422,0.07062827792899062,0.833388595311077,0.0
-8.474833739557374,-1.7331255823273033,1.5526547288589974,2.177810154595975,0.06858806819756413,0.8331918885812293,0.0
-8.473005232030522,-1.683170965987849,1.5157638497465187,2.1415930290388063,0.06621083538718597,0.8328839123342354,0.0
-8.469304167097675,-1.6333202931260193,1.4776146745694767,2.103045156992255,0.0632116285979909,0.832470993779544,0.0
-8.463669468657512,-1.5836512403746665,1.4380541678691752,2.065744526417273,0.06310651728766636,0.8319615648590014,0.0
-8.456039185387615,-1.5342496288150278,1.3970520943306395,2.03227456944674,0.07270274530623944,0.8313135511246551,0.0
-8.44635696914464,-1.4852091200237525,1.3546883560679461,2.002948623831145,0.07559726792018218,0.8305304016933456,0.0
-8.43457621994257,-1.4366302316834187,1.3110750085223408,1.9759788578871982,0.06839992090791291,0.8296102211450882,0.0
-8.42065994139546,-1.3886197165452396,1.266262995391187,1.9489845600902207,0.0625706222094502,0.8286135027192579,0.0
-8.404577399514348,-1.341291072320042,1.220201053372641,1.9207066517016986,0.06669443773494699,0.8273615529610512,0.0
-8.386300946664331,-1.2947658814166094,1.1727728186229316,1.8918448695974794,0.07073058782987873,0.826172801272986,0.0
-8.36580614002178,-1.2491747005066383,1.123886425209776,1.8648549824246776,0.06367109008686489,0.8247971155341287,0.0
-8.34307631952526,-1.2046559549608562,1.0735747345873157,1.8430826114544119,0.057638771394834976,0.8234399089423933,0.0
-8.318110624980482,-1.16135177268256,1.0220673571251513,1.8295682040743164,0.062291684102784295,0.8220522556896056,0.0
-8.290932609369907,-1.1194008837953613,0.9697962337927062,1.8259825348125276,0.07387652064066152,0.8204498323989882,0.0
-8.261595760599636,-1.0789303212540684,0.9173196200120803,1.8322358234405731,0.07964093060878596,0.8184790453750111,0.0
-8.230183415370549,-1.0400485842102534,0.8652005927707619,1.8469036218961121,0.07113597232375657,0.8163398009933845,0.0
-8.196803381599343,-1.0028421869222237,0.813906119368148,1.868059958292256,0.06612156827519566,0.8143242548063432,0.0
-8.161579914774084,-0.9673756614300913,0.7637669172459175,1.8940138836999572,0.06631092412579953,0.812256947501184,0.0
-8.124645961930428,-0.933693644350093,0.7149924285681406,1.9237579033226586,0.0659841439688873,0.8100775811892876,0.0
-8.086137367270616,-0.9018233884419044,0.6677145253254066,1.9571073718694618,0.06986364354899255,0.80782112753477,0.0
-8.04618934434357,-0.8717765673897392,0.6220341423834297,1.9944604491612052,0.06690706629184939,0.805422671039681,0.0
-8.004934566873992,-0.8435501441442682,0.5780487789678823,2.036300786275489,0.06439501533609349,0.8029640104799949,0.0
-7.962501887536329,-0.8171269070744761,0.5358524000404354,2.0828787608078754,0.06167701432356543,0.8005847996669694,0.0
-7.9190150471525,-0.7924764200305785,0.49552213662192185,2.134296518568698,0.06058576011860062,0.7981804933375517,0.0
-7.874591377552615,-0.7695565410377718,0.4571116747298685,2.190652650684157,0.06325925373785202,0.7957404619803367,0.0
-7.8293407500156915,-0.7483152038975687,0.4206520664092812,2.246978762682374,0.06236836662532097,0.7931976640019047,0.0
-7.783364816930706,-0.7286923554166354,0.3861482612750402,2.3019270370586686,0.05796209118655948,0.7907238990053203,0.0
-7.736756453083012,-0.7106222158912094,0.3535709333971024,2.355593897075171,0.05652387671673287,0.7882579193003789,0.0
-7.689599458775449,-0.6940357155779385,0.3228583363934562,2.4080650182114853,0.05768023327122407,0.785805847049357,0.0
-7.641968773707772,-0.6788622430663762,0.29394318166541267,2.4594169341390595,0.05616191999698472,0.7833268570924812,0.0
-7.593931391410301,-0.665029416870015,0.26680541080716574,2.509718346732569,0.05262328362753976,0.7809376457372045,0.0
-7.54554779817485,-0.6524601946195133,0.24152366958477592,2.5590312041712484,0.05147460710752316,0.7785428846812754,0.0
-7.496873291843241,-0.6410685116918801,0.21827650538978305,2.6074115954176165,0.052485342375887534,0.7761821994631767,0.0
-7.447958423744005,-0.6307566602701541,0.19726343534363552,2.6549104979103024,0.05662797639511652,0.7737717205031971,0.0
-7.39884829179859,-0.6214178853949446,0.17856899114797084,2.7015744068802583,0.06593267751458987,0.7709570225483932,0.0
-7.3495811266772755,-0.6129455743656159,0.16203296324520367,2.7474458684215253,0.05675677026039683,0.7675900585809466,0.0
-7.300187031843633,-0.6052469943898031,0.14719971062848716,2.7925639337180086,0.03746145247562982,0.765519430477049,0.0
-7.250687714007649,-0.5982563994969893,0.133396798426794,2.8369645482273285,0.030536594302383424,0.7640071481129055,0.0
-7.201097654492021,-0.5919414355639644,0.11992643384651273,2.880680886855533,0.03378751762063903,0.7626998060588175,0.0
-7.151426535251621,-0.5862994791632952,0.10627658825685035,2.9237436440103415,0.04109999337576298,0.7608373654275609,0.0
-7.101682113826708,-0.5813454801584996,0.09224689442397928,2.966181285742151,0.04397238177557483,0.7587837000880271,0.0
-7.051872524525478,-0.5770966242021349,0.07794504145551387,3.008020269859073,0.04543113354269668,0.7566098630571743,0.0
-7.002007326142141,-0.5735596527323995,0.06367908643502036,3.0492852388517444,0.045832363111661056,0.7543773519801247,0.0
-6.952097283465352,-0.5707244911014684,0.049809815180535476,3.0899991896237173,0.0455812208911448,0.7521281643686938,0.0
-6.902153427312064,-0.5685644820972736,0.03663380140737046,3.13018362334725,0.04502971037215664,0.749888020033641,0.0
-6.852186067815359,-0.5670406469120727,0.0243405245925718,3.1698586782169653,0.0446659558693594,0.7476749183519062,0.0
-6.802204159131307,-0.5661064315616735,0.013037262828381996,3.2090432474280393,0.04443841014080219,0.7453811690951283,0.0
-6.752215040004915,-0.5657105697159085,0.0028003264685918464,3.2477550843405028,0.04401244088631007,0.7431647627329782,0.0
-6.702224383058465,-0.5657976808612721,-0.00628542004563264,3.2860108964907093,0.04376309070849471,0.7409539977187481,0.0
-6.652236205941154,-0.5663075348313112,-0.014112854967557669,3.3238264298623905,0.04366187086524498,0.738745777584485,0.0
-6.602252901024808,-0.5671742120391718,-0.02056233785030307,3.361216544623071,0.043779669501335494,0.7365298350543269,0.0
-6.552275322947576,-0.5683262155422518,-0.025530313481058532,3.3981952833590867,0.04388230445762842,0.7342964287358527,0.0
-6.502303003359852,-0.5696883359150872,-0.02897118637827404,3.4347759326977987,0.04308984956107276,0.7320589454054724,0.0
-6.452334534104261,-0.5711856120577702,-0.03093972497332219,3.4709710790837947,0.04149573699983078,0.7299413459963027,0.0
-6.402368079851034,-0.572748915394552,-0.031613984873704475,3.5067926593729792,0.03947931358101764,0.7279063779845146,0.0
-6.352401894470934,-0.57432081185562,-0.031283680730994926,3.5422520068211267,0.036478389850265636,0.7259958303247633,0.0
-6.302434691924949,-0.575859978009069,-0.030303902148384507,3.5773598929691697,0.032090798416745336,0.7242678439447534,0.0
-6.252465786339092,-0.5773427787240328,-0.029027623678174803,3.6121265658640036,0.029032031505314304,0.7228022219002546,0.0
-6.202495020517804,-0.5787615035813645,-0.027739321093186983,3.6465617849992027,0.03398050659910545,0.7213853024151657,0.0
-6.152522581561753,-0.5801200491542116,-0.026619083717256666,3.68067485331327,0.03487952755291479,0.7194354299534441,0.0
-6.102548821933078,-0.5814291548618808,-0.025760660948610004,3.714474646542732,0.03444977850867392,0.7179316932592074,0.0
-6.052574168352312,-0.5827037155403627,-0.025236568414340098,3.7479696401925193,0.0326083355365685,0.7160265013791649,0.0
-6.002599139731296,-0.5839635076024032,-0.025169618324987618,3.781167934355856,0.03229170959779282,0.7147087700040218,0.0
-5.952624446627642,-0.5852365111149659,-0.0257652930052412,3.8140772765895843,0.037246279820832395,0.7128398969659295,0.0
-5.9026511298225035,-0.5865622905859902,-0.027281758783121522,3.8467050830279557,0.028328074896590838,0.7110388502468917,0.0
-5.8526806973468615,-0.5879923157636945,-0.029937477560839615,3.8790584578978957,0.022903412015472746,0.7100578862617875,0.0
-5.8027151919902975,-0.5895847228098833,-0.03378121094668165,3.911144211581221,0.027925391794605847,0.7087956932716163,0.0
-5.752757053715971,-0.5913930873001387,-0.03858238627258888,3.9429688773538882,0.037445869385020814,0.7073115172343035,0.0
-5.702808619502941,-0.5934519200979428,-0.043809305018413944,3.9745387269188197,0.04223638243170891,0.7050904112711972,0.0
-5.652871256195914,-0.5957639075942307,-0.048720118396441234,4.0,0.04583938848414437,0.7031084459390214,0.0
-5.60294443178427,-0.598293678346417,-0.05253242985009514,4.0,0.04766464642279189,0.7005065183049567,0.0
-5.55302525150158,-0.6009704496057983,-0.05460915893538649,4.0,0.047974690241279205,0.6983244116138723,0.0
-5.503108855832697,-0.60369882019164,-0.05459978252399873,4.0,0.04636618369918155,0.6956809733355159,0.0
-5.453189609048,-0.6063743458919586,-0.05249190385158171,4.0,0.03797036186037994,0.6936583128325344,0.0
-5.403262534193786,-0.6088991312400406,-0.04856094033176147,4.0,0.03452538069500566,0.6918559511990161,0.0
-5.353324351523115,-0.6111931667719808,-0.04324952545725515,4.0,0.032552878422425824,0.690189059060849,0.0
-5.3033737981442535,-0.613199340619355,-0.03703371653852672,4.0,0.03157168163616353,0.6885969945821787,0.0
-5.253411334910014,-0.6148826264322512,-0.03032282463463329,4.0,0.031170568304303536,0.6870403913146772,0.0
-5.203438570707149,-0.6162255524031367,-0.023410558347405474,4.0,0.03103997773830436,0.6854983294568028,0.0
-5.153457705666895,-0.6172223813207003,-0.016472576057497617,4.0,0.031036032948473125,0.6839621417059456,0.0
-5.103471145520092,-0.61787393049727,-0.00959492206525226,4.0,0.031068780344575053,0.6824259038709343,0.0
-5.053481298636274,-0.6181840819092138,-0.002813494915261487,4.0,0.03109246088291817,0.6808908286838682,0.0
-5.0034904930797035,-0.6181581484843559,0.0038510226063168916,4.0,0.031110919592669983,0.6793563697938847,0.0
-4.953500940031192,-0.6178027541037006,0.010367483924598308,4.0,0.031104319903487276,0.677823980527315,0.0
-4.90351468839961,-0.6171267950603014,0.01667666609332035,4.0,0.031009273085464972,0.6762954760594756,0.0
-4.8535335410129985,-0.6161429526065819,0.02268679251873632,4.0,0.030721686686019822,0.6747786156975437,0.0
-4.803558941191416,-0.6148688294198149,0.028292994494055826,4.0,0.03013360237172158,0.6732848977845963,0.0
-4.75359188945155,-0.6133264854792256,0.03342184862357232,4.0,0.02916753677308659,0.6718314780872296,0.0
-4.703632976697111,-0.6115395680006572,0.03808315197156241,4.0,0.027836300779440215,0.6704360493369131,0.0
-4.653682585260498,-0.6095283315271833,0.042402728910724316,4.0,0.028761247312485416,0.6691135758144768,0.0
-4.6037412266607065,-0.6073040186131812,0.04661542963489336,4.0,0.03806074975255802,0.6676246876512487,0.0
-4.553809905990924,-0.6048648061347494,0.051009662704609555,4.0,0.04122277462952084,0.6653844452865382,0.0
-4.503890373087264,-0.6021953602736179,0.0558385215997158,4.0,0.03550639602911909,0.6635827832201977,0.0
-4.45398515992134,-0.5992706063385715,0.061239919627326354,4.0,0.03338975116885168,0.6619057521147476,0.0
-4.404097390607174,-0.596062238951841,0.06720659587263242,4.0,0.03201807255726452,0.6603166720961261,0.0
-4.354230434756059,-0.5925453182643143,0.07361238930181548,4.0,0.0312689306296452,0.6587822679756282,0.0
-4.3043875242489795,-0.5887027150896398,0.0802717758329346,4.0,0.03097206846918965,0.6572765822196228,0.0
-4.254571461690499,-0.5845264684847081,0.08700375129927547,4.0,0.030905928514669778,0.6557815060371917,0.0
-4.204784504849234,-0.5800164550861439,0.09367560236449059,4.0,0.030933286869549992,0.6542916694076856,0.0
-4.155028418330992,-0.5751777036904996,0.10021357275682097,4.0,0.031019396918892106,0.6528020471145054,0.0
-4.105304602760593,-0.5700178328601527,0.10658747185127693,4.0,0.031098589611599614,0.6513109467754077,0.0
-4.055614208552365,-0.564545422301131,0.1127887657365788,4.0,0.031183050297840076,0.6498202704190861,0.0
-4.005958198328136,-0.5587692950721815,0.11881600600669463,4.0,0.03126673780965339,0.6483274469500538,0.0
-3.9563373705684732,-0.552698308274868,0.12466900674461312,4.0,0.03134798399633665,0.6468350960173703,0.0
-3.9067523673680076,-0.5463413196258406,0.13034760796610576,4.0,0.03145075539398334,0.645340838549264,0.0
-3.8572036793214908,-0.5397071831900103,0.13585174525597304,4.0,0.03153648660956776,0.6438449254456621,0.0
-3.8076916520889443,-0.5328047339577068,0.14118183656207786,4.0,0.03161595527339722,0.642348741256714,0.0
-3.758216499318225,-0.5256427314582172,0.14634005875903244,4.0,0.03170286392404842,0.6408514207316728,0.0
-3.7087783337547235,-0.5182296919074261,0.15133359403552796,4.0,0.03180797081453868,0.6393529355335339,0.0
-3.6593772319676225,-0.510573529999217,0.15617912035535156,4.0,0.03193564495713508,0.637851288205923,0.0
-3.610013319212826,-0.5026811263050626,0.16090139309860607,4.0,0.03211623490361104,0.6363461233292513,0.0
-3.560686767987843,-0.49455847395041824,0.1655112435782543,4.0,0.032361086333525524,0.6348330959297273,0.0
-3.511397482482891,-0.48621264940737435,0.1699535410879574,4.0,0.032607152343738566,0.6333120229393105,0.0
-3.4621442439489942,-0.47765662388479985,0.17404358449192023,4.0,0.032702584853555816,0.6317860045791811,0.0
-3.4129233618680983,-0.468916319023406,0.17743884782873157,4.0,0.03228487718432271,0.630269493276298,0.0
-3.3637273261523752,-0.46003715353949143,0.179687254609438,4.0,0.02867729449313483,0.6287981783682509,0.0
-3.314544275872647,-0.45108628569273956,0.1803541275047516,4.0,0.01590608257791004,0.6276341366777052,0.0
-3.2653589958128832,-0.44214768932545917,0.17918826724104947,4.0,0.0163419706879111,0.6273955893808594,0.0
-3.2161555177331804,-0.4333099001922604,0.1762559146747017,4.0,0.03286171775550395,0.626164065261774,0.0
-3.1669204538631166,-0.424649922675011,0.17196313627445248,4.0,0.044636401405728776,0.6243112388724532,0.0
-3.1176455782721035,-0.416219505582397,0.16693472053267133,4.0,0.046375595725509644,0.6219493259232817,0.0
-3.068328526346438,-0.40803943991898395,0.16180609623231676,4.0,0.04135539797154708,0.6199292016001705,0.0
-3.0189715788902824,-0.40010359978624677,0.1570343933983873,4.0,0.038788774723254704,0.6180437085800884,0.0
-2.9695794126989417,-0.39238992624477564,0.15280681290911943,4.0,0.03705576611435202,0.6162571949110967,0.0
-2.9201568857771187,-0.3848731798742466,0.14906277998281584,4.0,0.0360913665386704,0.6145330661911778,0.0
-2.8707075766170473,-0.37753465932277014,0.14559641800997122,4.0,0.035688252664755726,0.612839192168359,0.0
-2.82123329598154,-0.3703664179817664,0.14217750049079653,4.0,0.035592489453920795,0.6111554347198359,0.0
-2.7717343571360167,-0.36337049070667665,0.13863236719534716,4.0,0.03564782953955303,0.6094715876914824,0.0
-2.7222101697402654,-0.35655561962967697,0.13486383415475753,4.0,0.035774006566765326,0.6077816030795624,0.0
-2.6726597800997314,-0.34993398374991275,0.1308307946692126,4.0,0.03590755858835193,0.6060832462311663,0.0
-2.6230822017226583,-0.34351912483246677,0.1265200322111334,4.0,0.036034451965198944,0.6043771857872657,0.0
-2.5734765649056173,-0.33732501736937337,0.12192806120707936,4.0,0.036172506529270176,0.6026629242761524,0.0
-2.52384217189502,-0.3313657686566515,0.11705378615305051,4.0,0.03630821088696701,0.6009395659631982,0.0
-2.4741785204706894,-0.3256555364500241,0.11189703605920626,4.0,0.036445457575823514,0.5992079856818945,0.0
-2.4244853259757306,-0.3202084429575334,0.10646015642675023,4.0,0.036593588246075726,0.5974668730542405,0.0
-2.3747625607300167,-0.3150382980637378,0.10075406788883597,4.0,0.03674491421051185,0.5957160648222313,0.0
-2.3250105362563365,-0.31015779878154115,0.09481321668128295,4.0,0.036956208989963546,0.5939546794453251,0.0
-2.275230056258118,-0.3055766800879369,0.08872264831356735,4.0,0.0373066029690885,0.5921764488586537,0.0
-2.2254226383198863,-0.30129836221322515,0.08265109920526106,4.0,0.03795313338029649,0.5903721601208133,0.0
-2.1755907330978586,-0.2973152950392438,0.07686988097250438,4.0,0.039163624860429014,0.5885200487144263,0.0
-2.125737810781777,-0.29360433799090846,0.07173226299140209,4.0,0.04131661016731192,0.5865856403003183,0.0
-2.075868208563236,-0.29012442634481583,0.06760231022360885,4.0,0.04477446307818589,0.5845123510192367,0.0
-2.025986739660776,-0.2868186849584433,0.06474802351244804,4.0,0.048411910729967644,0.5822332269715748,0.0
-1.9760981637202049,-0.2836217992214981,0.06323801826834739,4.0,0.043791395417720036,0.5798035673625237,0.0
-1.9262066402879703,-0.28047117586606546,0.06289343870810564,4.0,0.03478197934932048,0.5779786799950789,0.0
-1.8763152610890397,-0.27731827169973033,0.06332944957429441,4.0,0.03059455048597126,0.5764346306560252,0.0
-1.8264257416476268,-0.2741360870429211,0.06406723196042677,4.0,0.029094197347537598,0.5750272577175083,0.0
-1.7765383368510634,-0.2709209145568222,0.06465191171088387,4.0,0.029616006235295256,0.5736395713092147,0.0
-1.7266519848151647,-0.2676894377730244,0.06472088088767837,4.0,0.03176643238212318,0.5721904801408676,0.0
-1.6767645985506805,-0.26447398306577724,0.06400957799181986,4.0,0.04006929463809561,0.570601342385107,0.0
-1.6268733843736538,-0.26131855724043296,0.06231441055653646,4.0,0.034588886831195875,0.5683511903816099,0.0
-1.5769751247102555,-0.25827675803720523,0.059454953782087816,4.0,0.02203162032170347,0.5672991249173958,0.0
-1.527066497149057,-0.25541043092725374,0.05528199905024859,4.0,0.026727781139387563,0.5662685663902313,0.0
-1.4771445564924028,-0.2527866939519434,0.049734959842150525,4.0,0.03350291986910969,0.5647551025719945,0.0
-1.427207358658674,-0.25047215362068265,0.042896792630095396,4.0,0.03662144123745792,0.5630618152424501,0.0
-1.3772544938488906,-0.24852565310767805,0.034997287060952564,4.0,0.038643786032031446,0.5612365206171791,0.0
-1.3272872693564897,-0.246992189488521,0.02636223336504237,4.0,0.03968715887479313,0.5593333266428525,0.0
-1.2773084656403695,-0.24590004914590324,0.017334953208036137,4.0,0.04011146222279072,0.5573918009770715,0.0
-1.2273218096177714,-0.2452617612740117,0.008201989439783163,4.0,0.040209276550225326,0.5554335684835228,0.0
-1.1773314134134256,-0.24507792197627457,-0.0008470379707886128,4.0,0.04015788570375278,0.5534711608418934,0.0
-1.1273413693651406,-0.24534190028292338,-0.009714099073354604,4.0,0.04006236110888395,0.5515090471047611,0.0
-1.0773555451578543,-0.24604359412767685,-0.018359770631378086,4.0,0.039949522756889344,0.5495488114946426,0.0
-1.027377513889209,-0.2471715233133259,-0.026769567870623442,4.0,0.03984193228692545,0.5475915093109408,0.0
-0.9774105348581722,-0.24871350197578965,-0.03493075812667909,4.0,0.03974089522256774,0.5456359559209957,0.0
-0.9274575248052817,-0.25065628490166864,-0.04281447717187198,4.0,0.03968426066979358,0.5436826248808987,0.0
-0.8775209743245331,-0.2529842972398347,-0.050356876008545576,4.0,0.039722801078417636,0.5417261453888623,0.0
-0.8276027759174962,-0.25567754202776055,-0.05744493309897555,4.0,0.03996671761452486,0.5397616204659745,0.0
-0.7777039789903678,-0.2587093541519883,-0.06392430715824599,4.0,0.04060147566083483,0.5377729885029089,0.0
-0.7278245824374959,-0.26204545226495046,-0.06964334256556555,4.0,0.041759260365251905,0.5357381114823615,0.0
-0.677963554969597,-0.265645943145814,-0.07452746518156778,4.0,0.04352870716444901,0.5336296090512491,0.0
-0.6281192472624151,-0.269471122844084,-0.07865739923379589,4.0,0.04455364597606426,0.5314184337818693,0.0
-0.5782902030945899,-0.27349034349509915,-0.08231450563898243,4.0,0.03597522646444684,0.5292128606542151,0.0
-0.5284761657307542,-0.27769147154296975,-0.08595974986925783,4.0,0.028427603499531884,0.5278552855545176,0.0
-0.4786789434063195,-0.2820873312238609,-0.09013418894460737,4.0,0.028799192392780615,0.526409191928311,0.0
-0.4289028227898196,-0.28671580959468257,-0.09530442021380682,4.0,0.02776329928307275,0.5250309699050469,0.0
-0.3791543366299216,-0.2916321254549892,-0.101702765659491,4.0,0.03363405879980341,0.5236913200632813,0.0
-0.3294412787484291,-0.29689431962507523,-0.10921452800846626,4.0,0.035793884477397064,0.5217306956186578,0.0
-0.27977093330905844,-0.3025452983655666,-0.11735064228337055,4.0,0.03684218137773998,0.5201601592269974,0.0
-0.23014770067471552,-0.3085960930457893,-0.12532083156574875,4.0,0.04510258873663853,0.518071345265363,0.0
-0.1805707047150968,-0.31501498693340907,-0.1321930792283254,4.0,0.05100870499943033,0.5156553453967554,0.0
-0.13103231926522152,-0.32172571855295884,-0.13709823876110952,4.0,0.05598536955741462,0.512950783400053,0.0
-0.08151847554155964,-0.3286154730846662,-0.13942229281450857,4.0,0.052505221306486494,0.5100189149083239,0.0
-0.032010946848002875,-0.3355505372167527,-0.13892847442438755,4.0,0.0433176772920274,0.5076495079005108,0.0
0.017509132099834353,-0.34239526296225614,-0.13577338819353107,4.0,0.037555614744295696,0.5056328568420306,0.0
0.06705783518336815,-0.3490293131947071,-0.13042246692986004,4.0,0.0339511818461391,0.5038505075654185,0.0
0.11664625111103712,-0.35535936941838003,-0.12350803775392319,4.0,0.03186414476804922,0.502210409862139,0.0
0.16627994302105642,-0.3613238005079425,-0.11568300817757912,4.0,0.030636098685535185,0.5006543099049185,0.0
0.21595975760402494,-0.3668909055365863,-0.1075052764312396,4.0,0.029722638297728032,0.4991528767628851,0.0
0.2656833393371977,-0.3720525123671669,-0.09936581567048323,4.0,0.02873529169727007,0.49770021556783467,0.0
0.3154467387883413,-0.37681503481408846,-0.09145963861135922,4.0,0.027481872524200313,0.4963047772240471,0.0
0.3652457241324488,-0.3811898918926398,-0.08379109376665456,4.0,0.026095935586969432,0.49497974543771417,0.0
0.4150766310869558,-0.38518479998850236,-0.076205286646339,4.0,0.03319498599229309,0.49372104094871805,0.0
0.464936714937105,-0.3887972874589617,-0.06844694573733204,4.0,0.03909279090654394,0.4916976668838273,0.0
0.5148240222735565,-0.39201180514915296,-0.06024630626839853,4.0,0.0357548038461446,0.48985252912481647,0.0
0.5647368817166636,-0.3948012061895077,-0.05140838822065791,4.0,0.03321319142606072,0.4881522317370373,0.0
0.6146732392461137,-0.39713182898538757,-0.041867648843244135,4.0,0.03139984259765605,0.4865625854452264,0.0
0.6646301221753134,-0.3989699896029605,-0.03168905209194041,4.0,0.030264429304858176,0.4850493132944364,0.0
0.7146034262484292,-0.4002874739096008,-0.021026261426909318,3.9946265637995526,0.029638066275629704,0.4835824636314542,0.0
0.7645880416300279,-0.40106448666386624,-0.010061311058956626,3.9684795448309416,0.02933347279263998,0.4821431137236013,0.0
0.8145781817454926,-0.40128976142578615,0.0010486042765537017,3.9614910885177883,0.029227944709240283,0.4807185551439006,0.0
0.8645677311737643,-0.40095866689040077,0.012197752133108714,3.9646168760495066,0.029210155670081672,0.47930133824152926,0.0
0.9145504909703462,-0.4000707027737119,0.023329326473602353,3.9723020449655446,0.029223560017648698,0.47788970869335634,0.0
0.9645203028871923,-0.3986274934129356,0.03441787021182713,3.9819809256442245,0.029253643548009745,0.4764823180361425,0.0
1.0144710962593688,-0.3966316362536102,0.04545257428667727,3.992762339454099,0.029265471180216274,0.4750781348307621,0.0
1.064396903783994,-0.3940862050258584,0.05642776613542687,4.0,0.029281183916534115,0.47368012561329914,0.0
1.114291869878149,-0.39099458309015306,0.06733920461568371,4.0,0.02932662343055714,0.47228639220304436,0.0
1.1641502582721757,-0.3873604145944679,0.07818306477532545,4.0,0.029352003793899684,0.470896458356143,0.0
1.2139664593696344,-0.38318758551437454,0.08895575074238271,4.0,0.029382269930558813,0.4695132223675319,0.0
1.2637349971016685,-0.3784802104651423,0.09965384615455745,4.0,0.029422425284264087,0.4681338044865577,0.0
1.3134505352724464,-0.3732426215240647,0.11027407824200543,4.0,0.029447400649321054,0.4667605947434531,0.0
1.3631078836147301,-0.36747935974150986,0.1208132413802186,4.0,0.029491941115781906,0.46539313632516477,0.0
1.4127020040063376,-0.36119517148496266,0.13126807472345756,4.0,0.02952091248187827,0.46403045573317836,0.0
1.4622280174556106,-0.35439501177702304,0.1416350975493525,4.0,0.02955317833893556,0.46267545933995186,0.0
1.5116812126323684,-0.3470840568897011,0.1519103932622513,4.0,0.029597494120406687,0.4613253714702038,0.0
1.5610570572417697,-0.339267730742824,0.16208925694010787,4.0,0.029627124410732453,0.4599822323954618,0.0
1.610351215832396,-0.3309517612973379,0.172165316218993,4.0,0.029654255174128785,0.4586458373369026,0.0
1.659559587688133,-0.3221423326259219,0.18212749480527887,4.0,0.02966406143149891,0.4573170678239117,0.0
1.708678410592947,-0.3128465430404098,0.191950520520437,4.0,0.029656770082834516,0.4559973066559658,0.0
1.757704546127817,-0.303073656121463,0.20157187687876751,4.0,0.02957654095401141,0.4546877892006074,0.0
1.8066361538905027,-0.29283791505054946,0.21085042536141643,4.0,0.029293122833648155,0.45339572793465954,0.0
1.8554739874263224,-0.2821636026790623,0.219514643097077,4.0,0.02855106397999707,0.4521348499527525,0.0
1.9042233689769923,-0.27109218483352615,0.22712696426392398,4.0,0.026888672889169296,0.4509350610399875,0.0
1.9528964783265388,-0.2596899234888733,0.23309802764127047,4.0,0.023697744329138626,0.4498494204277484,0.0
2.0015140880412785,-0.2480530949036787,0.23677048005673804,4.0,0.01826303030240961,0.4489575198221695,0.0
2.050105622884768,-0.23630774802271004,0.2375631214298389,4.0,0.013660732534679365,0.44836971572699547,0.0
2.09870673679378,-0.2246021484491415,0.2351347707039614,4.0,0.01922864580712247,0.4478917053706658,0.0
2.147354553041726,-0.2130924159660474,0.22950732643112792,4.0,0.029000717426592715,0.44676182129085645,0.0
2.196081857624462,-0.20192435295740677,0.2211003998151591,3.952402455168651,0.03486427761186084,0.4453561777691221,0.0
2.2449121077159124,-0.19121573107307985,0.2106704312722503,3.9014815044069397,0.041165264328771656,0.443673273083757,0.0
2.2938567656526136,-0.18104304680638253,0.1991756705118371,3.8870371902517435,0.045645067402132256,0.4416651638629067,0.0
2.342915527245162,-0.17143572953956732,0.18759532146385888,3.919057621724419,0.04230468890328609,0.4395389301489392,0.0
2.3920789799798508,-0.16237918695355458,0.1767459060672974,3.9508185438453576,0.04576800329180131,0.4378242195217816,0.0
2.4413325089902846,-0.1538257517192676,0.16714712879693183,3.9823261657464024,0.056726439916996885,0.435356970391218,0.0
2.490660189390382,-0.1457105459923558,0.15896420646005494,4.0,0.052016736640703165,0.43260667274741665,0.0
2.5400478332059846,-0.13796837632731995,0.15203131851472135,4.0,0.033333793461670425,0.43058496594490764,0.0
2.5894847783331314,-0.130547368659411,0.14596483341664843,4.0,0.02656510139425894,0.4295846110655917,0.0
2.6389642518084853,-0.12341534999813492,0.14034509811195714,4.0,0.037800227444058976,0.42818496903058023,0.0
2.688482490243191,-0.11655762372889769,0.13488206428910804,4.0,0.03969056056338083,0.426118451063488,0.0
2.7380372509031954,-0.1099689832514665,0.12948097484444482,4.0,0.03543555365284945,0.42454550797898377,0.0
2.7876264983699888,-0.10364511658624014,0.12419968289239172,4.0,0.043177014114770706,0.4228813808460505,0.0
2.837247777482904,-0.09757767102302552,0.11914251024714201,4.0,0.044696506553509874,0.4205727111534164,0.0
2.8868983509533193,-0.09175475708217512,0.11434666779216475,4.0,0.03758953065152415,0.418764878972743,0.0
2.9365758058669726,-0.08616578752301371,0.10972143001281706,4.0,0.034249121796259274,0.4171246075019939,0.0
2.9862786344470176,-0.08080715908003004,0.10507558696843104,4.0,0.031406753821871636,0.41562468850645773,0.0
3.0360063896834393,-0.0756850516706549,0.10020644520659512,4.0,0.031511835208566374,0.41424675880554257,0.0
3.085759343193201,-0.07081386030007546,0.09498660496419549,4.0,0.04006682046913257,0.4127346654136699,0.0
3.135537883434367,-0.06621157900444868,0.08939946835498792,4.0,0.04197681392316932,0.4105493252701591,0.0
3.1853419991392378,-0.06189493611040011,0.08351324234346756,4.0,0.0347051418490647,0.40885493167843745,0.0
3.2351710640977647,-0.057876587493632614,0.07742382082517925,4.0,0.03344903331978122,0.4073472631235481,0.0
3.285023896540506,-0.05416476489235439,0.07121312297998926,4.0,0.04098125914696915,0.4057611140804273,0.0
3.3348989174052464,-0.05076407779360626,0.06494448328401199,4.0,0.042289456660487,0.4035370946614129,0.0
3.384794253171239,-0.04767573085649139,0.05869079963136653,4.0,0.03475808908539424,0.401822297230271,0.0
3.434707719228369,-0.04489567407541993,0.052589284149902764,4.0,0.03359622405968121,0.4002992264413196,0.0
3.48463671478517,-0.042409868436969485,0.04690219498727593,4.0,0.04180565043054685,0.3986808856186523,0.0
3.534578148736366,-0.040187525470902846,0.04203709514681811,4.0,0.044726545260238115,0.3963700697558175,0.0
3.5845285060524184,-0.038175125341243114,0.03849535770291153,4.0,0.04280435050040854,0.39446205274401824,0.0
3.6344840196739545,-0.036294541952958434,0.036759429816281525,4.0,0.05175774867072125,0.3923192577383691,0.0
3.684440795242852,-0.034447623971055726,0.037147550433327,4.0,0.046654662602855446,0.3895605353110935,0.0
3.7343948113039076,-0.032527855613957324,0.03967606578649947,4.0,0.039082603413715944,0.38790162404191236,0.0
3.7843419399701355,-0.030437156654641435,0.04399157440267636,4.0,0.04121974810675155,0.3858715940064124,0.0
3.834278265762304,-0.028103106786027784,0.049421480790399104,4.0,0.0297301192129229,0.3840362988682454,0.0
3.884200803564731,-0.025490831815489102,0.05513629202408858,4.0,0.020990272045796843,0.38311173078273647,0.0
3.9341083038524625,-0.02260530365037223,0.060370165746373695,4.0,0.020214581026046563,0.3821186135675216,0.0
3.9840015729483085,-0.019483046039653368,0.06462430858390068,4.0,0.024621282437384817,0.3812815033950273,0.0
4.033882952845643,-0.016176018458846645,0.06777760515101837,4.0,0.03277814603654461,0.3798854870993362,0.0
4.083755154635019,-0.01273320598000853,0.07006909169917404,3.9674678692543033,0.036231507375925176,0.37828938891602876,0.0
4.133620012631763,-0.009185567642967183,0.07198168286730132,3.9167427864453312,0.03797532291683492,0.37673647603395705,0.0
4.183477629125732,-0.00553759406708733,0.0740936739529109,3.865352094800394,0.03840238579117816,0.37512026904034884,0.0
4.233326012256284,-0.0017656507146216016,0.07695511633545234,3.8132688835674897,0.03803522994960318,0.3734849255256021,0.0
4.283161029567304,0.002178735455421361,0.0810133406593315,3.7604643782371223,0.037915469045685324,0.3716921545573735,0.0
4.332976454138785,0.006362941456505003,0.0865816398158956,3.7069077546651417,0.038650845489662355,0.37005478591588176,0.0
4.382763997515458,0.010866289646557692,0.09383002676320949,3.652565928659306,0.0399925310830378,0.3683632746970503,0.0
4.432513376607899,0.0157727301120062,0.10278047202052981,3.5974033169508632,0.04098669652204956,0.3665844340892133,0.0
4.482212550672017,0.02116342386554632,0.11330767758733729,3.5413815646461098,0.03338214317433508,0.36479093246402666,0.0
4.531848215162084,0.027110026880912085,0.12516579030342412,3.484459233227099,0.026504222518368703,0.363707612225519,0.0
4.581406443632355,0.03367035815234176,0.13805626090644366,3.4265914418891317,0.02798065219585366,0.3623284746159291,0.0
4.6308731653156014,0.04088805374902441,0.1517191207355888,3.3677294533905324,0.028876412264966067,0.3611105269862236,0.0
4.68023415906132,0.04879629941080056,0.16600568042252478,3.307820193547459,0.029803374448633235,0.35985250985982975,0.0
4.729474474933518,0.05742390870339818,0.1809015726120462,3.246805690897841,0.03078184823218688,0.35856157607625505,0.0
4.778577492375811,0.06680119931788234,0.19649782605858873,3.184622419699526,0.031056452428921855,0.3572513194055107,0.0
4.827523995403087,0.07696358909423613,0.21293001203775466,3.1212005250638923,0.031243755236275206,0.355930470928823,0.0
4.876291601098059,0.08795213917388991,0.2303170915912917,3.0564629033026676,0.03088441339914949,0.3546009002992186,0.0
4.924854647496043,0.09981175504323442,0.24872798363214485,2.990324102981419,0.028657456351618205,0.35331129065706085,0.0
4.973184392587857,0.11258858859382298,0.2681820573530822,2.9226890020113134,0.02757660333357892,0.3519229101160327,0.0
5.021249302320532,0.1263278618353008,0.2886650698948893,2.8546674758589603,0.028575892112140178,0.35075485915060994,0.0
5.069015368741009,0.1410722657660288,0.31013585808220556,2.796148256352536,0.028806735052936627,0.3495851144018023,0.0
5.116446633581752,0.1568602793976598,0.3325147537829616,2.7491309861723594,0.028918687288481237,0.3484179834636207,0.0
5.163506158052565,0.17372385252857178,0.3556656696013901,2.7154485562306814,0.028071204162995134,0.34726430889271537,0.0
5.210157458981942,0.19168574064245475,0.37939447542564286,2.695041389196557,0.023630569734441664,0.3461896165285927,0.0
5.256365980484115,0.21075776866138393,0.40348399634543963,2.6841499577706296,0.02060155328066937,0.3451058545522371,0.0
5.30209970875334,0.2309417682023649,0.42776940920515083,2.6746370012966185,0.023615507838420147,0.34430768776310794,0.0
5.34732796446828,0.25223427547576405,0.4522278825017275,2.655783374025203,0.02414502184332079,0.3436644069459659,0.0
5.3920180278781205,0.2746342896113316,0.4770348539078648,2.618690839412098,0.024993393848912415,0.34282547802826924,0.0
5.436130336861131,0.29815149969313726,0.5025495608006204,2.5611008003329268,0.02961588053751063,0.34212791651665253,0.0
5.479613908425783,0.3228116163422672,0.5292246387925018,2.489034732658984,0.03340681852973537,0.3413071315198409,0.0
5.522403887713717,0.3486561920165432,0.5574667479822616,2.4137028607354423,0.036286250137388176,0.3403674718984363,0.0
5.564422586979049,0.37573628813707827,0.5874992442147876,2.3461889725024534,0.0316252746545862,0.339385746685099,0.0
5.6055841408863065,0.40410187669499664,0.6192850381224893,2.293663950704117,0.023942028237572188,0.3389196600810176,0.0
5.645801424664126,0.4337907683707042,0.6525432935056759,2.258448959845188,0.020646544045741955,0.3385704025014374,0.0
5.6849929223278,0.46482094751830944,0.6868467972839342,2.238911026430229,0.0193201115292978,0.3382668973987849,0.0
5.723087332421434,0.4971884121165494,0.7217516147470601,2.2308936842880747,0.019258003943895652,0.3379700216436301,0.0
5.760024728298084,0.5308701870816219,0.7569077635171788,2.229147142270406,0.01990086811859637,0.3376558084953495,0.0
5.79575445335193,0.5658304376386409,0.7921190237189534,2.228668467823575,0.020840796098466008,0.33731933990770174,0.0
5.830231015817024,0.6020271058559528,0.8273454109266295,2.225701989203814,0.021868361552931148,0.33695956862956816,0.0
5.863409609577892,0.639417100299261,0.8626657621637874,2.218037835876948,0.02263994526984403,0.3365808598672719,0.0
5.8952424219334185,0.6779592747982783,0.8982306252565382,2.2046378942156317,0.023607621201211515,0.33630886030448653,0.0
5.925676009126894,0.7176155159587057,0.9342291336166276,2.1850659890994404,0.024701234553464513,0.3359519272567029,0.0
5.954649372931456,0.7583506982797042,0.9708754162829242,2.1591696384484855,0.025588091464990637,0.3355931309757588,0.0
5.9820922786709305,0.8001320834614936,1.0084060166901307,2.127122023446133,0.026525677051804752,0.3352411921767144,0.0
6.007923676456396,0.8429283218934693,1.047076022142174,2.08962550064378,0.02756893825260276,0.33490196315862786,0.0
6.032050488196881,0.8867079189993899,1.0871462786495407,2.0479770553331833,0.028771744325478465,0.3345847701297785,0.0
6.054367205358744,0.9314370175351464,1.1288628750997678,2.0038728711756217,0.030162193242933455,0.3343003247814138,0.0
6.074756610496012,0.9770765541253733,1.1724360003086753,1.9590708741063625,0.03169970365830199,0.33406038435181895,0.0
6.093091638030449,1.023579075333383,1.2180248617165774,1.915060502955002,0.030063063144921465,0.3338797103009207,0.0
6.109238096553828,1.070885612032113,1.2657331728650227,1.8728456998454148,0.028399496533577206,0.3337972174832351,0.0
6.123057769747369,1.1189229826214002,1.3156164578201355,1.8329564502753668,0.03010121041523961,0.3337631885395866,0.0
6.134411465437776,1.1676017186440633,1.3676945119258497,1.7956673109938188,0.03186635333611054,0.3338268100215459,0.0
6.143161965709342,1.2168145838996376,1.4219579476922746,1.761192965786774,0.032788065916923514,0.3339979547809251,0.0
6.149177158653625,1.2664356015230849,1.4783665263927779,1.7297123473870657,0.0318770476212209,0.3342695875311894,0.0
6.152333508602508,1.3163196253720517,1.536847052418276,1.7013098137085232,0.03178146619558264,0.3350521151348904,0.0
6.15251967328095,1.366302572236984,1.597296484807812,1.675935079528254,0.03213955223886167,0.3355661767540737,0.0
6.149639906275091,1.4162023663424714,1.6595902610794835,1.6533821273062264,0.032743460340388,0.3361843922488717,0.0
6.143616891018052,1.4658205163762734,1.7235950639328383,1.6333313557468223,0.03398800603578067,0.337352356391306,0.0
6.134393817601656,1.5149441338242073,1.7891809579105713,1.6155083188289645,0.03559608229404887,0.33810593949798756,0.0
6.1219359460332745,1.563348225989741,1.856221982683952,1.5998505777849221,0.037604816419149145,0.3395935642413723,0.0
6.106232257656421,1.610798323024848,1.9245816903166055,1.586538137904484,0.03716510516737692,0.34082400505431903,0.0
6.087297576743994,1.657053726357584,1.9940934061716635,1.5759443580596568,0.0406076794745589,0.3421699730281001,0.0
6.0651750247056535,1.7018716898918291,2.0645428034738726,1.5686071823968961,0.042916252016830914,0.3441605491000267,0.0
6.039938408547643,1.7450127481365034,2.13565279765549,1.5651359130720182,0.03970359018170644,0.3458950887749703,0.0
6.0116939383395485,1.786247178360448,2.2070785671908064,1.566015971219414,0.04346700522145985,0.34752118508344065,0.0
5.980580341639571,1.8253620708661853,2.2784240806251677,1.5714900862257295,0.04800273004808231,0.34993153230695667,0.0
5.946766624060121,1.8621680200947979,2.349273411075346,1.58160757856995,0.04500856062067049,0.352143153844831,0.0
5.9104475574533275,1.8965045497272828,2.4192191990301835,1.5963578835361667,0.04447817512815355,0.35424826074221877,0.0
5.8718376842707425,1.9282439049350306,2.487878364263023,1.6159028807118472,0.051046331030335956,0.3564805653473113,0.0
5.831164879703394,1.9572934927388235,2.5548866536488353,1.640918091491744,0.052884287151019116,0.35932345558969486,0.0
5.788664416733389,1.9835979013853722,2.619867480781282,1.6727823250158806,0.055139092922317445,0.361734211876122,0.0
5.744573828858746,2.0071414011892506,2.6823962930879612,1.7133533177483766,0.057222670586290825,0.36477241940242744,0.0
5.699127939440116,2.0279505775088222,2.741998889899677,1.764405213101101,0.05137039620028405,0.3673409307007192,0.0
5.65255320944112,2.046095194538421,2.7982022624936085,1.8269788636662723,0.054453176027144945,0.3697528321410032,0.0
5.605061365542248,2.061685029566212,2.85062165644628,1.8941505463609256,0.05499073534651577,0.3725297145432884,0.0
5.556843331243131,2.074861648422022,2.8990464532024376,1.959020371582563,0.05747192902377085,0.3748726032309802,0.0
5.508064916254971,2.085786182852,2.9434854938508885,2.0218099169485675,0.0669219296582999,0.37781461344081185,0.0
5.4588652894553125,2.094626030314874,2.984147347345926,2.082707340042682,0.07208493834096785,0.3810245788175638,0.0
5.4093582825963535,2.1015440055574466,3.0213614145812437,2.1418740365072253,0.07368313134602422,0.38439657658915455,0.0
5.359635622932035,2.1066923309809775,3.055477537406773,2.199449683957295,0.07371932173095841,0.3875350233215141,0.0
5.309770794783388,2.110211602997645,3.086788960134009,2.2555561257162133,0.07501376292827766,0.3906458914156729,0.0
5.259822495606275,2.1122330630191755,3.11549840312761,2.3103004047638533,0.07759980321471094,0.3937972380149818,0.0
5.2098372364584975,2.1128820805409783,3.1417200093081554,2.363777164676932,0.07925450737443951,0.39724953884543196,0.0
5.159851121450494,2.1122812166858203,3.165505372521079,2.4160705718675115,0.08001070274080613,0.4004959820311748,0.0
5.109891095852933,2.110551713986558,3.186887759880047,2.467255870849291,0.08083555377228935,0.4037499873786241,0.0
5.059976040629656,2.107812688187998,3.2059350737498495,2.5174006546905447,0.08137535324418987,0.40700870082516916,0.0
5.010118039497658,2.1041779829836518,3.222795045485435,2.566565911920532,0.08155802420708147,0.4102641788072469,0.0
4.960323962106963,2.099751466945292,3.2377170027159434,2.614806896164335,0.08353539236293983,0.413508625467679,0.0
4.910597266292391,2.0946222057350763,3.251039379647065,2.6621738538691746,0.09309058767181355,0.41716141045435,0.0
4.860939715683738,2.0888613251044594,3.2631376856558996,2.7087126374388153,0.0969888525691367,0.42127327667072306,0.0
4.811352621389609,2.0825222018152294,3.2743446522997353,2.754465225087591,0.0925378037011857,0.42505997779723986,0.0
4.761837330938244,2.075644450141264,3.2848775881406866,2.799470164194097,0.0914534803275373,0.42878840758066106,0.0
4.712394976932073,2.0682604367031643,3.2948081015436927,2.843762951479784,0.09108465670327703,0.4324922125762384,0.0
4.663025775107585,2.0604020294526557,3.304081259374108,2.8873763606785143,0.09129704371404479,0.4362040340054039,0.0
4.613728263452734,2.052105589592126,3.3125658641417273,2.9303407262980854,0.09156461043642672,0.43994625847496416,0.0
4.56449879941589,2.0434142964711115,3.3201112172405853,2.9726841904577217,0.09115688413398537,0.4437548541605591,0.0
4.5153314504908675,2.0343780569261614,3.326588248286483,3.0144329185094447,0.09139089531464961,0.4477225929256139,0.0
4.466218195722589,2.02505213123429,3.3319011349264818,3.0556112881368693,0.0924483161213594,0.4515493424499443,0.0
4.417149215177184,2.015495863189076,3.335972322537918,3.0962420558130703,0.09308674595976996,0.45543163918328605,0.0
4.368113073049212,2.005772398900053,3.3387180043326374,3.136346503845141,0.09364927919466659,0.4593698299070882,0.0
4.319096760189909,1.9959494015777801,3.340032624048097,3.1759445707029785,0.09381055043425413,0.46336390926575755,0.0
4.270085744209636,1.9860999922789015,3.339795715658701,3.215054966897738,0.09281677713304504,0.46738697275714053,0.0
4.221064319463603,1.9763025569252668,3.3379119990575794,3.2536952783212363,0.09245527144781285,0.47161783958788706,0.0
4.172016604347081,1.9666376917371615,3.334388653243784,3.291882058665832,0.09411140990984279,0.47572322544551565,0.0
4.122928374466041,1.9571808882407726,3.3294316593945146,3.3296309123027563,0.09583547309031282,0.4797407911010487,0.0
4.073789480748533,1.9479910896365205,3.323515885106736,3.366956568795947,0.09895494613645894,0.4840802396893951,0.0
4.02459609590165,1.9390976312775272,3.3173770893325027,3.403872950060602,0.10486132170912832,0.48846799225384224,0.0
3.9753518609405147,1.9304900978358588,3.311897282164155,3.4403932310348413,0.11357794190423398,0.4932065465261735,0.0
3.926067351310444,1.9221160700812985,3.3078972075527417,3.4765298946142322,0.12206654672540651,0.4984515400236451,0.0
3.8767579159422882,1.9138899341012077,3.3058970835255006,3.5122947814986336,0.11430309495887059,0.5040206440825936,0.0
3.8274404404575493,1.905712087557268,3.3059386833133346,3.5476991355156686,0.10504103160926448,0.5085846704301112,0.0
3.778129742939185,1.8974935029685662,3.307549306283721,3.5827536449126267,0.09861876118934276,0.513321518658739,0.0
3.7288352951991475,1.889178043603577,3.309868527100236,3.61746848004662,0.0875559488800004,0.5172998841622849,0.0
3.679559006192601,1.8807556298296222,3.3118894956386353,3.651853327849695,0.08896355818735557,0.52101005456935,0.0
3.6302947883162373,1.8722628532279455,3.312724677304739,3.685917423399903,0.08807301644488419,0.5251221510713796,0.0
3.5810302084198002,1.8637721787081847,3.3118041590080143,3.719669578889914,0.08825824300974006,0.5287535058484079,0.0
3.53174970979124,1.855374481288177,3.308950789979961,3.7531182102506655,0.09589600030124856,0.5329008810177291,0.0
3.482438204517658,1.8471609822857995,3.304331194534738,3.7862713616579637,0.09955311325470362,0.5372737762819776,0.0
3.4330837941653125,1.83920955271142,3.2983264987312406,3.819136728124216,0.10172206990674226,0.5417995919324625,0.0
3.3836789734398356,1.8315777627954122,3.2913851801792737,3.8517216763550595,0.10284985843621541,0.5464239879722944,0.0
3.3342204405538207,1.8243022937373428,3.2839099566386243,3.8840332640310278,0.10334738216395323,0.5511089038458891,0.0
3.284708101580639,1.8174025493629378,3.276200032501812,3.91607825765722,0.10352796306167988,0.5558334630429133,0.0
3.2351438842374685,1.8108859253529912,3.2684423924504706,3.9478631491088567,0.10355057859545447,0.560586359757532,0.0
3.185530755067861,1.8047527693596301,3.260734149596285,3.979394170987311,0.10351616755148996,0.5653608166149018,0.0
3.1358720819673875,1.798999973216618,3.253116456024038,4.0,0.1034798926809124,0.5701552159132154,0.0
3.0861713060855513,1.7936230144723502,3.245603792965849,4.0,0.10343714342660348,0.5749684678111402,0.0
3.036431810156865,1.7886168487156933,3.2382013067450206,4.0,0.10338311465910577,0.5797989040006022,0.0
2.9866568789626795,1.7839761890068164,3.2309122653253275,4.0,0.10332358024060184,0.5846451972518701,0.0
2.936849694430211,1.7796955087099815,3.2237417560528807,4.0,0.10327397686748618,0.589506368796502,0.0
2.887013349647083,1.7757688075620617,3.2167024925009744,4.0,0.10324872353863412,0.5943827547434106,0.0
2.837150887040387,1.7721889275717966,3.209827041354845,4.0,0.10325606752905925,0.5992750845950404,0.0
2.787265363192163,1.768946106505218,3.2031861057209143,4.0,0.10337146385395046,0.6041849241228626,0.0
2.737359915821467,1.7660257190061845,3.1969027042179525,4.0,0.1037266131981065,0.6091205258938448,0.0
2.6874377760791726,1.7634058679472813,3.191143892941595,4.0,0.10448411096396759,0.6140958339973637,0.0
2.6375021722346235,1.7610562538546004,3.1860778218133667,4.0,0.10583743495669662,0.6191336893632093,0.0
2.5875561236865257,1.7589398911847751,3.1818027704936642,4.0,0.10787388626886019,0.6242650675613154,0.0
2.5376021830662165,1.7570184900639718,3.1782715430909203,4.0,0.10857930229273416,0.6295197260611167,0.0
2.4876422028329355,1.7552609268810297,3.1752436026568165,4.0,0.09965453668673607,0.6347311531045351,0.0
2.4376771956516823,1.7536525693049283,3.172298841581489,4.0,0.09322728473609132,0.6391261174335973,0.0
2.387707363129456,1.7522020412486488,3.1689263176395546,4.0,0.09509428824578636,0.6437118905903714,0.0
2.337732369592801,1.7509423609789834,3.164660740559879,4.0,0.09414418888263798,0.6482849647628299,0.0
2.287751872419312,1.7499253612662589,3.1592148136618228,4.0,0.09350261117534986,0.6527857541020705,0.0
2.2377661689404604,1.749210657951105,3.152564854200999,4.0,0.09989324261382482,0.6573125774100569,0.0
2.1877766710406674,1.7488519784308962,3.1449704016792306,4.0,0.10209798992510333,0.6624594530900312,0.0
2.137785911138635,1.7488840556187453,3.136931581001605,4.0,0.10421789571810969,0.667236964443553,0.0
2.087796971648377,1.7493126970037023,3.129104697437759,4.0,0.11213480128553766,0.6726318490702811,0.0
2.037812518023948,1.7501095810788687,3.122198033716195,4.0,0.10845544844987032,0.6782231859591129,0.0
1.9878338373718811,1.7512123588130943,3.1168645073148036,4.0,0.10859962857198946,0.6832974692268287,0.0
1.9378603183620966,1.752529837127275,3.113605952640245,4.0,0.11665269075731333,0.6889309845383335,0.0
1.8878896311697808,1.753951390133727,3.1126992195160885,4.0,0.11345267247389623,0.6948141949116877,0.0
1.8379185582555835,1.755359222879668,3.1141550798093522,4.0,0.1049974399392033,0.7001444058111606,0.0
1.7879441245033347,1.7566413588055476,3.117729807108594,4.0,0.10043875941605052,0.7051916087695324,0.0
1.737964541602431,1.7577025261296506,3.1229978464419346,4.0,0.09766818449272963,0.7100552592204032,0.0
1.6879796237128692,1.7584705428464245,3.1294599405423593,4.0,0.09614739246617754,0.7148083138017343,0.0
1.6379906492347043,1.7588974364805514,3.1366462702317155,4.0,0.09544370480449071,0.719500117725684,0.0
1.5879998974475211,1.7589562160259116,3.1441874212521417,4.0,0.09518460464594858,0.7241630739598263,0.0
1.538010145478218,1.7586351865775325,3.151841519778956,4.0,0.0951224649658795,0.7288108851552567,0.0
1.4880243086813756,1.7579319554398207,3.1594791470319534,4.0,0.09513363032473876,0.7334515039679629,0.0
1.4380452593540247,1.7568487790102936,3.167044595025113,4.0,0.0951688027910147,0.7380857057467135,0.0
1.3880757652002322,1.755389812315962,3.1745184225625214,4.0,0.09522713704513563,0.7427157936723886,0.0
1.3381184784529616,1.7535598582848186,3.1818948896080883,4.0,0.09527229580577234,0.7473419557575678,0.0
1.288175939303935,1.751363882047409,3.189173921524094,4.0,0.09531399032903698,0.7519627937819691,0.0
1.2382505904007848,1.7488066696820528,3.19636338118172,4.0,0.09538838667757821,0.7565795052033276,0.0
1.1883448232717457,1.7458921555730758,3.203490103885202,4.0,0.09549908172786514,0.7611944847988541,0.0
1.138461095978476,1.7426220281306535,3.210617860855967,4.0,0.0957149221994249,0.7658096747247716,0.0
1.0886021606723129,1.7389935021218124,3.2178629813305006,4.0,0.09616258217282603,0.7704343940939056,0.0
1.0387713953150544,1.734996805236995,3.225390494833635,4.0,0.096998345393005,0.775082515973277,0.0
0.9889731510560122,1.7306136396791156,3.233379264614181,4.0,0.09840552301082228,0.7797772418208972,0.0
0.9392129576625319,1.7258179781149836,3.241963496288878,4.0,0.10052244505388153,0.7845482421336524,0.0
0.889497423896899,1.7205797914350975,3.2511735361244347,4.0,0.10207221820619239,0.7894301182985212,0.0
0.83983374167622,1.714871068374937,3.260902470629968,4.0,0.09426216581824143,0.7943275780599358,0.0
0.7902288562085001,1.7086722782246864,3.2709205532010137,4.0,0.088162894779094,0.7984214585860675,0.0
0.740688564108066,1.701976823514415,3.280940173965002,4.0,0.09098509553362,0.802696216348584,0.0
0.6912169013679342,1.694791748106859,3.2907005979250936,4.0,0.09243870491157757,0.8070347848927824,0.0
0.6418160381939185,1.6871349099140942,3.30002562288333,4.0,0.09351753916316952,0.8114208147618603,0.0
0.5924865923631347,1.679030578221919,3.3088302823903866,4.0,0.09415511070357319,0.8158372611445347,0.0
0.5432280686036877,1.6705056622242844,3.317089714274171,4.0,0.09430014301602085,0.8202612601553567,0.0
0.494039181901069,1.6615876133255918,3.3248033848463896,4.0,0.09398587782984968,0.8246703916128838,0.0
0.44491805816755714,1.6523034856538685,3.331984395733544,4.0,0.09320952884539935,0.8290451094713617,0.0
0.39586252820204026,1.6426787154993592,3.338681978583756,4.0,0.09200594375331406,0.8333634398432843,0.0
0.34687075181093047,1.6327344684911402,3.345017851234498,4.0,0.0915359665202864,0.8376100446949154,0.0
0.29794218212295975,1.622483728691933,3.351201991149192,4.0,0.09943630887784494,0.8418731824349444,0.0
0.2490785391069208,1.6119278442908747,3.3574991813816926,4.0,0.10427194570296194,0.8468758984708277,0.0
0.2002842375502413,1.6010559768507544,3.364144469058192,4.0,0.10001777943402246,0.851586065306003,0.0
0.15156579667531617,1.5898491220379618,3.37124052002812,4.0,0.09749541725121524,0.8561530501562931,0.0
0.10293012209375513,1.5782884048008783,3.3786836904606496,4.0,0.09545713594372884,0.8606026308847001,0.0
0.054381962912585624,1.5663655191317034,3.3861469870108327,4.0,0.09359459828329086,0.8649489975247229,0.0
0.005921127472215591,1.5540924649497416,3.393122081049603,4.0,0.09139383997873907,0.8691909622574648,0.0
-0.0424598044171421,1.541507999366314,3.399009333107973,4.0,0.08824363849319816,0.8732983176946256,0.0
-0.09077650328975062,1.5286789912331828,3.4032374537170744,4.0,0.08424582184856888,0.8772177077859687,0.0
-0.13905208224907917,1.5156959993706143,3.4053856799854714,4.0,0.08789347267990522,0.8809334346318373,0.0
-0.18731439442535022,1.5026637400245815,3.4052787240873625,4.0,0.08977734335852716,0.8852196887231207,0.0
-0.23559199839853037,1.4896882837228265,3.403032236488003,4.0,0.09122586190653514,0.8891250245405957,0.0
-0.28390984141456144,1.4768635699122037,3.399036752837704,4.0,0.10146482686882408,0.8935746635387645,0.0
-0.332285861858861,1.4642601709812655,3.3938772047330295,4.0,0.10282316095556787,0.8985066804561049,0.0
-0.38072942952835986,1.4519189955963083,3.388203407446298,4.0,0.10552307582167586,0.9031053878911689,0.0
-0.4292418742024317,1.4398514062510048,3.382590203351613,4.0,0.10947267068207722,0.9083381103573376,0.0
-0.47781862139824566,1.428045278522871,3.3774313157575198,4.0,0.10562843698811442,0.9133520961486412,0.0
-0.5264520449414382,1.4164747819756482,3.3728943596183036,4.0,0.10303836796800425,0.9182326618805515,0.0
-0.5751341532041546,1.4051108194410409,3.3689419792720554,4.0,0.10136295376704751,0.92302336484358,0.0
-0.623858499771983,1.3939293166882578,3.3654015905334367,4.0,0.1004207384353748,0.9277613147397417,0.0
-0.672621092433719,1.3829157895609137,3.362049730469802,4.0,0.09999938562158306,0.9324758236139409,0.0
-0.7214204253527541,1.3720662133448618,3.3586796772345244,4.0,0.09989318227106914,0.9371864474185266,0.0
-0.7702569584812506,1.361385343412165,3.3551381070861304,4.0,0.09996542088094174,0.94190456173278,0.0
-0.8191323986511821,1.3508839676134778,3.351331833659965,4.0,0.10009679311982822,0.9466344437099005,0.0
-0.8680490540917246,1.3405763077033204,3.3472145805179445,4.0,0.10022984144707792,0.9513818890687086,0.0
-0.9170093937009937,1.330478209387822,3.342767611846871,4.0,0.10038925804747478,0.9561453257886836,0.0
-0.9660158072104098,1.3206061663578499,3.337984771939927,4.0,0.10056286690243965,0.960926955908818,0.0
-1.0150704937418462,1.3109768967832511,3.332864740977952,4.0,0.10073383952848047,0.9657266168075093,0.0
-1.0641754084878878,1.3016071737278498,3.3274083432327646,4.0,0.1009099281607444,0.9705447322930925,0.0
-1.113332225995298,1.2925137214712252,3.3216185061697225,4.0,0.10108943263519166,0.9753818410784424,0.0
-1.1625422948227695,1.2837130453697974,3.3155029610055795,4.0,0.10127230752720173,0.9802381983365445,0.0
-1.2118065493882453,1.2752209784127435,3.3090829842761673,4.0,0.10148735651949004,0.9851144572297998,0.0
-1.2611253198804648,1.2670515123222867,3.302413543980685,4.0,0.10177255321665513,0.9900140646822247,0.0
-1.3104979774337269,1.2592143172954948,3.295615989645887,4.0,0.10223662650118115,0.9949419781196701,0.0
-1.3599224232723786,1.2517106279767745,3.288910927851214,4.0,0.10309654708839133,0.9999127774090099,0.0
-1.4093945803085353,1.244528148603509,3.2826242196726776,4.0,0.10469253352200703,1.0049524021607343,0.0
-1.4589081655809184,1.237636909476203,3.277141872050303,4.0,0.1074392751138511,1.0101072446071524,0.0
-1.5084549771225186,1.2309885916502865,3.272815092327909,4.0,0.11172991979189462,1.0154412946991564,0.0
-1.5580257235813249,1.2245209935249926,3.2698486249231324,4.0,0.11367626239229267,1.0210367755227845,0.0
-1.6076111995865299,1.2181672086575726,3.2682237575471667,4.0,0.10507296646411035,1.026571964968338,0.0
-1.6572034794149508,1.2118667097230815,3.2676994917458217,4.0,0.09559173009590616,1.0313179562477937,0.0
-1.7067967908751307,1.2055743323506047,3.267896225136658,4.0,0.09403949522882549,1.0359111423422716,0.0
-1.7563878332148097,1.1992641005581377,3.268419544086959,4.0,0.09467876884249371,1.0404969671047832,0.0
-1.8059755034331242,1.1929274244963657,3.2689627553863865,4.0,0.09955873628096512,1.045147360032937,0.0
-1.8555602538496707,1.1865679387304435,3.2693395443493003,4.0,0.10776782290619735,1.0502111268397365,0.0
-1.9051435078335002,1.180196793998165,3.2694330252496293,4.0,0.09707799057627753,1.0556715899747078,0.0
-1.95472751805687,1.1738315390944514,3.269101973943635,4.0,0.08900608593206094,1.0596775913076941,0.0
-2.004315709929277,1.1674989577346948,3.2681151836173616,4.0,0.1016843703947341,1.0643365908934304,0.0
-2.0539131835673587,1.1612395353643932,3.2661516193813678,4.0,0.09867549097267414,1.0695934760727839,0.0
-2.1035269153302085,1.155110430346072,3.2628611207471865,4.0,0.08727496320848971,1.0739527012618917,0.0
-2.1531652675596487,1.1491842532033554,3.257973481281858,4.0,0.0908125992801434,1.0780836295573133,0.0
-2.2028366621839646,1.1435420744454463,3.2514224439219164,4.0,0.0974715478247159,1.0828030132566178,0.0
-2.2525477648557466,1.138261593055854,3.243415950135183,4.0,0.09824218269129936,1.087611688297016,0.0
-2.30230195154184,1.1334041681508233,3.23440946007743,4.0,0.1018186217848096,1.092433832663909,0.0
-2.352098735618998,1.129005028739757,3.225002032948723,4.0,0.11292663876143472,1.0976288125430278,0.0
-2.401934316104241,1.1250695717064798,3.215793835477691,4.0,0.11419675316624422,1.1035854686632767,0.0
-2.451802901073105,1.1215767837113584,3.2072427775123433,4.0,0.10672645883692455,1.1089340977711903,0.0
-2.5016982008491775,1.1184885192777096,3.199574607092443,4.0,0.10471300995510324,1.1141681186604249,0.0
-2.551614546004842,1.1157609832946795,3.192786411358121,4.0,0.1034835578517197,1.1193279844535853,0.0
-2.601547404957526,1.1133542207045688,3.1867242978574435,4.0,0.10283532627442726,1.1244455673450644,0.0
-2.6514934014897635,1.1112372432400648,3.1811809567909033,4.0,0.1025539964399016,1.1295440505594418,0.0
-2.7014500660455902,1.1093888451442024,3.1759706696941747,4.0,0.10241202088213841,1.134636253107395,0.0
-2.7514155288811395,1.1077957798686953,3.170959700805035,4.0,0.1022808968771125,1.139723760023766,0.0
-2.8013882840706703,1.1064506879088531,3.166045623179089,4.0,0.10209440053409136,1.1448062727860198,0.0
-2.851367061755103,1.1053519374115666,3.1611012847707123,4.0,0.10172551221280202,1.1498775138962825,0.0
-2.9013507571970276,1.1045062667334018,3.1559186556190237,4.0,0.10097900360877388,1.1549232435155816,0.0
-2.9513383098299286,1.1039332818036114,3.1501907519311834,4.0,0.09953456419808626,1.1599173904592197,0.0
-3.0013284260217405,1.1036693205841646,3.1435549934473093,4.0,0.09699343340883626,1.164814961995666,0.0
-3.0513191055375963,1.1037676320260144,3.1356971279439474,4.0,0.09298616192119935,1.1695527416467888,0.0
-3.1013070789151005,1.104292447254259,3.126491290928305,4.0,0.09123037485641339,1.1740522699539455,0.0
-3.151287479467114,1.105306239268113,3.11613199588271,4.0,0.09995173735191809,1.17862514289209,0.0
-3.2012542289338772,1.1068520770877552,3.105198380332081,4.0,0.11025752948722234,1.1840168554124402,0.0
-3.2512014556302824,1.108935755511143,3.094600078786191,4.0,0.11407221804069279,1.189650004046878,0.0
-3.301125672056071,1.1115136551293967,3.085404355171543,4.0,0.11708341123245347,1.1954541341070144,0.0
-3.351027754138152,1.114490757243085,3.078604456855696,4.0,0.12042644533952496,1.201415333865233,0.0
-3.4009135994084474,1.1177296097122,3.0749122830524245,4.0,0.12146198562972454,1.207571728267819,0.0
-3.4507929562665063,1.1210673195163445,3.0746409327855915,4.0,0.11271972107520023,1.2136434917958876,0.0
-3.500676907086271,1.124335355163273,3.077705809646324,3.986150563062006,0.10261886872298032,1.2189187285724845,0.0
-3.5505751303355098,1.1273767914644446,3.083724536374682,3.9356662806957865,0.09966153527926336,1.223968618966039,0.0
-3.6004939519800017,1.1300576506353497,3.092155101613458,3.884525947218278,0.09924490276066633,1.2289352393367174,0.0
-3.650435570509249,1.1322720124998789,3.1024102314864344,3.8327033013551044,0.10076811113097106,1.2339281935790574,0.0
-3.700398273494582,1.1339427234403534,3.1139216612614224,3.7801702815911047,0.09999663572977235,1.2390309105777706,0.0
-3.750377259853464,1.1350198778071312,3.126166027594704,3.7389509217538466,0.08986535631566861,1.2439303036946252,0.0
-3.80036573714443,1.1354782206565746,3.1386818534709167,3.7539087758987493,0.08578852281337523,1.2480049738123877,0.0
-3.8503560490616278,1.135313384931049,3.1510981367476125,3.7870550064351765,0.09065765556303962,1.2524818470623826,0.0
-3.9003406143046555,1.134536555908999,3.163167424359162,3.819913630667822,0.09197182819685823,1.257027231678262,0.0
-3.9503124999776116,1.133167935583904,3.1747798060850436,3.852492007747441,0.09290484506392493,1.2616233006044633,0.0
-4.000265579387741,1.1312302933284073,3.1859451187106065,3.884797188239561,0.09347006219691467,1.2662517597024077,0.0
-4.050194378059338,1.1287440677427314,3.196748839600615,3.916835931941762,0.09374042195494958,1.2708952015242638,0.0
-4.100093799706833,1.1257249440384984,3.207297495035406,3.948614724399708,0.09386183068067533,1.2755413630330625,0.0
-4.149958908715345,1.1221838935906876,3.2176749739259036,3.9801397922362316,0.09392987438782052,1.2801863277022016,0.0
-4.199784847707018,1.118128714070102,3.227926191878461,4.0,0.09397912244076112,1.2848269564038894,0.0
-4.2495668590407805,1.1135657654270847,3.238065487402022,4.0,0.0940281040020352,1.2894629955017176,0.0
-4.299300335409186,1.1085010886155076,3.248092840358781,4.0,0.09408461582828664,1.2940935784241427,0.0
-4.348980852782045,1.1029408461981984,3.2580047725254495,4.0,0.0941558550175774,1.298719537491041,0.0
-4.39860418121401,1.096891394668765,3.267798203664437,4.0,0.09420730600411886,1.303340865483551,0.0
-4.448166285675785,1.0903592526212516,3.2774707798550438,4.0,0.0942634162454592,1.3079550245144587,0.0
-4.497663325526224,1.0833510705232312,3.28702048639532,4.0,0.09432718764538706,1.312564472745091,0.0
-4.547091654775108,1.075873615678238,3.296445427789471,4.0,0.09438520332519573,1.3171670119825123,0.0
-4.596447822591373,1.067933763330852,3.3057438034300017,4.0,0.09444471717383607,1.3217638141929318,0.0
-4.6457285733912,1.059538487833948,3.3149139328334227,4.0,0.09451210271217647,1.3263534454515833,0.0
-4.694930846230375,1.0506948522889334,3.323954296374167,4.0,0.0945737867716403,1.3309377575640824,0.0
-4.74405177349318,1.0414099970313928,3.3328635464192686,4.0,0.09463681787271128,1.3355140119544002,0.0
-4.7930886791146365,1.031691128439464,3.341640488778689,4.0,0.09470405749461719,1.3400848011709572,0.0
-4.84203907652361,1.0215455088432626,3.350284062403353,4.0,0.09476239044529322,1.3446477188660253,0.0
-4.890900666324839,1.0109804473030308,3.3587933303057906,4.0,0.09483807177351267,1.349204081020364,0.0
-4.939671333781388,1.000003291284378,3.3671674580663913,4.0,0.09489418849941522,1.3537541451293011,0.0
-4.988349146412499,0.988621420343212,3.3754056589309642,4.0,0.0949573154421337,1.3582955857755128,0.0
-5.036932352210956,0.9768422434462076,3.383507104685236,4.0,0.09503651236021149,1.3628313376630172,0.0
-5.085419379480468,0.9646732031524543,3.391470736085201,4.0,0.09510150917090776,1.3673600068455405,0.0
-5.133808841865795,0.952121799067176,3.3992946573287615,4.0,0.09515130359214652,1.371881544228438,0.0
-5.18209956334038,0.9391956820424353,3.406973804321904,4.0,0.095201609141224,1.3763944588505777,0.0
-5.230290673280202,0.9259029880665769,3.414492289799771,4.0,0.09524996136441821,1.3809001330040913,0.0
-5.278381898820388,0.9122533193874862,3.421803994907213,4.0,0.09522646808151336,1.3853964997621797,0.0
-5.326374283900325,0.8982600583076603,3.428796011341576,4.0,0.09502432706433162,1.389877467557115,0.0
-5.374271592380799,0.8839446905425618,3.435240314143375,4.0,0.09443603950931134,1.3943300640512055,0.0
-5.422082449012262,0.869343108053099,3.4407576738032506,4.0,0.09306317322373303,1.3987284590359084,0.0
-5.469822780207099,0.8545124678675982,3.4448288398210662,4.0,0.09035868423089077,1.403023264525164,0.0
-5.517517539539252,0.8395358320076909,3.4468765079142165,4.0,0.08572635043876886,1.4071402924712315,0.0
-5.565200461773977,0.824521524024446,3.4464086491737977,4.0,0.08080354627969655,1.4109787715038786,0.0
-5.612911069977918,0.8095954981040937,3.4431749717031996,4.0,0.0848599008027584,1.4146254107336311,0.0
-5.6606893588407505,0.794887731254581,3.4372664933583668,4.0,0.09499564183206033,1.4188982131773784,0.0
-5.708569872714762,0.7805164724147703,3.4291046549355095,4.0,0.10329934798128271,1.4235762246754082,0.0
-5.756577368219383,0.7665754899409102,3.4193182104907467,4.0,0.11073307661967391,1.4286920960734242,0.0
-5.8047254744090075,0.7531283213798864,3.4085630243345775,3.953736288543677,0.10826626643700443,1.434137943377827,0.0
-5.853018229087759,0.7402103371184022,3.3973700980389463,3.9382736134129637,0.1004624086774264,1.4390466870139433,0.0
-5.901453086661064,0.7278358217169435,3.3860891065838916,3.9600942789507894,0.10441946819022618,1.443763521987443,0.0
-5.9500237285542275,0.7160054631097305,3.374932092256592,3.9915286823690574,0.10682736959092232,1.4491133324911913,0.0
-5.9987217131641835,0.7047106739073088,3.364064859460146,4.0,0.10259368152641812,1.4541015971152764,0.0
-6.047536958078853,0.6939338473950235,3.3536852282234086,4.0,0.1091905082897977,1.4590609075933136,0.0
-6.096457649749464,0.6836461292870276,3.3440472138237007,4.0,0.11288440610402262,1.4647393897317307,0.0
-6.145470317255057,0.673805729531227,3.3354147247284893,4.0,0.10850051050861964,1.470091384406055,0.0
-6.194560546340618,0.6643596496029753,3.3279691820584185,4.0,0.10735339173150571,1.475356926704087,0.0
-6.243714300418773,0.6552497148308705,3.3217283814927265,4.0,0.10786270653830599,1.480615028360921,0.0
-6.292919435650028,0.6464213755665595,3.31651727782286,4.0,0.10839836686623805,1.485941997758089,0.0
-6.3421669735638115,0.6378326440001444,3.311993362844588,4.0,0.10009285102302279,1.4912573268616698,0.0
-6.3914518299695,0.6294606858322822,3.3077171742378093,4.0,0.09408821430798042,1.49575785909371,0.0
-6.4407728003005005,0.6213041977748754,3.303252735316014,4.0,0.09712251083963075,1.5004776172582555,0.0
-6.490131769538955,0.6133809704503205,3.298262015166573,4.0,0.09870320399258325,1.5052838531802732,0.0
-6.539532398878709,0.6057218843841257,3.292554508796583,4.0,0.09996935190949685,1.510165305438944,0.0
-6.58897873329293,0.5983637695819886,3.286082888524609,4.0,0.10087324257675512,1.5151066465539202,0.0
-6.638474122076841,0.5913433483458093,3.2789024580698745,4.0,0.10146971925876613,1.5200907731647828,0.0
-6.6880206376114,0.5846934807077445,3.2711175344040875,4.0,0.10184721750282577,1.5251061792102043,0.0
-6.737618948688043,0.5784417747361035,3.2628387901042712,4.0,0.10213855752546053,1.5301431264971486,0.0
-6.787268425509147,0.5726104470601071,3.254175125954691,4.0,0.1024455566443141,1.5352027882707056,0.0
-6.836967204016005,0.5672154994529107,3.2452692307557545,4.0,0.10289968856008791,1.5402861587703496,0.0
-6.886712061699666,0.5622634117239971,3.236361740946727,4.0,0.1037546734021384,1.545408845104734,0.0
-6.936498176544332,0.5577447565966072,3.2278502821890553,4.0,0.10537399080914156,1.550598331195298,0.0
-6.986318993747734,0.5536259117041387,3.2203061964389805,4.0,0.10834556030223563,1.5559066041518763,0.0
-7.036166385253464,0.5498416130304352,3.2144237888231597,4.0,0.11338085638746875,1.5614182747193708,0.0
-7.086031072925298,0.5462918387887854,3.2108980128286944,4.0,0.11976879317970113,1.5672530838210312,0.0
-7.1359030824013665,0.5428460955576951,3.210251494107289,4.0,0.11807321966368178,1.5734199610670345,0.0
-7.1857720234147795,0.539356385615631,3.212661280035243,4.0,0.1099164445974381,1.5790909418966523,0.0
-7.235627292342095,0.5356771052133533,3.217855400684371,4.0,0.10379356933825479,1.5844344726354218,0.0
-7.2854585968680015,0.5316870394012053,3.225131908382963,4.0,0.09771567222813982,1.589471766441772,0.0
-7.335257126931398,0.5273072702530328,3.2335014903253985,4.0,0.09059793705471009,1.594176962263285,0.0
-7.385017169676341,0.5225099797920069,3.2419067161256585,4.0,0.08272821454044177,1.5984693060047712,0.0
-7.43473741076488,0.5173161039484557,3.249447581243489,4.0,0.08314709387673958,1.6023583693609706,0.0
-7.4844211354629495,0.5117834431998683,3.2555391371429816,4.0,0.08978333876294542,1.6066700738422994,0.0
-7.534075156037289,0.5059899338994375,3.2599508914769357,4.0,0.09359029627257698,1.6112084689998074,0.0
-7.58370803217401,0.5000177857305019,3.262735889664272,4.0,0.09582354772386914,1.6158955987155323,0.0
-7.6333283866480635,0.49394237710605216,3.264112325675338,4.0,0.0967046070406159,1.62065865804545,0.0
-7.682943781171415,0.4878265635304564,3.2643645158109225,4.0,0.09650799836625623,1.6254392287778054,0.0
-7.732560152279995,0.48171868234824694,3.2637925761994695,4.0,0.09552960144904077,1.6301903004879066,0.0
-7.782181574479905,0.4756519884471119,3.2627043796891866,4.0,0.09530213012109101,1.6348823157221415,0.0
-7.831810147849219,0.4696440831408755,3.26142326735642,4.0,0.10349272049331404,1.639620680879565,0.0
-7.881445978486446,0.46369642765872476,3.260276524566487,4.0,0.10821134192631199,1.6451396976094081,0.0
-7.93108736866866,0.4577953402523014,3.259546975286393,4.0,0.10377756279869921,1.6503571637102552,0.0
-7.980731310643163,0.4519157497907975,3.2594104522002763,4.0,0.1014149281306338,1.6554395207849917,0.0
-8.030374208443146,0.44602735354059014,3.259901739051858,4.0,0.09980304955527686,1.6604230310256727,0.0
-8.080012619612587,0.44010126887281487,3.2609289098609606,4.0,0.09883665703629774,1.6653423371453748,0.0
-8.12964381487047,0.43411506686204887,3.262324134347606,4.0,0.09833983506332089,1.670224577605881,0.0
-8.179266042927503,0.4280549906163019,3.2639061113884478,4.0,0.09815110292028173,1.675088605357314,0.0
-8.228878495338773,0.42191539944869016,3.2655292613460323,4.0,0.09812033424381994,1.6799469021939664,0.0
-8.278481071381389,0.4156965171617046,3.2671028473238986,4.0,0.09814725414568848,1.6848040125746695,0.0
-8.328074101588882,0.40940195899193216,3.268580839734152,4.0,0.09818946034842213,1.6896622943653303,0.0
-8.377658164419014,0.40303714217139797,3.2699365076153453,4.0,0.09822997311088066,1.6945215066740902,0.0
-8.427234068453627,0.3966090783819959,3.271132145607898,4.0,0.09821962734884337,1.699381612459732,0.0
-8.476803040713392,0.39012776965589907,3.272084668694738,4.0,0.09807045679207249,1.7042366819289796,0.0
-8.52636714625011,0.383609338628959,3.272630016339092,4.0,0.09763996041520961,1.7090771620797722,0.0
-8.575929887812633,0.37708054026387977,3.2725030119367413,4.0,0.09665895096280508,1.7138826707786512,0.0
-8.62549677325681,0.370583298052578,3.271356701732893,4.0,0.09477481731781978,1.7186176772346844,0.0
-8.675075487081429,0.36417702208294295,3.2688330615614425,4.0,0.09160558560391863,1.723228850665905,0.0
-8.724675312168571,0.35793648454490545,3.2646723768357138,4.0,0.0880439159634534,1.7276456614343914,0.0
-8.774305706412935,0.35194420523971626,3.258825891680843,4.0,0.09261975804042066,1.731906554102188,0.0
-8.823974383384588,0.3462783437921955,3.2515237328793116,3.996137206974541,0.1019747080860487,1.7367932494530613,0.0
-8.873685624569179,0.3409992495112089,3.243258891742277,3.9457807007704497,0.10687050164068923,1.7420078355176891,0.0
-8.923439536898082,0.3361388519914229,3.2346859489013906,3.894773176987178,0.10925406072433264,1.7473866222263776,0.0
-8.973232492636562,0.3316960951906696,3.2264772707132843,3.8430887137542182,0.10990480080849441,1.7528720231259973,0.0
-9.023058397536449,0.3276391609107424,3.219193977670748,3.790699621889251,0.1092928718728805,1.7583433377695346,0.0
-9.072910150928294,0.3239127963430299,3.213211658140194,3.7375762714622383,0.10821369884134668,1.763777414785569,0.0
-9.122780780124156,0.32044772907346686,3.2087129192192534,3.683686895842781,0.10700257447113115,1.769156263710643,0.0
-9.17266404276045,0.3171691896348821,3.205732081937674,3.628997369551276,0.10591609813253378,1.7744774564744914,0.0
-9.222554559066579,0.3140027296433632,3.2042195428197475,3.5734709555019943,0.10480095254647814,1.7797530143455855,0.0
-9.272447654053213,0.3108770885717419,3.204095772527554,3.5170680163202124,0.10375525728540413,1.7849626792108,0.0
-9.322339076857606,0.30772491478803815,3.205283150459163,3.459745683287841,0.10295274434528068,1.7901304847579667,0.0
-9.372224696886324,0.304482347807033,3.2077196031418946,3.4014574750590523,0.1022247552630624,1.7952585401464742,0.0
-9.422100215239075,0.3010881663039931,3.2113622879519697,3.3421528565045255,0.10159298739956313,1.8003519507159274,0.0
-9.471960895397475,0.29748285244303385,3.2161872810965835,3.281776725776392,0.1010129794930461,1.8054152822867229,0.0
-9.521801303416797,0.2936077019977671,3.2221881641439025,3.2202688147814422,0.10048373836160707,1.810449306573929,0.0
-9.571615044350759,0.28940401071296357,3.229374580723653,3.157562984496134,0.10001875409398986,1.8154585052022054,0.0
-9.621394481031185,0.2848123267453483,3.237771326961052,3.093586391660396,0.09958338888080842,1.8204450037894373,0.0
-9.671130417405939,0.2797717109234978,3.247419364181687,3.028258496937249,0.09919101288514831,1.8254098251006348,0.0
-9.720811714088361,0.2742188473316168,3.2583814042004184,2.961489876038563,0.09886115552626684,1.8303562838673884,0.0
-9.77042477196049,0.2680867057362678,3.2707552105419007,2.8931807837543024,0.09861512052069443,1.8352874224756595,0.0
-9.819952777603529,0.2613024038384244,3.2846938907312895,2.8232194050571797,0.09852968105423443,1.8402088169532929,0.0
-9.86937459337726,0.2537842151798456,3.300422333252893,2.7514797056670566,0.09873438289965364,1.8451308271337759,0.0
-9.918663259046637,0.24543844095766346,3.318229912550898,2.6778187639016813,0.09938749324299856,1.8500706564408234,0.0
-9.96778426112456,0.2361576678521333,3.3384268957608634,2.6020734220828943,0.10067570433884931,1.8550519670091623,0.0
-10.01669392071463,0.22582195232944482,3.361275560523156,2.524056032562756,0.10272465210539039,1.8601064975373343,0.0
-10.06533830734975,0.21430339570363377,3.3869269866029126,2.443548979890253,0.10381076851547988,1.8652661342310803,0.0
-10.113652916544009,0.20147295307844948,3.415396720044894,2.3602975191125704,0.09475886338127637,1.8703914988814923,0.0
-10.161562940501724,0.18720700265367568,3.4465995813798824,2.2740002507333217,0.08780909971007489,1.874606197763372,0.0
-10.208983457234755,0.17139097733939335,3.480435504157457,2.1910427629148335,0.09069626585187152,1.8789911695622437,0.0
-10.255818657914268,0.1539187758131898,3.51688213046496,2.113906371509909,0.09469982301406965,1.883429388142009,0.0
-10.301959700908782,0.13468923213405914,3.556037159114089,2.0399236424215657,0.09722527424371918,1.8879661569734187,0.0
-10.347281754519292,0.1136028917825534,3.5980837915906805,1.9692707757226997,0.09620553237957097,1.8925313515846973,0.0
-10.391641578619817,0.09056222012557727,3.6432016180746984,1.9038077431808171,0.09542671637659694,1.8971485893617557,0.0
-10.434877003366559,0.06547630333697095,3.6914755711434903,1.8454609789050918,0.09448244089076674,1.9014705075179248,0.0
-10.47680886241012,0.03826858294765979,3.7428502722366943,1.7951795193212365,0.09274488398782665,1.905608780061143,0.0
-10.517244872117832,0.008884815591627872,3.79714320126322,1.7528086571910588,0.09046852018673768,1.9095194700252434,0.0
-10.555984353769224,-0.02270106282249591,3.854092715297655,1.7176265488309308,0.08759382679728844,1.913164695528478,0.0
-10.592822997009046,-0.0564837875416488,3.9133991140276074,1.6891563390260076,0.09179422793353709,1.9166095283714097,0.0
-10.627557952400078,-0.09242527314962373,3.97472154272377,1.6678472250803966,0.09581446743903221,1.9199384897520302,0.0
-10.659994741666459,-0.13045317674774598,4.037620943511549,1.6552000776286806,0.0917773834488198,1.9231194669051597,0.0
-10.689957581729828,-0.1704590452304212,4.101485227216484,1.653227257994731,0.08830342339076758,1.925932630963713,0.0
-10.71730291660199,-0.21229766244036333,4.165502022182821,1.6636218023096057,0.08573371631386806,1.9283488051607665,0.0
-10.741933141050904,-0.25579030968914274,4.228721344339883,1.6870815613969434,0.08424597638015818,1.930425866700058,0.0
-10.763805858920131,-0.3007334717155866,4.290194694770104,1.722942208478707,0.08258291064599632,1.9321899648516172,0.0
-10.782934921752853,-0.34691188658885785,4.349135711171133,1.7691277059714827,0.08164725815723628,1.9334682340552065,0.0
-10.79938247796716,-0.3941127080447104,4.405039426741312,1.8225708313581386,0.08342106847807784,1.9346355025312334,0.0
-10.813244802439044,-0.4421371668593062,4.4577126882576845,1.8802958029904646,0.09513312830180531,1.9356323535035298,0.0
-10.824637128365449,-0.4908074385330491,4.507201461486824,1.9408960584008799,0.10166497226976112,1.9365665975578519,0.0
-10.833682753794116,-0.539968580458251,4.553648121093714,2.0042534853436482,0.09749167698922889,1.9373184499662006,0.0
-10.840509047047615,-0.5894872446233363,4.597150790272214,2.0656685497698444,0.09725117703246333,1.9374874413524257,0.0
-10.845249090045952,-0.6392494813986875,4.637692610020529,2.1253096436765024,0.09800204296111303,1.937775423365916,0.0
-10.848045001981527,-0.6891592098513026,4.675163583658769,2.1833221488136907,0.09885979748880303,1.9378809860100084,0.0
-10.849048822165233,-0.7391375858399893,4.7094496044929475,2.2398326119369996,0.09975426670737342,1.9378236577260533,0.0
-10.848418749154696,-0.7891225063296199,4.740537549888366,2.294951993722878,0.10043679234806646,1.9376199449036315,0.0
-10.846311298155243,-0.8390673299734897,4.768581550550829,2.348778230801857,0.10318263796974314,1.9372886867794428,0.0
-10.842872314704586,-0.8889384690843196,4.793893208229809,2.4013982804784364,0.11424861665309649,1.9368542157716215,0.0
-10.838230683744424,-0.9387123176921122,4.816855730088419,2.452889770348615,0.11895250481048691,1.9363375770962556,0.0
-10.832497374279887,-0.9883724456312544,4.837806388497894,2.5033223423037176,0.11441261116656776,1.9357340520538766,0.0
-10.825769569583372,-1.0379077949311941,4.8569560726375824,2.5527587573981725,0.11342542471620476,1.9345593061523247,0.0
-10.818136838720179,-1.0873119312136132,4.874389644918544,2.601255811616603,0.1125702422738879,1.9337550882860457,0.0
-10.809685620036813,-1.13658277289349,4.890133693804742,2.648865100654475,0.11192303552353522,1.9329002860127829,0.0
-10.800499921030356,-1.1857220854639616,4.904242204173486,2.6956336630672446,0.11295189891657742,1.9320085980903885,0.0
-10.790658618306871,-1.2347343922236473,4.916850647884915,2.741604524627398,0.12191126055431312,1.931082654637058,0.0
-10.7802317923962,-1.2836255489682826,4.928163855128147,2.786817161827003,0.12649903102847126,1.9301325223845194,0.0
-10.769279318841644,-1.3324016922838144,4.9383780999187055,2.8313078987368367,0.12253602128732055,1.9291534628277052,0.0
-10.757853607570228,-1.381069196978591,4.947589437880421,2.875110248572338,0.12087765027286324,1.9281800108691587,0.0
-10.746005459753007,-1.4296356263994594,4.955755781300578,2.918255209100428,0.11954294086510586,1.927221992827014,0.0
-10.733789899617841,-1.4781109862535258,4.962733492405997,2.9607715192898407,0.11887829382670745,1.9262876121545989,0.0
-10.721269189521319,-1.526508463448689,4.96835539775076,3.0026858832441934,0.11753477677378577,1.9253848885569402,0.0
-10.708512129874107,-1.574844210087874,4.972506412204977,3.044023166375389,0.11878195717046935,1.924482163944234,0.0
-10.695590499238032,-1.6231362441024486,4.975167740917695,3.084806567910886,0.12803814661343793,1.923602784655005,0.0
-10.682574537443998,-1.67140295082401,4.976414008310983,3.125057773133519,0.12925658823313668,1.9227866758996581,0.0
-10.669529512993075,-1.7196618142519104,4.976372056565978,3.1647970881903817,0.12212319547918149,1.9220228485688224,0.0
-10.656514282305137,-1.7679287184051602,4.975179395359765,3.204043559849711,0.12134319042175612,1.9213514605436728,0.0
-10.64358108359974,-1.8162176604184745,4.97297381170736,3.242815082210285,0.12925350763096333,1.9207621823582204,0.0
-10.630775219521881,-1.864540516808471,4.969907487680158,3.2811284920597954,0.13246541532839196,1.920276422800774,0.0
-10.618133896012614,-1.9129066680774292,4.96616691687721,3.3189996543239766,0.1282665755616339,1.9198577528361702,0.0
-10.605684056546641,-1.9613224550952257,4.961993531571438,3.35644353883672,0.1298177895671575,1.9195499886609204,0.0
-10.593439424056683,-2.0097905444847126,4.9576946661856995,3.393474289484872,0.13251678283447177,1.9188579412645255,0.0
-10.581397682923567,-2.0583094437412255,4.953625727304431,3.43010528663348,0.12961292423126558,1.91821844602046,0.0
-10.569539145732465,-2.1068734544581704,4.950146234023131,3.4663492036127916,0.13902414290599197,1.9175906275454309,0.0
-10.557827778813197,-2.155473177317844,4.947566971339792,3.502218057943155,0.14397762147770798,1.917075776365291,0.0
-10.546214907040888,-2.204096539191243,4.94609380998584,3.5377232578848243,0.13214257688863285,1.9165220155888605,0.0
-10.53464552100141,-2.2527302707836387,4.94577844451873,3.572875644823831,0.12743992488867484,1.9160014129571568,0.0
-10.523066215086079,-2.3013616405792825,4.946501770499571,3.6076855319403043,0.13262140860016203,1.9155026912440105,0.0
-10.511432946253557,-2.349980126288475,4.947998036149241,3.6421627395501543,0.13430954031413123,1.915060977793962,0.0
-10.499716983190089,-2.3985787478263902,4.949904253534795,3.6763166274633603,0.12741016859811793,1.9145841038741245,0.0
-10.487907990593426,-2.4471548477751823,4.951827408032713,3.7101561246610184,0.12295294566201775,1.9141180661299286,0.0
-10.476013462049538,-2.495710076336834,4.95342671587872,3.7436897565577945,0.12022996977419709,1.9136634168693007,0.0
-10.464054350691683,-2.5442494416356114,4.954487992540361,3.7769256700856384,0.12583627937531716,1.9132212007081948,0.0
-10.452058040082006,-2.5927796286132323,4.954959587845453,3.809871656807869,0.12841818354360868,1.9128438980787719,0.0
-10.440050770481673,-2.641307105771091,4.954939636609325,3.842535174249421,0.12996378090673844,1.9124314343570012,0.0
-10.428051657872908,-2.689836600291656,4.9546234165598415,3.8749233656086823,0.1306877396418713,1.9120957288456855,0.0
-10.416069867014095,-2.7383703742798287,4.9542258044457945,3.9070430779985275,0.13083900449316133,1.911726672278283,0.0
-10.404105606141627,-2.7869084727433826,4.953901064678774,3.9389008793484885,0.13059878216051324,1.9114389893325796,0.0
-10.392154325149916,-2.8354497689365274,4.953690988122353,3.970503074086253,0.1300197081953396,1.911113849908586,0.0
-10.380212124599224,-2.8839932999478464,4.953526940324768,4.0,0.12908017239010583,1.9108710827016044,0.0
-10.368279746378807,-2.932539246231665,4.953286317498809,4.0,0.1276682477331974,1.9105860375879458,0.0
-10.356363156212707,-2.9810890701910373,4.952876530962085,4.0,0.1257129869511946,1.9103851884771477,0.0
-10.344470267243402,-3.029644705165462,4.952310013151647,4.0,0.12452517956471887,1.9101380305514388,0.0
-10.332604918125888,-3.0782070772845254,4.9517422469636285,4.0,0.13146229573310286,1.9099811402497138,0.0
-10.320760268589996,-3.1267745028199347,4.951457557941971,4.0,0.13583945021472665,1.909854826535667,0.0
-10.308914170625304,-3.1753415750084333,4.951801894044857,4.0,0.13836375233912257,1.9097581450846897,0.0
-10.297028481709242,-3.223898970089946,4.953088113438544,4.0,0.1321260233974293,1.909680898861503,0.0
-10.285052519854002,-3.2724341703841384,4.955521025576027,4.0,0.12944855460306215,1.9095280257229528,0.0
-10.272928933634129,-3.3209326903735303,4.959173749539701,4.0,0.135118966718224,1.909449223280408,0.0
-10.260599753559507,-3.3693793313528646,4.964004115757445,4.0,0.12963952564516035,1.909371189816827,0.0
-10.248011290291316,-3.417759223375669,4.969885210887061,4.0,0.12533363518529583,1.9091813064851644,0.0
-10.235117409685879,-3.466058590883139,4.976640629033788,4.0,0.12953545593306615,1.909034040945792,0.0
-10.221881029007701,-3.5142652010010855,4.984081385655824,4.0,0.13137479834466959,1.9088649009279628,0.0
-10.20827391260386,-3.562368462432659,4.992038358620014,4.0,0.12440521505740065,1.908665598827225,0.0
-10.194274874411663,-3.610359117221544,5.000395566031172,4.0,0.120039276140389,1.908339003387543,0.0
-10.179866325176901,-3.6582284017059883,5.009126303055144,4.0,0.12462077867651189,1.908058833831893,0.0
-10.165029687249174,-3.705966721627385,5.018305887394051,3.992375190846393,0.12778037321713853,1.9077414488863125,0.0
-10.149741500320616,-3.753562331063206,5.02807244772075,3.941970627248766,0.13077054117153075,1.9073826809689316,0.0
-10.1339724370519,-3.801000758095732,5.038546277739133,3.8909131560211265,0.1331605981256967,1.906976912577958,0.0
-10.117690170904961,-3.848265461991853,5.049748960385779,3.8391767280635234,0.12617851229967236,1.9065183232057143,0.0
-10.100865032161622,-3.8953396183187787,5.061564420284206,3.7867335146417154,0.1193669767604888,1.9058992683788638,0.0
-10.083475827021925,-3.942208318964426,5.073766379098432,3.7662815482931173,0.1208244846231139,1.9053106051999877,0.0
-10.065512943478003,-3.988860153779067,5.0861012178485465,3.774711265550645,0.12142633507315637,1.9046586724836743,0.0
-10.046977274576523,-4.035287388643052,5.098381025581901,3.7927962764170444,0.12159196969206931,1.9039433175185063,0.0
-10.027875596239433,-4.081484635723507,5.110544006060487,3.7622550767826377,0.1225063446478476,1.9032564147450894,0.0
-10.008214370918843,-4.127446534880554,5.122666811435602,3.7087243122646614,0.12540442726418277,1.9024194852443232,0.0
-9.987994186239877,-4.173165276860932,5.13493106497349,3.65440949894634,0.12570147208833937,1.9010918079362857,0.0
-9.967206636756263,-4.218628835378085,5.147556078359516,3.599275141968935,0.12368167307343114,1.9001810457001012,0.0
-9.945834528323628,-4.263820509743069,5.1607238681325525,3.5432829846346947,0.12439414668066817,1.8992045229854513,0.0
-9.923855063204988,-4.308719886348971,5.174522701489595,3.4863916978457836,0.12840373640590208,1.8981466059518168,0.0
-9.90124487966839,-4.353304939985131,5.188917536257257,3.434682013162266,0.12839747899408493,1.8965753135707117,0.0
-9.877985616255657,-4.397554814750913,5.203749066786416,3.4128315030563194,0.11800579162503588,1.895420799849374,0.0
-9.85406846547097,-4.441452576260149,5.21877112178215,3.420825996514179,0.11591574017798933,1.89409601244695,0.0
-9.829496127848163,-4.484986979067605,5.233723045534383,3.4521161483602305,0.11989234884972966,1.8923803286579792,0.0
-9.8042814529213,-4.528152542162687,5.248405147735999,3.4881313658985897,0.11850510340503817,1.8910514100674618,0.0
-9.77844347265004,-4.570947946422508,5.262726129110866,3.5237785046398207,0.1210548853274247,1.8896483730774372,0.0
-9.752002319949733,-4.613373354503936,5.276715233356623,3.5590686244799694,0.123171941775432,1.8877335089416378,0.0
-9.724974559552026,-4.655427500016375,5.290500516181908,3.5663338080598774,0.12119295748022552,1.8862150490257599,0.0
-9.69737025148597,-4.697105471736586,5.304257241329136,3.5494663008382235,0.12068375177737423,1.8846379566081701,0.0
-9.66919251942518,-4.738397914283536,5.318145024492714,3.5211780958472882,0.12461523997518142,1.882970845099831,0.0
-9.640439489034826,-4.7792918298773275,5.3322568454722115,3.4937756120260697,0.12611162698140532,1.8807857572699835,0.0
-9.61110776258637,-4.819772659867625,5.346590899058191,3.4785387201634297,0.12372822807466832,1.8789893053259905,0.0
-9.581196298956852,-4.859827014964631,5.361050801329571,3.4821488177862014,0.11979122245329599,1.8771302204666676,0.0
-9.550709392989043,-4.899445139138922,5.375480736703118,3.5039608394785824,0.11677975107235383,1.8746719949488673,0.0
-9.519657495245852,-4.938622018984402,5.389731579651445,3.5349556384070033,0.11758968628567956,1.8727741637626945,0.0
-9.488055275130236,-4.977356363123556,5.403733612930927,3.5601603962059896,0.12176731757715586,1.8707793165991033,0.0
-9.455917585874715,-5.015647612854445,5.417538088489673,3.5658466474901624,0.12267073283695851,1.8682638630544948,0.0
-9.423255215633423,-5.053492304677446,5.431298572739585,3.548334361414136,0.12043231937492394,1.866150026147578,0.0
-9.39007265246073,-5.090881712876414,5.445195217884635,3.517427821803092,0.1250214216120593,1.8639521351596842,0.0
-9.356369204071761,-5.12780225565173,5.45933714689302,3.4915596082460056,0.12847690849875626,1.8612178231982146,0.0
-9.322143192164932,-5.164238882465562,5.473689401168947,3.48890423795452,0.12466081141253582,1.8587838924884554,0.0
-9.287397383645322,-5.200180172416698,5.488063510474304,3.519963736822388,0.11558269902375606,1.8564203544863214,0.0
-9.252143022986012,-5.2356227892227585,5.502185070061627,3.555291722565213,0.11247792485023211,1.8539119774350092,0.0
-9.21640039197881,-5.27057298585994,5.515807366958091,3.5902721006264704,0.11600302996798106,1.8514868614489286,0.0
-9.180195681326897,-5.305044340500553,5.528807811624924,3.624914934247823,0.12126379999138592,1.8489763449266796,0.0
-9.143555932661487,-5.339052976341735,5.541216795298806,3.659229810291913,0.12491712558439971,1.8459315180930211,0.0
-9.10650458499954,-5.372612750308587,5.553172864119036,3.6932258702285026,0.12328617735783354,1.8432035249771206,0.0
-9.069059473108254,-5.405732620826864,5.564837134469678,3.726911838576433,0.12250693641527732,1.84046616992758,0.0
-9.031233641521196,-5.438417014534836,5.576314748810199,3.7602960490521564,0.1223244875504097,1.8376844225457734,0.0
-8.993037948356637,-5.470668417142185,5.5876197209080924,3.793386468646893,0.12153734810883421,1.8348608400027329,0.0
-8.954483847103381,-5.502490521444404,5.598688795636908,3.8261907198295066,0.12091420144186849,1.8314281019681011,0.0
-8.915585131427445,-5.533890465530687,5.6094221906883215,3.8587161010503905,0.11994873589744515,1.8285340334876026,0.0
-8.8763583092417,-5.564879574626698,5.61972381285021,3.890969605702622,0.12039624915737335,1.8256559289983234,0.0
-8.836821964771234,-5.595472842189164,5.629525551726588,3.922957939679918,0.12547640393981396,1.8226841233115967,0.0
-8.796995673310688,-5.625687725526119,5.638795468083164,3.9546875376562682,0.12186616708740772,1.8192462504301958,0.0
-8.756898810873928,-5.655542645639193,5.647541487502769,3.9861645781991855,0.11732838311465343,1.8160991524446732,0.0
-8.716549251368152,-5.685055174100123,5.655820435124695,4.0,0.12341078899336999,1.8130467009460607,0.0
-8.67596193212761,-5.714239879122215,5.663743184842635,4.0,0.12404035455815432,1.8095871012197278,0.0
-8.635147667998844,-5.743106365098444,5.671457544509865,4.0,0.12560249334664775,1.806527915675596,0.0
-8.594112852522612,-5.77165846299085,5.67910744911221,4.0,0.12836502127080252,1.8029961043032627,0.0
-8.552860399957638,-5.799895202137908,5.686787092789955,4.0,0.12505777507785254,1.7996827163215636,0.0
-8.511391678366559,-5.827813355060772,5.694512637689028,4.0,0.1231953007886144,1.7965554724810282,0.0
-8.469708672644575,-5.855410550645918,5.702226625341649,4.0,0.12334461102368977,1.793414942592252,0.0
-8.427815518585321,-5.882687686918964,5.709830865769436,4.0,0.12268912839093105,1.789675469641709,0.0
-8.385718993021294,-5.909649914467788,5.717224221421949,4.0,0.12176246239951993,1.7865370696463372,0.0
-8.343428168124957,-5.936306361929058,5.724325146361155,4.0,0.12300819755831682,1.7832241905246569,0.0
-8.300953724992487,-5.962669266755154,5.731076442651745,4.0,0.12825108955167863,1.7799938298945048,0.0
-8.258307344288157,-5.988753138174009,5.737437707226806,4.0,0.12499978279267054,1.776322537372749,0.0
-8.215501349406308,-6.014574253961953,5.743376179168323,4.0,0.11868530899588414,1.772945111551878,0.0
-8.172548426882226,-6.040150233313956,5.748871675805008,4.0,0.12069222932087698,1.7696176861200004,0.0
-8.12946105950979,-6.065499079338598,5.753935773191067,4.0,0.1267074592285624,1.766420433353837,0.0
-8.08625062160081,-6.090637576616503,5.758621736416751,4.0,0.12851018832423122,1.7627513929547467,0.0
-8.042926573018832,-6.115579777150983,5.76300957657561,4.0,0.12500817825120158,1.7595109243096023,0.0
-7.9994962001408965,-6.140336385441694,5.767178943909188,4.0,0.12518564756031303,1.756296392141961,0.0
-7.9559649474586704,-6.164915182290742,5.77118847325036,4.0,0.12621810462341898,1.7527735872966057,0.0
-7.912337092112009,-6.189322100729292,5.7750670118836185,4.0,0.1258236625796023,1.748952291240849,0.0
-7.868616441649091,-6.2135624050799585,5.7788183630935706,4.0,0.12587766407475698,1.745748079980578,0.0
-7.824806725783387,-6.237641371564272,5.782439934156453,4.0,0.12645797393408742,1.7419452193338367,0.0
-7.780911505012193,-6.261564113880098,5.785943382546727,4.0,0.12559698879107195,1.7383981284858703,0.0
-7.736933776623698,-6.285334842473692,5.789359659573454,4.0,0.12647573646325228,1.7352057459049675,0.0
-7.692875687673281,-6.308956294604383,5.792725924437736,4.0,0.12693302787850058,1.7314055787110298,0.0
-7.648738607417655,-6.332429819733859,5.796068735284379,4.0,0.12758545625694495,1.728218090412802,0.0
-7.604523479741219,-6.355756001177176,5.7993966641873,4.0,0.12866693240296811,1.7244134410128615,0.0
-7.560231209569282,-6.378935368896725,5.8027038291257975,4.0,0.1258068446672329,1.7207993916258866,0.0
-7.5158628725464585,-6.401968801039185,5.805980676730799,4.0,0.12186980210865883,1.7177102569209184,0.0
-7.471419642449912,-6.4248573935274,5.809227290842388,4.0,0.1280127423582691,1.7143687935051732,0.0
-7.426902496941396,-6.447601890496164,5.812459762708704,4.0,0.1297558012628386,1.7107599609861543,0.0
-7.382311959460054,-6.470202163532649,5.81570142394955,4.0,0.1272395246542679,1.7073610843110476,0.0
-7.337648151529759,-6.492657287804878,5.818964701091131,4.0,0.12846658795467825,1.7035656237747379,0.0
-7.292911183480806,-6.514966299883995,5.822238816733416,4.0,0.12351700090492912,1.699994081608229,0.0
-7.248101649177456,-6.537129196686325,5.82549160151767,4.0,0.12545139914664283,1.6966674868239986,0.0
-7.203220967834954,-6.559147663654282,5.828680103093008,4.0,0.12913430006716986,1.692870965671031,0.0
-7.158271512663426,-6.581025393631588,5.831758429661621,4.0,0.1251095591616398,1.689701841974917,0.0
-7.113256671662686,-6.602768274761627,5.834675798230756,4.0,0.1262037184828344,1.6863498993685113,0.0
-7.068181041195587,-6.624384856204152,5.837366159430995,4.0,0.12829641395718028,1.6825788488814566,0.0
-7.023050848616453,-6.645887300478593,5.839737048417373,4.0,0.1242254873938613,1.6790111833717591,0.0
-6.977874469008681,-6.667292545369183,5.841671539360472,4.0,0.12550342513702617,1.6756683637685628,0.0
-6.93266262513802,-6.6886227900279165,5.843056146268964,4.0,0.12445020154234321,1.6719377466818082,0.0
-6.887427799496634,-6.709904260549611,5.843828625066915,4.0,0.12340668779002328,1.6686586553134306,0.0
-6.842182736850176,-6.731163960953113,5.844018597264843,4.0,0.1263691570656036,1.6649964570259765,0.0
-6.79693846265874,-6.752425339107053,5.843754460294316,4.0,0.12699382510546897,1.6619456905562011,0.0
-6.751702594794665,-6.773704595756496,5.8432282059822604,4.0,0.13147620152621542,1.6584059774394393,0.0
-6.706478697952548,-6.7950092816855525,5.842630011174107,4.0,0.1342278341751868,1.6546334820018969,0.0
-6.661267020740663,-6.816339887484158,5.842081762527921,4.0,0.1290039628228783,1.6509190945151666,0.0
-6.616066285179924,-6.837693669819017,5.8416046444052325,4.0,0.12763473348388388,1.6476671961203364,0.0
-6.5708756204590655,-6.85906875670948,5.841138993834467,4.0,0.12650166269369123,1.6440510265783626,0.0
-6.525695629497683,-6.8804663949043,5.840606472456672,4.0,0.12381601054824642,1.6408832872951353,0.0
-6.480528010316684,-6.901890135457754,5.839983348376895,4.0,0.12946215791729188,1.6375277206035717,0.0
-6.4353739375062835,-6.9233424123952645,5.839342705038046,4.0,0.13303191622192756,1.6339049560308891,0.0
-6.390232191428017,-6.944820616927403,5.8388347920921255,4.0,0.12861514106541883,1.6303250048352915,0.0
-6.345098179625528,-6.966315070442042,5.838622742469754,4.0,0.1294697204977293,1.627172550378459,0.0
-6.299964219233971,-6.98780963191864,5.8388300081068785,4.0,0.13631562022496624,1.623577164121811,0.0
-6.25482043797037,-7.0092835573109715,5.83953706196699,4.0,0.13332995362824995,1.6199178996924832,0.0
-6.209655297856885,-7.0307125175646386,5.840821576883685,4.0,0.1200631584509928,1.616602532709422,0.0
-6.164455068813012,-7.052067353713115,5.8428180536639,4.0,0.1224760224936432,1.6140231502031186,0.0
-6.119202282069258,-7.073310565687909,5.845757619526797,4.0,0.1371061820110171,1.6105143169984115,0.0
-6.073874199649817,-7.094392592907799,5.849935530649319,4.0,0.14303769049535475,1.6068344267522001,0.0
-6.028443007572987,-7.115251420319378,5.855594041609438,4.0,0.13614377781073372,1.603059983670759,0.0
-5.982878779141853,-7.135817919321643,5.862784986509724,4.0,0.12704376891827707,1.6001212281904158,0.0
-5.9371545473565694,-7.156026088738813,5.871294171190034,4.0,0.12490055788853383,1.5968034642456517,0.0
-5.891251622260196,-7.1758249216772345,5.880653972123586,4.0,0.12410819645612392,1.5933559721373616,0.0
-5.845163378226968,-7.195188424845044,5.890223087627637,4.0,0.11782443926122,1.5901668762873973,0.0
-5.798896525984115,-7.214121247133659,5.89930740824603,4.0,0.11670487455323908,1.587170585009052,0.0
-5.752469775206728,-7.2326586177490855,5.907288514277798,4.0,0.12133257902300265,1.5840011574568733,0.0
-5.705910647257434,-7.250861078194227,5.913715009510451,4.0,0.11567137898014934,1.5805466145429115,0.0
-5.659251599674165,-7.268805976754793,5.918341131984388,4.0,0.11331460429973816,1.5778279797570318,0.0
-5.612526255932612,-7.286577616725684,5.921136742301949,4.0,0.1203368420471449,1.5746661641451234,0.0
-5.565766022072021,-7.3042572892754905,5.922276378758591,4.0,0.12982050476566087,1.5714018588517236,0.0
-5.518997403223468,-7.321914776244586,5.922085604989856,4.0,0.12458523649728548,1.567753246014903,0.0
-5.4722405215973735,-7.339603312473388,5.920948390822511,4.0,0.125469853360741,1.5649576703520682,0.0
-5.4255090840736715,-7.357358950550642,5.9192145253735475,4.0,0.13749466429159796,1.5613159390612645,0.0
-5.378811576811715,-7.375203627031768,5.9171363237735175,4.0,0.12921119579798024,1.5576154784540934,0.0
-5.3321531288228625,-7.39315017836654,5.914849490835141,4.0,0.1252254846398113,1.554816099546154,0.0
-5.285537254877249,-7.411207022387296,5.912406482318348,4.0,0.12945053199348955,1.5513691787329091,0.0
-5.238966758842966,-7.429380577066752,5.909839699564616,4.0,0.12574019546621074,1.5480804657745013,0.0
-5.192443671424128,-7.447675151555354,5.907206553444005,4.0,0.13038627386408663,1.5450808891925607,0.0
-5.145968747457562,-7.466091735960817,5.90459185518616,4.0,0.13677253806146972,1.5416408367148136,0.0
-5.0995411998252305,-7.484627433074404,5.902078067951711,4.0,0.13158297629912497,1.5382368230647758,0.0
-5.053159067565245,-7.503276486621193,5.899706337239229,4.0,0.12909313303328673,1.5353127061526595,0.0
-5.0068201747001755,-7.522032725963352,5.8974540760583265,4.0,0.1270591441772524,1.5321117537783322,0.0
-4.96052319644722,-7.540892189232754,5.895249155893981,4.0,0.12674054505914256,1.5293400189733144,0.0
-4.914268179767448,-7.559854334582505,5.893016262001001,4.0,0.13318578410618365,1.526193186047335,0.0
-4.868056157754726,-7.578921019994824,5.890726886256235,4.0,0.12996835119132477,1.5229948588065259,0.0
-4.821888009854595,-7.598093697961246,5.888426855133649,4.0,0.12587706266850773,1.520268437400028,0.0
-4.775763024739905,-7.617369986804486,5.886236392292349,4.0,0.12987338886563649,1.5173252771955938,0.0
-4.729677638130664,-7.636740762353651,5.884328151712865,4.0,0.13460343510137918,1.5143012198385262,0.0
-4.683624778544898,-7.656188750746412,5.882884404619678,4.0,0.1358188454420315,1.5112334583373241,0.0
-4.637594186750386,-7.6756893926217185,5.882040993189871,4.0,0.1296400241868021,1.5082171080822113,0.0
-4.591573759462116,-7.6952140136587275,5.881842433977172,4.0,0.12870552297822968,1.5056661824074573,0.0
-4.545551468930571,-7.7147342417640985,5.8822318976058074,4.0,0.13383030722724243,1.5027536865297655,0.0
-4.499517089558788,-7.734225940714673,5.8830820482179975,4.0,0.12894168971497066,1.4998376408165788,0.0
-4.453462943286994,-7.7536708856495675,5.884262702937115,4.0,0.12583482547510982,1.497367658558297,0.0
-4.4073830623886705,-7.77305476267819,5.885733284787366,4.0,0.1230808681825124,1.4946147498089886,0.0
-4.3612706806755925,-7.792361188334832,5.88762308117583,4.0,0.12754378886400808,1.492286025857301,0.0
-4.315114883368043,-7.811563571192118,5.890243620297441,4.0,0.13650641748213488,1.489198467962841,0.0
-4.268898058445818,-7.830618562923606,5.894005283715361,4.0,0.13625944030385817,1.4863864931921054,0.0
-4.222595718934741,-7.849464733439319,5.899271377445702,4.0,0.13706570045368593,1.4835769076034422,0.0
-4.1761791734147655,-7.868027729055675,5.906221047113126,4.0,0.13656213279497997,1.4806373592337556,0.0
-4.1296201017199,-7.886230150280249,5.914783118596821,4.0,0.12695470432059253,1.477804152526611,0.0
-4.082895183545634,-7.904002382586225,5.924666553201594,3.9801445602088537,0.11777465491570815,1.4754728754213762,0.0
-4.0359889962156075,-7.921290408908628,5.935468030485403,3.9295831180630834,0.12203723808875289,1.4731106658472064,0.0
-3.98889439490452,-7.938058305352156,5.946798974217056,3.888168344586491,0.12262926269007934,1.4703044201149553,0.0
-3.9416108664306098,-7.9542857697870115,5.958372586284819,3.8744350534868683,0.12557135836336109,1.4678136679169353,0.0
-3.894142057973424,-7.96996296638074,5.970028391228099,3.8695225003860476,0.13092954862864303,1.4648028182742237,0.0
-3.8464935252354215,-7.985085117435817,5.9817138102169265,3.8280386566241886,0.11684740165004115,1.461814195854118,0.0
-3.798671093372591,-7.999647975427185,5.993461097452776,3.775440731651787,0.11552578956951187,1.4596299844945457,0.0
-3.7506797125906393,-8.013643987617955,6.005377905586815,3.7220996063810055,0.1284939178644393,1.4565752601952007,0.0
-3.7025227422195917,-8.027059110384842,6.017626993711527,3.66798285729744,0.12664276895785775,1.453382186071444,0.0
-3.654201940970299,-8.03987148421891,6.030367470322684,3.61305563243,0.12765529909833795,1.4504637457866003,0.0
-3.60571838954853,-8.052053393286222,6.043677397827619,3.557280388813961,0.12873338033976012,1.4471204263662267,0.0
-3.557074045689383,-8.063576351112125,6.057504234899161,3.5147067090612913,0.12664699512040478,1.444040520598852,0.0
-3.5082732224877637,-8.074417404488987,6.071668069962788,3.5042936510309466,0.11634393190223236,1.4406810462751205,0.0
-3.4593233256708054,-8.084564122483123,6.0859162061631,3.523693916984973,0.11355599891815871,1.4380965744592573,0.0
-3.4102345607068045,-8.094016231319248,6.100007883427322,3.558984875578006,0.11933009392332217,1.4347345294809497,0.0
-3.361018839780449,-8.102783434329337,6.113784642438235,3.5939293076783083,0.12500817374005102,1.4316142945276682,0.0
-3.311688518676815,-8.110881125053362,6.127183225317091,3.6285372249138046,0.13183800529989753,1.4278547546893952,0.0
-3.262255556925877,-8.11832676853219,6.140192881549474,3.6628181659183223,0.1171554573726894,1.4241608171035156,0.0
-3.212731249050744,-8.12513855001218,6.1528046419273466,3.696781227037563,0.1133982411045622,1.4212561446476815,0.0
-3.1631262627738974,-8.131335723650972,6.164992929499867,3.730435090518724,0.12446950751155228,1.417693450474743,0.0
-3.1134506804956206,-8.136939152606951,6.1767263534074495,3.763788050431311,0.12304862391429516,1.413896618015878,0.0
-3.0637139377180183,-8.141971107826928,6.187986853044633,3.796848036538415,0.12399602536607901,1.4103582850700191,0.0
-3.013924689390076,-8.14645407634654,6.198790263563932,3.8296226363131014,0.12481510613777758,1.4064231235283398,0.0
-2.9640906689529887,-8.150408616225501,6.209203789423588,3.8621191152730905,0.11859737085049993,1.4027461952113183,0.0
-2.9142186252055002,-8.153850765530436,6.219346161599782,3.8943444357881196,0.122535380148598,1.3991422603945638,0.0
-2.864314414867729,-8.15679006092904,6.229362894020697,3.9263052744978935,0.12558220305379386,1.3950855789122623,0.0
-2.814383264067492,-8.159229289961178,6.2393816349718545,3.958008038464054,0.12866581100896113,1.3912320803009002,0.0
-2.764430126681389,-8.161166678932384,6.249459577454255,3.9894588801668527,0.1302503537560451,1.3869256309051923,0.0
-2.714459996478372,-8.162600369134653,6.259544886375429,4.0,0.12335555171328672,1.3829081550851787,0.0
-2.6644780118350644,-8.163533757016607,6.26948109634531,4.0,0.12051701421976801,1.3789881516724447,0.0
-2.614489283537144,-8.16397926117042,6.279065805558538,4.0,0.11623721313723934,1.3750593026105316,0.0
-2.56449855467445,-8.163958351372239,6.288141355793929,4.0,0.120397155011565,1.3713296945454196,0.0
-2.514509927096348,-8.163497355182454,6.296672778390015,4.0,0.12540437700683071,1.367044228882465,0.0
-2.4645268467346955,-8.162620671555453,6.304773455034462,4.0,0.12865192934249237,1.3629503766595503,0.0
-2.4145523707852075,-8.161344219607967,6.312670209999504,4.0,0.12941152066915862,1.3584118949784418,0.0
-2.364589593282858,-8.159671434498383,6.320636654734088,4.0,0.12287264301300027,1.3542170258375479,0.0
-2.314642076191565,-8.157592545582823,6.328928874239704,4.0,0.12808345732257465,1.3500610984733519,0.0
-2.26471416172825,-8.155086990059655,6.337724534189407,4.0,0.12948941889264454,1.3454545518059071,0.0
-2.2148110164227,-8.152129196208078,6.347048939337383,4.0,0.12418359579470284,1.3411522050988887,0.0
-2.164938189536298,-8.148698116221407,6.356698377123547,4.0,0.130697118029115,1.336844234403077,0.0
-2.1151004889602585,-8.14478974335022,6.366195916353717,4.0,0.13102551265470552,1.332049881918,0.0
-2.0653001943668574,-8.140430183328487,6.374811198978997,4.0,0.11280169403400819,1.3276719043752852,0.0
-2.01553506146768,-8.135685468816568,6.381669054810932,4.0,0.10156506662895559,1.3240404479376833,0.0
-1.9657970553101436,-8.130663766216365,6.385945783389096,4.0,0.10785442370927711,1.3203650679877679,0.0
-1.9160728006914254,-8.12550733393054,6.38708723051127,4.0,0.11684355037179728,1.3162967174660232,0.0
-1.8663459909319768,-8.120375667313256,6.384949716905557,4.0,0.12209384355260511,1.312407721112913,0.0
-1.8166008948960812,-8.115424860159143,6.379814636976956,4.0,0.12590520021771923,1.3080749593114795,0.0
-1.7668255345177135,-8.110788882425492,6.372296143634049,4.0,0.12903678453408673,1.304045423184778,0.0
-1.7170134103686823,-8.106566847830909,6.363188616883386,4.0,0.13243616267186908,1.299641751363696,0.0
-1.6671634707090996,-8.102818017226356,6.353304043117226,4.0,0.1369782468273275,1.295551660719475,0.0
-1.6172787919326248,-8.09956398476464,6.343344198836869,4.0,0.1414625925180566,1.2910377191628897,0.0
-1.5673647782304885,-8.096795780542001,6.333831824293405,4.0,0.1383633929316872,1.2864613374172407,0.0
-1.5174275594878222,-8.094483018928612,6.325099418235707,4.0,0.13785287483521103,1.2822886396570543,0.0
-1.46747291446679,-8.09258265209514,6.31731821446734,4.0,0.13781339566876483,1.2778744278387122,0.0
-1.4175057323146982,-8.091045864528757,6.310544892032426,4.0,0.13079703049292668,1.2738258151476713,0.0
-1.367529863213134,-8.089822706711892,6.304765888568247,4.0,0.13533392159442492,1.2699552001284409,0.0
-1.3175481814070475,-8.088865022546319,6.2999214433471815,4.0,0.1393812401457737,1.2657250811453609,0.0
-1.2675627301020913,-8.088128916366042,6.295899859385362,4.0,0.13521477488250255,1.26173268876269,0.0
-1.2175748871291803,-8.087577791280145,6.292520226371081,4.0,0.13237525395000382,1.2578637528975978,0.0
-1.1675855394033547,-8.087185580652493,6.289541834182298,4.0,0.1296065692721946,1.2541094242160105,0.0
-1.117595262242282,-8.086938415879613,6.286717213404668,4.0,0.12666907598396016,1.2504674133120859,0.0
-1.067604485365891,-8.086833060467297,6.283868388715041,4.0,0.12426368025229095,1.2469427792521626,0.0
-1.0176136133437421,-8.086871843609776,6.280950616995238,4.0,0.131223139081035,1.243498977989452,0.0
-0.9676230634377943,-8.087055566992957,6.278069705904457,4.0,0.13735824016954723,1.239647789012707,0.0
-0.9176332071303899,-8.08737710326651,6.27543702512635,4.0,0.13483371138719136,1.2359714994345639,0.0
-0.8676442578619387,-8.087818182584499,6.273286974200279,4.0,0.13329840691680417,1.2323752981919636,0.0
-0.8176561857615919,-8.088349930359742,6.271809456242594,4.0,0.1321683071239299,1.2288476843404708,0.0
-0.7676687127714343,-8.08893560127697,6.271129522729552,4.0,0.13155740002913063,1.2253730411608785,0.0
-0.717681381655329,-8.089533332334932,6.2713269294561895,4.0,0.13154690481772668,1.2219337047680336,0.0
-0.6676936630490378,-8.090097493488171,6.272472652749357,4.0,0.13222653699195064,1.2185096392617043,0.0
-0.6177050807170522,-8.090578328148549,6.274660775462793,4.0,0.1336786921372557,1.2150784979440077,0.0
-0.5677153716924661,-8.090920694302126,6.278012587702218,4.0,0.13566976987170065,1.211616325805176,0.0
-0.517724715941049,-8.091063682894184,6.282637429478773,4.0,0.13015590933872367,1.2081112292879022,0.0
-0.467734030000568,-8.090942973401804,6.288562454793894,4.0,0.12748798152706087,1.2049533566569655,0.0
-0.4177452225414688,-8.090496667565104,6.295663915740345,4.0,0.13501703637334828,1.2015508463059819,0.0
-0.3677612217576929,-8.0896738534044,6.3036268265435815,4.0,0.132691758040119,1.1979708358734014,0.0
-0.317785593693552,-8.088443927294989,6.31195489068076,4.0,0.11995733752906368,1.194697287754155,0.0
-0.26782174457134933,-8.086803596045954,6.320052872315805,4.0,0.11452841794133128,1.191726318451749,0.0
-0.21787199722316763,-8.084778218909474,6.327369932298516,4.0,0.11628502675505814,1.1886416883990043,0.0
-0.16793701140432674,-8.08241605337471,6.333539846635494,4.0,0.11640525001637236,1.1855263871057058,0.0
-0.11801585116413682,-8.079777247013741,6.3384514200813555,4.0,0.12462366881461051,1.1824173958360946,0.0
-0.06810660766841886,-8.076921550480494,6.342230133200752,4.0,0.1320733186473042,1.1788690601095664,0.0
-0.018207201722130667,-8.073898626514664,6.34515330713498,4.0,0.12961175151426296,1.1754042158100413,0.0
0.03168400470229288,-8.070743171650337,6.3475424748041425,4.0,0.12638625361427813,1.1720158347115053,0.0
0.0815679372696003,-8.06747470424512,6.349683988566779,4.0,0.12263454391028539,1.168724099208312,0.0
0.1314447948479101,-8.064099988554085,6.35180259471635,4.0,0.1282814696419443,1.1655357188513067,0.0
0.1813141411026359,-8.06061605372802,6.35406387176919,4.0,0.13461380397098566,1.1619777742195099,0.0
0.23117504432813576,-8.05701333427128,6.3565668360623695,4.0,0.13217686961191077,1.1585168548287073,0.0
0.28102629876431817,-8.053279514280126,6.35932303636876,4.0,0.12975238824249402,1.155123288715724,0.0
0.3308667402486024,-8.049404056720272,6.36224986214833,4.0,0.1271562911715165,1.1517986769641582,0.0
0.38069558628828337,-8.04538225895046,6.365196064145257,4.0,0.1242465669710704,1.1485470277138805,0.0
0.43051268182058294,-8.041217414737229,6.367992040736759,4.0,0.12090409741937336,1.1453774850356113,0.0
0.4803185503589108,-8.036920356784231,6.370504615166992,4.0,0.1267817061168124,1.142300644233146,0.0
0.5301142328553635,-8.032506787949096,6.372671105828336,4.0,0.13302821379503982,1.1388685719186298,0.0
0.5799010196236356,-8.027993946791423,6.374492145671806,4.0,0.1299357535334842,1.1355341427681764,0.0
0.629680251175871,-8.023398492357538,6.375990031507101,4.0,0.126291780744614,1.132293192420425,0.0
0.6794532918246114,-8.018736443634397,6.377167890291156,4.0,0.12210523268598905,1.1291593605087438,0.0
0.7292216232884534,-8.014024373842842,6.378000087324149,4.0,0.12713906541950415,1.1261447197676375,0.0
0.7789869178325355,-8.00928032716581,6.378452955032735,4.0,0.13257905777879841,1.1228176082736723,0.0
0.8287509845217896,-8.004523413425545,6.378517202001634,4.0,0.1286953492828058,1.1196114470951697,0.0
0.878515557814656,-7.999771804056624,6.378239775915198,4.0,0.12433417074735686,1.1165229740972547,0.0
0.9282819562119382,-7.995039351975685,6.377747300745488,4.0,0.12822567724925804,1.1135607962884946,0.0
0.9780507059017876,-7.990331691825692,6.377243467427846,4.0,0.13072021562951264,1.1103528453814115,0.0
1.0278212928118702,-7.985643491194542,6.376965316303721,4.0,0.1332672241054631,1.1073455842069977,0.0
1.0775921946165212,-7.9809586334711184,6.377109134745597,4.0,0.13723880517790477,1.1040963059715878,0.0
1.1273612310354622,-7.976254009314889,6.377759631093353,4.0,0.13290784948943823,1.1009856225691326,0.0
1.177126136308771,-7.971505902830371,6.378856578016489,4.0,0.12892568476542365,1.0979845657218936,0.0
1.2268851681988995,-7.966696648996425,6.380217229637658,4.0,0.1251048574716922,1.095083481670296,0.0
1.2766375381794777,-7.96181896086652,6.381607390496938,4.0,0.12119511204829259,1.0922800622565374,0.0
1.3263834975129232,-7.956876311580348,6.3828287732608135,4.0,0.12685012684245933,1.0895765491737779,0.0
1.376124054813537,-7.9518795793592165,6.383781868432612,4.0,0.13490846280855529,1.0865837791874622,0.0
