x_m,y_m,psi_rad,v_mps
0.4360000000000226,-7.505840000000006,-0.027478333013176273,4.0
0.48597203295080815,-7.507213493869713,-0.026768579659169636,4.0
0.5359459425399662,-7.508516050135725,-0.023486894292366486,4.0
0.5859240270823909,-7.509561487550613,-0.023516873268552733,4.0
0.6358956801294764,-7.510866988854147,-0.03249292318534441,4.0
0.6858612452775414,-7.512809883193199,-0.031098365367178072,4.0
0.7358347966482642,-7.513975934307759,-0.020510345687869084,4.0
0.7858149415912105,-7.514860255578412,-0.014879011351284518,4.0
0.8358001003151949,-7.515463428967024,-0.013570674067590214,4.0
0.8857830215025286,-7.516216973094885,-0.020335776146629986,4.0
0.9357641548884514,-7.517496555873599,-0.0167100275933201,4.0
0.9857516208611412,-7.517887606645758,-0.013058404656091737,4.0
1.0357299119396055,-7.5188020233853905,-0.032870381868720856,4.0
1.0856935416238342,-7.521173919409883,-0.03440876815945089,4.0
1.1356687442655133,-7.522242153266731,-0.02197254800988386,4.0
1.18564228516499,-7.523370401469151,-0.027097899254831487,4.0
1.2356155013955776,-7.52495116352668,-0.02643299362142341,4.0
1.2855895435212257,-7.526012922186325,-0.024908955386688286,4.0
1.3355654601232771,-7.5274413276233005,-0.022524084160185368,4.0
1.3855440959484657,-7.528264687749623,-0.023600270015315727,4.0
1.435516328928413,-7.529800633154592,-0.027719005971156813,4.0
1.4854942996155893,-7.531035917830263,-0.016962379546067153,4.0
1.5354778320850644,-7.5314963807490605,-0.010389631794303926,4.0
1.5854655675190508,-7.532074619868098,-0.0031237290869926574,4.0
1.635455456331791,-7.531808684777757,0.0005072332267621588,4.0
1.6854461082972527,-7.532023906411436,-0.00338093382778072,3.9740487021755273
1.735436682056675,-7.5321467159739335,0.0036170064837893782,3.9234087027569853
1.7854239655980877,-7.53166228427634,0.020399332629274503,3.8721064823265783
1.8354022774893157,-7.530107201630452,0.028534705275076715,3.820115361096019
1.885377491477183,-7.528809365522028,0.029033718566640426,3.7674068181825047
1.9353450906931553,-7.527204674504957,0.03593140070555361,3.7139503086732706
1.9853007972574226,-7.525217435243327,0.04430812816985406,3.6597130566344322
2.0352389009224217,-7.522775668021601,0.05406783429024141,3.6046598200810567
2.0851521529589943,-7.519813421756862,0.06510699440037548,3.5487526231216866
2.135031645049087,-7.516269266415974,0.07733779037589428,3.4919504494937077
2.1848668799550484,-7.5120862932935335,0.09487406014538348,3.43420889046161
2.2346023832758424,-7.5067941403223974,0.12150152229693843,3.3866863718013382
2.2842177900614358,-7.499955252324995,0.13852771264720284,3.3879641664060407
2.333758864438439,-7.492969676301849,0.14611892202243548,3.424654101781298
2.3836456702124655,-7.485322670311943,0.16052306550782747,3.460955105291538
2.4329271464357847,-7.476912725518638,0.17733746631883995,3.496879289429312
2.4820739863265624,-7.4676823320746255,0.1943483566901515,3.5324381507445732
2.531065699441758,-7.457595836485353,0.20752010384512143,3.5298932572159956
2.5799782473470625,-7.447068467379463,0.20985717003098145,3.472782626215641
2.6292593489236555,-7.436681263712973,0.22047892313733206,3.414716961997211
2.6778890285434187,-7.425124473260324,0.2421762154444008,3.3556466876233735
2.726320894346972,-7.412704686292203,0.26005734611554954,3.2955177823468005
2.774535817523866,-7.399408410828617,0.2776004230092428,3.2342712031260197
2.8225325027440182,-7.385288407224486,0.29301502906290955,3.187427149945762
2.8707413644384228,-7.37038326741677,0.31013343504003305,3.1557334697420063
2.918202179738743,-7.354628702108769,0.3301178858039884,3.134017416115612
2.965368526754715,-7.337958646712568,0.34890202586658314,3.1174585753000645
3.0122386966166492,-7.320419654311253,0.3648150152542531,3.103987690716347
3.059262047826531,-7.302099764781357,0.38183210132069506,3.0948992448883113
3.105487409332815,-7.282976691447967,0.4020169027983406,3.0934795200149274
3.151348657973509,-7.2629470536337974,0.4210910789237736,3.1029333316603114
3.1967793816122043,-7.242088673618754,0.44048047557945347,3.1250194684949832
3.2418481929590106,-7.220288502712123,0.46004581148002305,3.1595180267055967
3.286510099489184,-7.197626580030527,0.47750288636544047,3.19882926788438
3.330822256720806,-7.174249670806461,0.4909812544099901,3.237663232806928
3.3752218078729843,-7.150196933342,0.5073108880394004,3.276036894338325
3.418725043949514,-7.125390354942441,0.526453032182589,3.3139662425954173
3.4618294245248817,-7.0998638571289465,0.5395277361734078,3.351466362811669
3.505013236499744,-7.073722033724449,0.5538357639786271,3.388551505445087
3.5473477726922797,-7.046979712552606,0.5692993990552598,3.4252351494532833
3.589293614293822,-7.019784230439122,0.5805104936587017,3.4615300595323952
3.6313315010758527,-6.991894926719205,0.5967077685741676,3.4974483380090744
3.6724210405638997,-6.963314563222372,0.6145588938685289,3.5330014719836345
3.713127619486954,-6.934169241848583,0.6240501488325488,3.568200376244952
3.753970664822657,-6.904595478547635,0.6318101390367374,3.6030554324115953
3.7944761429814844,-6.874631004273686,0.6458936400713673,3.637576524697013
3.834129714450801,-6.844175991085097,0.6618811983335043,3.671773072647994
3.8733498679649925,-6.813178620491842,0.675699207099033,3.705654061163694
3.9121565245547854,-6.7816318255112495,0.6838788841204831,3.7221549826054496
3.951145261832421,-6.7497678276054724,0.6910376123015235,3.7209994987114077
3.9897243352111507,-6.717476884469175,0.7113771580119181,3.7345727221613925
4.02732154320366,-6.68410950306116,0.7293469480980455,3.7678890563693677
4.064478116549408,-6.650666279245035,0.7366775476027804,3.8009133724809003
4.1016152755537405,-6.616723940061239,0.7491113970380526,3.833653217115526
4.137900742110222,-6.582387787046023,0.7600194601777156,3.866115817341264
4.17426362028516,-6.547672523778908,0.7706524077457371,3.8983080993031325
4.2097839710548906,-6.51259384645667,0.7824446640324176,3.930236705478245
4.245120561625662,-6.47723290295848,0.7890849459183914,3.961908010679271
4.28038842263115,-6.441466859522745,0.8005453507124101,3.9933281369154563
4.314830328004081,-6.405378676250841,0.8093804068019443,4.0
4.349431281518163,-6.369030357525667,0.8137102539157521,4.0
4.383630489980291,-6.332568148001603,0.8219866044873375,4.0
4.417594623764046,-6.295687201466609,0.8295768086191484,4.0
4.4729388490875746,-6.2349983914903575,0.8342393213536713,4.0
4.5063482365522285,-6.197811123567812,0.8449219883837438,4.0
4.517916148876671,-6.184320600803257,0.854326652746924,4.0
4.550848782293172,-6.146710476019266,0.8546216863920247,4.0
4.583556037571146,-6.108900409349095,0.8649312287591168,4.0
4.615921862531354,-6.070366270306492,0.8735860629219917,4.0
4.647936979578896,-6.032030454520869,0.8805681126125791,4.0
4.679551943672374,-5.993306137377805,0.8928917742806362,4.0
4.710413394573616,-5.954439423221273,0.8981380436940154,4.0
4.741559651562792,-5.915464714680184,0.8995752637833353,4.0
4.772441670691838,-5.87634212740298,0.9093653289708189,4.0
4.802999504094916,-5.836533804617606,0.9183706710783915,4.0
4.833259507601095,-5.79674168654797,0.9217205882784182,4.0
4.863314264488341,-5.757041221772876,0.9263431242118735,4.0
4.8930587479204295,-5.717167317006007,0.9366969895388068,4.0
4.922464690490944,-5.676609555346299,0.9447067788105541,4.0
4.951536650084449,-5.636300950383076,0.9491648368889825,4.0
4.980519790680588,-5.595569444459563,0.955282053013783,4.0
5.009067096039772,-5.55494657881079,0.9650117334793555,4.0
5.037264822665383,-5.51364640474873,0.9732835201016418,4.0
5.065107691099705,-5.472593487099166,0.9817207815569723,4.0
5.0925845948049915,-5.430859340042769,0.9920200891029809,4.0
5.11978431177932,-5.388915983504299,1.0008637480669262,4.0
5.146296466759474,-5.347048919749584,1.0207199636938589,4.0
5.171668161002726,-5.304305776526259,1.0367471707042573,4.0
5.197032929201075,-5.261254018508124,1.0401745391320754,4.0
5.22202904958589,-5.218475919617341,1.0484987745649066,4.0
5.246655750189101,-5.175045906272575,1.058371613441803,4.0
5.271017299738594,-5.1313928817832135,1.064231979476046,4.0
5.294925771056545,-5.088050440289356,1.0748684516739433,4.0
5.318307607038774,-5.043984437891624,1.089072477783935,4.0
5.341152058475692,-4.999630502194141,1.0984303596578497,4.0
5.363710590455811,-4.955123797588381,1.0971955915036808,4.0
5.386559076219967,-4.911032142970232,1.1024276430898412,4.0
5.4086208477751505,-4.866353497865116,1.1188797388175171,4.0
5.430081101496231,-4.821373848015668,1.1322404963930854,4.0
5.4509491937054735,-4.7761045243159135,1.1412320526757949,4.0
5.4716611340974,-4.730606331278819,1.1447584070092978,4.0
5.492285212087477,-4.6850227746272335,1.1575634563306516,4.0
5.511765174307352,-4.6391448691007895,1.1740113856968644,3.9989404743769232
5.530813018316345,-4.593072854053376,1.1789996495840063,3.9486197182327127
5.549905383311948,-4.546830725960991,1.1893238831439246,3.8976493481100176
5.567996160060441,-4.5003748023777925,1.202371320347047,3.8460035364555636
5.585654199675277,-4.454229766979364,1.2078457694292029,3.7936546975225562
5.6032804534502,-4.407466435217557,1.228225505288973,3.740573315100402
5.619117090915911,-4.360399463228294,1.2452082076089803,3.686727747915144
5.635143945591963,-4.3130848295224,1.246817139673294,3.6320840090578477
5.6509193371589586,-4.265696773730352,1.2527432172422361,3.576605515074312
5.666378253735504,-4.218214074486171,1.2625499505069302,3.5202527994543575
5.681342343762839,-4.170145637218291,1.2835608468044828,3.46298318414521
5.694846911920878,-4.121842311543445,1.304880443749924,3.4047504013185392
5.707659441511703,-4.073521665635717,1.3179582087657993,3.345504155861267
5.719915113694645,-4.024816862285438,1.3300331389713451,3.2851896168244634
5.731597832112881,-3.976023171219376,1.3407377435361492,3.223746823200842
5.742688884936072,-3.927578306914047,1.3566298165309125,3.1611099857018226
5.752813157172624,-3.878482404213103,1.3835384564375441,3.097206661382161
5.76132688405368,-3.8292132139434507,1.4047962464595427,3.04047155383681
5.769343163705457,-3.779820445316941,1.4174839768692113,2.9957783237317654
5.776603377720288,-3.730352189239965,1.4335860959202,2.963483635988972
5.782955793380875,-3.681233806040618,1.4600357669856463,2.94042116029377
5.7875953669022095,-3.631517343622805,1.4854834815280107,2.919826861920428
5.7914661592163075,-3.5817211378442377,1.5023836687919006,2.893098926868615
5.79442145739424,-3.531894876061627,1.520695980775122,2.85317607640775
5.796463644593143,-3.4820550922012337,1.53895747282749,2.79741644340975
5.797596215022878,-3.4322152583397654,1.5572489574826054,2.7282158209753025
5.797813881117557,-3.3823933874994756,1.5817955650127433,2.653909253803943
5.7964985104896805,-3.332421050491007,1.6151014405022213,2.5815622018739237
5.793393831185374,-3.282694795579586,1.6397906192257787,2.5177647295282224
5.78966213321489,-3.2334921963151646,1.6613100233169402,2.465249539838352
5.784432561310515,-3.183960742921015,1.6966074334639412,2.4236626690321827
5.777159223671013,-3.134638661076952,1.7291558757792098,2.390181250833074
5.768722119617927,-3.085584015945977,1.7612221477689762,2.3601052462301846
5.758348457614728,-3.037052932237822,1.7888328725679163,2.328080706405533
5.74713714215749,-2.9881607197326985,1.8159808214207356,2.2899929156028187
5.73398894783487,-2.93970006022431,1.8556332625865173,2.244626915866671
5.7189323237732115,-2.8918323112567914,1.886881473049228,2.194295653178248
5.7028550707203145,-2.844504050821374,1.9178814639421518,2.144190679005109
5.68490393570797,-2.7977607480420836,1.9568503269530888,2.1005578499622666
5.665171533577848,-2.751790132041556,2.003930523666673,2.068324451847087
5.642850066077619,-2.706817715771226,2.049873182743776,2.049321237698544
5.6190075501523085,-2.6629171997056478,2.0941759573841927,2.041743654795475
5.592832894392428,-2.620141572458501,2.137174933674275,2.0406902744815296
5.565353844654807,-2.5785389333464397,2.1789354806118215,2.039589875970322
5.535750810894826,-2.5381450638691603,2.2130790478647246,2.0325179228108974
5.5057148565523555,-2.4988181112041854,2.2485177113940598,2.0166085144557697
5.473374554032863,-2.4606493673585197,2.2915612546069144,1.9929353690453329
5.439922701096931,-2.423920005523954,2.334770160640428,1.9652119461867457
5.404468701232844,-2.388725878620474,2.384970306853702,1.9374520605278707
5.367297728875471,-2.35535889975156,2.434731255592323,1.9121097098487407
5.328529841660094,-2.323867564693911,2.4787295324943104,1.8894235071053034
5.288891406650852,-2.294146861905973,2.5245850961306737,1.8678641088082315
5.247466398494817,-2.266361074231514,2.5770221796206787,1.845132987892575
5.204640743249148,-2.2407879808945026,2.629091753722481,1.8192157446191222
5.160550952071017,-2.2174583843463473,2.6772661238806217,1.7892535228252224
5.115814248371224,-2.1962993251622986,2.7258847210709876,1.7559431827484506
5.070047841380459,-2.177507203280417,2.7819791627407247,1.7212241459582402
5.022857698414769,-2.161351227598325,2.8402439332475082,1.6874768045977455
4.975219240011242,-2.1480330851878473,2.903232319443407,1.6567388617164842
4.926334746918246,-2.1378981253519584,2.969133676805128,1.6302297132434576
4.876853389961774,-2.1308988037319114,3.0332535775766254,1.6082461952673046
4.827443001310374,-2.1271421698844386,3.1000070325244615,1.5904044466831226
4.777385663827584,-2.1267599904514904,-3.1152682174578064,1.5761225392955038
4.7274039778753965,-2.1297762492468757,-3.04682891788677,1.5651207730278225
4.677983398425774,-2.1362080190247865,-2.9766893285823417,1.5576647704546105
4.629231801756309,-2.146113523754894,-2.907113881281212,1.5544632644559309
4.58078771657108,-2.159425410675972,-2.836098984295739,1.5564298493037978
4.533908702487256,-2.1761751796588227,-2.7615996028210557,1.5644833934901077
4.488365673995954,-2.1963392055026723,-2.690486144734716,1.5793366150109809
4.443989758214029,-2.2197337596091256,-2.6236280945989736,1.6013263480392799
4.401110126038057,-2.246062849173727,-2.559961801420628,1.6304763872280352
4.359952817645669,-2.274988202026712,-2.492375870803444,1.6666762983614793
4.321299282063617,-2.306636828554107,-2.424831903930621,1.7096534243621742
4.284611890870701,-2.3406367505033385,-2.375785599520726,1.7587970826501365
4.248708228934964,-2.376437904954739,-2.3250737303077416,1.813086223635012
4.21563999003913,-2.4140409342602704,-2.266845438626604,1.8710720741921631
4.184263834271201,-2.4535653806920177,-2.2203795870128515,1.9310223491936378
4.154657509638174,-2.4943288928171143,-2.1795211109793904,1.9917371646130893
4.126667782759886,-2.5361969443261585,-2.1356406020721863,2.053526590258105
4.100902125301763,-2.57915422289113,-2.1027534860454953,2.113510345584608
4.075629591127379,-2.622915610681502,-2.0677176500468404,2.171838047573819
4.05296614429136,-2.6675461599815566,-2.0194841851374212,2.2286397261301225
4.032215887725982,-2.7130907196908316,-1.9851578209627687,2.2840292364331587
4.012602181956812,-2.759318628689461,-1.9538915439846603,2.3381069429941665
3.994755783005923,-2.8060424090631715,-1.9356147438618636,2.3909618568420568
3.976813936957522,-2.85302623635548,-1.923364574889385,2.442673356155036
3.9601006812952964,-2.900228805377888,-1.9019419381166898,2.4933125854705414
3.944269347038083,-2.9476861543853734,-1.882152880327514,2.542943603948362
3.9293219131661066,-2.9958673443997785,-1.8633564729984857,2.591624335596881
3.915171670393295,-3.044291007633901,-1.8481962638828866,2.639407361673083
3.901691802941733,-3.092903158059015,-1.8362226387492318,2.6863405861599445
3.8887069611863394,-3.141644886328681,-1.8288966935977864,2.732467798318261
3.8760665942409744,-3.1899725704745583,-1.8222186556557423,2.7778291511254496
3.8637507568390763,-3.23880459855934,-1.8135085250874028,2.8224615704803537
3.85176225683794,-3.288134932799945,-1.8080997373035554,2.866399107039094
3.8399985612935232,-3.3370107765267925,-1.804748130567521,2.9096732402162626
3.8283606360253657,-3.3863308172729703,-1.8038197156003644,2.952313142067876
3.8167528942327067,-3.4349554093141172,-1.8079961914349287,2.9943459073431686
3.804935678482696,-3.48322790152601,-1.8101940274837351,3.03579675486006
3.7929895801801745,-3.5323147468532254,-1.8127536090309482,3.0766892044558163
3.7808461470193997,-3.580838489906265,-1.8177756345648446,3.1170452330389837
3.7684348091978284,-3.6297053285241683,-1.8242605991472458,3.156885412682434
3.7556856946596766,-3.6779698386447737,-1.8320661629009596,3.196229033220747
3.7425426474700982,-3.726541281098819,-1.840040197056215,3.235094211425584
3.729003592303293,-3.7746636503189777,-1.8502346487648575,3.244097527759049
3.714897515606157,-3.822883808119154,-1.8642638766004203,3.1818613312365813
3.7000798282388785,-3.870376520433018,-1.8814351541568135,3.1183832818986326
3.6845051072157973,-3.9175547626425304,-1.8967077234530465,3.0535859336902806
3.668156746330904,-3.9648338653400077,-1.9129583445889686,2.987383439740771
3.6509589333965677,-4.01174026934018,-1.9349215499773764,2.9196802183875645
3.6327410040470545,-4.057759329958387,-1.9581350263196315,2.8503693338320057
3.6133833276719747,-4.103849231210998,-1.9806379877695475,2.7983278222453687
3.5929422381628933,-4.1493680538914175,-2.0049839984890703,2.771689830543044
3.571426893593584,-4.194331221328275,-2.027762540108557,2.7691080892323043
3.5487845311537525,-4.239178645470163,-2.053476117913635,2.78831570982212
3.524970471597383,-4.282984840315863,-2.07929204024063,2.825827766996128
3.500020867869539,-4.32666507985371,-2.101230190966856,2.869713764946325
3.4740701526734665,-4.369771407281393,-2.1182771483829814,2.9129386565320083
3.447770452175875,-4.412371459001157,-2.135680780183063,2.9555314481011012
3.420512911332683,-4.454276560661793,-2.1589651274375474,2.9975190849618762
3.3921242913947074,-4.49581065091539,-2.176025508681415,3.0389266507612147
3.3634185906917633,-4.536801753522198,-2.1934870131324162,3.0797775427298095
3.333974373311047,-4.5768017780045565,-2.210777884053993,3.120093626271326
3.3038751002442295,-4.616777950043955,-2.2233541678056086,3.159895371795567
3.273220478502761,-4.656296745193197,-2.237852542451273,3.1987593631685236
3.2420075859491213,-4.695342485777797,-2.256212729946319,3.203718093840514
3.209938434656518,-4.733690897305701,-2.280212452370844,3.2176140041753483
3.1766938168581196,-4.771420189443581,-2.2980235963548883,3.2466890832267947
3.1432815567977617,-4.8085916073171155,-2.310859567161825,3.284957309789601
3.109303330732011,-4.845215721436839,-2.3266452198219065,3.3227848337104557
3.0747664110145747,-4.881280442548773,-2.342448474818893,3.3601865387404177
3.039680293432293,-4.916779639035676,-2.357710882175227,3.397176489252273
3.0040194144971863,-4.95181320341052,-2.3735832179948475,3.43376799203506
2.9678390922762503,-4.986164845095142,-2.3880419558128714,3.46997365222282
2.9312708562820213,-5.020069592565235,-2.394911098689104,3.484550790119116
2.894442289318329,-5.0540875023612974,-2.3999905407749127,3.4266845449393224
2.8573843787002873,-5.087751947205635,-2.409322277486379,3.3678241836729343
2.8200288917720027,-5.120986227948334,-2.4250062684661775,3.3079166394784685
2.7817513965371745,-5.153631782007878,-2.4444100269021445,3.2469039492021903
2.7431378099987516,-5.1853812488158155,-2.4658150152536775,3.1847225965460533
2.704017072971067,-5.2159515130775524,-2.4882176141552645,3.12130273740906
2.6643069073846686,-5.245729744104626,-2.5059457228777,3.067535331806889
2.6236244347371844,-5.275265158536632,-2.5184274174882835,3.0175946817973864
2.582989075471777,-5.304172731213452,-2.5308693575305536,2.966389381356942
2.5419648545461473,-5.332426540007853,-2.5525656768172156,2.9146824857207596
2.5004017373879917,-5.3593532405274615,-2.5801600423646986,2.86579305275696
2.4577352101865255,-5.385402526529466,-2.6098207447453063,2.8212286463616194
2.4142718749306145,-5.41002341205709,-2.627762146292037,2.7788494841881852
2.370883386324078,-5.434421569418861,-2.639075532332474,2.7346664150762083
2.327073879355824,-5.457945280501802,-2.6636588700195825,2.68628003094667
2.282236554977845,-5.480339513562356,-2.694401125360289,2.6349208785654263
2.237256361345021,-5.501021397713031,-2.7212724092515,2.585000024516778
2.19127784975308,-5.520994117282477,-2.741981709021877,2.542163322939597
2.145307199990546,-5.539854718586648,-2.7705611489310873,2.510872167205205
2.098852202576885,-5.556952344802135,-2.8016486873928486,2.4922874783824285
2.0514081076696304,-5.573064370575801,-2.8328262747775526,2.4833894222143895
2.0039400449138824,-5.587226270624543,-2.865177771330976,2.477779146288152
1.9556699329776077,-5.600223064293033,-2.8902316597561084,2.4679512271775157
1.9069843264367368,-5.612123738613374,-2.9128716714913563,2.448456834913595
1.8584937693092378,-5.622845153153051,-2.9376350198748087,2.418643429874388
1.8097632145720515,-5.632232333456719,-2.9669189124479045,2.383097471197997
1.7603193467037717,-5.64017020737284,-2.999914807469056,2.349176774610938
1.710600687612326,-5.646376228546064,-3.0395299418496893,2.3232975090401626
1.6611451863746243,-5.650327484392102,-3.072715721972141,2.3083942835296827
1.611106485495673,-5.6532399412261025,-3.100370781823759,2.3036732105267466
1.5614655497480099,-5.654438794559267,-3.140402021053062,2.306000419603708
1.5113446473120877,-5.653358720972696,3.109721835250235,2.311787038248997
1.4612326311855395,-5.651243207375284,3.085413219425883,2.3187922067425055
1.411664347990728,-5.647752839289995,3.0553189539698344,2.327287218250849
1.3617799778041266,-5.642641707679645,3.0167942290083394,2.339769776618089
1.3125727696426324,-5.635321762772447,2.9824275812121073,2.359621664952209
1.263164098093739,-5.626811600285004,2.9511417276475136,2.390118550695776
1.214024019681404,-5.616322797369199,2.9214964201493,2.4341309657656067
1.1651786843178515,-5.604890257525674,2.89340607285198,2.484944281567515
1.1166594703956567,-5.5916495340071375,2.8645523609463823,2.5347391594582636
1.068995753298885,-5.577540390709466,2.8365998825079206,2.583574487118046
1.0213088297967658,-5.561631695280996,2.806406172848179,2.631503686959865
0.9740541196985225,-5.544469351685609,2.788800052006187,2.6785754009322664
0.9271058400690991,-5.5269464901631,2.7785340229214333,2.7248340687967665
0.8803686958350155,-5.508878365759744,2.7601052582378443,2.7703204194590256
0.8339502030245549,-5.489578184336361,2.737953462058617,2.8150718908169505
0.788168969200217,-5.469500825067707,2.7182555207553816,2.859122990440217
0.7425581350221173,-5.448398638266729,2.70092861794417,2.9025056069644206
0.6972832062439607,-5.42663982727098,2.6845373915829125,2.9452492801893677
0.6524351027670541,-5.404077345832608,2.6647565153758035,2.9873814363840583
0.6079032800074449,-5.38046650930346,2.6567533657776283,3.0289275941243905
0.5636349395825224,-5.357299432484201,2.644996944140493,3.069911545052114
0.5196756866449768,-5.332656824375459,2.627683671827121,3.1103555131914336
0.47608051847872845,-5.3078747848879235,2.6145070018554093,3.1502802958524874
0.43281766390235843,-5.282104687780156,2.6013865181890363,3.1897053886577873
0.39002290159165875,-5.256265183433823,2.5980180031340607,3.2286490968249577
0.34716038552238526,-5.230342066646252,2.5958457705969358,3.2671286345083974
0.30440603027856517,-5.204272750765234,2.5908524254021312,3.305160213729555
0.26183410147954866,-5.177941134610946,2.5792441300224676,3.3427591241991825
0.2195302643421213,-5.1507818351941435,2.565983795167896,3.379939805146384
0.1775046472830173,-5.123218875399673,2.5628918380867236,3.416715910111501
0.1356226508077647,-5.095963885953035,2.563990422654396,3.453100365527355
0.09376056939200161,-5.068638939252205,2.563847779366778,3.4891054238015284
0.05190383939049781,-5.041383401021995,2.5569930716291016,3.5247427115177263
0.010246783807030369,-5.013372664542345,2.5475530793687122,3.560023273293789
-0.03127718668153001,-4.985201099440179,2.549195759402334,3.5949576117653343
-0.07276357805011457,-4.957503979420011,2.549564327554539,3.629555724105308
-0.11424453148455527,-4.929405785819988,2.54511475766658,3.6638271354393477
-0.155572042530423,-4.901278802867381,2.5417453691039333,3.6977809294734842
-0.19684463523026352,-4.87291453090279,2.5405012749755027,3.7314257766132606
-0.23815631544717064,-4.844647447282114,2.5478412713249585,3.7647699598209137
-0.27957477575561995,-4.817071479453844,2.552378442597684,3.797821398429112
-0.321074310654188,-4.7892235516764,2.5491229044240926,3.8305876701052206
-0.36250461363290754,-4.761248210522874,2.5426201536097937,3.863076031138687
-0.4038222317086051,-4.732737383588612,2.543678386551731,3.8952934352054043
-0.4452353832154312,-4.704902002437221,2.552396425957377,3.8552400568794187
-0.48677346537133737,-4.677293428995407,2.559207356716467,3.8030183614826103
-0.5285248880770324,-4.650048953235642,2.5735245950705967,3.7500695219395777
-0.5705809049319379,-4.623803644325292,2.5844505867145964,3.6963622902776168
-0.6130319249526477,-4.597403151817974,2.584503550532192,3.641863114203037
-0.6554652891495958,-4.570929005220583,2.594232543903527,3.586535891943492
-0.6982055739613342,-4.545491613792802,2.6117739664561994,3.530341692500197
-0.7412867365634637,-4.520665659358845,2.6249276134683432,3.4732384351511794
-0.7846573066929683,-4.496374753156042,2.632821298405978,3.415180520707166
-0.8282845739308868,-4.472142897720129,2.6460216836346544,3.356118405334342
-0.8722359741020278,-4.449032749173954,2.6677722523884344,3.2959981056168983
-0.9166493017337223,-4.426831105119559,2.6842175741763095,3.2427090193566293
-0.9616360977424998,-4.405031461129289,2.6974956367962384,3.2274227093741903
-1.0067878902670993,-4.383943589785342,2.722696501349623,3.2430380418930347
-1.0524838618052896,-4.364581565656495,2.7497996838845284,3.2732007335755853
-1.0985270319574085,-4.346041344677518,2.7556620022894505,3.2941731665818135
-1.1447706825230781,-4.327084885733102,2.7634600265878584,3.2445989803201627
-1.1912560796437535,-4.30920481795304,2.77998145597652,3.1823725904898215
-1.2379535878199142,-4.291839063072436,2.787244362106206,3.118904946661112
-1.2848595783436672,-4.274574889139098,2.809621795423315,3.0541186663116755
-1.3321490066873831,-4.259367222925661,2.8452007985693437,2.9879279759592037
-1.3798906165503175,-4.245553623082431,2.8598978031469584,2.9202373792426397
-1.427881248294911,-4.2316632488856145,2.8712825452570994,2.853209405295587
-1.4760611250165505,-4.218905542084437,2.8924014553719126,2.7956094582226676
-1.5244966319789142,-4.2070765115864805,2.9133269948478584,2.7498290153806537
-1.5731905729621964,-4.196340945478923,2.945037500623199,2.718222746871959
-1.6222083446852225,-4.187619557012968,2.9761584054683285,2.7004577072428866
-1.6715039667820548,-4.179926523169767,2.997653195164658,2.6922115286796298
-1.7209734840997577,-4.173304356023452,3.0188366664088404,2.6866435369147483
-1.7705853224597252,-4.167702229006762,3.0399932672307814,2.6787046664925236
-1.820316388533661,-4.163176305172099,3.061984882675134,2.6698077583682
-1.8701469960322263,-4.159759560396747,3.0840323214733423,2.669017095247836
-1.9200537193182619,-4.157429042624194,3.1143341646768903,2.689529945456163
-1.9700234217408243,-4.157036405462902,-3.1396057250320277,2.735603379786902
-2.0200118203895134,-4.157627652491156,-3.110972198885935,2.780913586485134
-2.0699770942038183,-4.16009798928235,-3.0836042680505438,2.8254972835757073
-2.119884942264629,-4.163425633911084,-3.067337257745386,2.8693883361249295
-2.1697403136580076,-4.167519592219705,-3.0610306527657434,2.912618057261522
-2.2195692219182335,-4.171473818006998,-3.0544922338690372,2.955215469552427
-2.2693683707672987,-4.176219248877522,-3.0397866581134485,2.9972075329342913
-2.3190976299148445,-4.181641558673472,-3.018005242941187,3.0386193442868343
-2.3687074493303526,-4.188559198612195,-2.9985757255068606,3.079474312844684
-2.4181950424322705,-4.195911591449008,-2.9979986270902073,3.1197943149294844
-2.4676690756766404,-4.202867977867151,-2.9876245251884326,3.1595998309061892
-2.5170669258839524,-4.211256156053609,-2.969700034114669,3.198910066797519
-2.5663270626724213,-4.219995581087335,-2.971505747915221,3.2377430626062034
-2.615597714177289,-4.228178453388627,-2.982138419856002,3.27611578907869
-2.6649518550407896,-4.235856373857984,-2.974604922035925,3.3140442343829353
-2.714247995294353,-4.244806687029891,-2.9582562270535684,3.351543481956167
-2.763366482880426,-4.254104270580411,-2.948567307963303,3.3886277805977683
-2.8123954729495333,-4.263990486757786,-2.932526967177632,3.425310607731078
-2.8613057597710156,-4.274883643389521,-2.9182541446280212,3.4616047266305747
-2.9100185587541643,-4.286163374841752,-2.897780891701669,3.4975222383034574
-2.9585484044399744,-4.299073775065878,-2.8880544546739477,3.5330746286235333
-3.007005957770879,-4.311294190325744,-2.8843751594519773,3.568272811237869
-3.0553093021995092,-4.324526179722622,-2.8717429289470484,3.6031271667005447
-3.1035479738322995,-4.337997360255541,-2.873178625995314,3.6376475782312374
-3.1517628254629435,-4.35105585956255,-2.8708177751382755,3.671843464447753
-3.1999036755049137,-4.364744984737191,-2.862422463822629,3.7057238093797236
-3.247969068962313,-4.378633967534396,-2.8579853504108184,3.7392971900344936
-3.2959673285981084,-4.392744079419632,-2.85356204973023,3.7725718017548653
-3.343903141425339,-4.407056285370189,-2.8472185273827098,3.8055554815811106
-3.3917131912865672,-4.421772567252415,-2.836005068202734,3.83825572980594
-3.4394375734239073,-4.437194453263487,-2.840285224822683,3.870679729890374
-3.4872140975312576,-4.451451323265559,-2.850086711218308,3.9028343668903385
-3.535065700976503,-4.465888014518754,-2.8478165958465493,3.9347262445278703
-3.582891905382578,-4.4803967076700175,-2.8402955800815737,3.966361701026835
-3.630638470517499,-4.495588018184581,-2.837617740260968,3.99774682382071
-3.6783637619234844,-4.510345933375502,-2.8453234616276246,4.0
-3.726176925551931,-4.524751431370802,-2.8527932138362404,4.0
-3.7740823153511847,-4.5387844692183,-2.853389721635091,3.9704279016801967
-3.822011952991395,-4.553162370812712,-2.8564589460717653,3.919741124621225
-3.8699837527386625,-4.566895174583725,-2.8611887604671544,3.868390265427355
-3.9180253156552016,-4.5808134191412035,-2.87635416039113,3.816348517530779
-3.966260945797001,-4.593047779297605,-2.893200333364835,3.763587220839399
-4.0147096264271225,-4.605335472751832,-2.9009016973853554,3.710075677189333
-4.063349476984876,-4.61687807788563,-2.916972714734836,3.655780941478598
-4.112058586677616,-4.62757731876598,-2.923755976793659,3.600667584446584
-4.1608267763233275,-4.638454582053111,-2.926410225071598,3.5446974222478644
-4.209673125755124,-4.648912572167809,-2.9398773355366274,3.4878292069562282
-4.258691552545746,-4.658467582469168,-2.9635757604597277,3.4300182708701668
-4.307888166764932,-4.666583568894142,-2.9803917245260507,3.3712161159008223
-4.357199045986295,-4.674486073677464,-2.986321434329546,3.3113699373092826
-4.406561067133272,-4.682028955459838,-2.992275878483179,3.2504220684892506
-4.4560201021935715,-4.689352363456447,-3.015130783154693,3.188309330182408
-4.505626553800052,-4.694624177363315,-3.0403812462538897,3.124962263217662
-4.555338182960886,-4.699438951219463,-3.054851574109501,3.0655245236438087
-4.605136992595462,-4.703277533798699,-3.075056169112362,3.0267228674151085
-4.655010289254912,-4.70608058673651,-3.0952610522032757,3.004503931428917
-4.704939222534289,-4.707904842427872,-3.1151711699913074,2.9905373799492203
-4.754904731944725,-4.708720560461517,-3.136820466493205,2.9756006463259603
-4.8048859082938336,-4.708381810332792,3.1264538430528876,2.9542632782133875
-4.854867738614946,-4.707207123822792,3.1155253778287064,2.9275897012744565
-4.905270815256758,-4.70576445642072,3.0969208124780434,2.9019724308497366
-4.955136421226557,-4.702724955269191,3.0678315012437354,2.885100304321296
-5.004926816554589,-4.698400354772201,3.0428982387483194,2.8818116478853026
-5.054614524955927,-4.692875019858985,3.0191973482087544,2.8919480030363514
-5.104174005457727,-4.686191940640049,2.9992482868954133,2.910752411318758
-5.154064030742982,-4.678622551877039,2.9868740624003056,2.9313861914659936
-5.203347352554695,-4.670724362533431,2.96669242001211,2.9482370754457716
-5.252441048128799,-4.661238768841253,2.940186659492807,2.9589100834074875
-5.301351211566233,-4.650714500858474,2.925379623570956,2.9639033958937553
-5.3500833124975635,-4.639791994333165,2.905271669172328,2.964648529226497
-5.398559282520106,-4.627304770142111,2.8789254249965386,2.9612670193623183
-5.446788787706606,-4.6137898689057675,2.866296455791056,2.952174098101469
-5.495251687280646,-4.599992219379949,2.8485690092435103,2.9366744879725655
-5.542941820333772,-4.584779665226504,2.821339763926021,2.917838572228011
-5.590298623147291,-4.568467993560159,2.8055413379756606,2.902151586090858
-5.6373774563446055,-4.55179327210579,2.7872979321274047,2.8964490823795854
-5.684132375544074,-4.5337585937386855,2.7610016959719945,2.9047027193997743
-5.7304492112733065,-4.514555438240291,2.7361682774481326,2.9259252012706107
-5.776301146803602,-4.49419957415534,2.7117003657182974,2.95389509933752
-5.821672007923661,-4.472730637782199,2.6942380243931514,2.9796911967302364
-5.86662518992447,-4.450862407673361,2.6876573525744893,2.9968644112737968
-5.911881180384458,-4.428715967107,2.669551513787321,3.006241778794099
-5.956156527673238,-4.405153402633802,2.6414739372800344,3.0163904175918477
-5.999921393632638,-4.380605807408692,2.619591350494487,3.03958913815456
-6.043163913412646,-4.355104816989022,2.5991778126803697,3.080431244612233
-6.0859291679367296,-4.328767466619978,2.5833595126600883,3.120738883146003
-6.128689460664654,-4.301694890568411,2.5658122797146694,3.160532502724098
-6.1704905476961684,-4.273874095385883,2.544516342714313,3.1998312806727074
-6.211752946918166,-4.245223908465777,2.5297953313134793,3.2386532307068054
-6.252534760812679,-4.216312078775019,2.5226678136832326,3.2770152994399826
-6.293164122997981,-4.1872357764642665,2.514343183831862,3.3149334528403145
-6.333931941566341,-4.157306414672863,2.502965038120184,3.3524227538835105
-6.374345891910037,-4.126965388963731,2.4917728460119384,3.3894974324746125
-6.414371807738997,-4.096178542680947,2.4763560477975326,3.426170948558767
-6.453504809762918,-4.064862839361417,2.463389692319883,3.4624560492148015
-6.492328136092423,-4.033369635424856,2.457303481122875,3.4983648204182853
-6.530844781581209,-4.001770428265974,2.4488735896298013,3.533908734070017
-6.569473065479831,-3.9693456982101116,2.435471515396725,3.5690986908087092
-6.607309698537181,-3.936560648625766,2.4311023664814435,3.6039450590607696
-6.645381733732375,-3.9040352820191213,2.433433268326082,3.638457710723683
-6.683314710106889,-3.87147502813019,2.4335169445814833,3.6726460538310404
-6.721328443548597,-3.8390106015193735,2.424710775853452,3.7065190625055204
-6.758614842137664,-3.8058459784799807,2.4134808166908783,3.7400853044700586
-6.796066381793844,-3.7723800172496667,2.407027448957471,3.77335296635618
-6.832986434213888,-3.7386755878529234,2.3954179983993407,3.8063298770213114
-6.869385210211544,-3.7045984801455996,2.3882007597289814,3.8390235290632386
-6.905950296218453,-3.67023897361531,2.3793685210464215,3.871441098699198
-6.942180480685905,-3.635101289961603,2.370190461573005,3.9035894641590247
-6.978070246516565,-3.6001100642935575,2.36313876289126,3.935475222725895
-7.013461348172842,-3.564803598400936,2.3512485568221497,3.967104706544248
-7.048263758969036,-3.529218749998503,2.345854895798001,3.9984839973021793
-7.083331378383315,-3.4934735647732515,2.343487855598214,4.0
-7.118141192970328,-3.457542548870322,2.3327840973798626,4.0
-7.152618966773839,-3.420863489352432,2.3201923514510807,4.0
-7.186484996135104,-3.384091625561517,2.308706951242015,4.0
-7.21967540272982,-3.3471155704412805,2.302843969267262,4.0
-7.2530973640800385,-3.309963549671058,2.3011571940358695,4.0
-7.286321059392499,-3.2726983456474996,2.295644353706871,4.0
-7.31934336638526,-3.235166946026123,2.289748128225196,4.0
-7.352093595007824,-3.1975482057843974,2.2784079196613445,4.0
-7.384396978124624,-3.1591150273705404,2.2639821608913375,4.0
-7.4158372495291,-3.120813911172235,2.2578472352142147,4.0
-7.4474251028673155,-3.0822880168160602,2.254659420104983,4.0
-7.478896685464792,-3.0434470842374357,2.2496238336845638,4.0
-7.5100631043737405,-3.004643118929835,2.2407069929110057,4.0
-7.540912826363483,-2.965154629306186,2.2329160082814856,4.0
-7.5714382738273525,-2.9259072353542734,2.2262594919920033,4.0
-7.6016887426937,-2.8861079221791077,2.215332755006685,4.0
-7.631555175790962,-2.8459240172322997,2.208596164086809,4.0
-7.661076570059766,-2.80597642070047,2.2002409357517103,4.0
-7.690245236692007,-2.7653350740872837,2.190901320635911,4.0
-7.718985785234519,-2.724878746861887,2.175491212143202,4.0
-7.746732749879419,-2.6835936634810333,2.1603079451354033,4.0
-7.7744330383506,-2.641979183120907,2.1561528919171566,4.0
-7.801764275171285,-2.6005712381122805,2.1475510715286,4.0
-7.828741632515747,-2.5584968551527,2.1393095980691457,4.0
-7.855359028678858,-2.5166817128215992,2.130378484617201,4.0
-7.881561542558688,-2.474169521571624,2.1170822129276154,3.9506809161037735
-7.907248856989329,-2.4313375210570456,2.106558140410672,3.8997374863537684
-7.932577463048522,-2.388238296843295,2.098573736247892,3.848119699811723
-7.957581027897,-2.3449948823765023,2.1013380394908157,3.795800045535239
-7.98302567724301,-2.3022438358243575,2.103762973108161,3.742749089545221
-8.008311764210797,-2.2589973276118274,2.09727797920827,3.68893528120213
-8.033359468860315,-2.215640693653635,2.092035929326815,3.6343247337716114
-8.058167231762823,-2.172172722862864,2.0899405215014277,3.5788809748453985
-8.082798914737825,-2.1291212778314095,2.086231447279983,3.522564661396098
-8.10725636810977,-2.085521829740841,2.0759873391317663,3.4653332531407224
-8.131170168243596,-2.0416604577882143,2.0617745784861388,3.4071406365057957
-8.154536453405985,-1.9970892201414978,2.0506192550244213,3.3479366897442033
-8.177425619338926,-1.9527736144891978,2.0427394303049735,3.28766677754021
-8.199857967903185,-1.9082953756383727,2.032384503302352,3.2262711606044348
-8.22177005186365,-1.8636262384203404,2.0176971034118796,3.1636843021000285
-8.24302868608667,-1.8182134427393557,2.0001533336574475,3.09983404797102
-8.263452389477953,-1.7725855627267262,1.980687136009163,3.034640651966334
-8.282910017613233,-1.7264270132010786,1.9555424633316205,2.968015607804803
-8.30081402229855,-1.6803178738281335,1.9328956825711103,2.8998602396976256
-8.318156838707738,-1.6333787616587183,1.9153080622398155,2.83752615067777
-8.33460026250209,-1.5861589184157678,1.8983548521509055,2.7794904742743736
-8.35016680476244,-1.5391761746632246,1.878769366662465,2.7239835857669283
-8.364718093885637,-1.4914767465154497,1.8477493342126805,2.6717051239762246
-8.377390554115662,-1.4434049942843692,1.8193139416745778,2.6228470775621915
-8.389091110852236,-1.3954305510238398,1.796968801959904,2.5755505641829
-8.399672346981875,-1.3465737744965014,1.7711038362055436,2.526921469570852
-8.40895067851767,-1.297614720764683,1.7448564150263313,2.4752938090560335
-8.416926449709159,-1.248449608037232,1.7181140067427374,2.421809110024943
-8.423568227807634,-1.1991088917319885,1.6908227892233145,2.370226212978255
-8.42884562512526,-1.149622375684075,1.6596398723116474,2.3250146548845962
-8.432396582775816,-1.100000793711424,1.6178172180373913,2.2887389981951403
-8.433519904571153,-1.0502870818093641,1.5803593031526197,2.260334366628507
-8.433347663485847,-1.0005493591366363,1.5509688283049603,2.2355032608893404
-8.431548070381403,-0.950850645667293,1.5178800215159134,2.209089515426422
-8.428087989026793,-0.9012460489783404,1.4840666606614332,2.177810154595975
-8.422935264897712,-0.8517934285137472,1.4495530143593325,2.1415930290388063
-8.416063206406617,-0.802553565585132,1.4144030459714858,2.103045156992255
-8.407450661531367,-0.7535913081240178,1.3749476505815086,2.065744526417273
-8.396720325228856,-0.705055144322427,1.3243493490244003,2.03227456944674
-8.383173614855865,-0.6570855713441311,1.2790910881477637,2.002948623831145
-8.36808462076127,-0.6096888877740001,1.2426750876144277,1.9759788578871982
-8.35112029336989,-0.5629293543384633,1.2036923731817366,1.9489845600902207
-8.332472289828813,-0.5170775123276338,1.153506615637694,1.9207066517016986
-8.310830007131923,-0.4720474393908163,1.1020422307930529,1.8918448695974794
-8.287419619676879,-0.4281108569343876,1.060215335122911,1.8648549824246776
-8.26218428728245,-0.3851989623378844,1.0159359631924805,1.8430826114544119
-8.23498488949724,-0.3435131436213382,0.9597756730223668,1.8295682040743164
-8.204938252740586,-0.30347018936633263,0.8959197131520447,1.8259825348125276
-8.172416309663673,-0.2653241676092293,0.8376786894032944,1.8322358234405731
-8.137829028964164,-0.22894973820107622,0.7940646204470051,1.8469036218961121
-8.102333728201867,-0.19401620035102884,0.7477845510929522,1.868059958292256
-8.064501447521447,-0.16094084077821746,0.6974559931201177,1.8940138836999572
-8.025575694833893,-0.1296968970165555,0.6490082845992533,1.9237579033226586
-7.984695541291041,-0.10039682909072056,0.5978508817764139,1.9571073718694618
-7.94241705204429,-0.07306698914765575,0.5551270760915804,1.9944604491612052
-7.899471120316442,-0.047542189682555414,0.5136537636317888,2.036300786275489
-7.855061847716071,-0.023784194685169124,0.47417538571686985,2.0828787608078754
-7.810234486988097,-0.0017432857337436047,0.43493637650332106,2.134296518568698
-7.764103305122843,0.018475989181275132,0.39385242099201634,2.190652650684157
-7.7172059172245895,0.036916171846542944,0.3582836997839604,2.246978762682374
-7.669710459965491,0.053820885110960726,0.3281861700884805,2.3019270370586686
-7.622196972535377,0.0692666689868986,0.2970470566803695,2.355593897075171
-7.573774653162973,0.08318718916804846,0.2651781031222321,2.4080650182114853
-7.524953869966524,0.09567534630215202,0.23778126166842795,2.4594169341390595
-7.47582836450281,0.10692607508846308,0.2141821271796258,2.509718346732569
-7.426940616981186,0.11699504115261083,0.1900490624772526,2.5590312041712484
-7.377391845155513,0.12586237871539918,0.1657911630138956,2.6074115954176165
-7.327662850731881,0.1336068988848873,0.14063545894851895,2.6549104979103024
-7.277749048457315,0.1399688125968539,0.11263631363338118,2.7015744068802583
-7.227728796431004,0.14491094744168143,0.10527619298480669,2.7474458684215253
-7.178190062814359,0.15048889729827586,0.10973825815285744,2.7925639337180086
-7.128233280212782,0.15587345272449227,0.10286020412441078,2.8369645482273285
-7.078269923111532,0.16080310448005353,0.08613891622587382,2.880680886855533
-7.028275891058844,0.16450503298727526,0.06517659488108757,2.9237436440103415
-6.978249181242516,0.16733136245982472,0.048274512648404336,2.966181285742151
-6.928212206355706,0.1693393144996045,0.03251390791281711,3.008020269859073
-6.878183352986837,0.1705860405646722,0.01784672332335936,3.0492852388517444
-6.8281764120937165,0.17112481521020806,0.004228594289390736,3.0899991896237173
-6.778204314867204,0.17100881387419786,-0.008395908964786104,3.13018362334725
-6.728218953095769,0.17028556176399867,-0.020325431276787403,3.1698586782169653
-6.678797555012984,0.16898805032592978,-0.031401147312419976,3.2090432474280393
-6.629002343232866,0.16716902197847272,-0.041212114417718,3.2477550843405028
-6.579273508022164,0.1648841302324504,-0.05004851075412716,3.2860108964907093
-6.529616622936666,0.16219075738543154,-0.057774725832802805,3.3238264298623905
-6.480032177567101,0.15914410156900693,-0.06434200735163859,3.361216544623071
-6.430522585919101,0.15580603500339407,-0.06941261793868692,3.3981952833590867
-6.381084522032439,0.15226483384930134,-0.07206103593934662,3.4347759326977987
-6.331220516132396,0.14863781298868162,-0.07243546197315313,3.4709710790837947
-6.281358516730148,0.14502847401237773,-0.07109329845472212,3.5067926593729792
-6.231491761866229,0.14153579772653302,-0.06776207058126077,3.5422520068211267
-6.18161366645999,0.13825919242257356,-0.062394700565129795,3.5773598929691697
-6.1317183867966145,0.13530237665673184,-0.05805965518348909,3.6121265658640036
-6.081819156154582,0.13245863835839344,-0.061719827692292305,3.6465617849992027
-6.031922445975785,0.12913515538710385,-0.06149861127017132,3.68067485331327
-5.982025041388582,0.12631369003963755,-0.06021043945728383,3.714474646542732
-5.932123763374804,0.12311896092876395,-0.05784490395090872,3.7479696401925193
-5.882215544358772,0.1205337712325445,-0.05746132792278061,3.781167934355856
-5.832315549406889,0.11737752799606938,-0.06301157282607339,3.8140772765895843
-5.782414408064171,0.11423680851533646,-0.05560983367971224,3.8467050830279557
-5.73249986022647,0.11182106523984103,-0.05284088957631227,3.8790584578978957
-5.682586282798282,0.1089568865282633,-0.061706602741287385,3.911144211581221
-5.632700308351995,0.10565494569680034,-0.07602825565760984,3.9429688773538882
-5.582853324915271,0.10135972010893468,-0.08604568745012296,3.9745387269188197
-5.533046366091213,0.09705892867935972,-0.09455950688058544,4.0
-5.483275640676208,0.09191553821220566,-0.10019707627288697,4.0
-5.433530173945201,0.08705419406305737,-0.10258384917666577,4.0
-5.383798519343262,0.08167484451092832,-0.10096596622318046,4.0
-5.3340482962720515,0.07697563951208153,-0.0904622657119615,4.0
-5.284262903690608,0.07264598476447048,-0.08308632102676722,4.0
-5.23444557563313,0.06868092001924175,-0.07580240387968076,4.0
-5.184599323277784,0.06507674260030516,-0.06860539817469041,4.0
-5.134727055721991,0.061828937804273565,-0.061493392938936645,4.0
-5.084831578246936,0.05893394062618462,-0.054450536085709954,4.0
-5.034915641483689,0.056388775286855264,-0.04750860900597076,4.0
-4.984981956016796,0.05418665177557358,-0.04066370240982749,4.0
-4.935033128748423,0.052324942367136806,-0.033905955798179496,4.0
-4.885071672979242,0.05079779941172191,-0.027259896986352904,4.0
-4.835100022355557,0.04960010120294367,-0.020736835978889045,4.0
-4.785120505181329,0.04872483129394034,-0.014332606992144723,4.0
-4.735135327160363,0.048167248398339524,-0.008034894167283448,4.0
-4.685146578545988,0.0479215340870347,-0.001840607877665561,4.0
-4.635156250536437,0.047983225914491,0.004254311850485574,4.0
-4.585166245116387,0.04834688417052391,0.010246851192122059,4.0
-4.535178382641385,0.04900772010616805,0.013641481598238924,4.0
-4.485190518791345,0.04971078580533472,0.00855467988233538,4.0
-4.435201535144115,0.049863010896373794,0.009786888075088662,4.0
-4.385215278069387,0.050689263537329055,0.02033212557059689,4.0
-4.335235358792003,0.051895815871858986,0.027850168458474666,4.0
-4.285264473703254,0.05347363019489748,0.0351885233153679,4.0
-4.235305114824056,0.05541366568311368,0.042343458672170216,4.0
-4.185359553402564,0.057706480150104156,0.04929970736374509,4.0
-4.135429886065608,0.060341478166407114,0.05609782278460577,4.0
-4.085518091568773,0.06331325145592981,0.06274231549494078,4.0
-4.0356259372433705,0.06661163887215871,0.06919417583792903,4.0
-3.9857550202717977,0.07022731293654338,0.07548888223967734,4.0
-3.935906780415767,0.07415365824968312,0.08160571543873868,4.0
-3.8860824745167477,0.07837926633988879,0.08754926819704126,4.0
-3.836283221118577,0.08289798076375021,0.09332102274827642,4.0
-3.786509925464177,0.08769854746807582,0.09889685257212248,4.0
-3.736763359300703,0.09277239540159954,0.10431525864640515,4.0
-3.6870442118273132,0.0981121389759636,0.10956588128868075,4.0
-3.6373530119907156,0.10370817295428658,0.11463719483498411,4.0
-3.587690106103043,0.10955197180976306,0.11952562322098942,4.0
-3.5380557154484498,0.11563358868871632,0.12424347539821662,4.0
-3.488449950954417,0.12194575125772467,0.12878515819499484,4.0
-3.4388727701166744,0.1284779692937672,0.1331501572447286,4.0
-3.3893240320220226,0.1352229394448088,0.13734638874421895,4.0
-3.339803423391613,0.14217099667390976,0.14134099963836444,4.0
-3.2903104578421263,0.14931155961122755,0.14515397064440871,4.0
-3.2408446742780157,0.1566369929816318,0.1510099601163031,4.0
-3.1914397687010325,0.1643565547377932,0.16444804492684137,4.0
-3.142106549238387,0.17302225466396948,0.16284629655313834,4.0
-3.092744967480387,0.18057223239627973,0.14339419691919755,4.0
-3.0432671483776508,0.18729319806822886,0.12732673486872356,4.0
-2.993692416946671,0.1932528709974246,0.12055912480716184,4.0
-2.9440751438376864,0.19930997510646797,0.12045069826076953,4.0
-2.89444631485186,0.20526528307080127,0.1182456186751328,4.0
-2.8448043339897273,0.21110332973477774,0.11575104679476719,4.0
-2.79514778290185,0.21681080166477606,0.11297141344414563,4.0
-2.745475382352362,0.22237264433106851,0.10990816534521569,4.0
-2.6957860096724113,0.22777565857301596,0.10658501103687586,4.0
-2.6460787229254477,0.23300713948606955,0.10298453765579399,4.0
-2.596352633551972,0.23805211461751163,0.09908982758799212,4.0
-2.54660695811023,0.24289616682493076,0.09492323608086047,4.0
-2.4968411453629393,0.24752654039934718,0.09048558024593441,4.0
-2.447054808015939,0.25192886652279967,0.08575555467780915,4.0
-2.3972476950789012,0.25608822986552227,0.08074557526608338,4.0
-2.347419782618301,0.25999148393258054,0.07545157848338283,4.0
-2.2975712446542023,0.2636232796813829,0.06986656818067472,4.0
-2.2477024789412354,0.2669697478455202,0.06400915367832392,4.0
-2.197814148966635,0.2700173819142959,0.057857007691319226,4.0
-2.1479071251818347,0.27275005957139253,0.05141604534447892,4.0
-2.097982554224056,0.2751548556729819,0.04469796582496454,4.0
-2.0480418787350536,0.2772168080581956,0.03770625611207542,4.0
-1.998086818190417,0.2789233360100738,0.03041565282409024,4.0
-1.9481193570401727,0.28025695433706943,0.02282784714542308,4.0
-1.8981418082595836,0.28120526181207595,0.016336112782480552,4.0
-1.848158706653394,0.28189006807374994,0.019446622850627506,4.0
-1.7981787390453996,0.2831494510029984,0.02811145935878494,4.0
-1.7482071795726712,0.2847005917468124,0.03273489908832307,4.0
-1.698242468414751,0.28642202375507964,0.03497303461288908,4.0
-1.6482814640706174,0.28819672275790253,0.03503590547558877,4.0
-1.5983209060692602,0.28992429931722086,0.032954448505555206,4.0
-1.5483554268025723,0.2914909227894853,0.023940283353724265,4.0
-1.4983807558939468,0.29231735203078557,0.02772552372534072,4.0
-1.448411794070136,0.29426262259259417,0.03742333346038417,4.0
-1.3984515803492437,0.2960587816841347,0.02855421791086086,4.0
-1.348480605081593,0.29711685530779786,0.016232039973040912,4.0
-1.2984972073068068,0.2976813875729345,0.006275351392637452,4.0
-1.248508035048699,0.29774422654970145,-0.003646498971079031,4.0
-1.1985181711903845,0.29731681250469233,-0.013324925509750833,4.0
-1.1485323672404686,0.2964119793739908,-0.022776509014754552,4.0
-1.0985550447811916,0.295039607659902,-0.032007287110442005,4.0
-1.0485903068754059,0.2932120123258999,-0.04100492367454129,4.0
-0.9986419351117389,0.2909403804809072,-0.04977646018223835,4.0
-0.9487133984627674,0.2882363833268915,-0.05830929338826729,4.0
-0.898807846314239,0.28511251895085454,-0.06661150015754892,4.0
-0.8489281292642061,0.28157968848266446,-0.07467165334924676,4.0
-0.7990767873724411,0.27765156366163257,-0.08249873784166561,4.0
-0.7492560805148576,0.2733381643878898,-0.09007967708696325,4.0
-0.6994679475862396,0.26865448321633423,-0.0974116507135006,4.0
-0.6497140693374893,0.2636108256136396,-0.1045257828190809,4.0
-0.5999959537118742,0.25821906293170827,-0.11140260293081737,4.0
-0.550314830361599,0.2524914544256607,-0.11805617234601677,4.0
-0.5006717266989456,0.24643844410093685,-0.12321104520986004,4.0
-0.45105166749426306,0.24019886890876485,-0.11828973210342943,4.0
-0.40140935998675364,0.23464165188929265,-0.11438735336878976,4.0
-0.35175134304401534,0.228790366090168,-0.11893338133738784,4.0
-0.302113333216105,0.22277603989171624,-0.12306771949687961,4.0
-0.25250697129501243,0.21651454979079876,-0.1353368244592946,4.0
-0.20297196834784748,0.20927603932290761,-0.1450084124858632,4.0
-0.15350430675309257,0.20205685211065916,-0.15419282366111065,4.0
-0.10411231501379437,0.19391062367187395,-0.17042342030238708,4.0
-0.05484265349150075,0.18507789681096476,-0.18320178422775593,4.0
-0.005685092147210469,0.1756740993446293,-0.19308360831852409,4.0
0.043386335481738314,0.16587222317025407,-0.19192751412099526,4.0
0.09246504159345159,0.15660162540488365,-0.18224615171641512,4.0
0.14162628677790368,0.14776748330968736,-0.1733290029378269,4.0
0.19086661195744825,0.13937289888836268,-0.16437364877599928,4.0
0.24018240282095393,0.13141995943053697,-0.15537218252197244,4.0
0.2895700332025479,0.12391252509991002,-0.14631910686311442,4.0
0.33902584689167503,0.11685317147946161,-0.13722791472896778,4.0
0.38854603217756634,0.11024434982901443,-0.12810110736775324,4.0
0.43812670347856575,0.10408834234084097,-0.11894151113555931,4.0
0.4877639065838101,0.09838725869149645,-0.10988702935362395,4.0
0.5374522588084685,0.09312960708622864,-0.10940027263863199,4.0
0.5871443524000499,0.08747142762184712,-0.10753973664387578,4.0
0.6368467986655961,0.0823993481046017,-0.09600111011454324,4.0
0.6866071798811276,0.07789344342602877,-0.08462157964671845,4.0
0.7364189685076277,0.07395322380415426,-0.07326749144090001,4.0
0.7862755980457357,0.07057789350126864,-0.06195348139679872,4.0
0.8361704971276325,0.06776535046999577,-0.0506643277025392,3.9946265637995526
0.8860971986321938,0.06551616753829048,-0.03939478385159645,3.9684795448309416
0.9360492872702784,0.06382861037028231,-0.028179340432686686,3.9614910885177883
0.9860203322905815,0.0626996539904825,-0.017012403536973118,3.9646168760495066
1.0360039991065169,0.062127976407047036,-0.005894233544046511,3.9723020449655446
1.0859946450762974,0.062110375218263236,0.005164226663817203,3.9819809256442245
1.135981830403259,0.06264428917911768,0.016187103106461098,3.992762339454099
1.1859631743969927,0.06372871745950359,0.027146582218892663,4.0
1.2359327324536373,0.06535828127256682,0.03801258118512647,4.0
1.2858846340006407,0.06752882055883802,0.0488310609814258,4.0
1.335813126045736,0.07023942713249731,0.0595734808118237,4.0
1.385712636795416,0.07348296759010697,0.07023142087029331,4.0
1.4355776318124391,0.07725757281104695,0.08082667759268448,4.0
1.4854028259497096,0.08155818703810791,0.09132130026443647,4.0
1.5351829973044273,0.08637903479669351,0.10174716224157908,4.0
1.5849130689094602,0.09171815640477554,0.11208191921041705,4.0
1.6345882214112537,0.09756745334629091,0.12231289914184447,4.0
1.6842036868773167,0.10392360686308866,0.1324621325293753,4.0
1.7337549218302795,0.11078065708788376,0.1425110610448642,4.0
1.7832374982377723,0.11813334801648612,0.15246343337377982,4.0
1.8326472716613253,0.12597604658198414,0.16229375043760239,4.0
1.881980386409106,0.13430089866026584,0.17199533592475627,4.0
1.931233264974609,0.14310158306690113,0.18155730252776833,4.0
1.9804027546386846,0.15236916439909187,0.19096357911707978,4.0
2.029485845224457,0.1620956974063752,0.20023829137475457,4.0
2.0784795561680234,0.1722746486915785,0.2094002833121319,4.0
2.1273806680845624,0.1828998707817675,0.21850744975432856,4.0
2.1761852205595202,0.1939704608506645,0.22390238889515968,4.0
2.224971992273683,0.205123420953516,0.2159061248968388,4.0
2.2738436323491804,0.21538936635272954,0.2005066090045354,4.0
2.322835903805064,0.22501303923724247,0.1862361222032982,3.952402455168651
2.3719635709618077,0.23387708107025773,0.16950516694347847,3.9014815044069397
2.4212379150382537,0.2418542926877807,0.15353060310970496,3.8870371902517435
2.4706166914977965,0.24914349458472973,0.14529063256057262,3.919057621724419
2.5200780518998513,0.256316746615755,0.130977902775496,3.9508185438453576
2.5696547586118914,0.2621899834642347,0.11042068887993475,3.9823261657464024
2.619323051463528,0.26732020495572684,0.10694746981935181,4.0
2.6689958878997193,0.27285495807382976,0.11869752505305085,4.0
2.7186343919010887,0.27916388988692553,0.11939973202238943,4.0
2.7683015922146033,0.28476870172411317,0.1025448706678983,4.0
2.8180272427979833,0.2893919931230755,0.0951915037257273,4.0
2.8677771846118514,0.2942666385663131,0.09404542119159552,4.0
2.9175592293545987,0.29878021522718257,0.08102266877762113,4.0
2.9673840726232306,0.3023547608377637,0.07444600369363215,4.0
3.017225370245857,0.30621369883283656,0.07675713714064047,4.0
3.0670696659374865,0.3100214039251572,0.07547230821655801,4.0
3.1169188359032245,0.31375211334880504,0.07366883314655928,4.0
3.166774670043125,0.31737987176142646,0.06869460999802873,4.0
3.2166558469998043,0.32061430593907225,0.05491978449506308,4.0
3.266569579471131,0.3228661036162741,0.04742265443181844,4.0
3.3164972463886047,0.3253526026509679,0.048808100494403074,4.0
3.366428888177742,0.3277439207680972,0.043974787505398204,4.0
3.4163760532316014,0.3297475853028269,0.03023186383302002,4.0
3.4663425583741505,0.3307654178114019,0.02265502662352487,4.0
3.5163171719897335,0.3320121414503232,0.02393271054597234,4.0
3.5662938341746955,0.3331579795808448,0.018993060090221628,4.0
3.6162768324055636,0.3339109096109105,0.0050965445567292275,4.0
3.666265867162684,0.3336674959129251,-0.0026894501134200727,4.0
3.716256722260821,0.33364201803648896,-0.0043089927974969775,4.0
3.766245450137818,0.33323668194361744,-0.014998318854439509,4.0
3.816232834249556,0.33214243198562343,-0.00950711216952861,4.0
3.8662219711548427,0.33228616530627697,0.0005934623727837472,4.0
3.916212704854077,0.3322017662838288,0.0027718262959250317,4.0
3.9662010786021566,0.3325632907350631,0.01969136157747598,4.0
4.016179306371305,0.334170499245106,0.03414601997829183,4.0
4.066143123844398,0.33597724074416746,0.04015558472032711,4.0
4.116097053867033,0.3381849127601573,0.040003026146516046,4.0
4.166052149180586,0.33997603733877924,0.03499945911447374,4.0
4.216011728773703,0.34168330092050425,0.033837584323249036,3.9674678692543033
4.2664082936833525,0.3433731434816458,0.03400635995046641,3.9167427864453312
4.3167489701039425,0.3451103289536732,0.03569128816173294,3.865352094800394
4.367031634353489,0.34696604588673985,0.03891988638584895,3.8132688835674897
4.416821555240955,0.3490071103559558,0.04309787161364606,3.7604643782371223
4.467041733968922,0.35127893894475726,0.0479307943262332,3.7069077546651417
4.517199445476929,0.35382199010498905,0.0538374956801717,3.652565928659306
4.567292523965716,0.3566814110721843,0.061793775498480294,3.5974033169508632
4.61730992783832,0.36001608076933955,0.07992553441300239,3.5413815646461098
4.667222146449034,0.36468539019806023,0.09866156778505537,3.484459233227099
4.7165757741572545,0.36984170672767247,0.11007560871058998,3.4265914418891317
4.76631273878182,0.3756371159427174,0.12284270847062259,3.3677294533905324
4.8158833488515524,0.3821026542282153,0.13620230597389155,3.307820193547459
4.86541082789619,0.3892185918758324,0.1501197243798593,3.246805690897841
4.914794757574506,0.39706376437599866,0.16544137362966685,3.184622419699526
4.964016893932946,0.40568260099730713,0.18168625680147962,3.1212005250638923
5.013059557448643,0.41511620292280016,0.19943267819214228,3.0564629033026676
5.061890899481387,0.42546484307951804,0.2200705272805266,2.990324102981419
5.110041652425912,0.43681046492877407,0.24060545401950337,2.9226890020113134
5.158419150598043,0.4491488709739393,0.2600891777827491,2.8546674758589603
5.206511223543006,0.46248266093642343,0.28132912302926893,2.796148256352536
5.2542850085582335,0.4768535193023471,0.3035960664944804,2.7491309861723594
5.30170416734696,0.492304784879837,0.327594465438395,2.7154485562306814
5.348706701062214,0.5089417226368,0.3557639056912012,2.695041389196557
5.394780823685412,0.5268896747192668,0.3828824430647703,2.6841499577706296
5.440851680057699,0.5460539296813087,0.40415390136673074,2.6746370012966185
5.486890089515545,0.5662846501830936,0.42808286065840684,2.655783374025203
5.531926715902868,0.5876117127595599,0.45204146005895235,2.618690839412098
5.576885258824072,0.6099840881171696,0.47293368026310967,2.5611008003329268
5.621278938612113,0.6333298561424572,0.49581782026276655,2.489034732658984
5.6650692582468025,0.6576814466110348,0.5211804978448735,2.4137028607354423
5.7081312658172525,0.6831944164725969,0.5558739695602016,2.3461889725024534
5.7502484861513485,0.710596188548364,0.595343009884917,2.293663950704117
5.791279857672002,0.7395127711437433,0.6318967494599341,2.258448959845188
5.831203300800028,0.7698570422723696,0.6675266857546364,2.238911026430229
5.869995615523295,0.801559389520538,0.7024936108031644,2.2308936842880747
5.907628207898363,0.8345553164846566,0.7370068953985824,2.229147142270406
5.944072419403633,0.8687926762461173,0.7712782276204871,2.228668467823575
5.979291984462317,0.9042233641344952,0.8054770493736986,2.225701989203814
6.013249475318105,0.9408050394473747,0.8400258168939435,2.218037835876948
6.045960490264058,0.9786047693562101,0.8746230040553267,2.2046378942156317
6.077278518106432,1.0174160774968757,0.909527899063163,2.1850659890994404
6.107179098801739,1.05727783368907,0.9452873248179334,2.1591696384484855
6.135598695711212,1.098163016184122,0.9818803396383259,2.127122023446133
6.162464411618348,1.1400419131394879,1.0195070838895712,2.08962550064378
6.187693877707394,1.1828870940007317,1.0583745343240623,2.0479770553331833
6.21119551569669,1.2266684322347068,1.0987006818568343,2.0038728711756217
6.232864641832922,1.2713522595786975,1.1407362966503736,1.9590708741063625
6.2525845598216,1.3169008591291804,1.1879617985716557,1.915060502955002
6.269951273960516,1.3634464723798305,1.2373336763314455,1.8728456998454148
6.285083395517848,1.410720108408815,1.2855152474048959,1.8329564502753668
6.2978776964079035,1.4586672274588013,1.335828158589739,1.7956673109938188
6.308179751909153,1.5072001276781708,1.3891698817753513,1.761192965786774
6.315793359006977,1.5562203473743514,1.446489478771557,1.7297123473870657
6.320536335551962,1.606091481946454,1.5050655862226934,1.7013098137085232
6.322343227193764,1.6557237523841315,1.5651569325689505,1.675935079528254
6.321096258452831,1.705378203662338,1.6268468007390957,1.6533821273062264
6.316752964517569,1.7553555097983753,1.6896070578970577,1.6333313557468223
6.309287460926732,1.804301766950237,1.7535848756165224,1.6155083188289645
6.298638868961906,1.853347994787299,1.8186171662648027,1.5998505777849221
6.284794788223071,1.9011023448690187,1.8874165851492288,1.586538137904484
6.267689095198929,1.9478099653475218,1.9534857266971046,1.5759443580596568
6.247490953154269,1.9937747316552734,2.0216265514570417,1.5686071823968961
6.224134277613724,2.037784492431672,2.0959492074737835,1.5651359130720182
6.197615253007328,2.0798527621527247,2.1636115619693466,1.566015971219414
6.168285418126438,2.120690500861934,2.2304213505770853,1.5714900862257295
6.136244399434947,2.158989470530563,2.3042648504546754,1.58160757856995
6.101460108448708,2.1948433430497807,2.37474102390203,1.5963578835361667
6.064326532989214,2.2282879626821823,2.436832033232687,1.6159028807118472
6.025086552501931,2.2597959399288197,2.502002366497816,1.640918091491744
5.983863048608694,2.288145326519206,2.5647283878589646,1.6727823250158806
5.941030530227961,2.31449084798203,2.6251736225016704,1.7133533177483766
5.896662407197272,2.3376593010152282,2.690628493699393,1.764405213101101
5.850965460095186,2.3581043861765534,2.7437490864664635,1.8269788636662723
5.8042227864990545,2.3765073868094193,2.795630921099764,1.8941505463609256
5.756449700787138,2.3921734286802305,2.8415745241786667,1.959020371582563
5.708282761786275,2.4061870200235544,2.8765635641925886,2.0218099169485675
5.659675357064395,2.418439319742497,2.912062409004958,2.082707340042682
5.610713248196869,2.428983932752462,2.9476782832352195,2.1418740365072253
5.560970573389562,2.437823169208213,2.9817582156758147,2.199449683957295
5.510960825135011,2.445064980115241,3.0117751972057314,2.2555561257162133
5.460763648922724,2.450905349414274,3.037898599912899,2.3103004047638533
5.410927108578779,2.455475220349056,3.062465501933716,2.363777164676932
5.3605672843669785,2.458850190437364,3.0854946697802728,2.4160705718675115
5.310155809647864,2.4611342245555727,3.1060522061077576,2.467255870849291
5.259722246361797,2.462435778021423,3.1245597205056597,2.5174006546905447
5.2092896547263585,2.4628524371890985,3.1412370212783536,2.566565911920532
5.158877375952046,2.462471641717295,-3.129003696826582,2.614806896164335
5.108987098506265,2.461589665936132,-3.1252365152043344,2.6621738538691746
5.05869786875722,2.460832945701855,-3.1170364740928234,2.7087126374388153
5.008455896305804,2.459120507364127,-3.101378458581037,2.754465225087591
4.958270336456728,2.4567921548680984,-3.089761199366437,2.799470164194097
4.9081467990272944,2.45391668011884,-3.0794618623391714,2.843762951479784
4.858091784096148,2.4505599608341178,-3.0704010915195235,2.8873763606785143
4.808106208255303,2.4467825776728214,-3.0621840534742857,2.9303407262980854
4.758289183768814,2.4426180759164033,-3.0542309740729863,2.9726841904577217
4.708901014181722,2.4380937294341374,-3.0479879542077524,3.0144329185094447
4.659147484641329,2.4333107479765292,-3.0437324883744643,3.0556112881368693
4.60946321813409,2.428331547494425,-3.0402997306014377,3.0962420558130703
4.559842953095693,2.4232173578182667,-3.038116582041615,3.136346503845141
4.510283488615965,2.41803203244973,-3.0369632335657437,3.1759445707029785
4.460782203813749,2.4128147009515004,-3.03620636865393,3.215054966897738
4.411827887092564,2.4076175785544898,-3.0377285795698197,3.2536952783212363
4.362482665894103,2.4025680378098464,-3.042908063845644,3.291882058665832
4.312678241449844,2.3978011494928957,-3.0495891208753845,3.3296309123027563
4.263332861989847,2.393420079583686,-3.0586243682093093,3.366956568795947
4.213512687319721,2.3895546225025246,-3.070669539556212,3.403872950060602
4.163647393290333,2.3863381975723534,-3.084865966919665,3.4403932310348413
4.113737401682249,2.383888622259736,-3.09735464635225,3.4765298946142322
4.0638037318196325,2.3819184294134175,-3.0915913186129567,3.5122947814986336
4.0138798694630085,2.3788914471119966,-3.082287655475516,3.5476991355156686
3.963976253240463,2.375991210514748,-3.0742547620852076,3.5827536449126267
3.9141054178946484,2.3721626725419185,-3.0608727289593505,3.61746848004662
3.8642676292595333,2.3679252117280356,-3.0602593697283056,3.651853327849695
3.8144408805484336,2.364038706906676,-3.0585336463197303,3.685917423399903
3.7646212947063193,2.3596296007390727,-3.0596393911813116,3.719669578889914
3.7147904314229123,2.3558536948565614,-3.070130517500875,3.7531182102506655
3.6649279608731,2.3524931497812283,-3.078407225899552,3.7862713616579637
3.6150376648857065,2.349542372298843,-3.0865808783550883,3.819136728124216
3.5651232109639333,2.3469971680382153,-3.094649985436527,3.8517216763550595
3.5151881573306296,2.3448517240346067,-3.102622732704915,3.8840332640310278
3.465235934539241,2.3431025970760313,-3.110513237739455,3.91607825765722
3.415269862947407,2.3417453215587924,-3.1182934933245705,3.9478631491088567
3.365293179405976,2.3407735933576834,-3.1259673251347917,3.979394170987311
3.315308996249789,2.340183273056751,-3.1335487438364598,4.0
3.2653203013306205,2.3399694032036864,-3.1410186576403403,4.0
3.21532996954389,2.340125885494089,3.134818192085915,4.0
3.165340748579872,2.340646721196463,3.1275886850847257,4.0
3.1153552565594045,2.3415260197545296,3.1204677791853945,4.0
3.0653759920643857,2.342758778307826,3.1134537689623403,4.0
3.0154053255971647,2.3443392418697098,3.106570973825786,4.0
2.9654454840565587,2.3462599440893337,3.099814641866964,4.0
2.9154985688337547,2.3485155776030204,3.093176091019846,4.0
2.865566561632259,2.351099520363487,3.0866597819776276,4.0
2.8156513474348746,2.3540059959744273,3.08024038685667,4.0
2.765754740975045,2.3572308967780344,3.073928884224804,4.0
2.7158784452982587,2.3607673284269417,3.069692240798186,4.0
2.666009698130753,2.3644149905977514,3.0755890659700804,4.0
2.6161269858024605,2.3673608602550242,3.0790715568453977,4.0
2.56623931233117,2.370660884828128,3.073832029393768,4.0
2.516363166003325,2.374131284268932,3.070516551677241,4.0
2.4664984818646576,2.377762036182914,3.065712202486473,4.0
2.416658793422731,2.3817114510947164,3.0526716115871744,4.0
2.3668649688120063,2.386644976659716,3.0428724117541273,4.0
2.317116709769932,2.391570317633197,3.0327136852834955,4.0
2.2674309737427603,2.3975142317714475,3.0169698961522213,4.0
2.2178149498510877,2.404010043312109,3.013742585266325,4.0
2.168230570314386,2.41026656765745,3.008264878742814,4.0
2.1186926081664996,2.4173046745128772,2.9969532618829318,4.0
2.0692099624495164,2.424689567752523,2.9992465470421923,4.0
2.019714032326485,2.4314898275678445,3.009157639870149,4.0
1.9701621056187406,2.4378842027585588,3.0172910476925434,4.0
1.92055804332127,2.443878949709335,3.025329661949205,4.0
1.8709056129586679,2.4494763372783703,3.033312548076182,4.0
1.8212083843083455,2.4546787821357494,3.041202565427225,4.0
1.771469971382516,2.4594923604590395,3.049002816606193,4.0
1.7216938944545754,2.4639192333861777,3.0567190548130765,4.0
1.671883561440464,2.4679649714663547,3.0643455167072147,4.0
1.6220422981133726,2.4716323817568977,3.0718757922340982,4.0
1.5721733566084979,2.4749277383546673,3.0792912855173857,4.0
1.5222799086315164,2.4778557691321295,3.086622593802316,4.0
1.472364949433952,2.4804197453251886,3.093859931195057,4.0
1.4224313976798462,2.482625433358579,3.1009749945041416,4.0
1.3724821058777372,2.4844789851623084,3.107991022157337,4.0
1.3225197796557595,2.4859838907958336,3.114902938656542,4.0
1.2725470229877516,2.487146857544748,3.1217003991576746,4.0
1.2225663392097188,2.4879724523639273,3.12839214944063,4.0
1.17258011307579,2.488466547808176,3.1349737416033587,4.0
1.1225906206754828,2.4886341925093243,3.1414410512349966,4.0
1.072600025685689,2.4884817050249732,-3.134083989261343,4.0
1.0226126167643053,2.4878834771292193,-3.116545002367859,4.0
0.9726393083231774,2.4859774000977013,-3.100427648757666,4.0
0.922688842435296,2.4837677894568104,-3.0932302287482045,4.0
0.8727568171445886,2.481143070994247,-3.0849234141660697,4.0
0.8228465612951614,2.4781037388413103,-3.0766772234594266,4.0
0.7729613065903645,2.47465568730057,-3.068510135492773,4.0
0.7231041743842955,2.4708013085206124,-3.060395735921437,4.0
0.673278239341108,2.466543894803632,-3.0523678001630468,4.0
0.623486413934305,2.461889266073178,-3.044410440291441,4.0
0.5737315708992877,2.4568391582361677,-3.0365092723491443,4.0
0.5240165302652896,2.4513979892062245,-3.029703422465375,4.0
0.47433233532315955,2.4456708089824044,-3.031419624908239,4.0
0.4246452264672642,2.440405439461732,-3.029958071500855,4.0
0.3749719607781792,2.4345324468106444,-3.019058617555416,4.0
0.32535585366959485,2.428177853134451,-3.009440204402681,4.0
0.2758006683094073,2.421349886862993,-2.9999587526626663,4.0
0.22630998881761544,2.4140550390783773,-2.990632918452045,4.0
0.17688710398208451,2.4063034504140717,-2.9814570661087227,4.0
0.12753512310225257,2.3981010627902126,-2.9724196125648117,4.0
0.07825702685373859,2.3894568792742845,-2.9641936753110802,4.0
0.02904349873169565,2.3804431253600455,-2.965693099874019,4.0
-0.020176566560330844,2.371961642817187,-2.9676839264507513,4.0
-0.06941369164210709,2.3631458268397676,-2.971378932598118,4.0
-0.11868565846759704,2.3550302105265715,-2.9856133812107064,4.0
-0.16806577058672878,2.3476321291318634,-2.9921312634021247,4.0
-0.21749896552844472,2.3401504728928693,-3.0005049755549646,4.0
-0.26699266788798015,2.333581408979944,-3.01006777451005,4.0
-0.31654979862462573,2.327047179711254,-3.0113824284101813,4.0
-0.366117464872475,2.3206009035860973,-3.0133293155292877,4.0
-0.41569764923068386,2.314259945408768,-3.0156062816745783,4.0
-0.46529224181256956,2.308039703328932,-3.0182044550815252,4.0
-0.5149029701056136,2.301956678484684,-3.0211349623313684,4.0
-0.5645315013193477,2.2960274153120217,-3.0243988122161314,4.0
-0.6141793650476322,2.2902685374904035,-3.0280126209743976,4.0
-0.6638587991672154,2.284697053472337,-3.0319502666394484,4.0
-0.7135497888878146,2.2793294573115634,-3.0362005681087205,4.0
-0.7632635942114965,2.274181612564309,-3.040806953380189,4.0
-0.8130010201663103,2.269272118913351,-3.0457634021420996,4.0
-0.8627626211633529,2.264617400516755,-3.0510544057301145,4.0
-0.9125487129897065,2.2602345375111774,-3.056686892107566,4.0
-0.9623593466080445,2.2561406853919603,-3.062656233645056,4.0
-1.0121942456677389,2.2523524982073075,-3.068954653701208,4.0
-1.0620528542509007,2.2488863853343792,-3.0755896794229085,4.0
-1.1119342736083724,2.2457597834536074,-3.082544316415556,4.0
-1.1618372493360498,2.242987425154289,-3.089805944034881,4.0
-1.2117601901594357,2.2405855013074634,-3.097370926416763,4.0
-1.2617012030883186,2.2385683876954268,-3.1052536210289152,4.0
-1.3116581062740735,2.236953708915692,-3.1134827102431335,4.0
-1.3616283741248623,2.235758700497314,-3.1221001346435715,4.0
-1.4116090773257894,2.235005165924168,-3.1270129446487474,4.0
-1.4615914020350234,2.2343011653689757,-3.1200345160965295,4.0
-1.5115669520646664,2.2328499264218067,-3.111077545529671,4.0
-1.5615365508880328,2.2312503813581657,-3.109328577271753,4.0
-1.6115034281723073,2.2296244490429444,-3.1094445319351216,4.0
-1.6614695628631253,2.2280366155113995,-3.113781288074164,4.0
-1.711446554720597,2.2268441773619543,-3.1216135857364833,4.0
-1.7614223290208972,2.2260393866670825,-3.1108302725062353,4.0
-1.8113817647066899,2.2237689622374432,-3.1030894191680125,4.0
-1.861349715518057,2.222189956632789,-3.116754493956959,4.0
-1.9113243780235,2.2212860610372225,-3.115709178770892,4.0
-1.9612913714788596,2.219602541454945,-3.1075991496408895,4.0
-2.011258918862543,2.217887626698043,-3.116024425177872,4.0
-2.061236886713711,2.217046554689653,-3.1292344110823853,4.0
-2.1112222566670398,2.2166521926325977,-3.138011539735702,4.0
-2.161210986842275,2.2166885345241703,3.13259083829262,4.0
-2.211193835153331,2.2175521426256823,3.112075394187288,4.0
-2.2611604417187574,2.2196396256250237,3.101597082311447,4.0
-2.311119254940799,2.2215508492740534,3.1005163186754188,4.0
-2.3610672151253644,2.223745739337212,3.09486159713734,4.0
-2.4110028224661266,2.2262219146130207,3.089302853506401,4.0
-2.460924765605106,2.2289720348432294,3.0838889715830162,4.0
-2.510831882620267,2.2319888210946566,3.0786269603510017,4.0
-2.56072324690252,2.2352642331154744,3.0735586488120363,4.0
-2.6105981394300546,2.2387868107751707,3.0686788039279227,4.0
-2.660455884630725,2.242549037964128,3.063951222644998,4.0
-2.7102958803684527,2.2465430777322712,3.0593757725579103,4.0
-2.7601175593136955,2.250761422546539,3.05493965201025,4.0
-2.8099204462662684,2.2551975175700214,3.050656187733097,4.0
-2.8597042720471793,2.2598425319586344,3.046561560038473,4.0
-2.909469103668484,2.264686316716399,3.042710966022748,4.0
-2.959215482433283,2.269714564254473,3.0352609160718917,4.0
-3.0089010454543224,2.275299115685111,3.0161802585307917,4.0
-3.058474960742006,2.282228610150823,2.9949408508448587,4.0
-3.1079351875322185,2.2899276727375018,2.9805278607454984,4.0
-3.1572867957152733,2.2982827836487427,2.9683209439390894,4.0
-3.2065381784054647,2.307185842732707,2.958178011516171,4.0
-3.2557001624099833,2.3165384087401435,2.9534502974227,4.0
-3.304850817237144,2.325903996097054,2.9619212117103912,4.0
-3.354069519006254,2.3344052459650886,2.975086940923344,3.986150563062006
-3.403365349982728,2.342460517296586,2.9840630010954188,3.9356662806957865
-3.452733355367477,2.350077580215316,2.9929101988527917,3.884525947218278
-3.5021688411022,2.3572600793234755,3.0016421203554633,3.8327033013551044
-3.5516673229513653,2.364014551309641,3.01392502553165,3.7801702815911047
-3.6012680645917112,2.3699810303695084,3.0363006712790352,3.7389509217538466
-3.6509777529849456,2.374509957477397,3.0528933306575414,3.7539087758987493
-3.700754482414796,2.3788286234696088,3.060440481184573,3.7870550064351765
-3.7505781033347905,2.3826105326782914,3.071195596162304,3.819913630667822
-3.80044264166477,2.3858579923008034,3.0818749610211187,3.852492007747441
-3.850342086353372,2.388575299754972,3.092475056513692,3.884797188239561
-3.900270526704674,2.3907652450818375,3.1030084176456656,3.916835931941762
-3.950222141492142,2.392431008945516,3.1134356643547307,3.948614724399708
-4.000191219191143,2.393579454700695,3.123745099538083,3.9801397922362316
-4.050172219597241,2.3942150627989673,3.1339470694377,4.0
-4.100159782427155,2.3943437876565548,-3.1391479237795985,4.0
-4.150148718789235,2.3939706467841395,-3.1291770826490923,4.0
-4.200134023112932,2.393102486597725,-3.1193363896717137,4.0
-4.250110852760135,2.3917454957334763,-3.1095944095192682,4.0
-4.300074543752182,2.389903473541283,-3.0999779435700017,4.0
-4.3500206253317435,2.387585377767095,-3.0904920084296523,4.0
-4.3999448001554615,2.38479559220338,-3.0811250827153103,4.0
-4.449842949113794,2.381541997007267,-3.07188622092342,4.0
-4.499711161448967,2.377829949412524,-3.062783477058339,4.0
-4.549545696571654,2.3736681977378957,-3.0538047975770586,4.0
-4.599342989064832,2.369060946579431,-3.044958578633028,4.0
-4.649099690002314,2.3640178321213408,-3.0362488758955135,4.0
-4.698812574891831,2.358543510742266,-3.0276636352215265,4.0
-4.748478686212047,2.3526464384583394,-3.0192300486473087,4.0
-4.798095172459675,2.346334036680981,-3.0109120376126097,4.0
-4.8476593481222965,2.3396111608646954,-3.002736963690755,4.0
-4.897168807757896,2.3324879960520595,-2.9947147148545614,4.0
-4.946621271108663,2.324970403558691,-2.986816080265293,4.0
-4.996014535922241,2.317065644301894,-2.9790419534429713,4.0
-5.045346589365871,2.3087796810960537,-2.9714131119989053,4.0
-5.094615726476064,2.3001218520545557,-2.963942978744234,4.0
-5.14382040389583,2.291099454979477,-2.956607780353886,4.0
-5.192959183391078,2.28171941288917,-2.9494136229023424,4.0
-5.242030885140345,2.2719896188015802,-2.942381032545522,4.0
-5.291034509879266,2.261919044857251,-2.9354908066000696,4.0
-5.339969004985538,2.251513641045186,-2.9287151515894103,4.0
-5.388833182473011,2.240779614845806,-2.922035149704139,4.0
-5.437625709615551,2.229721074353975,-2.917580204285485,4.0
-5.486393042552727,2.2185519351275147,-2.924870236279144,4.0
-5.535236577103387,2.2082290696835942,-2.9409144556532794,4.0
-5.58422361302241,2.1986516123649835,-2.957380000225359,4.0
-5.633367268744118,2.1899448646184636,-2.974600173308514,4.0
-5.6826477180797434,2.1820610217005125,-2.9828885492820127,3.953736288543677
-5.731997024420558,2.174159163062587,-2.9862776178180654,3.9382736134129637
-5.781397793426754,2.1665991219119443,-3.0015156687859204,3.9600942789507894
-5.830898050131496,2.160214077937952,-3.015080584513917,3.9915286823690574
-5.880479490091425,2.1539967848653934,-3.0217141292458582,4.0
-5.9301181809168515,2.1482624082219104,-3.0386905872459757,4.0
-5.9798419444674416,2.1437359406045573,-3.052022499459908,4.0
-6.029625224268086,2.139325634867129,-3.0562710929597174,4.0
-6.079434178908915,2.1352178958985553,-3.0625695168526734,4.0
-6.129268951846301,2.1314350434391507,-3.069319632225166,4.0
-6.179129215594001,2.12800006281908,-3.0750663962229647,4.0
-6.229004779822575,2.1247901863752734,-3.071284795358021,4.0
-6.278871841783677,2.1209757944720433,-3.0695563472497573,4.0
-6.328737671557034,2.117593344237031,-3.077055082703203,4.0
-6.378624358804443,2.114529056415371,-3.083626496005596,4.0
-6.428531101995306,2.111802214858467,-3.0906001502925,4.0
-6.4784567660441015,2.109433935122727,-3.0979756612317324,4.0
-6.528399804057356,2.107443478011806,-3.105752568368479,4.0
-6.578358218683087,2.1058519247036154,-3.113914990278325,4.0
-6.628329531278242,2.104676950195212,-3.122485074600776,4.0
-6.678310797343146,2.103941840449072,-3.1314557378692096,4.0
-6.728298552077119,2.103663537944712,-3.1408157649839197,4.0
-6.778288795176689,2.1038641686660906,3.1326070675445887,4.0
-6.828276985257391,2.104561926937717,3.122476291379914,4.0
-6.878258023653562,2.1057754494696628,3.111960636136745,4.0
-6.928226225669805,2.1075244917245133,3.101042932435691,4.0
-6.978175278913294,2.109829288434483,3.0911292196489932,4.0
-7.028105889949058,2.1125690453751425,3.092178274443607,4.0
-7.0780389341913965,2.114768009371925,3.102744835437805,4.0
-7.127991892488878,2.1164513518323718,3.1140618313461164,4.0
-7.1779631782346565,2.1175197012190807,3.127416236154823,4.0
-7.227947881973644,2.1178684645984727,-3.140281753908898,4.0
-7.27793699453421,2.1173886455001245,-3.12400680559437,4.0
-7.327920523777299,2.1161101796553403,-3.116884819812838,4.0
-7.37789763958754,2.114918331787507,-3.1174295087995505,4.0
-7.4278739604113415,2.1136945201416744,-3.1168247119752266,4.0
-7.477849536779919,2.1124422226890616,-3.116272965239183,4.0
-7.5278244213446985,2.11116326467922,-3.115777588544864,4.0
-7.577798671151366,2.109861455969167,-3.1153287897349196,4.0
-7.627772335341126,2.1085376425359,-3.114922332429158,4.0
-7.677745467378398,2.1071952106127014,-3.11578305761149,4.0
-7.7277208591910735,2.1059574385696607,-3.125254760316481,4.0
-7.777704682551076,2.1055619422999285,-3.131120124539411,4.0
-7.827692074394832,2.1049104488381545,-3.127415894691893,4.0
-7.877677941449546,2.1041445505549916,-3.1251897831099447,4.0
-7.927662111084692,2.103270506194029,-3.123086617683004,4.0
-7.977644448583464,2.1022943555655047,-3.1210930543549233,4.0
-8.027624844813147,2.101221023118935,-3.1192010078953003,4.0
-8.077603219220912,2.100055740040151,-3.11743029871142,4.0
-8.127579536453649,2.0988054122759756,-3.115776380077375,4.0
-8.177553788759626,2.0974748153955396,-3.1142297140013766,4.0
-8.227525988304452,2.0960699007975663,-3.1127939277938568,4.0
-8.277496178052182,2.094595805968808,-3.1114787726751216,4.0
-8.327464433625558,2.0930594562983416,-3.1102727889205313,4.0
-8.377430840559539,2.0914648420401107,-3.1091710952769205,4.0
-8.427395502946018,2.089818399607225,-3.1081952512557036,4.0
-8.477358566066247,2.0881262742302553,-3.10734124620565,4.0
-8.527320189067872,2.0863944994440757,-3.106603422764514,4.0
-8.577280530318976,2.0846286541258685,-3.1059578312220624,4.0
-8.627239727181488,2.082832376548623,-3.106556846307326,4.0
-8.67720152890345,2.0811264081472993,-3.116979173539164,4.0
-8.72717704607915,2.080372074487368,-3.1336362823863233,3.996137206974541
-8.777165119369934,2.0803310439314417,3.1363883901015877,3.9457807007704497
-8.827589638042708,2.080894652791387,3.125431888177058,3.894773176987178
-8.8775183202854,2.081952969671944,3.11657246990479,3.8430887137542182
-8.927874328009729,2.0834043178684833,3.1099011057978676,3.790699621889251
-8.978166605602759,2.085143737908279,3.1049979592988475,3.7375762714622383
-9.028398604721522,2.0870846160405847,3.1017103447481222,3.683686895842781
-9.078571731710532,2.089150250633409,3.09981598380514,3.628997369551276
-9.128517683865407,2.091269692756839,3.0994185902732694,3.5734709555019943
-9.178638030365887,2.0933729569201205,3.10034051524215,3.5170680163202124
-9.228710105854084,2.0954051905221007,3.1023304061138823,3.459745683287841
-9.278739206091153,2.097305174797931,3.1054948478788322,3.4014574750590523
-9.328727721277787,2.0990171759754244,3.1097693005524065,3.3421528565045255
-9.378678026866172,2.100486637229139,3.1151743016035374,3.281776725776392
-9.428592810177406,2.10165606099209,3.1217044257822955,3.2202688147814422
-9.478473872478967,2.102471661467721,3.1293558266296633,3.157562984496134
-9.528320442147965,2.102876471683004,3.1381879380802435,3.093586391660396
-9.578130948525933,2.102810966771261,-3.1349569558830472,3.028258496937249
-9.627904230746031,2.102215654066199,-3.123665058505435,2.961489876038563
-9.67763420878292,2.1010269214777795,-3.111045217158381,2.8931807837543024
-9.727314482865406,2.0991779807860724,-3.0970210975025303,2.8232194050571797
-9.776934843259392,2.096598004426474,-3.0814973568263473,2.7514797056670566
-9.826483156733099,2.0932112253012485,-3.0643428878716867,2.6778187639016813
-9.87594007913141,2.088934623272988,-3.0454341157575726,2.6020734220828943
-9.92528568011786,2.0836811277600296,-3.024634398761821,2.524056032562756
-9.974488378748386,2.077355741179328,-3.000069089092153,2.443548979890253
-10.023486563407245,2.069689853721994,-2.962547450515968,2.3602975191125704
-10.072154348253889,2.05967983298396,-2.9243948255097796,2.2740002507333217
-10.120438109487255,2.0482946873589465,-2.893446068874,2.1910427629148335
-10.168319591307549,2.035314580384874,-2.861002999728696,2.113906371509909
-10.216170639432505,2.020705257200654,-2.8243734223092174,2.0399236424215657
-10.26292976810717,2.0042534832772723,-2.781307047968476,1.9692707757226997
-10.308580838190776,1.9858916594359783,-2.7354104054814847,1.9038077431808171
-10.353699999468688,1.9652132285449428,-2.686192176926863,1.8454609789050918
-10.397723422680192,1.9422355773750426,-2.633079918930718,1.7951795193212365
-10.440447776158843,1.9168593469881432,-2.5765106261031034,1.7528086571910588
-10.481654144684883,1.8890191500313755,-2.5166864186792206,1.7176265488309308
-10.520965913684071,1.8587782425263273,-2.461580421085515,1.6891563390260076
-10.559215786884316,1.826296476569163,-2.404278231894848,1.6678472250803966
-10.594972945314911,1.791566763312399,-2.3373417471168567,1.6552000776286806
-10.628366018428327,1.7544884808961707,-2.2700035033538697,1.653227257994731
-10.659212555660442,1.7151759753380205,-2.2034170013106325,1.6636218023096057
-10.687472412816602,1.673867187356605,-2.1387099392198614,1.6870815613969434
-10.713053360135776,1.630789824582037,-2.075573523055478,1.722942208478707
-10.736027974151291,1.5859872702134994,-2.0156968541656886,1.7691277059714827
-10.756319505894341,1.5400434666450518,-1.9615669489163514,1.8225708313581386
-10.774292125089381,1.4931032049955462,-1.9206057472237075,1.8802958029904646
-10.790823306579506,1.4454639299050178,-1.8776488179625237,1.9408960584008799
-10.804701267774366,1.3971330818319678,-1.8270288630751013,2.0042534853436482
-10.81639728377771,1.3478501571398116,-1.7832856939398356,2.0656685497698444
-10.825996028085555,1.298430293746345,-1.7434947401201708,2.1253096436765024
-10.833698110172985,1.248668667601841,-1.7068815210096204,2.1833221488136907
-10.839657272891856,1.198663313954679,-1.6734899693940122,2.2398326119369996
-10.84402188787995,1.1484924498727942,-1.643084549639286,2.294951993722878
-10.846930724399112,1.0982212577786672,-1.6177863945985005,2.348778230801857
-10.84875189523121,1.047906822539442,-1.6035407156028747,2.4013982804784364
-10.850227073909934,0.9975880978162859,-1.5852820819016544,2.452889770348615
-10.850209644451851,0.9472805697013688,-1.5597915298482594,2.5033223423037176
-10.849114692198714,0.8965106484958321,-1.5396546592582083,2.5527587573981725
-10.847061644419268,0.8462268186146498,-1.5213659045349297,2.601255811616603
-10.844142870465664,0.7960103590308633,-1.5049746488983784,2.648865100654475
-10.840446664300476,0.7458734935321438,-1.4918950019226787,2.6956336630672446
-10.836220537380914,0.6958106941626814,-1.488245919848984,2.741604524627398
-10.832167411127186,0.6458081102886137,-1.481520483079911,2.786817161827003
-10.827275345642839,0.5958798079166622,-1.4673432285482015,2.8313078987368367
-10.821810131100651,0.5460498230648756,-1.456473519572029,2.875110248572338
-10.815843606663332,0.4963205628406435,-1.4469724667441135,2.918255209100428
-10.809443799906783,0.4466904196352317,-1.4393301086002972,2.9607715192898407
-10.802730706773632,0.397152366918861,-1.4323646862026123,3.0026858832441934
-10.795647213232202,0.3476643273672031,-1.4294608521450782,3.044023166375389
-10.78865335359544,0.2982140566681686,-1.436055712875328,3.084806567910886
-10.782244794591861,0.24879871589158142,-1.4360278871017391,3.125057773133519
-10.775261985153094,0.1994506042248032,-1.42893644609279,3.1647970881903817
-10.76815961503188,0.1501762721033466,-1.4293491022415774,3.204043559849711
-10.761233946811263,0.10093782752600733,-1.439465003103189,3.242815082210285
-10.75515221230312,0.051703701351425435,-1.4457432348278203,3.2811284920597954
-10.748858831232567,0.002495321698317232,-1.44528496586401,3.3189996543239766
-10.742739747509228,-0.04667160009766058,-1.4510095651753057,3.35644353883672
-10.73696657628844,-0.09630791970700758,-1.4580074238283587,3.393474289484872
-10.731492004880895,-0.14597220853156756,-1.4591725041064207,3.43010528663348
-10.725829937021913,-0.19566258084736,-1.4720632160624483,3.4663492036127916
-10.721642253479907,-0.24540921236372437,-1.479595957317502,3.502218057943155
-10.716729123875126,-0.29517497503670853,-1.4692340740823802,3.5377232578848243
-10.7115019737723,-0.34490868332659375,-1.4648467875495315,3.572875644823831
-10.706152428233494,-0.39462883320474473,-1.469304945280177,3.6076855319403043
-10.701373537409896,-0.4443618222988368,-1.4694968113444768,3.6421627395501543
-10.696042751110118,-0.4940870876561245,-1.4606912222429085,3.6763166274633603
-10.690383102246553,-0.5437757998065358,-1.454310844808891,3.7101561246610184
-10.68441829134838,-0.5934285250966376,-1.4499885610750631,3.7436897565577945
-10.678329475977321,-0.6430651966127545,-1.4545335940145432,3.7769256700856384
-10.672822352538788,-0.6927178146812025,-1.4566439028777431,3.809871656807869
-10.666942644561374,-0.7423826553009363,-1.4582094514769999,3.842535174249421
-10.661590632509103,-0.7920564171313966,-1.459249630261617,3.8749233656086823
-10.655813903441697,-0.8417360746591562,-1.459798507226952,3.9070430779985275
-10.65051609947875,-0.8914188582336884,-1.4598830246613257,3.9389008793484885
-10.64474746632402,-0.9411021629401475,-1.4595140272525733,3.970503074086253
-10.639412702121348,-0.9907834977026226,-1.4587385392449232,4.0
-10.633566748129141,-1.0404605444519728,-1.4575672374139756,4.0
-10.628115349840286,-1.0901310289824373,-1.4560217631686958,4.0
-10.622115609057431,-1.1397927638938974,-1.455400473592659,4.0
-10.616602291774512,-1.18945790180614,-1.462905355949061,4.0
-10.6113533501441,-1.2391566603013615,-1.4675671994523418,4.0
-10.606302399705555,-1.2888802279562794,-1.4697471654738514,4.0
-10.60126943736213,-1.338608919095167,-1.462223217138471,4.0
-10.595464887787385,-1.3883053417592517,-1.4571128362066217,4.0
-10.589923661801004,-1.4379800413139312,-1.4591305243581092,4.0
-10.584324998769725,-1.4876513206892326,-1.4488207170673009,4.0
-10.57775242743065,-1.5372688502255007,-1.43863373147782,4.0
-10.571140412139679,-1.5868301557769242,-1.4360801340788636,4.0
-10.564320895665368,-1.6363674008750508,-1.4304787198684308,4.0
-10.557153000978849,-1.685859003399445,-1.4155521636169728,4.0
-10.548845558346143,-1.7352491519276692,-1.4028290172888032,4.0
-10.540419338391684,-1.7845448537113802,-1.398679782800955,4.0
-10.531714357576305,-1.8337969140656005,-1.392659793002674,3.992375190846393
-10.522693559177824,-1.8829967873159683,-1.3858834006303664,3.941970627248766
-10.51332009980574,-1.932135782804965,-1.3777996275661502,3.8909131560211265
-10.503503198457011,-1.9811927733987575,-1.3596148590934798,3.8391767280635234
-10.492324081269237,-2.0300750703045165,-1.3409878636558679,3.7867335146417154
-10.480678140298282,-2.0787602180999416,-1.3302434127042686,3.7662815482931173
-10.468470804770933,-2.127315198455801,-1.318510424404196,3.774711265550645
-10.455681920084594,-2.1757281212187793,-1.3063962512897551,3.7927962764170444
-10.442321495242567,-2.2239002965701498,-1.295147645766947,3.7622550767826377
-10.42844569273697,-2.2720205638431037,-1.2859229230081668,3.7087243122646614
-10.414053557752071,-2.320431223050432,-1.2739557142944362,3.65440949894634
-10.399036765570198,-2.368166529280911,-1.2593109018935018,3.599275141968935
-10.383378793875094,-2.415704486379973,-1.2468555857277017,3.5432829846346947
-10.367171817856985,-2.4630680251543353,-1.2370663420958938,3.4863916978457836
-10.350446230062879,-2.51069373117042,-1.222665249916413,3.434682013162266
-10.33288955665601,-2.5575324199116896,-1.1974420320182066,3.4128315030563194
-10.31388851989745,-2.604018163304229,-1.1803299255754252,3.420825996514179
-10.294564836089997,-2.6506439345674893,-1.1693546104949326,3.4521161483602305
-10.274619709312233,-2.6965255713814438,-1.1532852628486259,3.4881313658985897
-10.253988847129524,-2.7421156493855783,-1.1415140633961463,3.5237785046398207
-10.232795659484154,-2.7878938105373514,-1.129642015598395,3.5590686244799694
-10.21110538967881,-2.8329335968245175,-1.1138777484779052,3.5663338080598774
-10.188677948256288,-2.877633852122127,-1.0996118176278247,3.5494663008382235
-10.165696466068201,-2.922065611409451,-1.0896555226620543,3.5211780958472882
-10.142195331434188,-2.966670485148172,-1.0770400886887803,3.4937756120260697
-10.118111094818095,-3.0104776505793733,-1.0603226361960643,3.4785387201634297
-10.093341204641868,-3.0539129914933794,-1.0419257283033114,3.4821488177862014
-10.067334220360259,-3.097364709083363,-1.0244843215488213,3.5039608394785824
-10.041060946491491,-3.139894271523382,-1.0110434138138211,3.5349556384070033
-10.014238766534007,-3.1820997840270895,-1.0012190118258144,3.5601603962059896
-9.986923409173903,-3.2244349851584317,-0.9883179515268729,3.5658466474901624
-9.959032999306894,-3.2659078768496164,-0.9723190538149263,3.548334361414136
-9.930604592211946,-3.3070255571634224,-0.9630115109070111,3.517427821803092
-9.901734513145982,-3.3482774693536914,-0.9523250687853229,3.4915596082460056
-9.872429496859674,-3.388777662996114,-0.934156717423176,3.48890423795452
-9.84232031198235,-3.428639296185789,-0.910704495729038,3.519963736822388
-9.810977610616604,-3.467942522957184,-0.8934781619681912,3.555291722565213
-9.779473684914313,-3.50678386442258,-0.8833809701894768,3.5902721006264704
-9.747507048610347,-3.545251359309468,-0.8756412955460487,3.624914934247823
-9.71518842916001,-3.5838608334593465,-0.8668856374651808,3.659229810291913
-9.682567423971111,-3.6217412987039594,-0.853298620418383,3.6932258702285026
-9.649461821982936,-3.6591792045041203,-0.8408551091251847,3.726911838576433
-9.615917470514464,-3.696226193476143,-0.8291950459197975,3.7602960490521564
-9.581947398575547,-3.73288248049222,-0.8171029343803292,3.793386468646893
-9.5470709587001,-3.769582731673714,-0.8054107129845473,3.8261907198295066
-9.512237765766997,-3.8054396141732894,-0.793711852388711,3.8587161010503905
-9.476978182853824,-3.84085076439501,-0.7838577434867506,3.890969605702622
-9.441460482164556,-3.8759991795073043,-0.7791361593928109,3.922957939679918
-9.405658974885473,-3.9112823169309383,-0.7662560061838288,3.9546875376562682
-9.369025265576981,-3.9457130240210243,-0.7529722027914694,3.9861645781991855
-9.332499706281423,-3.979844519399793,-0.750775661048261,4.0
-9.295734642332192,-4.014096572048813,-0.743482476895107,4.0
-9.25877632801873,-4.047632860582076,-0.7373302560163679,4.0
-9.22163915311404,-4.0813905273668025,-0.7324428793381783,4.0
-9.184290779078406,-4.114619688831564,-0.7214559894674826,4.0
-9.146677573924045,-4.1473302707641,-0.7118679702791721,4.0
-9.10881608547022,-4.1797378883444525,-0.7043032928616256,4.0
-9.070229699532549,-4.212285847014813,-0.6960435698010802,4.0
-9.03184886676998,-4.244047654782112,-0.6877235481571577,4.0
-8.993108098281649,-4.275642488044908,-0.6818683583767492,4.0
-8.95436777606829,-4.3069434101233215,-0.6803599540795185,4.0
-8.91547753344518,-4.33846555739856,-0.6707473827454502,4.0
-8.875892152559983,-4.369211571850272,-0.6584944370071467,4.0
-8.836296157105128,-4.399727816479606,-0.6550058606954563,4.0
-8.796781241524974,-4.4299793081205365,-0.6559569932170828,4.0
-8.757228487033585,-4.460582001654969,-0.653073759087066,4.0
-8.717599805287392,-4.490558324238707,-0.6451839088551778,4.0
-8.677843611375208,-4.520329654985744,-0.641192010830712,4.0
-8.637735133319602,-4.5501691768781996,-0.6382149385526452,4.0
-8.597295424817306,-4.580078116898936,-0.6339419578755707,4.0
-8.557220223831132,-4.6093612986346155,-0.6302446081607739,4.0
-8.516590251026546,-4.638951688929723,-0.6272033469572217,4.0
-8.476047540806045,-4.668198510867411,-0.6228389134239305,4.0
-8.435702064863012,-4.697045870034258,-0.6203013840693857,4.0
-8.394819913586474,-4.726224611185237,-0.6173924106203518,4.0
-8.35433567444063,-4.7548143573861275,-0.6147020281521524,4.0
-8.313329292963584,-4.7837521733548645,-0.6124555753952557,4.0
-8.272364906427912,-4.812405399819056,-0.6062883227210221,4.0
-8.231551781971811,-4.840457382042553,-0.5990744325574446,4.0
-8.190251944328033,-4.868470397333656,-0.6019707586954677,4.0
-8.149404421048903,-4.896895401899982,-0.6004813457337214,4.0
-8.108053603942238,-4.9247634110471,-0.5947234078843031,4.0
-8.066580368538883,-4.952919109570288,-0.5926871940431337,4.0
-8.025011674682554,-4.980688375815098,-0.5844634913510999,4.0
-7.9832921466988385,-5.008019817603218,-0.5831451048085589,4.0
-7.941529648218887,-5.035759204041401,-0.583639504153748,4.0
-7.900173269128682,-5.062910082290847,-0.5765364366796045,4.0
-7.858256072173641,-5.089906127592062,-0.5747132274316659,4.0
-7.816263091975357,-5.117253532130373,-0.574115561705772,4.0
-7.774202133227683,-5.1442714036813015,-0.5676737461560739,4.0
-7.732067321926504,-5.170944455537647,-0.5670171929561416,4.0
-7.689861605853512,-5.1979767782656126,-0.5645793624529651,4.0
-7.647588428753579,-5.2244489345030445,-0.5627633699026936,4.0
-7.605277405212064,-5.2513329810683445,-0.5655358669803464,4.0
-7.563494909721506,-5.277822107107056,-0.5664246719907402,4.0
-7.521348444171615,-5.304706415858476,-0.5714333027235402,4.0
-7.479312403652166,-5.331950833401166,-0.5747831301806658,4.0
-7.43727027535121,-5.359167006365169,-0.5701075074745446,4.0
-7.395195962978306,-5.385879585872715,-0.5692153962582388,4.0
-7.353095449321934,-5.413027292114805,-0.5685479760388108,4.0
-7.310974482519292,-5.439690532557364,-0.5663948452711595,4.0
-7.26884508965523,-5.466601586709359,-0.5726641167199831,4.0
-7.226846110611902,-5.493930923515393,-0.5768745183634676,4.0
-7.184853440041607,-5.521255833490073,-0.5729656561528793,4.0
-7.142853119748878,-5.548119891979667,-0.5740322852075616,4.0
-7.100904859396621,-5.575543049862098,-0.5806709192976738,4.0
-7.059053455652236,-5.603103179473752,-0.5769781988408466,4.0
-7.01700927693803,-5.630147166992106,-0.562426888746894,4.0
-6.974799174299968,-5.656211644804008,-0.5628432760093286,4.0
-6.93268754398614,-5.683347223041463,-0.5745338696638053,4.0
-6.890695846438,-5.710658777344158,-0.5762874670256215,4.0
-6.8486888491313715,-5.737935889784464,-0.5637350433808831,4.0
-6.806451077094069,-5.7639153663131175,-0.5474440895881384,4.0
-6.763663472151839,-5.789766852480671,-0.536791693878086,4.0
-6.7203343416096715,-5.815161444390556,-0.5266395315121237,4.0
-6.67717294696834,-5.840053460362017,-0.5107866588131683,4.0
-6.633261608946431,-5.8639563037836755,-0.5005827734867946,4.0
-6.589619440296468,-5.8879504319091795,-0.49722937192479066,4.0
-6.545358935277699,-5.911661999459887,-0.48514167664928526,4.0
-6.501347826503413,-5.934484022178575,-0.47815877949493785,4.0
-6.456958730654009,-5.957477423309321,-0.4823854069247828,4.0
-6.412941260976865,-5.980777815846011,-0.49072943318665707,4.0
-6.368903767508936,-6.004527432925499,-0.48568493868701645,4.0
-6.324834003459895,-6.0272859481596655,-0.48770676971781535,4.0
-6.280895262285819,-6.0512111994557,-0.501465446097637,4.0
-6.237090944292287,-6.075387291514737,-0.495260179204049,4.0
-6.193245527014891,-6.098556425413971,-0.49356130098425643,4.0
-6.149362367395561,-6.122582754532175,-0.5002293568547279,4.0
-6.105479999462661,-6.146529092153806,-0.4990858030811817,4.0
-6.061750197158686,-6.170341554383736,-0.5063650275996674,4.0
-6.0182087901453105,-6.194929363421878,-0.5153659900548955,4.0
-5.974731113372616,-6.219631330686205,-0.5126902155269993,4.0
-5.931268010834719,-6.24386797885893,-0.5125721029736446,4.0
-5.887807721673463,-6.268546639824496,-0.512790375298513,4.0
-5.8443531669614615,-6.292803459672996,-0.5146766963447467,4.0
-5.800959141122389,-6.3176607988608104,-0.5233548292847692,4.0
-5.757719696016956,-6.342793142856767,-0.5224267721146754,4.0
-5.714487133102596,-6.367450399953402,-0.520635514714445,4.0
-5.6711771833038505,-6.392417138136462,-0.5268223037528741,4.0
-5.628062750060362,-6.417719689907603,-0.5334605905681006,4.0
-5.585085740080231,-6.443260599359867,-0.5361197480019386,4.0
-5.5420988576283605,-6.468796627927276,-0.5307843381765168,4.0
-5.499058806075411,-6.493755923245786,-0.5300483961806447,4.0
-5.456051885684857,-6.519218606789352,-0.5347837168010224,4.0
-5.413052651705883,-6.544702622110606,-0.5290449486765605,4.0
-5.369960919028873,-6.569550382762554,-0.5247574297175799,4.0
-5.326759458301934,-6.59465742180198,-0.5205328905747315,4.0
-5.2834705069257755,-6.6191327095494294,-0.5231060148677642,4.0
-5.240221556246501,-6.644563262375269,-0.5294481043642804,4.0
-5.197098503658767,-6.669675523558449,-0.5254394637680827,4.0
-5.153897039051069,-6.694614833268835,-0.5209796301875712,4.0
-5.110474844308242,-6.719385666048918,-0.5135263928614404,4.0
-5.066897738283386,-6.743682232150396,-0.49535689290335827,4.0
-5.022886355760445,-6.766708751960233,-0.4762934088937004,3.9801445602088537
-4.9785973462040705,-6.78923717148345,-0.46975451478293606,3.9295831180630834
-4.9340613145114585,-6.811801415521818,-0.45901559565261063,3.888168344586491
-4.889270070456364,-6.833384794344024,-0.45038407925812834,3.8744350534868683
-4.8443532964764895,-6.855177830739535,-0.4440864645801311,3.8695225003860476
-4.799102173618022,-6.876285087571416,-0.4183188986127003,3.8280386566241886
-4.753440320529998,-6.8955938940938495,-0.4052499992963221,3.775440731651787
-4.70762826515068,-6.91552698275647,-0.406301319457211,3.7220996063810055
-4.661646172381236,-6.935087487811814,-0.39220108242591556,3.66798285729744
-4.615443033174728,-6.953657582402637,-0.3804731359552405,3.61305563243
-4.569013718434231,-6.972136897554558,-0.36824128969172853,3.557280388813961
-4.522357298287625,-6.989573898887382,-0.3523280674008294,3.5147067090612913
-4.475362927933798,-7.006569391559863,-0.32786116911903085,3.5042936510309466
-4.428014927483579,-7.021663215507852,-0.31082509993464363,3.523693916984973
-4.380444865036758,-7.0370606336440655,-0.3025075176755865,3.558984875578006
-4.332687839685643,-7.051413450489589,-0.2944088384814019,3.5939293076783083
-4.284868414798122,-7.066041381229251,-0.2878400871623934,3.6285372249138046
-4.236785913756241,-7.079806370759938,-0.2601478830028017,3.6628181659183223
-4.188433675799491,-7.0917103700521995,-0.24377890635680213,3.696781227037563
-4.139961923425025,-7.103888979727348,-0.24266188519127246,3.730435090518724
-4.091339378994243,-7.115745077131868,-0.22950757768643174,3.763788050431311
-4.042593949280781,-7.12663647568414,-0.21919447950103135,3.796848036538415
-3.993729510104973,-7.137489995866437,-0.2092101497534305,3.8296226363131014
-3.94474946903156,-7.147410507549176,-0.19257888860649813,3.8621191152730905
-3.89561277477685,-7.156622312261509,-0.18637452572840077,3.8943444357881196
-3.846407989934119,-7.165954059210149,-0.17940461621268347,3.9263052744978935
-3.7971341001718533,-7.174481862752278,-0.17246948321669162,3.958008038464054
-3.7477972938067996,-7.183132057724366,-0.16397608348137635,3.9894588801668527
-3.698372563533624,-7.190823118015943,-0.14699597251744415,4.0
-3.6488255118555757,-7.197786211507764,-0.1342212250540451,4.0
-3.599193210749257,-7.204215612437669,-0.12035671475828828,4.0
-3.549453090827507,-7.209804436716144,-0.11544110639722252,4.0
-3.4996955069904008,-7.215753034761765,-0.11191690579640308,4.0
-3.4499048331332047,-7.220992319625867,-0.10706378148761704,4.0
-3.4000837486962556,-7.226458783005347,-0.09992661784924031,4.0
-3.350211313673012,-7.230987646891726,-0.08542129545849779,4.0
-3.3002870316209734,-7.23500434305277,-0.08233989026245585,4.0
-3.25033766125057,-7.239229867925088,-0.0749501918828238,4.0
-3.200346537415843,-7.242508960009264,-0.060319963636905984,4.0
-3.150316777953437,-7.245270451963888,-0.057184048085154156,4.0
-3.100266561305343,-7.248238184421277,-0.04801490348057464,4.0
-3.0501824020131263,-7.250082092563247,-0.021175802234598504,4.0
-3.0000566982183683,-7.2503605259030826,-0.0030813189976097444,4.0
-2.949912835347905,-7.250391056061716,-0.00509394749976704,4.0
-2.8997643460962506,-7.250871414298324,-0.012941627040112378,4.0
-2.8501074862598497,-7.251682771781667,-0.0203294338266338,4.0
-2.8000184325397055,-7.252899471644301,-0.029275870420349227,4.0
-2.750430157173539,-7.254601746327747,-0.039925948079624116,4.0
-2.70042455813057,-7.256877965742093,-0.05243285296806924,4.0
-2.6509387305476038,-7.259823151451556,-0.06685951088968815,4.0
-2.6010611338797234,-7.263531272501298,-0.08130370086077511,4.0
-2.5512313983954282,-7.267947636190713,-0.08771687581786809,4.0
-2.5014333462954164,-7.272292793419511,-0.09593876377909094,4.0
-2.451673033048342,-7.27752855578731,-0.10368048838101057,4.0
-2.401944737559442,-7.282644941539818,-0.10343744564008739,4.0
-2.3522272308018586,-7.28785181908747,-0.11375334020576373,4.0
-2.3025600873941383,-7.293999294197116,-0.12264510397817929,4.0
-2.2529382497886608,-7.300090552392085,-0.12250022267672513,4.0
-2.2033217280050748,-7.3062171917124275,-0.12304033475850905,4.0
-2.1537085301085663,-7.312361797389471,-0.12325004226948183,4.0
-2.104096641081125,-7.318508990815424,-0.12313716975887898,4.0
-2.0544840664073187,-7.324642147865603,-0.12358059871683673,4.0
-2.0048800578379935,-7.330833037835568,-0.13345782926538308,4.0
-1.9553340122472913,-7.337953623058798,-0.14247384144467687,4.0
-1.905843826694655,-7.345039364231955,-0.14258199344042746,4.0
-1.8563599830730046,-7.35216195151316,-0.14319673989611148,4.0
-1.8068805547938922,-7.359308244979829,-0.1435441580609229,4.0
-1.7574036360853285,-7.366464929500808,-0.14361318447916466,4.0
-1.7079272441601052,-7.373617757256206,-0.1434052825411233,4.0
-1.6584494061702715,-7.380753572356834,-0.1429391914221802,4.0
-1.6089682703944421,-7.387860002674912,-0.14220322385404868,4.0
-1.55948193547925,-7.394922702988796,-0.14084248934906884,4.0
-1.5099837979446553,-7.401894141697762,-0.1307037870395371,4.0
-1.4604202451991053,-7.407944679206502,-0.12211083391275272,4.0
-1.410803882539256,-7.414065640732344,-0.12253842781258967,4.0
-1.3611862134374457,-7.4201658926531495,-0.11225023867612381,4.0
-1.3115092698666673,-7.4252585348291085,-0.09118775402788949,4.0
-1.2617275405008315,-7.429260527564244,-0.07766085280511303,4.0
-1.2118882297376607,-7.433010781169808,-0.07210040163612956,4.0
-1.1620272742740811,-7.436461439031372,-0.06605071056046419,4.0
-1.1121460109486354,-7.439608422887902,-0.06935755591284015,4.0
-1.0622753239565221,-7.443391105720593,-0.07302849262613831,4.0
-1.012417124574725,-7.446904448036541,-0.06764375155886866,4.0
-0.9625405966903804,-7.45014784553187,-0.06202908598972077,4.0
-0.9126458802261138,-7.453101116620392,-0.056135862523092384,4.0
-0.8627340954000785,-7.455756462161711,-0.059664182105181325,4.0
-0.8128321607781127,-7.459063497223639,-0.06373523938138213,4.0
-0.7629424383863592,-7.462125333481556,-0.058795340729128315,4.0
-0.7130379469223369,-7.464937702421704,-0.05361465905331871,4.0
-0.6631189044330575,-7.467482472292293,-0.048091736202774134,4.0
-0.6131858248283794,-7.469743469858601,-0.04223581000540076,4.0
-0.5632395251236507,-7.4717034689729775,-0.03609736386220164,4.0
-0.5132813236043966,-7.473351326162817,-0.03946239812940609,4.0
-0.46332934909501255,-7.475648212020175,-0.04354241514629132,4.0
-0.41338570374385797,-7.477703773724407,-0.0386289150412633,4.0
-0.3634321056217491,-7.479509054716473,-0.03348705641709941,4.0
-0.31346923956272144,-7.4810509332401836,-0.028122649574419074,4.0
-0.2634981781775205,-7.48232020267443,-0.03232428527494145,4.0
-0.21353339537715854,-7.484282413536107,-0.037311409925649915,4.0
-0.1635772084901781,-7.486050125955359,-0.033363454460758016,4.0
-0.11361413057147463,-7.487617302846473,-0.02927970201174636,4.0
-0.06364470376281783,-7.488976956354364,-0.03366368368335605,4.0
-0.013682110822789362,-7.49098265409944,-0.036662055381253764,4.0
0.03627520605022383,-7.492641867778957,-0.03948721498132818,4.0
0.08622714144949972,-7.494929843974802,-0.04331497761189295,4.0
0.13617119726448434,-7.496971568517161,-0.0383335255756726,4.0
0.18612536637187893,-7.498761171978739,-0.033254413928520514,4.0
0.23608862494586091,-7.500295489365612,-0.02807293501362026,4.0
0.28605982749489645,-7.501567362826883,-0.022773028730941444,4.0
0.3360377629382023,-7.502572027516138,-0.027206660761231263,4.0
0.38601017017654904,-7.504287349039743,-0.0343119015555297,4.0
