s_m,x_m,y_m,psi_unwrapped_rad,psi_rad,curvature_1pm,v_ref_mps,a_ref_mps2,yaw_rate_ref_radps,delta_ref_rad,dt_s,t_s,ey_ref_m,epsi_ref_rad,w_tr_right_m,w_tr_left_m,x_rollout_m,y_rollout_m,psi_rollout_unwrapped_rad,v_rollout_mps,psi_rollout_rad,psi_err_rad,xy_err_m,v_err_mps
0.0,0.436,-7.50584,-0.028599023300248872,-0.02859902330024866,-0.0012984985222982068,5.219061124921662,-3.999999999999954,-0.006776943158494795,-0.0004285044861316329,0.00961569948154073,0.0,0.0,0.0,0.7,0.7,0.436,-7.50584,-0.028599023300248872,5.219061124921662,-0.02859902330024866,0.0,0.0,0.0
0.05,0.4859807452352981,-7.507227482202718,-0.026885766688930467,-0.026885766688930612,0.018782498548794282,5.1805983269955,-3.9999999999999964,0.09730458055867906,0.006198145148494906,0.009687626223046983,0.00961569948154073,0.0,0.0,0.6999999995729658,0.6999999995729658,0.4859795073417783,-7.507271378704236,-0.028663948226363783,5.1805983269955,-0.028663948226363978,-0.0017781815374333654,4.391395251966213e-05,0.0
0.1,0.5359658873749132,-7.5084463091699165,-0.020252602651764148,-0.020252602651764207,-0.016969092614588233,5.141847822103312,-3.9999999999999774,-0.08725249190338989,-0.00559974203150282,0.00976119159085026,0.01930332570458771,0.0,0.0,0.7000000002029795,0.7000000002029795,0.535959633736792,-7.508680911178186,-0.02772482329892407,5.141847822103312,-0.027724823298924228,-0.007472220647160022,0.0002346853431170117,0.0
0.15000000000000002,0.5859548973241462,-7.509494728683445,-0.028167354657073936,-0.028167354657073762,0.0010582138161183037,5.102803055739911,-4.0,0.005399856694514673,0.0003492105451238631,0.00983645876467798,0.02906451729543797,0.0,0.0,0.6999999999270603,0.6999999999270603,0.5859398243193457,-7.51008817780375,-0.02857327792965348,5.102803055739911,-0.028573277929653695,-0.0004059232725799333,0.0005936405089481728,0.0
0.2,0.6359244466944913,-7.511239381718347,-0.034651842916605585,-0.03465184291660561,0.0021491737636094993,5.063457220681199,-4.000000000000013,0.010882249411847109,0.0007092272230765773,0.009913494388171318,0.03890097606011595,0.0,0.0,0.7000000000388501,0.7000000000388501,0.6359194526700207,-7.511515325078966,-0.028520367238847565,5.063457220681199,-0.028520367238847655,0.006131475677757958,0.00027598854785976527,0.0
0.25,0.6859032092074988,-7.512696540681825,-0.02540695053042434,-0.02540695053042441,0.013936245441493035,5.023803243128514,-3.9999999999999916,0.07001295504600767,0.004598928572751189,0.009992368816953666,0.04881447044828727,0.0,0.0,0.6999999999576474,0.6999999999576474,0.685899195277165,-7.512938464748099,-0.02841290855066709,5.023803243128514,-0.028412908550667026,-0.003005958020242616,0.00024195736293677948,0.0
0.30000000000000004,0.735889539226259,-7.513865646860632,-0.02130444185107135,-0.0213044418510715,-0.0017171088462182987,4.983833767860699,-3.999999999999965,-0.008557785050875082,-0.0005666458586043913,0.010073156388764248,0.05880683926524093,0.0,0.0,0.7000000001364437,0.7000000001364437,0.7358795051509357,-7.514341505647203,-0.027716096278592436,4.983833767860699,-0.027716096278592506,-0.0064116544275210074,0.00047596456530377644,0.0
0.35000000000000003,0.7858817616736427,-7.514747531625068,-0.012434090408678301,-0.012434090408678156,-0.004871387316574605,4.943541142305643,-4.000000000000038,-0.02408190361959244,-0.0016075564296988917,0.010155935718014666,0.06887999565400518,0.0,0.0,0.6999999994677713,0.6999999994677713,0.7858602422872342,-7.515729278602896,-0.027801951720903353,4.943541142305643,-0.027801951720903162,-0.015367861312225006,0.0009819827964199833,0.0
0.4,0.8358782466437008,-7.515340861825646,-0.01753071030796102,-0.01753071030796116,0.0026796797033276296,4.9029173994335835,-3.999999999999985,0.013138248242354059,0.0008842940715991306,0.010240790017421546,0.07903593137201985,0.0,0.0,0.7000000020417597,0.7000000020417597,0.8358407500539218,-7.517125283984075,-0.028045521086732084,4.9029173994335835,-0.028045521086732084,-0.010514810778770922,0.0017848160784070277,0.0
0.45,0.8858644568299561,-7.516514830105721,-0.023398968780579607,-0.023398968780579565,0.007452824906003808,4.8619542393638975,-3.9999999999999853,0.03623529364698205,0.0024594272601224446,0.010327807449706888,0.0892767213894414,0.0,0.0,0.6999999915205649,0.6999999915205649,0.8858211813408564,-7.518524027932054,-0.0279115371015657,4.8619542393638975,-0.02791153710156591,-0.004512568320986343,0.002009663820965845,0.0
0.5,0.935858408356022,-7.517292155660307,-0.005995007809837686,-0.005995007809837638,0.013477165038476763,4.82064300956507,-4.0000000000000036,0.06496860143148776,0.004447435139518378,0.010417081512745554,0.09960452883914829,0.0,0.0,0.7000000330381506,0.7000000330381506,0.9358019650919174,-7.519910111154548,-0.02753889585626551,4.82064300956507,-0.027538895856265455,-0.021543888046427817,0.0026185638834844297,0.0
0.55,0.9858570314473846,-7.51766884435633,-0.021990295867775053,-0.0219902958677749,0.0017987351702854204,4.778974683514088,-3.999999999999959,0.008596109841140426,0.0005935825364798436,0.010508711461985395,0.11002161035189384,0.0,0.0,0.6999998754612745,0.6999998754612745,0.9857834666120311,-7.5212700417380915,-0.026865037604341672,4.778974683514088,-0.02686503760434178,-0.004874741736566879,0.0036019486902793816,0.0
0.6000000000000001,1.0358232904293405,-7.519504187804545,-0.038570259852118045,-0.03857025985211804,0.013069312895010093,4.736939837666147,-4.000000000000027,0.06190854890329719,0.004312846514578637,0.010602802774479487,0.12053032181387924,0.0,0.0,0.7000005741500307,0.7000005741500307,1.035765484770278,-7.52261088443711,-0.0267751008458274,4.736939837666147,-0.02677510084582746,0.011795159006290579,0.0031072343749722377,0.0
0.65,1.0858020782170212,-7.5209607621255925,-0.021432207273715177,-0.021432207273714976,-0.002239940065131345,4.6945286265682284,-4.0000000000000036,-0.010515462757556202,-0.0007391800868671349,0.010699467659463382,0.1311331245883587,0.0,0.0,0.6999976031098929,0.6999976031098929,1.085747996996073,-7.523933148644638,-0.026121635201076895,4.6945286265682284,-0.02612163520107691,-0.004689427927361933,0.00297287846994538,0.0
0.7000000000000001,1.1357905196272928,-7.522036187457155,-0.02768874252928565,-0.027688742529285548,0.011747580586466064,4.651730755930375,-3.999999999999983,0.05464658192183478,0.003876682172964918,0.010798825621097841,0.1418325922478221,0.0,0.0,0.7000094646500671,0.7000094646500671,1.135730866235589,-7.525241880844979,-0.026233632204333463,4.651730755930375,-0.02623363220433328,0.001455110324952269,0.0032062483721446104,0.0
0.75,1.1857655971791714,-7.523614710656665,-0.02688730782689322,-0.026887307826893192,-0.004058984337921137,4.608535453445984,-4.0000000000000115,-0.018705973226291535,-0.001339464030440736,0.010901004079795187,0.15263141786891996,0.0,0.0,0.6999605056167391,0.6999605056167391,1.1857140444446133,-7.526538732511671,-0.02564625317501016,4.608535453445984,-0.025646253175010347,0.0012410546518828447,0.002924476276702015,0.0
0.8,1.235753364615434,-7.524720549041386,-0.026086976857480088,-0.02608697685748007,0.013226753356570281,4.564931437126803,-4.000000000000016,0.060379222208530134,0.004364800888808121,0.011006139059476406,0.16353242194871515,0.0,0.0,0.7001549998936375,0.7001549998936375,1.2356974716372784,-7.527825976658851,-0.025849202391906217,4.564931437126803,-0.025849202391906356,0.00023777446557371462,0.003105930571071975,0.0
0.8500000000000001,1.2857303665809818,-7.526237043063577,-0.025867113807311538,-0.025867113807311437,0.02712096614621034,4.520906880888897,-3.9999999999999662,0.12261136246675715,0.008949679873777278,0.011114375949190163,0.17453856100819154,0.0,0.0,0.6501724949664106,0.6501724949664106,1.2856811917209277,-7.529101764838378,-0.025187864724077705,4.520906880888897,-0.025187864724077524,0.0006792490832339126,0.0028651438033514085,0.0
0.9,1.3357211821888049,-7.52719464767369,-0.019156447220066156,-0.019156447220066042,0.04114871042470627,4.476449377092137,-3.9999999999999973,0.1842001191488211,0.013578239911585103,0.011225870348793972,0.1856529369573817,0.0,0.0,0.6499521982566994,0.6499521982566994,1.3356661703357091,-7.53032713407792,-0.02383181641676719,4.476449377092137,-0.023831816416767015,-0.004675369196700974,0.0031329694184056302,0.0
0.9500000000000001,1.3857048905374434,-7.528470715444856,-0.03141902328379771,-0.03141902328379764,0.03553582935461186,4.431545895696961,-3.9999999999999827,0.15747865872661776,0.011726286180052255,0.011340789009887824,0.19687880730617566,0.0,0.0,0.6500135691130957,0.6500135691130957,1.3856531625495188,-7.531467190002322,-0.021774380895531877,4.431545895696961,-0.021774380895531742,0.0096446423882659,0.0029969210130189276,0.0
1.0,1.4356821663942572,-7.529978992131018,-0.022139749084358527,-0.022139749084358673,0.052760070847725535,4.38618273965741,-3.999999999999951,0.23141531209539581,0.017409064412737686,0.011459310884945369,0.2082195963160635,0.0,0.0,0.6499960818778703,0.6499960818778703,1.4356422507607527,-7.53251141319989,-0.019997589427801284,4.38618273965741,-0.019997589427801277,0.0021421596565573964,0.0025327356213911455,0.0
1.05,1.485676231935235,-7.530747497354288,-0.016929618429365027,-0.016929618429365245,0.05881511760138417,4.340345496117629,-3.999999999999935,0.2552779307847965,0.019406552179910438,0.011581628299661216,0.21967890720100886,0.0,0.0,0.6500010720343288,0.6500010720343288,1.4856335142775048,-7.533445288006459,-0.017359585885415005,4.340345496117629,-0.017359585885415196,-0.0004299674560499511,0.0026981288333254366,0.0
1.1,1.5356677842743536,-7.531668321904875,-0.011177463716355654,-0.011177463716355529,0.09082624630925544,4.294018982918985,-3.999999999999958,0.3900096257992182,0.029963690699278813,0.011707948265990876,0.23126053550067008,0.0,0.0,0.64999969554542,0.64999969554542,1.535627184722065,-7.534239714688671,-0.014418830005345796,4.294018982918985,-0.014418830005345828,-0.0032413662889902994,0.002571713275659922,0.0
1.1500000000000001,1.5856676241296246,-7.531779781472024,-0.0006190632786060253,-0.0006190632786058359,0.10993478290879666,4.247187189855022,-4.000000000000002,0.46691360168973395,0.03626257520940392,0.011838493956284108,0.24296848376666094,0.0,0.0,0.6500001176364786,0.6500001176364786,1.5856234523504804,-7.534847107918988,-0.009877517689883025,4.247187189855022,-0.009877517689882875,-0.00925845441127704,0.003067644483690023,0.0
1.2000000000000002,1.6356672786538686,-7.531968619924114,-0.004163813642248293,-0.004163813642248382,0.0991105042021179,4.199833214029885,-3.999999999999971,0.4162475874073032,0.032694811689283274,0.011973506362403661,0.254806977722945,0.0,0.0,0.6499998338382507,0.6499998338382507,1.635622118790576,-7.535203561856291,-0.00438077854444319,4.199833214029885,-0.004380778544443409,-0.00021696490219502707,0.003235257133183269,0.0
1.25,1.6856669259884467,-7.532152270155916,-0.005170218106277677,-0.005170218106277602,0.11918710145292874,4.151939188580271,-3.9999999999999707,0.4948575972957074,0.039311480398068525,0.012113246167905966,0.2667804840853487,0.0,0.0,0.6500005474323207,0.6500005474323207,1.6856219770914025,-7.535298712498225,0.0005747466656627056,4.151939188580271,0.0005747466656624844,0.0057449647719400865,0.0031467633874853467,0.0
1.3,1.735666880339078,-7.532246813446922,0.008330871756043991,0.00833087175604419,0.1322253157963228,4.1034862039086475,-3.999999999999956,0.5425847591776748,0.04360669316239705,0.012257995866395002,0.2788937302532547,0.0,0.0,0.6499979761185906,0.6499979761185906,1.7356215872541032,-7.535120991924904,0.006534101738309142,4.1034862039086475,0.00653410173830915,-0.0017967700177350387,0.00287453533407426,0.0
1.35,1.7856578099380527,-7.531296832346766,0.022904793804886386,0.022904793804886303,0.15046706365329596,4.054454220443068,-3.9999999999999702,0.6100618212667815,0.04961338330583916,0.012408062165243908,0.2911517261196497,0.0,0.0,0.6500077527770737,0.6500077527770737,1.7856190757053136,-7.534629014027683,0.013145367528125281,4.054454220443068,0.013145367528125451,-0.009759426276760852,0.0033324068022112558,0.0
1.4000000000000001,1.8356457115458675,-7.530196255635283,0.023273500275575714,0.02327350027557573,0.17558734674518783,4.004821971782093,-4.000000000000032,0.7031960642120492,0.05787910620863375,0.01256377872126081,0.3035597882848936,0.0,0.0,0.6499700547397822,0.6499700547397822,1.8356118117661,-7.53378370408758,0.020668720710790078,4.004821971782093,0.02066872071079029,-0.002604779564785442,0.0035876086175831686,0.0
1.4500000000000002,1.8856281653083686,-7.528871963590348,0.029456363350440398,0.02945636335044055,0.1706238220776669,3.954566856897049,-3.9999999999999827,0.6747433117854406,0.05624647112126915,0.012725509263873336,0.3161235670061544,0.0,0.0,0.6597002099152627,0.6597002099152627,1.8855959539633096,-7.532530919009598,0.02944808804804947,3.954566856897049,0.02944808804804966,-8.275302390892136e-06,0.003659097201607273,0.0
1.5,1.9356017016322336,-7.527245355385056,0.035995608392517676,0.035995608392517475,0.19150848220991107,3.903664819841556,-4.000000000000013,0.7475849247040823,0.06311386364654704,0.01289365117242709,0.32884907627002774,0.0,0.0,0.6696903985918861,0.6696903985918861,1.9355673897955357,-7.530845559249491,0.03797927915193282,3.903664819841556,0.037979279151932666,0.0019836707594151903,0.0036003673656491543,0.0
1.55,1.9855615716323531,-7.525242485950306,0.04437587964875056,0.04437587964875078,0.22487332299910862,3.8520902151518475,-3.99999999999999,0.8662323271735471,0.07407242694474567,0.013068639587758201,0.3417427274424548,0.0,0.0,0.6791419465896593,0.6791419465896593,1.9855214805243353,-7.52870786964039,0.047554703262428374,3.8520902151518475,0.047554703262428166,0.003178823613677384,0.0034656155898251427,0.0
1.6,2.0355014754618073,-7.5227918697820275,0.05379781975781122,0.05379781975781128,0.201217368969773,3.799815656800815,-4.0,0.7645889090316098,0.06630439651551741,0.013250952154984175,0.35481136703021304,0.0,0.0,0.7389686700995715,0.7389686700995715,2.0354505405664316,-7.526050309722656,0.058798369412383804,3.799815656800815,0.0587983694123837,0.005000549654572417,0.0032588380153438885,0.0
1.6500000000000001,2.0854134880663606,-7.51982656011022,0.06556895781197448,0.06556895781197447,0.22464916634695195,3.746811848180878,-4.0000000000000115,0.8417181581527166,0.07399885996861214,0.01344111451533921,0.3680623191851972,0.0,0.0,0.7492374605826073,0.7492374605826073,2.085348511779531,-7.5228610495981645,0.06885923786087246,3.746811848180878,0.06885923786087256,0.0032902800488980866,0.003035185063599552,0.0
1.7000000000000002,2.135287311687178,-7.516277570641555,0.07499145723075773,0.07499145723075795,0.24553727070222686,3.693047390119521,-3.9999999999999933,0.9067807767439293,0.08085066843407368,0.013639706691010911,0.3815034337005364,0.0,0.0,0.7499782688291582,0.7499782688291582,2.1352096488462617,-7.519140737225092,0.08009169617822005,3.693047390119521,0.08009169617821987,0.005100238947461921,0.00286421968465077,0.0
1.75,2.1851127019688965,-7.51210034593991,0.09884991483976542,0.09884991483976524,0.2375321647560345,3.6384885633554775,-4.000000000000012,0.8642580648939006,0.07822566193916167,0.013847370539834937,0.3951431403915473,0.0,0.0,0.7500079936230496,0.7500079936230496,2.1850235602753587,-7.514834599012578,0.0923685597133314,3.6384885633554775,0.09236855971333124,-0.006481355126433996,0.0027357057785735834,0.0
1.8,2.2347831780776164,-7.506371200293075,0.12436277306757519,0.12436277306757537,0.26761160877121454,3.5830990811961376,-3.999999999999981,0.9588789095055591,0.08808331852429796,0.014064818498393873,0.4089905109313822,0.0,0.0,0.7499935847535205,0.7499935847535205,2.2347818563438704,-7.50992719801112,0.10424516795113312,3.5830990811961376,0.10424516795113314,-0.020117605116442228,0.0035559979636831216,0.0
1.85,2.284374119791589,-7.499987542865715,0.1328140602789246,0.13281406027892473,0.25676497087849137,3.5268398072025624,-4.000000000000012,0.90556892038947,0.08453052817280063,0.014292843885257155,0.4230553294297761,0.0,0.0,0.7500192493366896,0.7500192493366896,2.2844741341176307,-7.5043918364500035,0.11762574838969383,3.5268398072025624,0.11762574838969364,-0.015188311889231088,0.004405429019064824,0.0
1.9000000000000001,2.3338899140865403,-7.493046188859758,0.14620298239407928,0.14620298239407914,0.29073150393474584,3.4696684316615336,-1.1921488599447767,1.0087419212918687,0.09564863922130729,0.014446452656042452,0.43734817331503323,0.0,0.0,0.7498790733545111,0.7498790733545111,2.3340896081015203,-7.498205528854462,0.1304639969336184,3.4696684316615336,0.13046399693361854,-0.015738985460460597,0.005163203160885133,0.0
1.9500000000000002,2.3832993720670985,-7.485383624772929,0.1617417140202181,0.1617417140202182,0.29030545645510364,3.4524461095973864,-4.000000000000004,1.002263943733316,0.09550932403638085,0.01460607147720992,0.45179462597107567,0.0,0.0,0.7506236268378318,0.7506236268378318,2.3836156667316915,-7.491340727813006,0.1450005721303557,3.4524461095973864,0.14500057213035555,-0.016741141889862643,0.005965494023544802,0.0
2.0,2.4325817226931563,-7.476943548145086,0.17711155747072957,0.1771115574707296,0.2850248772120616,3.3940218236885467,-4.000000000000019,0.9673806535518854,0.0937822966068524,0.014861941744983719,0.4664006974482856,0.0,0.0,0.7470840631738741,0.7470840631738741,2.4330367875664165,-7.483757264341528,0.15951584495311089,3.3940218236885467,0.15951584495311089,-0.01759571251761871,0.006828895404421554,0.0
2.0500000000000003,2.4817237463462876,-7.467717924355777,0.19607385629593999,0.1960738562959401,0.3147656341426275,3.3345740567086115,-1.8670119462050618,1.04960931755544,0.10350148019375739,0.015057894188591442,0.48126263919326934,0.0,0.0,0.7946137050987071,0.7946137050987071,2.4823437408645432,-7.47546377041928,0.17376708881371397,3.3345740567086115,0.17376708881371394,-0.022306767482226153,0.007770619308790479,0.0
2.1,2.5306772064363345,-7.457543621676229,0.2069765847542923,0.20697658475429215,0.30847897396907553,3.3064607883738195,-4.000000000000006,1.0199736314665364,0.10144859255727624,0.015262817380514581,0.4963205333818608,0.0,0.0,0.8014921272465347,0.8014921272465347,2.5315207054389957,-7.466431907265086,0.18950537052084535,3.3064607883738195,0.18950537052084515,-0.017471214233446997,0.008928219938855534,0.0
2.15,2.5796564022025423,-7.447490364250685,0.20374175526748148,0.2037417552674814,0.3322989990545265,3.245409518851761,-0.7887096127418358,1.0784463346364725,0.10922226468322224,0.015435326255206766,0.5115833507623754,0.0,0.0,0.8005906026656768,0.8005906026656768,2.5805509999305523,-7.456634935481134,0.20492931921929913,3.245409518851761,0.2049293192192989,0.0011875639518175163,0.009188225513324742,0.0
2.2,2.628506170416632,-7.43683067773046,0.22533394901836185,0.22533394901836168,0.33480609804641065,3.233235528658473,-0.24800626591992125,1.0825069714151672,0.1100397032852312,0.015473568129881961,0.5270186770175821,0.0,0.0,0.79527566301758,0.79527566301758,2.629417990378039,-7.446053832831599,0.22154426917202547,3.233235528658473,0.2215442691720253,-0.00378967984633638,0.009268117697876664,0.0
2.25,2.6771514109209438,-7.425268213564117,0.24145184681410856,0.2414518468141087,0.33560228099549216,3.2293979868061236,-0.8025207684890528,1.0837933306143854,0.11029926757506286,0.015512662292939704,0.5424922451474641,0.0,0.0,0.8366993527349904,0.8366993527349904,2.6781017169844157,-7.434659255985575,0.238284574074346,3.2293979868061236,0.238284574074346,-0.0031672727397626943,0.009439002032836964,0.0
2.3000000000000003,2.7255925315257987,-7.412880047182471,0.259689306136917,0.259689306136917,0.32585891412965384,3.2169487531414824,-4.0000000000000115,1.0482714275094274,0.10712180831072646,0.01569584186074675,0.5580049074404038,0.0,0.0,0.8532350604083576,0.8532350604083576,2.7265876367566633,-7.422450368918038,0.2550646881241206,3.2169487531414824,0.25506468812412075,-0.004624618012796233,0.009621917300765118,0.0
2.35,2.773790366765777,-7.399578543162162,0.2778792945302285,0.27787929453022864,0.3518026621587835,3.1541653856984952,0.3799274593068341,1.1096437795778167,0.11557747982121098,0.015836948697759787,0.5737007493011506,0.0,0.0,0.850537321875579,0.850537321875579,2.774865076210614,-7.409441390063874,0.2713576338306033,3.1541653856984952,0.2713576338306032,-0.006521660699625453,0.009921227212266712,0.0
2.4000000000000004,2.8217860436828155,-7.385561109320985,0.29093482446550006,0.2909348244654999,0.35046429417628233,3.160182277380408,-0.5153085440127324,1.107531051310521,0.11514166992382491,0.01584233489251323,0.5895376979989103,0.0,0.0,0.8396431405177629,0.8396431405177629,2.8229151181104637,-7.3956164483569875,0.28894776693854246,3.160182277380408,0.2889477669385423,-0.001987057526957603,0.01011853013990278,0.0
2.45,2.8695447029662042,-7.370760793598441,0.3105756936311502,0.31057569363115034,0.35228204178387257,3.1520185868531847,1.8860431120378396,1.1103995435173566,0.1157335684635636,0.015788274092864586,0.6053800328914235,0.0,0.0,0.8581904230807691,0.8581904230807691,2.8707150519588156,-7.380950080253905,0.3064709816473566,3.1520185868531847,0.30647098164735675,-0.004104711983793585,0.010256279993824684,0.0
2.5,2.9170079037206205,-7.355034354260179,0.32933366422814186,0.3293336642281419,0.345719116341192,3.1817959524569974,1.607363398904219,1.1000076850614144,0.113596154882532,0.015652511297325453,0.621168306984288,0.0,0.0,0.8810829077740399,0.8810829077740399,2.91824994759633,-7.365446240105495,0.3240850837365502,3.1817959524569974,0.3240850837365503,-0.0052485804915916034,0.010485706454267815,0.0
2.5500000000000003,2.9641504841992936,-7.33837576579182,0.349777376450165,0.3497773764501648,0.34031590847026794,3.206955226217253,0.03854465397503573,1.0913778812335981,0.11183565451979531,0.015589652046873568,0.6368208182816135,0.0,0.0,0.8598582952241771,0.8598582952241771,2.9655070999706417,-7.349115309379064,0.3413710395536098,3.206955226217253,0.3413710395536098,-0.008406336896555011,0.010824888120132138,0.0
2.6,3.0110033618428966,-7.320914490387632,0.3627117215474509,0.3627117215474511,0.3401884120843661,3.207556123960991,-0.6896791614816636,1.0911734244817737,0.11179410455446813,0.015614403384468435,0.6524104703284871,0.0,0.0,0.8701576350451542,0.8701576350451542,3.0124772442224077,-7.331976312050577,0.3583868349771232,3.207556123960991,0.3583868349771233,-0.004324886570327813,0.011159580089386984,0.0
2.6500000000000004,3.0575958659739424,-7.302773695586104,0.38145349502897463,0.38145349502897474,0.3424842391216659,3.1967871953277545,1.671304903237443,1.0948492302257105,0.11254223516751209,0.015577273269846453,0.6680248737129555,0.0,0.0,0.9003846079399429,0.9003846079399429,3.059149026821992,-7.314040748651224,0.3753962555813415,3.1967871953277545,0.37539625558134126,-0.006057239447633478,0.011373600722381349,0.0
2.7,3.1038099516118667,-7.283686915211286,0.401398971701904,0.4013989717019042,0.336973323586328,3.2228215685227184,1.221487344598153,1.086004895270803,0.11074620736043056,0.015469008738270094,0.683602146982802,0.0,0.0,0.8897851854594568,0.8897851854594568,3.1055079167182793,-7.295311300289265,0.39252046753742476,3.2228215685227184,0.392520467537425,-0.008878504164479217,0.011747740801692434,0.0
2.75,3.1496456406545006,-7.263709567969668,0.4208067182331863,0.4208067182331865,0.3148577635664657,3.2417167669299936,-3.9999999999999893,1.0206796913514915,0.10353155828023135,0.01557356030488459,0.699071155721072,0.0,0.0,0.9098045933576174,0.9098045933576174,3.1515420052240493,-7.275797111746552,0.40936913371674116,3.2417167669299936,0.4093691337167411,-0.011437584516445387,0.012235395912627027,0.0
2.8000000000000003,3.195084139313294,-7.242844351824453,0.43992022674974096,0.4399202267497411,0.34623546498972035,3.1794225257104554,2.4999999999999853,1.1008288365881507,0.11376435735617711,0.01563007916679622,0.7146447160259566,0.0,0.0,0.918578360693333,0.918578360693333,3.1972520654327803,-7.2555353556933095,0.4251120218950645,3.1794225257104554,0.42511202189506436,-0.01480820485467671,0.012874839139145942,0.0
2.85,3.2401154629597255,-7.221113789309207,0.4598463378297194,0.4598463378297195,0.3342900267378487,3.2184977236274457,1.7443222920760384,1.075911690087124,0.10987145047790021,0.015470343192423245,0.7302747951927528,0.0,0.0,0.9277864445942436,0.9277864445942436,3.2426209273736335,-7.2345209813827385,0.4424237951445505,3.2184977236274457,0.44242379514455044,-0.017422542685169073,0.013639287049766143,0.0
2.9000000000000004,3.284706021013779,-7.198494215041109,0.4769492553597114,0.47694925535971144,0.3322839544590673,3.2454829881240563,0.16727461530205306,1.0784219214234916,0.10921735895554224,0.015399915814031663,0.7457451383851761,0.0,0.0,0.9297830574443268,0.9297830574443268,3.287625758467225,-7.2127378003738,0.45913829648144294,3.2454829881240563,0.4591382964814428,-0.017810958878268668,0.014539758936334196,0.0
2.95,3.3290153227311463,-7.175326247970413,0.4879895644158044,0.48798956441580454,0.33175709887154065,3.2480590031175325,2.370972505262059,1.077566631837861,0.10904555904897582,0.015308277686401292,0.7611450541992077,0.0,0.0,0.9261971582181214,0.9261971582181214,3.3322613612544756,-7.190207699222343,0.4757524942043963,3.2480590031175325,0.47575249420439647,-0.012237070211408074,0.015231360985102601,0.0
3.0,3.372948835148407,-7.151454884172972,0.5080996249552896,0.5080996249552898,0.3244650984328631,3.2843545086149066,-1.3935019271755222,1.0656584089261534,0.1066670848394788,0.015273178014882191,0.776453331885609,0.0,0.0,0.941415153875708,0.941415153875708,3.376516809507171,-7.166939738966236,0.4923403491479733,3.2843545086149066,0.4923403491479732,-0.01575927580731662,0.0158906000199255,0.0
3.0500000000000003,3.4163818376971022,-7.126685328754458,0.5272787897608303,0.5272787897608304,0.32871151341382754,3.2630713056170735,-0.12156789472149258,1.0726091072466224,0.10805231178819867,0.015327363447240745,0.7917265099004912,0.0,0.0,0.9461997772191683,0.9461997772191683,3.420384617581031,-7.142948895239232,0.5085636040696164,3.2630713056170735,0.5085636040696162,-0.01871518569121422,0.016748905683770902,0.0
3.1,3.4594713372875767,-7.101319553927138,0.5360750425713315,0.5360750425713317,0.3290872442302932,3.2612079903111613,2.5000000000000036,1.0732219503933127,0.10817485931866826,0.01524268790263077,0.8070538733477319,0.0,0.0,0.9392297162753045,0.9392297162753045,3.463854825520807,-7.118244953335073,0.5249991797403079,3.2612079903111613,0.5249991797403077,-0.011075862831023908,0.017483824358789084,0.0
3.1500000000000004,3.5022411095445567,-7.0754229971247895,0.5549347873894932,0.5549347873894934,0.30504607529840383,3.2993147100677382,2.499999999999984,1.0064430034804548,0.10032722768280662,0.015068635354482846,0.8222965612503627,0.0,0.0,0.9524210398891233,0.9524210398891233,3.5069129172500637,-7.0928295184589185,0.5414535419518225,3.2993147100677382,0.5414535419518227,-0.013481245437670708,0.01802256286416344,0.0
3.2,3.5445442144062334,-7.048767256840078,0.5667311326616845,0.5667311326616846,0.3030552588721186,3.336986298453945,2.499999999999998,1.0112912465306731,0.0996768063734233,0.014900412434903932,0.8373651966048455,0.0,0.0,0.9589587218042253,0.9589587218042253,3.5495627634941904,-7.066734650206713,0.5567058457167426,3.336986298453945,0.5567058457167429,-0.010025286944941758,0.018655108129936693,0.0
3.25,3.5865968456778363,-7.021719398863834,0.5787208576682976,0.5787208576682978,0.2983546325402957,3.374237329541205,2.5000000000000018,1.006719338559015,0.09814072594100512,0.014737700808191779,0.8522656090397495,0.0,0.0,0.9480985463410708,0.9480985463410708,3.591810993784737,-7.039994433272838,0.5718586086603485,3.374237329541205,0.5718586086603485,-0.006862249007949295,0.019004321169960165,0.0
3.3000000000000003,3.6281826423461485,-6.9939591651716455,0.5982890958295609,0.598289095829561,0.29088647577353277,3.4110815815616844,2.4999999999999942,0.9922374998364868,0.09569931323770098,0.014580205956279391,0.8670033098479413,0.0,0.0,0.9727857943209879,0.9727857943209879,3.63365243057157,-7.012622041991774,0.5867763402873634,3.4110815815616844,0.5867763402873631,-0.011512755542197883,0.01944791902580449,0.0
3.35,3.669253578750758,-6.965442704455726,0.6141529958473145,0.6141529958473146,0.2846724921184195,3.447532096452383,2.4999999999999947,0.9814175535553392,0.09366702804055657,0.014427654935400045,0.8815835158042207,0.0,0.0,0.976578123846864,0.976578123846864,3.675086137700533,-6.98463626270277,0.60132066407604,3.447532096452383,0.6013206640760398,-0.012832331771274852,0.020060194966282422,0.0
3.4000000000000004,3.70999230013811,-6.936453490648806,0.6220888708963956,0.6220888708963956,0.27429333949330825,3.483601233790883,2.4999999999999973,0.9555286158795101,0.09027080006454027,0.01427979438572075,0.8960111707396207,0.0,0.0,0.9626189381474773,0.9626189381474773,3.7161128981572737,-6.956057201869285,0.6155542886819609,3.483601233790883,0.6155542886819609,-0.006534582214434703,0.020536971873382985,0.0
3.45,3.750520760775314,-6.907170899914259,0.6297254341272671,0.6297254341272671,0.2660127616750561,3.5193007197551847,2.5000000000000013,0.9361789036270893,0.08755975787420628,0.014136388760907429,0.9102909651253415,0.0,0.0,0.9596045580314073,0.9596045580314073,3.7567363224787664,-6.926907618513213,0.6292689556566263,3.5193007197551847,0.6292689556566264,-0.0004564784706406755,0.02069229973549836,0.0
3.5,3.790732440869227,-6.877455342044039,0.6445266688504909,0.6445266688504909,0.26392544454191524,3.5546416916574533,2.499999999999992,0.938160388657919,0.08687616976926411,0.013997218749465513,0.9244273538862489,0.0,0.0,0.9587358200041282,0.9587358200041282,3.7969623291268317,-6.897211970130291,0.6425695937403791,3.5546416916574533,0.642569593740379,-0.0019570751101118944,0.020715594634012777,0.0
3.5500000000000003,3.830433477157122,-6.847060188142814,0.662156722649876,0.6621567226498759,0.25178154009965553,3.589634738531117,2.499999999999988,0.9038037628625889,0.08289749442915843,0.01386207986377872,0.9384245726357143,0.0,0.0,0.9493747521608207,0.9493747521608207,3.83679140019326,-6.86698600748428,0.6557658659674749,3.589634738531117,0.6557658659674748,-0.006390856682401136,0.02091557940297562,0.0
3.6,3.86963756109225,-6.81602692323181,0.6756190401522181,0.6756190401522182,0.2435924060248007,3.6242899381905636,2.5,0.8828495061753155,0.08021301647222095,0.013730781176190731,0.9522866524994931,0.0,0.0,0.9421223770956946,0.9421223770956946,3.8762275041119887,-6.836249047818623,0.6683549429724577,3.6242899381905636,0.6683549429724578,-0.007264097179760398,0.021268795730083088,0.0
3.6500000000000004,3.9085467482901537,-6.784626319171978,0.6813845244984857,0.681384524498486,0.2339554728002395,3.6586168911310404,2.4999999999999996,0.855953444559505,0.07705245413706506,0.013603144184355645,0.9660174336756838,0.0,0.0,0.9291834065577802,0.9291834065577802,3.915279952878548,-6.805026054047739,0.6805345632736977,3.6586168911310404,0.6805345632736977,-0.0008499612247883093,0.02148220721970931,0.0
3.7,3.9473442989978924,-6.753082058945961,0.685959889803367,0.685959889803367,0.2208568391022336,3.6926247515919295,2.500000000000006,0.8155414306272641,0.0727541180973229,0.013479001790516743,0.9796205778600394,0.0,0.0,0.9409351183339106,0.9409351183339106,3.953956884092264,-6.7733390459285685,0.6922323369137097,3.6926247515919295,0.6922323369137096,0.006272447110342583,0.02130896063265018,0.0
3.75,3.9856331963080374,-6.7209324013357525,0.714249497208677,0.714249497208677,0.21842161283288336,3.7263222560682214,2.499999999999985,0.8139093171054895,0.0719546932389226,0.013358197381436279,0.9930995796505562,0.0,0.0,0.9606825631766016,0.9606825631766016,3.992271055685211,-6.741214307024158,0.7032751788688214,3.7263222560682214,0.7032751788688216,-0.010974318339855405,0.021340498482100123,0.0
3.8000000000000003,4.023118446498074,-6.6878406934913475,0.7266484370520412,0.7266484370520412,0.21780239096712933,3.759717749521812,2.4999999999999805,0.8188755152074053,0.07175140320511057,0.013240583997452864,1.0064577770319925,0.0,0.0,0.9497006129796,0.9497006129796,4.0302301355721974,-6.708670745359135,0.7141962595104656,3.759717749521812,0.7141962595104658,-0.012452177541575349,0.022010615218610353,0.0
3.85,4.0604275337562,-6.654552026447704,0.7340617515141825,0.7340617515141825,0.2116586766673087,3.792819209515444,2.4999999999999933,0.8027830947243867,0.0697341075939055,0.013126023580639091,1.0196983610294452,0.0,0.0,0.9488404949590115,0.9488404949590115,4.0678320592286425,-6.675715159645141,0.7250863790588221,3.792819209515444,0.7250863790588222,-0.008975372455360286,0.022421088381354242,0.0
3.9000000000000004,4.097213449895352,-6.620690915950452,0.7517354896731372,0.7517354896731372,0.20552886396524828,3.8256342684670415,2.4999999999999925,0.7862782651445547,0.06772080986002951,0.013014386293311591,1.0328243846100844,0.0,0.0,0.9440402995660082,0.9440402995660082,4.105078004171617,-6.642357757888372,0.7356693128921875,3.8256342684670415,0.7356693128921874,-0.016066176780949792,0.02305001634548488,0.0
3.95,4.133675731401468,-6.586474650314557,0.7553141201631113,0.7553141201631113,0.199434319736366,3.8581702342003203,2.4999999999999765,0.7694515560848367,0.06571855055226011,0.01290554989924336,1.045838770903396,0.0,0.0,0.9349692639101839,0.9349692639101839,4.141974032181826,-6.608613704846819,0.7459457560904499,3.8581702342003203,0.7459457560904497,-0.009368364072661617,0.023643170925740708,0.0
4.0,4.169837010213041,-6.551946552028875,0.7716234052549229,0.7716234052549229,0.19696141180886395,3.8904341089484284,2.4999999999999845,0.766265394647842,0.06490596709286213,0.01279939920087231,1.0587443208026395,0.0,0.0,0.9278656171039811,0.9278656171039811,4.178526557096934,-6.574497840408011,0.7559174720772682,3.8904341089484284,0.7559174720772681,-0.015705933177654785,0.024167516061984994,0.0
4.05,4.205467677308933,-6.516867752082902,0.7803887591883624,0.7803887591883623,0.19269368113469,3.922432606950609,2.4999999999999867,0.7558279780360514,0.0635034137947599,0.012695825526614147,1.0715437200035118,0.0,0.0,0.9201288549576109,0.9201288549576109,4.2147392118437095,-6.540021421933486,0.7657655426677115,3.922432606950609,0.7657655426677117,-0.014623216520650573,0.02494100599774153,0.0
4.1000000000000005,4.240940657877209,-6.481629075024939,0.786673588031046,0.786673588031046,0.1837282757344968,3.9541721707671442,2.50000000000002,0.7264932348923796,0.060556201311810595,0.012594726263091693,1.084239545530126,0.0,0.0,0.911718632581345,0.911718632581345,4.250614312139452,-6.505193877668287,0.775400226724446,3.9541721707671442,0.7754002267244458,-0.011273361306600282,0.025473113480792578,0.0
4.15,4.275937397645065,-6.4459208033645865,0.8030706535977323,0.8030706535977323,0.17913114107358208,3.9856589864248737,2.500000000000042,0.7139556421684642,0.05904456581778509,0.012496004427702767,1.0968342717932176,0.0,0.0,0.9092588139051518,0.9092588139051518,4.286160094949785,-6.470030263762792,0.7845866405111708,3.9856589864248737,0.7845866405111708,-0.018484013086561557,0.026187203380211858,0.0
4.2,4.310559276629607,-6.409845278496302,0.8073799872629175,0.8073799872629177,0.18173707211107182,4.016898997494131,2.5000000000000195,0.730019462770483,0.05990148488787627,0.012399568277478937,1.1093302762209203,0.0,0.0,0.9102399824240474,0.9102399824240474,4.321385439491093,-6.434545641892675,0.7935431975648499,4.016898997494131,0.7935431975648499,-0.013836789698067786,0.026968755147694243,0.0
4.25,4.345061275450908,-6.373657170989647,0.811662074717384,0.8116620747173839,0.16452049105523428,4.047897918187829,2.4999999999999996,0.6659621532417221,0.054238512807714974,0.012305330950648855,1.1217298444983992,0.0,0.0,0.9099472224963457,0.9099472224963457,4.356289219647475,-6.398744679219482,0.8026300511704035,4.047897918187829,0.8026300511704036,-0.009032023546980295,0.027485447059549015,0.0
4.3,4.379358147390547,-6.337274082848459,0.8184878566099606,0.8184878566099605,0.16348888284443097,4.078661245564451,2.5000000000000235,0.6668157705382074,0.05389907635888608,0.012213210137722781,1.134035175449048,0.0,0.0,0.9098906409804319,0.9098906409804319,4.390881808572594,-6.362642896799444,0.8108560757231652,4.078661245564451,0.8108560757231653,-0.00763178088679517,0.02786344358327449,0.0
4.3500000000000005,4.413376295753785,-6.300629169022466,0.8266499999089939,0.826649999908994,0.1637830820043105,4.109194270908758,2.499999999999976,0.673016502243892,0.05399587980404031,0.012123127779267167,1.146248385586771,0.0,0.0,0.9109540643362246,0.9109540643362246,4.425177195885414,-6.326258662744633,0.8190305198653868,4.109194270908758,0.8190305198653869,-0.00761948004360713,0.028215814579261304,0.0
4.4,4.447092881487534,-6.263706331523721,0.8348664210527694,0.8348664210527694,0.153680488363587,4.139502090356926,2.4999999999999964,0.6361607028281416,0.05067114941139442,0.012035009787846836,1.1583715133660382,0.0,0.0,0.91115184658352,0.91115184658352,4.4591737497926625,-6.289595052025271,0.8272196739656023,4.139502090356926,0.8272196739656024,-0.007646747087167061,0.028568745653479246,0.0
4.45,4.480504560932613,-6.226508578337433,0.8428898349200513,0.8428898349200513,0.15426109226292392,4.169589614826543,2.4999999999999702,0.6432054482712868,0.0508622553208532,0.011948785791883552,1.170406523153885,0.0,0.0,0.9073926367284826,0.9073926367284826,4.492878263289424,-6.2526627698194,0.8349036983837816,4.169589614826543,0.8349036983837816,-0.007986136536269672,0.028933548729638364,0.0
4.5,4.5136884154349195,-6.189107494676807,0.8461649700194429,0.8461649700194429,0.13433836059176682,4.199461579306251,2.500000000000002,0.5641487839321138,0.04430265158195957,0.011864388899418177,1.1823553089457686,0.0,0.0,0.8994148096639173,0.8994148096639173,4.52629745555199,-6.215472109777018,0.8426167529969278,4.199461579306251,0.842616752996928,-0.0035482170225149545,0.02922466119660187,0.0
4.55,4.546750369717993,-6.15159785071932,0.852944119597154,0.8529441195971539,0.1309664482204344,4.229122551554797,2.499999999999967,0.5538731596660728,0.04319204883487795,0.011781755479974065,1.1942196978451867,0.0,0.0,0.8915830790525691,0.8915830790525691,4.559447470062197,-6.1780412783876155,0.8493336710265161,4.229122551554797,0.8493336710265162,-0.0036104485706376366,0.029333789799464455,0.0
4.6000000000000005,4.579343136369368,-6.11368238390632,0.8670477097139164,0.8670477097139164,0.13761948578278163,4.2585769402547315,2.4999999999999556,0.5860631686842678,0.045383246914167195,0.01170082496290504,1.2060014533251606,0.0,0.0,0.8849430730843552,0.8849430730843552,4.592348495810208,-6.140391396964242,0.8558819934375379,4.2585769402547315,0.8558819934375377,-0.011165716276378745,0.02970708253453564,0.0
4.65,4.61164208544897,-6.075512645888231,0.8692203723812628,0.869220372381263,0.13712734345427885,4.287829002661994,2.4999999999999862,0.5879786003212492,0.04522117302440116,0.011621539650775567,1.2177022782880658,0.0,0.0,0.8730925646232383,0.8730925646232383,4.6249959699735115,-6.102521454179312,0.8627629677266769,4.287829002661994,0.8627629677266766,-0.0064574046545864405,0.030129752026845057,0.0
4.7,4.6437139523129245,-6.037154901236931,0.8823201882638547,0.8823201882638543,0.1267248856206141,4.316882851788932,2.4999999999999885,0.5470564856305429,0.04179485934221899,0.011543844546466583,1.2293238179388413,0.0,0.0,0.8705578932554848,0.8705578932554848,4.657382560342072,-6.064428161193482,0.8696193348993909,4.316882851788932,0.869619334899391,-0.01270085336446325,0.030506746042671846,0.0
4.75,4.675220171991291,-5.998330002194428,0.8932955762597602,0.8932955762597601,0.13495377682045068,4.345742463155099,2.500000000000011,0.5864743584917887,0.04450533876949426,0.01146768719282955,1.2408676624853079,0.0,0.0,0.8961683817054381,0.8961683817054381,4.689517182125802,-6.026122055693538,0.8759555791804217,4.345742463155099,0.8759555791804221,-0.017339997079337977,0.03125384354737341,0.0
4.800000000000001,4.706539855202183,-5.959354311517807,0.8943915757480275,0.8943915757480276,0.14514226506431563,4.374411681137173,2.500000000000027,0.6349120197240501,0.04786037072848806,0.011393017523826519,1.2523353496781375,0.0,0.0,0.8963261539650097,0.8963261539650097,4.721400513648648,-5.987606556407779,0.8827032680214442,4.374411681137173,0.8827032680214444,-0.011688307726583247,0.03192222596852257,0.0
4.8500000000000005,4.737797624236151,-5.920328913103593,0.8976593208755914,0.8976593208755919,0.13597402751060372,4.402894224946739,2.4999999999999596,0.5986792604691862,0.04484135002061895,0.011319787726196223,1.2637283672019641,0.0,0.0,0.8833720542040133,0.8833720542040133,4.753013355331185,-5.948868754861433,0.8899603812746599,4.402894224946739,0.8899603812746602,-0.007698939600931709,0.032342557726916285,0.0
4.9,4.7687478297963635,-5.881060135101288,0.9101674981327694,0.9101674981327692,0.13858427651480976,4.431193694262229,2.499999999999959,0.6140937722163181,0.04570096796078679,0.011247952110777787,1.2750481549281603,0.0,0.0,0.8797185529412841,0.8797185529412841,4.784353181290602,-5.90990972921783,0.8967590826501901,4.431193694262229,0.8967590826501901,-0.013408415482579095,0.03279978774242223,0.0
4.95,4.799242346690321,-5.84143539583689,0.9178192925734013,0.9178192925734017,0.14907617455383226,4.459313574539173,2.499999999999988,0.6647774088282755,0.04915550840525424,0.011177466992705174,1.286296107038938,0.0,0.0,0.8798239171150286,0.8798239171150286,4.8154248556620365,-5.870736510703672,0.9036882964759306,4.459313574539173,0.9036882964759307,-0.014130996097470927,0.03347280880141373,0.0
5.0,4.829576988509679,-5.801688642639469,0.9199371155972342,0.919937115597234,0.15706845442426193,4.487257242020936,2.499999999999967,0.7048065596083047,0.05178624652896142,0.011108290579758564,1.2974735740316432,0.0,0.0,0.8771852372225443,0.8771852372225443,4.846214004662973,-5.831340867177196,0.9111421052036223,4.487257242020936,0.9111421052036226,-0.008795010393611413,0.03400065773658982,0.0
5.050000000000001,4.859804471576601,-5.761859657777233,0.9247842991704281,0.9247842991704278,0.15846268841445363,4.515027968470332,2.500000000000014,0.7154634701502578,0.05224510000695263,0.011040382868224377,1.3085818646114018,0.0,0.0,0.8968137562557562,0.8968137562557562,4.876700727944146,-5.791710741587318,0.9189955279248354,4.515027968470332,0.9189955279248352,-0.005788771245592628,0.0343011761296099,0.0
5.1000000000000005,4.889642802103264,-5.721739722336954,0.9381228317442661,0.9381228317442663,0.15235786315501734,4.542628925640893,-0.144302577626652,0.6921052362168186,0.05023579320511702,0.011008767180081806,1.3196222474796262,0.0,0.0,0.9121467483302687,0.9121467483302687,4.906873891101898,-5.751841365537237,0.9269186623455581,4.542628925640893,0.9269186623455585,-0.01120416939870772,0.034684569356357324,0.0
5.15,4.9190528145076176,-5.681303374481646,0.9442200768082198,0.9442200768082198,0.15491169775761612,4.541040332160316,-4.0000000000000115,0.7034602674407636,0.051076397853420864,0.01106461242824316,1.330631014659708,0.0,0.0,0.909931545110979,0.909931545110979,4.936736346807236,-5.711738726606439,0.9345365555033089,4.541040332160316,0.9345365555033087,-0.009683521304911125,0.0351996871229248,0.0
5.2,4.948324584316638,-5.640767508639026,0.9464182731168467,0.9464182731168469,0.1730869795400307,4.496781882447343,2.5000000000000018,0.7783343936831439,0.05705670709166513,0.011084906354577121,1.3416956270879512,0.0,0.0,0.9102924374267191,0.9102924374267191,4.966289864043552,-5.671407880843841,0.9422821403911897,4.496781882447343,0.9422821403911898,-0.004136132725657049,0.03551877932187187,0.0
5.25,4.977445257882028,-5.600122203044662,0.9539073119283998,0.9539073119283996,0.16545581687121613,4.524494148333786,2.499999999999976,0.7486038752416039,0.05454625805171172,0.011017424009400862,1.3527805334425282,0.0,0.0,0.9007070319753699,0.9007070319753699,4.995511661664473,-5.630836081031605,0.9509364893681913,4.524494148333786,0.9509364893681909,-0.0029708225602087523,0.03563337265299443,0.0
5.300000000000001,5.006067592023162,-5.5591263675094105,0.9670529517729415,0.9670529517729411,0.1596545214780412,4.552037708357288,-1.572396484257238,0.726753402077782,0.0526373242837603,0.011005009153412744,1.363797957451929,0.0,0.0,0.9032096000874957,0.9032096000874957,5.0243890422901885,-5.590018405571485,0.9592092802117521,4.552037708357288,0.959209280211752,-0.007843671561189147,0.035916480277385435,0.0
5.3500000000000005,5.034406228120205,-5.51793093942426,0.9692809969810958,0.9692809969810963,0.1702019421495738,4.534733470655243,-1.9979965554370602,0.7718204438361996,0.05610768964385391,0.011052919643359228,1.3748029666053418,0.0,0.0,0.9125359389378638,0.9125359389378638,5.052933722148059,-5.54896736446431,0.9671920062856542,4.534733470655243,0.9671920062856545,-0.0020889906954417725,0.036145922511658,0.0
5.4,5.062451021380155,-5.476538235203204,0.9833781149591048,0.9833781149591045,0.17143018733267196,4.5126497752802885,-4.000000000000031,0.7736043963430399,0.05651172672175291,0.011134915221928134,1.3858558862487012,0.0,0.0,0.9233945317181824,0.9233945317181824,5.081138901278511,-5.507682345603836,0.9757021033931329,4.5126497752802885,0.9757021033931332,-0.007676011565971308,0.036320689252024516,0.0
5.45,5.0899945680305265,-5.434807889377218,0.9879977905210917,0.9879977905210922,0.16927073875175447,4.468110114392576,-3.999999999999972,0.7563202998874174,0.05580135364047503,0.011247035170050735,1.3969908014706294,0.0,0.0,0.9291477355719597,0.9291477355719597,5.108990447541976,-5.4661579423691915,0.9842736127597665,4.468110114392576,0.9842736127597664,-0.00372417776132572,0.036656094459353514,0.0
5.5,5.117392274729715,-5.392981325947077,0.9990867277785083,0.9990867277785078,0.1788999473427463,4.423121973712373,-1.9308392150584957,0.7912962881876876,0.058968537216651046,0.01133226251766455,1.40823783664068,0.0,0.0,0.9017004905236023,0.9017004905236023,5.136487304839652,-5.424397818863706,0.9927371496973543,4.423121973712373,0.992737149697354,-0.006349578081153773,0.03676433328757594,0.0
5.550000000000001,5.143846066158086,-5.350554603185019,1.0248783494494689,1.0248783494494687,0.17242860445476632,4.401241196847929,-4.000000000000009,0.7588998774413138,0.05684014716622844,0.01141969196442136,1.4195700991583446,0.0,0.0,0.9077130860820715,0.9077130860820715,5.163619624349378,-5.382399955006067,1.0016821470644917,4.401241196847929,1.0016821470644919,-0.023196202384976772,0.037484930787593976,0.0
5.6000000000000005,5.169574128482836,-5.3076801389368224,1.0338899209561176,1.0338899209561179,0.16363411837907674,4.355562428990243,-3.999999999999965,0.7127186181128485,0.05394686486151269,0.011540731602716393,1.430989791122766,0.0,0.0,0.892656768670342,0.892656768670342,5.1903820321681255,-5.3401653951983805,1.01030357728723,4.355562428990243,1.01030357728723,-0.0235863436688879,0.03857798245314796,0.0
5.65,5.195085804750414,-5.264678391865617,1.0370079880970942,1.037007988097094,0.17979820568790447,4.309399502579378,-4.000000000000006,0.7748222981561202,0.059263927748666484,0.011665703597627733,1.4425305227254823,0.0,0.0,0.8831206752214744,0.8831206752214744,5.216788671237318,-5.297707469356269,1.0184852832061837,4.309399502579378,1.018485283206184,-0.018522704890910013,0.039521315433977085,0.0
5.7,5.22028105056813,-5.2214910450549565,1.0499596191732221,1.0499596191732223,0.1823031330975218,4.262736688188867,-3.999999999999943,0.7771102538265844,0.06008761346088624,0.011794825601413707,1.45419622632311,0.0,0.0,0.9171217843700846,0.9171217843700846,5.242829790830939,-5.255024413553249,1.027475193490579,4.262736688188867,1.027475193490579,-0.022484425682643305,0.0404095593923257,0.0
5.75,5.244978791872081,-5.178016169266037,1.055855951356186,1.055855951356186,0.19695092869992517,4.215557385783213,0.12329670573244177,0.8302579421178325,0.06490252221950331,0.01185877116339874,1.4659910519245238,0.0,0.0,0.9279003170099087,0.9279003170099087,5.268483456480261,-5.2121073758097545,1.0365903501454552,4.215557385783213,1.0365903501454552,-0.019265601210730843,0.04140869017427894,0.0
5.800000000000001,5.269495022323084,-5.1344391200016934,1.063180699631668,1.0631806996316682,0.19681437663217627,4.217019533201695,2.499999999999987,0.8299700706728025,0.06485764945704814,0.011815334726184252,1.4778498230879227,0.0,0.0,0.9089283223933798,0.9089283223933798,5.293729049026525,-5.168949064279798,1.0464378965804515,4.217019533201695,1.0464378965804517,-0.01674280305121645,0.04216899695678063,0.0
5.8500000000000005,5.293494780637391,-5.090575883428815,1.076182439255107,1.0761824392551071,0.17746279466504744,4.246557870017155,2.5000000000000164,0.7536060273200956,0.058495910910640506,0.01173371503217694,1.489665157814107,0.0,0.0,0.9269483491543508,0.9269483491543508,5.318548569203719,-5.125544326715078,1.0562786154120603,4.246557870017155,1.0562786154120598,-0.01990382384304734,0.043017256390788475,0.0
5.9,5.316993361575601,-5.046440783611375,1.0883685427296301,1.0883685427296301,0.1864059696975063,4.275892157597598,-1.2323020692352382,0.7970518239589427,0.06143655670695828,0.011713236447349413,1.501398872846284,0.0,0.0,0.9139220086545555,0.9139220086545555,5.342960892172542,-5.081909225196936,1.0651517551453127,4.275892157597598,1.0651517551453127,-0.023216787584317444,0.043958195979946844,0.0
5.95,5.339813534076837,-5.001952832655546,1.1016479336179459,1.1016479336179454,0.19273102774172934,4.261457912086088,-2.5147646977167546,0.8213151630744757,0.06351568853194807,0.011773976790650379,1.5131121092936333,0.0,0.0,0.9196795141570789,0.9196795141570789,5.366975266156733,-5.0380538749569865,1.074472053630188,4.261457912086088,1.0744720536301884,-0.027175879987757057,0.04517792541530067,0.0
6.0,5.362672498983692,-4.957484312837367,1.090193745220694,1.0901937452206942,0.19543740689640987,4.231849130901224,-1.7125083560177865,0.827061620520161,0.06440514493825819,0.011843547559662129,1.5248860860842837,0.0,0.0,0.9240414399906512,0.9240414399906512,5.390572882099629,-4.993972890676149,1.0841086050172744,4.231849130901224,1.0841086050172741,-0.006085140203420103,0.04593307839360376,0.0
6.050000000000001,5.38556109085453,-4.913031690253963,1.10441736309263,1.1044173630926295,0.1973243246544928,4.211566956740408,2.5000000000000284,0.8310446054759785,0.0650252235867413,0.011830525041707894,1.5367296336439458,0.0,0.0,0.9277695763565669,0.9277695763565669,5.413741619950123,-4.949664994170628,1.0938804753620948,4.211566956740408,1.093880475362095,-0.010536887730534517,0.046218407328231556,0.0
6.1000000000000005,5.407713025290303,-4.868205333938999,1.1177345934955338,1.117734593495534,0.1893658371228153,4.241143269344678,-3.3644403338399136,0.8031276455572487,0.06240957232578155,0.011844923888874426,1.5485601586856537,0.0,0.0,0.9469948226065741,0.9469948226065741,5.436474185002061,-4.905131745845768,1.1037466915948193,4.241143269344678,1.1037466915948198,-0.013987901900714306,0.04680560013794976,0.0
6.15,5.42926028406266,-4.8230869922132396,1.1341342156705994,1.1341342156705991,0.19267247933040588,4.201291729661685,-4.000000000000014,0.8094732939442462,0.0634964453734067,0.01196930172993578,1.5604050825745281,0.0,0.0,0.9295068329865687,0.9295068329865687,5.458775187443886,-4.860380806046006,1.1132149834509601,4.201291729661685,1.11321498345096,-0.020919232219639206,0.04756004701213178,0.0
6.2,5.450217315555256,-4.777690700762939,1.1380782458035115,1.138078245803511,0.19454299632596897,4.153414522741942,-4.000000000000014,0.8080177062380117,0.0641112065060603,0.012108892644052417,1.572374384304464,0.0,0.0,0.9487539455799648,0.9487539455799648,5.480647762011947,-4.815418920559818,1.1228486074174804,4.153414522741942,1.1228486074174802,-0.015229638386030864,0.04847092572455318,0.0
6.25,5.471181882780914,-4.73229804844461,1.1425265264541262,1.1425265264541267,0.19620709124847727,4.104978952165732,-4.000000000000024,0.8054259798406603,0.0646580845181921,0.012253484451083022,1.5844832769485164,0.0,0.0,0.9282320458136395,0.9282320458136395,5.50208406848309,-4.77024741347507,1.132575757233779,4.104978952165732,1.132575757233779,-0.009950769220347766,0.04893975262899128,0.0
6.300000000000001,5.491497698548837,-4.686611253266643,1.162294922142089,1.162294922142089,0.20130962108749745,4.0559650143614,-3.9999999999999694,0.8165047801852395,0.06633470601275554,0.012403383077867465,1.5967367613995995,0.0,0.0,0.964350848650523,0.964350848650523,5.523078088482106,-4.724868662137012,1.1423861117962029,4.0559650143614,1.1423861117962026,-0.01990881034588643,0.04960796671717,0.0
6.3500000000000005,5.51100579938351,-4.640574187632443,1.1738823182566132,1.173882318256613,0.19305069988686713,4.00635148204993,-4.000000000000015,0.7734289576025264,0.06362075462979998,0.012558921311434388,1.609140144477467,0.0,0.0,0.9528516212458598,0.9528516212458598,5.543620104563065,-4.679283527854495,1.1524515928505776,4.00635148204993,1.1524515928505776,-0.0214307254060353,0.05061724926121217,0.0
6.4,5.530403910893819,-4.594489864709873,1.1736729112943454,1.1736729112943456,0.20157380908822672,3.9561157968041925,-4.000000000000003,0.7974493303559262,0.06642150448809596,0.012720461909388128,1.6216990657889012,0.0,0.0,0.9682336203491051,0.9682336203491051,5.563711712202457,-4.633498072838163,1.162104127844921,3.9561157968041925,1.1621041278449207,-0.011568783449424913,0.05129376111571202,0.0
6.45,5.549315030417686,-4.54820481929572,1.1928810342581835,1.1928810342581837,0.2121007438320374,3.90523394916664,-3.999999999999998,0.8283030254563692,0.06987928003189034,0.012888401162182712,1.6344195276982894,0.0,0.0,0.9692240056287044,0.9692240056287044,5.583350640966884,-4.587516649266372,1.1721828182993321,3.90523394916664,1.1721828182993317,-0.020698215958852018,0.05199848806550175,0.0
6.5,5.567439968884948,-4.5016059296596085,1.2038122301023308,1.203812230102331,0.2094178550069961,3.853680344517909,-4.0000000000000115,0.8070294716315624,0.06899818886219422,0.013063172986983526,1.6473079288604722,0.0,0.0,0.9312896398528041,0.9312896398528041,5.602512985670581,-4.54133460606833,1.182787855490934,3.853680344517909,1.1827878554909343,-0.021024374611396723,0.0529951340750656,0.0
6.550000000000001,5.585537882857453,-4.454993087321333,1.198810770840735,1.1988107708407352,0.22948454127166237,3.801427652569975,-4.000000000000022,0.872368881027433,0.07558562398001034,0.013245253649491067,1.6603711018474556,0.0,0.0,0.9442242981257303,0.9442242981257303,5.621187612860826,-4.494953193231255,1.1932587482412838,3.801427652569975,1.1932587482412842,-0.005552022599450979,0.053551034664565664,0.0
6.6000000000000005,5.602921847393497,-4.4081195749035995,1.237310309010848,1.237310309010848,0.24909521150375658,3.7484466379720103,-3.4522905094289844,0.9337201080961831,0.08201701981392806,0.013421814818530763,1.6736163554969468,0.0,0.0,0.9693311232611205,0.9693311232611205,5.639352186591648,-4.448369710844781,1.2047329753048668,3.7484466379720103,1.204732975304867,-0.032577333705980926,0.05428851680950482,0.0
6.65,5.618976485831098,-4.36076299002714,1.2429548319512753,1.242954831951275,0.23696363312319063,3.702110634054683,-3.999999999999998,0.8772655860695966,0.07803918950360102,0.013605816098544728,1.6870381703154775,0.0,0.0,0.9381045681587576,0.9381045681587576,5.656958108514559,-4.401572283615118,1.2171877358800547,3.702110634054683,1.2171877358800547,-0.025767096071220408,0.05574945833654864,0.0
6.7,5.635055716363069,-4.313420006976094,1.246344276341436,1.2463442763414356,0.2503726543168557,3.6476873696605043,-3.999999999999999,0.91328116885997,0.0824357321382651,0.013811912242990613,1.7006439864140224,0.0,0.0,0.9355491163399083,0.9355491163399083,5.673994097495579,-4.354564349898606,1.2290359175362142,3.6476873696605043,1.2290359175362138,-0.017308358805221857,0.05664851701276817,0.0
6.75,5.650833027600699,-4.265974403274476,1.2527029614694105,1.25270296146941,0.2711996127729062,3.592439720688542,-3.214431067447492,0.97426826116074,0.08925807456373877,0.014005879796174786,1.714455898657013,0.0,0.0,0.9725291013310814,0.9725291013310814,5.690456108283744,-4.3073523858437035,1.241554550252057,3.592439720688542,1.241554550252057,-0.011148411217352994,0.05728984172010237,0.0
6.800000000000001,5.666332140547967,-4.218436695937413,1.2589812292481326,1.2589812292481328,0.25370476839750866,3.5474187855447825,-4.000000000000008,0.8999970613956105,0.08352777523988458,0.014208575382812477,1.728461778453188,0.0,0.0,0.9535804799750277,0.9535804799750277,5.706301107865398,-4.259929841836268,1.2551145308907024,3.5474187855447825,1.2551145308907028,-0.0038666983574300318,0.05761249434806269,0.0
6.8500000000000005,5.6811776149596405,-4.170692175967238,1.2846152984894819,1.2846152984894816,0.28347879115589614,3.4905844840135325,-3.9999999999999925,0.9895066699556837,0.09327653839680654,0.014443783263470428,1.7426703538360004,0.0,0.0,0.9299502690491387,0.9299502690491387,5.721522468079916,-4.212303413592664,1.2677997693105778,3.4905844840135325,1.267799769310578,-0.01681552917890361,0.05795862550144089,0.0
6.9,5.694655756135671,-4.122542470838431,1.306031699109422,1.3060316991094219,0.27485333234842424,3.432809350959651,-4.000000000000008,0.9435190894280915,0.09045409286731305,0.014691073735541987,1.757114137099471,0.0,0.0,0.9688842648917592,0.9688842648917592,5.7361028472726,-4.1644769493103295,1.2819737088683727,3.432809350959651,1.2819737088683727,-0.024057990241049154,0.05896068052883246,0.0
6.95,5.707516914076844,-4.074224705123185,1.3168024426782128,1.3168024426782132,0.30350418065718193,3.374045056017483,-4.00000000000002,1.0240367802270016,0.09982348139652042,0.014951518118625197,1.7718052108350129,0.0,0.0,0.9511849960098603,0.9511849960098603,5.750014258482522,-4.116451609233368,1.2957163754857939,3.374045056017483,1.295716375485794,-0.021086067192419122,0.05990939585962672,0.0
7.0,5.71973413278585,-4.025740344810559,1.3300052660985335,1.3300052660985333,0.3186400793908076,3.3142389835429817,-3.211800447299131,1.056049372836245,0.10476623239355763,0.015198344666715042,1.7867567289536381,0.0,0.0,0.9318141781949122,0.9318141781949122,5.7632298215239395,-4.068230235199952,1.310891584518653,3.3142389835429817,1.3108915845186528,-0.01911368157988047,0.06080514553969447,0.0
7.050000000000001,5.7314442970398956,-3.977131426349426,1.3386629707179651,1.338662970717965,0.31259716930627995,3.26542493334422,-4.000000000000013,1.020762590745551,0.10279347335136765,0.015458299947142156,1.8019550736203531,0.0,0.0,0.9163761116526861,0.9163761116526861,5.7756937878179455,-4.019809199885938,1.3268235884881934,3.26542493334422,1.3268235884881934,-0.011839382229771545,0.061476904510153835,0.0
7.1000000000000005,5.742638206216594,-3.9283982252769665,1.3556432763843171,1.355643276384317,0.32449889114702496,3.203591733555651,-4.000000000000022,1.0395619652265842,0.10667811002124791,0.01576259492386103,1.8174133735674953,0.0,0.0,0.9483055146442089,0.9483055146442089,5.78739210947486,-3.9711974896505033,1.3424534469535074,3.203591733555651,1.3424534469535079,-0.013189829430809041,0.06192486485868254,0.0
7.15,5.752448359763105,-3.879373507654371,1.3884594021401984,1.3884594021401986,0.3548616041433322,3.1405413538602067,-2.9938434670066836,1.114457542709305,0.11657339072166235,0.016043507534567947,1.8331759684913564,0.0,0.0,0.9571891489579126,0.9571891489579126,5.798314713213162,-3.922405667802418,1.3586783915108587,3.1405413538602067,1.3586783915108587,-0.02978101062933991,0.06289267990643042,0.0
7.2,5.761185063089658,-3.830139708274727,1.4011751105086594,1.4011751105086594,0.36597037444832603,3.092509603639968,-1.3696987225732429,1.1317668976291635,0.12018814649114776,0.016226406613047084,1.8492194760259244,0.0,0.0,0.942243332162755,0.942243332162755,5.808407078890792,-3.873435487435776,1.3764214717180252,3.092509603639968,1.3764214717180252,-0.02475363879063419,0.06406592908469297,0.0
7.25,5.769192401077733,-3.7807874585030095,1.4183936289908425,1.4183936289908425,0.3699702185338021,3.0702843152301234,-3.9999999999999982,1.1359137590665935,0.12148891465385864,0.016461658668389785,1.8654458826389715,0.0,0.0,0.9365505946258771,0.9365505946258771,5.817615364163986,-3.8242914366774414,1.3947199904404415,3.0702843152301234,1.394719990440441,-0.0236736385504015,0.06509515704761812,0.0
7.300000000000001,5.776559523494649,-3.7313297325462886,1.4283670239765383,1.4283670239765378,0.3703848255768092,3.0044376805565642,-4.000000000000005,1.1127981262693363,0.12162372326677352,0.01683061680776563,1.8819075413073614,0.0,0.0,0.9213408295093352,0.9213408295093352,5.825917961844295,-3.774986309420798,1.4132185013671317,3.0044376805565642,1.4132185013671315,-0.015148522609406356,0.06589500846586006,0.0
7.3500000000000005,5.782839322006928,-3.681730183957037,1.464588723465885,1.4645887234658854,0.40571968419012155,2.9371152133255016,-2.114755677175055,1.191645456780424,0.1330959754735203,0.01712913477282229,1.898738158115127,0.0,0.0,0.9316855370315169,0.9316855370315169,5.833306606793592,-3.725535965972219,1.431737742645972,2.9371152133255016,1.4317377426459723,-0.03285098081991311,0.06682734000167789,0.0
7.4,5.787542321429279,-3.6319485757393295,1.4844010084570047,1.484401008457005,0.4003645691402419,2.900891278319579,-4.000000000000015,1.1614140867671037,0.13135950613593153,0.017445921087571415,1.9158672928879492,0.0,0.0,0.9616875113718798,0.9616875113718798,5.839734437004554,-3.6759517218681252,1.452023726855478,2.900891278319579,1.4520237268554776,-0.03237728160152731,0.06826634454440236,0.0
7.45,5.7914468597121775,-3.5821024576149556,1.5021123911402583,1.5021123911402583,0.4341693603438092,2.831107593969293,-4.000000000000001,1.2291801731381486,0.14230740165994885,0.017886952167974753,1.9333132139755207,0.0,0.0,0.9481235536010467,0.9481235536010467,5.845161805151002,-3.626247997875683,1.4720419553124902,2.831107593969293,1.4720419553124904,-0.030070435827767916,0.06952786555336932,0.0
7.5,5.7944092032990975,-3.532189639494716,1.5204722143039544,1.520472214303954,0.4435650875346311,2.759559785297394,-4.000000000000015,1.2240443777224863,0.14534429177301825,0.01836322456309762,1.9512001661434955,0.0,0.0,0.9504234591175573,0.9504234591175573,5.849551068342207,-3.576442012534328,1.4937504233296806,2.759559785297394,1.493750423329681,-0.026721790974272963,0.07070288395864423,0.0
7.550000000000001,5.796454998242344,-3.4822318762548155,1.5397166241081544,1.539716624108154,0.48508904139411585,2.6861068870450033,-2.8286364122272105,1.3030010149187934,0.15873266339232686,0.018800405309352664,1.969563390706593,0.0,0.0,0.9498962900363385,0.9498962900363385,5.8528464489779894,-3.5265517532047674,1.515928677706412,2.6861068870450033,1.5159286777064125,-0.023787946401741422,0.07172340767789585,0.0
7.6000000000000005,5.797604436009129,-3.432244509623481,1.5543441377019016,1.5543441377019018,0.48590294105948223,2.6329273760223386,-4.000000000000008,1.2793471556052796,0.1589945286133929,0.019272408311117168,1.9883637960159457,0.0,0.0,0.9500559152630872,0.9500559152630872,5.854982767138479,-3.47659863941332,1.540183129776118,2.6329273760223386,1.5401831297761177,-0.01416100792578412,0.0725228358008923,0.0
7.65,5.797811990035633,-3.382245265040715,1.5849667182881022,1.5849667182881024,0.5357984907601873,2.55583774277787,0.13894738850377028,1.3694140052083064,0.1750047367415514,0.019552665219547505,2.007636204327063,0.0,0.0,0.9490950986282891,0.9490950986282891,5.855905973059537,-3.4266083933938196,1.5644782768290921,2.55583774277787,1.5644782768290924,-0.020488441459010076,0.07309581397628485,0.0
7.7,5.796172993069175,-3.3322718591609157,1.6171713037409936,1.617171303740994,0.5346612235486792,2.5585545345484144,-1.7085521321443202,1.3679598979576766,0.17464079242424393,0.0196714888708076,2.0271888695466105,0.0,0.0,0.9395571625810165,0.9395571625810165,5.855552140982721,-3.3766111406048385,1.5912682013671016,2.5585545345484144,1.591268201367102,-0.02590310237389204,0.07410705152616844,0.0
7.75,5.7934650516989965,-3.2823452970478497,1.6321877616600389,1.632187761660039,0.5489898036780891,2.524944770295743,-1.1798415019996678,1.3861689337426777,0.17922273043134038,0.01989488843851775,2.046860358417418,0.0,0.0,0.9295265084812306,0.9295265084812306,5.853860593920512,-3.3266412518749404,1.6180012625445355,2.524944770295743,1.618001262544535,-0.01418649911550407,0.07489828525590232,0.0
7.800000000000001,5.789736392782489,-3.23248417072971,1.6657935120253742,1.665793512025374,0.559341145992478,2.501471955238326,-2.5888939064319016,1.39917619011105,0.18252812779060892,0.020199368211872574,2.066755246855936,0.0,0.0,0.9205501999766412,0.9205501999766412,5.850816090054617,-3.276735600653271,1.6454507527284399,2.501471955238326,1.6454507527284399,-0.020342759296934076,0.07542491941748891,0.0
7.8500000000000005,5.783996462284747,-3.182815165083977,1.697550695967893,1.6975506959678928,0.5834818730171488,2.449177933960835,-2.987410154574094,1.4290509282597388,0.19022099680472937,0.02067572834208523,2.086954615067808,0.0,0.0,0.8604917353054526,0.8604917353054526,5.8463901375646445,-3.2269335125197602,1.673417810028064,2.449177933960835,1.673417810028064,-0.024132885939828874,0.07641596230760846,0.0
7.9,5.777113688124964,-3.1332910191182544,1.7290274217516315,1.7290274217516313,0.6140640094076869,2.3874110531584742,-1.1748388156308183,1.466023203406721,0.19993380664612828,0.021052236587496928,2.1076303434098933,0.0,0.0,0.8499922190747977,0.8499922190747977,5.84054332739172,-3.1772783267896414,1.7025919036789214,2.3874110531584742,1.7025919036789219,-0.026435518072709385,0.07718939288327172,0.0
7.95,5.768130363879519,-3.0841046855065213,1.7672528950582578,1.7672528950582578,0.6269875892647105,2.3626780684596396,-1.7925287793123863,1.4813698263521122,0.2040269483884885,0.021335097670421493,2.12868257999739,0.0,0.0,0.8499386015232512,0.8499386015232512,5.833212778315323,-3.127820600804682,1.7332951041493059,2.3626780684596396,1.733295104149306,-0.03395779090895168,0.0784015428365394,0.0
8.0,5.757938582461202,-3.0351545305843493,1.7842210975055386,1.7842210975055384,0.6477888919563437,2.3244342918759684,-1.6604013976945777,1.505742714359662,0.21060052772356017,0.021678460730501222,2.1500176776678117,0.0,0.0,0.8504690710983006,0.8504690710983006,5.824351528478293,-3.0786141632228214,1.7646444836125414,2.3244342918759684,1.7646444836125417,-0.019576613892996697,0.07936887971831279,0.0
8.05,5.746712151295482,-2.9864312836072964,1.8150711688465084,1.815071168846508,0.6683273471477948,2.288439345379177,-0.6187696199069713,1.5294265968059018,0.2170729695064306,0.021913874283226147,2.171696138398313,0.0,0.0,0.8473690917954004,0.8473690917954004,5.8139268922647,-3.029715202103642,1.7970339282103587,2.288439345379177,1.7970339282103591,-0.018037240636148866,0.07994572536388236,0.0
8.1,5.7335348774169095,-2.9381995027349297,1.8603957661353947,1.8603957661353947,0.676318351041838,2.274879705718256,-2.2231960028907305,1.5385428913899126,0.2195862823810989,0.022220449539753762,2.1936100126815394,0.0,0.0,0.7981963624530011,0.7981963624530011,5.801899304662308,-2.981185783097556,1.8304502955677484,2.274879705718256,1.8304502955677489,-0.02994547056764585,0.0807558989300829,0.0
8.15,5.718505054494124,-2.8905108526149434,1.8858912174657512,1.8858912174657512,0.706676955921953,2.2254792911190404,-1.0139027503136187,1.5726949309153493,0.22910870097644512,0.022583246191994994,2.215830462221293,0.0,0.0,0.8112275201982917,0.8112275201982917,5.7882474629000775,-2.9330880807970616,1.8642662131198402,2.2254792911190404,1.8642662131198406,-0.021625004345910526,0.08171183445459376,0.0
8.200000000000001,5.702381493546121,-2.8431835979085225,1.918652293100741,1.9186522931007408,0.7214460218577012,2.202582075693967,-0.9603402490969551,1.5890440763244909,0.23372609831219485,0.022814096666213007,2.238413708413288,0.0,0.0,0.8214909056039871,0.8214909056039871,5.772941206017228,-2.8854912488999154,1.8996000609159378,2.202582075693967,1.8996000609159376,-0.01905223218480323,0.08227156468923337,0.0
8.25,5.684413219790235,-2.796521390450242,1.954792477658131,1.9547924776581311,0.736015633268483,2.180672780418614,-0.785432284696284,1.6050092574311499,0.2382712137796502,0.02302417133527606,2.261227805079501,0.0,0.0,0.826466696362272,0.826466696362272,5.755945748726399,-2.8384712174899436,1.9356723620088228,2.180672780418614,1.9356723620088232,-0.019120115649307934,0.08292581434429185,0.0
8.3,5.664615474897672,-2.750611526543189,2.0078969110847926,2.007896911084792,0.7483764699282975,2.1625888529235096,-1.1828956154632588,1.6184306116571823,0.2421194380587978,0.023268511604667797,2.2842519764147773,0.0,0.0,0.7887452091672418,0.7887452091672418,5.737248745058999,-2.792101616245466,1.972473143672247,2.1625888529235096,1.9724731436722465,-0.035423767412545715,0.08364818873012887,0.0
8.35,5.642346208623729,-2.7058405582210368,2.048969934862802,2.048969934862802,0.7677962583161886,2.135064632567992,-1.7344610579000352,1.6392946361489322,0.2481505026244528,0.02364559847207769,2.307520488019445,0.0,0.0,0.7968737165381717,0.7968737165381717,5.716844281253515,-2.746457710188644,2.0098919671686617,2.135064632567992,2.0098919671686613,-0.039077967694140625,0.08485113941198753,0.0
8.4,5.618432179139791,-2.6619343006988334,2.0974910324237923,2.0974910324237923,0.7981656093747319,2.0940522628274327,-0.821396590260382,1.6714005004221941,0.2575451244620349,0.023990024749308735,2.331166086491523,0.0,0.0,0.7583286402080237,0.7583286402080237,5.69472485458516,-2.701619959165477,2.048281780084471,2.0940522628274327,2.048281780084471,-0.049209252339321274,0.08599723143533987,0.0
8.450000000000001,5.592303910293806,-2.6193002097768545,2.135799379466579,2.1357993794665795,0.8134020357605277,2.0743469382980884,-1.1876982783881405,1.6872780224852828,0.2622410977514369,0.02427263819874676,2.3551561112408317,0.0,0.0,0.7667783606301345,0.7667783606301345,5.670867587705042,-2.657682514711032,2.0881900605532078,2.0743469382980884,2.0881900605532078,-0.04760931891337172,0.08743827960588538,0.0
8.5,5.56469527613917,-2.5776180483937443,2.1842424034961363,2.1842424034961363,0.8364910087016111,2.0455183676974986,-0.7708940755703149,1.7110577227129535,0.2693347222458611,0.02455731966782062,2.3794287494395783,0.0,0.0,0.728964035313759,0.728964035313759,5.645260021253884,-2.6147417653919964,2.128860162341234,2.0455183676974986,2.128860162341234,-0.05538224115490209,0.08870653030733,0.0
8.55,5.535124024241168,-2.537296082945739,2.210653095832078,2.210653095832078,0.85219193815634,2.0265872754536893,-1.0701382809158178,1.727041338111856,0.27414274483196305,0.02483486173759467,2.403986069107399,0.0,0.0,0.7606488255753201,0.7606488255753201,5.617903654971102,-2.5728936494673547,2.170684712776315,2.0265872754536893,2.170684712776315,-0.03996838305576311,0.09010912276814788,0.0
8.6,5.504734799454355,-2.497595343996342,2.2502447859608234,2.250244785960824,0.8749907782667344,2.0000105392070378,-0.3853903056160849,1.749990778242437,0.2811011976799516,0.02506037638413568,2.428820930844994,0.0,0.0,0.747698846441102,0.747698846441102,5.58880556355939,-2.5322374956531126,2.213294309684132,2.0000105392070378,2.213294309684132,-0.0369504762766919,0.09092838967349588,0.0
8.65,5.472355070573002,-2.4594917830911545,2.2919243844274586,2.2919243844274586,0.883503026085047,1.9903525130935016,-1.9715099124471485,1.758482468294087,0.28369211449177933,0.025441755681638353,2.4538813072291297,0.0,0.0,0.7396269405501915,0.7396269405501915,5.55797975102016,-2.4928754510397493,2.2570438485974686,1.9903525130935016,2.257043848597469,-0.03488053582998951,0.09190242209746168,0.0
8.700000000000001,5.438641054204758,-2.422571816648638,2.3356910565428066,2.3356910565428066,0.929774865463385,1.940193839577093,-0.43924617455619175,1.80394346616568,0.2977070861501138,0.025846239364562134,2.479323062910768,0.0,0.0,0.7395658342764968,0.7395658342764968,5.525453882473247,-2.454906235992674,2.301218999901721,1.940193839577093,2.301218999901721,-0.03447205664108566,0.09263898653531467,0.0
8.75,5.403081253776359,-2.3874195022555544,2.3865246199994656,2.3865246199994656,0.9407520999589587,1.9288409778095454,-0.9690692481837144,1.814561200361221,0.3010145160933804,0.026093338930118167,2.50516930227533,0.0,0.0,0.7411980995869009,0.7411980995869009,5.491241098091557,-2.418450301347664,2.3477077431748903,1.9288409778095454,2.3477077431748903,-0.03881687682457535,0.09346158912609352,0.0
8.8,5.365797088644696,-2.354108610327574,2.4394286519173276,2.4394286519173276,0.9659114417336716,1.903554725469933,-1.822009667049551,1.8386652892976065,0.30856934798041014,0.02660540939422017,2.531262641205448,0.0,0.0,0.7331633190548823,0.7331633190548823,5.4553616178716995,-2.383633610285466,2.394745348172838,1.903554725469933,2.3947453481728385,-0.044683303744489145,0.09430551690207911,0.0
8.85,5.326956221203327,-2.3226180974305195,2.4777157908102194,2.477715790810219,1.0170517069673137,1.855079412357853,-0.091374334890352,1.8867116828984756,0.3238134888931048,0.026970939332608246,2.5578680505996685,0.0,0.0,0.7143893914435974,0.7143893914435974,5.417864114038596,-2.350566235986195,2.443040920259522,1.855079412357853,2.443040920259522,-0.03467487055069718,0.0951070104065734,0.0
8.9,5.286885374340349,-2.29271836680044,2.5271997489348426,2.5271997489348426,1.0197593844173,1.8526149607149678,-2.2617004980924618,1.8892214919009762,0.32461634350818797,0.02744878126666307,2.5848389899322766,0.0,0.0,0.7583035463197723,0.7583035463197723,5.378774476840173,-2.3193979576484756,2.4938935056078875,1.8526149607149678,2.493893505607888,-0.03330624332695464,0.09568389481015974,0.0
8.950000000000001,5.245280606706716,-2.264984008955191,2.5793726462267617,2.579372646226762,1.091698921914395,1.7905340384521249,-0.338118849319268,1.954724079429213,0.3457863017025682,0.02799864660464303,2.6122877711989396,0.0,0.0,0.7515718026289641,0.7515718026289641,5.338149118525572,-2.2902596916766673,2.5448814748287525,1.7905340384521249,2.5448814748287525,-0.03449117139800961,0.09624666552398436,0.0
9.0,5.202271247623009,-2.2394901843804536,2.6335586991264264,2.633558699126427,1.103335135055692,1.7810671682796662,-1.0010221326950988,1.9651139846571042,0.34918095661938353,0.028298090671794122,2.6402864178035825,0.0,0.0,0.7125152867033879,0.7125152867033879,5.296043620160376,-2.2633059099838664,2.599466420924472,1.7810671682796662,2.5994664209244718,-0.03409227820195504,0.09674940122452388,0.0
9.05,5.158036014523202,-2.2161820621274084,2.67861045437847,2.67861045437847,1.1392865556782454,1.7527401532041875,-0.5132512910899331,1.996873292142959,0.35961604658785884,0.028646915320253055,2.6685845084753765,0.0,0.0,0.7357467190957909,0.7357467190957909,5.252523249750842,-2.238702183366951,2.654633177677257,1.7527401532041875,2.6546331776772565,-0.023977276701213412,0.09713389460742872,0.0
9.1,5.11279222767252,-2.194896998501313,2.7275504157065362,2.7275504157065367,1.158643862962554,1.7380370869303237,-1.1879018756152762,2.0137660043731342,0.36520104287713245,0.02905660941784433,2.6972314237956296,0.0,0.0,0.7523521978289563,0.7523521978289563,5.20769293881174,-2.2165760162235615,2.711597505461169,1.7380370869303237,2.711597505461169,-0.01595291024536749,0.09734538912620004,0.0
9.15,5.066421455283361,-2.1762071491773853,2.787821964182107,2.7878219641821076,1.2060719611628363,1.7035206861038459,-0.27306848712146703,2.054568534770726,0.37878428578929285,0.029420351977034388,2.726288033213474,0.0,0.0,0.7799237753087384,0.7799237753087384,5.161666387215482,-2.1970604485921017,2.769529698609297,1.7035206861038459,2.769529698609297,-0.018292265572810606,0.09750106232874674,0.0
9.200000000000001,5.019081015856183,-2.160116355223589,2.8432317307909885,2.843231730790988,1.217528565650637,1.695486915098896,-0.6000008276843933,2.064303751819782,0.3820437287868308,0.0296455594404504,2.755708385190508,0.0,0.0,0.7817002220054737,0.7817002220054737,5.114567744290187,-2.18029857709773,2.829833296667439,1.695486915098896,2.829833296667439,-0.01339843412354913,0.09759629801793855,0.0
9.25,4.970824993297265,-2.147036554409387,2.9096188911524288,2.9096188911524283,1.243482465848569,1.677699554897459,-0.623069490825551,2.0861899794769387,0.38939615316868226,0.029969496770149914,2.7853539446309585,0.0,0.0,0.7692581876347796,0.7692581876347796,5.066540686290287,-2.166419465927223,2.890709724949971,1.677699554897459,2.8907097249499714,-0.018909166202456973,0.09765854363056307,0.0
9.3,4.92181990306724,-2.1371256895644652,2.9749448817369784,2.9749448817369784,1.2716318902098014,1.6590264758045836,-0.4311674036324316,2.109670973335488,0.3973206786390681,0.03025712138234382,2.8153234414011084,0.0,0.0,0.7594699893606242,0.7594699893606242,5.017751446588338,-2.155519701895145,2.9528838482423994,1.6590264758045836,2.952883848242399,-0.02206103349457944,0.09767907008137224,0.0
9.35,4.872274403207481,-2.1304080624672834,3.0383756595401947,3.038375659540195,1.2918694391278116,1.645980591336767,-0.1448797361035891,2.126392023345493,0.4029855572246508,0.030417748840291768,2.8455805627834523,0.0,0.0,0.7565187715987242,0.7565187715987242,4.968374084040569,-2.1477072769047516,3.0164654427528896,1.645980591336767,3.0164654427528896,-0.021910216787305536,0.09764431102923991,0.0
9.4,4.8223985287721085,-2.1269469705589854,3.10679171967488,3.10679171967488,1.2988149710613144,1.6415736759119204,-0.47844775424365005,2.132100466374556,0.4049234769246792,0.030594987619995784,2.875998311623744,0.0,0.0,0.7492456680524696,0.7492456680524696,4.918598020952385,-2.1430732224868834,3.0810589147092804,1.6415736759119204,3.0810589147092804,-0.0257328049655996,0.09754177718795728,0.0
9.450000000000001,4.772400117645047,-2.1268854744489216,3.174370862621301,-3.108814444558285,1.3222918897743403,1.6269355727940211,-0.05796761571283018,2.151283713090905,0.41145010037230767,0.030749469058263857,2.90659329924374,0.0,0.0,0.7494399511870624,0.7494399511870624,4.868626490447539,-2.141670485370074,3.145999663262346,1.6269355727940211,-3.13718564391724,-0.028371199358955046,0.09735559239541854,0.0
9.5,4.722518363736884,-2.130268395502432,3.243344731482206,-3.0398405756973803,1.3251940688791506,1.6251530993882781,-0.5809158451764684,2.153643248329915,0.4122543487722023,0.03093739525849203,2.937342768302004,0.0,0.0,0.7589976772173779,0.7589976772173779,4.818670675027692,-2.143542921542666,3.2121142577510633,1.6251530993882781,-3.0710710494285234,-0.03123047373114307,0.09706430862143578,0.0
9.55,4.6729853226931075,-2.137060801440556,3.3143547080069777,-2.968830599172609,1.3549972818095857,1.6071810762741328,0.644602869864034,2.177725989727254,0.4204805902399293,0.030918663887126444,2.968280163560496,0.0,0.0,0.7700548584113306,0.7700548584113306,4.768948122228354,-2.1487152736430954,3.2783739611950207,1.6071810762741328,-3.0048113459845656,-0.03598074681195662,0.09666791410267211,0.0
9.600000000000001,4.6240576578795105,-2.1473522093798976,3.3816888300171546,-2.901496477162432,1.322006233383149,1.627111335748136,-0.14660814847041187,2.1510513282674175,0.41137090907142,0.030771964733107924,2.9991988274476222,0.0,0.0,0.7709168516946491,0.7709168516946491,4.719683868726701,-2.1572051036944933,3.3461238252855,1.627111335748136,-2.9370614818940863,-0.03556500473165425,0.09613246968306777,0.0
9.65,4.5759496362194065,-2.160964302158228,3.4549840012340467,-2.828201305945539,1.3293677740260093,1.6225999149738182,0.6105408126695868,2.1570320371035367,0.4134099697225861,0.030638140394131368,3.02997079218073,0.0,0.0,0.7901749528873265,0.7901749528873265,4.671097211989261,-2.168970590949757,3.4122241369546575,1.6225999149738182,-2.8709611702249287,-0.0427598642793896,0.09548383022844034,0.0
9.700000000000001,4.529030655768913,-2.1782262288523553,3.530456605194464,-2.752728701985122,1.2992390412832178,1.641305750108736,0.250598862385102,2.1324485092239067,0.40504169557541303,0.03039303089042792,3.060608932574861,0.0,0.0,0.7580627518496866,0.7580627518496866,4.623396645479065,-2.1839283871578545,3.478692525655958,1.641305750108736,-2.804492781523628,-0.051764079538505925,0.09453811201477227,0.0
9.75,4.483392219143118,-2.198648050232818,3.598649426502344,-2.6845358806772417,1.287264253584894,1.6489222090743125,0.49394667920126284,2.1225986166835993,0.4016988645960439,0.030186356661176583,3.091001963465289,0.0,0.0,0.7579051708262846,0.7579051708262846,4.5767809010981235,-2.201986442078163,3.5436544777201187,1.6489222090743125,-2.7395308294594676,-0.05499494878222588,0.09344833212747147,0.0
9.8,4.439394070952338,-2.2223935172819473,3.6690415402060323,-2.6141437669735534,1.2642959727541876,1.6638326597042856,0.5135037188883643,2.103576931001017,0.39526052266347245,0.02991302100896995,3.121188320126466,0.0,0.0,0.7539723560970005,0.7539723560970005,4.531429299415514,-2.223019019423954,3.6080176903993633,1.6638326597042856,-2.6751676167802234,-0.06102384980666997,0.09203735399933322,0.0
9.850000000000001,4.396932406431672,-2.2487896446616786,3.727036290463633,-2.5561490167159526,1.241271427471175,1.6791931072355775,0.9509152867469947,2.084334425218063,0.38877150575235625,0.029529307984990778,3.1511013411354356,0.0,0.0,0.7386131160371698,0.7386131160371698,4.487510404537168,-2.246899937970362,3.6712324890370724,1.6791931072355775,-2.6119528181425142,-0.055803801426561606,0.09059770820599378,0.0
9.9,4.356232921166461,-2.2778326694210733,3.798716374139058,-2.484468933040528,1.2007763107793752,1.7072729776055653,0.9210058919253873,2.0500529475425293,0.3772747876272022,0.029058708265697217,3.1806306491204266,0.0,0.0,0.7398295730015709,0.7398295730015709,4.445172292047527,-2.2734834258527976,3.7332960604106313,1.7072729776055653,-2.549889246768955,-0.06542031372842683,0.08904564903652526,0.0
9.950000000000001,4.317885123951974,-2.309902350733087,3.868961632000965,-2.4142236751786212,1.1639966100519379,1.7340362191300134,1.1538343427655233,2.0184122807746148,0.36674124096711197,0.028563027448428747,3.209689357386124,0.0,0.0,0.7368439684829664,0.7368439684829664,4.404534584406657,-2.302600874476609,3.7933348759496,1.7340362191300134,-2.4898504312299856,-0.07562675605136437,0.0869565440470788,0.0
10.0,4.280978080489707,-2.3436442441198393,3.9049522336855764,-2.37823307349401,1.1209810670145797,1.7669932211333648,1.346129191390077,1.9807659464336083,0.3543128509756834,0.02799806457215917,3.2382523848345524,0.0,0.0,0.7468918434888416,0.7468918434888416,4.365687921824091,-2.334068813277374,3.851534706452197,1.7669932211333648,-2.431650600727389,-0.053417527233379225,0.08524931726832441,0.0
10.05,4.246118404267858,-2.3794801086892585,3.9668653553017426,-2.316319951877844,1.0746488017409148,1.8046822331563726,1.9662475994080757,1.939399599384614,0.34079721765391824,0.02729971087318743,3.2662504494067117,0.0,0.0,0.699753725026868,0.699753725026868,4.3287008565976715,-2.3677036544442296,3.907583759802926,1.8046822331563726,-2.37560154737666,-0.05928159549881595,0.08341790160026272,0.0
10.100000000000001,4.213018087215164,-2.4169529181605967,4.019713620882035,-2.2634716862975512,1.0134638021520845,1.8583602241253119,1.6172328051791007,1.8833808185102385,0.32274897091470245,0.026597619312591046,3.2935501602798993,0.0,0.0,0.7395186620076069,0.7395186620076069,4.293614441347682,-2.403317442691128,3.9613161998899717,1.8583602241253119,-2.321869107289615,-0.05839742099206369,0.08174165700995245,0.0
10.15,4.182205552015113,-2.456331094645214,4.069718151544415,-2.213467155635171,0.9681275795678441,1.9013747666172993,2.5,1.8407733506565804,0.30923308190302806,0.025857214697132137,3.3201477795924905,0.0,0.0,0.6974743317930625,0.6974743317930625,4.260433676778054,-2.44071399196043,4.011989389997576,1.9013747666172993,-2.27119591718201,-0.057728761546838925,0.07977175816160309,0.0
10.200000000000001,4.152855400448981,-2.496812496760931,4.100868063582682,-2.182317243596904,0.902731011943604,1.9660178033601297,2.4872285599404758,1.774785241126431,0.2895302105360097,0.02503564464244218,3.346004994289623,0.0,0.0,0.6889195208267102,0.6889195208267102,4.2291451866492125,-2.4797081214513863,4.060395768975969,1.9660178033601297,-2.2227895382036174,-0.04047229460671353,0.0781837011992061,0.0
10.25,4.125323331306354,-2.5385393440039774,4.160107980654185,-2.123077326525401,0.8507641003456928,2.0282871737313326,2.4999999999999947,1.7255939126022453,0.2737060381492048,0.02428779772418062,3.371040638932065,0.0,0.0,0.6471488571708572,0.6471488571708572,4.199713685681278,-2.520122997975382,4.1055323195731495,2.0282871737313326,-2.1776529876064368,-0.05457566108103595,0.07663606608556946,0.0
10.3,4.099465401664146,-2.581341293433998,4.171767506558551,-2.1114178006210356,0.7916403165776628,2.089006668041784,2.500000000000004,1.6537419000214464,0.2555304122199499,0.0236015096002324,3.3953284366562455,0.0,0.0,0.6355315514907629,0.6355315514907629,4.172081312176915,-2.561789230130695,4.148070524590434,2.089006668041784,-2.1351147825891523,-0.02369698196811676,0.07520208533687649,0.0
10.350000000000001,4.074642630781627,-2.6247386523252985,4.220923125381935,-2.062262181797651,0.7333941631380015,2.148010442042365,2.4999999999999982,1.575338320553349,0.23745415789394742,0.022970305618181912,3.418929946256478,0.0,0.0,0.6076126430645956,0.6076126430645956,4.146182305986804,-2.6045550463049323,4.187652540419317,2.148010442042365,-2.095532766760269,-0.03327058496261781,0.07433238244834925,0.0
10.4,4.052233953912968,-2.669434481749215,4.270078257007704,-2.0131070501718824,0.674750525747485,2.20543620608782,2.500000000000004,1.4881192395602951,0.2190933946713638,0.022387189016678518,3.4419002518746598,0.0,0.0,0.6307571958913898,0.6307571958913898,4.121931984910857,-2.6482773719018806,4.224322248576217,2.20543620608782,-2.058863058603369,-0.04575600843148653,0.07283844329799205,0.0
10.450000000000001,4.031323840805176,-2.714858410329598,4.293375318232869,-1.9898099889467176,0.6145166497265462,2.2614041786295163,2.5000000000000084,1.3896705195290222,0.20007728201738942,0.021846347436029947,3.464287440891338,0.0,0.0,0.6081009756014227,0.6081009756014227,4.099235359812531,-2.692826513912224,4.258059774863591,2.2614041786295163,-2.025125532315995,-0.035315543369277336,0.07139593037164106,0.0
10.5,4.012155200815192,-2.761028822983811,4.340260991278781,-1.9429243159008056,0.5571478935296322,2.3160200472195913,2.5000000000000107,1.2903656906807948,0.1818281111532711,0.021342906967520302,3.486133788327368,0.0,0.0,0.5878193922994077,0.5878193922994077,4.077985996407134,-2.738084307185206,4.288785607349919,2.3160200472195913,-1.9943996998296676,-0.05147538392886197,0.06971473627218601,0.0
10.55,3.9939574018401918,-2.8076039981298946,4.339388419380844,-1.943796887798742,0.5004048457450331,2.3693773146383923,2.500000000000009,1.1856478896434055,0.16365667428905942,0.020872745887021187,3.5074766952948884,0.0,0.0,0.6186053687051551,0.6186053687051551,4.058071093106283,-2.7839453466079864,4.3166430020264,2.3693773146383923,-1.9665423051531858,-0.02274541735444391,0.0683395727203405,0.0
10.600000000000001,3.9763008191001044,-2.8543796931075374,4.364312241335542,-1.9188730658440445,0.4518585274296012,2.4215591793559454,2.5000000000000027,1.094202164867411,0.14802266049203147,0.02043235167575277,3.5283494411819096,0.0,0.0,0.5888211819928576,0.5888211819928576,4.039375403350241,-2.830317113376144,4.3416632443136525,2.4215591793559454,-1.9415220628659338,-0.022648997021889272,0.0675085988719751,0.0
10.65,3.9596317133435823,-2.9015209606992842,4.380897895464203,-1.902287411715383,0.3971313466576475,2.4726400585453274,2.499999999999987,0.9819628762497502,0.13031070293417132,0.020018709919140957,3.5487817928576626,0.0,0.0,0.5694656703257064,0.5694656703257064,4.021788775682482,-2.8771210039860047,4.364256170685133,2.4726400585453274,-1.9189291364944534,-0.016641724779070444,0.06677468297350232,0.0
10.700000000000001,3.9438866417645344,-2.948976241866219,4.402966895336764,-1.8802184118428222,0.3523008418010768,2.5226868333431796,2.5000000000000098,0.8887446949872949,0.1157396897371772,0.0196292170098075,3.5688005027768037,0.0,0.0,0.5925212328585159,0.5925212328585159,4.005199355022394,-2.924287824664529,4.384112738018016,2.5226868333431796,-1.8990725691615706,-0.0188541573187484,0.06609664704782835,0.0
10.75,3.929090888024948,-2.996737320691563,4.420357625569841,-1.8628276816097449,0.3018393541035485,2.5717598758676985,2.499999999999991,0.7762583398413282,0.09927951544206412,0.019261610852183676,3.5884297197866113,0.0,0.0,0.5626998651423657,0.5626998651423657,3.989496447658604,-2.9717573312079173,4.40172778010807,2.5717598758676985,-1.8814575270715164,-0.018629845461771488,0.065366899186501,0.0
10.8,3.9150605587889333,-3.0447285099051067,4.435379500537278,-1.8478058066423086,0.2736710882301395,2.6199139029981575,2.499999999999992,0.716994688902778,0.09006712215723264,0.018913915339528724,3.607691330638795,0.0,0.0,0.5554853386250153,0.5554853386250153,3.9745718469089377,-3.0194774405672944,4.416819747813247,2.6199139029981575,-1.866365559366339,-0.01855975272403043,0.06464680901951139,0.0
10.850000000000001,3.9017205178767957,-3.092915924357239,4.448161243125367,-1.8350240640542195,0.22372915620010084,2.667198691346979,2.5000000000000044,0.5967301126330729,0.07369690931878847,0.018584395480763904,3.6266052459783236,0.0,0.0,0.582399518205084,0.582399518205084,3.960335328688966,-3.0674074159260813,4.430503302224754,2.667198691346979,-1.8526820049548318,-0.017657940900612346,0.0639247999522012,0.0
10.9,3.888795843062945,-3.1412167606935806,4.453209241467727,-1.8299760657118593,0.18471627873498844,2.713659680048889,2.4999999999999964,0.5012571178518102,0.06088104174360965,0.018271520844008498,3.6451896414590874,0.0,0.0,0.5601345102210041,0.5601345102210041,3.946695870030028,-3.1155108367556728,4.44168976003476,2.713659680048889,-1.8414955471448264,-0.011519481432967105,0.06334988278040043,0.0
10.950000000000001,3.8761487703729642,-3.1895908944751614,4.460827881065793,-1.8223574261137934,0.1557468125101763,2.75933848215891,2.5000000000000004,0.42975817323291826,0.051351263524339025,0.017973935554313588,3.6634611623030957,0.0,0.0,0.5369693659187653,0.5369693659187653,3.9335482826467922,-3.163751101824784,4.450925573971509,2.75933848215891,-1.832259733208077,-0.009902307094283636,0.06294758846443463,0.0
11.0,3.8639600778203884,-3.2380822813451813,4.471248080744317,-1.811937226435269,0.10246278724968111,2.804273321044694,2.4999999999999973,0.28733366068415916,0.03379984259700429,0.017690433500513355,3.6814350978574093,0.0,0.0,0.5592233237222499,0.5592233237222499,3.9208117542127687,-3.212101574508789,4.458712914597018,2.804273321044694,-1.8244723925825683,-0.012535166147299215,0.06250688151189826,0.0
11.05,3.8521155697875678,-3.2866593373238517,4.473944887225044,-1.8092404199545422,0.07825676998415652,2.8484994047959775,2.499999999999989,0.22291436272112558,0.025818995407141623,0.017419937714912313,3.6991255313579225,0.0,0.0,0.5873221356408386,0.5873221356408386,3.908387585075305,-3.2605333260038805,4.463836053959502,2.8484994047959775,-1.819349253220084,-0.010108833265541683,0.06204118125918134,0.0
11.100000000000001,3.840424630876343,-3.335273215551025,4.480020424619466,-1.8031648825601199,0.02282239682357337,2.892049249083258,2.4999999999999982,0.06600349559589551,0.007531248558483481,0.017161483120358246,3.716545469072835,0.0,0.0,0.597450156027204,0.597450156027204,3.896182350551017,-3.309020737363724,4.46774889245871,2.892049249083258,-1.8154364147208764,-0.012271532160756493,0.06162885618194023,0.0
11.15,3.8289331450585022,-3.383934774143392,4.478104470734793,-1.8050808364447937,0.0017318113710136657,2.9349529568841537,2.499999999999997,0.005082784904122158,0.0005714976902156223,0.016914202013483346,3.733706952193193,0.0,0.0,0.5793330472439892,0.5793330472439892,3.88409967449126,-3.3575388645734394,4.468890012299888,2.9349529568841537,-1.814295294879698,-0.009214458434904316,0.061156275325435425,0.0
11.200000000000001,3.8171984525372564,-3.4325382310264794,4.47512084592811,-1.808064461251476,-0.05420778201410158,2.977238461917862,2.499999999999999,-0.1613894935476425,-0.017886660311830564,0.016677311785607614,3.750621154206676,0.0,0.0,0.5968802665416093,0.5968802665416093,3.8720467831608234,-3.4060644022728255,4.468976602868439,2.977238461917862,-1.814208704311147,-0.006144243059670984,0.06090322636010269,0.0
11.25,3.805499850158986,-3.481150487490444,4.475489163462095,-1.8076961437174912,-0.08212191107266803,3.018931741381881,2.49999999999999,-0.24792044400021768,-0.027093599236163387,0.016450104484746996,3.7672984659922837,0.0,0.0,0.6138358648764234,0.6138358648764234,3.859930245308562,-3.454574071205328,4.466266213767734,3.018931741381881,-1.816919093411852,-0.009222949694360771,0.06057205476701931,0.0
11.3,3.793602581274007,-3.529714201082463,4.469512979140047,-1.813672328039539,-0.12146833640740638,3.0600570025937484,2.500000000000014,-0.37170003341689706,-0.04006310278697422,0.0162319379011131,3.7837485704770306,0.0,0.0,0.6383255908206822,0.6383255908206822,3.8476484503118775,-3.5030421431599335,4.462160118214101,3.0600570025937484,-1.8210251889654856,-0.007352860925946558,0.06026901885613711,0.0
11.350000000000001,3.781539769682341,-3.5782375866181684,4.467374045673894,-1.8158112615056918,-0.1680680263012105,3.1006368473465313,2.499999999999999,-0.5211179152103392,-0.055405684373874865,0.01602222792008377,3.7999805083781437,0.0,0.0,0.6193272913181918,0.6193272913181918,3.8351201352494066,-3.551447035853843,4.456086701393731,3.1006368473465313,-1.8270986057858556,-0.011287344280163758,0.05990483440054143,0.0
11.4,3.7692088575183704,-3.6266929085906257,4.458377587156141,-1.8248077200234452,-0.1844436979263838,3.1406924171467407,2.4999999999999822,-0.5792809234678976,-0.06079142258168121,0.015820441935019438,3.8160027362982274,0.0,0.0,0.5991006055066775,0.5991006055066775,3.8222417951400707,-3.5997599082954457,4.44768330007867,3.1406924171467407,-1.8355020071009163,-0.01069428707747111,0.05948007210559949,0.0
11.450000000000001,3.756470030024578,-3.6750431475177656,4.451819385650678,-1.8313659215289082,-0.2175510477740946,3.180243521984289,2.499999999999985,-0.6918653103844589,-0.0716688857436597,0.01562609315058206,3.831823178233247,0.0,0.0,0.6271770309075554,0.6271770309075554,3.808938197290049,-3.647957382971366,4.438461115182351,3.180243521984289,-1.8447241919972353,-0.01335827046832705,0.05904699160211667,0.0
11.5,3.74343586101118,-3.7233143662788986,4.445142407907257,-1.8380428992723292,-0.2373147475206805,3.219308754860744,2.499999999999981,-0.7639894443508938,-0.07815435200054989,0.015438735637687214,3.847449271383829,0.0,0.0,0.638527063765538,0.638527063765538,3.795150920245025,-3.6960186599066285,4.427583562793647,3.219308754860744,-1.8556017443859396,-0.01755884511361039,0.05847651612332334,0.0
11.55,3.729993713085903,-3.771473673354376,4.434306468056319,-1.848878839123267,-0.269347786163864,3.2579055939549617,2.500000000000002,-0.8775096592626374,-0.08865179470475816,0.015257960025623683,3.862888007021516,0.0,0.0,0.6194270858764722,0.6194270858764722,3.780818024064622,-3.7439200038728466,4.415717825417612,3.2579055939549617,-1.8674674817619739,-0.018588642638706965,0.0578127606014354,0.0
11.600000000000001,3.7159126706348884,-3.819450197229305,4.419086330787341,-1.8640989763922455,-0.2896349393146788,3.296050494019021,-1.5262630609239236,-0.9546513848133162,-0.09529006108573282,0.0152233273094571,3.8781459670471397,0.0,0.0,0.6404692862333027,0.6404692862333027,3.7658795737411466,-3.791635880846892,4.402250436109419,3.296050494019021,-1.880934871070167,-0.01683589467792146,0.057186778208351254,0.0
11.65,3.7010591265986292,-3.8671930829122125,4.402726129549683,-1.880459177629903,-0.31502403023606856,3.272815691882242,-3.9999999999999885,-1.031015589476591,-0.10358583995507126,0.015422720173425431,3.8933692943565967,0.0,0.0,0.659937880638059,0.659937880638059,3.7502758133989764,-3.8391382910083283,4.387768689143686,3.272815691882242,-1.8954166180359007,-0.01495744040599778,0.05665115716711989,0.0
11.700000000000001,3.685477127698688,-3.9147031142358895,4.388336660681768,-1.8948486464978185,-0.33653505749724094,3.2111248111885407,-4.000000000000013,-1.0806560729641526,-0.11060334386241116,0.015724877262288165,3.908792014530022,0.0,0.0,0.6530185871878598,0.6530185871878598,3.733955820303658,-3.886399333460346,4.372017487631882,3.2111248111885407,-1.9111678195477042,-0.016319173049885727,0.05613633086404172,0.0
11.75,3.6692049192694034,-3.9619821645141005,4.372811144903707,-1.910374162275879,-0.35274986041401196,3.148225302139388,-4.0000000000000195,-1.1105360358815297,-0.11588588732120465,0.01604552174256871,3.9245168917923103,0.0,0.0,0.6526433885544362,0.6526433885544362,3.71686821720694,-3.933388213292867,4.35519073475702,3.148225302139388,-1.9279945724225662,-0.01762041014668725,0.05558240743908682,0.0
11.8,3.6520167148371825,-4.008934282810867,4.348640470686101,-1.934544836493485,-0.3679824735714361,3.0840432151691126,-2.9628313389217293,-1.1348738509191347,-0.12084254198000509,0.016340746247094518,3.940562413534879,0.0,0.0,0.6568816856987046,0.6568816856987046,3.6989734938488943,-3.9800756212454482,4.33755324173632,3.0840432151691126,-1.9456320654432666,-0.011087228949781647,0.055115891016131874,0.0
11.850000000000001,3.6336806340955716,-4.055451843202967,4.326465675345857,-1.956719631833729,-0.37981389344151323,3.0356283400868533,-3.0733210042508246,-1.1529738188897858,-0.12468835648078737,0.016610725651360646,3.9569031597819735,0.0,0.0,0.638867276624258,0.638867276624258,3.680240514079464,-4.026432982461588,4.319154118057748,3.0356283400868533,-1.9640311891218385,-0.007311557288109505,0.05486270776075456,0.0
11.9,3.614348995195969,-4.101563963539705,4.30296191884618,-1.980223388333406,-0.3929181634254162,2.9845782480466787,-2.1103067737768217,-1.1726950038219472,-0.12894358446211943,0.016853200493743038,3.9735138854333343,0.0,0.0,0.6479225306024724,0.6479225306024724,3.6606442296843986,-4.0724320096138005,4.300163423385672,2.9845782480466787,-1.9830218837939144,-0.0027984954605084766,0.05469844125639912,0.0
11.950000000000001,3.5938655816436693,-4.147175089077349,4.279436498974102,-2.0037488082054846,-0.40245258555024815,2.949012824884914,-2.474618408158707,-1.1868378361957748,-0.13203666938918826,0.017077184728741132,3.9903670859270775,0.0,0.0,0.6597727721320782,0.6597727721320782,3.640163055607124,-4.118043862219582,4.280517515214401,2.949012824884914,-2.0026677919651856,0.0010810162402989931,0.054699949484761354,0.0
12.0,3.572462675298001,-4.192365110964588,4.2585369817494865,-2.0246483254300998,-0.4142396758317312,2.9067533091956443,-1.5328339072372974,-1.2040925485240157,-0.13585703188982196,0.01728005336076185,4.007444270655818,0.0,0.0,0.6488693532520011,0.6488693532520011,3.6187790486871965,-4.163239435970796,4.260394885936888,2.9067533091956443,-2.022790421242698,0.0018579041874016156,0.054712991032947446,0.0
12.05,3.5498474123476997,-4.236955702468745,4.2283560147085595,-2.0548292924710267,-0.42189355566116277,2.8802658574853988,-1.314801505686561,-1.2151656038639629,-0.13833563450949035,0.017428840769796238,4.02472432401658,0.0,0.0,0.6674740136245556,0.6674740136245556,3.5964768133349976,-4.20798897145308,4.239682902145302,2.8802658574853988,-2.0435024050342845,0.011326887436742261,0.054894194066113434,0.0
12.100000000000001,3.5261016628485815,-4.280960995284741,4.206983963336537,-2.0762013438430493,-0.4286877205671732,2.8573503913988993,0.6447068730985889,-1.2249110261505143,-0.1405343990688498,0.017464319936253678,4.042153164786376,0.0,0.0,0.6755809769931947,0.6755809769931947,3.5732441195417324,-4.252262544090156,4.218588224362244,2.8573503913988993,-2.0645970828173423,0.011604261025706997,0.055190690555868116,0.0
12.15,3.501308932371355,-4.324378322795593,4.179930893602348,-2.103254413577238,-0.42532910419362835,2.868609758495795,0.3195539816774823,-1.220103218862117,-0.13944763500156426,0.01741315722201425,4.05961748472263,0.0,0.0,0.6525837183620091,0.6525837183620091,3.549075306946833,-4.296032085828977,4.197153838333885,2.868609758495795,-2.086031468845701,0.01722294473153685,0.055543997787811585,0.0
12.200000000000001,3.47561415851205,-4.367273809845605,4.168696554749886,-2.1144887524297005,-0.4236838115316389,2.8741742022196655,2.4719682760709416,-1.2177410810023355,-0.13891513836447567,0.017268071789311414,4.077030641944645,0.0,0.0,0.650474119532151,0.650474119532151,3.523977568069782,-4.339275689791552,4.175887383124204,2.8741742022196655,-2.1072979240553824,0.007190828374318059,0.05588303956130234,0.0
12.25,3.4493812026260575,-4.40983854514403,4.146780607571971,-2.136404699607615,-0.41137394069624617,2.916860327871759,1.6399035820794692,-1.1999203275371502,-0.1349285693860174,0.017059905286920005,4.094298713733956,0.0,0.0,0.6591428732611695,0.6591428732611695,3.4979676881447785,-4.381976891756133,4.154703192547622,2.916860327871759,-2.1284821146319644,0.007922584975650793,0.05600819854778597,0.0
12.3,3.4220277303313975,-4.451692479511712,4.124505596940086,-2.1586797102395003,-0.4035947827281785,2.9448369276617155,2.4575874447203505,-1.1885208199895467,-0.13240704312794793,0.016860252149697705,4.1113586190208755,0.0,0.0,0.6517739459593611,0.6517739459593611,3.471072062587724,-4.424125879710614,4.13413449551281,2.9448369276617155,-2.1490508116667764,0.009628898572723976,0.056260678551389866,0.0
12.350000000000001,3.3940892612763713,-4.493161447247436,4.111737962470879,-2.1714473447087075,-0.3924724556736734,2.986272471659632,1.5312907450132052,-1.172029690262946,-0.1287989301458593,0.01667201658337299,4.128218871170573,0.0,0.0,0.6392432570179748,0.6392432570179748,3.443323307572561,-4.465718207783439,4.113954756376401,2.986272471659632,-2.169230550803185,0.0022167939055224295,0.056365971179193196,0.0
12.4,3.3653097715430227,-4.534045486856435,4.0874059457351954,-2.195779361444391,-0.385847027428763,3.0118021763544576,0.8657397129903927,-1.1620949169498465,-0.12664801339208762,0.01656193266046651,4.144890887753946,0.0,0.0,0.6507877372698433,0.6507877372698433,3.4147523187206588,-4.5067501266940795,4.094331133592718,3.0118021763544576,-2.1888541735868685,0.006925187857522275,0.05647656290715181,0.0
12.450000000000001,3.3357802275389092,-4.574396731427128,4.074829103208726,-2.20835620397086,-0.3821992836704304,3.026140499182496,2.5,-1.1565887310736287,-0.12546328470427326,0.01641144246563009,4.161452820414413,0.0,0.0,0.6588434375881639,0.6588434375881639,3.3853883744243323,-4.547218401126524,4.07503878222128,3.026140499182496,-2.2081465249583063,0.00020967901255364296,0.05656527092955917,0.0
12.5,3.3057311264622355,-4.614358388655643,4.059952531654103,-2.2232327755254833,-0.3704115784069106,3.0671691053465713,2.499999999999991,-1.1361149495523353,-0.12163242174100673,0.016194790455486142,4.177864262880043,0.0,0.0,0.6443673568153605,0.6443673568153605,3.3552528442321736,-4.587115440319219,4.055928818037758,3.0671691053465713,-2.227256489141828,-0.004023713616344793,0.056520604782207155,0.0
12.55,3.275127234932167,-4.65389970044631,4.04831344023092,-2.234871866948666,-0.350111580004672,3.1076560814852865,2.4999999999999893,-1.0880263807999415,-0.11502680904235987,0.015986498673768137,4.194059053335529,0.0,0.0,0.6412942734257637,0.6412942734257637,3.3243719902119673,-4.62643847926754,4.037408239117413,3.1076560814852865,-2.245777068062173,-0.010905201113507346,0.05638408100870986,0.0
12.600000000000001,3.243943307519318,-4.692983790281795,4.026198020821363,-2.256987286358223,-0.32593554222403986,3.1476223281697067,2.499999999999992,-1.0259219902484882,-0.10714680644938952,0.015786042886339984,4.210045552009297,0.0,0.0,0.6588499718662323,0.6588499718662323,3.2927878071997667,-4.665198968672226,4.01990266011718,3.1476223281697067,-2.2632826470624066,-0.006295360704183572,0.056194140805860826,0.0
12.65,3.2117406169382297,-4.731232315809654,4.002089395112767,-2.281095912066819,-0.3271717193717823,3.1870874353855565,2.5,-1.0427248760232966,-0.1075500619773704,0.01559294375781537,4.225831594895637,0.0,0.0,0.6524170977489959,0.6524170977489959,3.260553013457918,-4.703420202831899,4.003605883005978,3.1870874353855565,-2.2795794241736083,0.001516487893210794,0.05617974441275709,0.0
12.700000000000001,3.178901721340489,-4.768938256481136,3.989274144741034,-2.293911162438553,-0.32286519623594945,3.226069794780095,2.499999999999986,-1.0415856573625446,-0.10614507238458061,0.015406762025203323,4.241424538653453,0.0,0.0,0.6414921145644238,0.6414921145644238,3.2276984827599047,-4.741110043113868,3.987247297037389,3.226069794780095,-2.295938010142198,-0.0020268477036449184,0.056174134476977874,0.0
12.75,3.1455162461200286,-4.806158607835001,3.97307546141958,-2.3101098457600067,-0.31211989480614427,3.264586699843103,2.5000000000000124,-1.018942457340567,-0.10263762863839149,0.015227094290897294,4.256831300678656,0.0,0.0,0.638141534159034,0.638141534159034,3.194235812795327,-4.7782610245927595,3.9711040372255915,3.264586699843103,-2.3120812699539943,-0.0019714241939876587,0.05614152943932539,0.0
12.8,3.1115382958559863,-4.842840455334706,3.957493712604724,-2.325691594574862,-0.2993179131446582,3.3026544355703464,2.4999999999999933,-0.9885436334928652,-0.09845554686987504,0.01505356934321544,4.272058394969553,0.0,0.0,0.6164956994837381,0.6164956994837381,3.16018760168645,-4.8148761659979495,3.955498042485284,3.3026544355703464,-2.327687264694302,-0.0019956701194399074,0.0561137811584268,0.0
12.850000000000001,3.0769915448088256,-4.878986271075452,3.9416559433062415,-2.341529363873345,-0.29433121809320656,3.340288358928385,2.4999999999999933,-0.9831511414659495,-0.0968255767924246,0.014885844928048226,4.287111964312769,0.0,0.0,0.6028929294366281,0.6028929294366281,3.1255836648885094,-4.850966620344381,3.940532146828051,3.340288358928385,-2.342653160351535,-0.0011237964781898313,0.05609184397868931,0.0
12.9,3.0418815270880235,-4.914585703092784,3.9263186847654152,-2.356866622414171,-0.2934685633220296,3.3775029712485054,2.4999999999999942,-0.9911909445881851,-0.09654355356314615,0.01472360490767265,4.301997809240817,0.0,0.0,0.6309124057505705,0.6309124057505705,3.0904479211429567,-4.8865395649825,3.9258155859233907,3.3775029712485054,-2.3573697212561955,-0.0005030988420244853,0.05608280034377896,0.0
12.950000000000001,3.0062122089087016,-4.949624688597123,3.909179161564805,-2.374006145614781,-0.2987074465169337,3.414311983517687,2.4999999999999916,-1.0198804142087352,-0.09825603544524553,0.014566556753027142,4.316721414148489,0.0,0.0,0.6210081006944965,0.6210081006944965,3.0547932436883816,-4.921592369699819,3.9111421577572894,3.414311983517687,-2.3720431494222964,0.001962996192484745,0.05608857141187196,0.0
13.0,2.9699565917886934,-4.984055810796603,3.895519808914122,-2.3876654982654646,-0.28720078696998985,3.4507283754002547,-2.0550466886167644,-0.9910519050346277,-0.09449400221654453,0.014552757054158375,4.331287970901516,0.0,0.0,0.6102929005099778,0.6102929005099778,3.018623568278595,-4.956113495230829,3.896206785431443,3.4507283754002547,-2.3869785217481434,0.0006869765173211917,0.05611815748798185,0.0
13.05,2.9334326180745998,-5.018203317264232,3.8908802166043364,-2.39230509057525,-0.2990936185306501,3.4208217802058623,-1.1775614910906185,-1.0231459645902314,-0.09838224428687936,0.014653327835298505,4.345840727955674,0.0,0.0,0.6072201469271091,0.6072201469271091,2.98195211002236,-4.9901011575268415,3.8818467460829433,3.4208217802058623,-2.401338561096643,-0.009033470521393028,0.05607024594893971,0.0
13.100000000000001,2.89668587518528,-5.052109498303094,3.882710797984932,-2.4004745091946544,-0.2957540350192024,3.4035665856306885,-3.9999999999999973,-1.0066185511568058,-0.09729069713981867,0.014819523964662473,4.360494055790973,0.0,0.0,0.5801216659707117,0.5801216659707117,2.9447864663331615,-5.02354765715117,3.866892065156411,3.4035665856306885,-2.4162932420231753,-0.015818732828520865,0.05594144830770293,0.0
13.15,2.8596941541595884,-5.085749953139898,3.876114872857245,-2.407070434322341,-0.3103363599321485,3.3442884897720386,-4.000000000000024,-1.0378543164788365,-0.10205520576097862,0.015086986203407003,4.375313579755636,0.0,0.0,0.5562778047409996,0.5562778047409996,2.907127553466877,-5.056437788210552,3.852104363405451,3.3442884897720386,-2.431080943774136,-0.02401050945179506,0.055759576600704984,0.0
13.200000000000001,2.82233987613691,-5.118985812069902,3.859257554115683,-2.4239277530639036,-0.32454690577529016,3.2839405449584103,-3.177234716921479,-1.065792742616272,-0.1066937751876692,0.015339436971040923,4.390400565959043,0.0,0.0,0.5603619237144947,0.5603619237144947,2.868974657976721,-5.0887535181466665,3.836587545408843,3.2839405449584103,-2.446597761770743,-0.02267000870683944,0.055576923926281316,0.0
13.25,2.7843314914324098,-5.151473024499064,3.8385307954895644,-2.444654511690022,-0.3283684199228606,3.23520355327599,-4.000000000000019,-1.062338678918061,-0.10794040632942348,0.015605529693142033,4.4057400029300835,0.0,0.0,0.5702862699483096,0.5702862699483096,2.830313708138383,-5.120459607394583,3.8203602001200787,3.23520355327599,-2.4628251070595075,-0.01817059536948573,0.05546346810010722,0.0
13.3,2.7456630972428857,-5.183171423409248,3.817905541195947,-2.46527976598364,-0.34768642391564686,3.1727814345034218,-2.0917637631185135,-1.1031330308284508,-0.11423697793186854,0.015841770804227245,4.421345532623225,0.0,0.0,0.6079917701112532,0.6079917701112532,2.7911404069185464,-5.151530434669711,3.8039417791239356,3.1727814345034218,-2.479243528055651,-0.013963762072011221,0.05540160524525831,0.0
13.350000000000001,2.706342543529523,-5.214057318317056,3.7969213926877132,-2.4862639144918735,-0.35506443836638973,3.1396441923915104,-0.5452589084895014,-1.114776001841789,-0.11663942000998494,0.01594745532219174,4.437187303427453,0.0,0.0,0.5870303818943197,0.5870303818943197,2.7514476400093386,-5.181934731944425,3.7865574579281533,3.1396441923915104,-2.496627849251433,-0.010363934759559434,0.055374455155067615,0.0
13.4,2.6663963959029395,-5.244128690800718,3.778000473058853,-2.5051848341207332,-0.35703939718208616,3.130948700309347,-3.7013590955584483,-1.1178720365664854,-0.11728228132673432,0.016123260590068838,4.453134758749645,0.0,0.0,0.5867680711980077,0.5867680711980077,2.7112268818017,-5.211637003710856,3.7688042360098337,3.130948700309347,-2.514381071169753,-0.009196237049019729,0.05536679687199224,0.0
13.450000000000001,2.6260032542949654,-5.273598143680544,3.766447572199871,-2.5167377349797153,-0.37071352842534877,3.0712707230742367,-3.9999999999999925,-1.1385616065003226,-0.12173059715365062,0.01645625581994695,4.469258019339714,0.0,0.0,0.6071965439248714,0.6071965439248714,2.6704837534546724,-5.240618568418325,3.7509522661507293,3.0712707230742367,-2.5322330410288565,-0.015495306049141178,0.05537298249122058,0.0
13.5,2.5852898024134476,-5.302622302392112,3.7547704846658774,-2.5284148225137084,-0.38748087576125595,3.005445699794449,-1.139108421897428,-1.164552731809254,-0.1271785454553621,0.016689251304557732,4.485714275159661,0.0,0.0,0.6312981618737576,0.6312981618737576,2.629220154635642,-5.268854074926511,3.732416589729462,3.005445699794449,-2.550768717450124,-0.022353894936415486,0.05540910604345283,0.0
13.55,2.5441257096643852,-5.331005678807307,3.7337265994845663,-2.5494587076950204,-0.3881301361396454,2.9864348330782646,-3.999999999999992,-1.1591253583348462,-0.12738934888107986,0.016934422533834516,4.502403526464219,0.0,0.0,0.6457952717155696,0.6457952717155696,2.587428855585968,-5.2963023740635355,3.713042545941399,2.9864348330782646,-2.5701427612381877,-0.02068405354316738,0.055493078909400265,0.0
13.600000000000001,2.5021870818278336,-5.358229484392599,3.698445197884328,-2.584740109295258,-0.399958860775645,2.9186971429429267,-4.000000000000006,-1.1673587842405828,-0.13122791703851291,0.01733689147374981,4.519337948998054,0.0,0.0,0.6194801457991573,0.6194801457991573,2.5451132182578404,-5.322935217837394,3.6936360391344167,2.9186971429429267,-2.58954926804517,-0.004809158749911724,0.05557282105919603,0.0
13.65,2.459342564249278,-5.38400502369379,3.6730851539946507,-2.610100153184936,-0.431098562893597,2.8493495770479274,-3.925362107357089,-1.22835050784684,-0.14131428139615415,0.0177652581409581,4.536674840471804,0.0,0.0,0.6487460240646836,0.6487460240646836,2.502281142930198,-5.3487292093137,3.6736380960956345,2.8493495770479274,-2.6095472110839513,0.0005529421009846658,0.055570717282721116,0.0
13.700000000000001,2.4161207731052525,-5.409143576980066,3.6625687943013965,-2.6206165128781898,-0.45300073372220356,2.7796145059139934,-1.3163231615511,-1.2591674106439192,-0.14839136966080346,0.018065381438552602,4.554440098612762,0.0,0.0,0.6223318956640177,0.6223318956640177,2.4589225599765117,-5.373627732894227,3.6520831679509547,2.7796145059139934,-2.6311021392286316,-0.010485626350441812,0.055618055885677066,0.0
13.75,2.372550258600226,-5.433670656095497,3.6448970345441603,-2.6382882726354264,-0.46085227870839496,2.7558346259041713,-2.9193200825067644,-1.2700326670914346,-0.15092477778272398,0.018321111720719943,4.572505480051315,0.0,0.0,0.6410039274486965,0.6410039274486965,2.4150243814237204,-5.3975618725283505,3.6294331312648445,2.7558346259041713,-2.6537521759147413,-0.015463903279314906,0.05574850096930261,0.0
13.8,2.3284674209215357,-5.457267526183627,3.619738428133973,-2.6634468790456136,-0.4792752825049352,2.7023494365240235,-2.404612634873093,-1.2951692896171036,-0.15686149985952388,0.018657289647017385,4.590826591772035,0.0,0.0,0.6413889521396242,0.6413889521396242,2.3705909325028767,-5.420486924147252,3.606390517329425,2.7023494365240235,-2.6767947898501614,-0.01334791080454778,0.055921399429033826,0.0
13.850000000000001,2.2837107793256237,-5.479556665013384,3.587601571975556,-2.69558373520403,-0.49559408268348626,2.6574858821063185,-2.643915319120997,-1.3170342779867963,-0.16211087116685957,0.018994244896901807,4.609483881419052,0.0,0.0,0.6602355168841587,0.6602355168841587,2.3256310744124504,-5.44236137310156,3.582426753204178,2.6574858821063185,-2.700758553975408,-0.0051748187713780425,0.056042848612221446,0.0
13.9,2.2383133229623597,-5.500510137477244,3.5620563938274095,-2.7211289133521763,-0.514869453222209,2.607266707048264,-2.680454580323726,-1.342401983862409,-0.16829968978632556,0.019370036397822466,4.6284781263159545,0.0,0.0,0.6731080750572395,0.6731080750572395,2.2801515782347153,-5.463133650188047,3.557647049070004,2.607266707048264,-2.725538258109582,-0.00440934475740562,0.056102062406958454,0.0
13.950000000000001,2.1924992134978494,-5.52054325140735,3.5457879288617233,-2.737397378317863,-0.5360046396750957,2.5553462042646835,-2.186071729094039,-1.369677421462015,-0.17507070279230247,0.019733386908828164,4.647848162713777,0.0,0.0,0.6670028482627066,0.6670028482627066,2.2341620010256618,-5.482750497793712,3.5319035764088933,2.5553462042646835,-2.7512817307706925,-0.013884352452829596,0.05625015635790508,0.0
14.0,2.1462251600192968,-5.539474648090839,3.5103595051676217,-2.7728258020119645,-0.5545707918115544,2.51220760502402,-1.7343831907179568,-1.3931969607131796,-0.1810053517389859,0.02004146324993444,4.667581549622605,0.0,0.0,0.702701444689581,0.702701444689581,2.187673090030454,-5.501152440957159,3.5051033444251387,2.51220760502402,-2.778081962754447,-0.005256160742482585,0.056449291065579,0.0
14.05,2.099317535275804,-5.556794643196007,3.4840177353235147,-2.7991675718560716,-0.5702416558600995,2.477448028045942,-0.2908908625364861,-1.412744065820256,-0.18600452976657417,0.02020602749680534,4.68762301287254,0.0,0.0,0.685351519682899,0.685351519682899,2.140699900179731,-5.518280174343649,3.477374804834561,2.477448028045942,-2.8058105023450253,-0.006642930488953702,0.056531977110490586,0.0
14.100000000000001,2.051977124163412,-5.572880487440313,3.4500037750851456,-2.833181532094441,-0.572957113861625,2.4715702792789602,-0.8906436548173219,-1.4161037739218434,-0.18686984263935927,0.02030433505330733,4.7078290403693455,0.0,0.0,0.68159452317123,0.68159452317123,2.093263794495791,-5.534080380695978,3.448862722041556,2.4715702792789602,-2.8343225851380307,-0.0011410530435895794,0.056657192222226115,0.0
14.15,2.0040671070395195,-5.587188507074125,3.417200247002426,-2.8659850601771604,-0.5814344382366442,2.453486352098447,-1.8655617611294446,-1.426541458853634,-0.1895694160904841,0.020539553963163867,4.728133375422653,0.0,0.0,0.7200158052841329,0.7200158052841329,2.0453955682995066,-5.548518591986581,3.420214866348475,2.453486352098447,-2.862970440831111,0.0030146193460494075,0.05659862227118361,0.0
14.200000000000001,1.9558027311556665,-5.6002486162339995,3.3943725123996136,-2.888812794779973,-0.6000302651335979,2.415168545634114,-1.8001347161587116,-1.4491742227791635,-0.19548135606793882,0.020864727045977357,4.748672929385816,0.0,0.0,0.7106435734078504,0.7106435734078504,1.9971306985260788,-5.561569502491356,3.3911431444366427,2.415168545634114,-2.8920421627429436,-0.003229367962970464,0.0566045468746659,0.0
14.25,1.9072502773704776,-5.612192161726623,3.371306545399846,-2.9118787617797404,-0.6191374721637505,2.3776092261354744,-0.3303227473697501,-1.4720669660627286,-0.20154148566865263,0.021060338583828633,4.769537656431794,0.0,0.0,0.7010342784298372,0.7010342784298372,1.94850156823285,-5.5731893201975335,3.361141631179963,2.3776092261354744,-2.922043675999623,-0.010164914219882526,0.056770508586371476,0.0
14.3,1.8584248413974676,-5.6229691626960205,3.3448872656804176,-2.938298041499168,-0.6227765367995287,2.370652517233927,-0.8438882018730397,-1.4763867646380302,-0.20269398295667015,0.02117101515086605,4.790597995015623,0.0,0.0,0.6964738128636472,0.6964738128636472,1.8995410348353847,-5.5833217693243515,3.3301847575717756,2.370652517233927,-2.953000549607811,-0.014702508108642931,0.05711792331652199,0.0
14.350000000000001,1.8093090402925733,-5.632324817398543,3.316122059085933,-2.9670632480936536,-0.6322705996118028,2.3527865473264358,-0.5490424013599474,-1.4875977610366686,-0.2056981913323305,0.021304354408511778,4.811769010166489,0.0,0.0,0.7430265411586396,0.7430265411586396,1.8502895807441089,-5.5919294559844,3.299045930731799,2.3527865473264358,-2.9841393764477875,-0.017076128354133857,0.05754293978829369,0.0
14.4,1.7599478820256134,-5.640309481191162,3.2833928090000524,-2.9997924981795343,-0.6386045231890696,2.341089553422563,-0.5759106257874899,-1.4950303780063277,-0.20770034722935102,0.021413979782074717,4.833073364575001,0.0,0.0,0.7516229129735917,0.7516229129735917,1.8007923972404967,-5.598987828393873,3.267432400751209,2.341089553422563,-3.015752906428377,-0.015960408248842484,0.05810123417827318,0.0
14.450000000000001,1.7102966464600164,-5.646181385511353,3.2387311106902215,-3.044454196489365,-0.6453862256160909,2.328757014925668,1.6049406243552675,-1.5029477002398715,-0.2098421744878095,0.021314136048306856,4.854487344357076,0.0,0.0,0.7561602642893523,0.7561602642893523,1.7510960158089586,-5.604470280046457,3.2355021745917556,2.328757014925668,-3.0476831325878306,-0.003228936098465418,0.05834727807168947,0.0
14.5,1.6604739391845966,-5.650395783869628,3.2144640345946516,-3.068721272584934,-0.6268353630853141,2.3629649377426305,-0.48737560481249526,-1.4811899847077683,-0.20397877553121294,0.021206234027105003,4.875801480405383,0.0,0.0,0.7671707816234614,0.7671707816234614,1.7012493257474741,-5.608354935569662,3.203232863310951,2.3629649377426305,-3.0799524438686348,-0.011231171283700547,0.05856675742375425,0.0
14.55,1.6105608531262205,-5.653399597016719,3.184150771619122,-3.099034535560464,-0.6323549958775931,2.352629536607875,-0.14555621948891628,-1.4876970409231767,-0.20572488006358705,0.021266805967208927,4.897007714432488,0.0,0.0,0.7763786795745901,0.7763786795745901,1.6513041901941958,-5.6106524983619215,3.171891095156685,2.352629536607875,-3.1112942120229015,-0.012259676462437419,0.059053653221774874,0.0
14.600000000000001,1.5605734471740829,-5.654238711422516,3.1362379548931996,3.1362379548931996,-0.6340223515272682,2.3495340207306836,-0.2840429359213942,-1.4896570848169852,-0.20625208892551508,0.021308260815393717,4.918274520399697,0.0,0.0,0.7858214079960241,0.7858214079960241,1.6013115212007758,-5.611376921162724,3.1402733453628056,2.3495340207306836,3.1402733453628056,0.004035390469605993,0.05913310189461332,0.0
14.65,1.5105759925918654,-5.653393610877674,3.113220166839234,3.113220166839234,-0.6373015332182516,2.3434815597693004,0.7788923806483853,-1.4935043911096748,-0.20728860901448412,0.02126065981496319,4.9395827812150905,0.0,0.0,0.796563519142644,0.796563519142644,1.5513209844477935,-5.610518505923889,3.1085722277864423,2.3434815597693004,3.1085722277864427,-0.004647939052791372,0.05914751885022492,0.0
14.700000000000001,1.4606268159342284,-5.651229335639088,3.084300975788012,3.084300975788012,-0.6283893685310923,2.3600413257067325,2.2708755839768857,-1.4830248783681355,-0.20447050440568065,0.020974417124604232,4.960843441030054,0.0,0.0,0.7994754445201432,0.7994754445201432,1.5013829951291362,-5.608071938739224,3.0767071511255297,2.3600413257067325,3.0767071511255297,-0.0075938246624822625,0.059360146982127875,0.0
14.75,1.4107375011147383,-5.647810381074488,3.0582715403954612,3.0582715403954612,-0.6037727915120153,2.407671617443143,0.3991336979567824,-1.4536866135078956,-0.19666951340919953,0.020731327401253715,4.981817858154658,0.0,0.0,0.8050308216714775,0.8050308216714775,1.4515473471601592,-5.604046703799227,3.045287682698975,2.407671617443143,3.0452876826989748,-0.012983857696486467,0.05983897544998705,0.0
14.8,1.3610444405762847,-5.642360705664334,3.0089326460930383,3.0089326460930383,-0.5996440526023663,2.415946188812358,0.690814647420933,-1.448707763528684,-0.1953587114816037,0.020634948498699995,5.002549185555911,0.0,0.0,0.8149561604983493,0.8149561604983493,1.401859158355178,-5.598488463563033,3.0150990431233744,2.415946188812358,3.0150990431233744,0.006166397030336057,0.05992173907995238,0.0
14.850000000000001,1.3115416091794418,-5.635266317452317,2.9886725926348525,2.9886725926348525,-0.5926299738622506,2.4302011134840367,0.6426864313988639,-1.4402100223640568,-0.19313030738737644,0.020518757886889255,5.0231841340546115,0.0,0.0,0.8271433487360635,0.8271433487360635,1.3523606262162167,-5.591438070390775,2.985116840493256,2.4302011134840367,2.985116840493256,-0.0035557521415965354,0.05989246523842632,0.0
14.9,1.2623207468558555,-5.626525419369076,2.943872400886234,2.9438724008862334,-0.5862503101660316,2.443388240767099,2.387772700692414,-1.432437114005746,-0.19110177107521562,0.020262770152618435,5.043702891941501,0.0,0.0,0.8236897737456219,0.8236897737456219,1.303094156874732,-5.582915624617796,2.9554853418001437,2.443388240767099,2.955485341800143,0.011612940913909853,0.059701634507074115,0.0
14.950000000000001,1.2133751553468537,-5.616274826351697,2.927184609050649,2.9271846090506486,-0.5637048154956446,2.491771130177926,2.499999999999992,-1.4046233851943215,-0.18392033425840051,0.0198680273095541,5.06396566209412,0.0,0.0,0.8239443814824289,0.8239443814824289,1.254100181375188,-5.572945100607244,2.9261728262918423,2.491771130177926,2.9261728262918423,-0.0010117827588063122,0.0594642151053725,0.0
15.0,1.1647367268259663,-5.604714685228543,2.8878976441945805,2.887897644194581,-0.5353270052420257,2.5414411984518113,2.3328575670329963,-1.3605021057659128,-0.17485385925604383,0.0194993668502844,5.083833689403674,0.0,0.0,0.8555643959011711,0.8555643959011711,1.2054129215931548,-5.561570338075513,2.8979875855170603,2.5414411984518113,2.8979875855170603,0.010089941322479312,0.05929576301894934,0.0
15.05,1.1164755046714991,-5.591625340354673,2.8679041799390985,2.8679041799390985,-0.5229962089126653,2.5869304439608496,2.372649288869193,-1.3529548149122825,-0.17090511164616892,0.019159584511901116,5.103333056253958,0.0,0.0,0.8927446140350458,0.8927446140350458,1.1570563723238365,-5.548862274585643,2.871221235254959,2.5869304439608496,2.871221235254959,0.003317055315860351,0.05895325786911963,0.0
15.100000000000001,1.068545617937427,-5.577395211237365,2.8353855407668545,2.835385540766854,-0.5050888385398946,2.632389418528041,0.5074895551414469,-1.3295905139890367,-0.16516098554759265,0.018959500398076437,5.122492640765859,0.0,0.0,0.8914352684619727,0.8914352684619727,1.1090528740607108,-5.534879367634697,2.8450714248093254,2.632389418528041,2.8450714248093254,0.009685884042471393,0.058723374867967186,0.0
15.15,1.0211346643871928,-5.561512396238488,2.8028813355755133,2.8028813355755133,-0.5014166448328105,2.642011166950765,2.4999999999999862,-1.3247483749432707,-0.16398168724344922,0.018758493258206523,5.141452141163936,0.0,0.0,0.8652305139290178,0.8652305139290178,1.0614244899104357,-5.519667393598929,2.8198169828823305,2.642011166950765,2.8198169828823305,0.01693564730681718,0.058088503910826164,0.0
15.200000000000001,0.974121663744059,-5.544488586031305,2.7887467637475134,2.788746763747513,-0.47155524421259665,2.688907400096281,2.4999999999999947,-1.2679683857174602,-0.15437508784602735,0.018436894169341973,5.160210634422143,0.0,0.0,0.8889538204482574,0.8889538204482574,1.0141938980036036,-5.503261899573701,2.79474615064069,2.688907400096281,2.79474615064069,0.005999386893177139,0.05749281376681248,0.0
15.25,0.9272653653582974,-5.52703820367904,2.78119473095574,2.7811947309557397,-0.4382449928283396,2.7349996355196358,2.499999999999994,-1.1985998956538142,-0.14362505688846514,0.01813128959075656,5.178647528591484,0.0,0.0,0.904731213022985,0.904731213022985,0.9673761489601145,-5.4857124678434355,2.7711683884300604,2.7349996355196358,2.771168388430061,-0.0100263425256788,0.057590723241733685,0.0
15.3,0.880636966072238,-5.508989796935457,2.7600805208115293,2.7600805208115293,-0.41048920868263233,2.780327859496527,2.4999999999999996,-1.1412945829230063,-0.134641879863763,0.0178403961114908,5.19677881818224,0.0,0.0,0.8675474970575954,0.8675474970575954,0.9209694906344659,-5.467102738459803,2.7492561387886436,2.780327859496527,2.7492561387886436,-0.010824382022885715,0.05814841532927228,0.0
15.350000000000001,0.8344664646661382,-5.489797619189672,2.7368582107246997,2.7368582107246997,-0.3909293879366353,2.824928849775254,2.500000000000002,-1.1043477062071831,-0.12829808614706972,0.0175630700284424,5.214619214293731,0.0,0.0,0.8787156563079918,0.8787156563079918,0.8749680038126523,-5.4475125509919495,2.728731678354512,2.824928849775254,2.728731678354512,-0.008126532370187789,0.05855255473267307,0.0
15.4,0.7886959328703755,-5.469671015374091,2.7175308200773065,2.7175308200773065,-0.3544060981654878,2.86883652484636,2.5000000000000147,-1.016733159045436,-0.1164251046496031,0.017298288380698322,5.232182284322174,0.0,0.0,0.8594566060477649,0.8594566060477649,0.8293681474270987,-5.42700466232961,2.7091852089576802,2.86883652484636,2.7091852089576802,-0.008345611119626284,0.058946134046809595,0.0
15.450000000000001,0.7432976685384797,-5.448720354301414,2.703012782958741,2.7030127829587407,-0.3404816215973262,2.912082245798106,2.50000000000001,-0.9915104852741227,-0.11188965840974693,0.01704513303881889,5.249480572702872,0.0,0.0,0.8696885709411311,0.8696885709411311,0.7841581881291456,-5.405650642593555,2.691464904049406,2.912082245798106,2.691464904049406,-0.011547878909334841,0.05936819121227522,0.0
15.5,0.6981664432794042,-5.427192469114068,2.685001853612123,2.685001853612123,-0.31332501530473544,2.9546950783951536,2.4999999999999987,-0.925779880658988,-0.10303112766797638,0.01680277728400857,5.2665257057416905,0.0,0.0,0.8430526345864685,0.8430526345864685,0.7393259529891697,-5.383514466074807,2.6744408229695393,2.9546950783951536,2.6744408229695393,-0.010561030642583624,0.06001560787866757,0.0
15.55,0.6536640537540549,-5.404407248410266,2.6588323947845116,2.658832394784511,-0.2869990898552129,2.996702021605175,2.4999999999999933,-0.8600507527679617,-0.09442803431192114,0.016570474429380554,5.2833284830256995,0.0,0.0,0.8547433156396423,0.8547433156396423,0.6948614276317687,-5.360648446500509,2.6587745722043024,2.996702021605175,2.658774572204303,-5.78225802083665e-05,0.060100385680937785,0.0
15.600000000000001,0.6092469205922079,-5.381441387584853,2.6671194506867497,2.6671194506867497,-0.2805387994790229,3.0381282076786262,2.5000000000000124,-0.8523128400455173,-0.0923146716592182,0.016347548125951503,5.29989895745508,0.0,0.0,0.8377408540299893,0.8377408540299893,0.6507449999002393,-5.337117660234288,2.644424617711542,3.0381282076786262,2.6444246177115414,-0.022694832975208357,0.06071806479543702,0.0
15.65,0.5650898602490398,-5.357997177518228,2.637893290736326,2.6378932907363257,-0.2544087294384799,3.078997077993505,2.5000000000000195,-0.7833237345571199,-0.08375846090847971,0.016133384066276565,5.316246505581032,0.0,0.0,0.8232022150724043,0.8232022150724043,0.6069668500744501,-5.3129633106114404,2.630397677737591,3.078997077993505,2.630397677737591,-0.007495612998734913,0.061495783964559285,0.0
15.700000000000001,0.5214106492675896,-5.333655226879575,2.632199595125954,2.632199595125954,-0.2198849838822497,3.119330538159197,2.5000000000000173,-0.6858939451065443,-0.07243509305651173,0.015927422853645613,5.332379889647308,0.0,0.0,0.837686627778759,0.837686627778759,0.5635155750139254,-5.2882256271285195,2.617677241265667,3.119330538159197,2.6176772412656675,-0.01452235386028633,0.061940885573630124,0.0
15.75,0.4779454955170781,-5.308945777426492,2.6129304996547558,2.6129304996547553,-0.196493971254238,3.1591490952933112,2.5000000000000044,-0.6207537515184159,-0.06475235911007882,0.01572915384812316,5.348307312500954,0.0,0.0,0.8156227646122352,0.8156227646122352,0.520360597177923,-5.262974434976351,2.6066829920715544,3.1591490952933112,2.606682992071555,-0.006247507583200473,0.06254922202208384,0.0
15.8,0.43497051448525503,-5.283386984121383,2.6016738921218447,2.6016738921218447,-0.1879692513372695,3.198471979913619,2.500000000000008,-0.601214383487597,-0.06195047862949126,0.015538109835116337,5.364036466349077,0.0,0.0,0.8097446793619489,0.8097446793619489,0.4774707607592892,-5.237275372308979,2.5968582935088427,3.198471979913619,2.596858293508843,-0.004815598613001626,0.06271006041530655,0.0
15.850000000000001,0.3920950875488757,-5.257663330146994,2.599525344878413,2.599525344878413,-0.16975632909955543,3.23731725450141,2.4999999999999916,-0.5495550932548107,-0.05596109857724123,0.015353862389618073,5.3795745761841935,0.0,0.0,0.8090831185890751,0.8090831185890751,0.43482989570994174,-5.211165255018387,2.587459830941979,3.23731725450141,2.587459830941979,-0.012065513936433625,0.06315326451759008,0.0
15.9,0.34933121220362856,-5.231755387415222,2.5952232232336057,2.5952232232336057,-0.16191366195700643,3.2757019104754552,2.499999999999996,-0.530380891804643,-0.053380747699142764,0.015176017831324475,5.394928438573811,0.0,0.0,0.8139760853687449,0.8139760853687449,0.39242421038048364,-5.184674825759908,2.578972014487001,3.2757019104754552,2.578972014487001,-0.016251208746604462,0.06382464866844395,0.0
15.950000000000001,0.30662630369726956,-5.205749000091772,2.5923915971466807,2.5923915971466807,-0.1568111634271099,3.3136419550537664,2.4999999999999942,-0.5196160501528642,-0.05170156762725009,0.015004213683630531,5.4101044564051355,0.0,0.0,0.7850244492181716,0.7850244492181716,0.3502396208674277,-5.15783368656994,2.570876331389151,3.3136419550537664,2.570876331389151,-0.02151526575752971,0.06479196481416725,0.0
16.0,0.26415031419271,-5.179371589117906,2.57832867816352,2.57832867816352,-0.12607018177902135,3.3511524892628426,2.500000000000006,-0.42248040349058646,-0.041579182315188985,0.01483811556396116,5.425108670088766,0.0,0.0,0.7683787733878586,0.7683787733878586,0.3082702345787404,-5.130657266514654,2.5630357732177953,3.3511524892628426,2.563035773217795,-0.015292904945725105,0.06572406409804078,0.0
16.05,0.22207235130879482,-5.152363157251894,2.5643877257641083,2.5643877257641083,-0.12296606207315153,3.3882477781727456,2.5000000000000067,-0.4166394866100076,-0.04055654958438408,0.014677414444684761,5.439946785652727,0.0,0.0,0.7638473208470089,0.7638473208470089,0.2664940509180192,-5.103184694728513,2.5567322641288444,3.3882477781727456,2.5567322641288444,-0.007655461635263983,0.06627072183352034,0.0
16.1,0.1802313035947518,-5.12498911182026,2.562540875718039,2.562540875718039,-0.10812474613274933,3.4249413142844576,2.4999999999999867,-0.3703209101265718,-0.03566603534021601,0.01452182423352103,5.4546242000974114,0.0,0.0,0.7376440424713617,0.7376440424713617,0.2248897141137895,-5.075452560235755,2.5505839610251866,3.4249413142844576,2.550583961025186,-0.01195691469285265,0.06669515404413741,0.0
16.150000000000002,0.13832532106447595,-5.097714787269687,2.5668069946364382,2.5668069946364387,-0.10771507504632523,3.46124587486826,2.499999999999986,-0.3728283591652182,-0.03553101513159623,0.01437107963031296,5.469146024330932,0.0,0.0,0.7392928536394101,0.7392928536394101,0.18344627195511273,-5.047480520395291,2.5451777237185493,3.46124587486826,2.545177723718549,-0.021629270917889798,0.06752319436818209,0.0
16.2,0.09634858987400967,-5.070549382162115,2.5654160670166686,2.5654160670166686,-0.09430317913012173,3.497173573944042,2.500000000000005,-0.32979458599277306,-0.03111000879859209,0.014224934223614632,5.483517103961245,0.0,0.0,0.7429359674169729,0.7429359674169729,0.14215436903358436,-5.019285259978386,2.5397919699662332,3.497173573944042,2.539791969966233,-0.02562409705043578,0.06874721541767338,0.0
16.25,0.0545671736935631,-5.04308456665911,2.5543480319266916,2.5543480319266916,-0.06688053462894697,3.532735909503079,2.499999999999989,-0.23627126633044512,-0.022066993872529837,0.014083158796012603,5.497742038184859,0.0,0.0,0.7195396806217959,0.7195396806217959,0.10100537944230824,-4.990881809066828,2.535076811009727,3.532735909503079,2.535076811009727,-0.019271220916964538,0.06986869723561044,0.0
16.3,0.013090425421247474,-5.015161656331261,2.545666071242222,2.5456660712422217,-0.05246411418209134,3.56794380649311,2.499999999999994,-0.18718901125914014,-0.017311428144507167,0.013945539811656218,5.511825196980872,0.0,0.0,0.7093084955689424,0.7093084955689424,0.059971159070543956,-4.96231276237754,2.5317327842782795,3.56794380649311,2.5317327842782795,-0.013933286963942138,0.07064565648097555,0.0
16.35,-0.02836331019173131,-4.987205222980827,2.5523893690280564,2.552389369028056,-0.047705331495698784,3.6028076560222506,2.500000000000017,-0.17187313354578299,-0.015741459054108835,0.013811878063286983,5.525770736792528,0.0,0.0,0.7254448493327725,0.7254448493327725,0.019022352946828656,-4.933621407522394,2.529109578569175,3.6028076560222506,2.529109578569175,-0.023279790458881067,0.07153059730048728,0.0
16.400000000000002,-0.06993074518921592,-4.959417559774071,2.5495091504228227,2.549509150422823,-0.023121420638426468,3.6373373511804683,2.4999999999999956,-0.08410040690050354,-0.007629920746864369,0.013681987459261816,5.5395826148558145,0.0,0.0,0.7268643806395106,0.7268643806395106,-0.02185447695498928,-4.904827595828918,2.52672431199439,3.6373373511804683,2.52672431199439,-0.02278483842843304,0.07274195303167504,0.0
16.45,-0.11133344973488804,-4.93138506091813,2.5445085435590076,2.544508543559008,-0.01819817265369767,3.671542319828623,2.50000000000001,-0.06681536104159895,-0.006005324782816456,0.013555693933766422,5.5532646023150765,0.0,0.0,0.7011943058300054,0.7011943058300054,-0.06268026590439119,-4.875961444748192,2.525568240962469,3.671542319828623,2.5255682409624693,-0.018940302596538672,0.07374896288217672,0.0
16.5,-0.15264643214253107,-4.903220544870847,2.5410629436284187,2.5410629436284182,-0.008641707429571049,3.705431554663039,2.4999999999999942,-0.032021255395698583,-0.0028517557210886667,0.013432834465700368,5.566820296248843,0.0,0.0,0.6977310887853341,0.6977310887853341,-0.10347621550108413,-4.847053135838568,2.524658332329784,3.705431554663039,2.5246583323297838,-0.016404611298634464,0.07464909940492392,0.0
16.55,-0.19383019992640368,-4.874866899055521,2.5387062883564404,2.5387062883564404,0.009126758309868503,3.73901364082729,2.4999999999999982,0.03412507381713215,0.0030118211354135753,0.01331325619365452,5.580253130714543,0.0,0.0,0.704121849608728,0.704121849608728,-0.1442527596161939,-4.81811745870579,2.5242262469583054,3.73901364082729,2.524226246958305,-0.014480041398135413,0.07535530218717242,0.0
16.6,-0.23517665197667167,-4.846753053933916,2.5506492487297368,2.550649248729737,0.04018681419710687,3.772296781311426,2.5000000000000164,0.15159658984690655,0.01326087131916106,0.013196815616052416,5.593566386908198,0.0,0.0,0.6869399237657381,0.6869399237657381,-0.18502965457358828,-4.7891822760685825,2.524682584873799,3.772296781311426,2.5246825848737995,-0.02596666385593771,0.07634864643570564,0.0
16.650000000000002,-0.27676948580125266,-4.819002069302949,2.5536571492718565,2.5536571492718565,0.05590043582615444,3.8052888203515574,2.5000000000000133,0.21271730350204518,0.018445051746495255,0.01308337786693656,5.606763202524251,0.0,0.0,0.6679900486511259,0.6679900486511259,-0.2258421844525911,-4.760297391375645,2.526691925583654,3.8052888203515574,2.5266919255836537,-0.026965223688202755,0.07771633826426652,0.0
16.7,-0.3182684672341318,-4.791113092223991,2.5441487249167736,2.5441487249167736,0.07633847091568652,3.837997265018899,2.5000000000000013,0.29298684259012964,0.02518636836643443,0.012972816059087572,5.6198465803911875,0.0,0.0,0.6815111575483073,0.6815111575483073,-0.26672397680954185,-4.73151063354981,2.529486947374962,3.837997265018899,2.529486947374962,-0.014661777541811638,0.07879903281854499,0.0
16.75,-0.3595151889616324,-4.762851561736274,2.5407272177249123,2.5407272177249123,0.09916081342521967,3.870429305166618,2.500000000000022,0.38379491820512956,0.03271139598346602,0.012865010687200558,5.632819396450275,0.0,0.0,0.6906327462110603,0.6906327462110603,-0.3077007022835986,-4.702859194943986,2.5333038709207463,3.870429305166618,2.5333038709207463,-0.007423346804166009,0.07927058157380015,0.0
16.8,-0.4008592117313527,-4.734732291038885,2.547662386221599,2.5476623862215995,0.08570275060138076,3.9025918318846196,0.36929590711820076,0.3344628544669932,0.028274370733612202,0.012804241227452854,5.645684407137475,0.0,0.0,0.6640061996590568,0.6640061996590568,-0.3488027234793849,-4.6743878280598015,2.538261911592007,3.9025918318846196,2.5382619115920075,-0.009400474629591926,0.07969524566347236,0.0
16.85,-0.442364308752997,-4.706852798000577,2.551843829325954,2.5518438293259535,0.10774558520958144,3.907320385763672,-4.0000000000000036,0.4209965215654343,0.0355410707764003,0.012881427002148994,5.658488648364928,0.0,0.0,0.6707020605478198,0.6707020605478198,-0.3900358989022701,-4.646106713883618,2.542547049122076,3.907320385763672,2.542547049122076,-0.009296780203877475,0.08017698680450883,0.0
16.900000000000002,-0.4839399862300581,-4.679074289484699,2.554961495676022,2.5549614956760216,0.14041355631066083,3.855794677755076,-4.000000000000003,0.5414058431073087,0.04630335370645378,0.013055911388328725,5.6713700753670775,0.0,0.0,0.7035700437015231,0.7035700437015231,-0.43140534657763124,-4.61802535436588,2.547934328382555,3.855794677755076,2.5479343283825546,-0.007027167293466974,0.08054105066704892,0.0
16.95,-0.5258624744199834,-4.651829652529458,2.577999410761952,2.5779994107619526,0.15767215176547392,3.803571032201761,-4.000000000000002,0.5997172290400764,0.05198493080866782,0.013237684309156056,5.684425986755406,0.0,0.0,0.7038418586538033,0.7038418586538033,-0.47294817806522343,-4.590201212280193,2.554955006198088,3.803571032201761,2.554955006198088,-0.023044404563864695,0.08122799644381622,0.0
17.0,-0.5682324859924257,-4.625279801677687,2.579504228942354,2.579504228942354,0.1760394077470833,3.750620294965137,-3.9999999999999893,0.6602569754098535,0.05802778586298776,0.01342726777958673,5.6976636710645625,0.0,0.0,0.6781659752719349,0.6781659752719349,-0.5146971812136308,-4.5626874377784885,2.5628386137863615,3.750620294965137,2.5628386137863615,-0.01666561515599252,0.08236402659078854,0.0
17.05,-0.6105110452637218,-4.598586682698365,2.5820531327803016,2.5820531327803016,0.18456456170192842,3.69691122384679,-4.000000000000009,0.6823187996802226,0.060831160313904335,0.01362523770660348,5.7110909388441495,0.0,0.0,0.687225965881761,0.687225965881761,-0.5566742436101393,-4.535522937208564,2.5716405841737155,3.69691122384679,2.571640584173716,-0.010412548606585581,0.08291825617733094,0.0
17.1,-0.6531071377807416,-4.572403998129976,2.5976950969961914,2.5976950969961914,0.18113288017534573,3.642410273020376,-3.9999999999999933,0.6597602635324481,0.05970281375417036,0.013832231260848227,5.724716176550753,0.0,0.0,0.708833848568733,0.708833848568733,-0.5988944740680487,-4.508737971323601,2.580868812258812,3.642410273020376,2.580868812258812,-0.01682628473737946,0.08362042738551165,0.0
17.150000000000002,-0.6960438075626131,-4.546780564855131,2.610470548768204,2.6104705487682036,0.21007508399201041,3.587081347976983,-3.9999999999999925,0.7535564154624387,0.0692140403035281,0.014048955519449317,5.738548407811601,0.0,0.0,0.6940062016881171,0.6940062016881171,-0.6413578220445686,-4.482340111758875,2.5899254562675793,3.587081347976983,2.5899254562675793,-0.020545092500624307,0.08451703382946262,0.0
17.2,-0.7393782087681158,-4.52184039798693,2.6265822167087456,2.626582216708746,0.2354443836914971,3.530885525899186,-3.999999999999997,0.8313271665305615,0.07754086491445551,0.014276197647530863,5.75259736333105,0.0,0.0,0.6997617398178732,0.6997617398178732,-0.6840772609983664,-4.456358838715235,2.60042921046718,3.530885525899186,2.60042921046718,-0.026153006241566246,0.08570898102815733,0.0
17.25,-0.7829192679196554,-4.497258433542557,2.628152835539352,2.6281528355393515,0.25376554054432005,3.4737807353090626,-3.9999999999999973,0.8815258460281499,0.08354769042004684,0.014514836953017817,5.766873560978581,0.0,0.0,0.7026568447904057,0.7026568447904057,-0.7270833726587199,-4.430855005940533,2.612201429651755,3.4737807353090626,2.612201429651755,-0.015951405887596692,0.08675864450812626,0.0
17.3,-0.8266442105255317,-4.473007876024884,2.645513993212296,2.6455139932122957,0.26603201556241723,3.4157213874969914,-3.9999999999999876,0.908691245315481,0.08756606306528883,0.014765859236232238,5.781388397931599,0.0,0.0,0.692137912924843,0.692137912924843,-0.7703981379372131,-4.405879066185757,2.624889706678971,3.4157213874969914,2.624889706678971,-0.02062428653332482,0.08757795265949098,0.0
17.35,-0.8709023357234592,-4.449743408041687,2.6697494736774057,2.669749473677406,0.28377985348306994,3.3566579505520626,-4.000000000000015,0.9525519014004462,0.0933750261601804,0.015030373969146025,5.7961542571678315,0.0,0.0,0.7087703602087897,0.7087703602087897,-0.8140337687105217,-4.38146810832809,2.6381913074570917,3.3566579505520626,2.6381913074570917,-0.031558166220314376,0.08885691005817416,0.0
17.400000000000002,-0.915605797894599,-4.427346250359378,2.681051612385837,2.6810516123858363,0.3096802739043564,3.2965364546754783,-4.000000000000024,1.020872312219598,0.10184093984784842,0.015309634988375363,5.811184631136977,0.0,0.0,0.6996863259362645,0.6996863259362645,-0.8580007580379261,-4.357659246465774,2.652380300131245,3.2965364546754783,2.652380300131245,-0.028671312254591186,0.09041360035169493,0.0
17.45,-0.960514397802522,-4.405363909978038,2.695843574397611,2.6958435743976104,0.3049891651556581,3.2352979147219765,-4.000000000000009,0.9867308100408971,0.10030863570208333,0.015605065584235434,5.826494266125352,0.0,0.0,0.7285279468030909,0.7285279468030909,-0.902316064740941,-4.334505334506137,2.667864313826463,3.2352979147219765,2.6678643138264633,-0.02797926057114708,0.09169505814957471,0.0
17.5,-1.005960186297584,-4.384512488507472,2.728497893491718,2.728497893491718,0.3309748198530782,3.1728776523850346,-4.000000000000002,1.0501426094139945,0.10879045737549202,0.015918289134139944,5.842099331709588,0.0,0.0,0.7105313353404661,0.7105313353404661,-0.9469819387777964,-4.312035104304425,2.683113772084246,3.1728776523850346,2.683113772084246,-0.045384121407471945,0.09344198682295521,0.0
17.55,-1.0520421714678843,-4.3651127593976105,2.75048147664226,2.7504814766422605,0.3262182763039407,3.109204495848475,-3.999999999999988,1.0142793313121523,0.10723904072262323,0.016251166789284337,5.858017620843728,0.0,0.0,0.726552579639303,0.726552579639303,-0.9919993314556358,-4.290277868796674,2.6996625130769,3.109204495848475,2.6996625130769,-0.05081896356536042,0.09594479395981083,0.0
17.6,-1.0982061574431463,-4.345904734025869,2.7473643189131374,2.747364318913137,0.35672600885261213,3.0441998286913377,-4.000000000000018,1.0859452550388664,0.11718027797249368,0.016605844218226456,5.874268787633012,0.0,0.0,0.7122917872831726,0.7122917872831726,-1.0373681146021008,-4.269263157663592,2.715973426892097,3.0441998286913377,2.7159734268920968,-0.03139089202104017,0.09785294417657393,0.0
17.650000000000002,-1.1445459296892082,-4.327127189630157,2.7672551038937514,2.767255103893751,0.38053157883812117,2.9777764518184315,-4.0000000000000036,1.1331379746374461,0.12492152274958178,0.016984810097896194,5.890874631851238,0.0,0.0,0.7327167292732781,0.7327167292732781,-1.0830889654723963,-4.249026124514559,2.733809727334728,2.9777764518184315,2.7338097273347284,-0.03344537655902258,0.09938176302993074,0.0
17.7,-1.1912565583055952,-4.309291895962531,2.7828888012103823,2.7828888012103823,0.4133621025370773,2.9098372114268467,0.9746823518120605,1.2028164277560272,0.1355727340279949,0.0171339243278007,5.907859441949134,0.0,0.0,0.7501753296965176,0.7501753296965176,-1.1291749427316502,-4.229635217566775,2.752836306276634,2.9098372114268467,2.7528363062766346,-0.03005249493374773,0.10099165017621958,0.0
17.75,-1.2380232718531379,-4.291602152641464,2.778919737389022,2.778919737389022,0.40865790425270326,2.9265373450864374,-3.1796687866057307,1.1959526181602937,0.1340483912853622,0.01724662425452587,5.924993366276935,0.0,0.0,0.7290672830087215,0.7290672830087215,-1.1756365498902168,-4.211162803885025,2.773504411403488,2.9265373450864374,2.773504411403488,-0.005415325985533848,0.10179681677556936,0.0
17.8,-1.2850163745676901,-4.274525850193488,2.8125080792315775,2.812508079231577,0.4244145588895407,2.871698792270004,1.322518651479111,1.2187907761849006,0.13915165351662703,0.017342044610939432,5.94223999053146,0.0,0.0,0.7413157491076957,0.7413157491076957,-1.2224679559217837,-4.193649025794485,2.7939373066161233,2.871698792270004,2.7939373066161233,-0.018570772615453812,0.10224170088555176,0.0
17.85,-1.332666522078095,-4.259382441298581,2.852510649663372,2.8525106496633725,0.41771563921867133,2.8946339697227543,-3.574276729876717,1.2091338789668205,0.1369828843831235,0.017461589873613615,5.959582035142399,0.0,0.0,0.7606085831838636,0.7606085831838636,-1.269653870931302,-4.177114346829626,2.8151580345606004,2.8946339697227543,2.8151580345606,-0.037352615102772546,0.10362737848706002,0.0
17.900000000000002,-1.380636697406949,-4.245275225399616,2.8538264218601594,2.853826421860159,0.4281586544021076,2.8322214153708463,-3.999999999999997,1.2126401101740143,0.14036322862486794,0.017879735535800148,5.977043625016013,0.0,0.0,0.7412138906128738,0.7412138906128738,-1.3171774399449523,-4.161576666798392,2.836043816521534,2.8322214153708463,2.836043816521534,-0.01778260533862497,0.10503583231236148,0.0
17.95,-1.4286770607540356,-4.2314184332939755,2.8725521052964376,2.872552105296437,0.45922850306688356,2.7607024732276457,1.4976265756376144,1.267793264193375,0.150401003410632,0.018023223627901343,5.994923360551813,0.0,0.0,0.7499445482396287,0.7499445482396287,-1.3650188878817657,-4.147047373407441,2.8574517492416396,2.7607024732276457,2.8574517492416396,-0.015100356054797537,0.10569218854680337,0.0
18.0,-1.477025620658786,-4.218673285709407,2.8936223579000937,2.893622357900094,0.45037852881057544,2.7876945319114506,0.7617883491467644,1.2555177620555649,0.14754485019454072,0.01789222710552511,6.012946584179715,0.0,0.0,0.7817953383380398,0.7817953383380398,-1.4131707265655227,-4.13358295391683,2.8804131743949837,2.7876945319114506,2.8804131743949837,-0.013209183505110467,0.10638520604027986,0.0
18.05,-1.5255913509015997,-4.206776067847098,2.909225079898627,2.9092250798986274,0.4460064787384063,2.8013246220607275,-3.301954290924607,1.2494089304885019,0.14613295964023837,0.018040510789997303,6.03083881128524,0.0,0.0,0.7661145739199683,0.7661145739199683,-1.4616163132760147,-4.121216892150039,2.9029321008355127,2.8013246220607275,2.9029321008355122,-0.006292979063115212,0.10683247626613974,0.0
18.1,-1.5744396873616264,-4.1961217998924045,2.949574445915115,2.9495744459151148,0.4655973937529314,2.7417556800472243,-2.523627897116481,1.2765542989372838,0.15245491015268978,0.018392169873029687,6.048879322075237,0.0,0.0,0.7583059076627089,0.7583059076627089,-1.5103268514211843,-4.109939487364514,2.925232424772433,2.7417556800472243,2.9252324247724335,-0.024342021142681247,0.10741436926678417,0.0
18.150000000000002,-1.6236742639530561,-4.187391371740538,2.977121180621929,2.9771211806219284,0.4817710618227513,2.6953406870671412,2.4999999999999916,1.2985371447824008,0.15766490513926326,0.01839362768266059,6.067271491948267,0.0,0.0,0.7472287172500277,0.7472287172500277,-1.5592816401297358,-4.099775051812714,2.9485122944600795,2.6953406870671412,2.9485122944600795,-0.02860888616184898,0.10873375520300198,0.0
18.2,-1.6730774757787132,-4.179696204107881,2.998304978883696,2.998304978883696,0.45313985927915346,2.7413247562737926,1.3320615803740146,1.242203514296366,0.14843627722214678,0.018159238862171294,6.085665119630927,0.0,0.0,0.7575541568253641,0.7575541568253641,-1.6084633347025954,-4.090772828417797,2.972600847551217,2.7413247562737926,2.9726008475512167,-0.025704131332479285,0.10991976151322494,0.0
18.25,-1.7226407347013393,-4.17309912967599,3.0195636466806004,3.0195636466806004,0.45763193964758736,2.7655139806909257,2.4999999999999973,1.2655875271061088,0.14988592568321593,0.01793444009660556,6.103824358493099,0.0,0.0,0.8038940824525975,0.8038940824525975,-1.6578421217573132,-4.082922449857812,2.995257840515175,2.7655139806909257,2.9952578405151744,-0.02430580616542599,0.11104365728171862,0.0
18.3,-1.77232857519779,-4.167519856740634,3.040251289191487,3.0402512891914864,0.420543067125467,2.8103500809324395,0.5616306967035304,1.1818732427316325,0.1378984209508547,0.01775986117180272,6.121758798589704,0.0,0.0,0.798984907133282,0.798984907133282,-1.7073868203505618,-4.076198332066417,3.0181394374975543,2.8103500809324395,3.0181394374975543,-0.02211185169393204,0.11205825445482016,0.0
18.35,-1.8221268800321981,-4.163040336506052,3.064018109590228,3.0640181095902275,0.44001741403996486,2.820324564135717,2.500000000000018,1.2409919214643892,0.1441979257062302,0.017591302513807833,6.1395186597615075,0.0,0.0,0.8002666842425709,0.8002666842425709,-1.7570673598553765,-4.070563451129525,3.0391665908538275,2.820324564135717,3.039166590853828,-0.02485151873639957,0.1130695162038894,0.0
18.400000000000002,-1.8720117733447705,-4.159625877340829,3.080768323151063,3.080768323151063,0.3983092608783246,2.864302820420237,2.4999999999999942,1.140878339333285,0.13069283208155275,0.01732526107472982,6.157109962275316,0.0,0.0,0.7999298416360094,0.7999298416360094,-1.8068575349832212,-4.065998627428433,3.0611674615558258,2.864302820420237,3.0611674615558258,-0.01960086159523744,0.11406636972671533,0.0
18.45,-1.9219590649639149,-4.157400328575693,3.1195609707587524,3.1195609707587524,0.40180055352182376,2.9076159731070614,2.4999999999999996,1.1682817074233136,0.1318252223519798,0.017070936928930185,6.174435223350045,0.0,0.0,0.8000169229377542,0.8000169229377542,-1.8567326204765737,-4.062478227821032,3.081082924599742,2.9076159731070614,3.081082924599742,-0.038478046159010404,0.11517245448516852,0.0
18.5,-1.9719609819672954,-4.1570288465451375,3.1411983105388783,3.1411983105388783,0.3921570019176309,2.950293315429387,2.1511928234272792,1.1569781813564157,0.12869654644846193,0.016844030409751524,6.191506160278975,0.0,0.0,0.8000020243364294,0.8000020243364294,-1.90666812697964,-4.059956105306002,3.1011729522758333,2.950293315429387,3.1011729522758333,-0.040025358263044986,0.1169883498649297,0.0
18.55,-2.0219530079082237,-4.1577018333219335,3.1763993094428806,-3.106785997736706,0.39240527927482033,2.986528072764435,1.9534514695536687,1.171929382455219,0.12877712759570903,0.01665117163795258,6.208350190688727,0.0,0.0,0.7999749888873017,0.7999749888873017,-1.9566438950429526,-4.058425580126166,3.1207808023717147,2.986528072764435,3.1207808023717147,-0.055618507071166334,0.11883204396053616,0.0
18.6,-2.071892207708354,-4.160219546659726,3.2004998961192452,-3.082685411060341,0.3839952922918473,3.019055328470384,2.499999999999984,1.1593030333012442,0.1260466439655699,0.016449440137983478,6.2250013623266796,0.0,0.0,0.8000973320923521,0.8000973320923521,-2.006640067170026,-4.057875514070223,3.1404010663354556,3.019055328470384,3.140401066335455,-0.06009882978379011,0.1213760390337195,0.0
18.650000000000002,-2.121777096320486,-4.163588579912551,3.2201798929177596,-3.063005414261827,0.36439926654500115,3.0601789288153425,2.4999999999999822,1.1151269571567781,0.11967710273070646,0.016231299638187417,6.241450802464663,0.0,0.0,0.7996407062315314,0.7996407062315314,-2.0566375317116714,-4.058295917394837,3.159600830950048,3.0601789288153425,-3.1235844762295386,-0.06057906196771157,0.12381319662093837,0.0
18.7,-2.17161202721738,-4.167655899207297,3.2193892208371864,-3.0637960863424,0.3539221498384097,3.1007571779108107,2.499999999999982,1.0974266465330744,0.11626755377904884,0.01602161407763199,6.257682102102851,0.0,0.0,0.801310138752376,0.801310138752376,-2.1066184566059993,-4.059651640397178,3.1778207942772982,3.1007571779108107,-3.1053645129022875,-0.04156842655988768,0.12605191050491762,0.0
18.75,-2.221452870687405,-4.171633123504654,3.2295790076280637,-3.0536062995515225,0.3270595804262356,3.1408112131048904,2.500000000000004,1.0272323975561015,0.10751348238029995,0.01581985099448919,6.273703716180482,0.0,0.0,0.7950873791988832,0.7950873791988832,-2.1565670168639692,-4.061904657546383,3.195516901769219,3.1408112131048904,-3.0876684054103674,-0.03406210585884484,0.12747748925968005,0.0
18.8,-2.2712267225514826,-4.17639467975767,3.24102547377358,-3.0421598334060063,0.30320965738749656,3.1803608405911135,2.5000000000000124,0.964316120844242,0.09972725307627807,0.01562552372241629,6.289523567174972,0.0,0.0,0.7578618987997344,0.7578618987997344,-2.2064700792350505,-4.0650076644661155,3.211869880790531,3.1803608405911135,-3.071315426389056,-0.029155592983049594,0.1288428889352167,0.0
18.85,-2.32092410567305,-4.181874305946777,3.267605581892607,-3.0155797252869796,0.30715772540811537,3.2194246498971544,2.4999999999999893,0.9888711525852281,0.10101703358329335,0.015438186447569247,6.305149090897388,0.0,0.0,0.7719450665727329,0.7719450665727329,-2.2563181337384144,-4.0688965688774745,3.227030363659906,3.2194246498971544,-3.0561549435196804,-0.04057521823270083,0.13014569022030406,0.0
18.900000000000002,-2.3704367636712615,-4.188846239194034,3.2905865827571006,-2.9925987244224856,0.28239842099652346,3.2580201160160773,2.5000000000000027,0.9200597363378504,0.09292309751305906,0.015257429902473502,6.320587277344957,0.0,0.0,0.7805272065685309,0.7805272065685309,-2.306101033272902,-4.073545630525207,3.2423882499303116,3.2580201160160773,-3.040797057249275,-0.048198332826789425,0.1320352853039381,0.0
18.95,-2.4199030002968587,-4.196129702153865,3.2791233584701565,-3.0040619487094293,0.2589632941582724,3.296163690772261,2.500000000000015,0.8535854074472738,0.08525075949484294,0.015082877601993781,6.335844707247431,0.0,0.0,0.7906826454629753,0.7906826454629753,-2.3558100816000795,-4.078927914192554,3.256508170980138,3.296163690772261,-3.0266771361994484,-0.022615187490019117,0.1335820396924678,0.0
19.0,-2.469408978966014,-4.203134155432134,3.2968391097711502,-2.9863461974084355,0.2552248301049446,3.333870884777246,2.5000000000000075,0.8508866301590939,0.08402588317057884,0.014914182542549658,6.350927584849424,0.0,0.0,0.8000302366351522,0.8000302366351522,-2.4054418011448764,-4.0849824567865305,3.2694563356880515,3.333870884777246,-3.0137289714915347,-0.027382774083099193,0.13435633119150955,0.0
19.05,-2.5186949168905626,-4.211561174668279,3.317975212146938,-2.9652100950326483,0.23463092024136462,3.37115634113362,2.4999999999999942,0.7909775145976929,0.07727402725410716,0.01475102429866929,6.3658417673919745,0.0,0.0,0.8107423415621348,0.8107423415621348,-2.4549916028077097,-4.091674483939841,3.2822175771932987,3.37115634113362,-3.0009677299862876,-0.03575763495363926,0.13576056437329131,0.0
19.1,-2.5679287488923426,-4.220278611274884,3.313429990189309,-2.969755316990277,0.21324177313326695,3.408033901880293,2.4999999999999956,0.7267351921352401,0.07025397416159451,0.01459310646156207,6.380592791690644,0.0,0.0,0.8174591611997332,0.8174591611997332,-2.504455789751601,-4.09897280816884,3.293949123205367,3.408033901880293,-2.989236183974219,-0.019480866983942136,0.13690841613752025,0.0
19.150000000000002,-2.6172604387787275,-4.228427252105714,3.29491104664864,-2.9882742605309467,0.2078143316990954,3.4445166680341983,2.500000000000006,0.7158199293939218,0.0684715222670654,0.014440154373091792,6.395185898152206,0.0,0.0,0.7885781645677913,0.7885781645677913,-2.553835209077417,-4.106824512641423,3.30461121186203,3.4445166680341983,-2.9785740953175566,0.009700165213390122,0.13714950239750856,0.0
19.200000000000003,-2.666660587197139,-4.236144665794998,3.3098599714761168,-2.9733253357034695,0.19725170227050087,3.480617053966928,2.5000000000000098,0.6865576388467123,0.0650013593525625,0.014291913115713529,6.409626052525297,0.0,0.0,0.8001022635277641,0.8001022635277641,-2.6031292557401438,-4.115195562156251,3.3150019284469847,3.480617053966928,-2.9681833787326015,0.005141956970867945,0.13661960235528045,0.0
19.25,-2.7158523143519844,-4.245102606767151,3.323731752467112,-2.959453554712474,0.1885147086577077,3.516346836756212,2.499999999999983,0.6628830994705494,0.062129787613590434,0.014148145724890345,6.423917965641011,0.0,0.0,0.8092665527552434,0.8092665527552434,-2.6523360275800347,-4.124065361474465,3.32486451356051,3.516346836756212,-2.9583207936190767,0.0011327610933973276,0.13669064866821865,0.0
19.3,-2.7649959388243124,-4.254314839724843,3.339063407942084,-2.9441218992375022,0.17658804606395279,3.5517172010684375,2.500000000000005,0.6271908007084067,0.05820822566004644,0.014008631595460636,6.4380661113659015,0.0,0.0,0.8193718874626696,0.8193718874626696,-2.701454987886435,-4.133409302225286,3.3342902489933954,3.5517172010684375,-2.9488950581861904,-0.004773158948688128,0.13658550964193317,0.0
19.35,-2.813927089900945,-4.264598728160988,3.3480851990770293,-2.9351001081025565,0.1536320004005701,3.586738780057089,2.5000000000000115,0.551037853694471,0.050655189419217525,0.013873165057566552,6.452074742961362,0.0,0.0,0.8389121816127858,0.8389121816127858,-2.7504866380574495,-4.143201188654734,3.3431196512965933,3.586738780057089,-2.940065655882993,-0.004965547780436452,0.13697464556727035,0.0
19.400000000000002,-2.862836339069034,-4.274987494247086,3.3676253727720717,-2.915559934407515,0.152765016910677,3.6214216927010057,2.4999999999999853,0.5532265461261617,0.0503698142482855,0.013741554101225874,6.465947908018929,0.0,0.0,0.8095648646982077,0.8095648646982077,-2.7994358200451925,-4.153397525710551,3.350801251316622,3.6214216927010057,-2.932384055862965,-0.01682412145544987,0.1371267525365061,0.0
19.450000000000003,-2.911349210642878,-4.287088470258375,3.390291937915529,-2.8928933692640566,0.12328757265998097,3.65577557795407,2.5000000000000133,0.45071169719559634,0.04066247320363515,0.013613619231551794,6.479689462120155,0.0,0.0,0.8176440678219592,0.8176440678219592,-2.8483054649412427,-4.163968507345518,3.3584395021621556,3.65577557795407,-2.92474580501743,-0.0318524357533736,0.1383222293767555,0.0
19.5,-2.959882562640562,-4.29911133004873,3.385836013744565,-2.8973492934350213,0.16368308454322347,3.68980962603295,2.499999999999986,0.6039594209663511,0.05396297670078704,0.013489192439093044,6.493303081351707,0.0,0.0,0.8377003757739134,0.8377003757739134,-2.897101034326252,-4.174876508613372,3.364603880795155,3.68980962603295,-2.9185814263844314,-0.021232132949410065,0.1391970227934335,0.0
19.55,-3.0082732714530085,-4.311693882060639,3.4056810170066756,-2.8775042901729107,0.12592015088188796,3.7235326071306822,2.5000000000000138,0.46886778770352516,0.04152975756286532,0.013368116271858025,6.5067922737908,0.0,0.0,0.8407837941844553,0.8407837941844553,-2.945817032896948,-4.186134284981918,3.372788035022316,3.7235326071306822,-2.9103972721572706,-0.03289298198435997,0.14023549533959723,0.0
19.6,-3.0564717370690264,-4.324995180417564,3.41077557164129,-2.8724097355382963,0.1550183398585166,3.7569528978103275,2.4999999999999822,0.5823966011452001,0.05111149795497508,0.01325024299736422,6.5201603900626575,0.0,0.0,0.8194333548781256,0.8194333548781256,-2.9944503035612318,-4.197744484208039,3.3790840425664106,3.7569528978103275,-2.9041012646131756,-0.03169152907487938,0.14156058031871216,0.0
19.650000000000002,-3.1047328900905153,-4.338066087168867,3.405721290366469,-2.877464016813118,0.12883024848405802,3.790078505303738,2.4999999999999805,0.4882767556123678,0.042488395936193996,0.013135433844569912,6.533410633060022,0.0,0.0,0.8362430529905447,0.8362430529905447,-3.0430007902453675,-4.2096959580310305,3.3868349595593363,3.790078505303738,-2.89635034762025,-0.01888633080713209,0.1424420661397334,0.0
19.700000000000003,-3.1529199669506354,-4.351407318026867,3.4164107808137976,-2.8667745263657887,0.12301308600201355,3.8229170899151623,2.4999999999999947,0.47026882876030124,0.04057204196079984,0.013023558316841415,6.546546066904592,0.0,0.0,0.8261496703724288,0.8261496703724288,-3.0914652825391604,-4.221991662247009,3.393276471983539,3.8229170899151623,-2.8899088351960476,-0.02313430883025891,0.14326580260845442,0.0
19.75,-3.2010173365988512,-4.365069409374444,3.4202910875697556,-2.8628942196098306,0.08529583376158051,3.855475985707266,2.4999999999999916,0.3288560387486527,0.028140194990371466,0.012914493568220607,6.5595696252214335,0.0,0.0,0.799984125648783,0.799984125648783,-3.1398514073706414,-4.23459225914949,3.3994271262836397,3.855475985707266,-2.8837581808959465,-0.020863961286115895,0.14410259410980653,0.0
19.8,-3.2490535971916423,-4.378944890316506,3.4256019260328485,-2.8575833811467373,0.09689474926142329,3.887762219627817,2.5000000000000084,0.3767037454588718,0.031964376576477105,0.012808123836213482,6.572484118789654,0.0,0.0,0.81333621988572,0.81333621988572,-3.188171295503629,-4.2474446761008835,3.403691917971719,3.887762219627817,-2.879493389207868,-0.021910008061130526,0.1449101825186372,0.0
19.85,-3.297012097577366,-4.3930846547955476,3.4295957387631493,-2.853589568416437,0.06944254297608674,3.919782529218351,2.5000000000000115,0.2721996667421593,0.022912029032245197,0.0127043399251446,6.585292242625868,0.0,0.0,0.8155943045809212,0.8155943045809212,-3.236432132263515,-4.260517041811279,3.4085366554347902,3.919782529218351,-2.8746486517447956,-0.021059083328358597,0.1457535735746269,0.0
19.900000000000002,-3.3449555939536455,-4.407282793188522,3.4338377575260854,-2.8493475496535012,0.08036071644605322,3.9515433790312127,2.500000000000023,0.3175488570066063,0.026512822462734006,0.012603038734834787,6.597996582551012,0.0,0.0,0.7989558472751567,0.7989558472751567,-3.2846382142861184,-4.273789989652401,3.4120087825835945,3.9515433790312127,-2.8711765245959917,-0.021828974942490476,0.1464872516155934,0.0
19.950000000000003,-3.3926303318492996,-4.422346910112242,3.4562053554453698,-2.8269799517342165,0.040435094889709255,3.9830509758683,2.499999999999969,0.16105504415978375,0.013342789451476928,0.012504122829976773,6.610599621285846,0.0,0.0,0.8113931920577716,0.8113931920577716,-3.332794241889051,-4.287243377403969,3.4160268184058973,3.9830509758683,-2.867158488773689,-0.040178537039472495,0.14776103076246588,0.0
20.0,-3.44033695359995,-4.437310795719056,3.4341022048406935,-2.849083102338893,0.025922473011616275,4.0143112829432415,2.5000000000000044,0.10406087589232288,0.008554207437875445,0.012407500046119657,6.623103744115824,0.0,0.0,0.813686023161754,0.813686023161754,-3.3809094463182716,-4.300842136581208,3.418048573150383,4.0143112829432415,-2.8651367340292033,-0.016053631690310155,0.1488466443981728,0.0
20.05,-3.488211984106119,-4.451735549437147,3.436258403050557,-2.8469269041290293,0.02825672721244639,4.045330033058541,2.4999999999999796,0.11430778722845192,0.009324449731486968,0.012313083128640047,6.635511244161943,0.0,0.0,0.7814319817946292,0.7814319817946292,-3.429002029859262,-4.314520698580226,3.4193446968009638,4.045330033058541,-2.863840610378622,-0.016913706249592764,0.14944475225849188,0.0
20.1,-3.5360944912568364,-4.466132855281402,3.431795075590799,-2.8513902315887876,0.008637532242743306,4.0761127408801405,2.499999999999999,0.03520755522440901,0.0028503779206351366,0.012220789401484926,6.647824327290583,0.0,0.0,0.7674295081968004,0.7674295081968004,-3.4770760413181545,-4.328264388273637,3.420757533161586,4.0761127408801405,-2.862427774018,-0.011037542429212621,0.14996963568748137,0.0
20.150000000000002,-3.583892387893383,-4.480803815351772,3.448417565507341,-2.8347677416722448,-0.023652821702875356,4.106664714383853,-1.5703868288870082,-0.09713420828281082,-0.0078052726530810695,0.01220380640021518,6.660045116692068,0.0,0.0,0.7369463947687774,0.7369463947687774,-3.5251373593720854,-4.3420524145305235,3.421189409773723,4.106664714383853,-2.8619958974058637,-0.02722815573361892,0.15067881273223907,0.0
20.200000000000003,-3.6315622345607133,-4.495891114959036,3.4441127289998557,-2.8390725781797306,-0.06815495889719178,4.087500017550668,-4.000000000000033,-0.27858339568843643,-0.022487345197100304,0.012306520037895684,6.672248923092283,0.0,0.0,0.6892700651110358,0.6892700651110358,-3.573203847392211,-4.355822397755866,3.4200067686885793,4.087500017550668,-2.863178538491007,-0.02410596031127632,0.15173973405753166,0.0
20.25,-3.679334899538641,-4.510649256767825,3.4389009275092675,-2.8442843796703183,-0.06657646840314184,4.038273937399085,-4.000000000000015,-0.26885401719648133,-0.02196670065010701,0.012458397853654055,6.684555443130179,0.0,0.0,0.6910732956372289,0.6910732956372289,-3.6213017930987412,-4.369482017055172,3.41659902074372,4.038273937399085,-2.866586286435867,-0.02230190676554855,0.15263037381581115,0.0
20.3,-3.7272267565531805,-4.525013157445121,3.4261567299313223,-2.857028577248264,-0.10513434970756871,3.9884403459844684,-4.000000000000001,-0.41932208212250743,-0.03468042496039487,0.012616041520580377,6.697013840983833,0.0,0.0,0.6651660109497882,0.6651660109497882,-3.6694454764412097,-4.382979551851457,3.4132701973235626,3.9884403459844684,-2.8699151098560236,-0.012886532607759627,0.15333695395864205,0.0
20.35,-3.7751853382414846,-4.539154827531315,3.434802537147653,-2.8483827700319333,-0.09787577582796236,3.937976179902147,-4.0000000000000115,-0.3854324737999581,-0.03228778132963171,0.012779825365524985,6.709629882504413,0.0,0.0,0.6123970919233608,0.6123970919233608,-3.7176466245879043,-4.3962702839690735,3.4080134798381843,3.937976179902147,-2.8751718273414024,-0.026789057309469122,0.15403472451982675,0.0
20.400000000000002,-3.8230957080290344,-4.553455087017971,3.4220329803964757,-2.8611523267831105,-0.1597368868005046,3.886856878440047,-3.9999999999999996,-0.6208744172011404,-0.052664429562146085,0.012950158648038614,6.7224097078699385,0.0,0.0,0.6107727156735644,0.6107727156735644,-3.7659146128981065,-4.409316214938846,3.4031196910467862,3.886856878440047,-2.8800656161328,-0.0189132893496895,0.15506673429402795,0.0
20.450000000000003,-3.8711504654551105,-4.567270079139724,3.428823907095867,-2.85436140008372,-0.13590774497590535,3.8350562438478923,-3.9999999999999973,-0.5212138459571328,-0.04481952071485663,0.013127489866980988,6.735359866517977,0.0,0.0,0.5934057936992818,0.5934057936992818,-3.81426553926713,-4.422050995234452,3.395132846706761,3.8350562438478923,-2.8880524604728253,-0.03369106038910541,0.1559630634403494,0.0
20.5,-3.919191972442638,-4.581117944535144,3.4023672906675397,-2.8808180165120465,-0.1706784921444262,3.7825462843799684,-3.9999999999999933,-0.645599296284475,-0.05626445520917579,0.013312311734390648,6.748487356384958,0.0,0.0,0.5481363980891735,0.5481363980891735,-3.862709303901129,-4.434428072731937,3.388337459457966,3.7825462843799684,-2.8948478477216204,-0.014029831209573906,0.15718845484071417,0.0
20.55,-3.9676620048803932,-4.593399841682347,3.390224202940375,-2.8929611042392107,-0.17968056919021116,3.729297037442406,-3.999999999999987,-0.6700822143670198,-0.05922524380037837,0.013505166942352863,6.761799668119348,0.0,0.0,0.560929290942719,0.560929290942719,-3.9112464567914937,-4.446433472188358,3.3798035348507445,3.729297037442406,-2.903381772328842,-0.01042066808963149,0.15742245020458379,0.0
20.6,-4.016129325277161,-4.605681999752123,3.3798964528303714,-2.9032888543492152,-0.18825547781180646,3.6752763696729946,-4.000000000000005,-0.691890909063231,-0.06204457077592084,0.013706654876760574,6.775304835061701,0.0,0.0,0.5704021647436011,0.5704021647436011,-3.959886885502707,-4.458013276970437,3.370819506391234,3.6752763696729946,-2.9123658007883524,-0.009076946439137146,0.1580166564630367,0.0
20.650000000000002,-4.0648372120792375,-4.61697697564629,3.3659144671302745,-2.917270840049312,-0.2151735323815504,3.6204497501659523,-3.9999999999999827,-0.7790249615531096,-0.07088828512455947,0.013917439467388609,6.789011489938462,0.0,0.0,0.5791424688393468,0.5791424688393468,-4.008631754647493,-4.469145180342503,3.3614067325006434,3.6204497501659523,-2.9217785746789424,-0.004507734629630278,0.15815591404640073,0.0
20.700000000000003,-4.113583124292233,-4.628105007840433,3.363398806935572,-2.9197865002440144,-0.24397104765816008,3.564779992296398,-4.000000000000008,-0.8697031093914,-0.0803371647389027,0.01413825840881752,6.802928929405851,0.0,0.0,0.5396106092517579,0.5396106092517579,-4.057486360751517,-4.479784886479842,3.3506480558815657,3.564779992296398,-2.9325372512980206,-0.012750751054006138,0.15857397415768906,0.0
20.75,-4.162398419374235,-4.638924209897029,3.35781165327807,-2.9253736539015165,-0.2603848439589065,3.508226958661128,-4.000000000000009,-0.9134891292034069,-0.08571645125546867,0.014369934044438948,6.8170671878146685,0.0,0.0,0.5482740407447241,0.5482740407447241,-4.106459807330299,-4.4898631069294295,3.3384495034986577,3.508226958661128,-2.9447358036809286,-0.019362149779412086,0.15921162248818188,0.0
20.8,-4.211298300784688,-4.649357489467491,3.3390742407161507,-2.944111066463435,-0.2700873030247812,3.450747222483372,-4.000000000000014,-0.9320030107407885,-0.08889391712338608,0.014613386280103283,6.831437121859107,0.0,0.0,0.5778413371245213,0.5778413371245213,-4.15555639049414,-4.499323033294746,3.3254302613007125,3.450747222483372,-2.9577550458788737,-0.0136439794154386,0.1600546737895859,0.0
20.85,-4.260465587778685,-4.658440911341139,3.316152932518169,-2.967032374661417,-0.293455890194513,3.3922936773629586,-3.99999999999998,-0.9954885608917652,-0.09653941028866822,0.014869647990481035,6.846050508139211,0.0,0.0,0.6069255525399325,0.6069255525399325,-4.2047740818979165,-4.508131032902555,3.3119258961494733,3.3922936773629586,-2.971259411030113,-0.0042270363686958135,0.16029536295067814,0.0
20.900000000000002,-4.309736508798719,-4.666952199145513,3.3049054065676615,-2.978279900611925,-0.3129768565560768,3.3328150854010348,-4.0000000000000195,-1.0430939889114885,-0.1029174492658921,0.015139883507570598,6.8609201561296915,0.0,0.0,0.6391036194015655,0.6391036194015655,-4.254110909233624,-4.5162447628136375,3.2972531016397477,3.3328150854010348,-2.9859322055398385,-0.007652304927913356,0.16064538179699553,0.0
20.950000000000003,-4.359124120999189,-4.674750215607868,3.299706185977482,-2.9834791212021043,-0.30349491571620596,3.272255551370752,-3.999999999999992,-0.9931129227651535,-0.09982045433048012,0.015425410947707583,6.876060039637262,0.0,0.0,0.6293757024815259,0.6293757024815259,-4.303565011716976,-4.523609593145873,3.281604258811944,3.272255551370752,-3.001581048367642,-0.018101927165537823,0.16102888679498506,0.0
21.0,-4.408479706246917,-4.682759819275248,3.2928384743822514,-2.990346832797335,-0.3276203956459785,3.210553907579922,-4.000000000000012,-1.0518429414440762,-0.10769641677835698,0.015727729356040006,6.89148545058497,0.0,0.0,0.664978152562882,0.664978152562882,-4.353126771997108,-4.530211406572986,3.2664295130261336,3.210553907579922,-3.016755794153452,-0.026408961356117366,0.16228051499808396,0.0
21.05,-4.458052992484354,-4.689262395753859,3.258561628154203,-3.0246236790253835,-0.35326215009883005,3.1476429901557617,-0.9442817425762187,-1.1119431304459348,-0.11605267948349372,0.015922932380611765,6.907213179941009,0.0,0.0,0.6889805725937458,0.6889805725937458,-4.402786442957422,-4.5360304418500075,3.2500484932438347,3.1476429901557617,-3.0331368139357515,-0.008513134910367981,0.16289390164706902,0.0
21.1,-4.507738709378916,-4.694869078850198,3.247188030050012,-3.0359972771295745,-0.3566614290234578,3.1326072558204743,-2.3743967614493435,-1.117280180430183,-0.11715925787061555,0.016058879923948433,6.923136112321621,0.0,0.0,0.6817930364100732,0.6817930364100732,-4.452537876405233,-4.541003355825631,3.232385385738893,3.1326072558204743,-3.050799921440693,-0.014802644311118662,0.16346801730877275,0.0
21.150000000000002,-4.557510631014495,-4.699635294293665,3.2269415952406035,-3.0562437119389827,-0.3655051470963647,3.0944771033365472,-1.3584508182187158,-1.1310473088413573,-0.1200368257412587,0.01621553375723833,6.939194992245569,0.0,0.0,0.6613177856940723,0.6613177856940723,-4.502369716881955,-4.5450925390271015,3.21455231428772,3.0944771033365472,-3.0686329928918656,-0.012389280952882942,0.16408529372479705,0.0
21.200000000000003,-4.607368769394696,-4.7034005616502865,3.206989794465604,-3.0761955127139817,-0.37076493247722264,3.0724490982361736,-0.9844370586354751,-1.1391563824472386,-0.12174731032729795,0.016316312434736396,6.955410526002807,0.0,0.0,0.6502577552795742,0.6502577552795742,-4.5522672257592705,-4.548281430324072,3.1962770569329018,3.0724490982361736,-3.086908250246685,-0.010712737532703187,0.16461508136986155,0.0
21.25,-4.657291932169071,-4.706171813245319,3.1871792968281842,-3.0960060103514024,-0.374672171669329,3.0563867156151443,-1.7641607992122588,-1.1451430482008138,-0.12301748354381534,0.01643716106289707,6.971726838437544,0.0,0.0,0.6407847909990403,0.6407847909990403,-4.6022149556965175,-4.550551381302287,3.1777388103090405,3.0563867156151443,-3.1054464968705453,-0.009440486519142866,0.16507935114814976,0.0
21.3,-4.707259614035454,-4.707963649391596,3.1677219474705822,-3.115463359709004,-0.3818841293690063,3.027388920417643,-1.5116845966202526,-1.1561117821350675,-0.1253609109737477,0.01658455315165878,6.988163999500441,0.0,0.0,0.630821129586798,0.630821129586798,-4.652196297534322,-4.551890169304587,3.159005201725574,3.027388920417643,-3.1241801054540126,-0.00871674574500858,0.16550196376651852,0.0
21.35,-4.7572545404792,-4.708716187569567,3.143517216726379,-3.139668090453207,-0.38828854234871374,3.0023183068764507,-1.3395992578755147,-1.1657657990439152,-0.1274407788644212,0.01671613614875996,7.004748552652099,0.0,0.0,0.6209971290354112,0.6209971290354112,-4.702193991368086,-4.552283431510376,3.139910995257124,3.0023183068764507,3.1399109952571234,-0.0036062214692549333,0.165839896396168,0.0
21.400000000000002,-4.807251419253706,-4.708229548473649,3.1265282415023945,3.1265282415023945,-0.37737201655410846,2.979925383297026,-3.9999999999999933,-1.1245404510755732,-0.1238949218088786,0.016972276082594245,7.021464688800859,0.0,0.0,0.611258187433349,0.611258187433349,-4.752189963539083,-4.551714009159269,3.120496568139688,2.979925383297026,3.1204965681396875,-0.006031673362707046,0.16591828697369243,0.0
21.450000000000003,-4.857246130864796,-4.707453915218792,3.119724195511164,3.1197241955111643,-0.4127380251780315,2.912036278966649,2.162722616387971,-1.2019081030274779,-0.1353705450635047,0.017062013538375675,7.038436964883453,0.0,0.0,0.6009074695715454,0.6009074695715454,-4.802165921272574,-4.550187749618289,3.1016279673119826,2.912036278966649,3.101627967311982,-0.018096228199182107,0.16663275887834283,0.0
21.5,-4.907212001589743,-4.705627842564259,3.091224743759541,3.0912247437595415,-0.3889158915821413,2.948936681527212,-4.0000000000000036,-1.1468883387154367,-0.12764445462775423,0.017154853932187616,7.055498978421829,0.0,0.0,0.5997331388175846,0.5997331388175846,-4.852101838584904,-4.547674696717771,3.0809910660530813,2.948936681527212,3.0809910660530813,-0.01023367770646022,0.16729114247090837,0.0
21.55,-4.957114795004461,-4.70250309801975,3.066705769585175,3.066705769585175,-0.42187849576294034,2.8803172657984613,2.499999999999993,-1.21514391541508,-0.13833075923981217,0.017230356566973852,7.072653832354017,0.0,0.0,0.6000985972748953,0.6000985972748953,-4.901977465255112,-4.5441614253596265,3.061545271473974,2.8803172657984613,3.0615452714739746,-0.00516049811120034,0.16766696285402813,0.0
21.6,-5.006923695043153,-4.698140292258711,3.0422379273962443,3.0422379273962443,-0.40405787838131746,2.9233931572158958,-2.5842331653028916,-1.1812200367791161,-0.1325571980994367,0.017234699879358217,7.0898841889209905,0.0,0.0,0.5998933652511957,0.5998933652511957,-4.9517714989438995,-4.539637985636113,3.040451346685827,2.9233931572158958,3.0404513466858276,-0.0017865807104167075,0.16782355597249926,0.0
21.650000000000002,-5.056616101061219,-4.692595907646992,3.0176989122116646,3.0176989122116646,-0.42230727231295495,2.8788546741936165,1.2519762848515308,-1.2157612648441067,-0.1384695624569548,0.017302917462343807,7.107118888800349,0.0,0.0,0.600334279782751,0.600334279782751,-5.001461598979535,-4.534087407090401,3.0202484527667615,2.8788546741936165,3.0202484527667615,0.0025495405550968187,0.16783016370300458,0.0
21.700000000000003,-5.106154006896975,-4.685821054484773,2.9981773944535046,2.9981773944535046,-0.41602272966780224,2.9005175165152144,-0.6608203373514886,-1.2066812146699342,-0.13643460031920185,0.017272287311179916,7.124421806262693,0.0,0.0,0.598656686875943,0.598656686875943,-5.051026355754416,-4.5275115421995205,2.9991330891511137,2.9005175165152144,2.9991330891511137,0.000955694697609033,0.16763340836626245,0.0
21.75,-5.155630570802221,-4.678598905554585,2.9913090205820816,2.991309020582081,-0.4193163551747941,2.8891036377874086,2.499999999999994,-1.2114484071192546,-0.13750123341521994,0.0171787241027332,7.141694093573873,0.0,0.0,0.6052554298626335,0.6052554298626335,-5.100442445906451,-4.519898402756579,2.9783319526677237,2.8891036377874086,2.978331952667723,-0.012977067914357931,0.16802255419392717,0.0
21.8,-5.2049556693977905,-4.670412788191,2.961677347787107,2.9616773477871075,-0.4059968825309462,2.9320504480442415,-3.312892746422578,-1.190403341329426,-0.1331858389450044,0.017220443365794206,7.158872817676606,0.0,0.0,0.5626898691847837,0.5626898691847837,-5.149688769365526,-4.511255021108863,2.957366134908984,2.9320504480442415,2.957366134908984,-0.004311212878123527,0.16848034028262182,0.0
21.85,-5.254015509034418,-4.660766612428963,2.9374177547277895,2.9374177547277895,-0.4234401690967954,2.875000966127521,-0.5503148326558183,-1.2173908952504877,-0.13883627708784105,0.01742034251557298,7.1760932610424,0.0,0.0,0.5527088875359056,0.5527088875359056,-5.198746342131936,-4.501597449121461,2.9370662907824365,2.875000966127521,2.937066290782436,-0.0003514639453534585,0.16849184953019147,0.0
21.900000000000002,-5.3029556585877025,-4.6505213540791015,2.9306847900941784,2.930684790094178,-0.42627827388980405,2.8654142932512565,-1.8490215747378644,-1.2214638589063185,-0.13975479624571688,0.017548846010191934,7.193513603557973,0.0,0.0,0.5659533571762989,0.5659533571762989,-5.24759305053869,-4.490924788109728,2.9158942823275966,2.8654142932512565,2.9158942823275966,-0.014790507766581307,0.1689262627278692,0.0
21.950000000000003,-5.351700421125399,-4.639388968579809,2.9013526701096595,2.9013526701096595,-0.43609919951983545,2.832966098366659,2.5000000000000178,-1.2354542477645314,-0.1429313825038725,0.017514002262345993,7.211062449568165,0.0,0.0,0.5803730433255697,0.5803730433255697,-5.296202023881571,-4.479216967347544,2.8945803686331066,2.832966098366659,2.8945803686331066,-0.006772301476552833,0.16951443028657534,0.0
22.0,-5.400072304016421,-4.626738174623172,2.8744552442891105,2.874455244289111,-0.4085389651083696,2.8767511040225244,-0.9356076324639727,-1.175264918911722,-0.13400984223370924,0.01743012213088945,7.228576451830511,0.0,0.0,0.5570640899525812,0.5570640899525812,-5.344547263575541,-4.4664639778282815,2.8727754086571147,2.8767511040225244,2.8727754086571142,-0.0016798356319966956,0.16961971664346304,0.0
22.05,-5.4482974616154305,-4.613529690226432,2.873128002227512,2.873128002227512,-0.427761153725849,2.860443348722085,1.6779354399887214,-1.2235865470167901,-0.14023461853022268,0.017391099165899048,7.246006573961401,0.0,0.0,0.5362260764101703,0.5362260764101703,-5.3926125705570165,-4.452693017935303,2.852348460401696,2.860443348722085,2.8523484604016964,-0.02077954182581543,0.17020353182549275,0.0
22.1,-5.49633870320531,-4.599675248242558,2.845377309295613,2.845377309295613,-0.41916520590492773,2.8896244903529054,2.028672307990277,-1.2112300444866975,-0.137452290943105,0.017199445227428244,7.2633976731273,0.0,0.0,0.569353511378708,0.569353511378708,-5.4403793972733645,-4.437920240168917,2.8309604027154034,2.8896244903529054,2.8309604027154034,-0.014416906580209776,0.17116111286530192,0.0
22.150000000000002,-5.543931979311703,-4.584350998711071,2.817089510672114,2.8170895106721137,-0.4092228577696323,2.9245165285985846,-0.44014831435424057,-1.1967790114276373,-0.13423149140114274,0.017118895959186222,7.280597118354728,0.0,0.0,0.5669980981159807,0.5669980981159807,-5.487822790360703,-4.4221394626025585,2.810002142420157,2.9245165285985846,2.8100021424201564,-0.007087368251957216,0.17164155537463013,0.0
22.200000000000003,-5.591254350574038,-4.568203608022762,2.810069717426237,2.810069717426237,-0.41133971478911824,2.916981675398543,0.10837366969464171,-1.199870410403521,-0.1349174792005314,0.01713555134655253,7.297716014313914,0.0,0.0,0.5557125134357764,0.5557125134357764,-5.534929258374536,-4.405379586345717,2.7895409995316753,2.916981675398543,2.789540999531676,-0.020528717894561233,0.17229096913758846,0.0
22.25,-5.6383589784314445,-4.551440164644443,2.7858118230168842,2.785811823016884,-0.4108164708275319,2.91883871798021,2.0542737709885417,-1.1991070210353876,-0.13474792884205372,0.01702806537663192,7.314851565660466,0.0,0.0,0.5833630476593342,0.5833630476593342,-5.581682017380995,-4.387656962340221,2.7689740137922194,2.91883871798021,2.768974013792219,-0.016837809224664824,0.1733124786936593,0.0
22.3,-5.6849917418582265,-4.533399438354414,2.760141965296607,2.760141965296607,-0.4011439783319062,2.953819026054103,1.8144907450981473,-1.1849067153838193,-0.1316122900345534,0.016840136000972984,7.331879631037098,0.0,0.0,0.5791455365761234,0.5791455365761234,-5.628060659659624,-4.368977196879006,2.748433190250843,2.953819026054103,2.748433190250843,-0.011708775045764064,0.17399948739034143,0.0
22.35,-5.731180133976935,-4.514250326624254,2.736977651331044,2.7369776513310438,-0.3929716056813194,2.9843752969740627,-2.8633658027503053,-1.1727747524075618,-0.12896092876593496,0.016890790331232645,7.348719767038071,0.0,0.0,0.5773835385944893,0.5773835385944893,-5.674050630011635,-4.349359887799157,2.728375991334248,2.9843752969740627,2.7283759913342482,-0.008601659996795519,0.17450683951998697,0.0
22.400000000000002,-5.776858424259181,-4.493917496043891,2.7071978697005807,2.7071978697005807,-0.4060249775936387,2.9360107855581856,2.5000000000000115,-1.192093713420944,-0.13319494681479452,0.016908194426844426,7.365610557369304,0.0,0.0,0.5708411294586943,0.5708411294586943,-5.7196421335705825,-4.328833456823538,2.708727411050182,2.9360107855581856,2.708727411050182,0.00152954134960126,0.17471818430108937,0.0
22.450000000000003,-5.822061946173826,-4.47254701015208,2.699844490524338,2.699844490524338,-0.3903721077074319,2.978281271625297,2.499999999999998,-1.1626379373499376,-0.128117189987347,0.016671553027120128,7.382518751796148,0.0,0.0,0.5785903425430952,0.5785903425430952,-5.764814506501244,-4.307400518195001,2.6884261621705,2.978281271625297,2.6884261621705,-0.01141832835383827,0.1747873941529977,0.0
22.5,-5.867230478422651,-4.451103750701369,2.690114784127745,2.6901147841277453,-0.3758882588682553,3.019960154193097,2.499999999999995,-1.135167564211151,-0.12341273042973314,0.01644457783844938,7.399190304823268,0.0,0.0,0.5491942797566854,0.5491942797566854,-5.809551284487691,-4.285072479256744,2.668907556785128,3.019960154193097,2.668907556785128,-0.021207227342617152,0.17576482159552165,0.0
22.55,-5.91189971043373,-4.428639637399247,2.662889029745866,2.662889029745866,-0.36600498649718977,3.0610715987892205,2.499999999999993,-1.1203674691817798,-0.12019940425226595,0.016226628182087355,7.415634882661717,0.0,0.0,0.5777056245125548,0.5777056245125548,-5.853852204252422,-4.2618915621880875,2.6501131438417156,3.0610715987892205,2.6501131438417156,-0.012775885904150464,0.17656283176392296,0.0
22.6,-5.956039458127529,-4.405150307513308,2.642107112448696,2.642107112448696,-0.3590922810604937,3.101638169244439,2.500000000000006,-1.113774325218279,-0.11795040451706076,0.016017121298751706,7.431861510843804,0.0,0.0,0.5545570404333047,0.5545570404333047,-5.8977156184095465,-4.23789299711057,2.631812894516856,3.101638169244439,2.631812894516856,-0.010294217931839711,0.1771346328717423,0.0
22.650000000000002,-5.9996654074582745,-4.380720433912438,2.61973316674166,2.6197331667416606,-0.34173359027122924,3.141680972491318,2.5000000000000018,-1.073617918216265,-0.11229763855266595,0.015815525785471417,7.447878632142556,0.0,0.0,0.5644902302191676,0.5644902302191676,-5.941136840071192,-4.213103274491808,2.6138582804638313,3.141680972491318,2.6138582804638313,-0.005874886277829283,0.17754184107591353,0.0
22.700000000000003,-6.042717706000949,-4.355295332009849,2.597983145365607,2.597983145365607,-0.3428772159470367,3.1812197869549967,2.4999999999999947,-1.0907677838667544,-0.11267028006418392,0.015621355919147673,7.463694157928027,0.0,0.0,0.5512735758909787,0.5512735758909787,-5.984117142045968,-4.187556595321315,2.59677160095027,3.1812197869549967,2.5967716009502695,-0.001211544415337329,0.17768035873924604,0.0
22.75,-6.0853536918781765,-4.329174673027062,2.5861480884383794,2.58614808843838,-0.31376003117429824,3.220273176752866,2.499999999999992,-1.0103930123277356,-0.10317316230450294,0.015434166728630721,7.479315513847175,0.0,0.0,0.5543224046144303,0.5543224046144303,-6.026653928573973,-4.161278076362231,2.579627740152918,3.220273176752866,2.579627740152918,-0.0065203482854618855,0.1778621077790391,0.0
22.8,-6.127590572037076,-4.302416189252723,2.566022786800486,2.5660227868004863,-0.29920817538742384,3.2588585935744425,2.4999999999999987,-0.9750771336290351,-0.09841968318515372,0.01525354970138829,7.494749680575806,0.0,0.0,0.5757742230600454,0.5757742230600454,-6.068753700629388,-4.134304794804995,2.563939738594203,3.2588585935744425,2.563939738594203,-0.0020830482062832445,0.1781101299202384,0.0
22.85,-6.169215365631765,-4.274714214541042,2.542879039397199,2.5428790393971994,-0.29746136231193954,3.296992467827913,2.500000000000015,-0.9807278710122945,-0.0978487684738735,0.0150791290303915,7.510003230277194,0.0,0.0,0.5486254840049356,0.5486254840049356,-6.110435240416814,-4.106689534315095,2.548979329824832,3.296992467827913,2.5489793298248316,0.00610029042763216,0.1780095398716519,0.0
22.900000000000002,-6.2103101301760715,-4.246231791224787,2.5311245505393383,2.5311245505393387,-0.26886614336331827,3.334690290403892,2.5000000000000067,-0.8965853176919983,-0.08849409625099217,0.014910558322677186,7.525082359307586,0.0,0.0,0.579103667481899,0.579103667481899,-6.151700233168709,-4.078455613455792,2.534106261709235,3.334690290403892,2.534106261709235,0.0029817111698964283,0.17771878306466943,0.0
22.950000000000003,-6.251203110220759,-4.217460666131519,2.5245011985071906,2.52450119850719,-0.25738222406366973,3.3719666862105853,2.5000000000000173,-0.8678842851654828,-0.08473276624489126,0.014747517703933686,7.539992917630263,0.0,0.0,0.6003226751628101,0.6003226751628101,-6.192561431253388,-4.049640255750522,2.520662954541069,3.3719666862105853,2.520662954541069,-0.003838243966121091,0.17777102309588677,0.0
23.0,-6.291813319260641,-4.188291973102279,2.5129865265996965,2.512986526599697,-0.2581771923725279,3.4088354804704197,2.5000000000000093,-0.8800835736077102,-0.08499322101841768,0.014589711263999784,7.554740435334197,0.0,0.0,0.5780886383994689,0.5780886383994689,-6.233040028686868,-4.020289810334568,2.5077938433378857,3.4088354804704197,2.507793843337886,-0.005192683261810771,0.17798602860757812,0.0
23.05,-6.332099406219485,-4.158677613339945,2.502818110654339,2.5028181106543386,-0.23808138502661708,3.4453097586304193,2.4999999999999933,-0.8202641191804501,-0.078405795273309,0.014436864796830345,7.569330146598197,0.0,0.0,0.5700279457501991,0.5700279457501991,-6.273136975193989,-3.990420090488607,2.4948849837192593,3.4453097586304193,2.4948849837192597,-0.00793312693507886,0.17828954615597883,0.0
23.1,-6.37212071889189,-4.128704306169373,2.4942354364563153,2.4942354364563153,-0.21452683534734324,3.481401920622495,2.499999999999987,-0.7468541366033065,-0.07067594252683665,0.014288723795634157,7.583767011395027,0.0,0.0,0.586026938222765,0.586026938222765,-6.312860309028463,-3.960055189267227,2.4829809144679285,3.481401920622495,2.4829809144679285,-0.011254521988386834,0.17875771538329527,0.0
23.150000000000002,-6.411748396809321,-4.098215467160501,2.4755274414739747,2.475527441473975,-0.20612663199130796,3.5171237301115803,2.4999999999999947,-0.7249728687846061,-0.06791716740164032,0.014145051669818396,7.598055735190661,0.0,0.0,0.6023547229399141,0.6023547229399141,-6.352237565888024,-3.9292427295790047,2.472254572700561,3.5171237301115803,2.472254572700561,-0.0032728687734140394,0.17914609971397205,0.0
23.200000000000003,-6.45082605758765,-4.0670227378030654,2.4630860673713366,2.4630860673713366,-0.19626416468239627,3.552486359286126,2.49999999999999,-0.6972257678508986,-0.0646768400985995,0.014005628155309025,7.6122007868604795,0.0,0.0,0.6103668961726632,0.6103668961726632,-6.391288631483355,-3.898017865349537,2.4619482411009956,3.552486359286126,2.4619482411009956,-0.0011378262703409803,0.17918524498450705,0.0
23.25,-6.489693747637116,-4.035569597245192,2.4591420853697685,2.459142085369768,-0.18201938229615527,3.5875004296743986,2.500000000000008,-0.6529946121965257,-0.05999431284747059,0.01387024789394018,7.626206415015789,0.0,0.0,0.5841342073212352,0.5841342073212352,-6.430023627492797,-3.8664017298892497,2.4521350328668756,3.5875004296743986,2.4521350328668756,-0.0070070525028924635,0.17938308332670355,0.0
23.3,-6.528388165868886,-4.003901810079451,2.4503863211048844,2.450386321104885,-0.1801479568736554,3.622176049409249,2.500000000000003,-0.6525276147377649,-0.05937893995672975,0.013738719161064223,7.6400766629097285,0.0,0.0,0.5878440982422429,0.5878440982422429,-6.46845792078759,-3.8344206754533485,2.443034063752068,3.622176049409249,2.4430340637520676,-0.007352257352817304,0.1797650946920874,0.0
23.35,-6.56660717163862,-3.971665771402063,2.4317349241336923,2.4317349241336927,-0.1772813127506851,3.65652284731191,2.4999999999999982,-0.6482331704743283,-0.058436226363314595,0.013610862723445482,7.653815382070793,0.0,0.0,0.601772985824042,0.601772985824042,-6.506601083019956,-3.802092943212394,2.434026665908385,3.65652284731191,2.4340266659083856,0.0022917417746928237,0.1798768321145164,0.0
23.400000000000002,-6.60445555567548,-3.9389918577286895,2.4307598809483166,2.430759880948317,-0.17005048492663669,3.6905500041205235,2.4999999999999925,-0.627579817846696,-0.05605786579931901,0.013486510811959503,7.667426244794238,0.0,0.0,0.6003853969143403,0.6003853969143403,-6.544453858389558,-3.7694256655874505,2.425162600270851,3.6905500041205235,2.425162600270851,-0.00559728067746601,0.17986911128504227,0.0
23.450000000000003,-6.642466158093997,-3.9065081846621297,2.438284072470796,2.438284072470796,-0.16649328509341246,3.724266281150422,2.499999999999978,-0.6200653277113602,-0.05488759856465488,0.013365506195703545,7.680912755606197,0.0,0.0,0.609023396055306,0.609023396055306,-6.582021560512357,-3.7364309281900727,2.4166600760245194,3.724266281150422,2.4166600760245194,-0.02162399644627655,0.18049881591264888,0.0
23.5,-6.680626890676372,-3.8741997758368814,2.435847652180916,2.4358476521809163,-0.13745873278353746,3.7576800466396807,2.499999999999994,-0.5165259374170744,-0.045330307482940396,0.013247701345895313,7.694278261801901,0.0,0.0,0.6148069741962511,0.6148069741962511,-6.619310336553569,-3.70312127878341,2.4083354117698486,3.7576800466396807,2.4083354117698486,-0.0275122404110677,0.18173489473287532,0.0
23.55,-6.718389814399998,-3.841431001248746,2.4194812340492007,2.4194812340492007,-0.1438384271056266,3.790799300004419,2.4999999999999862,-0.545262608785746,-0.04743108022442976,0.013132957679447516,7.707525963147796,0.0,0.0,0.6343342293658707,0.6343342293658707,-6.656344959142814,-3.6695292129284094,2.4014624751306717,3.790799300004419,2.4014624751306712,-0.018018758918529443,0.18275609125721307,0.0
23.6,-6.755866977784766,-3.8083304964601115,2.417670061981437,2.417670061981437,-0.14586798004696724,3.8236316942030375,2.4999999999999867,-0.5577454316769602,-0.048099305782359464,0.013021144873397608,7.720658920827243,0.0,0.0,0.6319423653700804,0.6319423653700804,-6.693142427211469,-3.6356775428398964,2.3942705537753906,3.8236316942030375,2.3942705537753906,-0.023399508206046526,0.1836937985845093,0.0
23.650000000000002,-6.793146833367186,-3.775012400825911,2.4041365692462504,2.4041365692462504,-0.1400623845781456,3.8561845563865313,2.4999999999999907,-0.5401064043409162,-0.046187714699187046,0.012912140242479934,7.733680065700641,0.0,0.0,0.6079871471926983,0.6079871471926983,-6.729693753919927,-3.6015602534742,2.3869771547730423,3.8561845563865313,2.3869771547730423,-0.017159414473208123,0.1846941815874552,0.0
23.700000000000003,-6.829973033063623,-3.7411914287808927,2.3965261562201623,2.396526156220162,-0.14339930932341652,3.888464906992731,2.49999999999999,-0.5576031819911007,-0.04728649612319653,0.012805828173080389,7.746592205943121,0.0,0.0,0.6177131244103795,0.6177131244103795,-6.766000275919992,-3.5671825536868518,2.379974035544135,3.888464906992731,2.3799740355441354,-0.016552120676026405,0.18539579894930613,0.0
23.75,-6.866710310853192,-3.7072726539273453,2.3924656525514774,2.3924656525514774,-0.1436191656884051,3.920479477425432,2.4999999999999787,-0.563055991646355,-0.04735888636787476,0.012702099607635128,7.759398034116201,0.0,0.0,0.6277204575997896,0.6277204575997896,-6.802062265744261,-3.5325484349645144,2.3728040700779642,3.920479477425432,2.3728040700779642,-0.01966158247351313,0.18630062380082826,0.0
23.8,-6.903028303230724,-3.6729096045388014,2.3763329320942774,2.376332932094277,-0.13604979608870835,3.9522347264445195,2.500000000000008,-0.5377007286274889,-0.04486630338116918,0.012600851574245158,7.7721001337238365,0.0,0.0,0.6343056472633123,0.6343056472633123,-6.837874813304827,-3.497656448862831,2.365623111793544,3.9522347264445195,2.3656231117935445,-0.010709820300732531,0.18697231298753797,0.0
23.85,-6.939021056403151,-3.6382009372226762,2.373788111385522,2.3737881113855224,-0.14912054516263684,3.9837368553801324,2.5000000000000178,-0.5940570116587739,-0.04917011534448401,0.012501986756894025,7.784700985298081,0.0,0.0,0.6429931074867888,0.6429931074867888,-6.873442540227624,-3.462514918431972,2.358820621989109,3.9837368553801324,2.358820621989109,-0.014967489396413569,0.18752631543949114,0.0
23.900000000000002,-6.974833787310331,-3.6033099503919632,2.361916861113106,2.361916861113106,-0.15066237401430416,4.014991822272368,2.4999999999999902,-0.604908199591572,-0.049677677000912815,0.012405413102190415,7.797202972054976,0.0,0.0,0.6495067979658862,0.6495067979658862,-6.908758818620101,-3.427120725424968,2.351364594730977,4.014991822272368,2.3513645947309776,-0.010552266382128472,0.1881715825566796,0.0
23.950000000000003,-7.010148431283411,-3.5679139725215188,2.350564737249422,2.350564737249422,-0.14688578064556204,4.046005355027844,2.499999999999947,-0.5943006550693892,-0.048434398101774266,0.012311043459023,7.809608385157166,0.0,0.0,0.6542529330386359,0.6542529330386359,-6.9438088416170025,-3.391462850203705,2.343831476030262,4.046005355027844,2.343831476030262,-0.006733261219159736,0.18850978681310823,0.0
24.0,-7.045271484505424,-3.532327262868927,2.348805733149463,2.3488057331494634,-0.1456740110358487,4.0767829636754005,2.5,-0.5938813264412103,-0.04803544378766952,0.012218795247920867,7.821919428616188,0.0,0.0,0.6898287456610144,0.6898287456610144,-6.978592653027445,-3.355545232988441,2.336487186997984,4.0767829636754005,2.336487186997984,-0.012318546151479204,0.18893901835230764,0.0
24.05,-7.0803137662499935,-3.4966616636460905,2.345119841750081,2.3451198417500816,-0.13301236994335436,4.107329951795203,2.5000000000000253,-0.5463256910276033,-0.043865924521888304,0.012128590157268226,7.834138223864109,0.0,0.0,0.7178576989255758,0.7178576989255758,-7.013112836422129,-3.319374168783657,2.329203486446192,4.107329951795203,2.3292034864461915,-0.01591635530389013,0.18959646833294888,0.0
24.1,-7.115096235807032,-3.4607424774747977,2.3337995551910717,2.3337995551910717,-0.14576389843015314,4.1376514271883735,2.500000000000014,-0.6031202023720642,-0.048065038194152844,0.012040353863833108,7.846266814021377,0.0,0.0,0.719466631082428,0.719466631082428,-7.047380187052629,-3.2829634634083957,2.322552867949024,4.1376514271883735,2.3225528679490246,-0.011246687242047138,0.19023890533045715,0.0
24.150000000000002,-7.149385700613242,-3.4243519506816837,2.318970977249289,2.318970977249289,-0.14419722040036384,4.1677523118479565,2.499999999999969,-0.6009782986856657,-0.04754921517901862,0.011954015775343201,7.8583071678852106,0.0,0.0,0.7273776604702877,0.7273776604702877,-7.081392933904013,-3.2463148347123925,2.3152646730275164,4.1677523118479565,2.3152646730275164,-0.0037063042217724274,0.19057867401007514,0.0
24.200000000000003,-7.183167272394728,-3.387490173823397,2.3080836954743162,2.3080836954743162,-0.1580768095774701,4.197637351286314,2.500000000000021,-0.6635491202545627,-0.05211810641296281,0.011869508793082318,7.870261183660554,0.0,0.0,0.7480405279755907,0.7480405279755907,-7.115139124090616,-3.209420609985865,2.3080548120074984,4.197637351286314,2.308054812007498,-2.8883466818285797e-05,0.19062161086029875,0.0
24.25,-7.216730332975666,-3.350428603610898,2.3055216761055735,2.305521676105574,-0.1589317801310704,4.22731112326902,2.499999999999978,-0.6718540819890202,-0.05239947687511192,0.011786769092692955,7.882130692453636,0.0,0.0,0.7363514602285263,0.7363514602285263,-7.1486055346050215,-3.1722724424344806,2.300150971528625,4.22731112326902,2.300150971528625,-0.0053707045769488815,0.19073700720667347,0.0
24.3,-7.250168053266008,-3.3132547508023227,2.3008407718336983,2.3008407718336983,-0.15541061481169044,4.256778046000752,2.5000000000000058,-0.6615484932458832,-0.05124060995522533,0.011705735921557521,7.893917461546329,0.0,0.0,0.7174478389315386,0.7174478389315386,-7.181776489068827,-3.1348602168398303,2.2922043825220717,4.256778046000752,2.2922043825220717,-0.00863638931162658,0.19105500726500713,0.0
24.35,-7.283448507084465,-3.275939554229881,2.297902940385682,2.297902940385682,-0.16233734619603202,4.286042385804646,2.5000000000000195,-0.6957847465952358,-0.053520164431126824,0.011626351411296464,7.905623197467887,0.0,0.0,0.729814818845024,0.729814818845024,-7.214652419871038,-3.0971884688797675,2.284433851781487,4.286042385804646,2.284433851781487,-0.013469088604194823,0.19153290090666147,0.0
24.400000000000002,-7.316590772812069,-3.2385016013343746,2.291345929110018,2.291345929110018,-0.16446309872102027,4.3151082643328875,2.500000000000012,-0.7096760764688701,-0.05421962897989368,0.011548560404068143,7.917249548879183,0.0,0.0,0.7395629730785682,0.7395629730785682,-7.247228056055594,-3.05925676444514,2.2763169844716855,4.3151082643328875,2.276316984471686,-0.015028944638332042,0.1921975494830445,0.0
24.450000000000003,-7.349331400139839,-3.200711639232001,2.2776340205928856,2.2776340205928856,-0.17230922177178457,4.343979665343058,2.499999999999952,-0.7485077555277195,-0.05680087793771445,0.011472310291485719,7.928798109283251,0.0,0.0,0.7371876407742376,0.7371876407742376,-7.279492703714965,-3.021060188371597,2.2680938295356343,4.343979665343058,2.2680938295356343,-0.009540191057251235,0.1927487673490391,0.0
24.5,-7.38151824445934,-3.162449476254637,2.2634225757458455,2.263422575745846,-0.1646334522009183,4.372660441071772,2.5000000000000244,-0.7198861837160359,-0.0542756803556579,0.011397550865081985,7.940270419574737,0.0,0.0,0.7497967379464646,0.7497967379464646,-7.311434614113817,-2.9825933338580453,2.259478368447045,4.372660441071772,2.259478368447045,-0.003944207298800961,0.1930283585388194,0.0
24.55,-7.413318303435613,-3.12386471434138,2.2584477933866642,2.2584477933866642,-0.16999126107772566,4.401154318234477,2.4999999999999982,-0.7481577727543567,-0.05603838325987982,0.011324234177356382,7.951667970439819,0.0,0.0,0.7732588924520748,0.7732588924520748,-7.343051375505894,-2.9438587720016054,2.251246695836999,4.401154318234477,2.2512466958369988,-0.0072010975496654694,0.1932345218596061,0.0
24.6,-7.445032491958215,-3.085209760556506,2.2574074112645612,2.257407411264561,-0.17020455610866436,4.429464903677868,2.500000000000026,-0.7539151077293993,-0.05610854953761256,0.011252314412530377,7.9629922046171755,0.0,0.0,0.7794000938412192,0.7794000938412192,-7.374342989971923,-2.9048610821538183,2.242747132783113,4.429464903677868,2.242747132783113,-0.014660278481447797,0.19370764438365906,0.0
24.650000000000002,-7.47664335402676,-3.046469489344247,2.250806599246797,2.250806599246797,-0.16725703712136544,4.457595689709194,-2.369396581027255,-0.7455642477457293,-0.05513887471926266,0.011250448407880202,7.974244519029706,0.0,0.0,0.787313492758219,0.787313492758219,-7.405301805223067,-2.8655986743085107,2.2342369049776796,4.457595689709194,2.2342369049776796,-0.016569694269117363,0.19443216893662765,0.0
24.700000000000003,-7.507801430508241,-3.0073661633557047,2.2379182629746475,2.237918262974647,-0.17826928328471658,4.430938915716539,2.5000000000000235,-0.7899003047831467,-0.058761138392899884,0.01124859478818923,7.985494967437586,0.0,0.0,0.7922362270651087,0.7922362270651087,-7.4359282869648,-2.826076477434277,2.2258740531216112,4.430938915716539,2.2258740531216112,-0.012044209853035781,0.19501717612637612,0.0
24.75,-7.538702380598371,-2.9680563909668973,2.2365564619048306,2.236556461904831,-0.1665389644452731,4.459060402687013,2.4999999999999902,-0.7426073018624176,-0.05490262737072065,0.011178097662853803,7.996743562225776,0.0,0.0,0.8103973686963991,0.8103973686963991,-7.466212219335573,-2.7862912177518155,2.2169605889573756,4.459060402687013,2.2169605889573756,-0.01959587294745546,0.19568699924577293,0.0
24.8,-7.569381498581514,-2.9285761005463375,2.2238428361300775,2.2238428361300775,-0.16012487567547593,4.487005646844147,-2.5298764485605743,-0.7184812213560775,-0.05279211024487134,0.011178516286734158,8.007921659888629,0.0,0.0,0.8446971287739077,0.8446971287739077,-7.496152086264661,-2.746246368860369,2.208633640735112,4.487005646844147,2.208633640735112,-0.015209195394965569,0.19648582107864404,0.0
24.85,-7.599564407916348,-2.888713544068353,2.216797653806846,2.2167976538068466,-0.15829281243463983,4.4587253817604875,-4.000000000000007,-0.7057841805525807,-0.05218919364713011,0.011270949498430419,8.019100176175362,0.0,0.0,0.8678903886112906,0.8678903886112906,-7.525763934799415,-2.7059583424492515,2.200627396951338,4.4587253817604875,2.2006273969513384,-0.016170256855508214,0.19709381916011873,0.0
24.900000000000002,-7.629621300824997,-2.8487550343218127,2.211575087247382,2.2115750872473825,-0.15243048599089898,4.413641583766766,-3.999999999999951,-0.6727735316032092,-0.05025969828281831,0.011387272618654715,8.030371125673792,0.0,0.0,0.8763890175615212,0.8763890175615212,-7.555054139767711,-2.6654358691499542,2.192712756329606,4.413641583766766,2.1927127563296054,-0.018862330917777115,0.1979044664161229,0.0
24.950000000000003,-7.659182172908425,-2.808431944287763,2.1972863571053978,2.1972863571053978,-0.15825111618262172,4.368092493292147,-4.000000000000003,-0.6912555126524134,-0.05217547131774612,0.011507273429014912,8.041758398292446,0.0,0.0,0.8880417245889339,0.8880417245889339,-7.584028687759138,-2.624687084299285,2.185091232030061,4.368092493292147,2.185091232030061,-0.012195125075336932,0.19852007430552096,0.0
25.0,-7.688503558777615,-2.767928137350108,2.1971230226402967,2.1971230226402962,-0.1531060868951685,4.322063399576088,-4.000000000000023,-0.6617342144219238,-0.050482081388212835,0.011631149904261328,8.05326567172146,0.0,0.0,0.9101260301151716,0.9101260301151716,-7.612685862122065,-2.5837144920728328,2.1771786762209295,4.322063399576088,2.1771786762209295,-0.01994434641936671,0.19920589909060127,0.0
25.05,-7.717391400876772,-2.727121619634468,2.172132646861998,2.172132646861998,-0.14138814245572584,4.275538799959042,-3.999999999999987,-0.6045104889235922,-0.046624273304350955,0.0117591152685315,8.064896821625721,0.0,0.0,0.9331470718252771,0.9331470718252771,-7.641023248482854,-2.5425200710329556,2.169523371876171,4.275538799959042,2.1695233718761706,-0.0026092749858275255,0.19977443892084185,0.0
25.1,-7.7453407983393125,-2.6856609424989633,2.161807074870732,2.1618070748707314,-0.13834698981925028,4.228502338884916,-3.999999999999969,-0.5850005700283876,-0.04562282650365807,0.011891399539649553,8.076655936894253,0.0,0.0,0.9488929815500561,0.9488929815500561,-7.669056591678609,-2.5011181235280637,2.162453964753385,4.228502338884916,2.162453964753385,0.0006468898826534897,0.1996880873251561,0.0
25.150000000000002,-7.773199157973059,-2.644140311323315,2.157917777084682,2.1579177770846822,-0.13133471554910447,4.1809367407263185,-3.9999999999999862,-0.549102137572091,-0.04331334984042712,0.012028251268983145,8.088547336433903,0.0,0.0,0.9599385054706306,0.9599385054706306,-7.6967997146961,-2.459521138586306,2.1555366152624225,4.1809367407263185,2.155536615262422,-0.002381161822260225,0.19980268735711915,0.0
25.200000000000003,-7.800568362326417,-2.6022975933049444,2.144522948316938,2.144522948316938,-0.1362719736006207,4.132823735650386,-4.000000000000023,-0.5631880470005681,-0.04493947422938691,0.012169939506816147,8.100575587702886,0.0,0.0,0.9496241722313309,0.9496241722313309,-7.7242617660707795,-2.417738046907305,2.148969879484967,4.132823735650386,2.1489698794849676,0.004446931168029522,0.1997120997802167,0.0
25.25,-7.8276753271530195,-2.560281779635668,2.1423873844854415,2.142387384485442,-0.13560049132675983,4.084143977623121,-3.9999999999999813,-0.5538119300149225,-0.044718330094003236,0.012316756028618871,8.112745527209702,0.0,0.0,0.9617467376321082,0.9617467376321082,-7.751443665343148,-2.3757721717260987,2.142156280804936,4.084143977623121,2.1421562808049366,-0.00023110368050538455,0.19963732535084114,0.0
25.3,-7.8544780353357755,-2.5180737185396476,2.1295483242429447,2.129548324242945,-0.13622508127795996,4.034876953508646,-3.9999999999999574,-0.5496514409382828,-0.044924030982709605,0.01246901786416168,8.125062283238321,0.0,0.0,0.9863611490850165,0.9863611490850165,-7.778339705320934,-2.333622516254676,2.1353762562385983,4.034876953508646,2.1353762562385983,0.005827931995653124,0.19954771690455497,0.0
25.35,-7.880737324217651,-2.475523261048265,2.118470224624584,2.118470224624584,-0.14051584581561893,3.9850008820519998,-4.000000000000006,-0.5599557695175242,-0.04633703687032324,0.012627070179397328,8.137531301102483,0.0,0.0,0.987080828886866,0.987080828886866,-7.80494869214,-2.2912910603989953,2.1285650021747005,3.9850008820519998,2.1285650021747005,0.01009477755011634,0.19921199890637697,0.0
25.400000000000002,-7.906462190428139,-2.432648957625008,2.1024948514363744,2.102494851436374,-0.1354714724730784,3.9344926013344104,-4.000000000000018,-0.5330115061372052,-0.04467583887569058,0.01279128957078185,8.15015837128188,0.0,0.0,0.978449691612068,0.978449691612068,-7.831264170051885,-2.2487765294928153,2.1215392098839194,3.9344926013344104,2.1215392098839194,0.019044358447545484,0.19865500772881628,0.0
25.450000000000003,-7.931631129607846,-2.389445572574844,2.0990550710898788,2.0990550710898788,-0.12952471192316242,3.8833274430512827,-4.000000000000014,-0.5029868683645283,-0.04271715317363085,0.012962087843661882,8.16294966085266,0.0,0.0,0.9855250820890751,0.9855250820890751,-7.857285690900665,-2.206081437342531,2.1147656362602656,3.8833274430512827,2.114765636260266,0.01571056517038727,0.19786270579888762,0.0
25.5,-7.957050879402512,-2.346389490241408,2.106337760677512,2.106337760677512,-0.14956528829752594,3.831479091676635,-3.999999999999992,-0.5730562749525587,-0.04931652497461937,0.013139916361105035,8.175911748696322,0.0,0.0,1.0170863935628969,1.0170863935628969,-7.883023796098909,-2.1632148862498006,2.1082894006641073,3.831479091676635,2.1082894006641073,0.0019516399865953105,0.1975675697322839,0.0
25.55,-7.982452597456238,-2.303322672030879,2.101007198657398,2.101007198657398,-0.15691013945853266,3.778919426232215,-3.9999999999999933,-0.5929507741726551,-0.05173414243299324,0.013325271067837896,8.189051665057427,0.0,0.0,0.9975686986729072,0.9975686986729072,-7.908462171769143,-2.120169823910355,2.100811136249231,3.778919426232215,2.1008111362492308,-0.00019606240816738563,0.1975336651510757,0.0
25.6,-8.007667768316804,-2.260146137032095,2.0975030076758867,2.0975030076758863,-0.16206441034018332,3.7256183419608635,-4.000000000000019,-0.6037901397424588,-0.053430352914473234,0.013518698316760717,8.202376936125265,0.0,0.0,1.002483158388231,1.002483158388231,-7.933569991761151,-2.076931131153683,2.0929656292763044,3.7256183419608635,2.0929656292763044,-0.004537378399581904,0.19763152296513334,0.0
25.650000000000002,-8.032652698291015,-2.2168363646111833,2.0905186344381526,2.090518634438153,-0.16666642054587444,3.6715435486938204,-4.000000000000002,-0.6119230211390965,-0.05494456113164868,0.013720801654112153,8.215895634442026,0.0,0.0,1.0114239200215955,1.0114239200215955,-7.9583322117974005,-2.0334936038465106,2.084862408759295,3.6715435486938204,2.084862408759295,-0.005656225678857929,0.19783352253210157,0.0
25.700000000000003,-8.057462030460506,-2.173425540200385,2.091000986345358,2.0910009863453585,-0.18009046020212727,3.6166603420773717,-3.999999999999996,-0.6513260253994969,-0.05936003285457965,0.013932249755462159,8.229616436096137,0.0,0.0,0.9912668345221902,0.9912668345221902,-7.982736614429461,-1.989854049955071,2.0765290877320015,3.6166603420773717,2.076529087732002,-0.014471898613356515,0.19819783003831834,0.0
25.75,-8.082290734180077,-2.1300257697420393,2.0881514114962654,2.0881514114962654,-0.19538066674177199,3.560931343055523,-4.0,-0.6957371400278617,-0.0643864982260924,0.014153785750583903,8.2435486858516,0.0,0.0,1.029347911094581,1.029347911094581,-8.00676178526722,-1.9460045998639948,2.067524564721895,3.560931343055523,2.0675245647218947,-0.020626846774370655,0.19891810648396294,0.0
25.8,-8.106775752394435,-2.086430924388834,2.075329270748582,2.0753292707485826,-0.19132315649812698,3.5043162000531876,-4.000000000000003,-0.6704568367616976,-0.06305294921620729,0.01438623823394779,8.257702471602183,0.0,0.0,1.0199571064866944,1.0199571064866944,-8.030374284525418,-1.9019315923026991,2.0577555313848066,3.5043162000531876,2.0577555313848066,-0.017573739363776042,0.19969273355024786,0.0
25.85,-8.130586546118266,-2.042464884951749,2.0605966565556075,2.0605966565556075,-0.21112822773784085,3.4467712471173964,-4.000000000000003,-0.7277107048216434,-0.06955990718262521,0.014630534333233127,8.272088709836131,0.0,0.0,1.0308200494188433,1.0308200494188433,-8.053559610765054,-1.8576323645322534,2.0481893735599,3.4467712471173964,2.0481893735599,-0.01240728299570737,0.20024037898119132,0.0
25.900000000000002,-8.153941519893566,-1.998253934219429,2.052871082722991,2.052871082722991,-0.22176104726448678,3.388249109784464,-4.000000000000001,-0.7513816709787677,-0.07305092372664591,0.01488771530653654,8.286719244169364,0.0,0.0,1.0529797090299073,1.0529797090299073,-8.076298044995339,-1.8131021456809153,2.0376329621730083,3.388249109784464,2.0376329621730083,-0.015238120549982526,0.200772742157102,0.0
25.950000000000003,-8.17689894395258,-1.9538365198606444,2.0427752529043457,2.0427752529043453,-0.24420515857290107,3.3286982485583176,-4.0000000000000115,-0.812885283630522,-0.08041392331929134,0.015158955267715112,8.3016069594759,0.0,0.0,1.0612377185361295,1.0612377185361295,-8.098553230048548,-1.7683284801749122,2.026544909809784,3.3286982485583176,2.0265449098097843,-0.01623034309456095,0.2013734929805201,0.0
26.0,-8.199441925068339,-1.9092058923134039,2.0340545566317774,2.0340545566317774,-0.26143985985625273,3.268062427487457,-4.000000000000011,-0.8544017830438059,-0.08606204447902197,0.01544558380949908,8.316765914743614,0.0,0.0,1.07935207819437,1.07935207819437,-8.120285317814764,-1.7232986534109722,2.0143346518811387,3.268062427487457,2.014334651881139,-0.01971990475063823,0.2020575906721212,0.0
26.05,-8.221444144200985,-1.864307834628811,2.0172994920670497,2.0172994920670497,-0.2824970823345382,3.2062800922494605,-4.00000000000001,-0.9057647712077865,-0.09295537533501408,0.015749113521138575,8.332211498553113,0.0,0.0,1.0979446114273035,1.0979446114273035,-8.141446437488373,-1.6779977548349425,2.001262658888326,3.2062800922494605,2.0012626588883258,-0.016036833178723953,0.20275867160759062,0.0
26.1,-8.242657990277198,-1.8190304214000437,2.001727331399684,2.0017273313996835,-0.3192585000810997,3.143283638164906,-4.000000000000015,-1.00352001964999,-0.10496807515611559,0.016071273703572805,8.347960612074251,0.0,0.0,1.0891964444485902,1.0891964444485902,-8.161989574328773,-1.6324133500443336,1.9871378047715993,3.143283638164906,1.9871378047715993,-0.014589526628084215,0.20330598774509892,0.0
26.150000000000002,-8.263117433685057,-1.7734073050152128,1.9802632008082004,1.9802632008082002,-0.3365099267700172,3.0789985433506146,-4.000000000000021,-1.0361135743479049,-0.11059515175277068,0.01641405200253412,8.364031885777823,0.0,0.0,1.1172514146959003,1.1172514146959003,-8.181844599918273,-1.5865251721846219,1.9711748797675444,3.0789985433506146,1.9711748797675446,-0.0090883210406556,0.20378960984258723,0.0
26.200000000000003,-8.282374782345615,-1.727265209818701,1.9540719254902703,1.95407192549027,-0.3476188212528811,3.013342335340478,-4.000000000000006,-1.047494510642461,-0.11421495886610707,0.016779746255781353,8.380445937780358,0.0,0.0,1.1058199644105349,1.1058199644105349,-8.200944668076566,-1.5403177224434308,1.9543493834290435,3.013342335340478,1.9543493834290437,0.0002774579387736509,0.20391230111446706,0.0
26.25,-8.300652282177834,-1.6807241676232607,1.9355381879452347,1.9355381879452347,-0.3747085397003086,2.9462233503173523,-4.00000000000002,-1.1039750492283658,-0.12302930426953117,0.017171029655094896,8.39722568403614,0.0,0.0,1.0844523710601046,1.0844523710601046,-8.219251670637073,-1.4937904109676912,1.9369684423663995,2.9462233503173523,1.9369684423663998,0.001430254421165067,0.20388793229755814,0.0
26.3,-8.31798592976126,-1.6338253787382664,1.914640655913639,1.9146406559136393,-0.40071260191790226,2.8775392316969723,-4.000000000000002,-1.1530662326541352,-0.13147238485365376,0.017591033463255072,8.414396713691236,0.0,0.0,1.1126908032489695,1.1126908032489695,-8.236715499641024,-1.4469402077766829,1.918233015381384,2.8775392316969723,1.918233015381384,0.0035923594677447213,0.20379143735021968,0.0
26.35,-8.334468459828567,-1.5866203990446592,1.899413728582481,1.8994137285824806,-0.4320230290203241,2.807175097843952,-3.9999999999999956,-1.2127642887609689,-0.14161329069428216,0.018043453165121924,8.43198774715449,0.0,0.0,1.1220892810602452,1.1220892810602452,-8.25326785345472,-1.3997603822015814,1.898197385285489,2.807175097843952,1.8981973852854885,-0.0012163432969920507,0.2037405319765214,0.0
26.400000000000002,-8.350237275105279,-1.5391693997564153,1.8823660919100071,1.882366091910007,-0.46789992422480525,2.7350012851834644,-3.1439401612801325,-1.279706894092088,-0.15319713635339852,0.018477766218954732,8.450031200319613,0.0,0.0,1.0903399418632331,1.0903399418632331,-8.268834441059976,-1.352246340852008,1.8765962338344728,2.7350012851834644,1.8765962338344728,-0.005769858075534096,0.20387901152592347,0.0
26.450000000000003,-8.364728620030283,-1.491318696960708,1.8438216953969702,1.8438216953969704,-0.48842856805392554,2.6769082938769473,-3.227550610495788,-1.3074784847899943,-0.1598069872514176,0.01889345924583504,8.468508966538566,0.0,0.0,1.0915825562468315,1.0915825562468315,-8.283328156242938,-1.3043942961366677,1.8532012376232325,2.6769082938769473,1.8532012376232325,0.009379542226262139,0.2038792954868672,0.0
26.5,-8.377493174440596,-1.4429727522755915,1.819252676235679,1.8192526762356795,-0.5114653766661339,2.615928697953675,-3.429491772906952,-1.3379569568306255,-0.16720766160446818,0.01935934247905252,8.487402425784401,0.0,0.0,1.1111344404350354,1.1111344404350354,-8.29667375413288,-1.2562095397061241,1.8287798092205363,2.615928697953675,1.8287798092205367,0.00952713298485719,0.20350006454088232,0.0
26.55,-8.389331276999343,-1.3943949087696959,1.7976994697703554,1.7976994697703557,-0.5384504566966116,2.5495359921928764,-2.127300416515169,-1.3727988193607032,-0.175853227614242,0.01977454808340793,8.506761768263454,0.0,0.0,1.1188254357814713,1.1188254357814713,-8.308810787755615,-1.2077063836470046,1.8032065403872295,2.5495359921928764,1.8032065403872295,0.005507070616873833,0.2033129474493326,0.0
26.6,-8.399900042233458,-1.3455243570537752,1.770456409766545,1.7704564097665454,-0.5566685627590443,2.5074695878186435,-1.6622812752057685,-1.3958294916130174,-0.18167509995015346,0.020073990492216275,8.526536316346862,0.0,0.0,1.109577588644126,1.109577588644126,-8.319670649087017,-1.1589015437093306,1.7762840175523988,2.5074695878186435,1.776284017552399,0.005827607785853672,0.20313746573500802,0.0
26.650000000000002,-8.409188986874641,-1.296394578295555,1.7446997071091093,1.7446997071091097,-0.5717855890932578,2.4741009693047737,-1.4092651981540305,-1.4146552802101302,-0.18649655703696838,0.0203270386744533,8.546610306839078,0.0,0.0,1.1000664908913156,1.1000664908913156,-8.329190410081923,-1.1098178116508095,1.7484505894144466,2.4741009693047737,1.7484505894144462,0.0037508823053364893,0.20300409390075924,0.0
26.700000000000003,-8.417174131685593,-1.2470357327906088,1.7171990734387783,1.7171990734387785,-0.5852599029530975,2.4454547811193357,-2.6579853843385592,-1.4312266278740906,-0.19078670886300123,0.0206784753461692,8.566937345513532,0.0,0.0,1.096772177239381,1.096772177239381,-8.337321833728419,-1.0604851686149588,1.7198613099597837,2.4454547811193357,1.719861309959784,0.00266223652100539,0.20292240507961323,0.0
26.75,-8.42378578691189,-1.1974761042751054,1.6910467965121974,1.6910467965121976,-0.612482332388861,2.3904916958788127,-2.79178003946828,-1.4641339294480589,-0.1994323901190597,0.021178100483760932,8.587615820859702,0.0,0.0,1.1151554044047878,1.1151554044047878,-8.344023040973287,-1.0109380657311233,1.6905983148121289,2.3904916958788127,1.6905983148121289,-0.0004484817000687258,0.20287566503526838,0.0
26.8,-8.429135424626233,-1.147759292857482,1.6594929865291632,1.6594929865291634,-0.6439419498452188,2.3313670976743954,-1.8602402598800603,-1.5012650746814389,-0.2093861999608473,0.021633357648004056,8.608793921343462,0.0,0.0,1.1213037013380847,1.1213037013380847,-8.349237831742528,-0.9612127145345014,1.6599741981926859,2.3313670976743954,1.6599741981926854,0.0004812116635219965,0.2029365694807673,0.0
26.85,-8.432253506731602,-1.0978612778120547,1.610671595015126,1.610671595015126,-0.6667621065969953,2.291123854821194,-2.4001113983255236,-1.527634567915208,-0.21658034596125414,0.022078679308911765,8.630427278991466,0.0,0.0,1.1129981183023574,1.1129981183023574,-8.352888388558215,-0.9113483238483393,1.627777100700425,2.291123854821194,1.627777100700425,0.017105505685298894,0.2026965810736497,0.0
26.900000000000002,-8.43355299248802,-1.0478749459791312,1.5826772085789003,1.5826772085789003,-0.6987091518487951,2.238132564951901,-1.152486127013528,-1.563803706182711,-0.22661349967123348,0.022470048325271674,8.652505958300377,0.0,0.0,1.1020565631686055,1.1020565631686055,-8.35490333528839,-0.8613912580724224,1.594438995370575,2.238132564951901,1.5944389953705755,0.011761786791675277,0.2023905492677613,0.0
26.950000000000003,-8.43331110458271,-0.9978768729238365,1.5491088121132124,1.5491088121132126,-0.7151630638394354,2.212236145983702,-1.8343416168830542,-1.5821095800980487,-0.23176302431090048,0.02281741522008218,8.674976006625648,0.0,0.0,1.0996178742366571,1.0996178742366571,-8.355212064528216,-0.8113947539684385,1.5595035377781354,2.212236145983702,1.5595035377781352,0.01039472566492261,0.20217576696411663,0.0
27.0,-8.43140503041026,-0.9479126085024667,1.5160862762068092,1.516086276206809,-0.7430122977655165,2.1703812116558043,-1.2667416994674083,-1.6126199310994849,-0.24045033408320585,0.023194423818456322,8.69779342184573,0.0,0.0,1.0997070406595528,1.0997070406595528,-8.353753755667158,-0.7614186902911194,1.5237453845861637,2.1703812116558043,1.5237453845861637,0.007659108379354684,0.20201411336599598,0.0
27.05,-8.427822021346909,-0.8980416710690958,1.4820429228020633,1.482042922802063,-0.7635452212210092,2.1409998678098456,-1.9166319980633613,-1.63475021770102,-0.24683184721189627,0.02360293296235588,8.720987845664187,0.0,0.0,1.1048408328745611,1.1048408328745611,-8.35047498645133,-0.7115291909894402,1.4865947696978878,2.1409998678098456,1.4865947696978878,0.004551846895824774,0.20191450921764365,0.0
27.1,-8.422535592749949,-0.848321156271509,1.447193303623079,1.447193303623079,-0.7968640468833729,2.09576173124605,-0.961933436362199,-1.670037174464031,-0.25714343156330854,0.023989750121783383,8.744590778626543,0.0,0.0,1.1222293709410027,1.1222293709410027,-8.345319968313525,-0.6617986960662141,1.4484175086368374,2.09576173124605,1.4484175086368376,0.001224205013758528,0.20187342771683092,0.0
27.150000000000002,-8.415481161948593,-0.7988234995808714,1.4127728292229793,1.4127728292229795,-0.8147068287315755,2.0726851884739323,-1.5951433432019584,-1.6886307768605053,-0.2626426974415548,0.02435148185046829,8.768580528748327,0.0,0.0,1.0875561200657484,1.0875561200657484,-8.33822940445724,-0.6123073514615395,1.4085743062926688,2.0726851884739323,1.4085743062926692,-0.004198522930310311,0.20188141951347446,0.0
27.200000000000003,-8.406773624679019,-0.7495840226145105,1.3721019319455798,1.37210193194558,-0.8461239971644345,2.0338410843030545,-0.9963147352009714,-1.7208817478477483,-0.2722861155242881,0.02473386697690936,8.792932010598795,0.0,0.0,1.085332733657762,1.085332733657762,-8.329151190906478,-0.5631419130924693,1.36783896485609,2.0338410843030545,1.36783896485609,-0.004262967089490033,0.20195519906108228,0.0
27.25,-8.395370909708335,-0.7009061994996031,1.3152654126844423,1.3152654126844423,-0.8670066145959384,2.009198368175459,-1.33108519404958,-1.7419882752434885,-0.27866748746033315,0.02509413878106981,8.817665877575704,0.0,0.0,1.0984355053503103,1.0984355053503103,-8.318040061558756,-0.5143959395095918,1.3255327649978683,2.009198368175459,1.3255327649978685,0.010267352313426237,0.2019062583405349,0.0
27.3,-8.381919909228824,-0.6527483827291385,1.280080862342096,1.2800808623420963,-0.896569314164297,1.9757959315865516,-0.5749846952395853,-1.7714380033111627,-0.2876615548364428,0.025400133541635835,8.842760016356774,0.0,0.0,1.1077731980231118,1.1077731980231118,-8.304852102797916,-0.46617057029160835,1.2821824342680714,1.9757959315865516,1.282182434268071,0.00210157192597471,0.20186809277854187,0.0
27.35,-8.366598467639257,-0.6051544486860747,1.2385011629121554,1.2385011629121552,-0.909972260064382,1.9611912435430694,-0.4572307349546016,-1.7846296283053626,-0.2917236041422724,0.025570930660537183,8.86816014989841,0.0,0.0,1.1187188546475308,1.1187188546475308,-8.289551504255538,-0.4185735845816246,1.2373539685598565,1.9611912435430694,1.237353968559857,-0.0011471943522982642,0.20186295701939816,0.0
27.400000000000002,-8.349401258070857,-0.5582044634837942,1.2027155123599476,1.2027155123599478,-0.9209198203383255,1.9494994281236788,-0.5341214979200976,-1.7953326630973268,-0.2950341657946516,0.025738359902344587,8.893731080558947,0.0,0.0,1.0771046637245052,1.0771046637245052,-8.27211763408206,-0.371716045931702,1.1918553555566374,1.9494994281236788,1.191855355556637,-0.010860156803310872,0.2018679975080879,0.0
27.450000000000003,-8.330198225867496,-0.5120443696356048,1.143309830023696,1.1433098300236963,-0.934046728219643,1.935752016778632,-1.1175118196410623,-1.8080828379166567,-0.29899499653475015,0.026025261970157462,8.919469440461292,0.0,0.0,1.0921711474232163,1.0921711474232163,-8.252558035860048,-0.3257053902570039,1.1458093645397212,1.935752016778632,1.145809364539721,0.002499534516024582,0.20186682327775257,0.0
27.5,-8.308295050880293,-0.4670932708849194,1.097616632124374,1.0976166321243745,-0.9627591850384465,1.906668478917726,0.04684289627244964,-1.8356625909013242,-0.30762476223096147,0.02621530923679223,8.94549470243145,0.0,0.0,1.077033662170617,1.077033662170617,-8.230886579885288,-0.28065104958210674,1.099107028128739,1.906668478917726,1.0991070281287385,0.0014903960043639586,0.201873161331841,0.0
27.55,-8.284589212678586,-0.4230749633676766,1.0550368961852492,1.055036896185249,-0.9615202406967016,1.9078964799290552,-0.2082589797201609,-1.834481082605775,-0.3072533524668995,0.026244464516380538,8.971710011668241,0.0,0.0,1.068366534386497,1.068366534386497,-8.207103937493567,-0.23667488326128444,1.0509690688768165,1.9078964799290552,1.0509690688768165,-0.00406782730843247,0.20186371079064094,0.0
27.6,-8.259098951433012,-0.38005688824891376,1.014360694421129,1.0143606944211285,-0.9670530336004397,1.9024308345255718,-0.21450176419712128,-1.8397515097429704,-0.30891129018904107,0.026321221893221003,8.997954476184622,0.0,0.0,1.056585993326861,1.056585993326861,-8.181234058293024,-0.19389325316045578,1.0028930568419814,1.9024308345255718,1.0028930568419812,-0.011467637579147372,0.20179157716081805,0.0
27.650000000000002,-8.23134378946662,-0.33847476317371056,0.9494142448220095,0.9494142448220098,-0.9728186401078123,1.896784885993652,0.8488885350410964,-1.8452276933693963,-0.3106371272203292,0.026206711970771252,9.024275698077844,0.0,0.0,1.038775219115511,1.038775219115511,-8.153332384478787,-0.15240820084287784,0.9545404051619594,1.896784885993652,0.9545404051619597,0.005126160339949948,0.201758630362593,0.0
27.700000000000003,-8.201003858932413,-0.2987316872270514,0.8869966337832692,0.8869966337832693,-0.9503943676699698,1.919031463326764,-0.4325443510265474,-1.8238366941272166,-0.30391413179683185,0.026131768337830312,9.050482410048614,0.0,0.0,1.0186248735047552,1.0186248735047552,-8.123452447489662,-0.11232458207985249,0.9058994731565687,1.919031463326764,0.9058994731565688,0.018902839373299507,0.20189559248810215,0.0
27.75,-8.168251541272591,-0.2609551197976409,0.8311800347895066,0.8311800347895066,-0.9616897633077066,1.907728314549901,0.23575630022974417,-1.8346427912749044,-0.3073041769947677,0.026166874926590956,9.076614178386444,0.0,0.0,1.0489028738219328,1.0489028738219328,-8.091680406786253,-0.07372319574109962,0.8583797547730703,1.907728314549901,0.85837975477307,0.02719971998356341,0.2022842851593749,0.0
27.8,-8.133856087497877,-0.22466535193320916,0.7935980663359857,0.7935980663359858,-0.9555001854250941,1.9138973201711686,-0.32802036129160905,-1.8287292443081422,-0.30544741993411656,0.026183453239674987,9.102781053313036,0.0,0.0,1.006440195334157,1.006440195334157,-8.058100210236514,-0.0366841791021825,0.8102952666076849,1.9138973201711686,0.8102952666076848,0.016697200271698964,0.20267183888879833,0.0
27.85,-8.097877290771473,-0.18995074812950236,0.7365486765625581,0.736548676562558,-0.9641339641962198,1.9053086143796285,0.6605208789573377,-1.8369727473990378,-0.30803678987565997,0.026124170139168658,9.12896450655271,0.0,0.0,0.992816789326065,0.992816789326065,-8.022783942658972,-0.0012965290463363074,0.7625202573364303,1.9053086143796285,0.7625202573364303,0.025971580773872294,0.20305030240958646,0.0
27.900000000000002,-8.060075697197409,-0.15721908676376162,0.6953387523621255,0.6953387523621255,-0.9469048780706955,1.9225641742019832,1.1235427822207067,-1.8204853949558162,-0.30286538106559774,0.025812250105391822,9.155088676691879,0.0,0.0,0.9731029974268258,0.9731029974268258,-7.98581076845485,0.03235611250593161,0.7143135591266192,1.9225641742019832,0.7143135591266194,0.018974806764493923,0.2036026419751994,0.0
27.950000000000003,-8.020895078963635,-0.12616238115538672,0.6418694166801573,0.6418694166801573,-0.9189710938185642,1.9515653415007719,1.1747239721344334,-1.7934321365373642,-0.2944453523038975,0.025425889465549273,9.180900926797271,0.0,0.0,0.960476322520056,0.960476322520056,-7.9472724746189085,0.06420470637552317,0.6669683152230844,1.9515653415007719,0.6669683152230843,0.025098898542927017,0.20410760859287255,0.0
28.0,-7.980039350945562,-0.09734236497122635,0.5898946231242035,0.5898946231242035,-0.8914745206012035,1.981433743368793,1.408253670723102,-1.7663976964727428,-0.28611489604167645,0.025011939187110022,9.20632681626282,0.0,0.0,0.9466910375055602,0.9466910375055602,-7.9072907850336325,0.09422177924052522,0.6210197605321562,1.981433743368793,0.6210197605321564,0.031125137407952863,0.20491260378469428,0.0
28.05,-7.938017689468669,-0.07024108660117671,0.5538645776074647,0.5538645776074649,-0.8606052907652637,2.0166568985409437,1.6420808569491185,-1.7355455965426037,-0.27671380156896713,0.024548167216434415,9.23133875544993,0.0,0.0,0.9146751245512523,0.9146751245512523,-7.865991683897833,0.12239925832038429,0.5764460345020961,2.0166568985409437,0.5764460345020961,0.022581456894631202,0.20566489240993016,0.0
28.1,-7.894842171489078,-0.04503325421006069,0.5063237606731853,0.5063237606731854,-0.8272054872330875,2.0569669740002365,1.831854936027044,-1.7015343679502353,-0.2664852274340532,0.024050080693054664,9.255886922666363,0.0,0.0,0.9015435219571796,0.9015435219571796,-7.823498120432193,0.1487414546072912,0.5334157699638329,2.0569669740002365,0.5334157699638329,0.02709200929064748,0.2064911896388243,0.0
28.150000000000002,-7.850745348302975,-0.02146063245604098,0.47278178899584933,0.47278178899584944,-0.7928779397929577,2.1010232330296574,2.4999999999999964,-1.6658549724616942,-0.2559126972588118,0.02347020076681868,9.279937003359418,0.0,0.0,0.8576196593989215,0.8576196593989215,-7.779930937903417,0.17326785266809328,0.4920554956021785,2.1010232330296574,0.49205549560217854,0.0192737066063291,0.20720488324114641,0.0
28.200000000000003,-7.805727320901893,0.0002928991821617758,0.42886222442107924,0.42886222442107913,-0.7497543757084262,2.159698734946704,1.269861777156379,-1.6192435767382438,-0.2425479625371322,0.02299591149356733,9.303407204126236,0.0,0.0,0.8483127000177371,0.8483127000177371,-7.735406128277583,0.1960101890131283,0.4524115986125306,2.159698734946704,0.4524115986125308,0.023549374191451644,0.20796713122722996,0.0
28.25,-7.759859318910736,0.02019627922785383,0.389475063637833,0.3894750636378328,-0.7304929979288014,2.1889003639832563,2.4999999999999956,-1.5989763890535735,-0.2365495502633681,0.02255207932703844,9.326403115619803,0.0,0.0,0.8514032447887768,0.8514032447887768,-7.690037251824818,0.21701905086873166,0.4149238798271093,2.1889003639832563,0.4149238798271093,0.025448816189276524,0.20884042829047136,0.0
28.3,-7.713269743230508,0.03834495788683087,0.3564262576297175,0.35642625762971747,-0.6914518464256447,2.2452805623008523,2.4999999999999947,-1.5525033905465342,-0.2243382964053927,0.021999490335673545,9.348955194946841,0.0,0.0,0.8106410996411451,0.8106410996411451,-7.643922020195782,0.2363350404945601,0.37839922993066927,2.2452805623008523,0.3783992299306691,0.021972972300951632,0.20978364927018622,0.0
28.35,-7.666174725066741,0.055139525014687565,0.32640676273613284,0.3264067627361329,-0.653519691718458,2.300279288140036,2.5000000000000004,-1.5032778112516305,-0.21240834551375545,0.021485634225899195,9.370954685282515,0.0,0.0,0.8098082356583924,0.8098082356583924,-7.597149140757697,0.2539999410506412,0.34382663760938703,2.300279288140036,0.34382663760938703,0.017419874873254138,0.2104993975174216,0.0
28.400000000000002,-7.618545147105892,0.07035200513888562,0.29305932326520945,0.29305932326520967,-0.6151969302927061,2.353993373704784,2.5000000000000013,-1.448169497432554,-0.2002928978045279,0.021006187053956883,9.392440319508413,0.0,0.0,0.8193993418861755,0.8193993418861755,-7.549808589914532,0.270082533642497,0.3111506530234641,2.353993373704784,0.31115065302346423,0.01809132975825456,0.211227361652919,0.0
28.450000000000003,-7.57046307575403,0.08406740198991014,0.2624736136893993,0.26247361368939925,-0.5701827975185176,2.4065088413396762,2.499999999999991,-1.372149943408103,-0.18598577073300057,0.02055747192172948,9.41344650656237,0.0,0.0,0.7792794979233656,0.7792794979233656,-7.501981586914571,0.2846558191148714,0.2803908065088288,2.4065088413396762,0.28039080650882875,0.017917192819429495,0.21195619216801947,0.0
28.5,-7.522001766104449,0.09637622228328561,0.23679465772566205,0.2367946577256621,-0.5501294837550336,2.4579025211439998,2.5000000000000044,-1.352164645077144,-0.17958684916239426,0.020136339566087853,9.4340039784841,0.0,0.0,0.7892494503205275,0.7892494503205275,-7.453743506398103,0.2978056574263168,0.2518816666329029,2.4579025211439998,0.2518816666329027,0.015087008907240573,0.21268052886942782,0.0
28.55,-7.4732686136677176,0.10756037931514693,0.21324738204936464,0.21324738204936455,-0.5080583427109097,2.5082433700592195,2.499999999999995,-1.274333969707914,-0.1661142814586011,0.019740074826212112,9.454140318050188,0.0,0.0,0.7989523274288591,0.7989523274288591,-7.405155980800203,0.3095994998354205,0.22437519244515122,2.5082433700592195,0.22437519244515114,0.011127810395786586,0.2132114841577498,0.0
28.6,-7.424263882667781,0.11748781933554474,0.18671218096040829,0.18671218096040842,-0.46890755941158957,2.5575935571247497,2.5000000000000036,-1.1992749528381723,-0.15352189650538733,0.01936632261121695,9.4738803928764,0.0,0.0,0.8005940215768844,0.8005940215768844,-7.356273263376512,0.32010404594289,0.19897227530960573,2.5575935571247497,0.1989722753096057,0.012260094349197281,0.21371958168639893,0.0
28.650000000000002,-7.375032346992775,0.1262170403209938,0.16625034956522736,0.16625034956522722,-0.44081623571196776,2.606009363652792,2.500000000000013,-1.1487712379155643,-0.1444560837825206,0.019013028738049876,9.493246715487617,0.0,0.0,0.7533121668502205,0.7533121668502205,-7.307148390619656,0.3294116960928268,0.17552689733902627,2.606009363652792,0.17552689733902627,0.009276547773799049,0.21423421684479158,0.0
28.700000000000003,-7.325627434958975,0.1339240678160237,0.13696197860676163,0.13696197860676174,-0.4208814853032454,2.653541935497917,2.500000000000006,-1.1168266711268118,-0.13800798704418463,0.01867839223357168,9.512259744225666,0.0,0.0,0.7485430692588995,0.7485430692588995,-7.25782442435312,0.33759980562628417,0.15348608555342788,2.653541935497917,0.1534860855534279,0.016524106946666173,0.2146649818199785,0.0
28.75,-7.2759710557450985,0.1397511474274695,0.10654757074691781,0.10654757074691767,-0.40885383851323714,2.7002379160818464,2.500000000000009,-1.1040026368890472,-0.13411189414657448,0.018360826564416156,9.530938136459238,0.0,0.0,0.7505818665030758,0.7505818665030758,-7.20833543589327,0.3447235514702977,0.1324420112882656,2.7002379160818464,0.1324420112882656,0.02589444054134793,0.21584314557529385,0.0
28.8,-7.22627761874879,0.14529192378434114,0.11344465206324662,0.11344465206324683,-0.377743225542084,2.746139982492887,2.5000000000000044,-1.0373357747769452,-0.12401554821049066,0.01805892788449889,9.549298963023654,0.0,0.0,0.7497965067848974,0.7497965067848974,-7.158709282719172,0.3508192756448105,0.11199931936260375,2.746139982492887,0.11199931936260388,-0.001445332700642954,0.21634919088498705,0.0
28.85,-7.176582645474408,0.1507994717981007,0.10809354427999425,0.10809354427999418,-0.3517244341390514,2.7912873022041342,2.4999999999999822,-0.9817639468872685,-0.11555200781065346,0.01777144884662855,9.567357890908152,0.0,0.0,0.7500690548469185,0.7500690548469185,-7.108972733644524,0.3559380025012025,0.09311215808549955,2.7912873022041342,0.09311215808549944,-0.014981386194494739,0.2159928632077275,0.0
28.900000000000002,-7.126871357123499,0.1561739965142021,0.10463245608046962,0.10463245608046945,-0.32356718854373684,2.8357159243207053,2.4999999999999973,-0.9175446291411546,-0.10637412400682182,0.017497276861373676,9.585129339754781,0.0,0.0,0.7499775269757097,0.7499775269757097,-7.05915101297594,0.36014890669188343,0.07552593637854699,2.8357159243207053,0.07552593637854699,-0.029106519701922462,0.21492279775179035,0.0
28.950000000000003,-7.077093649680559,0.1608704951890707,0.08265119302295951,0.08265119302295965,-0.30082324809796407,2.8794591164741394,2.500000000000012,-0.8662082441830444,-0.09894748365337715,0.017235415937283977,9.602626616616154,0.0,0.0,0.7500069479168838,0.7500069479168838,-7.0092652068797445,0.363518152677171,0.05934757695136014,2.8794591164741394,0.05934757695136028,-0.023303616071599365,0.21369784916605444,0.0
29.0,-7.027227633799608,0.1645416112435585,0.065006473201561,0.06500647320156094,-0.27785423803781567,2.9225476563173496,2.499999999999989,-0.8120422521752612,-0.09143622343746242,0.016984971425460037,9.619862032553439,0.0,0.0,0.7499979651009824,0.7499979651009824,-6.9593328135049894,0.36610831813433975,0.04430641454646194,2.9225476563173496,0.04430641454646178,-0.020700058655099163,0.21269424992141348,0.0
29.05,-6.977307613481751,0.16736432767746057,0.04797223559668635,0.047972235596686286,-0.25997949894313416,2.9650100848809995,2.5000000000000075,-0.770841836228702,-0.08558366628588973,0.016745137134974136,9.636847003978898,0.0,0.0,0.7500005595566177,0.7500005595566177,-6.909368105633707,0.3679758715298417,0.03041370264457116,2.9650100848809995,0.030413702644571217,-0.01755853295211507,0.21180360774422688,0.0
29.1,-6.927347256946479,0.16936085181485783,0.032167523130385296,0.03216752313038551,-0.24041154365074277,3.006872927718435,2.5000000000000013,-0.7228869621144173,-0.07916998415404955,0.016515184395621843,9.653592141113872,0.0,0.0,0.7499998581969898,0.7499998581969898,-6.85938275413787,0.3691714599098356,0.01741472769741445,3.006872927718435,0.017414727697414367,-0.014752795432971144,0.21105319886063398,0.0
29.150000000000002,-6.877362511500565,0.17059776476801375,0.017470425548072894,0.0174704255480731,-0.20519662425069182,3.0481608887074896,2.4999999999999853,-0.6254723245357656,-0.06761167199540466,0.01629445272945232,9.670107325509495,0.0,0.0,0.750000031762413,0.750000031762413,-6.809386306656713,0.36974166607555664,0.0053941505148773095,3.0481608887074896,0.005394150514877349,-0.012076275033195749,0.21042589634586734,0.0
29.200000000000003,-6.827365217382093,0.1711271713405661,0.003910048220453167,0.003910048220453266,-0.20010192797716952,3.08889702053112,2.499999999999993,-0.6180942491312117,-0.06593790796430711,0.016082341858675565,9.686401778238947,0.0,0.0,0.7499999944378357,0.7499999944378357,-6.7593865277116745,0.3697548777653732,-0.004865680697657283,3.08889702053112,-0.004865680697657471,-0.008775728918110737,0.2099382480847319,0.0
29.25,-6.777365314708847,0.17100139281936755,-0.008858094005456922,-0.008858094005456785,-0.1806729195099467,3.129102875177809,2.5,-0.5653441519053432,-0.0595515657594456,0.015878304829417544,9.702484120097623,0.0,0.0,0.7500000003266906,0.7500000003266906,-6.709389170784302,0.3692614763889811,-0.014870777096515759,3.129102875177809,-0.014870777096515742,-0.006012683091058957,0.20958963924746044,0.0
29.3,-6.727370842761327,0.1702549371537299,-0.020819587453838016,-0.02081958745383794,-0.16771157104451123,3.168798637251353,2.5,-0.5314441977771306,-0.05528841410772213,0.015681842071747987,9.71836242492704,0.0,0.0,0.7500000002178867,0.7500000002178867,-6.659398737454452,0.3682921604095939,-0.023904423072013098,3.168798637251353,-0.023904423072012904,-0.0030848356181749637,0.209377527196072,0.0
29.35,-6.677388193152844,0.16893648136007205,-0.03177301085434716,-0.03177301085434703,-0.1283599780471333,3.2080032424307228,2.499999999999992,-0.41177922577354004,-0.042333485662015946,0.015492496248947822,9.734044266998788,0.0,0.0,0.7499999998834126,0.7499999998834126,-6.609418618932765,0.36688748874719607,-0.03229000162423866,3.2080032424307228,-0.03229000162423867,-0.0005169907698916454,0.2092951608261308,0.0
29.400000000000002,-6.627422101066193,0.16709482560535505,-0.04171724806889582,-0.041717248068895874,-0.11975233794547586,3.246734483053092,2.5000000000000084,-0.3888040450338038,-0.03949771896365625,0.015309847774999013,9.749536763247736,0.0,0.0,0.7499999999092954,0.7499999999092954,-6.559450205864307,0.3651129145087517,-0.03870800052659532,3.246734483053092,-0.0387080005265954,0.003009247542300475,0.20935936107633132,0.0
29.450000000000003,-6.57747548434032,0.16478450570074907,-0.05056359822210651,-0.05056359822210643,-0.09543772190957905,3.28500910249059,2.4999999999999853,-0.3135137851939328,-0.031484041305810756,0.015133510900198299,9.764846611022735,0.0,0.0,0.7500000006304436,0.7500000006304436,-6.509493750214213,0.3630284314647394,-0.04469561742386911,3.28500910249059,-0.044695617423869294,0.005867980798237138,0.20957616819932343,0.0
29.5,-6.527549852396872,0.1620584601976073,-0.058311547186269935,-0.05831154718626985,-0.0925741398476505,3.3228428797410854,2.4999999999999893,-0.30760932144092096,-0.030539967835628692,0.014963130281709234,9.779980121922934,0.0,0.0,0.7499999974199588,0.7499999974199588,-6.459549204199949,0.36067522528141843,-0.04946750351934807,3.3228428797410854,-0.04946750351934792,0.00884404366692193,0.20993500786567118,0.0
29.55,-6.477644891483404,0.15897674748061344,-0.06491828019735044,-0.06491828019735024,-0.07360574167527224,3.3602507054453583,2.4999999999999933,-0.24733374538916236,-0.0242851194387505,0.014798377969611958,9.794943252204643,0.0,0.0,0.7500000098071974,0.7500000098071974,-6.409616267817461,0.3580872916346996,-0.054096210511730594,3.3602507054453583,-0.054096210511730636,0.010822069685619606,0.2104112697343438,0.0
29.6,-6.427759657130108,0.15559130014102293,-0.0700616666514422,-0.07006166665144242,-0.07224433388495402,3.397246650369388,2.499999999999996,-0.24543182129882773,-0.023836114910551723,0.014638950750237025,9.809741630174255,0.0,0.0,0.7499999639504714,0.7499999639504714,-6.359694497491094,0.35529193376407464,-0.057776497595494206,3.397246650369388,-0.05777649759549419,0.01228516905594823,0.2109815371688546,0.0
29.650000000000002,-6.377886499810581,0.15203182395771808,-0.07213887702881554,-0.0721388770288156,-0.07576705041115436,3.4338440272449806,2.499999999999996,-0.26017223351631175,-0.02499791830143028,0.014484567797782177,9.824380580924492,0.0,0.0,0.7500001348473904,0.7500001348473904,-6.309783250547069,0.35231456746818246,-0.06138871428974191,3.4338440272449806,-0.06138871428974202,0.010750162739073588,0.21154486500108313,0.0
29.700000000000003,-6.328018010590859,0.14840792850724982,-0.07264452502803083,-0.07264452502803076,-0.06928682213911963,3.470055446739436,2.4999999999999916,-0.24042911455111862,-0.022860668067554418,0.01433496859280568,9.838865148722274,0.0,0.0,0.7499994950539827,0.7499994950539827,-6.259883365085475,0.34915253632988,-0.06517706681029962,3.470055446739436,-0.06517706681029978,0.007467458217730982,0.21199228167083334,0.0
29.75,-6.2781477345690835,0.14480813272381032,-0.07103407015399855,-0.07103407015399865,-0.09041529078511283,3.50589286822145,2.4999999999999893,-0.31698632314169567,-0.02982819654897388,0.014189911072477085,9.85320011731508,0.0,0.0,0.7500018902805266,0.7500018902805266,-6.209995269436497,0.3458095717611192,-0.0686414079172556,3.50589286822145,-0.06864140791725548,0.0023926622367431705,0.21224122360822692,0.0
29.8,-6.228267921647193,0.14134458944465633,-0.06769091663287995,-0.06769091663288007,-0.07591153018029723,3.5413676459026426,2.4999999999999987,-0.2688306369314666,-0.025045566780660288,0.014049169982693328,9.867390028387558,0.0,0.0,0.7499929272917606,0.7499929272917606,-6.160120935864726,0.34226745475371945,-0.07316217245651124,3.5413676459026426,-0.07316217245651124,-0.0054712558236311715,0.21216505243616265,0.0
29.85,-6.178374979425373,0.1380714654663489,-0.061467113632658464,-0.06146711363265833,-0.06148064439110549,3.576490570859376,2.500000000000018,-0.21988494495514715,-0.020285829550707818,0.013912535406530223,9.88143919837025,0.0,0.0,0.7500264470644574,0.7500264470644574,-6.110261749620212,0.33851798204012384,-0.07695774896552611,3.576490570859376,-0.07695774896552621,-0.015490635332867875,0.2117031366821269,0.0
29.900000000000002,-6.1284537235778185,0.1352638578767788,-0.05613705867180684,-0.05613705867180663,-0.0433365798374204,3.6112719093757017,2.4999999999999916,-0.1565001734152937,-0.014300096511207585,0.013779811447154035,9.895351733776781,0.0,0.0,0.7499011719124062,0.7499011719124062,-6.06041572587672,0.33459727442084375,-0.08003178118508139,3.6112719093757017,-0.08003178118508147,-0.023894722513274846,0.21062521236144627,0.0
29.950000000000003,-6.078557940911684,0.13204384587528747,-0.06716568940448953,-0.06716568940448964,-0.0336221391663101,3.6457214379935867,2.4999999999999933,-0.12257695354982055,-0.01109485065962179,0.013650815046390577,9.909131545223936,0.0,0.0,0.7503699681667175,0.7503699681667175,-6.010580137328449,0.33054596156328886,-0.08219861017695242,3.6457214379935867,-0.08219861017695251,-0.015032920772462877,0.20981914048201966,0.0
30.0,-6.0286448886997235,0.1291034348359729,-0.055630028079258306,-0.05563002807925832,-0.029205673701455312,3.679848475609563,2.500000000000014,-0.10747245384945063,-0.009637573922010161,0.013525374922741763,9.922782360270327,0.0,0.0,0.74861766357814,0.74861766357814,-5.960752431728078,0.3263987738637916,-0.08387971713526793,3.679848475609563,-0.0838797171352681,-0.028249689056009775,0.2086500335867424,0.0
30.05,-5.978745102807651,0.12594111402466365,-0.06588978405453438,-0.0658897840545345,-0.022859631192062045,3.7136619129164177,2.4999999999999916,-0.08489294170127694,-0.007543535202025962,0.01340333061483432,9.936307735193068,0.0,0.0,0.7551730335159748,0.7551730335159748,-5.910931300117839,0.3221733270459892,-0.0853400008203407,3.7136619129164177,-0.08534000082034066,-0.01945021676580616,0.2076193470332178,0.0
30.1,-5.928826838880925,0.1230984624378127,-0.05116940101682867,-0.051169401016828875,-0.017278944983253445,3.7471702394535034,2.5000000000000093,-0.06474714841040172,-0.0057019900479907334,0.01328453161814926,9.949711065807902,0.0,0.0,0.7132715513367716,0.7132715513367716,-5.861115708975557,0.3178830348681213,-0.0864829823799438,3.7471702394535034,-0.08648298237994378,-0.03531358136311491,0.2062179108853537,0.0
30.150000000000002,-5.87890443533179,0.12031100344526163,-0.06179157704428769,-0.06179157704428784,-0.011557011375873227,3.7803815684988766,2.4999999999999982,-0.043689912792282994,-0.0038137952633362665,0.01316883660446849,9.962995597426051,0.0,0.0,0.6967731751598378,0.6967731751598378,-5.81130444690642,0.313542756584906,-0.08734692962910647,3.7803815684988766,-0.08734692962910628,-0.025555352584818447,0.2047150919119803,0.0
30.200000000000003,-5.829011953922262,0.11702543082150994,-0.06453692087171906,-0.06453692087171925,-0.00607218907158796,3.813303660010048,2.500000000000004,-0.02315510081095938,-0.002003819711645007,0.013056112714831848,9.976164434030519,0.0,0.0,0.7008708759058498,0.7008708759058498,-5.761496325826148,0.3091665704729147,-0.08792478019790012,3.813303660010048,-0.08792478019790018,-0.023387859326180926,0.20365799170116894,0.0
30.25,-5.779088178256962,0.11428322776856521,-0.049150450352253336,-0.049150450352253294,-0.0007111741461810588,3.8459439417971275,2.499999999999991,-0.0027351358990677878,-0.00023468746393102784,0.012946234917960143,9.98922054674535,0.0,0.0,0.6997656093352703,0.6997656093352703,-5.711690137798138,0.30476843280859484,-0.08822838965147951,3.8459439417971275,-0.0882283896514795,-0.039077939299226205,0.20205719288565643,0.0
30.3,-5.729159284101028,0.11162255428043452,-0.056016804443148605,-0.056016804443148605,0.00409458321506314,3.8783095290920278,2.499999999999994,0.015880061100639647,0.0013512116386350417,0.012839085427098983,10.00216678166331,0.0,0.0,0.700063259414631,0.700063259414631,-5.661884696151767,0.30036184885426787,-0.08826394835878856,3.8783095290920278,-0.08826394835878837,-0.032247143915639764,0.20037063532357008,0.0
30.35,-5.679235097794295,0.10884316237917802,-0.060225357870887,-0.06022535787088712,0.008376129942046303,3.910407242659775,2.5000000000000027,0.03275407919083727,0.0027641158412621556,0.012734553169098625,10.01500586709041,0.0,0.0,0.699982468279048,0.699982468279048,-5.612078882036023,0.2959594777277299,-0.0880592191980354,3.910407242659775,-0.08805921919803561,-0.02783386132714849,0.19880259752978638,0.0
30.400000000000002,-5.6293741554284,0.10515049885455244,-0.08230856878114375,-0.08230856878114379,0.013375589876832197,3.9422436255825217,2.5000000000000004,0.05272983393034784,0.004413915994197942,0.012632533300288526,10.027740420259509,0.0,0.0,0.7000065434069708,0.7000065434069708,-5.562271698100181,0.291572634689828,-0.08764041270093309,3.9422436255825217,-0.08764041270093292,-0.0053318439197891365,0.19813114976921575,0.0
30.450000000000003,-5.579528778174733,0.10119772625336936,-0.0808304353871636,-0.08083043538716339,0.014207537266902538,3.973824958833243,2.499999999999964,0.05645826619477074,0.004688452944557409,0.01253292676434903,10.040372953559798,0.0,0.0,0.6999915104402165,0.6999915104402165,-5.512462136558444,0.28721287714634514,-0.08697163320709148,3.973824958833243,-0.08697163320709134,-0.006141197819927946,0.19773611399899704,0.0
30.5,-5.529750977938044,0.09651388539566332,-0.10148868613300388,-0.10148868613300399,0.029653121844588542,4.005157275744115,2.500000000000014,0.11876541670438055,0.009785217883619562,0.012435639887941293,10.052905880324147,0.0,0.0,0.7000275209489587,0.7000275209489587,-5.4626495805850235,0.2828874682337757,-0.08626125634374635,4.005157275744115,-0.08626125634374615,0.01522742978925784,0.1980851077356466,0.0
30.55,-5.479980951043484,0.09171480081415911,-0.0945493630247553,-0.09454936302475536,0.033470881530525735,4.036246375463969,2.4999999999999827,0.1350967242611684,0.011044941756289874,0.012340584010342767,10.065341520212089,0.0,0.0,0.6998981549340316,0.6998981549340316,-5.41283231519199,0.27861668250039207,-0.08477860025151691,4.036246375463969,-0.08477860025151696,0.009770762773238406,0.19859821921299103,0.0
30.6,-5.430249810836008,0.08654728343292552,-0.10894729944871898,-0.10894729944871884,0.03167555115338841,4.067097835489825,2.4999999999999685,0.12882756553389324,0.010452551196607988,0.01224767514375935,10.077682104222431,0.0,0.0,0.7003817580212679,0.7003817580212679,-5.363008373357634,0.2744245187883155,-0.08310505617499063,4.067097835489825,-0.08310505617499064,0.025842243273728194,0.19954765465658228,0.0
30.650000000000002,-5.380515451852938,0.08140011391582329,-0.0969625551474789,-0.09696255514747909,0.033532326776227625,4.097717023349223,2.499999999999962,0.13740598626345693,0.01106521620933126,0.012156833661355834,10.08992977936619,0.0,0.0,0.6985723741779624,0.6985723741779624,-5.313177669386295,0.27031350685203,-0.08152127861732121,4.097717023349223,-0.08152127861732117,0.015441276530157921,0.2005558450362256,0.0
30.700000000000003,-5.330734576524824,0.07672237735310232,-0.09055208226764429,-0.09055208226764444,0.03666431720699596,4.128109107502612,2.499999999999974,0.15135430178256476,0.012098634323335718,0.012067984010370608,10.102086613027547,0.0,0.0,0.7053349841141746,0.7053349841141746,-5.263340330500955,0.2662837342547229,-0.07984466227850982,4.128109107502612,-0.07984466227850984,0.010707419989134603,0.20118521920734972,0.0
30.75,-5.280922382227174,0.07239374331546232,-0.08279001883718408,-0.08279001883718395,0.04162588302891497,4.158279067528539,2.4999999999999836,0.17309203806652856,0.013735677502914894,0.011981054447965257,10.114154597037917,0.0,0.0,0.6655913252169972,0.6655913252169972,-5.21349599759073,0.26234142825648316,-0.07801144641816002,4.158279067528539,-0.07801144641815982,0.00477857241902413,0.2015600167681948,0.0
30.8,-5.231078806331183,0.06844136082051686,-0.07549681400968426,-0.07549681400968433,0.04921666191350546,4.1882317036484515,2.499999999999979,0.20613078377389082,0.016240070562670787,0.011895976797710007,10.126135651485882,0.0,0.0,0.6463118411213584,0.6463118411213584,-5.16364404607743,0.25849668797280967,-0.07593015226671428,4.1882317036484515,-0.0759301522667144,-0.00043333825703006923,0.20166426125976356,0.0
30.85,-5.181207806947869,0.06485217920910409,-0.06821192580842311,-0.06821192580842306,0.05762883791500351,4.217971645642726,2.4999999999999982,0.2430768042968253,0.01901522434670378,0.011812686224826415,10.138031628283592,0.0,0.0,0.6509946529690608,0.6509946529690608,-5.113783495064747,0.2547651747285494,-0.07346931917103901,4.217971645642726,-0.07346931917103916,-0.005257393362616103,0.20152663273146149,0.0
30.900000000000002,-5.13131219403384,0.06162286971217309,-0.0610593548280837,-0.061059354828083556,0.07494607703042738,4.247503361204792,2.5000000000000218,0.3183337140958536,0.02472716452179998,0.011731121028503363,10.14984431450842,0.0,0.0,0.6497321173456918,0.6497321173456918,-5.063913159224954,0.2511668593622848,-0.07058787727528883,4.247503361204792,-0.07058787727528903,-0.009528522447205479,0.2011704598236307,0.0
30.950000000000003,-5.0813948299742036,0.058749475034170905,-0.05396660014604476,-0.05396660014604482,0.07304515376780837,4.276831163776051,2.4999999999999813,0.3124017899969765,0.024100233683022523,0.01165122244977441,10.161575435536923,0.0,0.0,0.6500720598855078,0.6500720598855078,-5.014031183091778,0.24773385316653512,-0.06684057342376745,4.276831163776051,-0.06684057342376759,-0.012873973277722772,0.20063139360373416,0.0
31.0,-5.031458560599396,0.056225719571862905,-0.047038769185762004,-0.047038769185761886,0.08957612260504819,4.305959219900487,2.5000000000000147,0.38571113101414367,0.02955151508598195,0.011572934493597063,10.173226657986698,0.0,0.0,0.6499806466264215,0.6499806466264215,-4.964136845556411,0.24448542232674078,-0.06318831573537703,4.305959219900487,-0.0631883157353772,-0.016149546549615312,0.1999348118704789,0.0
31.05,-4.981506065824973,0.054046715007304784,-0.04016787433681788,-0.0401678743368179,0.09048860612569422,4.33489155613448,2.4999999999999822,0.3922582946206506,0.029852369074337318,0.011496203763909644,10.184799592480294,0.0,0.0,0.6500051501699464,0.6500051501699464,-4.914229727773781,0.2414398656481944,-0.058709509605124624,4.33489155613448,-0.058709509605124666,-0.018541635268306766,0.19910373820874708,0.0
31.1,-4.931539892744318,0.052207769301208594,-0.03342117944604933,-0.033421179446049276,0.10719017776768848,4.3636320655442535,2.499999999999964,0.4677384968184742,0.03535801655272659,0.011420979310561727,10.196295796244204,0.0,0.0,0.6499987922790497,0.6499987922790497,-4.864309406630623,0.23861900190816665,-0.054185079298839915,4.3636320655442535,-0.05418507929883987,-0.02076389985279059,0.19816429018652482,0.0
31.150000000000002,-4.881562514641341,0.05070391973313631,-0.026764907432716045,-0.02676490743271609,0.11597202313618411,4.392184513820657,2.4999999999999662,0.5093705240551989,0.03825209958978379,0.011347212487120981,10.207716775554765,0.0,0.0,0.6499996734998099,0.6499996734998099,-4.814375771696621,0.23604487720551268,-0.04882557041045549,4.392184513820657,-0.048825570410455654,-0.022060662977739565,0.19714291502434733,0.0
31.200000000000003,-4.831576319541578,0.04952904788053913,-0.02025207503548125,-0.0202520750354811,0.11486389457437887,4.4205525450384595,2.499999999999976,0.5077618814937999,0.037886946891851785,0.011274856818654764,10.219063988041885,0.0,0.0,0.6500025146010753,0.6500025146010753,-4.764428562961775,0.233749374083834,-0.04302696925364628,4.4205525450384595,-0.04302696925364646,-0.022774894218165365,0.19607638766600358,0.0
31.25,-4.7815835695578786,0.04867744927155486,-0.01382763754503425,-0.013827637545034133,0.13411249976848227,4.448739687085096,2.5000000000000213,0.5966316002542379,0.04422826345929761,0.011203867878669886,10.23033884486054,0.0,0.0,0.6499902690735427,0.6499902690735427,-4.7144689375551945,0.23174214777669294,-0.037283774524927336,4.448739687085096,-0.03728377452492726,-0.023456136979893127,0.19497963398168744,0.0
31.3,-4.7315864205453835,0.04814445963196592,-0.007530290869700387,-0.007530290869700362,0.14192070989443994,4.476749356781771,2.4999999999999907,0.6353434467339464,0.04679963735581315,0.0111342031744702,10.24154271273921,0.0,0.0,0.6500364060082895,0.6500364060082895,-4.664497811173273,0.23004592837627463,-0.030578149536503223,4.476749356781771,-0.030578149536503396,-0.023047858666803034,0.1938788947740839,0.0
31.35,-4.681586887244454,0.04792183980620638,-0.0013130968287975765,-0.0013130968287975442,0.15126313919718493,4.5045848647179465,2.500000000000004,0.6813776474173632,0.04987543870479529,0.011065822040259814,10.25267691591368,0.0,0.0,0.6498641126987494,0.6498641126987494,-4.614516180627964,0.22869458919042268,-0.023482114041781226,4.5045848647179465,-0.023482114041781355,-0.02216901721298381,0.19281407263466002,0.0
31.400000000000002,-4.631587041074609,0.0480151700520152,0.004724660555241181,0.0047246605552411225,0.14011967958684202,4.532249419818596,2.4999999999999605,0.6350573365126323,0.046206581729125736,0.01099868553738101,10.26374273795394,0.0,0.0,0.6502892097763039,0.6502892097763039,-4.564526002239015,0.22770962847484147,-0.01591895708192198,4.532249419818596,-0.015918957081921814,-0.020643617637162937,0.19180010771003728,0.0
31.450000000000003,-4.581588246306674,0.04837687674933925,0.010848596436539112,0.010848596436539015,0.14366713039145426,4.559746133662048,2.5000000000000324,0.6550856423367549,0.047374679233749314,0.010932756361130771,10.27474142349132,0.0,0.0,0.6433810024881174,0.6433810024881174,-4.51452995834513,0.22708884743933583,-0.00891297310257988,4.559746133662048,-0.00891297310257988,-0.019761569539118895,0.1908789733109321,0.0
31.5,-4.531594015640936,0.0491559367584963,0.0161114389184837,0.016111438918483767,0.12962365912807494,4.5870780245648755,2.500000000000011,0.5945938382500808,0.042749746159106816,0.01086799875364934,10.285674179852451,0.0,0.0,0.6328528167890209,0.6328528167890209,-4.4645307737485265,0.2268227845245137,-0.0017296165830071658,4.5870780245648755,-0.0017296165830069654,-0.017841055501490732,0.18990257293736967,0.0
31.55,-4.481596348621935,0.049534356909148994,0.002168241978468827,0.0021682419784689877,0.12989851891901905,4.614248021448999,2.4999999999999987,0.599383983911239,0.04284028387542019,0.010804378422418642,10.296542178606101,0.0,0.0,0.6231314374260174,0.6231314374260174,-4.414530918337173,0.22689833310801813,0.004751566373396581,4.614248021448999,0.004751566373396798,0.0025833243949278106,0.18962002001991582,0.0
31.6,-4.4315979212927425,0.04992175143766695,0.013947801109490104,0.013947801109490232,0.1176597428929802,4.6412589675050455,2.5000000000000115,0.5460893368163824,0.03880822067482809,0.010741862463948542,10.30734655702852,0.0,0.0,0.6134917497479282,0.6134917497479282,-4.3645326058217275,0.22729827960697865,0.011246492319347533,4.6412589675050455,0.011246492319347379,-0.0027013087901428534,0.18963172014361257,0.0
31.650000000000002,-4.38160526395708,0.050789608524322204,0.020566058871014616,0.020566058871014814,0.11427043451666319,4.668113623664917,2.500000000000011,0.5334273721493452,0.03769138460657348,0.010680419292265195,10.318088419492469,0.0,0.0,0.6026317021067213,0.6026317021067213,-4.314537710307392,0.22800765407840376,0.017129479463996542,4.668113623664917,0.017129479463996677,-0.0034365794070181366,0.18948428014630198,0.0
31.700000000000003,-4.331620301247087,0.052012115474098106,0.028357979859524523,0.028357979859524374,0.11422921157275198,4.69481467189558,2.499999999999968,0.5362849784508203,0.03767780034475937,0.010620018571848314,10.328768838784734,0.0,0.0,0.5993533750089424,0.5993533750089424,-4.264547764215982,0.22900689820756465,0.022843001189829702,4.69481467189558,0.022843001189829515,-0.005514978669694859,0.1892772525652671,0.0
31.75,-4.281645881303497,0.05361240841368085,0.03562793795770091,0.035627937957700695,0.11680965611402024,4.7213647183252005,2.4999999999999836,0.5515009891364346,0.03852811128460232,0.010560631154693991,10.339388857356582,0.0,0.0,0.6003806284144653,0.6003806284144653,-4.214564341865336,0.23029169160570812,0.028554461768467303,4.7213647183252005,0.02855446176846721,-0.007073476189233485,0.18898545457955776,0.0
31.8,-4.231684396145367,0.05557419019194412,0.04282631311249046,0.04282631311249041,0.10587660473499134,4.747766296211935,2.4999999999999574,0.502677375518145,0.034925072553947306,0.010502229021206412,10.349949488511276,0.0,0.0,0.5991245250303732,0.5991245250303732,-4.164589177274691,0.23186516470194324,0.034394944574168314,4.747766296211935,0.03439494457416847,-0.008431368538321937,0.18862734713977453,0.0
31.85,-4.18173799007874,0.05788875172961954,0.049766500402235604,0.049766500402235625,0.1063445944067001,4.774021868764951,2.5000000000000178,0.5076914193225252,0.035079320013992894,0.01044478522464615,10.360451717532483,0.0,0.0,0.6057553509747625,0.6057553509747625,-4.114623534181924,0.23371683201068472,0.039688774810917885,4.774021868764951,0.03968877481091804,-0.010077725591317588,0.18820165781854922,0.0
31.900000000000002,-4.131808728951828,0.060547445604040656,0.05660460513981164,0.05660460513981169,0.12294366738724745,4.8001338318265665,2.500000000000039,0.590146057234359,0.040549171484890005,0.010388273838884935,10.370896502757128,0.0,0.0,0.6162446202977516,0.6162446202977516,-4.064668418867302,0.2358335662102761,0.04500600453125289,4.8001338318265665,0.04500600453125303,-0.011598600608558662,0.1877046757953303,0.0
31.950000000000003,-4.081898525608646,0.06354270814795256,0.06323867895610155,0.06323867895610169,0.13492751392543087,4.826104516423779,2.499999999999997,0.6511742843453543,0.04449668916593558,0.010332669909236727,10.381284776596013,0.0,0.0,0.6262861139629393,0.6262861139629393,-4.014726277558969,0.2382366161519332,0.051153187900615266,4.826104516423779,0.05115318790061529,-0.012085491055486397,0.18716322395639212,0.0
32.0,-4.032008916036494,0.06686342200810554,0.06966967717023928,0.0696696771702392,0.13864140771876848,4.851936191196871,2.499999999999994,0.6726792637091741,0.045719781892718345,0.010277949406153323,10.39161744650525,0.0,0.0,0.6345779523723792,0.6345779523723792,-3.9648006819661434,0.24096157902418583,0.05789956359688681,4.851936191196871,0.05789956359688686,-0.011770113573352337,0.18662024274780797,0.0
32.050000000000004,-3.9821415246243688,0.07050251255855536,0.07598344312905814,0.07598344312905825,0.13238998016012749,4.877631064712254,2.4999999999999756,0.6457494798856769,0.04366092901108641,0.010224089181589336,10.401895395911405,0.0,0.0,0.6503872517356943,0.6503872517356943,-3.914894895768252,0.24402792746393215,0.06483163398282524,4.877631064712254,0.06483163398282521,-0.011151809146233038,0.1860999159338754,0.0
32.1,-3.9322975805696747,0.07444986854845267,0.08205367996737657,0.08205367996737678,0.12832868790783503,4.903191287666227,2.4999999999999605,0.629220104507335,0.04232317840551317,0.010171066927856548,10.412119485092994,0.0,0.0,0.627566633285091,0.627566633285091,-3.8650110231383215,0.24743235438982245,0.07145113299083161,4.903191287666227,0.07145113299083139,-0.01060254697654539,0.18560824663474004,0.0
32.15,-3.8824783142494863,0.07869728221589865,0.08801640900421702,0.08801640900421681,0.12313010803306788,4.928618954985868,2.499999999999982,0.6068613843812362,0.04061059563803626,0.010118861138801522,10.42229055202085,0.0,0.0,0.6337050559859437,0.6337050559859437,-3.8151503944197955,0.25116184852924883,0.07786756738622336,4.928618954985868,0.07786756738622325,-0.010148841617993565,0.18514069088734983,0.0
32.2,-3.8326847546811775,0.08323617710294778,0.09375528041539112,0.09375528041539116,0.11768633541491574,4.953916107832872,2.4999999999999862,0.5830082326837733,0.03881698299408326,0.010067451073153022,10.432409413159652,0.0,0.0,0.6698107612886314,0.6698107612886314,-3.765314189348651,0.25520471480222284,0.08402407278787676,4.953916107832872,0.08402407278787694,-0.009731207627514227,0.18469426366742203,0.0
32.25,-3.7829176081582645,0.08805605637349924,0.09931631765642546,0.09931631765642557,0.111791884382484,4.979084735515754,2.4999999999999805,0.5566212650833682,0.036874599509734755,0.01001681671989737,10.442476864232805,0.0,0.0,0.6942800934794247,0.6942800934794247,-3.715503220207912,0.2595475410299768,0.08990838955862254,4.979084735515754,0.08990838955862257,-0.009407928097802998,0.18426619063844438,0.0
32.300000000000004,-3.733177692139895,0.09314925929724364,0.10473513404305451,0.10473513404305468,0.10552183976275775,5.004126777315498,2.499999999999966,0.5280446639484113,0.03480814237824223,0.009966938765550418,10.452493680952703,0.0,0.0,0.7012255593316311,0.7012255593316311,-3.6657179782199196,0.2641760581887269,0.09549798377774674,5.004126777315498,0.09549798377774676,-0.009237150265307914,0.18385042545839483,0.0
32.35,-3.6834655768527353,0.09850703665132646,0.10996166441254392,0.10996166441254385,0.0987797820438539,5.029044124229373,2.5000000000000067,0.4967678824803016,0.03258578961065977,0.009917798563204601,10.462460619718254,0.0,0.0,0.6997627389613292,0.6997627389613292,-3.615958609776578,0.2690749818138927,0.10077407576588462,5.029044124229373,0.1007740757658846,-0.00918758864665925,0.1834410382678903,0.0
32.4,-3.633781720829952,0.10412080400107407,0.11502874474033002,0.11502874474032998,0.09202338949440733,5.053838620637385,2.5000000000000124,0.4650713598287924,0.03035838867523687,0.009869378103238397,10.472378418281458,0.0,0.0,0.6997071544296812,0.6997071544296812,-3.5662249045738,0.2742279891663805,0.10571306486807731,5.053838620637385,0.1057130648680773,-0.00931567987225268,0.183031084429753,0.0
32.45,-3.5841262959194253,0.10998075012889272,0.11988416699479418,0.11988416699479432,0.08367500355228868,5.078512065895481,2.4999999999999596,0.42494451515414533,0.02760573647122884,0.009821659985583667,10.482247796384696,0.0,0.0,0.7014126839630722,0.7014126839630722,-3.516516338667015,0.2796181714354201,0.11031423434279768,5.078512065895481,0.11031423434279786,-0.00956993265199646,0.18261424103065188,0.0
32.5,-3.5344995236661076,0.11607858230485238,0.12460711909110032,0.12460711909110023,0.07956524220443317,5.10306621585944,2.500000000000015,0.4060266994501166,0.026250498624551467,0.009774627393453923,10.49206945637028,0.0,0.0,0.6946465156694301,0.6946465156694301,-3.4668319207821594,0.2852266447398632,0.11449798452041211,5.10306621585944,0.11449798452041193,-0.010109134570688294,0.18218115024770823,0.0
32.550000000000004,-3.484901442640667,0.12240550528277071,0.12911679479405885,0.1291167947940588,0.058059886625520564,5.127502784343075,2.49999999999998,0.29770223033099996,0.019157418608735845,0.009728264068443414,10.501844083763734,0.0,0.0,0.7298174783323027,0.7298174783323027,-3.4171708013140414,0.2910378335988403,0.11847624663063377,5.127502784343075,0.11847624663063394,-0.010640548163424857,0.18172589779064152,0.0
32.6,-3.435331817451919,0.12895182130597746,0.1334878521061306,0.13348785210613068,0.044197017863361984,5.151823444514183,2.5000000000000164,0.22769523280608042,0.014583981838954799,0.009682554286913295,10.511572347832177,0.0,0.0,0.7545126502719568,0.7545126502719568,-3.3675299545844704,0.2970198550179482,0.1213792409619098,5.151823444514183,0.12137924096190966,-0.012108611144221015,0.18122901689327917,0.0
32.65,-3.3857912763041242,0.13571410645994644,0.13772420881375774,0.1377242088137578,0.035391846979806164,5.1760298302314665,2.4999999999999605,0.18318925571446415,0.011678778503110724,0.009637482837586983,10.52125490211909,0.0,0.0,0.7487442215516745,0.7487442215516745,-3.317904555293881,0.3031287606368509,0.1235890918550779,5.1760298302314665,0.12358909185507772,-0.014135116958680083,0.18065512260297273,0.0
32.7,-3.336277124852103,0.1426688828260083,0.14162227173776548,0.14162227173776554,0.02520540570169592,5.2001235373254335,2.499999999999961,0.13107122345722563,0.00831759206609695,0.009593035000282208,10.530892384956676,0.0,0.0,0.750436185090603,0.750436185090603,-3.268291405628366,0.3093363952811338,0.1253586842040682,5.2001235373254335,0.12535868420406837,-0.016263587533697166,0.18000032701733681,0.0
32.75,-3.286797348596799,0.14985857404192054,0.14593684740476193,0.14593684740476176,0.015382362865866273,5.224106124826139,2.4999999999999787,0.08035909606187015,0.005076136146085499,0.009549196525712214,10.540485419956958,0.0,0.0,0.7495335204434098,0.7495335204434098,-3.2186877138413945,0.315619183691503,0.126618954489153,5.224106124826139,0.12661895448915317,-0.019317892915608592,0.1792079854747434,0.0
32.800000000000004,-3.2373202751620025,0.15708457450285668,0.1476593472941705,0.1476593472941703,0.005526112548894145,5.247979116140419,2.500000000000001,0.029000923250037974,0.0018236151196111886,0.00950595361629318,10.550034616482671,0.0,0.0,0.7514140076890281,0.7514140076890281,-3.169090420638639,0.32195230170092276,0.1273880726324463,5.247979116140419,0.12738807263244611,-0.02027127466172418,0.17842836243079532,0.0
32.85,-3.18798308898742,0.16517842174820535,0.17498275951500836,0.1749827595150082,-0.004259760923547644,5.271744000181152,2.499999999999975,-0.022456369090918415,-0.0014057201788459026,0.00946329290789914,10.559540570098964,0.0,0.0,0.7448434465414059,0.7448434465414059,-3.119496443542847,0.3283113440751175,0.12766437825989102,5.271744000181152,0.1276643782598912,-0.047318381255117004,0.17692589112724286,0.0
32.9,-3.138688983336058,0.17355030994201814,0.15745458149514943,0.15745458149514935,-0.01393222005728975,5.2954022324509,2.500000000000056,-0.07377670919436934,-0.004597600224051153,0.009421201452509608,10.569003863006863,0.0,0.0,0.7754050564653892,0.7754050564653892,-3.0699026677274803,0.3346719565396735,0.12745139021371363,5.2954022324509,0.12745139021371354,-0.030003191281435804,0.17519058826701456,0.0
32.95,-3.0892508695301073,0.18103383100210818,0.14315601862753055,0.14315601862753047,-0.023471265977626585,5.318955236082174,2.500000000000021,-0.12484261306917431,-0.007745362885791794,0.009379666701698774,10.578425064459372,0.0,0.0,0.80502722168268,0.80502722168268,-3.020306005146818,0.34101001300535183,0.12675477921084913,5.318955236082174,0.1267547792108492,-0.016401239416681257,0.1742003821269205,0.0
33.0,-3.0396897574955806,0.18763296680522107,0.12272103253009395,0.12272103253009403,-0.03278608831225813,5.342404402836421,2.499999999999992,-0.17515654255119156,-0.010818987000740873,0.009338676490918404,10.587804731161071,0.0,0.0,0.7986510390679498,0.7986510390679498,-2.970703439458755,0.34730168927108684,0.1255812159119678,5.342404402836421,0.1255812159119678,0.002860183381873771,0.1739345078187756,0.0
33.050000000000004,-2.9900583503666978,0.19369868787806252,0.1225382364099599,0.12253823640996009,-0.04217932296626932,5.365751094063717,2.4999999999999964,-0.22632374835312646,-0.01391827776679586,0.009298219024529798,10.59714340765199,0.0,0.0,0.8003406306226007,0.8003406306226007,-2.921092076713521,0.35352359626975777,0.1239419114963549,5.365751094063717,0.1239419114963547,0.0014036750863946068,0.17406995215722507,0.0
33.1,-2.9404283069735317,0.19976814698934467,0.12021616123861079,0.12021616123861101,-0.050042800751449186,5.388996641625042,2.5000000000000346,-0.2696804851870708,-0.016512623269956173,0.009258282861542937,10.606441626676519,0.0,0.0,0.799994670220764,0.799994670220764,-2.8714691440466145,0.3596525135411343,0.12183294534804144,5.388996641625042,0.12183294534804157,0.001616784109430558,0.17412172988816804,0.0
33.15,-2.8907823387088465,0.20570823176396563,0.11806336341942279,0.1180633634194228,-0.06258407382011841,5.412142348778899,2.5000000000000138,-0.33871391628096764,-0.020649808733271657,0.00921885690202368,10.615699909538062,0.0,0.0,0.7996819372477286,0.7996819372477286,-2.821832216484813,0.3656670058642909,0.11933080531046898,5.412142348778899,0.11933080531046913,0.001267441891046328,0.17418647699057488,0.0
33.2,-2.8411233137842107,0.21153739492583185,0.11554638552544927,0.11554638552544905,-0.0830060441004918,5.435189491033959,2.5000000000000506,-0.4511535785872943,-0.027385146702831202,0.009179930374132353,10.624918766440086,0.0,0.0,0.8012652636073806,0.8012652636073806,-2.7721785581751908,0.3715417123659365,0.11620160161946307,5.435189491033959,0.11620160161946291,0.0006552160940138663,0.17422617749770344,0.0
33.25,-2.7914488324570406,0.21723358614390118,0.11275935961935689,0.11275935961935701,-0.0953665723256654,5.45813931696929,2.4999999999999636,-0.5205240379353097,-0.03146058519190418,0.009141492821759334,10.634098696814219,0.0,0.0,0.7953042434745332,0.7953042434745332,-2.722503861717946,0.3772356515405183,0.11205129941443848,5.45813931696929,0.11205129941443825,-0.000708060204918759,0.17422419442028694,0.0
33.300000000000004,-2.7417579120106113,0.22278446200063717,0.10968763892812795,0.10968763892812783,-0.10482189109288809,5.480993049023688,-0.39031647216542603,-0.5745280564656376,-0.034577437215518744,0.009125399530368714,10.643240189635979,0.0,0.0,0.8217474514050711,0.8217474514050711,-2.6728042795905482,0.3827080184397338,0.1072829707981552,5.480993049023688,0.1072829707981553,-0.0024046681299725314,0.17415552626330894,0.0
33.35,-2.6920494892122027,0.22817638449547908,0.10636568341324519,0.10636568341324537,-0.10979048658934308,5.4774312552718945,-3.999999999999983,-0.6013698427759776,-0.03621501993070183,0.009158996635595645,10.652365589166347,0.0,0.0,0.8552944364950201,0.8552944364950201,-2.6230779421787127,0.38793158473938694,0.1020418762435108,5.4774312552718945,0.10204187624351091,-0.0043238071697344616,0.17400804092099886,0.0
33.4,-2.6423226717690356,0.23339592860707362,0.10274542462044689,0.10274542462044689,-0.11430646337920009,5.440795268729512,-3.999999999999975,-0.621918065138755,-0.03770325724315175,0.009221088918754785,10.661524585801944,0.0,0.0,0.8485778547886066,0.8485778547886066,-2.573324300101845,0.392888279396587,0.09655235191404364,5.440795268729512,0.09655235191404365,-0.006193072706403235,0.17377740144532297,0.0
33.45,-2.5925765095950117,0.23842776302883903,0.09882215062264886,0.09882215062264876,-0.11003791670617585,5.403910913054493,-4.000000000000014,-0.594635098938285,-0.036296564586188795,0.009284461430871993,10.670745674720699,0.0,0.0,0.85038180265349,0.85038180265349,-2.523543674724769,0.3975661562447211,0.09083702874508363,5.403910913054493,0.0908370287450837,-0.00798512187756506,0.1734663093674241,0.0
33.5,-2.5428103575398335,0.24325789351145352,0.09464200916774683,0.0946420091677469,-0.10671225718042696,5.366773067331005,-4.000000000000016,-0.572700467790015,-0.03520049897252566,0.009349158779452488,10.68003013615157,0.0,0.0,0.8498975884641501,0.8498975884641501,-2.473737591092467,0.4019647613322885,0.08533513290977485,5.366773067331005,0.0853351329097749,-0.009306876257971997,0.17308644360027867,0.0
33.550000000000004,-2.4930238248809338,0.247873220617201,0.09018489508041705,0.09018489508041716,-0.12322966001140469,5.329376432213195,2.499999999999981,-0.6567372458144249,-0.04064339359650188,0.009361405736277178,10.689379294931022,0.0,0.0,0.8500272884966007,0.8500272884966007,-2.4239084000985143,0.4060934165407197,0.0799995200507535,5.329376432213195,0.0799995200507535,-0.010185375029663657,0.1726573842641285,0.0
33.6,-2.4432165377870336,0.25225889137894386,0.0854194859502512,0.08541948595025106,-0.11432249607470567,5.352779946553888,2.4999999999999756,-0.61194316442867,-0.03770854051413309,0.009320653431053663,10.6987407006673,0.0,0.0,0.8499933644541487,0.8499933644541487,-2.3740563185061236,0.40993555809720034,0.07383803705018327,5.352779946553888,0.07383803705018321,-0.011581448900067848,0.1721774292942129,0.0
33.65,-2.393388378299982,0.25640070798034287,0.08039888213296636,0.08039888213296642,-0.10180874945180718,5.376081580131522,2.4999999999999627,-0.5473321426240857,-0.03358425503498085,0.009280428748920638,10.708061354098353,0.0,0.0,0.8499992509479007,0.8499992509479007,-2.3241822874536164,0.4134815726840441,0.06812191224644798,5.376081580131522,0.06812191224644781,-0.012276969886518607,0.17165046188780816,0.0
33.7,-2.3435394745065223,0.2602848815010234,0.07507298127770887,0.0750729812777089,-0.0929606814620258,5.399282652003823,2.5000000000000306,-0.5019209947363692,-0.030667407135809354,0.00924072040191308,10.717341782847274,0.0,0.0,0.850009572741951,0.850009572741951,-2.274289810369855,0.4167580543303294,0.06303147477385762,5.399282652003823,0.06303147477385762,-0.012041506503851274,0.17111215561236767,0.0
33.75,-2.293670056609285,0.2638961296844489,0.06945844733175685,0.06945844733175699,-0.08234642192823874,5.422384453008606,2.5000000000000173,-0.44651395802456867,-0.027167633297438987,0.009201517437292786,10.726582503249187,0.0,0.0,0.8499626639054912,0.8499626639054912,-2.2243819618889002,0.4197915604052017,0.05838344070075633,5.422384453008606,0.058383440700756406,-0.011075006631000583,0.17059960547899877,0.0
33.800000000000004,-2.2437807313041973,0.267221105271843,0.06359152179967731,0.06359152179967742,-0.07649267154944454,5.445388246601838,1.9836023607436712,-0.41653229460652014,-0.025237222237379897,0.00916677689193707,10.735784020686479,0.0,0.0,0.850139107074749,0.850139107074749,-2.174461288206111,0.4226063085834758,0.054266119604344396,5.445388246601838,0.054266119604344354,-0.009325402195333066,0.17014625061877295,0.0
33.85,-2.193872259187389,0.2702450275355491,0.05738663709320557,0.05738663709320546,-0.05467330503136154,5.463571486885095,-3.9999999999999774,-0.2987115104631183,-0.018040233340783925,0.009182387860038162,10.744950797578417,0.0,0.0,0.8494830013862302,0.8494830013862302,-2.1245298260058774,0.4252228014799193,0.050441486026872165,5.463571486885095,0.05044148602687226,-0.0069451510663331995,0.16978363718652262,0.0
33.9,-2.1439456275090767,0.2729528083001435,0.05093195740638278,0.0509319574063829,-0.04097683204753642,5.426841935444942,-3.9999999999999423,-0.22237479053725487,-0.013521530460229391,0.009244960362030064,10.754133185438455,0.0,0.0,0.8519224844186709,0.8519224844186709,-2.074590037513673,0.4276755486085807,0.04770782077530409,5.426841935444942,0.04770782077530411,-0.003224136631078789,0.16955625683578476,0.0
33.95,-2.0940021752820845,0.27532983073005285,0.04414055055366267,0.04414055055366273,-0.04675742284682843,5.389862093996823,-4.000000000000017,-0.25201606101510154,-0.01542872517636042,0.00930882975254717,10.763378145800486,0.0,0.0,0.8415340613346731,0.8415340613346731,-2.0246445198512726,0.43000887046659625,0.04565897917292727,5.389862093996823,0.04565897917292716,0.0015184286192644336,0.1695172253804268,0.0
34.0,-2.044043535339605,0.27736398756687936,0.0371869345503279,0.037186934550327955,-0.05532406371219843,5.352626774986634,-3.9999999999999676,-0.29612906472697975,-0.018254912987713444,0.009374041459615588,10.772686975553032,0.0,0.0,0.8302543003969822,0.8302543003969822,-1.97469400716467,0.43223263836294235,0.04332110803058585,5.352626774986634,0.043321108030585975,0.0061341734802580206,0.16968693543546304,0.0
34.050000000000004,-1.9940715198221035,0.27903399841806387,0.02963446081037972,0.029634460810379792,-0.06151794244865936,5.315130609148172,-3.99999999999998,-0.326975898920685,-0.02029813284225073,0.00944064317076059,10.782061017012648,0.0,0.0,0.8447218384830909,0.8447218384830909,-1.9247379865577305,0.4343289234003766,0.040554904844975925,5.315130609148172,0.040554904844976036,0.010920444034596244,0.17006955212554672,0.0
34.1,-1.9440886427999144,0.2803499322401068,0.022727458687190734,0.022727458687190616,-0.060059213667382844,5.27736803646513,-4.000000000000011,-0.31695457450347586,-0.019816945989483244,0.009508684979585765,10.791501660183409,0.0,0.0,0.8501075235347283,0.8501075235347283,-1.8747760594978193,0.43627927551329276,0.03747900772254296,5.27736803646513,0.03747900772254287,0.014751549035352252,0.1706405411900025,0.0
34.15,-1.8940961275869246,0.2812026160413469,0.01223173016033317,0.012231730160332965,-0.061480429446080294,5.2393332965467865,-3.9999999999999862,-0.322116461082844,-0.020285758648034915,0.009578219544144539,10.801010345162995,0.0,0.0,0.8499512289048361,0.8499512289048361,-1.8248084343445203,0.4380777631593014,0.03447604703917381,5.2393332965467865,0.03447604703917362,0.022244316878840653,0.17149517841074538,0.0
34.2,-1.8441026501300888,0.2819911181934183,0.021977670343766232,0.02197767034376641,-0.06283811226506883,5.2010204183702085,-3.9999999999999583,-0.3268223049424624,-0.02073360553248644,0.009649302258241888,10.810588564707139,0.0,0.0,0.8499133030389485,0.8499133030389485,-1.7748355760712256,0.4397244165238921,0.0314020255668698,5.2010204183702085,0.031402025566869884,0.009424355223103476,0.17227222919230564,0.0
34.25,-1.794119307951265,0.28329271073238754,0.02883268861541731,0.0288326886154171,-0.06485347990383934,5.162423209337241,-4.0000000000000435,-0.33480110986186656,-0.021398381729673958,0.009721991436932758,10.82023786696538,0.0,0.0,0.8503451204960518,0.8503451204960518,-1.7248578423009164,0.44121574833779137,0.02826011995361636,5.162423209337241,0.028260119953616325,-0.0005725686618007764,0.1724437196030989,0.0
34.300000000000004,-1.7441435744202345,0.2848466179429053,0.03318769718723509,0.03318769718723491,-0.06734265775172801,5.12353524358951,-3.9999999999999836,-0.3450324803879648,-0.02221941974061806,0.009796348517628934,10.829959858402313,0.0,0.0,0.8460614382160456,0.8460614382160456,-1.674875603769426,0.4425475293781464,0.02501744595842439,5.12353524358951,0.025017445958424478,-0.008170251228810432,0.17224293664933563,0.0
34.35,-1.6941735771091233,0.2865813641336043,0.03563794443677221,0.03563794443677226,-0.07027017727100295,5.084349849518994,-3.9999999999999516,-0.35727816523349687,-0.023185003283266344,0.009872438278390691,10.839756206919942,0.0,0.0,0.8352861510710041,0.8352861510710041,-1.6248892385140459,0.443714116933974,0.021650313070837993,5.084349849518994,0.021650313070837868,-0.013987631365934394,0.17172950118479768,0.0
34.4,-1.6442040184550273,0.2883183569802998,0.03394183554074203,0.03394183554074193,-0.07350474925547472,5.044860096405432,-4.000000000000014,-0.37082117641523127,-0.02425181156487805,0.009950329075166095,10.849628645198333,0.0,0.0,0.8256244348369802,0.8256244348369802,-1.5748991577431515,0.444708728747658,0.018136804207287846,5.044860096405432,0.018136804207288026,-0.0158050313334539,0.17105879720091866,0.0
34.45,-1.5942361795303108,0.29013839063820956,0.037573599165705275,0.03757359916570513,-0.07754281775481393,5.0050587801047675,-3.999999999999982,-0.3881063608377953,-0.02558354676791906,0.010030093099952887,10.859578974273498,0.0,0.0,0.8159520052703725,0.8159520052703725,-1.524905827319346,0.44552365147906414,0.01446156674451411,5.0050587801047675,0.014461566744514265,-0.023112032421190865,0.17015074793922252,0.0
34.5,-1.544255027535173,0.291437324984941,0.013530972869201406,0.013530972869201463,-0.08056035774804747,4.964938407704956,-3.999999999999946,-0.39997721432173244,-0.0265786576780481,0.010111806662099236,10.869609067373451,0.0,0.0,0.8052704836855533,0.8052704836855533,-1.4749097792191856,0.44614978453592663,0.010584425856773412,4.964938407704956,0.01058442585677355,-0.0029465470124279136,0.1695426453855233,0.0
34.550000000000004,-1.4942680225938763,0.29250210919259767,0.03522943102513641,0.035229431025136204,-0.08887112198758315,4.92449118105656,-4.000000000000036,-0.4376450564784549,-0.029319066401648147,0.010195550495235036,10.87972087403555,0.0,0.0,0.7991689129802722,0.7991689129802722,-1.4249116493103426,0.44657829984585334,0.006556407969371039,4.92449118105656,0.006556407969370959,-0.028673023055765245,0.16896679863589548,0.0
34.6,-1.4443060284787181,0.2944966452221969,0.0391904885957931,0.039190488595793216,-0.10557358987427468,4.883708979075619,-3.9999999999999933,-0.5155906888222421,-0.034825199222006026,0.010281410092640293,10.889916424530785,0.0,0.0,0.8002227245107253,0.8002227245107253,-1.374912160171142,0.44679503048470515,0.002112851869991882,4.883708979075619,0.002112851869991772,-0.037077636725801444,0.1673628008616509,0.0
34.65,-1.3943342489674626,0.2961501847511647,0.02589955972053711,0.025899559720536924,-0.10491942504709428,4.842583338705058,-3.9999999999999765,-0.508081059639573,-0.034609584918180676,0.010369476074217737,10.900197834623425,0.0,0.0,0.7999403512901873,0.7999403512901873,-1.3249122251528278,0.44676870612242575,-0.0031658276237218515,4.842583338705058,-0.00316582762372164,-0.029065387344258564,0.16584738879640143,0.0
34.7,-1.3443442255404034,0.29716952336639596,0.015614254374164532,0.015614254374164638,-0.11020427115467679,4.801105434408187,-3.9999999999999987,-0.5291023251357122,-0.03635138915325378,0.010459844588651016,10.910567310697642,0.0,0.0,0.8000159786357661,0.8000159786357661,-1.2749131202433077,0.4464792674081545,-0.008411798876076567,4.801105434408187,-0.00841179887607657,-0.02402605325024121,0.16466352980727655,0.0
34.75,-1.2943472027952407,0.29770030461493546,0.005461204380605966,0.005461204380606155,-0.11056286429779319,4.759266056053583,-3.9999999999999973,-0.5261980871125457,-0.03646956807925549,0.010552617754806322,10.921027155286293,0.0,0.0,0.7999957190657749,0.7999957190657749,-1.2249163009578012,0.44592093443569886,-0.013922012433810405,4.759266056053583,-0.013922012433810416,-0.01938321681441657,0.16367652621687673,0.0
34.800000000000004,-1.244347153383455,0.29772293984858494,-0.004465591145540465,-0.004465591145540682,-0.10435032717641371,4.717055585034358,-3.999999999999997,-0.49222629360766484,-0.03442200626898966,0.01064790414698514,10.931579773041099,0.0,0.0,0.8000011470949496,0.8000011470949496,-1.1749233250911129,0.4450866700104141,-0.019450155648700066,4.717055585034358,-0.019450155648700118,-0.014984564503159437,0.1628979340015489,0.0
34.85,-1.19434933593288,0.29725747630055266,-0.014124586514569267,-0.01412458651456916,-0.11492223462587844,4.6744639684464175,-4.000000000000015,-0.537199844932014,-0.03790617147302358,0.010745819329271504,10.942227677188084,0.0,0.0,0.7999996925900581,0.7999996925900581,-1.1249355461906556,0.4439838150156717,-0.024667672007520753,4.6744639684464175,-0.024667672007520736,-0.010543085492951576,0.1623172593383759,0.0
34.9,-1.1443582374906156,0.29631384241471787,-0.023585963343527333,-0.02358596334352736,-0.10881867196247877,4.631480691129331,-4.00000000000003,-0.5039915780285572,-0.035894737819784875,0.010846486444954147,10.952973496517355,0.0,0.0,0.800000082380139,0.800000082380139,-1.0749545760468446,0.44260695458779736,-0.030413783738814676,4.631480691129331,-0.030413783738814537,-0.006827820395287176,0.16192140961307988,0.0
34.95,-1.0943781359131035,0.2949033780281819,-0.03279858785838162,-0.032798587858381634,-0.11257574945217746,4.5880947453495144,-3.9999999999999574,-0.5165082045153189,-0.037132920944222825,0.010950036867860674,10.96381998296231,0.0,0.0,0.7999999779758523,0.7999999779758523,-1.0249820821417648,0.4409505472320686,-0.03585471733693862,4.5880947453495144,-0.03585471733693879,-0.003056129478557157,0.16169597370220215,0.0
35.0,-1.0444129299291889,0.29303836836695296,-0.04178240221874786,-0.04178240221874807,-0.11772954351243481,4.544294597878072,-3.9999999999999574,-0.5349977285942089,-0.038831220184809154,0.011056610923439243,10.97477001983017,0.0,0.0,0.800000005682202,0.800000005682202,-0.9750195259465138,0.4390175760433264,-0.04148350480954749,4.544294597878072,-0.04148350480954743,0.000298897409200638,0.16163345442736948,0.0
35.050000000000004,-0.9944662417777722,0.2907300685251766,-0.050542532666618484,-0.050542532666618456,-0.12729171645744528,4.500068154184316,-3.999999999999957,-0.572821399521609,-0.041981585500151415,0.011166358688590292,10.98582663075361,0.0,0.0,0.7999999993060424,0.7999999993060424,-0.9250689333386071,0.43679697272915075,-0.04736998198516923,4.500068154184316,-0.047369981985169396,0.00317255068144906,0.16171433740498578,0.0
35.1,-0.9445413310897169,0.28799080267860255,-0.05904294564629324,-0.05904294564629309,-0.15149706629829976,4.455402719429955,-4.000000000000021,-0.6749804411711049,-0.04995244248170586,0.01127944088061888,10.996992989442202,0.0,0.0,0.7999999970981335,0.7999999970981335,-0.8751328923322814,0.4342704396773052,-0.05373456780804149,4.455402719429955,-0.05373456780804142,0.0053083778382516655,0.16191128302628233,0.0
35.15,-0.8946411976230811,0.28483225961438907,-0.0673460922608707,-0.06734609226087063,-0.17065400379637408,4.410284955907479,-4.000000000000019,-0.7526327856085264,-0.05625639960610221,0.011396029847286552,11.00827243032282,0.0,0.0,0.8000000122585098,0.8000000122585098,-0.8252157083662184,0.43139593262681686,-0.06130942112295648,4.410284955907479,-0.061309421122956564,0.0060366711379140625,0.162175241037122,0.0
35.2,-0.8447684986950523,0.2812665315335528,-0.07536043223406028,-0.07536043223406041,-0.18372111847138461,4.364700836518333,1.6647499182753214,-0.8018877194781362,-0.06055384806526804,0.011430621364828829,11.019668460170108,0.0,0.0,0.7999999540848864,0.7999999540848864,-0.7753233257510299,0.42811950339714494,-0.06984212131277519,4.364700836518333,-0.06984212131277534,0.0055183109212850745,0.16244515194487696,0.0
35.25,-0.7949256260377748,0.2773057757578676,-0.08320304043016356,-0.08320304043016336,-0.1821295677075694,4.383729962501268,1.0308854190641434,-0.7984068430170753,-0.0600305432358661,0.011390556541357604,11.031099081534936,0.0,0.0,0.8000001703722486,0.8000001703722486,-0.725461951907444,0.4244011948452289,-0.07902817723634442,4.383729962501268,-0.07902817723634437,0.0041748631938189895,0.16267226051226824,0.0
35.300000000000004,-0.7451146970956443,0.27296156755928636,-0.09073559602514493,-0.0907355960251448,-0.1811577613082339,4.395472321154779,2.500000000000005,-0.7962739255927064,-0.05971099529208306,0.011338779195147076,11.042489638076294,0.0,0.0,0.7999993691764916,0.7999993691764916,-0.6756366687527201,0.42022700247730627,-0.08813465562172289,4.395472321154779,-0.08813465562172285,0.0026009404034219585,0.1628321367053007,0.0
35.35,-0.6953374528641173,0.26824724335057915,-0.09808178312088638,-0.09808178312088645,-0.17693123629124305,4.423819269142647,2.4999999999999982,-0.7827118124184318,-0.058321094402601685,0.011266583710151686,11.053828417271442,0.0,0.0,0.8000023315290795,0.8000023315290795,-0.6258513489585691,0.41560046596522937,-0.09719254368713458,4.423819269142647,-0.09719254368713459,0.0008892394337518539,0.16291498043732905,0.0
35.4,-0.6455953141666174,0.26317550086492886,-0.10511225403741738,-0.10511225403741742,-0.17193332905245454,4.451985728418026,2.50000000000001,-0.7654447271809279,-0.056677232251444276,0.011195749946090272,11.065095000981593,0.0,0.0,0.7999913993956322,0.7999913993956322,-0.5761094335071294,0.41052843061449085,-0.10603910550169673,4.451985728418026,-0.1060391055016967,-0.000926851464279288,0.16291462032857568,0.0
35.45,-0.5958905695627723,0.25775038194937255,-0.1122247136507969,-0.112224713650797,-0.1627701406093514,4.479975103283252,2.500000000000021,-0.7292061774878085,-0.053662576789590175,0.011126235626721033,11.076290750927683,0.0,0.0,0.8000316579338871,0.8000316579338871,-0.5264136366400274,0.40502276287573985,-0.11463577195431947,4.479975103283252,-0.1146357719543194,-0.0024110583035223954,0.16283795132607334,0.0
35.5,-0.5462204799927979,0.25201504814267855,-0.11784653709464075,-0.11784653709464088,-0.15864084266554412,4.507790692350055,2.5000000000000453,-0.7151197139943092,-0.05230373040320364,0.011058000290819492,11.087416986554404,0.0,0.0,0.7998837464002112,0.7998837464002112,-0.4767656322792041,0.3991014569493883,-0.12277427898478704,4.507790692350055,-0.12277427898478699,-0.004927741890146109,0.16266034405033405,0.0
35.550000000000004,-0.4965999393663866,0.24586591936372484,-0.12808216365471176,-0.1280821636547116,-0.15526334575600428,4.535435693077104,2.4999999999999805,-0.7041869201683533,-0.051192138535739715,0.010991005193204104,11.098474986845224,0.0,0.0,0.8004257840754042,0.8004257840754042,-0.42716680263715456,0.3927814102500698,-0.13070632111806424,4.535435693077104,-0.13070632111806413,-0.002624157463352539,0.16249652900427114,0.0
35.6,-0.4469733595044142,0.23977567224033833,-0.11286105068515545,-0.11286105068515528,-0.10567881921396745,4.562913206060114,2.500000000000051,-0.48220327979225136,-0.034859882764087455,0.010925213212279548,11.109465992038428,0.0,0.0,0.7984463003374555,0.7984463003374555,-0.3776190915038651,0.38607232940446995,-0.13846948840586445,4.562913206060114,-0.13846948840586437,-0.025608437720709087,0.16190344773132984,0.0
35.65,-0.3972860950140951,0.23418664186547009,-0.11538898906875708,-0.11538898906875694,-0.1018995898714154,4.590226239090813,2.4999999999999925,-0.46774217118036343,-0.03361419854452366,0.0108605887635964,11.120391205250709,0.0,0.0,0.8060585448254927,0.8060585448254927,-0.3281161346837601,0.3790401569557563,-0.14375342936656282,4.590226239090813,-0.143753429366563,-0.02836444029780605,0.160521102183208,0.0
35.7,-0.347636452445842,0.2282805253398151,-0.12011202291045721,-0.1201120229104573,-0.09322023790701331,4.617377710999804,2.5000000000000417,-0.4304330487259423,-0.030752980006690044,0.01079709771896997,11.131251794014306,0.0,0.0,0.7982813242119251,0.7982813242119251,-0.2786503334049641,0.3717511861286223,-0.1488484088601336,4.617377710999804,-0.1488484088601334,-0.02873638594967609,0.15919458259469496,0.0
35.75,-0.2979912826575441,0.22232645078199303,-0.11916463520358127,-0.11916463520358134,-0.0826952770421201,4.64437045529723,2.499999999999987,-0.38406750148704183,-0.027282670176384416,0.010734707330740589,11.142048891733275,0.0,0.0,0.7675257947736756,0.7675257947736756,-0.22922066734791788,0.36422100768410737,-0.15350942075548427,4.64437045529723,-0.15350942075548435,-0.03434478555190301,0.1576815233580395,0.0
35.800000000000004,-0.24840934670350157,0.2158908803153033,-0.1420626312714509,-0.1420626312714508,-0.07116050721741975,4.671207223624081,2.499999999999993,-0.33240547535076465,-0.02347865225051956,0.010673386160793571,11.152783599064016,0.0,0.0,0.7839020974096097,0.7839020974096097,-0.17982458655686853,0.35647351513917747,-0.15764418460759028,4.671207223624081,-0.15764418460759044,-0.015581553336139642,0.15642041598971007,0.0
35.85,-0.19892532421634482,0.2087174908624329,-0.14103877342433468,-0.1410387734243348,-0.05852266538507352,4.697890689026065,2.500000000000002,-0.2749330848095249,-0.019310079110377874,0.010613104013989263,11.163456985224808,0.0,0.0,0.7923749247607509,0.7923749247607509,-0.13045866188075564,0.3485360820876646,-0.16120220996846127,4.697890689026065,-0.16120220996846113,-0.020163436544126334,0.15568211940869775,0.0
35.9,-0.14946058862416017,0.20142819550051486,-0.1564167768505076,-0.1564167768505076,-0.045045167748339235,4.724423449061038,-2.0148951635675783,-0.21281244677714187,-0.01486381062544506,0.010607294881054446,11.174070089238798,0.0,0.0,0.8005262421333745,0.8005262421333745,-0.0811187219679946,0.34043864140629443,-0.16412834323771494,4.724423449061038,-0.16412834323771497,-0.00771156638720738,0.15490162945873998,0.0
35.95,-0.10014090927684816,0.19320383833281365,-0.17220730758405872,-0.1722073075840589,-0.03082802981337878,4.703050861906666,-4.00000000000002,-0.14498579218469548,-0.010172898900001332,0.010679901636781288,11.184677384119853,0.0,0.0,0.7990498580229152,0.7990498580229152,-0.0317999061062127,0.3322134760474313,-0.1663806016251319,4.703050861906666,-0.16638060162513213,0.005826705958926759,0.15490052321382924,0.0
36.0,-0.050931106154544124,0.18435027436819337,-0.18376650169358613,-0.1837665016935861,-0.01597227112446771,4.660331255359541,-4.000000000000008,-0.07443607434043355,-0.005270800660564225,0.010778710448987351,11.195357285756634,0.0,0.0,0.8028360115655726,0.8028360115655726,0.017503224841264257,0.3238947752003847,-0.16792200311580086,4.660331255359541,-0.16792200311580086,0.01584449857778525,0.15542176607975247,0.0
36.050000000000004,-0.001836547970525597,0.17487868064225054,-0.1972687604799314,-0.19726876047993125,-0.0006984353561669148,4.617216413563591,-4.000000000000021,-0.003224827190307012,-0.0002304836634537755,0.010880313580197528,11.20613599620562,0.0,0.0,0.7895746680223951,0.7895746680223951,0.0667965926724399,0.3155183944195243,-0.16872061667202423,4.617216413563591,-0.1687206166720241,0.028548143807907156,0.15649292982710294,0.0
36.1,0.04720283335639587,0.1651254126830182,-0.1911353781493957,-0.19113537814939585,0.014940733804365612,4.573695159242801,-4.000000000000023,0.06833436187656228,0.00493040220422352,0.010984845273263204,11.217016309785818,0.0,0.0,0.745358617557278,0.745358617557278,0.11608646652543819,0.30712147026234377,-0.16875553843983257,4.573695159242801,-0.1687555384398327,0.022379839709563143,0.15782216348358152,0.0
36.15,0.09634357015962196,0.15589450725621642,-0.18139255524625922,-0.1813925552462594,0.030716796349754893,4.529755778149748,-3.9999999999999942,0.1391395857515513,0.010136195641919981,0.011092448977271479,11.228001155059081,0.0,0.0,0.7513342342902531,0.7513342342902531,0.16537932589774976,0.29874209685882985,-0.1680085017496143,4.529755778149748,-0.16800850174961424,0.013384053496645176,0.15865487520278448,0.0
36.2,0.14556046126788602,0.14708038541097038,-0.17269523021366376,-0.17269523021366373,0.04654943577041537,4.485385982240662,-4.000000000000013,0.20879218668583316,0.015360105705733613,0.011203278175550632,11.239093604036352,0.0,0.0,0.7491606283033407,0.7491606283033407,0.2146817139946725,0.2904189942816015,-0.16647266193212654,4.485385982240662,-0.16647266193212662,0.006222568281537111,0.15913423381374625,0.0
36.25,0.19485548101934497,0.1387134880085738,-0.16364887080770613,-0.16364887080770618,0.062365010665290405,4.440572869538459,-3.9999999999999334,0.2769363743687652,0.02057754860595436,0.011317497306556146,11.250296882211902,0.0,0.0,0.7519199346063146,0.7519199346063146,0.2640000811853595,0.2821911434657028,-0.16414519014360576,4.440572869538459,-0.16414519014360573,-0.0004963193358995532,0.15926962468591627,0.0
36.300000000000004,0.244223444690907,0.1307886155319015,-0.1546531583395074,-0.15465315833950743,0.07786561145962731,4.395302880312236,-4.000000000000014,0.34224294632577335,0.025689998694836638,0.011435282790207515,11.26161437951846,0.0,0.0,0.7434358690375326,0.7434358690375326,0.3133406599678769,0.27409761150323364,-0.16102693961034123,4.395302880312236,-0.1610269396103412,-0.006373781270833767,0.1591058068517749,0.0
36.35,0.29366119742817665,0.1233113995258256,-0.1455575513558871,-0.14555755135588733,0.0931283927896721,4.349561749151405,-4.000000000000018,0.4050676950379053,0.03072269974523888,0.011556824174250694,11.273049662308667,0.0,0.0,0.6963608573256934,0.6963608573256934,0.36270929833210425,0.26617710721768467,-0.15713365903735987,4.349561749151405,-0.15713365903735976,-0.011576107681472436,0.15867655993477642,0.0
36.4,0.34316475134882674,0.11628287880564406,-0.13653305757230458,-0.13653305757230472,0.10789305275634499,4.303334452454402,-4.0000000000000115,0.4642998911068598,0.0355896735375204,0.01168232541759614,11.284606486482918,0.0,0.0,0.7009274751562277,0.7009274751562277,0.41211133104196895,0.25846772028521875,-0.15247723939787627,4.303334452454402,-0.15247723939787639,-0.01594418182557167,0.15801949246202063,0.0
36.45,0.39273059130068055,0.10970842453944198,-0.12711124926730066,-0.12711124926730077,0.12193109796347057,4.256605150784018,-3.9999999999999347,0.5190125396320595,0.04021556818897431,0.011812006330405881,11.296288811900514,0.0,0.0,0.699766112316318,0.699766112316318,0.4615514682576865,0.25100670366928135,-0.14708258676005903,4.256605150784018,-0.14708258676005892,-0.019971337492758146,0.15716716193335475,0.0
36.5,0.4423537108183288,0.1035801227020355,-0.11899148792567339,-0.11899148792567349,0.1357605162939772,4.209357125462395,-3.999999999999949,0.5714644966185065,0.044771032677048433,0.011946104194071536,11.308100818230919,0.0,0.0,0.7000488315476465,0.7000488315476465,0.511033640596884,0.24382987449232185,-0.1409860318618855,4.209357125462395,-0.1409860318618854,-0.02199454393621192,0.15616313787710662,0.0
36.550000000000004,0.492033910342473,0.0979353149985086,-0.10590418190284252,-0.10590418190284234,0.1470589674489867,4.161572708686109,-4.0000000000000036,0.611996585503262,0.048491415622539745,0.012084875588259426,11.320046922424991,0.0,0.0,0.7000265360327627,0.7000265360327627,0.5605610026190115,0.23697197310790336,-0.13419800604718662,4.161572708686109,-0.1341980060471868,-0.028293824144344448,0.1550069504057994,0.0
36.6,0.5417535411298674,0.09264890133178555,-0.1118400887238488,-0.11184008872384865,0.1631421727662272,4.113233206333072,-4.000000000000037,0.6710418023753726,0.05378499339590893,0.012228598457049043,11.33213179801325,0.0,0.0,0.6998546954198629,0.6998546954198629,0.6101355984629208,0.2304644249647585,-0.12684505767473728,4.113233206333072,-0.1268450576747373,-0.015004968950888653,0.15384805594914588,0.0
36.65,0.5914333892363931,0.08699978991704577,-0.10805510043823632,-0.10805510043823618,0.1906367700004328,4.064318812504875,-4.000000000000019,0.7748086106679241,0.06282733778964097,0.0123775744520464,11.3443603964703,0.0,0.0,0.7005220787616757,0.7005220787616757,0.6597591435201745,0.22434152423699397,-0.11868794903642592,4.064318812504875,-0.11868794903642588,-0.010632848598189693,0.1533986984444748,0.0
36.7,0.641181657645913,0.08198705814706125,-0.094555434737086,-0.09455543473708605,0.2022416257243328,4.014808514696689,-4.000000000000027,0.8119614009841523,0.06664090992745869,0.012532131597452506,11.356737970922346,0.0,0.0,0.6981178994008035,0.6981178994008035,0.709434850488927,0.2186577571592941,-0.10915611053640428,4.014808514696689,-0.1091561105364045,-0.014600675799318452,0.15276576285856072,0.0
36.75,0.6909819703301386,0.07752382187496996,-0.08374263471588905,-0.08374263471588916,0.21851285966322262,3.964679988306879,-4.000000000000016,0.8663335618944881,0.07198464899573137,0.012692627330712473,11.369270102519799,0.0,0.0,0.6666353164992784,0.6666353164992784,0.759163962562707,0.21346217166316042,-0.09904402925018764,3.964679988306879,-0.09904402925018774,-0.015301394534298574,0.15207898937045328,0.0
36.800000000000004,0.7408303045842551,0.07363190515879181,-0.0722217710116941,-0.07222177101169391,0.22847910570902352,3.9139094789840287,-2.8799039844394128,0.894246537584341,0.07525571400631356,0.012835563725437255,11.381962729850512,0.0,0.0,0.6498322454315844,0.6498322454315844,0.8089449386235172,0.20878996096138208,-0.0881183862670265,3.9139094789840287,-0.0881183862670265,-0.01589661525533259,0.15135158875492094,0.0
36.85,0.7907194514620612,0.0703044340318779,-0.06095498390211778,-0.06095498390211773,0.22709119291445257,3.876944287868616,-3.999999999999991,0.8804199031949568,0.07480027619473142,0.012983718661648077,11.394798293575949,0.0,0.0,0.6477704021745878,0.6477704021745878,0.858774993298934,0.20467432471973152,-0.07669443098157533,3.876944287868616,-0.07669443098157513,-0.015739447079457403,0.15062146028430368,0.0
36.9,0.8406430229259375,0.06754084814340998,-0.04964823120670112,-0.049648231206701254,0.23922305255257686,3.825009413222024,2.4999999999999987,0.9150304278733133,0.07878022320576551,0.013016494396051044,11.407782012237597,0.0,0.0,0.6164468510794006,0.6164468510794006,0.9086486924581685,0.201126470225998,-0.0653398713358527,3.825009413222024,-0.06533987133585262,-0.015691640129151363,0.1498995981172699,0.0
36.95,0.8905946157706983,0.06534123178543516,-0.03837095786436375,-0.03837095786436384,0.2307327177188988,3.8575506492121514,2.500000000000003,0.8900631450310221,0.0759951607095575,0.012907605544737582,11.420798506633648,0.0,0.0,0.5981034293633034,0.5981034293633034,0.9585603326321477,0.1981602657980113,-0.05337871870822385,3.8575506492121514,-0.05337871870822397,-0.01500776084386013,0.14919864096071572,0.0
37.0,0.9405677901240063,0.06370356303880205,-0.02716262088096277,-0.027162620880962773,0.22534674430757007,3.8898196630739954,2.500000000000009,0.876558197017294,0.07422779856477733,0.01280140452918803,11.433706112178387,0.0,0.0,0.5885521446144011,0.5885521446144011,1.0085033976102666,0.19578065819291804,-0.041842082822278914,3.8898196630739954,-0.04184208282227875,-0.014679461941315974,0.14852476503558806,0.0
37.050000000000004,0.9905561511532542,0.06262482214149478,-0.015989884073414257,-0.015989884073414284,0.21626940625345845,3.9218231743969656,2.5000000000000067,0.8481703693578854,0.07124810004872946,0.012697782557549574,11.446507516707575,0.0,0.0,0.5785825474450538,0.5785825474450538,1.058470360643913,0.19397064262064476,-0.030574745606900412,3.9218231743969656,-0.030574745606900322,-0.014584861533486038,0.14786502090786102,0.0
37.1,1.0405534339132259,0.062103468643369415,-0.004883869513487922,-0.0048838695134878485,0.2064168181612295,3.9535676307908396,0.9315021253695442,0.8160828507330757,0.06801248717538955,0.012628019246960607,11.459205299265124,0.0,0.0,0.5688329821863578,0.5688329821863578,1.1084542822282437,0.1927123810738477,-0.019761275294227484,3.9535676307908396,-0.019761275294227332,-0.014877405780739483,0.14720466435602986,0.0
37.15,1.0905534228906204,0.06213585168134268,0.006181332070738315,0.006181332070738232,0.2126812397023779,3.965330657558591,-4.000000000000013,0.8433514400794064,0.07006990721786613,0.012690517593446263,11.471833318512084,0.0,0.0,0.5588004824802327,0.5588004824802327,1.1584487308063627,0.19198236751006725,-0.009440434386166008,3.965330657558591,-0.009440434386165819,-0.015621766456904052,0.1465260745049586,0.0
37.2,1.1405499976753255,0.06272106981759187,0.01721780294648503,0.017217802946484895,0.20959149319474435,3.9145685871848057,-3.999999999999985,0.8204602754013042,0.06905521687811796,0.01285725796956532,11.48452383610553,0.0,0.0,0.549493153950517,0.549493153950517,1.2084480701482136,0.1917761988987778,0.0011936275989528865,3.9145685871848057,0.0011936275989530287,-0.016024175347531866,0.14582652223685216,0.0
37.25,1.1905371292431823,0.06385544803929236,0.028134770813573136,0.028134770813573073,0.225650905135701,3.8631395553065446,-4.000000000000018,0.8717209373204512,0.0743276188795415,0.013030748722339388,11.497381094075097,0.0,0.0,0.5505923737379886,0.5505923737379886,1.2584468066315686,0.19209786595695405,0.011673202258690106,3.8631395553065446,0.011673202258690285,-0.01646156855488279,0.1451132042109294,0.0
37.300000000000004,1.2405089506131934,0.06553382117634303,0.039023325516727964,0.03902332551672805,0.2367723059994264,3.811016560417187,-4.000000000000007,0.9023431792119796,0.07797643498232507,0.01321145800524601,11.510411842797437,0.0,0.0,0.5608321978174517,0.5608321978174517,1.3084390468713132,0.19296354185754322,0.022955747515475158,3.811016560417187,0.022955747515475355,-0.01606757800125269,0.14440509579140934,0.0
37.35,1.290459579007798,0.06775528364695683,0.04983479659497337,0.04983479659497325,0.24689101867393254,3.7581707283962027,-3.9999999999999885,0.9278585994842935,0.08129447539003425,0.013399900727907126,11.523623300802683,0.0,0.0,0.5703081534960864,0.5703081534960864,1.358417912222474,0.19440708557189842,0.034794362815446477,3.7581707283962027,0.034794362815446345,-0.015040433779526907,0.14373243887220302,0.0
37.4,1.340383433786775,0.07051368146284001,0.06055160630474079,0.06055160630474088,0.25321301672069707,3.7045711254845743,-4.000000000000004,0.938045630340337,0.08336662457910793,0.013596644737012706,11.537023201530591,0.0,0.0,0.5812835785044388,0.5812835785044388,1.408375644229654,0.1964548315951247,0.047138913749143106,3.7045711254845743,0.04713891374914292,-0.01341269255559796,0.1431227234842581,0.0
37.45,1.3902749184205352,0.07380606739357694,0.07123254924903157,0.07123254924903177,0.26268689074690604,3.6501845465365235,2.4999999999999916,0.9588556291820846,0.08647050977643712,0.013634278602694795,11.550619846267603,0.0,0.0,0.5868876781929138,0.5868876781929138,1.4583038537860575,0.19912700200615385,0.05979956458517796,3.6501845465365235,0.0597995645851781,-0.011432984663853674,0.14259478496472514,0.0
37.5,1.4401285879394135,0.07762861933610965,0.0817878355983863,0.08178783559838632,0.2498371096052994,3.6842702430432603,2.5000000000000173,0.9204674285267421,0.08226019811499591,0.013509289651154693,11.564254124870297,0.0,0.0,0.5487240295633816,0.5487240295633816,1.5081934219898447,0.2024428795866427,0.07293390912252326,3.6842702430432603,0.0729339091225234,-0.008853926475862917,0.14216687798569871,0.0
37.550000000000004,1.489939323388815,0.08197495765648523,0.0922937964700676,0.09229379647006741,0.24901166227766428,3.7180434671711473,1.352248644935848,0.9258361841808976,0.08198963355819698,0.013415206106135715,11.577763414521453,0.0,0.0,0.5824906196004052,0.5824906196004052,1.5580364436123408,0.2063977102272948,0.08542576460278822,3.7180434671711473,0.08542576460278806,-0.006868031867279356,0.14183877868916608,0.0
37.6,1.5397017736342937,0.08684310771835582,0.1027082767818068,0.1027082767818066,0.2507329984305828,3.7361841614497044,2.4999999999999782,0.936784657489137,0.08255383827666476,0.013323249504644722,11.591178620627588,0.0,0.0,0.6117211388202392,0.6117211388202392,1.6078262710684663,0.21097382066019524,0.09787634771667143,3.7361841614497044,0.09787634771667131,-0.004831929065135299,0.14159583696602074,0.0
37.65,1.5894111807310018,0.09222595415162772,0.11301800298223255,0.11301800298223252,0.21606347457689493,3.769492285211316,2.5000000000000018,0.8144496005335568,0.0711804866578292,0.013206548805292496,11.604501870132232,0.0,0.0,0.6411703024122795,0.6411703024122795,1.6575550375747763,0.21617161231457385,0.11041299763820057,3.769492285211316,0.11041299763820067,-0.002605005344031852,0.14144296165942907,0.0
37.7,1.6390626395644337,0.09811942231717342,0.12325193644573355,0.12325193644573362,0.18628414264037135,3.8025086572245472,2.4999999999999964,0.7083470650936645,0.06139650523259386,0.01309286202684705,11.617708418937525,0.0,0.0,0.650083499385584,0.650083499385584,1.7072198452503693,0.22194937692715855,0.12121617136704532,3.8025086572245472,0.12121617136704543,-0.00203576507868819,0.14134801854156256,0.0
37.75,1.6886515295792173,0.1045180434229767,0.1333792091990271,0.13337920919902713,0.16133030601089376,3.835240812291665,2.500000000000002,0.618740573872483,0.053188786300388605,0.012982061630964901,11.630801280964372,0.0,0.0,0.6501008195363848,0.6501008195363848,1.7568240866187446,0.22822641158985227,0.1305303784990639,3.835240812291665,0.1305303784990639,-0.002848830699963223,0.14124892172267664,0.0
37.800000000000004,1.7381733751743218,0.11141639042205682,0.1434281757499639,0.14342817574996403,0.15705807298696822,3.867695966369077,2.500000000000011,0.6074528753773971,0.051782829833401475,0.012874027509548235,11.643783342595336,0.0,0.0,0.6496128961811222,0.6496128961811222,1.8063719506428124,0.2349342886367171,0.1385968937996086,3.867695966369077,0.1385968937996087,-0.004831281950355315,0.14109470888484296,0.0
37.85,1.787623744017917,0.11880973274288376,0.15336848809076792,0.15336848809076775,0.136289637081051,3.899881035142948,2.4999999999999956,0.5315133709389058,0.04494529141243961,0.012768646437281483,11.656657370104885,0.0,0.0,0.6510831867358046,0.6510831867358046,1.8558648598979561,0.24203633663392216,0.146449797448957,3.899881035142948,0.14644979744895714,-0.00691869064181061,0.1408603769804405,0.0
37.9,1.8369986430955472,0.12669134636952623,0.16320694925338217,0.1632069492533823,0.10964450318826842,3.9318026512361515,2.4999999999999907,0.43110054832910444,0.03616690847912253,0.012665811572676457,11.669426016542166,0.0,0.0,0.7006119270387596,0.7006119270387596,1.9053043858241936,0.24950116092106722,0.15326427930300957,3.9318026512361515,0.15326427930300968,-0.009942669950372629,0.14052731065488988,0.0
37.95,1.8862939511670471,0.1350563440089695,0.17295289394422628,0.1729528939442262,0.10171305559508859,3.9634671801678425,2.499999999999986,0.40313635764572076,0.033552711633448945,0.012565422002626718,11.682091828114842,0.0,0.0,0.6999512957813172,0.6999512957813172,1.9546971149172383,0.2572698191857281,0.158746504462423,3.9634671801678425,0.15874650446242278,-0.014206389481803416,0.14005401217321717,0.0
38.0,1.9355058689078477,0.14389873027444214,0.18260064656005437,0.18260064656005426,0.07813247957955813,3.994880735174409,2.499999999999964,0.3121299374637847,0.02577800686618142,0.01246738232605722,11.69465725011747,0.0,0.0,0.6999828480438224,0.6999828480438224,2.0040481141819138,0.2652993573539437,0.16383215724217742,3.994880735174409,0.16383215724217726,-0.018768489317877002,0.1394135992021813,0.0
38.050000000000004,1.9846307531143574,0.1532124960213472,0.19210113293348044,0.1921011329334803,0.053347900371560855,4.026049190989552,2.499999999999983,0.21478127113191378,0.017602988712622444,0.012371602272763921,11.707124632443527,0.0,0.0,0.6999584183709858,0.6999584183709858,2.0533625346179822,0.27355070618220123,0.16773878122115532,4.026049190989552,0.16773878122115526,-0.024362351712325037,0.13858334176003945,0.0
38.1,2.0336650570725405,0.16299200445373996,0.20169018634887126,0.20169018634887115,0.030296273854193173,4.056978196671461,2.499999999999961,0.12291132246684937,0.009997437281439805,0.012277996353981472,11.71949623471629,0.0,0.0,0.7003567837451949,0.7003567837451949,2.1026495831645775,0.28196410996743676,0.17040617623973336,4.056978196671461,0.1704061762397333,-0.03128401010913784,0.1375253675890566,0.0
38.15,2.0826050626312598,0.17323275302668462,0.21048053182628007,0.2104805318262799,0.009568821275372313,4.0876731875564145,2.499999999999987,0.03911421416385878,0.0031577005256105974,0.012186483541604138,11.731774231070272,0.0,0.0,0.6980921032150388,0.6980921032150388,2.1519189405553254,0.2904805613552931,0.17192098993244304,4.0876731875564145,0.1719209899324432,-0.0385595418938367,0.13620375263088158,0.0
38.2,2.1314506689625277,0.18391532069345148,0.22145777257135016,0.22145777257135002,-0.014269994767873238,4.118139396410425,2.5000000000000244,-0.05876582764014942,-0.004709063464824472,0.012096986973323946,11.743960714611877,0.0,0.0,0.7467269126731956,0.7467269126731956,2.201179789990164,0.299046112433232,0.17239943099621166,4.118139396410425,0.17239943099621158,-0.04905834157513844,0.1346003325624253,0.0
38.25,2.180184445541545,0.19509641098927433,0.2247155918348865,0.22471559183488665,-0.01978519076498534,4.148381863843735,2.499999999999999,-0.08207652654215374,-0.006529020177611809,0.012009433681247121,11.7560577015852,0.0,0.0,0.7509370177747182,0.7509370177747182,2.250441645213228,0.3076058737571087,0.171685931257818,4.148381863843735,0.17168593125781806,-0.053029660577068594,0.13264408512260709,0.0
38.300000000000004,2.2290020710131344,0.2059050086365006,0.21174788772302103,0.21174788772302122,-0.03962447302220138,4.178405448046853,2.499999999999985,-0.16556711395195178,-0.01307533090819512,0.01192375434181095,11.768067135266447,0.0,0.0,0.7505465397897909,0.7505465397897909,2.2997107692243044,0.31612369127665974,0.17069667171956873,4.178405448046853,0.17069667171956882,-0.041051216003452407,0.13094990647438595,0.0
38.35,2.277941948857067,0.2161474611756835,0.20011751246974008,0.20011751246974008,-0.05949420942791453,4.20821483390138,2.500000000000019,-0.25036441464578524,-0.019630567116142094,0.011839883045052967,11.779990889608259,0.0,0.0,0.7463232853891798,0.7463232853891798,2.3489924838545195,0.32456832183909473,0.16871544806845867,4.20821483390138,0.1687154480684585,-0.03140206440128157,0.1296273950614571,0.0
38.400000000000006,2.327015161604506,0.22572828345689983,0.18557215194618962,0.18557215194618948,-0.0811177454157875,4.2378145415140125,2.5000000000000244,-0.3437619610978559,-0.026762464800388738,0.011757757081487226,11.791830772653311,0.0,0.0,0.792725803342089,0.792725803342089,2.398294962562365,0.33289080642719604,0.16574073759706295,4.2378145415140125,0.16574073759706298,-0.019831414349126497,0.12870359883838225,0.0
38.45,2.3762316688302554,0.23454881539595523,0.16710834424182758,0.16710834424182774,-0.08413683584407762,4.267208934217731,2.499999999999964,-0.35902945761065863,-0.027758024371420355,0.011677316745021383,11.803588529734798,0.0,0.0,0.8020486978233808,0.8020486978233808,2.447626376983025,0.34103992442174075,0.16168485032627358,4.267208934217731,0.16168485032627355,-0.0054234939155541895,0.1282090505922295,0.0
38.5,2.4256177254465188,0.24235516106693913,0.15167464781565645,0.15167464781565654,-0.1005343975524138,4.296402226080284,2.5000000000000058,-0.4319362094418309,-0.03316418714987851,0.01159850515050704,11.81526584647982,0.0,0.0,0.7993932612275666,0.7993932612275666,2.496991034721467,0.34898516698213183,0.1574780085340697,4.296402226080284,0.15747800853406968,0.005803360718413142,0.12831253811818796,0.0
38.550000000000004,2.475036111102554,0.24996308532550382,0.14923585496243758,0.14923585496243774,-0.11676600669956208,4.3253984889565515,2.500000000000024,-0.5050595089397764,-0.03851372834125429,0.011521268064656342,11.826864351630327,0.0,0.0,0.8002539464713486,0.8002539464713486,2.546391832095714,0.35670241743719033,0.15245128865644902,4.3253984889565515,0.15245128865644908,0.003215433694011338,0.1283936288843905,0.0
38.6,2.524566795475225,0.2567942469348816,0.12473641203811882,0.1247364120381187,-0.13389048859604272,4.354201659118193,2.500000000000007,-0.5829861875850346,-0.04415514275645024,0.011445553749182803,11.838385619694984,0.0,0.0,0.7996190140309711,0.7996190140309711,2.595833806178693,0.364151182268477,0.14661298832147093,4.354201659118193,0.14661298832147107,0.021876576283352378,0.12885844318022008,0.0
38.650000000000006,2.574238395577822,0.2625138008043997,0.10694529347117447,0.10694529347117454,-0.13247155524963006,4.38281554349115,2.499999999999989,-0.5805983914185252,-0.04368779747512673,0.011371312815135376,11.849831173444167,0.0,0.0,0.8012751240854966,0.8012751240854966,2.6453214641224783,0.3712899758887316,0.1399184638916688,4.38281554349115,0.13991846389166884,0.0329731704204943,0.12994252152279312,0.0
38.7,2.6239604320205996,0.26778615179218596,0.10911235373731477,0.10911235373731465,-0.14201745372771474,4.411243825528988,2.499999999999967,-0.6264736158737304,-0.04683149290094432,0.011298498087493917,11.861202486259304,0.0,0.0,0.795233805061998,0.795233805061998,2.694855564046014,0.3780990730925979,0.13329488612918727,4.411243825528988,0.13329488612918716,0.024182532391872513,0.13112993689745983,0.0
38.75,2.6736077188918315,0.27370427145346654,0.12516137487525725,0.12516137487525736,-0.15780862658182312,4.4394900707477225,2.499999999999969,-0.7005898307883389,-0.05202984579402588,0.011227064479182543,11.872500984346797,0.0,0.0,0.8393232115541487,0.8393232115541487,2.744435209349772,0.3845680967286219,0.12619401344280154,4.4394900707477225,0.12619401344280146,0.0010326385675440974,0.13155729230722948,0.0
38.800000000000004,2.7232322346068054,0.2798315967534548,0.11588239145799237,0.11588239145799228,-0.14815846596227197,4.4675577319456785,-0.03969389685110659,-0.6619065001629588,-0.048853391250503475,0.011192353675809185,11.88372804882598,0.0,0.0,0.8527371820429395,0.8527371820429395,2.7940619264692472,0.39066530734027677,0.11830358211371038,4.4675577319456785,0.11830358211371017,0.0024211906557178864,0.13153310097375437,0.0
38.85,2.7729614524699033,0.28501484719322273,0.09597943890995336,0.09597943890995353,-0.16856035173712502,4.46711346381335,-3.9999999999999507,-0.7529782167100252,-0.05556765208069686,0.011249570009330162,11.89492040250179,0.0,0.0,0.84925173764431,0.84925173764431,2.843733845237343,0.39638274148027375,0.11089565881559678,4.46711346381335,0.11089565881559693,0.014916219905643402,0.1319527925280876,0.0
38.900000000000006,2.8227251993994775,0.28987262675825276,0.09957521572884602,0.09957521572884609,-0.1764861322243848,4.42211518377603,-3.999999999999946,-0.7804420050353561,-0.058174707849289305,0.01136522560298807,11.906169972511119,0.0,0.0,0.8502045887112669,0.8502045887112669,2.8934494434763485,0.4017066961361007,0.10246764122874052,4.42211518377603,0.10246764122874064,0.0028924254998945464,0.13232073826069035,0.0
38.95,2.87247907009438,0.29483683059100846,0.09432486215618673,0.09432486215618674,-0.17296924237866335,4.376654281364078,-4.000000000000009,-0.7570265752008779,-0.05701798009111933,0.011484523410948386,11.917535198114107,0.0,0.0,0.8499436001004972,0.8499436001004972,2.943209102591979,0.40660160182826527,0.09364333461752128,4.376654281364078,0.09364333461752139,-0.0006815275386653497,0.13226526976809808,0.0
39.0,2.922308870985727,0.29894036316517647,0.07440711238861619,0.07440711238861608,-0.1866158802886494,4.330716187720284,2.5000000000000036,-0.8081804136517247,-0.06150556577971288,0.011507214478746147,11.929019721525055,0.0,0.0,0.8500174467001217,0.8500174467001217,2.9930096323903777,0.4110616073142592,0.08499487249858811,4.330716187720284,0.08499487249858806,0.010587760109971978,0.13255101302040506,0.0
39.050000000000004,2.9721631155639323,0.30276243842431805,0.07829138137115275,0.07829138137115255,-0.18242807408618006,4.35948422391715,2.500000000000013,-0.795292310978291,-0.06012869520096682,0.01143177508809495,11.9405269360038,0.0,0.0,0.8499871684080842,0.8499871684080842,3.0428482177041354,0.41507374832822524,0.07566407848415564,4.35948422391715,0.0756640784841558,-0.002627302886996752,0.13270348147996128,0.0
39.1,3.0220135747719046,0.30662437788719815,0.07640689561923743,0.07640689561923741,-0.17703982326835963,4.388063661637387,2.4999999999999662,-0.776862015146594,-0.05835680628573176,0.011357800230457269,11.951958711091896,0.0,0.0,0.8500338310379555,0.8500338310379555,3.09272170579398,0.4186259099648451,0.06654267477984664,4.388063661637387,0.06654267477984677,-0.009864220839390647,0.13245370127095427,0.0
39.150000000000006,3.07186919046127,0.31042333536518374,0.07524777927541079,0.07524777927541093,-0.15569531880135395,4.41645816221353,2.5000000000000133,-0.6876218615386773,-0.051334315355822335,0.011285243124446905,11.963316511322352,0.0,0.0,0.8498771602338341,0.8498771602338341,3.1426251118286013,0.42172973687634113,0.05769068361642866,4.41645816221353,0.05769068361642882,-0.017557095658982114,0.13189205975305326,0.0
39.2,3.1217320899593033,0.31411877966037827,0.07392894070498615,0.07392894070498635,-0.13198058483452346,4.444671270024648,2.5000000000000226,-0.5866103136150571,-0.04352608513532516,0.011214059054389734,11.9746017544468,0.0,0.0,0.8501668665136062,0.8501668665136062,3.192552646775756,0.42441834775686177,0.04990591767636096,4.444671270024648,0.04990591767636099,-0.024023023028625357,0.13107839635143248,0.0
39.25,3.1715957375243997,0.31782474305066644,0.06949121717737884,0.06949121717737894,-0.10119833630456114,4.472706417660622,2.5000000000000133,-0.4526304482459885,-0.033383044454000324,0.01114420525450613,11.98581581350119,0.0,0.0,0.8427528781136794,0.8427528781136794,3.2424982620589997,0.42674782013797996,0.04330688843463479,4.472706417660622,0.043306888434634594,-0.026184328742744345,0.12996693697840386,0.0
39.300000000000004,3.221513579169038,0.3206574845882033,0.04813732852636882,0.04813732852636887,-0.08915499557021858,4.500566930796888,2.499999999999979,-0.4012480247786688,-0.029412663923223215,0.011075640800932355,11.996960018755697,0.0,0.0,0.8319193307128292,0.8319193307128292,3.2924566455728135,0.4287860994939593,0.03824697161940673,4.500566930796888,0.03824697161940671,-0.009890356906962161,0.12932407367620224,0.0
39.35,3.2714521465132163,0.32315070960476805,0.051122717919774255,0.051122717919774185,-0.0775123357498831,4.528256032799218,2.500000000000007,-0.3509957019757667,-0.025573494286105638,0.011008326510961522,12.00803565955663,0.0,0.0,0.8238086951827822,0.8238086951827822,3.3424241751240498,0.43058661347838395,0.033789221840895806,4.528256032799218,0.033789221840895944,-0.01733349607887824,0.12876141613960995,0.0
39.400000000000006,3.3213906983232,0.32561799606820907,0.04882524590980101,0.04882524590980086,-0.07032034989944536,4.555776849076622,2.5000000000000107,-0.32036382209086073,-0.02320155134579064,0.010942224848940493,12.01904398606759,0.0,0.0,0.8046411540351457,0.8046411540351457,3.392398783177835,0.4321789138874247,0.02991360505340165,4.555776849076622,0.029913605053401682,-0.01891164085639918,0.1280522444988632,0.0
39.45,3.371331129149086,0.3280830887744837,0.044887674265407525,0.04488767426540763,-0.06453394840834131,4.5831324111989735,2.499999999999989,-0.2957676305729115,-0.021292984373908426,0.010877299838309233,12.029986210916531,0.0,0.0,0.7988839510770704,0.7988839510770704,3.442378940301978,0.43358650698508183,0.026397587558429383,4.5831324111989735,0.026397587558429247,-0.01849008670697838,0.12719576535300764,0.0
39.5,3.4213036129741092,0.32968302490958934,0.023307103344110798,0.023307103344111013,-0.06845800889958775,4.6103256607947465,2.50000000000001,-0.3156137151166845,-0.0225873009100124,0.010813516979314342,12.040863510754841,0.0,0.0,0.8002994363752931,0.8002994363752931,3.4923635629413416,0.4348255915278074,0.023170890138012316,4.6103256607947465,0.0231708901380121,-0.00013621320609891185,0.12690341131905006,0.0
39.550000000000004,3.4712887352248547,0.3309345088440552,0.02628545791375629,0.02628545791375636,-0.05443095601583117,4.6373594532430324,-1.3654394963167227,-0.2524159084290704,-0.017960284075604592,0.010799167210542969,12.051677027734156,0.0,0.0,0.7999194007310395,0.7999194007310395,3.542352026290672,0.43589848064980313,0.01974798969303293,4.6373594532430324,0.01974798969303304,-0.006537468220723319,0.12675735368941293,0.0
39.6,3.5212732311119024,0.33215828677950815,0.023835796757043785,0.023835796757043948,-0.053864292989481234,4.622613843806429,-4.000000000000005,-0.24899382646002152,-0.017773344965431315,0.010867488898565356,12.062476194944699,0.0,0.0,0.8000226395667788,0.8000226395667788,3.592343558857881,0.436817789352181,0.01702644189224137,4.622613843806429,0.01702644189224145,-0.006809354864802497,0.1265092999138013,0.0
39.650000000000006,3.5712596911616883,0.333370577899707,0.019862910953132203,0.019862910953132307,-0.06428098035642023,4.579143888212167,-3.9999999999999334,-0.2943518583273881,-0.02120954261182309,0.01097164783173095,12.073343683843264,0.0,0.0,0.7999901152525297,0.7999901152525297,3.6423373974437694,0.43760174871897806,0.014333227242767308,4.579143888212167,0.014333227242767421,-0.0055296837103648855,0.12615933299077742,0.0
39.7,3.6212567166645684,0.33372055370028025,-0.002224701797200928,-0.002224701797200801,-0.07481462131910709,4.535257296885244,-3.99999999999995,-0.33930355725118677,-0.02468381060938457,0.011078860361088877,12.084315331674995,0.0,0.0,0.8000168785100186,0.8000168785100186,3.6923333270726983,0.4382380414061417,0.011119178224946296,4.535257296885244,0.011119178224946236,0.013343880022147037,0.12639537089408767,0.0
39.75,3.671257022696584,0.333659815596774,0.0013067542085710658,0.0013067542085711814,-0.04718051557893446,4.490941855440889,-3.9999999999999645,-0.2118849521747177,-0.015568312242975328,0.011189278670678081,12.095394192036084,0.0,0.0,0.7999423704111785,0.7999423704111785,3.742331159422864,0.43870047517814975,0.007378447158990942,4.490941855440889,0.007378447158990831,0.006071692950419649,0.12682694144650972,0.0
39.800000000000004,3.721258323411227,0.33373779062716535,-0.004451775751403221,-0.0044517757514030976,-0.028720395555836296,4.446184740758177,-3.9999999999999405,-0.1276961844688983,-0.009477446762165125,0.01130306577937107,12.106583470706761,0.0,0.0,0.8002136405852919,0.8002136405852919,3.792330187162466,0.4390104198346937,0.005019421380044218,4.446184740758177,0.005019421380044076,0.009471197131447173,0.12701785810404956,0.0
39.85,3.7712483432554937,0.33280643030019785,-0.023667846802352736,-0.023667846802352788,-0.02976817215882139,4.4009724776406935,-3.9999999999999756,-0.1310089063806429,-0.009823180837990546,0.011420396553312243,12.117886536486132,0.0,0.0,0.799202660233473,0.799202660233473,3.842329720313435,0.4392254897275555,0.0035834016022524024,4.4009724776406935,0.003583401602252234,0.027251248404605022,0.12797491306446235,0.0
39.900000000000006,3.821244319509714,0.3323291919744631,0.0010268585929490337,0.0010268585929491536,-0.018075208883372863,4.355290891427445,-3.999999999999976,-0.07872279261040227,-0.005964748192129878,0.011541458836443377,12.129306933039445,0.0,0.0,0.8064073939532562,0.8064073939532562,3.8923295141720975,0.4393674493886354,0.0020949929943113324,4.355290891427445,0.002094992994311262,0.0010681344013621086,0.12849238674120575,0.0
39.95,3.87124471127643,0.33228003007804613,-0.004109163307032441,-0.004109163307032482,0.0018423654687469843,4.309125056081672,-4.000000000000029,0.007938983203837284,0.0006079805297751203,0.011666454715747369,12.140848391875888,0.0,0.0,0.816902707112147,0.816902707112147,3.942329444974946,0.4394496049874818,0.0011912325501426892,4.309125056081672,0.0011912325501426402,0.005300395857175122,0.12860154412470362,0.0
40.0,3.921245631531555,0.3320871534587037,0.0019090461064651897,0.0019090461064652509,0.0017779514241100898,4.262459237218682,-3.99999999999999,0.007578445471024162,0.0005867239026307425,0.011795601940604057,12.152514846591636,0.0,0.0,0.8266201502772256,0.8266201502772256,3.9923294066850037,0.43951146955601833,0.0012833508235800383,4.262459237218682,0.0012833508235798874,-0.0006256952828853635,0.12881337965848824,0.0
40.050000000000004,3.971236581952032,0.33290665557062366,0.027065734517281604,0.02706573451728156,0.016383809377809366,4.215276829456266,-3.9999999999999667,0.0690622920485081,0.005406604413240786,0.011929135518946464,12.16431044853224,0.0,0.0,0.8362959443528691,0.8362959443528691,4.04232936259225,0.43957785951694744,0.0013722483947855428,4.215276829456266,0.001372248394785558,-0.025693486122496,0.1281909872437074,0.0
40.1,4.0212176288088815,0.33433421997441404,0.031796827150208574,0.031796827150208706,0.03019799168431552,4.16756028738048,-3.99999999999998,0.12585195090219933,0.009965007396418403,0.012067309516849594,12.176239584051185,0.0,0.0,0.8470232823764365,0.8470232823764365,4.092329281819991,0.43966695164877473,0.002191438863676011,4.16756028738048,0.0021914388636758986,-0.029605388286532808,0.1270899349120743,0.0
40.150000000000006,4.071177797358456,0.33630699917478446,0.043741043008180096,0.043741043008179936,0.047856248915353845,4.119291049313082,-3.99999999999996,0.19713381781071598,0.015791249423746538,0.012210399092922663,12.188306893568035,0.0,0.0,0.8502824515728249,0.8502824515728249,4.142329060040278,0.4398142708544247,0.0037013384478917872,4.119291049313082,0.0037013384478918887,-0.04003970456028805,0.12560357268716696,0.0
40.2,4.121137884207973,0.33830759092759166,0.03659057156413261,0.03659057156413281,0.06545779769333689,4.070449452941392,-4.000000000000009,0.26644265681159146,0.02159771444633623,0.012358702804593918,12.200517292660956,0.0,0.0,0.8499185255898514,0.8499185255898514,4.1923284484153935,0.44005915705051457,0.00609415089365948,4.070449452941392,0.006094150893659389,-0.030496420670473423,0.1241832421892683,0.0
40.25,4.171105770853607,0.3400997980233931,0.03525764421973657,0.03525764421973676,0.08883594864775826,4.021014641723016,-4.0000000000000036,0.35721065022398996,0.029307469170343218,0.012512545230305748,12.21287599546555,0.0,0.0,0.8500219112270186,0.8500219112270186,4.242326932053606,0.4404456828199046,0.009367040778326324,4.021014641723016,0.009367040778326174,-0.025890603441410587,0.12305181997138881,0.0
40.300000000000004,4.221076244935128,0.34181751975340363,0.03373148239720709,0.033731482397207024,0.0929405398375491,3.970964460801793,-3.999999999999999,0.3690635806626407,0.03066076664760781,0.012672279960071035,12.225388540695857,0.0,0.0,0.8499939016328867,0.8499939016328867,4.292323533980531,0.441025066351661,0.013808838210714238,3.970964460801793,0.013808838210714214,-0.01992264418649281,0.12214054813355192,0.0
40.35,4.271047640560226,0.3435086360419957,0.034115387058237974,0.0341153870582378,0.1105477560257064,3.920275340961509,-3.9999999999999867,0.43337764194620587,0.03646458897679018,0.012838293017154377,12.238060820655928,0.0,0.0,0.8500011158478495,0.8500011158478495,4.342316982817071,0.4418316482244811,0.018455865202591695,3.920275340961509,0.01845586520259168,-0.01565952185564612,0.12143613082752802,0.0
40.400000000000006,4.321017488148629,0.34524501377394823,0.035701583796695066,0.03570158379669497,0.12614036638742107,3.8689221688928916,-4.000000000000012,0.48802725990856516,0.0416023031955286,0.013011006786314243,12.250899113673082,0.0,0.0,0.8500023452802842,0.8500023452802842,4.392305662858794,0.44289254521020416,0.023983253003877016,3.8689221688928916,0.023983253003876825,-0.011718330792818143,0.12090096876825072,0.0
40.45,4.370982468405236,0.34711610141214344,0.03930019217187057,0.03930019217187075,0.1472214607372355,3.8168781417476345,-4.000000000000019,0.5619263754841117,0.04854491227797373,0.013190884539695129,12.263910120459396,0.0,0.0,0.849989456782953,0.849989456782953,4.442287171046953,0.44424921454626815,0.03029027132324807,3.8168781417476345,0.03029027132324824,-0.00900992084862251,0.12049565256037385,0.0
40.5,4.420940008150647,0.3491751869032602,0.04316152406436289,0.04316152406436302,0.15736499936820217,3.7641146035888537,-4.000000000000014,0.5923398922156006,0.05188384365896039,0.013378435670897868,12.277101004999091,0.0,0.0,0.8500394316175884,0.8500394316175884,4.4922582106002125,0.44594742443348034,0.03765134436010985,3.7641146035888537,0.03765134436010964,-0.005510179704253382,0.12021294421667963,0.0
40.550000000000004,4.470888587588701,0.3514466168271786,0.048070925499569726,0.04807092549956993,0.17494150973727085,3.710600860905262,-3.9999999999999845,0.6491381166391835,0.05766669055877005,0.013574221772035207,12.290479440669989,0.0,0.0,0.8498588171326185,0.8498588171326185,4.542214854176062,0.4480260932923661,0.04551959432851996,3.710600860905262,0.04551959432851982,-0.0025513311710501085,0.12006261524546684,0.0
40.6,4.520821604839122,0.35402301644877615,0.05477151464385963,0.05477151464385965,0.19516927634307502,3.6563039738171215,-3.9999999999999973,0.7135982006601971,0.06431702787774737,0.013778863719085885,12.304053662442024,0.0,0.0,0.8504230107498176,0.8504230107498176,4.592152474760434,0.4505197070747868,0.0542666698153835,3.6563039738171215,0.054266669815383306,-0.0005048448284763474,0.11999876793327173,0.0
40.650000000000006,4.570744552201676,0.35682470857659443,0.05833908336523107,0.05833908336523086,0.2222867769214033,3.601188518940778,-3.9999999999999964,0.8004965889617075,0.07322348815542508,0.01399304996943508,12.31783252616111,0.0,0.0,0.8462148170183802,0.8462148170183802,4.6420648462552,0.45347526651698383,0.06402513363253726,3.601188518940778,0.06402513363253703,0.005686050267306175,0.120116254911938,0.0
40.7,4.62061978884348,0.3603198162900517,0.0848614019037585,0.08486140190375835,0.22763680378768616,3.5452163190630377,-4.000000000000001,0.8070217116074557,0.07497931985278204,0.014217546324593598,12.331825576130546,0.0,0.0,0.8369929381290573,0.8369929381290573,4.691943595918725,0.45695155698919326,0.07513947247860742,3.5452163190630377,0.07513947247860742,-0.009721929425150933,0.1201032004829719,0.0
40.75,4.670400601731232,0.3650156926177306,0.09947852062267477,0.0994785206226747,0.2429681829353907,3.4883461337646633,-3.9999999999999845,0.8475571215704956,0.0800083420373302,0.014453207474042717,12.34604312245514,0.0,0.0,0.8256187008225733,0.8256187008225733,4.741780076998053,0.4609886553533073,0.08652131266799172,3.4883461337646633,0.08652131266799179,-0.012957207954682914,0.11960701929908248,0.0
40.800000000000004,4.720127300757327,0.37023115502354353,0.11049336603494739,0.1104933660349472,0.25963328817977027,3.4305333038684926,-3.999999999999998,0.8906806418935878,0.08547025041791269,0.014700990717472337,12.360496329929182,0.0,0.0,0.8229233428875389,0.8229233428875389,4.791565575689424,0.4656117897294021,0.09866972181476125,3.4305333038684926,0.09866972181476141,-0.01182364422018578,0.11916749809476718,0.0
40.85,4.769785891200377,0.37606596064824044,0.12334941685840928,0.12334941685840928,0.24528564552275145,3.3717293409986033,-4.000000000000023,0.8270368079348438,0.08076817318620726,0.014961972368569358,12.375197320646654,0.0,0.0,0.8516767193818554,0.8516767193818554,4.841289012648463,0.470860094743182,0.11165138622374976,3.3717293409986033,0.1116513862237496,-0.011698030634659684,0.11873762771602572,0.0
40.900000000000006,4.819364359466885,0.38254494638589287,0.13675433897451844,0.1367543389745185,0.26685511402291684,3.3118814515243256,-4.00000000000001,0.8837925023769072,0.0878356017393113,0.01523736748257439,12.390159293015223,0.0,0.0,0.8498256142815371,0.8498256142815371,4.890942278223226,0.476735627015536,0.12391566849988733,3.3118814515243256,0.12391566849988722,-0.012838670474631275,0.11830166005160178,0.0
40.95,4.868847711427992,0.3897146070457937,0.15114462331858167,0.15114462331858158,0.28406392653601675,3.250931981594028,-4.000000000000014,0.9234725035931133,0.09346795448628155,0.01552855373411838,12.405396660497798,0.0,0.0,0.8499299575587773,0.8499299575587773,4.940516191536343,0.4832463893747159,0.13725842420103318,3.250931981594028,0.13725842420103307,-0.013886199117548514,0.11783278553384882,0.0
41.0,4.918219105651041,0.3976187820787522,0.1665931762077946,0.1665931762077948,0.29447119367065516,3.188817766657554,-4.000000000000006,0.9390149741458427,0.09687133682288097,0.015837100518478173,12.420925214231916,0.0,0.0,0.8502358768653356,0.8502358768653356,4.9899956843547955,0.49043928584449253,0.15146162052783402,3.188817766657554,0.15146162052783385,-0.01513155567996094,0.11733508925186031,0.0
41.050000000000004,4.967458619901637,0.4063057908280097,0.18250875563681598,0.18250875563681612,0.3292416904700036,3.1254693645836413,-4.0000000000000115,1.0290348171077262,0.1082252322162098,0.016164804682896893,12.436762314750395,0.0,0.0,0.84893636794189,0.84893636794189,5.039365941048857,0.4983470406874314,0.16618518021136677,3.1254693645836413,0.16618518021136675,-0.016323575425449377,0.11680006211579617,0.0
41.1,5.016550342954775,0.4157950625267508,0.20062493087977665,0.20062493087977673,0.3555105854843782,3.0608101458520536,-4.00000000000001,1.0881504070083885,0.11678465214522081,0.01651373475069358,12.45292711943329,0.0,0.0,0.8547219619940818,0.8547219619940818,5.0886067855465775,0.5070236050559144,0.18264726473486695,3.0608101458520536,0.18264726473486714,-0.017977666144909588,0.11625307690973644,0.0
41.150000000000006,5.06543107048448,0.42631345534620124,0.2225830070806653,0.22258300708066514,0.38740395243549275,2.994755206849279,-4.000000000000021,1.1601800037101824,0.1271535690510363,0.016886286132174154,12.469440854183985,0.0,0.0,0.8113655877674394,0.8113655877674394,5.1376917979541155,0.5165417836116617,0.20042279400908586,2.994755206849279,0.2004227940090857,-0.02216021307157945,0.11559742192635891,0.0
41.2,5.114094514071696,0.4377987191199904,0.24117602762409895,0.24117602762409884,0.4084700942767696,2.927210062320582,-3.6629742902137425,1.195677770123997,0.1339875205073509,0.017267670555407316,12.486327140316158,0.0,0.0,0.7971271697613391,0.7971271697613391,5.186591454254031,0.5269698916465549,0.2197929916308605,2.927210062320582,0.21979299163086052,-0.02138303599323832,0.11492303661826624,0.0
41.25,5.1625227505702105,0.4502361618473667,0.26174723801595823,0.26174723801595823,0.4267115937279217,2.8639590290242443,-3.309962444221085,1.2220845216464065,0.13989501425772538,0.017638126078171557,12.503594810871565,0.0,0.0,0.7995473029661503,0.7995473029661503,5.235273873712444,0.5383688006695353,0.24021649634469897,2.8639590290242443,0.24021649634469888,-0.021530741671259346,0.11428074179062388,0.0
41.300000000000004,5.210681045483612,0.46368268698471526,0.2830721050585749,0.28307210505857494,0.4446553338536104,2.80557749411906,-2.8961426379887367,1.2475149972996862,0.14569650788611213,0.017988661629783083,12.521232936949737,0.0,0.0,0.8050357395575996,0.8050357395575996,5.283707618307403,0.5507815981572005,0.26155207603109504,2.80557749411906,0.2615520760310952,-0.021520029027479737,0.11366222180575658,0.0
41.35,5.258529901717939,0.47818950031543056,0.30553753288646823,0.30553753288646845,0.4616408862559158,2.753479764172693,-2.5419361960413434,1.2711188386204122,0.15117912546815387,0.018313651855597055,12.53922159857952,0.0,0.0,0.7694994905277883,0.7694994905277883,5.331859411675304,0.5642464342206652,0.2837848427237756,2.753479764172693,0.28378484272377547,-0.02175269016269299,0.11306198699721,0.0
41.400000000000006,5.306046718183951,0.49375373325698235,0.32879095055275054,0.3287909505527504,0.47765546877181186,2.7069276296392513,-2.3012194930031695,1.2929787858667061,0.1563399634402828,0.018618471892342826,12.557535250435116,0.0,0.0,0.7439853949794861,0.7439853949794861,5.379693717173278,0.5787986923248071,0.3068668870365714,2.7069276296392513,0.3068668870365716,-0.021924063516178816,0.1125012245399218,0.0
41.45,5.353106666712712,0.510643886504317,0.36045910395446573,0.36045910395446557,0.49314283181826973,2.6640824391906603,-1.9904632773583355,1.3137731582598056,0.16132292962477884,0.018901655685308254,12.576153722327458,0.0,0.0,0.7569036620828185,0.7569036620828185,5.4271730697343745,0.5944700753219881,0.33074966047516197,2.6640824391906603,0.3307496604751621,-0.029709443479303488,0.11186001067523273,0.0
41.5,5.3996526747581095,0.5289045129553805,0.38552954694135955,0.38552954694135977,0.5073721966551448,2.626459387667783,-1.6797778578398275,1.3325924689465294,0.1658940359221954,0.01915435915132894,12.595055378012766,0.0,0.0,0.7190414842540159,0.7190414842540159,5.474258059387429,0.6112890254911704,0.35540680206607544,2.626459387667783,0.3554068020660752,-0.030122744875284546,0.11114482138835087,0.0
41.550000000000004,5.44581903122269,0.5481085824653995,0.40404042703013465,0.40404042703013454,0.520035394020814,2.594284319284269,-1.4450951704731594,1.349119668181014,0.16995614961523037,0.0193777194591374,12.614209737164096,0.0,0.0,0.7007391419116547,0.7007391419116547,5.520907604976607,0.6292802961105619,0.3807754118988327,2.594284319284269,0.3807754118988327,-0.02326501513130186,0.11057640347058495,0.0
41.6,5.49149643534831,0.5684408739900276,0.43320635946675196,0.4332063594667521,0.5314463152817618,2.5662816704790856,-1.2308735255877346,1.3638409377512344,0.17361171604151063,0.019575338190600842,12.633587456623234,0.0,0.0,0.672698683339132,0.672698683339132,5.567079642428181,0.6484636770660979,0.40677718159987336,2.5662816704790856,0.4067771815998733,-0.026429177866878817,0.11007483910790078,0.0
41.650000000000006,5.536663701788635,0.5898890716880152,0.45288386088364946,0.4528838608836496,0.5415681181878994,2.5421869049458485,-0.6046163987927421,1.3767673781934435,0.17685038962116606,0.019714322873960508,12.653162794813834,0.0,0.0,0.6434612393334006,0.6434612393334006,5.612731454831784,0.6688539915232653,0.43334949736396144,2.5421869049458485,0.43334949736396133,-0.01953436351968829,0.1096437942503859,0.0
41.7,5.581383277178138,0.6122529683164849,0.47505617371091774,0.4750561737109176,0.5466825831233678,2.530267302045157,-3.0801855302677486,1.3832530646746413,0.17848544479680872,0.020004330721315022,12.672877117687795,0.0,0.0,0.657144917140623,0.657144917140623,5.6578198797721235,0.6904614250098136,0.4604279032733564,2.530267302045157,0.46042790327335625,-0.01462827043756132,0.10935774739113431,0.0
41.75,5.625574900974078,0.6356417450745562,0.4981326875025972,0.4981326875025971,0.5743133528597507,2.468650252014672,-1.0785158615525992,1.4177788032726149,0.18730191835078147,0.020344394999238426,12.69288144840911,0.0,0.0,0.6208642011996441,0.6208642011996441,5.7023038078195,0.7132873854378259,0.4877620324295248,2.468650252014672,0.48776203242952487,-0.010370655073072221,0.10916121386791036,0.0
41.800000000000004,5.669248320158725,0.6599897957083073,0.5208774548211241,0.5208774548211244,0.5846602704275179,2.446708499314302,-1.3428532200581826,1.4304932528664063,0.19059593883507853,0.020551523482712872,12.713225843408349,0.0,0.0,0.6038816967015324,0.6038816967015324,5.746130515591298,0.7373507995528517,0.5164777000725124,2.446708499314302,0.5164777000725125,-0.004399754748611873,0.10906693765925542,0.0
41.85,5.712121404736523,0.6857127401989759,0.5613676464062309,0.5613676464062309,0.5980761947620693,2.4191108198284397,-1.0342740069020466,1.446812593830743,0.19486076576457667,0.020760889977653157,12.733777366891061,0.0,0.0,0.5927479868212067,0.5927479868212067,5.789241650233271,0.7626737542633302,0.5457107135938882,2.4191108198284397,0.5457107135938881,-0.015656932812342816,0.10895196166794079,0.0
41.900000000000006,5.753936504590954,0.7131291922279185,0.5985780645978035,0.5985780645978034,0.6088365043369407,2.3976383709644,-1.091688366775408,1.4597697644420822,0.19827621835907056,0.020953810273182966,12.754538256868715,0.0,0.0,0.5346798036356182,0.5346798036356182,5.831585219995814,0.7892601380613297,0.5756145233319917,2.3976383709644,0.5756145233319918,-0.02296354126581157,0.10874393738280166,0.0
41.95,5.794723323252758,0.7420498250720282,0.6349844423589891,0.6349844423589892,0.6206222942203887,2.374763340049547,-1.1629036393281627,1.473831072332023,0.20201179679777084,0.021164404060147017,12.775492067141897,0.0,0.0,0.5235049326128112,0.5235049326128112,5.873107395877732,0.8171118139456703,0.6060563485488387,2.374763340049547,0.6060563485488388,-0.02892809381015038,0.108528176133868,0.0
42.0,5.834442280759774,0.7724217077197851,0.6704907740461594,0.6704907740461596,0.6336894028722907,2.35015117754379,-1.217513022125923,1.4892658963573353,0.20614682164050194,0.021393782941142983,12.796656471202045,0.0,0.0,0.5202869834744538,0.5202869834744538,5.913753970890787,0.84622633492542,0.6370874632598582,2.35015117754379,0.6370874632598582,-0.03340331078630143,0.10833959197080548,0.0
42.050000000000004,5.873069640517435,0.8041698989834256,0.7053465398913465,0.7053465398913463,0.6479730448205671,2.324103968220413,-1.197878210195547,1.5059567247673435,0.21065864173387644,0.0216342855268012,12.818050254143188,0.0,0.0,0.47642604984992654,0.47642604984992654,5.953467678118355,0.8766008688887078,0.6687719334034727,2.324103968220413,0.6687719334034727,-0.036574606487873584,0.108213168567873,0.0
42.1,5.9105744878878905,0.8372367375529502,0.7397838123214288,0.7397838123214289,0.6626690137173916,2.298188728994709,-1.4189985058071724,1.5229384583793497,0.21529163454493697,0.021904388747650133,12.839684539669989,0.0,0.0,0.477753267228145,0.477753267228145,5.992187846011735,0.9082320231388024,0.7011705856445011,2.298188728994709,0.7011705856445012,-0.03861322667692768,0.10817148792388667,0.0
42.150000000000006,5.94692256746637,0.8715710127864157,0.7740289846977955,0.7740289846977957,0.6809641135099354,2.267106434091174,-1.5847461681179285,1.543818123123567,0.2210461643725931,0.022227219059373526,12.861588928417639,0.0,0.0,0.4956028167161857,0.4956028167161857,6.029850912313779,0.9411146131056984,0.7343040363303707,2.267106434091174,0.7343040363303706,-0.03972494836742513,0.10822856704446826,0.0
42.2,5.982075070463772,0.9071283981554725,0.8082181092462789,0.8082181092462788,0.7026282559356515,2.231881933858914,-1.1516176168360373,1.568183310641578,0.22784116899910656,0.0225336180139029,12.883816147477013,0.0,0.0,0.45615980295549746,0.45615980295549746,6.066388292845556,0.9752434616653322,0.7683522420058675,2.231881933858914,0.7683522420058675,-0.0398658672404113,0.10838995038910372,0.0
42.25,6.015989181967742,0.9438687857223892,0.8425885744115401,0.8425885744115402,0.7192566282174264,2.2059318223830497,-1.653887939942877,1.586631084644755,0.23304224235926196,0.022862095172195326,12.906349765490916,0.0,0.0,0.46053112013293107,0.46053112013293107,6.101723432649955,1.010615354052747,0.80348365480265,2.2059318223830497,0.8034836548026503,-0.039104919608889954,0.1086529618736631,0.0
42.300000000000004,6.048614686325483,0.9817580741712956,0.8772863278343462,0.8772863278343461,0.7445626064413767,2.1681204788959296,-1.2913018234462632,1.6143014348456792,0.24093286552572749,0.023222037780025115,12.929211860663111,0.0,0.0,0.4597402031106018,0.4597402031106018,6.135779061918008,1.0472206086862537,0.8394464862135214,2.1681204788959296,0.8394464862135216,-0.037839841620824544,0.1090090445676724,0.0
42.35,6.0798971191675495,1.020763556776257,0.9124915860756453,0.9124915860756451,0.7655935723684703,2.138133819166445,-1.3590081386935406,1.6369415088174795,0.24746734757836844,0.023561301918847023,12.952433898443136,0.0,0.0,0.45965738697697794,0.45965738697697794,6.168472475568291,1.085047212688987,0.8766746165355902,2.138133819166445,0.8766746165355901,-0.03581696954005498,0.10944396821673012,0.0
42.400000000000006,6.109773822117673,1.060855916957848,0.9483845626887145,0.9483845626887142,0.7890497186376857,2.1061138181005163,-1.4631562274389343,1.6618285155911543,0.2547299644865516,0.023939478475068,12.975995200361982,0.0,0.0,0.46001758425884554,0.46001758425884554,6.199714725930693,1.1240807433476765,0.9149542951540137,2.1061138181005163,0.9149542951540139,-0.03343026753470024,0.10993973281178544,0.0
42.45,6.138175431280181,1.10200635483631,0.9851520348467392,0.9851520348467391,0.8159649763789535,2.0710866210880803,-1.9928001948898098,1.689934145854902,0.2630298581495574,0.024429026027852,12.99993467883705,0.0,0.0,0.46952753431152594,0.46952753431152594,6.229416571042336,1.1642986016278354,0.954406781085898,2.0710866210880803,0.9544067810858978,-0.03074525376084125,0.11047746193424879,0.0
42.5,6.165022380626061,1.14418745691983,1.0230394225553456,1.023039422555346,0.8557206621380792,2.0224044532588086,-1.098026069203568,1.7306132778536276,0.2752215509371911,0.024891239741734437,13.024363704864902,0.0,0.0,0.4393535213805927,0.4393535213805927,6.257481058849982,1.2056753792799355,0.9952050299048457,2.0224044532588086,0.995205029904846,-0.02783439265050003,0.11103770429487884,0.0
42.550000000000004,6.1902261530077185,1.1873703928780688,1.0621209854964146,1.0621209854964144,0.8793269114866157,1.9950732231275883,-1.0364525066901469,1.75432157548243,0.2824214957063998,0.02522704458274702,13.049254944606636,0.0,0.0,0.47944676333896363,0.47944676333896363,6.2837921390483364,1.2481882677484655,1.0379910630117497,1.9950732231275883,1.0379910630117495,-0.024129922484664945,0.11159483701096723,0.0
42.6,6.213686138767978,1.231524816603625,1.103164187227505,1.103164187227505,0.902836266975035,1.968926589533416,-2.0817861953747254,1.7776183320422365,0.2895621131629986,0.025744944723967086,13.074481989189383,0.0,0.0,0.4693208981838134,0.4693208981838134,6.308234897874793,1.2918018990957283,1.0819574085860806,1.968926589533416,1.0819574085860806,-0.021206778641424506,0.11212847329023261,0.0
42.650000000000006,6.235293301353299,1.2766150314378835,1.1443065179494893,1.1443065179494898,0.9540701639978676,1.915331119006376,-0.7021881300857976,1.8273602748206323,0.30501813050896776,0.02623127680882045,13.100226933913351,0.0,0.0,0.4714485031882651,0.4714485031882651,6.330710779497628,1.3364607186312996,1.1270992219348324,1.915331119006376,1.1270992219348326,-0.017207296014657203,0.11263215087654008,0.0
42.7,6.2548917616562445,1.3226126329884447,1.194781211925013,1.1947812119250134,0.9726884419447099,1.8969118277942274,-1.079165449443504,1.845104210283659,0.3105981756518528,0.026559283627717235,13.126458210722172,0.0,0.0,0.5114594427213428,0.5114594427213428,6.351089808885663,1.3821139891232006,1.1748027301347257,1.8969118277942274,1.1748027301347257,-0.019978481790287717,0.11311266804663637,0.0
42.75,6.272048605846928,1.3695774056195473,1.2439045863545253,1.2439045863545255,1.002762485307072,1.8682499665412244,-1.031566596120284,1.8734109796237324,0.31956943137277327,0.026963734797575852,13.15301749434989,0.0,0.0,0.4968392997813802,0.4968392997813802,6.36924691211009,1.4286953893835264,1.2234371522319611,1.8682499665412244,1.223437152231961,-0.020467434122564576,0.11376487482850556,0.0
42.800000000000004,6.286991678159979,1.41729097796045,1.291768339853548,1.2917683398535482,1.0333014524019368,1.840435078417399,-0.694804127980577,1.901724239580171,0.3286251872517464,0.027308255800279582,13.179981229147465,0.0,0.0,0.5103072172165263,0.5103072172165263,6.385082232462757,1.4761160488035325,1.2735752764973147,1.840435078417399,1.273575276497315,-0.018193063356233274,0.11437720840761902,0.0
42.85,6.299533518851132,1.4656916641409587,1.3430036678449573,1.3430036678449575,1.0549410701930428,1.8214611895594153,-1.7069873822170472,1.9215342166289024,0.33500841810130066,0.02781296113185411,13.207289484947745,0.0,0.0,0.5544173816041584,0.5544173816041584,6.398484210958098,1.5242806719141113,1.3252403491174116,1.8214611895594153,1.3252403491174114,-0.017763318727546107,0.1149952664255798,0.0
42.900000000000006,6.3095363783093745,1.514680347665875,1.3964727613180687,1.3964727613180692,1.1121625012226632,1.7739848158452471,-0.44886651727996735,1.9729593899214757,0.35175059991905194,0.02828635999481826,13.2351024460796,0.0,0.0,0.5521128780895233,0.5521128780895233,6.4093545351518255,1.5730787905489385,1.3779874026270638,1.7739848158452471,1.3779874026270633,-0.01848535869100587,0.11564619564253109,0.0
42.95,6.316738797097528,1.564156138489769,1.4563165674129572,1.4563165674129568,1.128255044974436,1.7612880159478457,-1.3429739942970227,1.9871820896461716,0.3564226713113477,0.028702397958867414,13.263388806074417,0.0,0.0,0.5654177454709818,0.5654177454709818,6.417566333144821,1.622393314036791,1.4335955276881969,1.7612880159478457,1.4335955276881966,-0.02272103972476014,0.11643779730423762,0.0
43.0,6.321024857876372,1.6139716145644245,1.5138779704779843,1.5138779704779841,1.1793096222691186,1.7227414419151228,-0.9468335383269604,2.03164555913228,0.37113733714695085,0.029258761113252336,13.292091204033284,0.0,0.0,0.5772676388333698,0.5772676388333698,6.423004548520805,1.6720900223842665,1.4900082799369188,1.7227414419151228,1.4900082799369185,-0.02386969054106558,0.11737805004108638,0.0
43.050000000000004,6.3223473286973775,1.6639518457029936,1.5750141047342945,1.5750141047342945,1.2181731715914323,1.6950382656031988,-0.8316274275843909,2.0648501399786894,0.38222686868565614,0.029714457375594448,13.321349965146537,0.0,0.0,0.5791249184429599,0.5791249184429599,6.425568316541563,1.722016996966046,1.5489737610503747,1.6950382656031988,1.5489737610503749,-0.02604034368391961,0.11843198099639567,0.0
43.1,6.320598304213121,1.7139193770650376,1.6366609243602661,1.6366609243602657,1.2544838932218743,1.6703269078538672,-0.6251521563183213,2.095398202317774,0.39249943816631366,0.03010384928427033,13.35106442252213,0.0,0.0,0.5890299365795508,0.5890299365795508,6.425136799859177,1.7720074058728583,1.6098824196299462,1.6703269078538672,1.6098824196299457,-0.026778504730319952,0.11959312757311254,0.0
43.150000000000006,6.315715698617835,1.763677950441188,1.7015229241015768,1.7015229241015764,1.2832373301500353,1.6515074215603238,-0.479314204350497,2.1192759743660385,0.4005725848186865,0.030409564156115267,13.3811682718064,0.0,0.0,0.6010416239046005,0.6010416239046005,6.421617879655677,1.821875207686178,1.6726066142910399,1.6515074215603238,1.6726066142910394,-0.028916309810536944,0.12083953285002141,0.0
43.2,6.30763728951855,1.8130195507406293,1.763501906695548,1.7635019066955477,1.3061917422294123,1.63693168551219,-0.37327489683039683,2.1381466502096957,0.4069781999561838,0.030652076454827867,13.411577835962515,0.0,0.0,0.6261809041849068,0.6261809041849068,6.414944447191014,1.8714192060528827,1.7367684807985415,1.63693168551219,1.736768480798542,-0.02673342589700578,0.12216933260165197,0.0
43.25,6.296469671332359,1.861754104206078,1.830250710865068,1.8302507108650676,1.324644747048946,1.6254900348358767,-0.3046829467104381,2.1531968360257525,0.41210216472590994,0.03084914561304336,13.442229912417343,0.0,0.0,0.669976573119173,0.669976573119173,6.405080027109159,1.9204274171044897,1.8020780679100121,1.6254900348358767,1.8020780679100117,-0.02817264295505595,0.12344540100156884,0.0
43.300000000000004,6.281908793138555,1.909581616345393,1.9008605445546831,1.900860544554683,1.3400978621278439,1.6160908262469953,-0.1430321738178251,2.1657198612580193,0.4163755546018826,0.030981330622827395,13.473079058030386,0.0,0.0,0.6524241463810445,0.6524241463810445,6.392016009915098,1.9686810979623381,1.8683103052624594,1.6160908262469953,1.86831030526246,-0.032550239292223004,0.12496538686239565,0.0
43.35,6.2642902123329804,1.9563746158159843,1.963092306687378,1.9630923066873782,1.3474773065960972,1.6116594991802435,-0.02898915962491615,2.1716746011054093,0.41841058637704054,0.031032583876422406,13.504060388653214,0.0,0.0,0.6615847641771261,0.6615847641771261,6.3757688273159685,2.015957877525299,1.9353151983688517,1.6116594991802435,1.9353151983688512,-0.027777108318526977,0.1264027162463132,0.0
43.400000000000006,6.243496804637667,2.001841465916078,2.035646146322033,2.0356461463220334,1.3489828575970322,1.6107598906526763,0.0862911395264237,2.1728874801953304,0.4188253213424896,0.03101548279799481,13.535092972529636,0.0,0.0,0.7002022371685369,0.7002022371685369,6.356384236305014,2.062037071697692,2.0026890636986567,1.6107598906526763,2.002689063698657,-0.032957082623376266,0.12793390162058454,0.0
43.45,6.219427443512435,2.0456606391258454,2.1122714436457435,2.112271443645744,1.344511195140536,1.6134362520062775,0.21397832544945045,2.169283103468027,0.4175930623560286,0.030926335893466935,13.566108455327631,0.0,0.0,0.7102796331755492,0.7102796331755492,6.333939767340061,2.1067058326267385,2.0701382065785086,1.6134362520062775,2.070138206578509,-0.04213323706723493,0.12976743797256868,0.0
43.5,6.1923302384281325,2.0876837098601713,2.1715280748380925,2.1715280748380925,1.333549560478102,1.6200538175730488,0.3142299225143277,2.1604220563754106,0.41456665431068535,0.03077134299119051,13.597034791221098,0.0,0.0,0.7090199761688075,0.7090199761688075,6.308540529148848,2.1497632054776727,2.137363766335535,1.6200538175730488,2.137363766335535,-0.03416430850255736,0.13175240204837493,0.0
43.550000000000004,6.162618073064382,2.12788815031864,2.2449594646558064,2.244959464655807,1.317772392144861,1.6297230942968324,0.5428753077369585,2.1476041005052617,0.410196537977306,0.03052486852715882,13.627806134212289,0.0,0.0,0.7491776771894598,0.7491776771894598,6.280317506276841,2.1910249906676302,2.2040412443594404,1.6297230942968324,2.2040412443594404,-0.04091822029636649,0.13356428110759216,0.0
43.6,6.13001329938751,2.1657949060881485,2.3189978090824437,2.3189978090824432,1.2913771561949388,1.646294291692144,0.37075347949015564,2.125986840665362,0.40284808024344987,0.030268079118871846,13.658331002739448,0.0,0.0,0.7330450029342601,0.7330450029342601,6.249423369739428,2.230327001156038,2.2699298639666834,1.646294291692144,2.2699298639666834,-0.04906794511575985,0.13573192769315914,0.0
43.650000000000006,6.094676709693115,2.201162908330138,2.3845935849737874,2.3845935849737874,1.273950152392038,1.657516287342949,0.777895716950733,2.111593126852835,0.39797098042044177,0.02995505706245565,13.68859908185832,0.0,0.0,0.7690177990327628,0.7690177990327628,6.216032891129048,2.2675319404615406,2.33449872177643,1.657516287342949,2.3344987217764306,-0.05009486319735679,0.13831909195324543,0.0
43.7,6.0574085078979305,2.2344919010202493,2.44598242610744,2.44598242610744,1.238872353612397,1.680818197932848,0.8397892667966438,2.082319196867615,0.3880933740753206,0.029529578873170852,13.718554138920775,0.0,0.0,0.7939833352998498,0.7939833352998498,6.1803264559217,2.30252058577057,2.398196229396032,1.680818197932848,2.3981962293960315,-0.04778619671140838,0.14048745102404248,0.0
43.75,6.0178149487710195,2.2650174017329667,2.5220582605654394,2.522058260565439,1.2031093538260034,1.7056168213235618,1.1803380284749625,2.0520435517773525,0.37794003267888604,0.02902343868468327,13.748083717793945,0.0,0.0,0.7826125261153415,0.7826125261153415,6.142493545566975,2.335198890524145,2.460139847076652,1.7056168213235618,2.4601398470766522,-0.06191841348878668,0.14307408524241794,0.0
43.800000000000004,5.9764120388039705,2.29305445687727,2.569132380632248,2.569132380632248,1.1561982381498515,1.7398742897202049,1.330054469933187,2.011639588376725,0.3644967347040354,0.02842879380993955,13.777107156478628,0.0,0.0,0.8215467154358833,0.8215467154358833,6.102736997948847,2.365508345631483,2.520295314767952,1.7398742897202049,2.520295314767952,-0.048837065864296036,0.14562816107663615,0.0
43.85,5.933490693272347,2.3186934899290756,2.6401878428649663,2.6401878428649663,1.1075360581914242,1.7776861340019239,1.542941823373682,1.9688514935540427,0.3504044459469604,0.027791267527821704,13.805535950288569,0.0,0.0,0.7957079305407199,0.7957079305407199,6.061262411040571,2.393421826428859,2.5781052266754445,1.7776861340019239,2.5781052266754445,-0.06208261618952182,0.14802005315992647,0.0
43.900000000000006,5.888845617682976,2.3411959460665948,2.701121033437172,2.701121033437172,1.055978260404111,1.820566442995167,1.7157659312767772,1.9224785854241364,0.33531366065381357,0.027117466626508574,13.83332721781639,0.0,0.0,0.8358019377591805,0.8358019377591805,6.01827485631131,2.4189449778080956,2.6334820295850156,1.820566442995167,2.633482029585016,-0.06763900385215571,0.1509862237048504,0.0
43.95,5.843177904774791,2.3615543873911045,2.7535333837991476,2.753533383799148,1.0040048990982147,1.8670936683754653,2.02021533899326,1.8745711901242246,0.31993891805988006,0.026402459091951026,13.860444684442898,0.0,0.0,0.8396237185217365,0.8396237185217365,5.973969831835684,2.4421071021739804,2.686280942605221,1.8670936683754653,2.6862809426052205,-0.06725244119392748,0.15360751297769712,0.0
44.0,5.796320913997711,2.3790019693657816,2.8072996178733165,2.8072996178733165,0.9490083444765423,1.9204323212201668,2.27388203724526,1.8225062978403936,0.3034976510784445,0.025646407780302218,13.88684714353485,0.0,0.0,0.8817543860530583,0.8817543860530583,5.92853072830587,2.462958068769392,2.736481187560132,1.9204323212201668,2.7364811875601323,-0.07081843031318424,0.1566143723496245,0.0
44.050000000000004,5.748798331605495,2.3945381105952763,2.8454528494269815,2.845452849426982,0.8938950407149162,1.9787492271916631,2.499999999999991,1.7687941210051008,0.2868498846785257,0.02487752625880617,13.912493551315151,0.0,0.0,0.865515966576468,0.865515966576468,5.882127605355997,2.4815666970991948,2.783931604783959,1.9787492271916631,2.783931604783959,-0.06152124464302311,0.15921893765411932,0.0
44.1,5.7007054002509605,2.408215541105652,2.882679651741551,2.882679651741551,0.8376141086099806,2.0409430428386783,2.5000000000000107,1.7095226875510612,0.26967907087974957,0.024141527841615128,13.937371077573957,0.0,0.0,0.855796552138098,0.855796552138098,5.834916179362027,2.498018597281906,2.8286263568197048,2.0409430428386783,2.8286263568197043,-0.05405329492184663,0.16148412345551164,0.0
44.150000000000006,5.652161330149958,2.420192590669222,2.9168825568300414,2.916882556830041,0.7804187238469362,2.1012968624427164,2.4999999999999996,1.6398914158111157,0.2520607396927641,0.023467227511967618,13.961512605415573,0.0,0.0,0.8479204209380425,0.8479204209380425,5.787036550221364,2.512412194718861,2.870507062250204,2.1012968624427164,2.870507062250204,-0.04637549457983692,0.16338843398595415,0.0
44.2,5.603219652240172,2.4304202712870913,2.9540176476982487,2.954017647698249,0.7255849866498413,2.1599649312226354,2.4999999999999933,1.5672381257853012,0.23501829316802542,0.02284645850219948,13.984979832927541,0.0,0.0,0.8575169400268339,0.8575169400268339,5.738613546665317,2.524857895635491,2.9095279984425506,2.1599649312226354,2.9095279984425506,-0.04448964925569854,0.1650756539898504,0.0
44.25,5.553948537692318,2.4389272843534884,2.9867401843761767,2.9867401843761767,0.6672309716745469,2.217081077478134,2.500000000000007,1.4793051616069868,0.2167279217005682,0.022272491808010855,14.00782629142974,0.0,0.0,0.8533197578938255,0.8533197578938255,5.689755968055935,2.5354721679040515,2.9458072477750425,2.217081077478134,2.9458072477750425,-0.04093293660113417,0.16662704666938183,0.0
44.300000000000004,5.504435779064481,2.445886907303434,3.0160372287369026,3.016037228736902,0.6148133904691311,2.2727623069981613,2.499999999999993,1.3973246996959836,0.2001713366914331,0.021739726246888996,14.03009878323775,0.0,0.0,0.8492940653639307,0.8492940653639307,5.640558070234406,2.5443791848855652,2.97916879635877,2.2727623069981613,2.9791687963587705,-0.036868432378131644,0.168017876717525,0.0
44.35,5.454756161942501,2.4515402049519293,3.040762301432984,3.0407623014329843,0.5575031494988244,2.3271116226153836,2.4999999999999956,1.2973720588433961,0.18194150984223967,0.02124345646607097,14.05183850948464,0.0,0.0,0.8501599933416082,0.8501599933416082,5.591099662899728,2.551705101314699,3.0099094658822265,2.3271116226153836,3.0099094658822265,-0.030852835550757796,0.1691820224392584,0.0
44.400000000000006,5.404949577661575,2.4559309992987743,3.0660513001636134,3.066051300163613,0.5103718548183278,2.380220263780561,2.500000000000004,1.2147974309018543,0.16685677408458757,0.020779696739374708,14.07308196595071,0.0,0.0,0.849960688629415,0.849960688629415,5.541447471136174,2.5575785975160756,3.037784623357168,2.380220263780561,3.037784623357168,-0.028266676806445012,0.17018786427459812,0.0
44.45,5.355052770671205,2.459142480170089,3.088208809577012,3.0882088095770115,0.4635957992737753,2.432169505628998,2.5000000000000084,1.1275435659313782,0.15180955378444053,0.020345045358547618,14.093861662690085,0.0,0.0,0.8500106972348935,0.8500106972348935,5.491655925992462,2.56212462366031,3.063303216098084,2.432169505628998,3.0633032160980846,-0.024905593478926846,0.171072335348425,0.0
44.5,5.3050991982998905,2.46129870080755,3.108448738140161,3.1084487381401615,0.42386279168035285,2.483032119025367,2.499999999999995,1.0524649258020742,0.1389730688850543,0.019936579008580896,14.114206708048632,0.0,0.0,0.8499967905900568,0.8499967905900568,5.4417682224909365,2.565457053975989,3.086483006061773,2.483032119025367,3.0864830060617727,-0.02196573207838881,0.17183534184821805,0.0
44.550000000000004,5.255113639178194,2.462492260347889,3.126312081686534,3.1263120816865335,0.37773463059275597,2.532873566546819,2.4999999999999893,0.9567540609977191,0.12401275527546067,0.019551769593350248,14.134143287057213,0.0,0.0,0.8500010302533929,0.8500010302533929,5.391818684550108,2.5676819313360046,3.1076761456457906,2.532873566546819,3.10767614564579,-0.018635936040743317,0.17249097458338258,0.0
44.6,5.205114316230086,2.46285748136115,3.1432339053410048,-3.139951401838582,0.34148733115442814,2.5817529905301946,2.4999999999999947,0.8816359384361198,0.11221739283723096,0.019188418081102873,14.153695056650564,0.0,0.0,0.8499996620937724,0.8499996620937724,5.341834400153305,2.5689054481357667,3.1265628771754286,2.5817529905301946,3.126562877175429,-0.016671028165575308,0.17302760648232474,0.0
44.650000000000006,5.15511788857979,2.4623194231422456,3.157263433525114,-3.1259218736544723,0.3218697081867446,2.6297240357329517,2.500000000000013,0.8464285079930335,0.10582023747876969,0.018844601400824505,14.172883474731668,0.0,0.0,0.8500000966022612,0.8500000966022612,5.291836061391304,2.5692300715840877,3.14363724373315,2.6297240357329517,-3.139548063446436,-0.013626189791963839,0.17355617398172288,0.0
44.7,5.105121203942849,2.4617060395819594,3.1528053018028444,-3.1303800053767414,0.2528104508482978,2.676835539235013,2.4999999999999916,0.67673199952075,0.08323469753473718,0.01851862945162785,14.191728076132492,0.0,0.0,0.8500000043461503,0.8500000043461503,5.2418391468405785,2.5687255189636753,3.1597307291424874,2.676835539235013,-3.123454578037099,0.006925427339642631,0.17362305399145694,0.0
44.75,5.055131654158939,2.4607310955246504,3.170400831286152,-3.1127844758934344,0.21522750600977097,2.7231321128640826,2.5000000000000004,0.5860929331868546,0.07090600704497099,0.018209010024944124,14.210246705584119,0.0,0.0,0.8499998715919409,0.8499998715919409,5.191854434155565,2.5675027321932116,3.1723712516849023,2.7231321128640826,-3.110814055494684,0.0019704203987505053,0.17347420836219163,0.0
44.800000000000004,5.005162076625547,2.458966127222683,3.1826072893135193,-3.1005780178660665,0.17717851273134982,2.768654637926443,2.4999999999999956,0.490546111014561,0.05840241800172181,0.017914419973810457,14.228455715609062,0.0,0.0,0.8500004808725238,0.8500004808725238,5.141887359065961,2.5656951705901463,3.183132626985391,2.768654637926443,-3.100052680194196,0.0005253376718705738,0.17344996845357089,0.0
44.85,4.955217071883237,2.456626389373123,3.1941997961491477,-3.0889855110304385,0.12870506013237648,2.813440687860969,2.499999999999997,0.3621040529100207,0.04244715824233727,0.01763368135549188,14.246370135582872,0.0,0.0,0.8499984247800068,0.8499984247800068,5.091940342828602,2.5633975157273223,3.191991552621958,2.813440687860969,-3.0911937545576276,-0.002208243527189069,0.17347428120889852,0.0
44.900000000000006,4.905300769999935,2.4537325858008248,3.204507305140408,-3.0786780020391777,0.1205588096443855,2.8575248912496987,2.499999999999993,0.3444997994182658,0.0397634368534422,0.017365741564267494,14.264003816938363,0.0,0.0,0.8500046696582855,0.8500046696582855,5.04201228006579,2.5607179783332996,3.198426805628577,2.8575248912496987,-3.0847585015510095,-0.006080499511831761,0.17359697923585524,0.0
44.95,4.8554139766454885,2.450368930824608,3.213097689109004,-3.0700876180705823,0.08090800420558808,2.9009392451603673,2.500000000000014,0.2347092046475905,0.026693299634781283,0.01710965668887771,14.28136955850263,0.0,0.0,0.849988027487005,0.849988027487005,4.992101873853646,2.5577273627936217,3.2044547461107964,2.9009392451603673,-3.07873056106879,-0.008642942998207559,0.17380855605531395,0.0
45.0,4.805558049428898,2.446576119119099,3.222155230809873,-3.061030076369713,0.08588985031280431,2.943713386882562,2.499999999999995,0.2528351021631414,0.028336064184061965,0.016864577493742094,14.298479215191508,0.0,0.0,0.8500230933913918,0.8500230933913918,4.94220712186519,2.554485401288556,3.2085001463210756,2.943713386882562,-3.074685160858511,-0.013655084488798153,0.1741188736927345,0.0
45.050000000000004,4.75573679320666,2.4423515409783016,3.2296442040517785,-3.0535411031278077,0.06976056052342444,2.985874830616917,2.5000000000000004,0.20829630183662115,0.02301691948754372,0.01662973754866641,14.31534379268525,0.0,0.0,0.8499757890001467,0.8499757890001467,4.892326326756499,2.5510354104318407,3.2127946388367157,2.985874830616917,-3.0703906683428706,-0.016849565215062867,0.17455338482755486,0.0
45.1,4.705943218443633,2.4378127165684966,3.2352525336216154,-3.047932773557971,0.05757430636696785,3.027449174488583,2.4999999999999822,0.17430328628242958,0.01899723543567396,0.016404443128412834,14.331973530233915,0.0,0.0,0.8499045639195686,0.8499045639195686,4.842459321029355,2.5473913460752438,3.2162826668628868,3.027449174488583,-3.0669026403167,-0.018969866758729026,0.1750546266448625,0.0
45.150000000000006,4.656173955499827,2.433014726545426,3.2399100730281942,-3.043275234151392,0.04452634078539902,3.0684602823096148,2.4999999999999933,0.1366273082165796,0.014692635117560988,0.01618806457847186,14.348377973362329,0.0,0.0,0.850851781746156,0.850851781746156,4.7926041603071905,2.5435885546227874,3.2191613821812353,3.0684602823096148,-3.0640239249983505,-0.020748690846958517,0.17561256287481572,0.0
45.2,4.6064242389218295,2.4280180559399542,3.2433125108295067,-3.03987279635008,0.03427649391410977,3.1089304437557943,2.500000000000001,0.10656323543478607,0.011310760625972104,0.0159800289019488,14.3645660379408,0.0,0.0,0.845626329291935,0.845626329291935,4.742758861755299,2.539658519046974,3.221387699220505,3.1089304437557943,-3.0617976079590807,-0.021924811609000727,0.17621215164083984,0.0
45.25,4.556688809988458,2.4228812904253405,3.245359330732579,-3.0378259764470066,0.025872053047511074,3.1488805160106663,2.4999999999999982,0.081468003750502,0.008537570064844471,0.015779813368567385,14.380546066842749,0.0,0.0,0.8881356045963611,0.8881356045963611,4.6929213981828575,2.5356302920517537,3.2231015239162106,3.1488805160106663,-3.0600837832633756,-0.02225780681636902,0.17683793556219146,0.0
45.300000000000004,4.506959626064261,2.417684172113082,3.2462893691038808,-3.0368959380757055,0.01765493055188116,3.1883300494320848,2.5000000000000004,0.05628974559919929,0.005826061163249756,0.015586939983298895,14.396325880211316,0.0,0.0,0.9035647227680833,0.9035647227680833,4.643090045629124,2.5315271281474647,3.224395126568586,3.1883300494320848,-3.058790180611,-0.021894242535294595,0.17745903687767536,0.0
45.35,4.457238543545931,2.412410556907211,3.247839494368086,-3.0353458128115003,0.0070546928258917625,3.227297399390332,2.4999999999999907,0.022767591810498117,0.002328044426697201,0.015400970681222205,14.411912820194615,0.0,0.0,0.8989676632698113,0.8989676632698113,4.593263185679985,2.5273697413166696,3.2252778730961804,3.227297399390332,-3.057907434083406,-0.02256162127190553,0.1780963709562472,0.0
45.400000000000006,4.407516178653901,2.4071482616384774,3.2454486636538395,-3.037736643525747,-0.0013886775415160686,3.2657998260933874,2.5000000000000218,-0.00453514287358297,-0.0004582635566210128,0.015221503138549199,14.427313790875838,0.0,0.0,0.9002897167995371,0.9002897167995371,4.543438902064838,2.5231815750932065,3.225630607737475,3.2657998260933874,-3.057554699442111,-0.019818055916363875,0.17871406371835868,0.0
45.45,4.357770437176308,2.4021130318021093,3.2394075185390157,-3.04377778864057,-0.009546962321201904,3.3038535839397607,2.5000000000000036,-0.03154176568064077,-0.0031504871424958263,0.015048167108560207,14.442535294014387,0.0,0.0,0.8999098588993001,0.8999098588993001,4.4936152119565955,2.518986351262065,3.225561173860399,3.3038535839397607,-3.0576241333191874,-0.013846344678617228,0.179201494515799,0.0
45.5,4.307996566741501,2.397362419814111,3.2336670503447067,-3.0495182568348795,-0.017599904108880456,3.3414740017111613,2.5000000000000133,-0.05880962201243349,-0.00580790305149501,0.014880621206442079,14.457583461122947,0.0,0.0,0.9000576556906056,0.9000576556906056,4.443790377236974,2.5148047489746883,3.225083825744339,3.3414740017111613,-3.058101481435248,-0.008583224600368311,0.17953456393558836,0.0
45.550000000000004,4.258186820590007,2.3930040052825525,3.223428305963198,-3.059757001216388,-0.025011113131019627,3.3786755547272667,2.500000000000001,-0.08450443653229416,-0.008253479919302899,0.01471855007944462,14.47246408232939,0.0,0.0,0.8998596978507105,0.8998596978507105,4.393962717191856,2.5106569624455104,3.2242038305388947,3.3786755547272667,-3.0589814766406915,0.0007755245756966289,0.17965887795270485,0.0
45.6,4.2083301621966855,2.3892256743179723,3.2111230435885094,-3.072062263591077,-0.03362641576416401,3.4154719299258782,2.500000000000012,-0.11485007914651922,-0.011096261763176431,0.014561661908941944,14.487182632408835,0.0,0.0,0.9003663000480057,0.9003663000480057,4.344130668524304,2.5065622585765013,3.2229532748823435,3.4154719299258782,-3.060232032297243,0.011830231293833648,0.179470475355409,0.0
45.650000000000006,4.158430139774631,2.386049778531306,3.197231908581066,-3.0859533985985204,-0.036909720530755245,3.4518760846982333,2.499999999999978,-0.12740778159300942,-0.012179605487192203,0.014409686199350829,14.501744294317778,0.0,0.0,0.8944458466872015,0.8944458466872015,4.294292673442583,2.502540609997508,3.2212719540941355,3.4518760846982333,-3.061913353085451,0.024040045513069153,0.17896575613888382,0.0
45.7,4.108477509090605,2.3838854512174223,3.17788048989553,-3.105304817284056,-0.05557692618701707,3.48790030019661,2.499999999999992,-0.19384677753170165,-0.018338329673022274,0.014262371815768882,14.516153980517128,0.0,0.0,0.8838045436409037,0.8838045436409037,4.244447665266108,2.4986068522110494,3.219426468067598,3.48790030019661,-3.0637588391119888,0.041545978172067066,0.1779013300015806,0.0
45.75,4.0585380346021775,2.3814759468098528,3.201290926029585,-3.0818943811500006,-0.06763785326713545,3.523556229736032,2.499999999999997,-0.23832577924538675,-0.022316785963826562,0.01411948523792878,14.530416352332898,0.0,0.0,0.8740489782364621,0.8740489782364621,4.194593703800499,2.494788355465309,3.216647621758247,3.523556229736032,-3.0665376854213395,0.015356695728661052,0.17706170414944106,0.0
45.800000000000004,4.008617293012132,2.37864539706184,3.194990787374796,-3.088194519804791,-0.07258430221338064,3.558854942830854,2.500000000000014,-0.2583170027040182,-0.023948240429149413,0.013980809002840388,14.544535837570827,0.0,0.0,0.8647005591520586,0.8647005591520586,4.1447282242158705,2.4911234457819194,3.2132657290948905,3.558854942830854,-3.0699195780846953,0.018274941720095583,0.17657150686627043,0.0
45.85,3.9587113553777122,2.3755907134944048,3.2130481322394013,-3.070137174940185,-0.07922340752925659,3.593806965337955,2.499999999999993,-0.28471363379644976,-0.026137770563663926,0.01384614031248596,14.558516646573667,0.0,0.0,0.8528282090063004,0.8528282090063004,4.094850207118763,2.4876333646372815,3.2096365139842216,3.593806965337955,-3.0735487931953642,-0.0034116182551793273,0.17631603054883072,0.0
45.900000000000006,3.908871970679447,2.371582538047416,3.2266120238604694,-3.056573283319117,-0.08447547413898011,3.62842231611917,2.49999999999999,-0.30651269553062327,-0.02786968857943391,0.01371528978628499,14.572362786886153,0.0,0.0,0.8538435131949683,0.8538435131949683,4.044959308969049,2.484332605207931,3.2056753436077585,3.62842231611917,-3.0775099635718277,-0.020936680252710893,0.17672674185716553,0.0
45.95,3.859029734976553,2.3676172284040993,3.2168050389481944,-3.0663802682313914,-0.0892478206071675,3.6627105405848823,2.4999999999999774,-0.32688893326210106,-0.029443269665371533,0.013588080340868326,14.586078076672438,0.0,0.0,0.8655242390336827,0.8655242390336827,3.995055324854702,2.4812360502328246,3.2014515699008097,3.6627105405848823,-3.0817337372787765,-0.015353469047385104,0.17723486613938588,0.0
46.0,3.8092020301613987,2.3634805393279295,3.231448504317374,-3.0517368028622123,-0.09413519209124849,3.696680741437053,2.5000000000000036,-0.34798775169519586,-0.03105462661556546,0.013464346182086633,14.599666157013306,0.0,0.0,0.8748971112490413,0.8748971112490413,3.945138367153099,2.4783562611427037,3.196989178870451,3.696680741437053,-3.086196128309135,-0.03445932544692276,0.17797505212019613,0.0
46.050000000000004,3.7593838300634714,2.3592214055568523,3.220135782553573,-3.063049524626013,-0.09386765177696126,3.7303416068922695,2.4999999999999885,-0.35015840696487366,-0.030966423187377527,0.013343931896201396,14.613130503195393,0.0,0.0,0.8846035852762705,0.8846035852762705,3.895208736133932,2.475705349814717,3.1922824192658887,3.7303416068922695,-3.090902887913698,-0.02785336328768473,0.1789327090805889,0.0
46.1,3.709521910251154,2.3555044578766124,3.2124760916772903,-3.070709215502296,-0.10543867674489969,3.763701436632773,2.500000000000011,-0.3968396991414375,-0.03478073179385478,0.013226691628927098,14.626474435091595,0.0,0.0,0.8953104745490198,0.8953104745490198,3.8452671969156653,2.4732891397058308,3.1875890366770405,3.763701436632773,-3.0955962705025453,-0.024887055000249347,0.17972204685358034,0.0
46.150000000000006,3.65963324663412,2.352171486967383,3.2039798530703045,-3.0792054541092817,-0.11429782999826887,3.7967681657050907,2.4999999999999787,-0.4339623623465996,-0.03770041227519773,0.013112488342461261,14.639701126720523,0.0,0.0,0.9003744130860274,0.9003744130860274,3.795314250543406,2.4711218007018636,3.1823171028397956,3.7967681657050907,-3.1008682043397906,-0.021662750230508898,0.18043977377330905,0.0
46.2,3.6097180664400046,2.349259504039911,3.1958134129208755,-3.0873718942587107,-0.11205050287758565,3.8295493865612436,2.5000000000000098,-0.429102934558737,-0.03695982735207064,0.013001193141895177,14.652813615062984,0.0,0.0,0.8998768421712265,0.8998768421712265,3.745350162003004,2.469228905552383,3.176602211339882,3.8295493865612436,-3.1065830958397047,-0.019211201580993986,0.1810765657010076,0.0
46.25,3.5597809920374357,2.3467521116907086,3.1877168685970063,-3.0954684385825804,-0.11142300080758194,3.8620523694159816,2.499999999999991,-0.43032146427636064,-0.03675303283323482,0.012892684663475908,14.665814808204878,0.0,0.0,0.9000330383067736,0.9000330383067736,3.6953761594775534,2.4676187713184294,3.170999686196003,3.8620523694159816,-3.112185620983583,-0.016717182401002617,0.1816447049673534,0.0
46.300000000000004,3.509825331206306,2.3446467510627658,3.1797239517893474,-3.1034613553902393,-0.1130722124936662,3.8942840810746713,2.499999999999985,-0.44033531712597684,-0.03729652695437948,0.012786848518117544,14.678707492868353,0.0,0.0,0.899991140882801,0.899991140882801,3.645393940621377,2.4662878573768636,3.165428536155624,3.8942840810746713,-3.117756771023963,-0.014295415633723607,0.182141172182606,0.0
46.35,3.4598545169004993,2.3429386971553168,3.1718164762408496,-3.111368830938737,-0.10296556271659614,3.926251202369965,2.4999999999999893,-0.4042686644187356,-0.03396556809586986,0.012683576784359706,14.691494341386472,0.0,0.0,0.9000023747782082,0.9000023747782082,3.595405041325303,2.465237482186266,3.1597749255309404,3.926251202369965,-3.123410381648646,-0.012041550709908755,0.18256762443512736,0.0
46.400000000000006,3.4098718474916514,2.3416222870488568,3.1640511822032846,-3.119134124976302,-0.09776273049686338,3.957960144330864,2.5000000000000053,-0.38694099090754475,-0.03225051520246882,0.012582767545663183,14.704177918170831,0.0,0.0,0.8999993635613192,0.8999993635613192,3.5454111867593636,2.464457108090167,3.154626647395111,3.957960144330864,-3.128558659784476,-0.009424534808173846,0.18291885017509454,0.0
46.45,3.3598805097539417,2.340691642627277,3.15637661394216,-3.126808693237426,-0.10026460369642926,3.989417063195022,2.4999999999999676,-0.3999973208210216,-0.03307525280234104,0.012484324467532365,14.716760685716494,0.0,0.0,0.9000001705433224,0.9000001705433224,3.4954140401731166,2.4639276222368203,3.1497385108702676,3.989417063195022,-3.133446796309318,-0.006638103071892054,0.18318418200873465,0.0
46.5,3.3098835271816416,2.3401423503659102,3.148799343383896,-3.1343859637956903,-0.09189950142290437,4.020627874363853,2.4999999999999627,-0.3694936970610699,-0.030317543228555646,0.012388156410475488,14.729245010184027,0.0,0.0,0.8999999542917086,0.8999999542917086,3.4454148875565838,2.4636456619169627,3.144725280685446,4.020627874363853,-3.1384600264941405,-0.0040740626984501205,0.183362530548525,0.0
46.550000000000004,3.2598838277075033,2.339968937065825,3.141342623708791,3.141342623708791,-0.10136478886380916,4.051598265390041,2.499999999999967,-0.4106894027322369,-0.033437912505915504,0.01229417707526766,14.741633166594502,0.0,0.0,0.900000012294085,0.900000012294085,3.3954149489807226,2.463603904980419,3.140130305614301,4.051598265390041,3.140130305614301,-0.0012123180944900724,0.18345105648324495,0.0
46.6,3.2098842138369346,2.340165385932114,3.134005139995595,3.134005139995595,-0.11564243406325009,4.08233370807821,2.5000000000000018,-0.4720910066606176,-0.03814349381370172,0.012202304677377986,14.753927343669769,0.0,0.0,0.8999999965310448,0.8999999965310448,3.3454154017890394,2.463803727619309,3.135062066171111,4.08233370807821,3.135062066171111,0.0010569261755160042,0.18345337948064183,0.0
46.650000000000006,3.1598873520359185,2.34072559210858,3.1267902285324314,3.126790228532432,-0.11931173502892933,4.112839469771655,2.499999999999961,-0.49071001303391787,-0.03935254588396124,0.012112461647768857,14.766129648347148,0.0,0.0,0.9000000015811201,0.9000000015811201,3.2954176906087898,2.464274802406904,3.129279944467948,4.112839469771655,3.1292799444679478,0.002489715935515946,0.18339269352680507,0.0
46.7,3.109895785224244,2.341643894721988,3.1196764162526236,3.1196764162526236,-0.14570996271212827,4.143120623891076,2.5,-0.6036939516190184,-0.04804728047999254,0.012024574357579353,14.778242109994917,0.0,0.0,0.8999999971450491,0.8999999971450491,3.2454236134390797,2.4650395465776875,3.123314357716502,4.143120623891076,3.1233143577165023,0.0036379414638787466,0.18328742214762853,0.0
46.75,3.0599119573408458,2.3429154624947075,3.1126625942072206,3.1126625942072206,-0.15841138160526094,4.173182059785025,2.4999999999999685,-0.6610795357808344,-0.05222821491767192,0.011938572864471704,14.790266684352495,0.0,0.0,0.9000000098378034,0.9000000098378034,3.1954357368182222,2.4661355086210968,3.1160288595808954,4.173182059785025,3.1160288595808954,0.0033662653736747927,0.1831662484499316,0.0
46.800000000000004,3.0099381546886743,2.344533809929653,3.1057992861344617,3.105799286134461,-0.16350290469387282,4.2030284919462035,2.4999999999999587,-0.6872073669443122,-0.05390369013850877,0.01185439067865472,14.802205257216967,0.0,0.0,0.8999999635102891,0.8999999635102891,3.145457657658975,2.467611494238291,3.1081082905006325,4.2030284919462035,3.108108290500633,0.002309004366171763,0.18306734296453328,0.0
46.85,2.9599765254592727,2.3464923724682882,3.099037523726555,3.0990375237265546,-0.1676769838640907,4.23266446864284,2.5000000000000107,-0.7097204118107354,-0.05527703518519233,0.011771964546805286,14.814059647895622,0.0,0.0,0.9000001360748402,0.9000001360748402,3.095493083905062,2.469489643837006,3.099933145265939,4.23266446864284,3.099933145265939,0.0008956215393842726,0.18301110998281234,0.0
46.900000000000006,2.9100291923046897,2.3487864292666503,3.0923908548000867,3.0923908548000867,-0.15416377476871582,4.262094380009853,2.499999999999983,-0.6570605580428485,-0.050830223503849865,0.011691234252292028,14.825831612442427,0.0,0.0,0.8999994924690455,0.8999994924690455,3.045545779827992,2.4717814055552823,3.0915492960727344,4.262094380009853,3.091549296072735,-0.0008415587273518099,0.18300958905533346,0.0
46.95,2.8600978326694197,2.351406112153899,3.0859206957408123,3.0859206957408123,-0.15308009841155282,4.291322465640583,2.5000000000000093,-0.6569160653559679,-0.050473527022297446,0.011612142430267225,14.837522846694718,0.0,0.0,0.9000018925245554,0.9000018925245554,2.995618509237379,2.4744749669316533,3.083841107334299,4.291322465640583,3.0838411073342993,-0.002079588406513011,0.1830622757253535,0.0
47.0,2.8101851078638664,2.3543577610152546,3.079349748509091,3.079349748509091,-0.14361104171930666,4.320352821716251,2.4999999999999982,-0.6204503693216168,-0.047356211466155526,0.011534634396336693,14.849134989124986,0.0,0.0,0.8999929452512629,0.8999929452512629,2.9457133990466553,2.477551941384959,3.076187102413721,4.320352821716251,3.076187102413721,-0.003162646095369759,0.1831521875050638,0.0
47.050000000000004,2.760289776094352,2.357593232891638,3.0736100736628504,3.0736100736628504,-0.13188057374239162,4.349189407707093,2.5000000000000213,-0.5735735944027438,-0.04349314391429449,0.011458657987644729,14.860669623521323,0.0,0.0,0.9000262878861364,0.9000262878861364,2.895832469609558,2.480998988912985,3.0690065503277557,4.349189407707093,3.0690065503277557,-0.004603523335094728,0.18330521646848238,0.0
47.1,2.7104243350961976,2.361262722305293,3.0654052307238073,3.0654052307238073,-0.12825489821652825,4.377836052676205,2.500000000000034,-0.5614789173446345,-0.04229887137437225,0.01138416341532482,14.872128281508967,0.0,0.0,0.8999020872540505,0.8999020872540505,2.845976447059354,2.4847894976922955,3.062412521640636,4.377836052676205,3.0624125216406366,-0.0029927090831707304,0.18339367299659776,0.0
47.150000000000006,2.6605403725712744,2.3646474254477243,3.0823263047338174,3.082326304733817,-0.12069387400551436,4.4062964612145175,2.500000000000048,-0.5318129899207688,-0.03980793757797009,0.011311103127367656,14.883512444924293,0.0,0.0,0.9003640879617456,0.9003640879617456,2.7961461248869965,2.488904157431598,3.0559997767298097,4.4062964612145175,3.0559997767298093,-0.0263265280040077,0.18392567929581025,0.0
47.2,2.6106332616606247,2.36770008889892,3.076481221231917,3.0764812212319175,-0.11259461192304342,4.434574219032937,2.500000000000016,-0.4993091632359469,-0.03713913697928248,0.0112394316810483,14.89482354805166,0.0,0.0,0.8986438146849215,0.8986438146849215,2.746342366348973,2.493328866284751,3.049965083029534,4.434574219032937,3.0499650830295337,-0.026516138202383743,0.1849312055948694,0.0
47.25,2.5607443360569464,2.371032940700606,3.073751739457466,3.0737517394574656,-0.10322593399533388,4.462672798235558,2.5000000000000004,-0.46066356771343564,-0.03405139128012039,0.0111691056241348,14.906062979732708,0.0,0.0,0.9050508344283033,0.9050508344283033,2.69656525073569,2.498043965252519,3.044335352433382,4.462672798235558,3.0443353524333823,-0.029416387024083335,0.18595462140505464,0.0
47.300000000000004,2.5108675983979207,2.3745354521752176,3.0697584263740247,3.0697584263740243,-0.09296435380723075,4.490595562295895,2.50000000000003,-0.41746531465845593,-0.030668617870284152,0.011100083384172742,14.917232085356842,0.0,0.0,0.8748447728176275,0.8748447728176275,2.6468142894443116,2.5030275684417496,3.039174055733615,4.490595562295895,3.039174055733615,-0.030584370640409198,0.1870607568388272,0.0
47.35,2.460992495578649,2.378086494907234,3.0688387401523696,3.068838740152369,-0.08186414150034226,4.518345770756327,2.5000000000000067,-0.36989049752466896,-0.027008597508731566,0.011032325165204752,14.928332168741015,0.0,0.0,0.8449723770171135,0.8449723770171135,2.597088359409726,2.508255128190034,3.0345258380432534,4.518345770756327,3.034525838043253,-0.034312902109116195,0.18832407504787874,0.0
47.400000000000006,2.411175955060608,2.3823348603612238,3.044867596407749,3.044867596407749,-0.07006169117209243,4.545926583669339,2.5000000000000253,-0.31849530439604645,-0.02311623973773495,0.010965792851342004,14.93936449390622,0.0,0.0,0.851357622502094,0.851357622502094,2.547385742374685,2.5136999761539194,3.030432630968236,4.545926583669339,3.030432630968236,-0.014434965439512837,0.1892350385297988,0.0
47.45,2.361403241421723,2.387109651548448,3.048034669548286,3.0480346695482865,-0.05770239288424804,4.5733410657976945,2.500000000000021,-0.26389272297232425,-0.01903948869975901,0.010900449916656904,14.950330286757563,0.0,0.0,0.8496279775769531,0.8496279775769531,2.497704154839128,2.5193335632297833,3.0269295464096313,4.5733410657976945,3.0269295464096313,-0.021105123138655202,0.1898976087757096,0.0
47.5,2.311662285259443,2.392184316969623,3.02881079011137,3.02881079011137,-0.04489121501949815,4.600592190589337,2.500000000000035,-0.20652617324476993,-0.01481301741015573,0.010836261340912959,14.961230736674219,0.0,0.0,0.8501240414424889,0.8501240414424889,2.448040806788968,2.5251258103140284,3.024044426765419,4.600592190589337,3.0240444267654194,-0.004766363345950708,0.1904535160799604,0.0
47.550000000000004,2.262038941015736,2.3983118343980028,3.011907191349695,3.011907191349695,-0.031812084676556995,4.62768284394162,2.4999999999999893,-0.1472162384877209,-0.010497602315549736,0.010773193530690197,14.972066998015132,0.0,0.0,0.8498793161036895,0.8498793161036895,2.398392471465941,2.531045417568657,3.021799866014444,4.62768284394162,3.021799866014444,0.009892674664748746,0.19029053935378912,0.0
47.6,2.2124379389659623,2.404613691021789,3.019056818300614,3.019056818300614,-0.01840889921941955,4.654615827768345,2.5000000000000324,-0.08568635367850258,-0.006074862012507095,0.010711214245502493,14.982840191545822,0.0,0.0,0.8503539438684526,0.8503539438684526,2.348755573565506,2.537060219288542,3.0202092617806158,4.654615827768345,3.020209261780616,0.0011524434800023187,0.19006467413154515,0.0
47.650000000000006,2.1628481655540317,2.4110032866109794,3.0049558262414773,3.0049558262414777,-0.005387693701279015,4.681393863382102,2.499999999999977,-0.025221916230949982,-0.0017779370480310575,0.010650292528537718,14.993551405791324,0.0,0.0,0.8487170888653001,0.8487170888653001,2.2991262630370763,2.543137337023729,3.019288816819645,4.681393863382102,3.0192888168196443,0.014332990578166616,0.1898186690820408,0.0
47.7,2.113366263601935,2.4181839902643287,2.9925702833900565,2.992570283390057,0.009287638105209446,4.708019594703446,2.5000000000000044,0.04372638218784045,0.003064910977752786,0.010590398641682678,15.004201698319863,0.0,0.0,0.8547176978320178,0.8547176978320178,2.2495005750565613,2.549243979091354,3.0190194321345807,4.708019594703446,3.0190194321345807,0.026449148744523754,0.18896896948061384,0.0
47.75,2.0638949928768064,2.4254336149137825,3.0018441090569254,3.0018441090569254,0.017476908777813598,4.7344955913076525,-2.7494451932321544,0.08274434755824449,0.005767315951801568,0.01059337150971863,15.014792096961544,0.0,0.0,0.8283927918177885,0.8283927918177885,2.1998742922186665,2.5553457826579806,3.019483814039841,4.7344955913076525,3.019483814039841,0.01763970498291556,0.18806259909269532,0.0
47.800000000000004,2.0143523638151017,2.432183094298108,3.009899454137109,3.009899454137109,0.019599916808043526,4.705369696930134,-3.999999999999961,0.09222485461091962,0.00646788235375503,0.01067459030673034,15.025385468471264,0.0,0.0,0.7947241031723593,0.7947241031723593,2.150243938823199,2.5614143790982578,3.020357659478732,4.705369696930134,3.020357659478732,0.010458205341622673,0.18752931805261452,0.0
47.85,1.9647594182231969,2.438549304100929,3.0180953779291664,3.018095377929166,0.037376115397292464,4.662671335703213,-3.9999999999999867,0.1742725419028911,0.012333492673136222,0.010773250403448157,15.036060058777993,0.0,0.0,0.8013187991025611,0.8013187991025611,2.100607982049003,2.567436969489808,3.021337655319134,4.662671335703213,3.021337655319134,0.0032422773899680735,0.1872614818453858,0.0
47.900000000000006,1.9151156069891737,2.444507196601057,3.026151657118399,3.0261516571183993,0.05057759430385554,4.619578334089421,-3.9999999999999867,0.23364715883645557,0.01668905650999397,0.010874697747079757,15.04683330918144,0.0,0.0,0.7999490937868687,0.7999490937868687,2.050963502286427,2.573388851670847,3.0232064610889986,4.619578334089421,3.023206461088998,-0.0029451960294011315,0.18725686014195012,0.0
47.95,1.8654256915226177,2.450066941582617,3.0341817194033784,3.034181719403378,0.06453560396359963,4.576079543101102,-3.9999999999999885,0.29532005709950265,0.021293530459472083,0.010979066100505617,15.05770800692852,0.0,0.0,0.7961256908668678,0.7961256908668678,2.001306061300893,2.5792315584407106,3.025735340804191,4.576079543101102,3.025735340804191,-0.008446378599186843,0.18747526007230644,0.0
48.0,1.8156930500155661,2.4552307900451176,3.042056145897797,3.0420561458977975,0.0774100277963311,4.5321632786990795,-3.9999999999999876,0.35083488538160684,0.025539754707739455,0.011086498390131129,15.068687073029025,0.0,0.0,0.7847688592998054,0.7847688592998054,1.9516320199651083,2.5849313345882092,3.028962121002371,4.5321632786990795,3.0289621210023707,-0.01309402489542677,0.1878872928266226,0.0
48.050000000000004,1.7659214467226636,2.460004376280545,3.0498852427251886,3.049885242725189,0.09057327627416173,4.487817285138555,-3.999999999999932,0.4064763148348128,0.029880285307304397,0.011197147529152986,15.079773571419157,0.0,0.0,0.7770379941147315,0.7770379941147315,1.9019380744422532,2.590454798836485,3.0328326223921875,4.487817285138555,3.0328326223921875,-0.017052620333001478,0.18846176206656026,0.0
48.1,1.7161142570195946,2.464391209667238,3.0575803897548806,3.0575803897548806,0.09957794039616619,4.443028695021944,-3.9999999999999707,0.4424276465713512,0.03284890002442057,0.011311177333071937,15.09097071894831,0.0,0.0,0.7592606000173274,0.7592606000173274,1.852221382407821,2.59576951993771,3.0373612862058956,4.443028695021944,3.037361286205895,-0.020219103548985373,0.1891703200583296,0.0
48.150000000000006,1.6662749188757395,2.468396231231976,3.0652219381972325,3.065221938197233,0.12016412844796209,4.397783985689657,-3.999999999999974,0.5284558797428026,0.03963339721215,0.011428763539922024,15.102281896281381,0.0,0.0,0.7284245448037849,0.7284245448037849,1.8024799960820495,2.600847838734206,3.0423401832257038,4.397783985689657,3.042340183225704,-0.022881754971528778,0.1899875032382436,0.0
48.2,1.6164066349918984,2.4720231357001676,3.0727360983430523,3.072736098343052,0.1428551703649498,4.352068931529969,-3.9999999999999982,0.6217155486537187,0.047107329962144825,0.011550094949672967,15.113710659821303,0.0,0.0,0.6945488634114565,0.6945488634114565,1.7527114859154354,2.605652823132887,3.048348389648102,4.352068931529969,3.048348389648102,-0.024387708694949772,0.19088191571925786,0.0
48.25,1.5665127065819209,2.4752782825598505,3.0801363568141973,3.0801363568141973,0.1544964638316784,4.305868551731277,-4.000000000000022,0.6652414649665126,0.05093972686941247,0.011675374699615373,15.125260754770975,0.0,0.0,0.6828347663725252,0.6828347663725252,1.7029124877619983,2.610130451263464,3.0554911481663494,4.305868551731277,3.0554911481663494,-0.024645208647847916,0.1918072149582515,0.0
48.300000000000004,1.5165961544480537,2.478165810280812,3.087471825705994,3.087471825705994,0.17206530237230877,4.259167052932815,-4.000000000000013,0.73285486681706,0.05672064358989732,0.011804821695334995,15.136936129470591,0.0,0.0,0.6804939481525987,0.6804939481525987,1.6530815981037221,2.614237762266203,3.063215971357933,4.259167052932815,3.063215971357933,-0.02425585434806088,0.19272740450439124,0.0
48.35,1.466659884222261,2.4806894763283434,3.094702276856596,3.094702276856596,0.19728864540720356,4.211947766151475,2.5000000000000218,0.8309694693099215,0.06501349914046357,0.011829462881833206,15.148740951165927,0.0,0.0,0.6523949168361263,0.6523949168361263,1.6032188669958831,2.617938117114081,3.0718192364765486,4.211947766151475,3.071819236476548,-0.02288304038004796,0.19361184151208044,0.0
48.400000000000006,1.4167068279406119,2.4828556526165637,3.101789124717017,3.1017891247170173,0.19255285481551895,4.241521423356058,0.9224280631597759,0.8167170588283924,0.06345712813108484,0.01177315106604789,15.16057041404776,0.0,0.0,0.6461845288077558,0.6461845288077558,1.5533241420070323,2.6211778926964877,3.081683668746909,4.241521423356058,3.0816836687469085,-0.02010545597010882,0.19441536102749465,0.0
48.45,1.366739741730162,2.4846695593290535,3.1088116658189753,3.1088116658189753,0.19355466514201194,4.2523813082912,-2.141920483537319,0.823068240182454,0.06378638917191498,0.011793144510923802,15.172343565113808,0.0,0.0,0.6353917925702877,0.6353917925702877,1.5034002025530948,2.6239312467805913,3.0913113114876847,4.2523813082912,3.0913113114876847,-0.017500354331290602,0.19511509204617186,0.0
48.5,1.3167612428884663,2.4861356061866746,3.115698228956845,3.1156982289568447,0.19587482313979337,4.227121330497937,2.5000000000000204,0.8279866430017314,0.06454889303619281,0.01178729464111105,15.184136709624731,0.0,0.0,0.6257476213580712,0.6257476213580712,1.4534520140559686,2.626202579773937,3.1009890447447854,4.227121330497937,3.100989044744786,-0.014709184212058801,0.19571183922354143,0.0
48.550000000000004,1.2667738866772127,2.4872607269777065,3.122469005729741,3.122469005729741,0.18272018622913472,4.256589567100715,2.500000000000029,0.7777648384016346,0.060224743552764186,0.011706250704363307,15.195924004265843,0.0,0.0,0.6160086454946725,0.6160086454946725,1.4034840846510104,2.6279875302033107,3.110782785901775,4.256589567100715,3.110782785901775,-0.011686219827965694,0.19619814315159273,0.0
48.6,1.2167801320230096,2.488047405902773,3.1292075118176137,3.1292075118176133,0.18109441137165683,4.285855193861623,2.5000000000000164,0.7761444235565288,0.05969016423498913,0.011626855791088454,15.207630254970207,0.0,0.0,0.6055584823693854,0.6055584823693854,1.3535014733782424,2.6292994682060336,3.119918795213232,4.285855193861623,3.1199187952132323,-0.009288716604380909,0.19658298575130626,0.0
48.650000000000006,1.1667820991506879,2.488510367992386,3.1355185880890972,3.135518588089097,0.18029527887712565,4.314922333339345,2.4999999999999547,0.7779601254225549,0.05942738486562342,0.01154905472657418,15.219257110761296,0.0,0.0,0.5985335177372298,0.5985335177372298,1.3035089940429119,2.6301567481742243,3.128973515781815,4.314922333339345,3.128973515781815,-0.006545072307281963,0.19687036548319584,0.0
48.7,1.1167827373560935,2.4886207000112974,3.142950462983647,-3.1402348441959393,0.16409250735251385,4.34379497015578,2.4999999999999907,0.7127842080781,0.054097692189166866,0.011472794886558944,15.23080616548787,0.0,0.0,0.6031501975315823,0.6031501975315823,1.2535108083485949,2.6305623301455525,3.137988279725671,4.34379497015578,3.137988279725671,-0.0049621832579767045,0.19708371764937907,0.0
48.75,1.066781353732371,2.488511552851581,3.145633409515122,-3.137551897664464,0.1588802109584824,4.372476957372177,2.499999999999963,0.6947000613983947,0.052382505716239584,0.011398026047625888,15.24227896037443,0.0,0.0,0.6137579895492091,0.6137579895492091,1.203510954789887,2.6305374332760603,3.146192905093297,4.372476957372177,-3.136992402086289,0.0005594955781749178,0.19714546536934605,0.0
48.800000000000004,1.0167916801714296,2.4876590241671406,3.1741962566444335,-3.1089890505351523,0.17493404206564037,4.400972022491241,-2.9146242276083827,0.7698798249121891,0.05766423441270848,0.011404192380791354,15.253676986422056,0.0,0.0,0.6234649675767071,0.6234649675767071,1.1535129233382215,2.6301088268140895,3.154136915641221,4.400972022491241,-3.1290483915383653,-0.02005934100321305,0.1974452952268748,0.0
48.85,0.9668272091637222,2.4857240522811574,3.1825835895394965,-3.1006017176400897,0.16903537835973606,4.36773308708188,-3.9999999999999543,0.7383014149492235,0.05572392597029055,0.011508230409727059,15.265081178802847,0.0,0.0,0.6331485276903542,0.6331485276903542,1.1035202376726354,2.629262989203099,3.162883617744503,4.36773308708188,-3.120301689435083,-0.019699971794993054,0.198213043101658,0.0
48.900000000000006,0.9168777614213742,2.4834918115870677,3.1909292308395196,-3.0922560763400666,0.18424337726856563,4.321700165442972,-4.000000000000013,0.796244634023332,0.06072556050033642,0.011632138128613927,15.276589409212574,0.0,0.0,0.6437320301350961,0.6437320301350961,1.05353666330155,2.62798728901604,3.1713353866624896,4.321700165442972,-3.1118499205170966,-0.01959384417703003,0.19888337904541487,0.0
48.95,0.8669494369550502,2.4808109734924075,3.199264250967535,-3.083921056212051,0.1914965432533281,4.275171612928516,2.1728926450250388,0.818680585690566,0.0631099394629371,0.011660881414746558,15.288221547341188,0.0,0.0,0.650794578213531,0.650794578213531,1.0035663331339508,2.6262701919092124,3.180547555525918,4.275171612928516,-3.1026377516536687,-0.01871669544161758,0.19955590831640202,0.0
49.0,0.8170448293259032,2.477725173879739,3.2074837879828753,-3.075701519196711,0.18212652996224976,4.300509456389128,-4.000000000000003,0.783236864361993,0.06002954438802987,0.011690083844812396,15.299882428755934,0.0,0.0,0.6720118427767565,0.6720118427767565,0.95361435107437,2.624083781887083,3.1901223826885845,4.300509456389128,-3.0930629244910017,-0.017361405294290755,0.2001801099221705,0.0
49.050000000000004,0.7671671846380564,2.4742289478259565,3.215641174457739,-3.0675441327218476,0.19343020835813785,4.253749121009879,2.5000000000000298,0.8228035787801865,0.06374548520453713,0.011714014137522216,15.311572512600746,0.0,0.0,0.6869263383883466,0.6869263383883466,0.9036849518932251,2.621430892731141,3.199228709186697,4.253749121009879,-3.0839565979928896,-0.01641246527104201,0.2007623305309176,0.0
49.1,0.7173197095119048,2.4703267577012937,3.2237791406626797,-3.059406166516906,0.17994008105977086,4.2830341563536845,2.500000000000024,0.7706895132760493,0.05931058224676448,0.011634462227420416,15.323286526738269,0.0,0.0,0.6860721665979173,0.6860721665979173,0.8537826828369275,2.6183093457152413,3.208900219604604,4.2830341563536845,-3.0742850875749816,-0.014878921058075534,0.20129825991302455,0.0
49.150000000000006,0.6675051061824938,2.46602449773659,3.2317049714251325,-3.0514803357544533,0.17233013015642618,4.312120311922236,2.4999999999999796,0.743108254603728,0.05680775546489447,0.011556509387203302,15.334920988965688,0.0,0.0,0.7231043888358649,0.7231043888358649,0.8039116984498892,2.6147221389516884,3.2178972236575927,4.312120311922236,-3.0652880835219936,-0.013807747767540235,0.20178638932529003,0.0
49.2,0.6177270943926539,2.461319151817078,3.2399156436382595,-3.043269663541327,0.16233806939134038,4.341011585390244,2.500000000000037,0.7047114399776939,0.05352040240262428,0.011480102752709883,15.346477498352892,0.0,0.0,0.7455369970732317,0.7455369970732317,0.7540742253473011,2.6106958742949864,3.226513730165414,4.341011585390244,-3.056671577014172,-0.013401913472844917,0.20224723814629889,0.0
49.25,0.567985283441109,2.456242546636717,3.2468559224662537,-3.0363293847133326,0.15213580814359134,4.369711842272019,2.4999999999999742,0.664789642478675,0.05016269955465473,0.011405191874612558,15.357957601105602,0.0,0.0,0.7504789431390797,0.7504789431390797,0.7042721654172673,2.6062527784424,3.234630633634981,4.369711842272019,-3.048554673544605,-0.012225288831272607,0.20267506961927528,0.0
49.300000000000004,0.5182946249534959,2.4506904217470784,3.258219673923025,-3.0249656332565618,0.141190428453363,4.39822482195855,2.4999999999999964,0.6209872470465438,0.046559169215580495,0.011331728578414885,15.369362792980214,0.0,0.0,0.7499396372068879,0.7499396372068879,0.654506558525729,2.6014182861451096,3.2422374240421608,4.39822482195855,-3.0409478831374255,-0.01598224988086372,0.20315654051365845,0.0
49.35,0.46860820684108134,2.4451048557082524,3.246200149620091,-3.0369851575594957,0.1296849656389651,4.426554143404587,2.499999999999975,0.5740575219864424,0.04276994033952209,0.011259666834243844,15.38069452155863,0.0,0.0,0.7497671849152008,0.7497671849152008,0.6047777248421609,2.5962189864123557,3.249296945464829,4.426554143404587,-3.033888361714757,0.0030967958447387645,0.2034148916158872,0.0
49.400000000000006,0.4188939090090976,2.4397679873043927,3.2553178776082112,-3.0278674295713746,0.1175423643583837,4.4547033104901965,2.499999999999998,0.5236163596301368,0.03876954400887276,0.011188962635636922,15.391954188392873,0.0,0.0,0.7509773276330963,0.7509773276330963,0.5550852240548508,2.5906830487360066,3.255781193746777,4.4547033104901965,-3.0274041134328087,0.0004633161385658724,0.20328165205153026,0.0
49.45,0.36924923564506096,2.4338149598075676,3.265313499159156,-3.0178718080204305,0.10483051520046763,4.482675717079289,2.4999999999999782,0.4699212048980475,0.0345802797694743,0.01111957388659884,15.40314315102851,0.0,0.0,0.7463868693957547,0.7463868693957547,0.5054278725433723,2.5848400833190315,3.2616583119646965,4.482675717079289,-3.0215269952148898,-0.0036551871944592307,0.20335488457161546,0.0
49.5,0.3196604687147453,2.427416534352837,3.2748205959939107,-3.008364711185676,0.0915112535371617,4.510474651795786,2.4999999999999796,0.4127591894334253,0.030189538657568443,0.011051460296269246,15.41426272491511,0.0,0.0,0.7649345792729255,0.7649345792729255,0.45580375653305955,2.5787211466073288,3.26689983772472,4.510474651795786,-3.016285469454866,-0.007920758269190031,0.20353889187932223,0.0
49.550000000000004,0.2701361285727453,2.420535814960909,3.28435915287074,-2.998826154308846,0.07764018053488322,4.5381033025364585,2.5000000000000195,0.35233915969488044,0.025615655434062932,0.010984583280602592,15.425314185211379,0.0,0.0,0.8052658667826206,0.8052658667826206,0.40621025977942604,2.572358700686856,3.271475400401578,4.5381033025364585,-3.011709906778009,-0.012883752469162957,0.20387829166884566,0.0
49.6,0.22067806494062195,2.4131939738783608,3.293557764614502,-2.989627542565085,0.06326740136846024,4.565564760737965,2.500000000000019,0.288851418191307,0.020875209629116216,0.010918905870515078,15.436298768491982,0.0,0.0,0.7986571433150725,0.7986571433150725,0.3566440996828503,2.565786590396247,3.275357409428322,4.565564760737965,-3.0078278977512642,-0.01820035518617935,0.20438020750380792,0.0
49.650000000000006,0.17129095417920887,2.4053898730126346,3.303050930227369,-2.9801343769522166,0.04823359939770074,4.592862025414253,2.4999999999999925,0.22153026702274353,0.015915743787930384,0.010854392626001928,15.447217674362497,0.0,0.0,0.8001455363210648,0.8001455363210648,0.3071013881322922,2.5590399136270823,3.278520779496745,4.592862025414253,-3.0046645276828414,-0.02453015073062481,0.20506781549367084,0.0
49.7,0.12197313393533245,2.39715733899806,3.3108742812387204,-2.972311025940866,0.0332313201391198,4.619998006979258,2.500000000000012,0.15352863281202314,0.010965896071893858,0.010791009555771629,15.458072066988498,0.0,0.0,0.8007119099361071,0.8007119099361071,0.2575776669207471,2.5521551604984256,3.28093245946663,4.619998006979258,-3.002252847712956,-0.02994182177209037,0.20594395848398092,0.0
49.75,0.07274407848572166,2.3884120453741993,3.324206497084568,-2.9589788100950187,0.015805328193349368,4.646975530868687,2.50000000000001,0.07344697337184351,0.005215711007846818,0.01072872404198324,15.46886307654427,0.0,0.0,0.7971665247520381,0.7971665247520381,0.20806806375099565,2.54516955967946,3.282594025473586,4.646975530868687,-3.0005912817060008,-0.04161247161098203,0.20708814374376955,0.0
49.800000000000004,0.02354494539612369,2.3795017375465193,3.312640068853321,-2.970545238326265,0.005163269757182917,4.673797340973645,2.5000000000000044,0.024132076461851157,0.0017038773709706018,0.010667504769708083,15.479591800586254,0.0,0.0,0.8107375486839484,0.8107375486839484,0.15856705713742042,2.538123268872719,3.2833842918832534,4.673797340973645,-2.999801015296333,-0.02925577697006787,0.20830689105103495,0.0
49.85,-0.02572106343062449,2.370966287088839,3.319067917272123,-2.9641173899074627,0.004485340867328998,4.7004661028979156,2.500000000000005,0.02108319270682269,0.001480161405266708,0.010607321660769366,15.490259305355963,0.0,0.0,0.8547234389556853,0.8547234389556853,0.10906974994556173,2.5310510297032915,3.2836424553711128,4.7004661028979156,-2.9995428518084735,-0.03542546190101081,0.20927419379500514,0.0
49.900000000000006,-0.07494198873198893,2.362172874194098,3.3120391091849237,-2.9711461979946625,-0.009740751867241909,4.726984407049839,2.5000000000000235,-0.046044382189394106,-0.003214437044974092,0.01054814581164213,15.500866627016732,0.0,0.0,0.848769675449508,0.848769675449508,0.05957415009200711,2.5239668512288,3.283866722414479,4.726984407049839,-2.999318584765107,-0.028172386770444646,0.21040884631788231,0.0
49.95,-0.12430058976312944,2.354191995580256,3.29195328978086,-2.991232017398726,-0.01995994245632645,4.753354771578945,2.4999999999999787,-0.0948766877152205,-0.006586685755733988,0.01048994943512236,15.511414772828374,0.0,0.0,0.8503565910808176,0.8503565910808176,0.010077620294394567,2.516889175863552,3.283379684821117,4.753354771578945,-2.999805622358469,-0.008573604959742909,0.21101629276053388,0.0
50.0,-0.17374421162827494,2.346751127565169,3.294748643407344,-2.9884366637722426,-0.030793118066741947,4.77957964516675,2.5000000000000018,-0.1471781603230163,-0.010161379214491518,0.010432705805497726,15.521904722263496,0.0,0.0,0.8497710381197952,0.8497710381197952,-0.039424149589960586,2.5098482547011507,3.282381687698301,4.77957964516675,-3.0008036194812853,-0.01236695570904267,0.211287841453282,0.0
50.050000000000004,-0.22319334686704903,2.339356914918397,3.2786451508212395,-3.004540156358347,-0.04101017783075197,4.805661409680495,2.4999999999999982,-0.19708102900537927,-0.013532532555275058,0.010376389206974332,15.532337428068994,0.0,0.0,0.8505354078014573,0.8505354078014573,-0.08893481049678417,2.502870148747286,3.280842031794964,4.805661409680495,-3.0023432753846224,0.002196880973724724,0.21157015910913976,0.0
50.1,-0.27276653324183125,2.332831313460698,3.2721619372807473,-3.0110233698988385,-0.05054524760456017,4.83160238269793,2.500000000000033,-0.24421453876024976,-0.01667838507013623,0.010320974885133302,15.542713817275969,0.0,0.0,0.8481776403110688,0.8481776403110688,-0.13845791411793687,2.4959809302308784,3.2787915229034263,4.83160238269793,-3.00439378427616,0.006629585622678569,0.2113210889221047,0.0
50.150000000000006,-0.32233595310343427,2.3262853459382553,3.2719674063501114,-3.0112179008294753,-0.06050358550676863,4.857404819910764,2.499999999999992,-0.293890407862461,-0.019963530688848416,0.010266439001209127,15.553034792161101,0.0,0.0,0.8566445992164453,0.8566445992164453,-0.18799665212807978,2.489205082998476,3.2762642605231984,4.857404819910764,-3.0069210466563874,0.004296854173087894,0.2111631798167436,0.0
50.2,-0.37192064282568527,2.31985374129059,3.26956731577628,-3.013617991403306,-0.06611447691629346,4.883070917413787,2.499999999999966,-0.32284167944997777,-0.021814316504700438,0.010212758588997912,15.56330123116231,0.0,0.0,0.9037346555062131,0.9037346555062131,-0.2375540047461612,2.482566792942411,3.27323908124786,4.883070917413787,-3.009946225931726,0.003671765471580102,0.21102116151382075,0.0
50.25,-0.42151820362774095,2.3135228716985536,3.2673689349797437,-3.0158163721998426,-0.09014121097891739,4.908602813886281,2.4999999999999942,-0.44246740185823086,-0.02973783041769505,0.010159911514218602,15.573513989751307,0.0,0.0,0.8990332735107466,0.8990332735107466,-0.2871321185615562,2.4760854077612797,3.2699333574020453,4.908602813886281,-3.0132519497775405,0.0025644224223020373,0.210917514660497,0.0
50.300000000000004,-0.47113148141701033,2.3073161569575658,3.2647015820472225,-3.0184837251323637,-0.10101512213039542,4.934002592671828,2.4999999999999853,-0.4984088744904323,-0.03332265100881897,0.01010787643616388,15.583673901265525,0.0,0.0,0.9002557924042721,0.9002557924042721,-0.33673515346839755,2.469797745556043,3.2654262968530996,4.934002592671828,-3.017759010326486,0.0007247148058775466,0.2108616598615212,0.0
50.35,-0.5207619119032453,2.3012481913611924,3.2617380619012555,-3.021447245278331,-0.11501489728719744,4.959272283762237,2.4999999999999964,-0.5703901923361587,-0.03793670619910522,0.010056632771489774,15.59378177770169,0.0,0.0,0.8999116077072679,0.8999116077072679,-0.38636765926040695,2.463747203913743,3.2603755407465798,4.959272283762237,-3.0228097664330065,-0.001362521154675278,0.21087376371654445,0.0
50.400000000000006,-0.5704111448386369,2.295336019416684,3.258437033276534,-3.024748273903052,-0.1321069971806878,4.984413865690962,2.0846563885485603,-0.658475948502217,-0.04356772215198489,0.010010314830464887,15.603838410473179,0.0,0.0,0.9001017979938624,0.9001017979938624,-0.4360321028716167,2.4579648038109396,3.25462479588222,4.984413865690962,-3.028560511297366,-0.003812237394313911,0.2109640927587617,0.0
50.45,-0.6200806167482231,2.2895963728923743,3.2547767712481877,-3.0284085359313986,-0.13733706492961376,5.005281932453673,-3.999999999999939,-0.6874107297484127,-0.0452902394643493,0.010029642311312578,15.613848725303644,0.0,0.0,0.8996958232537182,0.8996958232537182,-0.48573130053061697,2.452489343801917,3.2480194460231853,5.005281932453673,-3.0351658611564005,-0.006757325225001942,0.21114890182019772,0.0
50.5,-0.6697716773309271,2.2840467252313275,3.2508101980669184,-3.0323751091126674,-0.1176089589723943,4.965163363208423,-4.000000000000038,-0.5839476942748147,-0.03879148719739555,0.010111344766211464,15.623878367614957,0.0,0.0,0.9010555633975816,0.9010555633975816,-0.5354662463156287,2.4473487850832356,3.2411525927767046,4.965163363208423,-3.0420327144028816,-0.0096576052902142,0.21143677909030228,0.0
50.550000000000004,-0.7194851993364487,2.2787020326567884,3.2465069692342867,-3.0366783379452995,-0.14431295293983876,4.924717984143577,2.5000000000000395,-0.7107005946876895,-0.04758732056422407,0.010126835519016292,15.633989712381169,0.0,0.0,0.8951277458765405,0.8951277458765405,-0.5852329718795235,2.4425253192711502,3.235272144828085,4.924717984143577,-3.0479131623515014,-0.011234824406201938,0.21180587766697442,0.0
50.6,-0.7692221902865208,2.273580333942788,3.2418520529245405,-3.0413332542550453,-0.13770272844425552,4.950035072941118,2.4999999999999862,-0.6816333354387513,-0.045410660418703445,0.01007530443035064,15.644116547900186,0.0,0.0,0.8473190986644472,0.8473190986644472,-0.6350301783032176,2.4380278327114957,3.2280564971810928,4.950035072941118,-3.055128809998493,-0.013795555743447707,0.21225097392335118,0.0
50.650000000000006,-0.8189832984846398,2.268698515578757,3.236860016573687,-3.0463252906058997,-0.11552222566622584,4.975223334016994,2.4999999999999907,-0.5747488727321838,-0.03810388266997284,0.010024552084601662,15.654191852330536,0.0,0.0,0.8506912421398359,0.8506912421398359,-0.6848578655282205,2.4338815440457187,3.22117136075888,4.975223334016994,-3.0620139464207057,-0.01568865581480594,0.21277938024927123,0.0
50.7,-0.8687689488860539,2.264073683006841,3.2315270481794065,-3.0516582590001793,-0.11606222382595624,5.000284714228498,2.5000000000000324,-0.5803441636962956,-0.0382818222501967,0.009974559063096548,15.664216404415138,0.0,0.0,0.8498214349923935,0.8498214349923935,-0.7347108318756662,2.4300507744617996,3.2153952494755687,5.000284714228498,-3.067790057704018,-0.01613179870383874,0.21335410383730255,0.0
50.75,-0.918579307226704,2.259723024260026,3.2258458630122258,-3.0573394441673605,-0.1109780330963522,5.02522111188624,2.5000000000000298,-0.5576891548713989,-0.036606390958050634,0.009925306618387234,15.674190963478233,0.0,0.0,0.8500462397010027,0.8500462397010027,-0.7845851405927836,2.4265086968084946,3.209592138284271,5.02522111188624,-3.0735931688953153,-0.016253724727954832,0.21394367777376305,0.0
50.800000000000004,-0.9684142520076056,2.255663669200161,3.2198425530073758,-3.0633427541722105,-0.08708912483092031,5.050034378432208,2.5000000000000457,-0.4398030743837216,-0.028731502638223137,0.009876776644711247,15.68411627009662,0.0,0.0,0.8499879910095409,0.8499879910095409,-0.8344787566574109,2.423249761197431,3.2040432366294533,5.050034378432208,-3.079142070550133,-0.015799316377922423,0.21453161805575313,0.0
50.85,-1.018273307743135,2.2519120604741376,3.2134819134437156,-3.069703393735871,-0.08474169451573206,5.074726320043987,2.499999999999966,-0.4300409075641127,-0.027957472869451713,0.00982895165002602,15.693993046741332,0.0,0.0,0.8500031293583573,0.8500031293583573,-0.8843879227854873,2.420237920213726,3.1996887803879073,5.074726320043987,-3.083496526791679,-0.013793133055807871,0.215078802680155,0.0
50.900000000000006,-1.0681558258864643,2.2484865010014894,3.2067844073335685,-3.0764008998460177,-0.062152593198338026,5.099298699169052,2.5000000000000075,-0.31693463764626834,-0.02050748041862714,0.009781814729518572,15.703821998391357,0.0,0.0,0.8499991814799889,0.8499991814799889,-0.9343095686466479,2.4174405045654788,3.1954516956621206,5.099298699169052,-3.087733611517466,-0.011332711671448337,0.21554645879115628,0.0
50.95,-1.1180606827678514,2.245403431554896,3.199736462385291,-3.0834488447942956,-0.06817795282316344,5.123753235992848,2.5000000000000284,-0.3493270064010514,-0.022494929354921,0.009735349540499417,15.713603813120875,0.0,0.0,0.8500002150240072,0.8500002150240072,-0.9842411682265426,2.4148264365801495,3.1923440660022036,5.123753235992848,-3.090841241177383,-0.0073923963830875294,0.21589770055250398,0.0
51.0,-1.1679865291526461,2.24268135057833,3.1923309889886746,-3.090854318190912,-0.05107041349004118,5.148091609844097,2.500000000000009,-0.2629151671993498,-0.016851641106462187,0.009689540278596065,15.723339162661373,0.0,0.0,0.8499999429532011,0.8499999429532011,-1.034181015985182,2.4123750726992297,3.1889351683610454,5.148091609844097,-3.0942501388185413,-0.00339582062762922,0.21610153789654873,0.0
51.050000000000004,-1.2179315187336182,2.240336426347507,3.184643335733481,-3.098541971446105,-0.04946653897165333,5.172315460540587,2.4999999999999742,-0.25585654430251603,-0.01632250813536714,0.009644371655167305,15.73302870293997,0.0,0.0,0.8500000164216622,0.8500000164216622,-1.0841279604527418,2.410072600133358,3.1863816476865434,5.172315460540587,-3.096803659493043,0.001738311953062066,0.21613366443033452,0.0
51.1,-1.2678935354772416,2.238388338021423,3.1763432801361424,-3.1068420270434434,-0.06439956940773821,5.196426389678505,2.5000000000000147,-0.33464762195430336,-0.02124865936452315,0.009599828875865002,15.742673074595137,0.0,0.0,0.8499999907509044,0.8499999907509044,-1.1340805350778125,2.4078956725109846,3.183908320737961,5.196426389678505,-3.099276986441625,0.007565040601818396,0.21595984701248,0.0
51.150000000000006,-1.3178698794194197,2.236848940698389,3.1687113269595413,-3.114473980220045,-0.06060340146898588,5.220425961868168,0.38121910483412685,-0.31637557040621334,-0.019996456808766234,0.009574415439635525,15.752272903471003,0.0,0.0,0.8500000205772928,0.8500000205772928,-1.1840390954091475,2.4058609515091316,3.180688342267574,5.220425961868168,-3.102496964912012,0.011977015308032968,0.21558232429189236,0.0
51.2,-1.3678577726336465,2.2357525031763594,3.156994700087375,-3.1261906070922114,-0.0620817405798151,5.224075911951376,-4.000000000000001,-0.3243197255350263,-0.020484108875127666,0.009606400578779926,15.761847318910638,0.0,0.0,0.8499999271556543,0.8499999271556543,-1.2340037729045956,2.4039823643074967,3.1776581721941244,5.224075911951376,-3.1055271349854614,0.020663472106750014,0.214984137600118,0.0
51.25,-1.4178528862979338,2.2350546577542643,3.1591150387418443,-3.124070268437742,-0.062345543609436546,5.185650309636256,-4.000000000000028,-0.32330218752271533,-0.020571127196494208,0.009678117287469076,15.771453719489418,0.0,0.0,0.8500002704909505,0.8500002704909505,-1.2839739762994982,2.4022570338233225,3.1745540851651337,5.185650309636256,-3.108631222014452,0.01543904642328986,0.21419663187246432,0.0
51.300000000000004,-1.4678400592325052,2.2339187343501896,3.1675694731137947,-3.1156158340657916,-0.06306275251779678,5.1469378404863795,-4.000000000000029,-0.32458006725907596,-0.02080770483872469,0.009751464594868127,15.781131836776888,0.0,0.0,0.8499989941925659,0.8499989941925659,-1.3339493047052982,2.4006871528587417,3.1714368079846618,5.1469378404863795,-3.111748499194924,0.003867334870867545,0.21386547070461928,0.0
51.35,-1.517820575105721,2.2325240378006055,3.171569295696627,-3.111616011482959,-0.0638760691619017,5.107931982106907,-3.9999999999999822,-0.3262746165633504,-0.02107598163957151,0.00982650524448374,15.790883301371757,0.0,0.0,0.8500037335821654,0.8500037335821654,-1.3839293089204907,2.3992739623858976,3.168283670358772,5.107931982106907,-3.1149016368208144,-0.003285625337855258,0.21385137013796476,0.0
51.400000000000006,-1.5677970155117906,2.230989936005519,3.171799869734594,-3.1113854374449925,-0.06484886600921137,5.068625961128972,-4.000000000000008,-0.32869464580406293,-0.021396859841468434,0.009903305412778375,15.80070980661624,0.0,0.0,0.8499861589130834,0.8499861589130834,-1.433913545636945,2.398019388847444,3.1650898669006766,5.068625961128972,-3.1180954402789096,-0.006710002833917095,0.21406452677265705,0.0
51.45,-1.6177722247675301,2.229411774643195,3.1766886534604195,-3.1064966537191667,-0.06597354676928718,5.029012739477858,-3.9999999999999485,-0.3317818071712835,-0.021767831636568237,0.009981934954510403,15.810613112029019,0.0,0.0,0.8500512948571326,0.8500512948571326,-1.4839015602406938,2.3969256769827636,3.161847423600216,5.029012739477858,-3.12133788357937,-0.01484122986020342,0.21443475067695356,0.0
51.5,-1.6677483923963552,2.2278828569741465,3.1598209132366266,-3.1233643939429596,-0.06732908073205163,4.989084999659817,-4.00000000000001,-0.33591050672116357,-0.02221494153530855,0.010062467669850614,15.820595046983529,0.0,0.0,0.8498099556686116,0.8498099556686116,-1.5338928837727006,2.3959954595073687,3.1585487462617516,4.989084999659817,-3.1246365609178346,-0.0012721669748749775,0.2148933324219028,0.0
51.550000000000004,-1.717742603754919,2.2271317817178735,3.1660323326781916,-3.117152974501394,-0.06884777298096689,4.948835128980415,-3.999999999999999,-0.3407162774802776,-0.022715857072720898,0.01014498159559696,15.83065751465338,0.0,0.0,0.850708038528085,0.850708038528085,-1.5838870287673523,2.3952318462729436,3.155182292225149,4.948835128980415,-3.1280030149544373,-0.010850040453043164,0.21488356535265984,0.0
51.6,-1.7677104559808223,2.2253218966630643,3.1830666416759277,-3.1001186655036586,-0.07057591920110087,4.908255202598027,-3.9999999999999525,-0.3464046225969413,-0.023285843658315823,0.010229559323099779,15.840802496248976,0.0,0.0,0.8473599741074783,0.8473599741074783,-1.6338834826231743,2.394638438281936,3.1517399035761007,4.908255202598027,-3.131445403603486,-0.031326738099827445,0.21581878987670136,0.0
51.650000000000006,-1.8176765820756062,2.2234941849726155,3.169253338412569,-3.1139319687670177,-0.07286243391752138,4.867336965305628,-3.9999999999999765,-0.3546460179888904,-0.024039971060281454,0.010316288345842145,15.851032055572077,0.0,0.0,0.7979577578517094,0.7979577578517094,-1.6838816998862305,2.394219300808155,3.1482111076160457,4.867336965305628,-3.1349741995635405,-0.021042230796522787,0.21690582213745965,0.0
51.7,-1.867664116848554,2.222366177062375,3.164864251543633,-3.1183210556359526,-0.07428147011244317,4.82607181192226,-3.999999999999979,-0.3584877090578078,-0.02450797712642599,0.01040526144000081,15.86134834391792,0.0,0.0,0.800545572707057,0.800545572707057,-1.7338810969818552,2.3939794572017608,3.14456798592017,4.82607181192226,-3.1386173212594164,-0.02029626562346376,0.2175982865852872,0.0
51.75,-1.9176429387725022,2.2209136568875145,3.176673518725106,-3.1065117884544797,-0.08063664297542505,4.784450766162257,-4.000000000000005,-0.38580204826452474,-0.026603814006808186,0.010496577081751321,15.87175360535792,0.0,0.0,0.7998544638862204,0.7998544638862204,-1.7838810369785083,2.3939235424667524,3.140853912414548,4.784450766162257,3.1408539124145474,-0.03581960631055914,0.21868851565568567,0.0
51.800000000000004,-1.9676110564101852,2.219129613527784,3.1732628541238546,-3.1099224530557317,-0.06770043111089855,4.7424644578352515,-4.000000000000005,-0.3210668883235603,-0.02233742635961675,0.010590339905585097,15.882250182439671,0.0,0.0,0.8000387537138853,0.8000387537138853,-1.833880813408716,2.3940612750618544,3.1368220802657767,4.7424644578352515,3.1368220802657767,-0.03644077385807876,0.22019278848387078,0.0
51.85,-2.017594789180996,2.2178498451604405,3.16251270311532,-3.120672604064266,-0.06626765501818302,4.700103098212911,-4.000000000000001,-0.3114648106622664,-0.021864841172039014,0.010686661208488822,15.892840522345256,0.0,0.0,0.7999894280997648,0.7999894280997648,-1.8838797452543656,2.3943844268629526,3.1334370587102316,4.700103098212911,3.133437058710232,-0.02907564440508814,0.2214591870056007,0.0
51.900000000000006,-2.0675878762570523,2.217027188694743,3.1528453028849874,-3.130340004294599,-0.06735975038070663,4.657356453378956,-3.9999999999999716,-0.3137183681335796,-0.0222250575231699,0.010785659505510546,15.903527183553745,0.0,0.0,0.8000036934728314,0.8000036934728314,-1.933877315378382,2.3948750330785695,3.1301236759593225,4.657356453378956,3.1301236759593225,-0.022721626925665817,0.22250476363993305,0.0
51.95,-2.117586703906602,2.2166425673239454,3.147487264710335,-3.135698042469251,-0.07234552040913639,4.614213815356914,-3.9999999999999387,-0.3338176997510227,-0.023869487468803026,0.010887461143019361,15.914312843059255,0.0,0.0,0.799995780649982,0.799995780649982,-1.9838729667939035,2.395532662375194,3.126755688440287,4.614213815356914,3.126755688440287,-0.02073157627004818,0.22334061341388103,0.0
52.0,-2.1675859003014493,2.216754013600218,3.1249051699836077,3.1249051699836077,-0.08191991898594579,4.570663970784837,-3.999999999999967,-0.37442842219867517,-0.027026990646167117,0.01099220097687579,15.925200304202274,0.0,0.0,0.8000131854141761,0.8000131854141761,-2.0338660127946357,2.3963649036458894,3.1231384124198303,4.570663970784837,3.1231384124198307,-0.0017667575637769772,0.22392204031276836,0.0
52.050000000000004,-2.2175670181239755,2.2181491799108097,3.109393650678488,3.109393650678488,-0.08926147378711835,4.526695166877334,-3.9999999999999933,-0.4040594819804965,-0.029447771309398626,0.011100023123792343,15.93619250517915,0.0,0.0,0.7999517331879152,0.7999517331879152,-2.0838554696715557,2.3973899430719388,3.119042416470533,4.526695166877334,3.119042416470533,0.00964876579204521,0.2236202794205565,0.0
52.1,-2.267539497394331,2.2198014358519345,3.105880051736538,3.1058800517365377,-0.11796427511081119,4.482295074382165,-3.999999999999973,-0.5287506892822516,-0.03890856463713025,0.011211081795406606,15.947292528302942,0.0,0.0,0.8001784896764418,0.8001784896764418,-2.133840075563052,2.3986289039176403,3.114579342781177,4.482295074382165,3.1145793427811768,0.008699291044639068,0.2232818817835636,0.0
52.150000000000006,-2.3175011061288613,2.2217622972860016,3.099363965364904,3.099363965364904,-0.13988963454478537,4.437450747200539,-3.9999999999999503,-0.6207533633363681,-0.04613082856662066,0.01132554222604801,15.958503610098349,0.0,0.0,0.7993415278858518,0.7993415278858518,-2.1838175611340342,2.40012679848561,3.1086811290256366,4.437450747200539,3.108681129025637,0.009317163660733208,0.22290173954137055,0.0
52.2,-2.3674506184991806,2.2240081545469863,3.0938572424955453,3.0938572424955453,-0.16025926047144268,4.392148578296347,-3.999999999999982,-0.703882483038471,-0.05283633364360009,0.011443581706896796,15.969829152324397,0.0,0.0,0.8024363475506513,0.8024363475506513,-2.2337843229822285,2.4019468308791705,3.1016866472983975,4.392148578296347,3.101686647298397,0.00782940480285177,0.2225507831756046,0.0
52.25,-2.417386787703223,2.226533974488073,3.0883208488944742,3.0883208488944742,-0.1825733631049191,4.34637425146876,-3.999999999999962,-0.7935321644032769,-0.06017646730394122,0.01156539074126195,15.981272734031295,0.0,0.0,0.8519031355879333,0.8519031355879333,-2.283735989423337,2.4041417438265467,3.093673684274825,4.34637425146876,3.093673684274825,0.005352835380350918,0.22227697948784345,0.0
52.300000000000004,-2.467308573362454,2.22932952229908,3.082992507016327,3.0829925070163267,-0.18317554201545796,4.300112688503713,-4.000000000000029,-0.7876754724442158,-0.06037446524520998,0.011691174338108203,15.992838124772558,0.0,0.0,0.8495001650190985,0.8495001650190985,-2.333666969425057,2.4067646953465895,3.0845450161195793,4.300112688503713,3.084545016119579,0.0015525091032522198,0.22213356103335613,0.0
52.35,-2.517214959443552,2.232387747454422,3.0778302104292403,3.0778302104292408,-0.18056279905872122,4.25334799115128,-4.000000000000013,-0.7679964186530641,-0.05951535465498851,0.011821153463820138,16.004529299110665,0.0,0.0,0.8501306667943204,0.8501306667943204,-2.383571877782876,2.409844085817144,3.0753862390188065,4.25334799115128,3.0753862390188065,-0.002443971410434287,0.2221513567387491,0.0
52.400000000000006,-2.567105241817515,2.2356982931453864,3.072859683540624,3.0728596835406243,-0.19784105514643138,4.206063377295999,2.500000000000005,-0.8321320165770032,-0.06519502277488182,0.0118458969675167,16.016350452574486,0.0,0.0,0.8499659765798548,0.8499659765798548,-2.43344672582551,2.4133771512795326,3.0663580990658703,4.206063377295999,3.0663580990658703,-0.006501584474754019,0.2223384256601615,0.0
52.45,-2.616978718594144,2.239253058107989,3.068042229812668,3.0680422298126686,-0.19301250923093774,4.235678119714791,2.4999999999999907,-0.8175388621807321,-0.06360820264608906,0.011763646661349414,16.028196349542004,0.0,0.0,0.8500089788766225,0.8500089788766225,-2.483285885567786,2.4173818697509515,3.056466046308549,4.235678119714791,3.0564660463085485,-0.011576183504120152,0.22271876243358513,0.0
52.5,-2.666834818656026,2.243043742271615,3.0634012193698275,3.063401219369828,-0.18102703593586797,4.2650872363681644,-3.824492599477483,-0.7720961004076315,-0.05966800943530201,0.011785362934558166,16.039959996203354,0.0,0.0,0.8499970293201592,0.8499970293201592,-2.5330835449810616,2.421873385504761,3.046815420847002,4.2650872363681644,3.046815420847002,-0.016585798522825712,0.22331467598115787,0.0
52.550000000000004,-2.7166731656433987,2.247061115392799,3.0589466470334346,3.0589466470334346,-0.196535142998208,4.2200142030427905,2.499999999999987,-0.8293810948494836,-0.0647658888861552,0.011807008411144142,16.05174535913791,0.0,0.0,0.8500030964172772,0.8500030964172772,-2.582837050962601,2.426830357766431,3.037764069050209,4.2200142030427905,3.0377640690502083,-0.021182577983226203,0.22411846442549385,0.0
52.6,-2.766493397181632,2.2512971837280937,3.0546007102712323,3.0546007102712327,-0.15846792671855944,4.249531724070651,2.499999999999995,-0.6734144818382214,-0.052246823933032524,0.011725559965145772,16.063552367549054,0.0,0.0,0.8499911069433655,0.8499911069433655,-2.6325415217978794,2.4322567249748595,3.0279373119002986,4.249531724070651,3.027937311900299,-0.026663398370933677,0.2251431999574145,0.0
52.650000000000006,-2.8162954423663775,2.2557420838958837,3.0506725328374187,3.050672532837419,-0.14237672558474354,4.278845623983515,2.5000000000000244,-0.6092080292253816,-0.04694979212354832,0.01164577418967798,16.0752779275142,0.0,0.0,0.8500299489669956,0.8500299489669956,-2.6821959462167286,2.4381240119375174,3.0200139155643706,4.278845623983515,3.0200139155643706,-0.030658617273048527,0.22637544598249462,0.0
52.7,-2.866078911331047,2.2603901015101546,3.0459998609966954,3.0459998609966954,-0.14071745680315584,4.30796005945771,2.4999999999999885,-0.606205183576461,-0.04640342554249787,0.011567595274024765,16.086923701703878,0.0,0.0,0.8498994300319503,0.8498994300319503,-2.7318048631213183,2.4443645892804566,3.0128950792851334,4.30796005945771,3.0128950792851334,-0.03310478171156195,0.22776332490761883,0.0
52.75,-2.915844749118512,2.2652240247309616,3.044887472700002,3.044887472700002,-0.11330277067946119,4.336879047642772,2.4999999999999796,-0.4913804121996291,-0.03737250515373157,0.011490969995529192,16.0984912969779,0.0,0.0,0.8503308980418223,0.8503308980418223,-2.781368373617278,2.4509561076178508,3.005859206444976,4.336879047642772,3.005859206444976,-0.03902826625502609,0.22930395151730623,0.0
52.800000000000004,-2.965590261132472,2.270261151080313,3.0314575096202834,3.0314575096202834,-0.08172347551678077,4.365606472631595,2.4999999999999782,-0.35677253368200784,-0.026962211529399583,0.011415847567304481,16.10998226697343,0.0,0.0,0.8489400212535073,0.8489400212535073,-2.830889061424699,2.4578622492909434,3.0001940679110026,4.365606472631595,3.0001940679110026,-0.03126344170928075,0.23095147813458125,0.0
52.85,-3.015219561603346,2.276339323431454,3.009876921570268,3.0098769215702674,-0.06694060602339685,4.394146091549856,2.5000000000000018,-0.294146802323688,-0.022086807772471163,0.011342179496756435,16.12139811454073,0.0,0.0,0.799258082073033,0.799258082073033,-2.880375520538984,2.4650097583530126,2.9961078941351635,4.394146091549856,2.9961078941351635,-0.013769027435103887,0.23190396379548464,0.0
52.900000000000006,-3.064731687175189,2.28330691122217,2.99370901867058,2.9937090186705806,-0.04635572803300716,4.422501540291747,2.499999999999982,-0.20500827862731946,-0.015296197170215645,0.011269919454021686,16.13274029403749,0.0,0.0,0.8001195105554593,0.8001195105554593,-2.9298350848092634,2.472341140780193,2.9927608638339938,4.422501540291747,2.9927608638339933,-0.0009481548365872783,0.23223056059542604,0.0
52.95,-3.114128189700604,2.291052049879449,2.978818560281626,2.978818560281626,-0.027937186290730085,4.450676338926801,-1.26977229653754,-0.12433937400034259,-0.009219010292036827,0.011252309076831567,16.144010213491512,0.0,0.0,0.7999956962636825,0.7999956962636825,-2.979273697253602,2.479812585109967,2.9904430774323436,4.450676338926801,2.990443077432344,0.011624517150718106,0.23198334809561258,0.0
53.0,-3.1634163402321414,2.2994591067862196,2.967152939650956,2.9671529396509566,-0.003226822301910938,4.436388468588962,-4.000000000000001,-0.014315437250383376,-0.0010648509571495764,0.011328282071148664,16.155262522568343,0.0,0.0,0.8000186289439115,0.8000186289439115,-3.0286983545936987,2.4873758410430735,2.989046218117807,4.436388468588962,2.9890462181178066,0.021893278466849964,0.23121772135422644,0.0
53.050000000000004,-3.2126074587249986,2.3084166112822797,2.954872196825685,2.9548721968256846,-0.004984529570654883,4.391075340304368,-3.9999999999999685,-0.021887444880720575,-0.00164489327479958,0.011446408140000398,16.16659080463949,0.0,0.0,0.7997792597834155,0.7997792597834155,-3.0781171083639434,2.494977602047781,2.9888848770027114,4.391075340304368,2.988884877002711,0.03401268017702641,0.22998403774098072,0.0
53.1,-3.261711285621817,2.3178408021280834,2.954177887318474,2.9541778873184743,0.01988175631633543,4.345289707744366,-4.000000000000023,0.08639199109325389,0.006560885444522108,0.01156830842138683,16.17803721277949,0.0,0.0,0.8013390968083447,0.8013390968083447,-3.1275343005002503,2.502589507750206,2.988635650524179,4.345289707744366,2.988635650524179,0.034457763205704595,0.22833209928821388,0.0
53.150000000000006,-3.3108978545849164,2.3268227555120014,2.966418176950124,2.966418176950124,0.037951959412683804,4.299016474058819,-3.999999999999977,0.16315609873793932,0.012523491845938898,0.011694188282960939,16.18960552120088,0.0,0.0,0.7521665182511605,0.7521665182511605,-3.176954322209383,2.51018300815422,2.9896297383399957,4.299016474058819,2.989629738339996,0.023211561389872237,0.22707234995536954,0.0
53.2,-3.3601681531148886,2.335334146456642,2.9749966084841186,2.974996608484119,0.05802069432200619,4.252239720926975,-4.000000000000004,0.24671790103179694,0.01914448989145995,0.011824269086099447,16.201299709483838,0.0,0.0,0.7492729079424223,0.7492729079424223,-3.2263852658866914,2.517705046240105,2.99152733631063,4.252239720926975,2.9915273363106305,0.016530727826511438,0.22617914581796092,0.0
53.25,-3.4095145238308953,2.343392072952423,2.984236030038124,2.984236030038124,0.07753559589347832,4.2049426445825775,-3.9999999999999853,0.32603273364560875,0.02558116511304917,0.011958789823896908,16.213123978569936,0.0,0.0,0.7502426484377885,0.7502426484377885,-3.275834105094397,2.525108460832199,2.9944283710267303,4.2049426445825775,2.9944283710267303,0.010192340988606219,0.2255910015440305,0.0
53.300000000000004,-3.4589322153724393,2.351001650553183,2.993836264721514,2.993836264721514,0.09714178277233718,4.15710748528699,-3.9999999999999667,0.40382883229700567,0.03204581415939104,0.01209800896898271,16.225082768393833,0.0,0.0,0.7498776231521734,0.7498776231521734,-3.325307736154048,2.5323442537081395,2.998305150821404,4.15710748528699,2.9983051508214036,0.004468886099889602,0.22525683378180197,0.0
53.35,-3.5084182711122383,2.3581495444937177,3.000681272809541,3.0006812728095404,0.11634245869821004,4.10871544941106,-3.999999999999969,0.4780180574758037,0.03837416397178474,0.01224220656368545,16.237180777362816,0.0,0.0,0.7502302930793922,0.7502302930793922,-3.3748124759521287,2.539363927668048,3.003162239960021,4.10871544941106,3.0031622399600213,0.0024809671504808506,0.22514253522961433,0.0
53.400000000000006,-3.557957539660929,2.364929284333924,3.0169754748510624,3.016975474851062,0.1352964088010415,4.059746623156318,-3.999999999999983,0.549269138755205,0.044618182945606606,0.01239168659102879,16.2494229839265,0.0,0.0,0.7491652583238294,0.7491652583238294,-3.424353954100221,2.546119287975526,3.0089793628949315,4.059746623156318,3.008979362894932,-0.007996111956130036,0.22512160157195302,0.0
53.45,-3.607661878291555,2.37034696438912,3.043222347685596,3.043222347685596,0.1537108447899463,4.010179876792203,-3.9999999999999925,0.6164081366213723,0.050681141328139084,0.012546779672271604,16.26181467051753,0.0,0.0,0.7531939471195201,0.7531939471195201,-3.4739369247816025,2.5525628494249126,3.0157441833349834,4.010179876792203,3.0157441833349834,-0.027478164350612566,0.2260198928205569,0.0
53.5,-3.657434474448136,2.375116774670425,3.050226944627569,3.0502269446275694,0.1715292587898905,3.959992758103117,-4.000000000000013,0.6792546226107619,0.056544315944228866,0.01270784614551197,16.2743614501898,0.0,0.0,0.7050030529472066,0.7050030529472066,-3.5235651292541186,2.5586479964761284,3.0234297255744806,3.959992758103117,3.0234297255744806,-0.02679721905308874,0.22716670301822264,0.0
53.550000000000004,-3.707252780267454,2.3793726727222606,3.0621492483779997,3.0621492483779997,0.18869746544046723,3.909161373521069,-3.999999999999993,0.7376488431812013,0.062189864624435924,0.01287527959065562,16.287069296335314,0.0,0.0,0.6987148187199587,0.6987148187199587,-3.573241141007586,2.5643294163311756,3.032006188513975,3.909161373521069,3.032006188513975,-0.030143059864024657,0.22840340729404845,0.0
53.6,-3.757115178467157,2.3830807485175285,3.0726503873756124,3.072650387375612,0.2049996310202206,3.8576602551584465,-4.000000000000002,0.7908189289088515,0.06754696066581506,0.013049510879311716,16.29994457592597,0.0,0.0,0.7001115206324998,0.7001115206324998,-3.622966270615971,2.5695632428003092,3.0414410617859984,3.8576602551584465,3.0414410617859984,-0.031209325589613535,0.2297208091392535,0.0
53.650000000000006,-3.8070142178290762,2.3862561410948984,3.0833903467992623,3.0833903467992627,0.22036916220028968,3.8054622116411996,-3.9999999999999822,0.8386065193642326,0.07259403319775576,0.013231012844579563,16.312994086805283,0.0,0.0,0.7008750857836841,0.7008750857836841,-3.6727404711699028,2.574307404512897,3.0516910433370095,3.8054622116411996,3.0516910433370095,-0.03169930346225325,0.23106864070011196,0.0
53.7,-3.8569442310688684,2.388900918545742,3.0939563188807795,3.09395631888078,0.23504669586529256,3.7525381602628816,-3.9999999999999862,0.882021695678214,0.07741041410378441,0.013420305686082037,16.32622509964986,0.0,0.0,0.6833721604015277,0.6833721604015277,-3.7225622729282564,2.5785219952919727,3.062709501447024,3.7525381602628816,3.0627095014470243,-0.03124681743375568,0.2324105492874733,0.0
53.75,-3.906899363734459,2.391018546625608,3.1044700048692553,3.1044700048692553,0.24726083431971313,3.6988569375185536,-3.999999999999986,0.9145824524000966,0.08141570859882824,0.013617963251103475,16.339645405335943,0.0,0.0,0.6538749562831081,0.6538749562831081,-3.7724287946160495,2.582169081660616,3.0744618362402885,3.6988569375185536,3.074461836240289,-0.03000816862896638,0.23371106307404174,0.0
53.800000000000004,-3.9568738841437505,2.3926146446934746,3.1148501173369594,3.1148501173369594,0.26352360518307405,3.64438508451414,2.499999999999996,0.9603814961465882,0.08674455960471969,0.013655774193686398,16.353263368587047,0.0,0.0,0.6230750426304161,0.6230750426304161,-3.822335635092052,2.585214640638326,3.086824877956274,3.64438508451414,3.086824877956274,-0.028025239380685463,0.23493679766237902,0.0
53.85,-4.006862236265673,2.3936937923668578,3.1251440616875668,3.1251440616875668,0.25552335189967373,3.678524519998356,2.499999999999985,0.9399489153951183,0.08412370066153517,0.013530198558721099,16.366919142780734,0.0,0.0,0.6012678986583199,0.6012678986583199,-3.8722772529864247,2.587622675616971,3.100001058215428,3.678524519998356,3.100001058215428,-0.025143003472138936,0.23605408169085215,0.0
53.900000000000006,-4.056859014970593,2.3942613907243193,3.1353224147999246,3.1353224147999246,0.25067598448291967,3.7123500163951584,2.4999999999999933,0.9305969951050393,0.08253515157810208,0.013408024800693176,16.380449341339457,0.0,0.0,0.5906332970701124,0.5906332970701124,-3.9222459341464226,2.5893824756919694,3.1127772258104116,3.7123500163951584,3.1127772258104116,-0.022545188989512965,0.23705045734595737,0.0
53.95,-4.106858978051253,2.394322344913658,3.145406326407322,-3.1377789807722642,0.2417088168137159,3.7458700783968912,2.500000000000016,0.9054098245872138,0.07959539223254218,0.0132891020422,16.39385736614015,0.0,0.0,0.5809625439059574,0.5809625439059574,-3.972232896575908,2.5905097991891872,3.1253110250345575,3.7458700783968912,3.1253110250345575,-0.020095301372764496,0.23793633398142275,0.0
54.0,-4.156857040355167,2.3938822984888843,3.155350214025896,-3.1278350931536902,0.23029947698236777,3.7790928335023914,2.5000000000000173,0.870323103023415,0.07585301382702181,0.013173288611124698,16.40714646818235,0.0,0.0,0.5710631148446373,0.5710631148446373,-4.022229971441476,2.591021732538132,3.137396465875243,3.7790928335023914,3.137396465875243,-0.01795374815065287,0.2387224416378764,0.0
54.050000000000004,-4.206848326708514,2.392948748736553,3.165179267161662,-3.1180060400179244,0.21803700209066001,3.8120260550302034,2.500000000000008,0.8311627329302709,0.0718284265456686,0.013060451330886161,16.420319756793475,0.0,0.0,0.5613238742045181,0.5613238742045181,-4.072229634257215,2.5909436680429456,3.1489114397243614,3.8120260550302034,-3.1342738674552244,-0.016267827437300042,0.23942468633882047,0.0
54.1,-4.25682805163149,2.3915250717503573,3.1749215047805466,-3.1082638023990397,0.19774620647281507,3.844677183357419,2.49999999999998,0.7602703281215173,0.06516385549830095,0.012950464876448924,16.433380208124362,0.0,0.0,0.551001563440067,0.551001563440067,-4.122225310085973,2.590305202999684,3.1598132898288944,3.844677183357419,-3.1233720173506914,-0.01510821495165171,0.24006548817160017,0.0
54.150000000000006,-4.306791727987644,2.38961947018558,3.1845010372717453,-3.0986842699078405,0.19688947107117274,3.877053345548541,2.4999999999999876,0.763350982519773,0.06488232648611053,0.012843211189011392,16.446330673000812,0.0,0.0,0.549256093370273,0.549256093370273,-4.172211692463019,2.589147096725636,3.169700600152535,3.877053345548541,-3.1134847070270517,-0.014800437119211196,0.24067209999191294,0.0
54.2,-4.356734930180128,2.3872369575049093,3.193986334683999,-3.0891989724955877,0.19200779814102234,3.9091613735210693,2.499999999999981,0.7505894679077151,0.06327798071601397,0.012738578943156496,16.459173884189823,0.0,0.0,0.5581280883586831,0.5581280883586831,-4.222184218321055,2.5874958945089332,3.1795450737060937,3.9091613735210693,-3.1036402334734925,-0.014441260977904768,0.24126237981037352,0.0
54.25,-4.406653539890621,2.384385167985763,3.2033269017215824,-3.079858405458004,0.18479228351850305,3.9410078208789603,2.5000000000000067,0.7282678345845027,0.060906030434000245,0.01263646306099645,16.47191246313298,0.0,0.0,0.5685716862035903,0.5685716862035903,-4.272138338785375,2.5853589230925937,3.1891454636131447,3.9410078208789603,-3.094039843566442,-0.014181438108438194,0.24183628671091742,0.0
54.300000000000004,-4.456543455459348,2.3810691258013965,3.2125563247124878,-3.070628982467099,0.18666540471021914,3.9725989785314515,2.500000000000052,0.7415467960789766,0.061521847075701075,0.012536764268490602,16.484548926193977,0.0,0.0,0.5769810720920739,0.5769810720920739,-4.322070127054773,2.5827514847931843,3.19838507778907,3.9725989785314515,-3.084800229390517,-0.014171246923417868,0.24240224829959217,0.0
54.35,-4.506401024745936,2.377297764898783,3.221626120507182,-3.0615591866724046,0.19419386172641595,4.003940889202679,2.5000000000000067,0.7775407433985679,0.06399646415471542,0.01243938868967721,16.497085690462466,0.0,0.0,0.5918417879687478,0.5918417879687478,-4.3719755452366025,2.5796804771442807,3.207718348024581,4.003940889202679,-3.075466959155005,-0.013907772482600222,0.24295878612875532,0.0
54.400000000000006,-4.556222435272039,2.3730755712892027,3.2306080816149265,-3.0525772255646597,0.18961273010924862,4.035039360926872,1.6784659729039728,0.7650948293236219,0.0624907296711121,0.012359680508526743,16.509525079152144,0.0,0.0,0.5526137903473177,0.5526137903473177,-4.4218494462601,2.5761344434159463,3.2174280411109017,4.035039360926872,-3.065757266068685,-0.013180040504025214,0.24349333815401994,0.0
54.45,-4.606004408466639,2.368411296088985,3.2394093762758147,-3.043775930903772,0.2127738573518419,4.055784664096398,2.5000000000000018,0.862964947568235,0.07010032116067158,0.01228158236780458,16.521884759660672,0.0,0.0,0.5724144853796883,0.5724144853796883,-4.471687036299977,2.5721100312290766,3.2269086776163642,4.055784664096398,-3.0562766295632215,-0.012500698659449583,0.24399658022896673,0.0
54.5,-4.65574358836938,2.3633108948267845,3.248123810703237,-3.0350614964763487,0.2068425559746864,4.08648862001591,2.5000000000000324,0.8452597511255598,0.06815233044176217,0.012189989943317967,16.534166342028477,0.0,0.0,0.6050984578715453,0.6050984578715453,-4.521481572760276,2.567584486075048,3.237547370483956,4.08648862001591,-3.0456379366956305,-0.010576440219281835,0.2444462904543283,0.0
54.550000000000004,-4.70543686567202,2.3577811305991787,3.2566725795375975,-3.0265127276419888,0.19225893114392986,4.116963594874205,2.500000000000006,0.7915230203089858,0.06336052278216475,0.012100416665736061,16.546356331971797,0.0,0.0,0.634477267481377,0.634477267481377,-4.57122590827543,2.5625368330861815,3.2478894982826905,4.116963594874205,-3.0352958088968958,-0.00878308125490701,0.24482132012195199,0.0
54.6,-4.755081547087843,2.3518308352576565,3.2650852253663114,-3.018100081813275,0.1884677036708023,4.147214636538545,2.500000000000034,0.7816160191783605,0.062114335752722294,0.012012789421115335,16.558456748637532,0.0,0.0,0.6640391759242179,0.6640391759242179,-4.620917435573769,2.5569931102618177,3.257502444839887,4.147214636538545,-3.0256828623397,-0.007582780526425026,0.24513581521932676,0.0
54.650000000000006,-4.804674608043723,2.3454646501717384,3.2734024127431804,-3.0097828944364053,0.183962553353317,4.177246610091334,2.4999999999999774,0.7684569523788896,0.06063322940667509,0.011927038749157256,16.570469538058646,0.0,0.0,0.6960289105839234,0.6960289105839234,-4.670553954161851,2.5509766725912812,3.266925830023427,4.177246610091334,-3.0162594771561597,-0.006476582719754376,0.24540485153450348,0.0
54.7,-4.854213726375657,2.3386914528058393,3.2815305647425146,-3.001654742437072,0.1648022773474006,4.207064206964227,2.499999999999993,0.6933337622544405,0.05433122852735115,0.011843098611761638,16.582396576807803,0.0,0.0,0.7021265989410893,0.7021265989410893,-4.720132313154935,2.5444983477124854,3.2761239576910928,4.207064206964227,-3.0070613494884935,-0.005406607051421375,0.2456304202707417,0.0
54.75,-4.9036965158488774,2.3315183313192707,3.2895449418080607,-2.993640365371526,0.1567687468002147,4.236671953493631,2.5000000000000404,0.664177752752814,0.05168760751297592,0.011760906179251216,16.594239675419566,0.0,0.0,0.6953227895575003,0.6953227895575003,-4.769652337499867,2.5375879900503104,3.2843640715584628,4.236671953493631,-2.998821235621124,-0.005180870249597902,0.24583031952708465,0.0
54.800000000000004,-4.953120823008415,2.3239527306610426,3.29741831589973,-2.9857669912798563,0.14665892689224783,4.2660742189417595,2.4999999999999836,0.6256578669926828,0.048359711573127385,0.011680401632694603,16.606000581598817,0.0,0.0,0.7409568581354724,0.7409568581354724,-4.81911522125426,2.5302797528928322,3.2922025088984737,4.2660742189417595,-2.990982798281113,-0.005215807001256678,0.24602508287678848,0.0
54.85,-5.00248438504976,2.316000439368174,3.3051856658603156,-2.97799964131927,0.12316449328537848,4.295275223023496,2.5000000000000133,0.52902539636493,0.04062192406244471,0.01160152798091432,16.617680983231512,0.0,0.0,0.7524129610376912,0.7524129610376912,-4.8685212601852,2.5225965169516456,3.299535455243086,4.295275223023496,-2.9836498519365,-0.00565021061722959,0.24622765501940164,0.0
54.900000000000006,-5.05178543642309,2.3076693687002647,3.312780113060814,-2.970405194118772,0.10356937615804666,4.324279042975782,2.5000000000000235,0.4478628828143168,0.034164595394890175,0.011524230890907707,16.629282511212427,0.0,0.0,0.7493969744160991,0.7493969744160991,-4.9178743801194855,2.514580180388242,3.305693679907355,4.324279042975782,-2.977491627272231,-0.007086433153459026,0.24646349627018777,0.0
54.95,-5.101022389275329,2.298967481728552,3.320241497874404,-2.962943809305182,0.08249533025739499,4.353089620203051,2.4999999999999907,0.3591095658586888,0.02721673672034167,0.011448458530534155,16.640806742103333,0.0,0.0,0.7498371103006879,0.7498371103006879,-4.967181290881811,2.5062842196698107,3.3108721487152573,4.353089620203051,-2.9723131584643294,-0.009369349159147333,0.2467664269097153,0.0
55.0,-5.150193597748665,2.289901469380101,3.3275816372065923,-2.9556036699729944,0.06415197154623418,4.381710766529387,2.4999999999999676,0.2810953844182212,0.021166988814400003,0.011374161422433608,16.652255200633867,0.0,0.0,0.7513322874996974,0.7513322874996974,-5.016449098830312,2.4977589891513117,3.314996915228127,4.381710766529387,-2.9681883919514593,-0.012584721978464941,0.2471686459006493,0.0
55.050000000000004,-5.199297512216842,2.280477762849782,3.3347964159781682,-2.948388891201418,0.037509766202881184,4.41014617008547,2.5,0.16542355176043785,0.012377590706308412,0.011301292308240818,16.6636293620563,0.0,0.0,0.7447082304642257,0.7447082304642257,-5.065685334492745,2.4890531891136902,3.318204513805439,4.41014617008547,-2.9649807933741474,-0.016591902172729434,0.24770127669704645,0.0
55.1,-5.2483329151666025,2.2707038871092897,3.3418393408286455,-2.9413459663509407,0.008840753776077645,4.438399400856072,2.4999999999999805,0.039238796262859074,0.0029174404688525717,0.011229806022248654,16.67493065436454,0.0,0.0,0.7861196305950535,0.7861196305950535,-5.1148992988758515,2.480222278804579,3.3200800021155827,4.438399400856072,-2.963105305064003,-0.02175933871306235,0.24839985188201702,0.0
55.150000000000006,-5.297299182315271,2.260589130595141,3.348790780575168,-2.934394526604418,-0.00579308355142623,4.466473915911694,2.5000000000000133,-0.025874656575142336,-0.0019117152430805856,0.011159659373753014,16.68616046038679,0.0,0.0,0.7964289670570616,0.7964289670570616,-5.164103004099361,2.471334345885736,3.3205220398043864,4.466473915911694,-2.9626632673752002,-0.02826874077078223,0.24930857919294297,0.0
55.2,-5.346193296746664,2.2501317136346093,3.355545772445754,-2.9276395347338324,-0.02350936133668294,4.494373064346076,2.500000000000026,-0.10565984035156688,-0.007757933598900322,0.011090811037383004,16.697320119760544,0.0,0.0,0.7832919164477719,0.7832919164477719,-5.213306032221426,2.4624426640347026,3.320232385626815,4.494373064346076,-2.9629529215527715,-0.03531338681893903,0.25046948862644236,0.0
55.25,-5.395021958079218,2.239371578362281,3.3622444636347777,-2.920940843544809,-0.03967802630296432,4.522100091939534,2.4999999999999676,-0.1794280063926142,-0.013093000465554363,0.011023221450783681,16.70841093079793,0.0,0.0,0.7683161921692414,0.7683161921692414,-5.262515558179962,2.4535870292706643,3.319056917559981,4.522100091939534,-2.9641283896196047,-0.04318754607479569,0.2518853021161484,0.0
55.300000000000004,-5.443755779065909,2.2281909105392272,3.36909987929732,-2.9140854278822665,-0.055404871176861825,4.549658145566493,2.49999999999996,-0.2520732234538716,-0.018281570552677723,0.010956852719075802,16.719434152248713,0.0,0.0,0.7945502313432623,0.7945502313432623,-5.311739006606012,2.44480914199246,3.3170730162448328,4.549658145566493,-2.9661122909347535,-0.05202686305248694,0.2536767360414716,0.0
55.35,-5.492539409203922,2.217230819913088,3.3546909443777504,-2.9284943628018354,-0.07043652299884094,4.577050277364182,2.4999999999999667,-0.3223915071284135,-0.023239867800873087,0.010891668525568367,16.73039100496779,0.0,0.0,0.8078659663194385,0.8078659663194385,-5.360983173947849,2.4361482884552337,3.3143027726859895,4.577050277364182,-2.9688825344935967,-0.04038817169176134,0.2554053661684747,0.0
55.400000000000006,-5.541481075412305,2.206997242817518,3.340823598056328,-2.942361709123258,-0.08467881498121163,4.604279448678103,-3.1131668809472024,-0.38988492755640813,-0.027936738825629262,0.01089962621826937,16.74128267349336,0.0,0.0,0.7981319280245498,0.7981319280245498,-5.410254335185516,2.4276424030658057,3.3107809465360476,4.604279448678103,-2.972404360643539,-0.030042651520281183,0.2567191930720057,0.0
55.45,-5.5905683023918336,2.1974844108294085,3.3241190879370324,-2.959066219242554,-0.0981869211160459,4.570347093320683,-3.9999999999999436,-0.4487483095248276,-0.03239035192987903,0.010992970506449472,16.752182299711627,0.0,0.0,0.8001650038649474,0.8001650038649474,-5.459558099357506,2.419327650887406,3.306547005786987,4.570347093320683,-2.976638301392599,-0.017572082150045354,0.25763946991586173,0.0
55.5,-5.639834986072611,2.1889578471369076,3.3033749175145473,-2.9798103896650385,-0.11078635136658496,4.526375211294885,-3.9999999999999862,-0.5014605945755154,-0.03654322056673689,0.011100815523465573,16.763175270218078,0.0,0.0,0.8012273540734941,0.8012273540734941,-5.508899347560873,2.4112383861224025,3.3016376597311847,4.526375211294885,-2.9815476474484015,-0.0017372577833629776,0.25797825382027567,0.0
55.550000000000004,-5.68919920588437,2.1810081421391976,3.3014568015824555,-2.9817285055971308,-0.12250446468379653,4.481971949201023,-3.9999999999999942,-0.5490615743646634,-0.04040447192405477,0.011211898220913745,16.774276085741544,0.0,0.0,0.7949863763258124,0.7949863763258124,-5.55828216968123,2.403407007777958,3.2960983421628556,4.481971949201023,-2.987086965016731,-0.0053584594196003366,0.25807077673696743,0.0
55.6,-5.738557609378692,2.173016697074704,3.2998337265908653,-2.983351580588721,-0.1332593881386635,4.437124356317368,-3.9999999999999374,-0.5912884768180137,-0.04394728348152252,0.01132638391657843,16.785487983962458,0.0,0.0,0.8244934724759987,0.8244934724759987,-5.607709812297881,2.3958637771139606,3.289973118928666,4.437124356317368,-2.9932121882509204,-0.009860607662199428,0.2584220715862402,0.0
55.650000000000006,-5.78802635253744,2.165764090484829,3.2739062870561466,-3.00927902012344,-0.14297882261809172,4.391818820651055,-3.99999999999997,-0.627937084128664,-0.04714804464353499,0.011444449993006287,16.796814367879037,0.0,0.0,0.8551036672792004,0.8551036672792004,-5.657184662144687,2.388636745675138,3.2833101495217325,4.391818820651055,-2.999875157657854,0.009403862465585888,0.2584410346218482,0.0
55.7,-5.837617511040623,2.159375223376778,3.2685513795146424,-3.014633927664944,-0.15154187243726852,4.3460410206790305,-4.00000000000001,-0.6586071939628779,-0.04996719163258646,0.011566287053720507,16.808258817872044,0.0,0.0,0.8486233318835337,0.8486233318835337,-5.706708227521678,2.381751556882172,3.276161208390828,4.3460410206790305,-3.007024098788758,0.007609828876185887,0.2580474262897149,0.0
55.75,-5.887222524350807,2.1530937513428805,3.263826917793334,-3.0193583893862517,-0.1593619011458291,4.299775872464148,-3.9999999999999987,-0.6852204575368527,-0.052541026389522995,0.011692100217818083,16.819825104925766,0.0,0.0,0.8503707664887359,0.8503707664887359,-5.756281132751812,2.3752311960160464,3.2685841147689643,4.299775872464148,-3.0146011924106215,0.004757196975630151,0.25785789179275703,0.0
55.800000000000004,-5.936925009484429,2.147673012392841,3.2362156627090624,-3.046969644470524,-0.1643181774516817,4.253007471592876,-3.999999999999984,-0.6988464364205264,-0.05417194529145992,0.011822110572960612,16.831517205143584,0.0,0.0,0.8499005478617806,0.8499005478617806,-5.805903207601976,2.369096339863816,3.260616019711673,4.253007471592876,-3.0225692874679133,0.024400357002610562,0.25728389478714603,0.0
55.85,-5.986718956309255,2.143121086511688,3.2322586236900355,-3.0509266834895508,-0.174128192591016,4.205719029301034,-3.9999999999999654,-0.7323342531178313,-0.057399183319081705,0.011956556810184142,16.843339315716545,0.0,0.0,0.850026714325955,0.850026714325955,-5.855573292247486,2.363363223070435,3.2524001108390888,4.205719029301034,-3.0307851963404975,0.020141487149053283,0.2563313947181735,0.0
55.900000000000006,-6.03652488967065,2.1387258055430878,3.2260240800903888,-3.057161227089198,-0.19199637577840856,4.157892802060298,-3.9999999999999765,-0.798300348870709,-0.0632742264083083,0.012095697068044435,16.855295872526728,0.0,0.0,0.8499928280310398,0.8499928280310398,-5.905290089972804,2.3580505748155796,3.243693701209538,4.157892802060298,-3.0394916059700483,0.017669621119149603,0.25558937197811155,0.0
55.95,-6.086360843167808,2.1346776038180915,3.219553965811131,-3.0636313413684553,-0.20350411267710244,4.10951001378812,-3.99999999999999,-0.8363021888936184,-0.06705567163700335,0.012239811018533806,16.867391569594773,0.0,0.0,0.8500019245377729,0.8500019245377729,-5.955053397772789,2.3531932095889405,3.2340938824206176,4.10951001378812,-3.049091424758968,0.014539916609487058,0.2549327660022674,0.0
56.0,-6.136219406279028,2.130917797658509,3.213535201860396,-3.06965010531919,-0.21227466028301734,4.060550769713985,-3.2330913500217227,-0.8619520352029807,-0.06993639243445839,0.01237456300413945,16.879631380613308,0.0,0.0,0.849999483774331,0.849999483774331,-6.004862275950161,2.348828111161843,3.2239186767867625,4.060550769713985,-3.0592666303928233,0.01038347492636671,0.2544397775886393,0.0
56.050000000000004,-6.18611084949162,2.127623926276206,3.203239567737458,-3.0799457394421283,-0.21652033558444275,4.020542677105003,-1.333674891320633,-0.8705292496783491,-0.07133048660327525,0.012461889602294034,16.89200594361745,0.0,0.0,0.8500001384380869,0.8500001384380869,-6.054713816482092,2.3449809775403816,3.2133049437726116,4.020542677105003,-3.069880363406975,0.010065376035153228,0.2539867477211451,0.0
56.1,-6.235992580841036,2.1242024716619,3.218268059191899,-3.0649172479876867,-0.21832159940640156,4.003922567844014,2.500000000000016,-0.8741427789110915,-0.07192185931549441,0.01243944517178611,16.90446783321974,0.0,0.0,0.8499999628117431,0.8499999628117431,-6.104603723223538,2.3416684576343565,3.2024789269933893,4.003922567844014,-3.0807063801861965,-0.015789132198509748,0.25407575043873,0.0
56.150000000000006,-6.285853047286144,2.1204660908964366,3.211312015574547,-3.071873291605039,-0.20966532920925124,4.035021180773479,2.5000000000000173,-0.8460040442331732,-0.06907946671508351,0.012344302671023315,16.916907278391527,0.0,0.0,0.8500000099735033,0.8500000099735033,-6.154526687785919,2.3388984785932836,3.1915628470230692,4.035021180773479,-3.0916224601565165,-0.01974916855147768,0.25487118451195734,0.0
56.2,-6.33574313719314,2.117150947263594,3.2053612970486154,-3.0778240101309713,-0.1866279277811012,4.065881937451038,2.500000000000019,-0.7588071205890962,-0.06150952643050192,0.012251310418646973,16.92925158106255,0.0,0.0,0.8499999973259568,0.8499999973259568,-6.204476451291755,2.3366628064606827,3.181079580562607,4.065881937451038,-3.10210572661698,-0.02428171648600852,0.2557662979278067,0.0
56.25,-6.385651366165964,2.114124118339129,3.198674943633588,-3.0845103635459985,-0.16463841016903277,4.096510213497655,2.4999999999999813,-0.6744429287914591,-0.05427731166993086,0.012160388620928676,16.9415028914812,0.0,0.0,0.8500000007167821,0.8500000007167821,-6.25444596010675,2.3349221031596814,3.171748184173552,4.096510213497655,-3.1114371230060343,-0.026926759460035754,0.25683965558297295,0.0
56.300000000000004,-6.435579665357624,2.1114468181547212,3.1916464650720964,-3.0915388421074894,-0.13551840023000475,4.126911185049977,2.4999999999999782,-0.5592724016892859,-0.04469129413605537,0.012071461569115021,16.953663280102127,0.0,0.0,0.8499999998079025,0.8499999998079025,-6.3044288684540355,2.333620275449718,3.1635162636651004,4.126911185049977,-3.1196690435144863,-0.028130201406996846,0.25799530355194067,0.0
56.35,-6.485525884003764,2.1091285463137686,3.1842196262585345,-3.0989656809210517,-0.11552162751486339,4.157089838972764,2.5000000000000466,-0.4802337839236351,-0.038103685566474706,0.011984457374419354,16.96573474167124,0.0,0.0,0.8500000000514745,0.8500000000514745,-6.354420183804834,2.332693547786993,3.1567403436536003,4.157089838972764,-3.1264449635259854,-0.027479282604933708,0.2591717857105104,0.0
56.400000000000006,-6.535488397150825,2.1071927603115674,3.176354882227715,-3.1068304249518714,-0.10277995724971756,4.187050982408813,2.500000000000027,-0.4303449209743657,-0.033904388798966456,0.011899307723727985,16.977719199045662,0.0,0.0,0.8499999999862083,0.8499999999862083,-6.404416356874706,2.332080581525064,3.1509642622778573,4.187050982408813,-3.132221044901729,-0.025390619949857474,0.260296776530748,0.0
56.45,-6.585464840335449,2.105657966087015,3.168167434889832,-3.115017872289754,-0.090030427162981,4.216799251718133,2.499999999999973,-0.37964023789272217,-0.029701304039467958,0.011815947654134134,16.98961850676939,0.0,0.0,0.8500000000036949,0.8500000000036949,-6.454415145142977,2.3317404790340057,3.1458252644153712,4.216799251718133,-3.1373600427642145,-0.02234217047446041,0.26131843652996645,0.0
56.5,-6.63545243341798,2.104544413750242,3.159489984985178,-3.1236953221944077,-0.08545808025399128,4.246339120853468,2.499999999999977,-0.3628839893755585,-0.028193693865630098,0.011734315344608356,17.001434454423524,0.0,0.0,0.84999999999901,0.84999999999901,-6.504415004733315,2.3316413866751047,3.1413237430572223,4.246339120853468,3.1413237430572227,-0.018166241927955795,0.2621904705131834,0.0
56.550000000000004,-6.6854479310519,2.103873139311209,3.1504890132864127,-3.132696293893174,-0.0687143017469235,4.275674909214989,2.4999999999999747,-0.2938000158835485,-0.022671834245504282,0.011654351923287128,17.013168769768132,0.0,0.0,0.8500000000002652,0.8500000000002652,-6.554414822051942,2.33176165459449,3.1370508390445226,4.275674909214989,3.137050839044523,-0.0134381742418892,0.2628742114628464,0.0
56.6,-6.735447490050255,2.1036627182560923,3.141036681575808,3.141036681575808,-0.03951114841551688,4.304810789023207,2.500000000000027,-0.17008801798581424,-0.013037940162932747,0.011576001289014445,17.02482312169142,0.0,0.0,0.8499999999999289,0.8499999999999289,-6.604413817876024,2.3320746360009896,3.1336151239571763,4.304810789023207,3.133615123957176,-0.0074215576186320575,0.26332836423630035,0.0
56.650000000000006,-6.785446731326627,2.103935299900372,3.131191913975593,3.1311919139755933,-0.03807931954551722,4.333750792245743,2.4999999999999694,-0.16502628124856406,-0.012565514076264373,0.011499209945907082,17.036399122980434,0.0,0.0,0.850000000000019,0.850000000000019,-6.654411800339988,2.3325228953402393,3.1316395665364003,4.333750792245743,3.1316395665364,0.00044765256080658844,0.2634813881997243,0.0
56.7,-6.8354408259494255,2.104707108486706,3.121031533229019,3.1210315332290186,-0.036091016815434945,4.36249881711051,2.5000000000000515,-0.1574470181656505,-0.01190947245501775,0.011423926849834962,17.04789833292634,0.0,0.0,0.8499999999999956,0.8499999999999956,-6.704408819803739,2.3330681379530653,3.1297356005591244,4.36249881711051,3.1297356005591244,0.008704067330105758,0.2632833956281685,0.0
56.75,-6.885423833441421,2.1060050188383794,3.1102550620441374,3.1102550620441374,-0.022422054164091897,4.391058634235098,2.5000000000000315,-0.09845655453452276,-0.007399142843459087,0.011350103265815504,17.059322259776177,0.0,0.0,0.8499999999999988,0.8499999999999988,-6.754404743063698,2.3337060869789874,3.127931049718353,4.391058634235098,3.1279310497183523,0.017675987674214966,0.26270473630252617,0.0
56.800000000000004,-6.935391230765094,2.1078199878861166,3.099912515749676,3.0999125157496756,-0.021152048780999227,4.4194338923996375,2.500000000000038,-0.09348008127643842,-0.006980062736333267,0.011277692635416697,17.070672363041993,0.0,0.0,0.8500000000000091,0.8500000000000091,-6.8043996837882075,2.334417170730674,3.1268099470101482,4.4194338923996375,3.1268099470101482,0.026897431260472615,0.26173472954976307,0.0
56.85,-6.98533020295515,2.110279681983091,3.086042734400742,3.086042734400742,-0.022734970243223566,4.44762812398818,2.499999999999988,-0.10111669305179552,-0.007502399417084183,0.011206650453349152,17.08195005567741,0.0,0.0,0.8499999999999648,0.8499999999999648,-6.85439382051593,2.3351827161714307,3.125752344571098,4.44762812398818,3.125752344571098,0.039709610170356235,0.26024163969932085,0.0
56.900000000000006,-7.035260377197483,2.112920109231107,3.0943900764833816,3.094390076483382,-0.012839579302565362,4.475644750121552,2.5000000000000444,-0.057465395699296005,-0.004237035814574855,0.011136934152503898,17.09315670613076,0.0,0.0,0.850000000000131,0.850000000000131,-6.904387086853044,2.3360031134752077,3.124615596058937,4.475644750121552,3.124615596058937,0.03022551957555475,0.25863844437390454,0.0
56.95,-7.085215886677056,2.1150333470224725,3.103869523973056,3.1038695239730565,-0.0067466130374065625,4.503487085502813,2.500000000000006,-0.030383284684845357,-0.0022263786237940513,0.011068502996761227,17.104293640283263,0.0,0.0,0.8499999999995118,0.8499999999995118,-6.954379605620311,2.3368679726786414,3.1239736170938084,4.503487085502813,3.1239736170938084,0.020104093120751898,0.2575436537381038,0.0
57.0,-7.1351899642753915,2.1166422093711375,3.115494386675636,3.1154943866756355,0.00031992480394635314,4.531158342994716,2.5000000000000244,0.0014496299445324668,0.00010557518491004533,0.011001317980957274,17.115362143280024,0.0,0.0,0.8500000000018191,0.8500000000018191,-7.004371695533438,2.3377573108656757,3.123636286441938,4.531158342994716,3.123636286441938,0.00814189976630253,0.25691498116221634,0.0
57.050000000000004,-7.185180494494686,2.1176060919617727,3.1293483344011976,3.1293483344011976,0.003750376808436387,4.558661637947109,2.500000000000015,0.01709669888446547,0.001237623714889066,0.010935341737450277,17.12636346126098,0.0,0.0,0.8499999999932162,0.8499999999932162,-7.054363642150335,2.3386546811348423,3.1236522826821354,4.558661637947109,3.1236522826821354,-0.0056960517190622895,0.2568570178770442,0.0
57.1,-7.235180449520365,2.117856322173991,3.144528968096146,-3.1386563390834397,0.015946352658307426,4.585999992290735,2.5000000000000178,0.0731299731680632,0.005262247803960175,0.010870538448778,17.13729880299843,0.0,0.0,0.8500000000253125,0.8500000000253125,-7.1043556797498875,2.339546964340551,3.123839801522557,4.585999992290735,3.123839801522557,-0.020689166573589546,0.25741379374408074,0.0
57.150000000000006,-7.285174765149356,2.1171747408954102,3.1650472956651625,-3.1181380115144233,0.03395980981098189,4.61317633841268,2.500000000000026,0.15666259107701647,0.011206268118012933,0.010806873765942512,17.148169341447208,0.0,0.0,0.8499999999055228,0.8499999999055228,-7.154348149414044,2.3404146304263627,3.1246371191554725,4.61317633841268,3.124637119155473,-0.04041017650969003,0.25875017229471886,0.0
57.2,-7.335159903224692,2.1159344741453174,3.1651197897657073,-3.1180655174138785,0.039462155214068484,4.640193522827537,2.500000000000018,0.1831120370211355,0.013021775151216062,0.010744314731898819,17.15897621521315,0.0,0.0,0.8500000003524333,0.8500000003524333,-7.204341658033254,2.341219922469795,3.1263351096460217,4.640193522827537,3.1263351096460212,-0.0387846801196865,0.26051285285322895,0.0
57.25,-7.38514584216253,2.1147544681468102,3.1659618141976296,-3.1172234929819567,0.04735015836912114,4.667054309657284,2.5000000000000093,0.22098576067956174,0.015624280747485411,0.010682829709860146,17.16972052994505,0.0,0.0,0.8499999986853848,0.8499999986853848,-7.254336558480752,2.3419334476370888,3.128308217406725,4.667054309657284,3.128308217406725,-0.03765359679090352,0.2621475870947208,0.0
57.300000000000004,-7.435130590494171,2.1135179533300454,3.166491132886064,-3.1166941742935226,0.05341856056118632,4.6937613839319345,2.499999999999997,0.2507339767473258,0.017626299340980273,0.01062238831606558,17.18040335965491,0.0,0.0,0.8500000049034923,0.8500000049034923,-7.304332886186145,2.342538466841596,3.1306757253251813,4.6937613839319345,3.1306757253251813,-0.035815407560882306,0.26373933165408586,0.0
57.35,-7.485114744752218,2.1122596131139657,3.1670681781312116,-3.1161171290483747,0.058468515401795144,4.7203173547220985,2.4999999999999907,0.2759899479559299,0.019292216272069528,0.010562961356685503,17.191025747970976,0.0,0.0,0.8499999817105871,0.8499999817105871,-7.354330576230639,2.3430175325816007,3.133346653353241,4.7203173547220985,3.1333466533532413,-0.0337215247779703,0.2652427494445651,0.0
57.400000000000006,-7.5350982610468265,2.1109761324393115,3.1674644584278955,-3.1157208487516908,0.06252733709027254,4.746724758113812,2.499999999999965,0.29680005902532475,0.02063109358786831,0.010504520768567152,17.201588709327662,0.0,0.0,0.8500000682153075,0.8500000682153075,-7.404329407766417,2.343356744226267,3.1362700791233307,4.746724758113812,3.1362700791233307,-0.0311943793045657,0.2666481609213777,0.0
57.45,-7.585081072720332,2.109663533017989,3.168129243840824,-3.1150560633387627,0.06365873755232408,4.77298606003523,2.4999999999999685,0.30384226693668404,0.021004293953045317,0.010447039563547155,17.21209323009623,0.0,0.0,0.849999745578726,0.849999745578726,-7.454329034078448,2.3435447132589413,3.1393964459778445,4.77298606003523,3.1393964459778445,-0.028732797862978998,0.26794869299906915,0.0
57.5,-7.635063824538255,2.108356818667974,3.167698242338585,-3.115487064841002,0.06861338348041449,4.799103658944097,2.500000000000019,0.3292827397133916,0.02263854830767046,0.010390491776079988,17.222540269659778,0.0,0.0,0.8500009488871354,0.8500009488871354,-7.504329003829131,2.343574950203022,3.1425793828554607,4.799103658944097,-3.1406059243241256,-0.025118859483123757,0.26910808748286613,0.0
57.550000000000004,-7.685044262160802,2.1069319668499578,3.17105612674352,-3.1121291804360656,0.07942311448604004,4.825079888384297,2.500000000000029,0.38322287237943536,0.026203628732151606,0.010334852413951504,17.232930761435856,0.0,0.0,0.8499964611172863,0.8499964611172863,-7.55432879678066,2.3434398472410813,3.1460100520294816,4.825079888384297,-3.1371752551501046,-0.02504607471403908,0.2702267758321686,0.0
57.6,-7.735032449266471,2.1059346091511895,3.1506596912161577,-3.132525615963429,0.08069990599345872,4.850917019419176,-3.4086108641774815,0.3914685474491965,0.026624676018838462,0.010344928678395225,17.243265613849807,0.0,0.0,0.8500131957898438,0.8500131957898438,-7.604327738977646,2.343119700823991,3.1499812077537834,4.850917019419176,-3.133204099425803,-0.0006784834623738689,0.27081449186393425,0.0
57.650000000000006,-7.78503124896268,2.105489278781096,3.1539440922526296,-3.1292412149269566,0.0769994271060224,4.815655183136857,-3.9999999999999303,0.3708026902416854,0.025404344375812148,0.010427965252676379,17.253610542528204,0.0,0.0,0.8499507589200591,0.8499507589200591,-7.654324997936472,2.3425994079763686,3.154016203053456,4.815655183136857,-3.12916910412613,7.211080082658583e-05,0.27074958434746477,0.0
57.7,-7.835026310676298,2.104794306912686,3.156049407023375,-3.127135900156212,0.06765664080708675,4.7739433221261525,-3.9999999999999685,0.32298896857847953,0.022322982763880162,0.01051988525688427,17.26403850778088,0.0,0.0,0.8501837463978267,0.8501837463978267,-7.704319820136114,2.341882006279394,3.1578661744087575,4.7739433221261525,-3.1253191327708283,0.0018167673853834998,0.270730057179342,0.0
57.75,-7.885020341710551,2.10402078147978,3.1583183479069383,-3.124866959272648,0.05300168825263236,4.731863781098616,-3.999999999999971,0.25079676897971104,0.017488773882661672,0.010614279740990128,17.274558393037765,0.0,0.0,0.8493143753998234,0.8493143753998234,-7.754311728041872,2.3409838081814214,3.1612490064491117,4.731863781098616,-3.121936300730475,0.0029306585421728926,0.2706219091477833,0.0
57.800000000000004,-7.935012416383783,2.1031305454029887,3.1603892343241435,-3.1227960728554427,0.034173377401297965,4.6894066621346555,-3.999999999999982,0.16025286365328856,0.011276736516849356,0.010711261759950567,17.285172672778756,0.0,0.0,0.8532854762373763,0.8532854762373763,-7.804300708343912,2.339934815703444,3.1638990908617433,4.6894066621346555,-3.1192862163178425,0.0035098565376001645,0.2704844044510358,0.0
57.85,-7.985002624757896,2.1021411219597965,3.1623789447093977,-3.120806362470189,0.009117207460707244,4.646561615094853,-4.000000000000003,0.0423636662237787,0.003008669383750374,0.01081095173507362,17.295883934538708,0.0,0.0,0.8641691458787395,0.8641691458787395,-7.854287292328833,2.338776880788943,3.165607759731808,4.646561615094853,-3.1175775474477785,0.0032288150224104584,0.2703386403914287,0.0
57.900000000000006,-8.034990805388304,2.101054003304005,3.1642700734188027,-3.1189152337607835,-0.012851917907929816,4.603317808154559,-3.9999999999999485,-0.0591614625745138,-0.004241107481177499,0.01091347808285917,17.30669488627378,0.0,0.0,0.8738008423692007,0.8738008423692007,-7.904272599495368,2.3375648477148046,3.1660636201048438,4.603317808154559,-3.117121687074743,0.0017935466860405924,0.27023069565794616,0.0
57.95,-8.08497692910287,2.0998761018600858,3.1660147750241205,-3.117170532155466,-0.0237915142198429,4.559663895823123,-3.9999999999999463,-0.10848130841518011,-0.007851038379033243,0.01101897791072252,17.31760836435664,0.0,0.0,0.8835001790426504,0.8835001790426504,-7.954258019181622,2.336357481672484,3.165421024209447,4.559663895823123,-3.117764282970139,-0.0005937508146729442,0.2702052486702938,0.0
58.0,-8.134960983649798,2.098613459579916,3.1676646999838836,-3.1155206071957027,-0.03511804776092013,4.515587984180233,-4.00000000000001,-0.15857863449707849,-0.01158843698893853,0.011127597788174378,17.328627342267364,0.0,0.0,0.8941304824800054,0.8941304824800054,-8.00424452185708,2.3351959071122264,3.164231448498455,4.515587984180233,-3.118953858681131,-0.003433251485428279,0.27029252276743665,0.0
58.050000000000004,-8.184942970496863,2.097271437750714,3.169188706516348,-3.1139966006632385,-0.04273747567980741,4.471077593027536,-3.9999999999999893,-0.19108256989454617,-0.014102432009367385,0.011239494603324103,17.33975494005554,0.0,0.0,0.9003480677772875,0.9003480677772875,-8.054232677544293,2.3341079509351257,3.162475546110409,4.471077593027536,-3.120709761069177,-0.006713160405938723,0.27051194920205746,0.0
58.1,-8.23492291825681,2.0958555334160356,3.1706216918661037,-3.1125636153134826,-0.047323939221709264,4.426119614614239,-3.9999999999999676,-0.2094614156300195,-0.01561563053968665,0.011354836516092351,17.350994434658862,0.0,0.0,0.8998666364095277,0.8998666364095277,-8.104222853037776,2.3331172931693094,3.160338672326419,4.426119614614239,-3.1228466348531674,-0.010283019539684801,0.27087940063703647,0.0
58.150000000000006,-8.284900896982878,2.094371726489767,3.171903292559035,-3.111282014620551,-0.04547641095281931,4.38070026854987,-3.9999999999999787,-0.19921852567369983,-0.01500608914235218,0.011473804021309436,17.362349271174953,0.0,0.0,0.9000282755549481,0.9000282755549481,-8.154215130168936,2.332239192505613,3.1579724753653333,4.38070026854987,-3.1252128318142525,-0.013930817193701373,0.2714032074912668,0.0
58.2,-8.334876993484112,2.0928258449241843,3.1731138029668755,-3.1100715042127103,-0.045541113095874323,4.334805052464633,-4.000000000000025,-0.19741184714285928,-0.015027436035044018,0.011596591136991448,17.373823075196263,0.0,0.0,0.9000202650540503,0.9000202650540503,-8.204209310852207,2.331477076608015,3.155698654817692,4.334805052464633,-3.1274866523618936,-0.017415148149183324,0.2720817040313476,0.0
58.25,-8.38485127777401,2.0912224375153823,3.174198380429948,-3.1089869267496386,-0.054631834271632845,4.288418687916667,-3.999999999999982,-0.2342841790456365,-0.018026552440111903,0.01172340673559563,17.385419666333256,0.0,0.0,0.8998907559277527,0.8998907559277527,-8.254205096225506,2.3308287212491865,3.1534215991628987,4.288418687916667,-3.1297637080166876,-0.02077678126704896,0.27290950140647113,0.0
58.300000000000004,-8.434823876543929,2.0895673139529913,3.1751791102852636,-3.1080061968943227,-0.060266131594670674,4.2415250609742845,-4.0,-0.2556203074867698,-0.019885202001079228,0.011854476039043105,17.39714307306885,0.0,0.0,0.9003585237388446,0.9003585237388446,-8.304202343768324,2.330305573471671,3.150690007449317,4.2415250609742845,-3.1324952997302695,-0.024489102835946852,0.27389212186686124,0.0
58.35,-8.484794996377868,2.0878682453638127,3.1759819458911216,-3.107203361288464,-0.06565641990094317,4.194107156818112,-3.999999999999958,-0.2753700605976009,-0.02166322911243342,0.011990042301864305,17.408997549107895,0.0,0.0,0.8958725732747754,0.8958725732747754,-8.354200884390112,2.3299260422315466,3.1476767008695834,4.194107156818112,-3.135508606310003,-0.02830524502153864,0.27503963189026376,0.0
58.400000000000006,-8.534764589844402,2.0861242837382457,3.17688172488357,-3.1063035822960163,-0.06983476956141775,4.146146987610655,-3.9999999999999702,-0.2895452194475565,-0.02304139548483778,0.01213036871110016,17.42098759140976,0.0,0.0,0.8851018472948561,0.8851018472948561,-8.404200368512965,2.329703911222955,3.1443938798745363,4.146146987610655,-3.1387914273050495,-0.03248784500903312,0.27636579169187014,0.0
58.45,-8.584733637052276,2.084367204908,3.176872015175767,-3.1063132920038194,-0.07274924356693313,4.097625512766255,-4.000000000000013,-0.29809915647431157,-0.024002639793884426,0.012275740536741478,17.43311796012086,0.0,0.0,0.8754388633019923,0.8754388633019923,-8.454200315267151,2.3296511434073595,3.1409021413964653,4.097625512766255,3.140902141396465,-0.035969873779301054,0.27785456372357165,0.0
58.5,-8.63469917380652,2.08250179721968,3.1798687824357255,-3.1033165247438603,-0.07497795517575659,4.048522550619289,-3.9999999999999845,-0.3035499423283728,-0.02473767787619341,0.012426467572713866,17.4453937006576,0.0,0.0,0.8657733865476438,0.8657733865476438,-8.504200130293924,2.329776605370758,3.1372646792181187,4.048522550619289,3.1372646792181182,-0.04260410321760766,0.2795976235661791,0.0
58.550000000000004,-8.684674717001807,2.0809678101157445,3.1621145347973685,-3.121070772382218,-0.07371686433311331,3.9988166803284337,-4.000000000000011,-0.2947802267167617,-0.02432176826041006,0.012582886915973278,17.457820168230313,0.0,0.0,0.8550629617964393,0.8550629617964393,-8.554199139265451,2.3300867243634213,3.133515781459331,3.9988166803284337,3.133515781459331,-0.028598753338037852,0.2812189713045282,0.0
58.6,-8.734671432749375,2.0803434719573035,3.147199018446826,-3.1359862887327603,-0.0792812513673827,3.9484851326645405,-4.0000000000000115,-0.3130408423231509,-0.02615684598278295,0.012745366140495004,17.470403055146285,0.0,0.0,0.8491687504873189,0.8491687504873189,-8.604196650925193,2.3305827056353228,3.1298299382426755,3.9484851326645405,3.1298299382426755,-0.017369080204151288,0.2822115213166007,0.0
58.650000000000006,-8.784671184926864,2.080387042930678,3.134398796498935,3.1343987964989353,-0.08912314296255495,3.8975036681025603,-4.000000000000001,-0.3473577766093868,-0.029402161650256005,0.012914306934235006,17.48314842128678,0.0,0.0,0.8502398629086155,0.8502398629086155,-8.6541918953127,2.331269920878675,3.1258658756743065,3.8975036681025603,3.1258658756743065,-0.008532920824628754,0.2827844823636661,0.0
58.7,-8.834667191154825,2.0810255716456596,3.1236518882852917,3.1236518882852913,-0.0837135337819054,3.8458464403656203,-3.9999999999999836,-0.321949395905568,-0.027618441755218902,0.013090149281055173,17.496062728221016,0.0,0.0,0.8498951282312281,0.8498951282312281,-8.704183794742812,2.3321676147261057,3.121409718526179,3.8458464403656203,3.121409718526179,-0.0022421697591124,0.2830163291081188,0.0
58.75,-8.884654722713737,2.082141705438347,3.115254237254031,3.115254237254031,-0.08068517504058245,3.7934858432414,-4.000000000000007,-0.30607806927590386,-0.0266198182489322,0.01327337628682943,17.50915287750207,0.0,0.0,0.8501753184676393,0.8501753184676393,-8.75417135351133,2.333281310473748,3.117224041837084,3.7934858432414,3.1172240418370833,0.0019698045830525146,0.2830141531014818,0.0
58.800000000000004,-8.934632697379696,2.083626059064563,3.10886209036301,3.1088620903630098,-0.07257930041443246,3.740392338094082,-3.999999999999999,-0.2714750591743718,-0.02394659078189591,0.013464519770393094,17.5224262537889,0.0,0.0,0.8494451887268332,0.8494451887268332,-8.804153915441104,2.3346004435581906,3.113189783085055,3.740392338094082,3.113189783085055,0.004327692722045029,0.28286543480625875,0.0
58.85,-8.984601764773558,2.085384703220925,3.104244229366642,3.1042442293666426,-0.07345177190849167,3.6865342590125096,-3.9999999999999885,-0.2707824735258272,-0.024234339313307842,0.013664166766853265,17.535890773559295,0.0,0.0,0.8520433478200296,0.8520433478200296,-8.854131062542272,2.3361110804646352,3.1095608180643333,3.6865342590125096,3.109560818064333,0.00531658869769025,0.28264168196937983,0.0
58.900000000000006,-9.034563733262829,2.0873345754006785,3.1011737754923256,3.1011737754923256,-0.07034291035401656,3.6318775919450967,-3.999999999999993,-0.25547683986695546,-0.02320899228752742,0.0138729671246153,17.54955494032615,0.0,0.0,0.8623225633913045,0.8623225633913045,-8.904102360942563,2.3378041622858827,3.1058882294689085,3.6318775919450967,3.105888229468908,0.004714453976582433,0.28240960256714337,0.0
58.95,-9.084521023826115,2.089400798370581,3.099581970430726,3.0995819704307266,-0.056329040524286035,3.5763857234466356,-4.000000000000025,-0.20145437634650357,-0.01858644281205312,0.01409164242039298,17.563427907450766,0.0,0.0,0.8714086121839754,0.8714086121839754,-8.9540672523877,2.339676873041906,3.1023710839512075,3.5763857234466356,3.1023710839512075,0.002789113520480946,0.28223447704947885,0.0
59.0,-9.13447638329,2.0915131567292056,3.0992842871030373,3.0992842871030373,-0.03599214749762942,3.5200191537650634,-3.999999999999993,-0.12669304857679284,-0.011876850194910143,0.014320996471266527,17.57751954987116,0.0,0.0,0.8804817036082029,0.8804817036082029,-9.00402597204402,2.341707803275501,3.099554631924993,3.5200191537650634,3.0995546319249936,0.00027034482195631426,0.28216071830549144,0.0
59.050000000000004,-9.184432414974951,2.0936095620569515,3.1002328410021613,3.1002328410021613,-0.018855167915233756,3.4627351678799974,-4.000000000000003,-0.0652904530363625,-0.006222125114588948,0.014561927793336862,17.591840546342425,0.0,0.0,0.8898611217323955,0.8898611217323955,-9.053979880962542,2.3438540346258407,3.0977550245501115,3.4627351678799974,3.0977550245501115,-0.002477816452049808,0.282205881727402,0.0
59.1,-9.23439167289507,2.0956276552643627,3.102402441569325,3.1024024415693248,0.0015064196688163453,3.40448745670665,-3.9999999999999996,0.005128586867021433,0.0004971184497589671,0.014815444447890404,17.606402474135763,0.0,0.0,0.899177326574591,0.899177326574591,-9.103930804936983,2.3460687600989103,3.09681226615435,3.40448745670665,3.09681226615435,-0.005590175414974752,0.2823841090768499,0.0
59.150000000000006,-9.284356276183297,2.09750882096173,3.1056962880526005,3.1056962880526005,0.02373085177928863,3.3452256789150883,-4.00000000000001,0.07938505475460414,0.007831021004404604,0.015082681835402918,17.621217918583653,0.0,0.0,0.8908254149430141,0.8908254149430141,-9.15388076548353,2.3483051500954053,3.096887587137791,3.3452256789150883,3.0968875871377914,-0.008808700914809009,0.2827059560732527,0.0
59.2,-9.334327741746591,2.0991980316606287,3.11010580004951,3.11010580004951,0.048661009464405956,3.2848949515734764,-4.0,0.1598463043280963,0.016056753067217704,0.015364924155157889,17.636300600419055,0.0,0.0,0.8811733756635584,0.8811733756635584,-9.203832124178934,2.3505100245022006,3.0980741297267556,3.2848949515734764,3.098074129726756,-0.012031670322754096,0.2831727810902145,0.0
59.25,-9.384307024474909,2.1006375992267494,3.1156702865734434,3.115670286573444,0.0765031515461316,3.223435254952845,-4.000000000000005,0.24660295580880084,0.025240678433738298,0.01566363045780359,17.651665524574213,0.0,0.0,0.8722207629262173,0.8722207629262173,-9.253787382049673,2.3526244931541886,3.1005071801999757,3.223435254952845,3.100507180199976,-0.015163106373467627,0.2837829659616835,0.0
59.300000000000004,-9.434294172808762,2.101771857780963,3.1223272532580038,3.1223272532580033,0.10718244539463292,3.1607807331216304,-4.000000000000001,0.338780208332217,0.03535546805814634,0.015980466499877163,17.667329155032018,0.0,0.0,0.8632207142068618,0.8632207142068618,-9.303748993600829,2.354582635800068,3.1043323377772825,3.1607807331216304,3.104332337777283,-0.017994915480720408,0.28452650719582634,0.0
59.35,-9.484288215352038,2.1025450081318784,3.130129582947522,3.1301295829475215,0.1430233572079216,3.0968588671221218,-4.000000000000011,0.4429231519749266,0.04716270840301202,0.01631734399213176,17.683309621531894,0.0,0.0,0.852977224145712,0.852977224145712,-9.353719041060891,2.3563113268796503,3.109691460047014,3.0968588671221218,3.1096914600470136,-0.02043812290050795,0.28538684939195696,0.0
59.400000000000006,-9.534286991244127,2.102897923982611,3.1391385068197275,3.1391385068197275,0.1814738276061357,3.0315894911535946,-3.999999999999996,0.5501541486901801,0.05981492508781201,0.016676469359766983,17.699626965524025,0.0,0.0,0.8492859503452656,0.8492859503452656,-9.403698877388809,2.357727414958995,3.11684262790741,3.0315894911535946,3.1168426279074097,-0.022295878912317768,0.2863412735732876,0.0
59.45,-9.5842868566244,2.102770518215933,3.1493501823424648,-3.1338351248371215,0.23107770171507416,2.9648836137145267,-4.000000000000004,0.6851184913098366,0.07610834823370147,0.01706040486525593,17.71630343488379,0.0,0.0,0.8502038601884816,0.8502038601884816,-9.453688491909874,2.35873800166861,3.125916319287717,2.9648836137145267,3.1259163192877164,-0.02343386305474837,0.28735915759064456,0.0
59.5,-9.6342823943958,2.1021006949714587,3.160848295028928,-3.122337012150658,0.2767000837462276,2.896641994253503,-4.00000000000001,0.8015010823927841,0.0910585148971105,0.017472145978194867,17.733363839749046,0.0,0.0,0.8499419787094934,0.8499419787094934,-9.503685763848843,2.3592329604126117,3.1374702043734706,2.896641994253503,3.1374702043734706,-0.023378090655457484,0.2883963970668116,0.0
59.550000000000004,-9.684266091387288,2.100822678424801,3.173695405119061,-3.109489902060526,0.3207042948902277,2.8267534103407232,-3.999999999999996,0.9065519592918682,0.10543992626474014,0.01791522035689998,17.750835985727242,0.0,0.0,0.8500220700268412,0.8500220700268412,-9.55368516971932,2.3590932090542145,3.151305208560782,2.8267534103407232,-3.1318800986188045,-0.022390196558278674,0.2894046373077925,0.0
59.6,-9.734227826465778,2.098866816515365,3.187988165960423,-3.0951971412191632,0.3578678563584902,2.7550925289131234,-4.000000000000008,0.9859590573914312,0.11755192095542259,0.01839381596057495,17.768751206084143,0.0,0.0,0.8499715708868415,0.8499715708868415,-9.603676775273673,2.358206756863639,3.1673404233052933,2.7550925289131234,-3.115844883874293,-0.020647742655129697,0.29034596884959474,0.0
59.650000000000006,-9.784154597682152,2.09616038871556,3.203778663428519,-3.079406643751067,0.4016948211834135,2.6815172650708234,-4.0000000000000036,1.0771515982928603,0.13179093336383316,0.018912949001093398,17.78714502204472,0.0,0.0,0.8500880105493976,0.8500880105493976,-9.653646018897312,2.3564724046673335,3.1852338161232177,2.6815172650708234,-3.097951491056369,-0.018544847305301815,0.29119552672614163,0.0
59.7,-9.834028998318578,2.0926210551052145,3.22136825537017,-3.0618170518094168,0.44862392298940007,2.60586546906645,-4.000000000000009,1.1690535895152039,0.14697829639352838,0.019478687260461716,17.806057971045814,0.0,0.0,0.8496814093050261,0.8496814093050261,-9.703573148789417,2.3537895621560994,3.2053185571823883,2.60586546906645,-3.077866749997198,-0.016049698187781125,0.29193786625164486,0.0
59.75,-9.883831252262103,2.0881729153115467,3.240376419044931,-3.0428088881346547,0.4991094073720021,2.5279507200246027,-3.9999999999999964,1.2617239857371054,0.1632404989991803,0.020098451730675388,17.825536658306277,0.0,0.0,0.8512022070133339,0.8512022070133339,-9.753431763233818,2.350046071934684,3.2277497533318584,2.5279507200246027,-3.055435553847728,-0.012626665713073137,0.2925432906402127,0.0
59.800000000000004,-9.933527848839379,2.082687403937156,3.2625640119442734,-3.020621295235313,0.5515747721148888,2.4475569131019013,-3.9999999999999973,1.350010646582402,0.18004853807778842,0.02078143127093847,17.84563511003695,0.0,0.0,0.8453376291581475,0.8453376291581475,-9.803187448119496,2.3451224506906123,3.2527052237004583,2.4475569131019013,-3.0304800834791283,-0.009858788243815475,0.2930200911615248,0.0
59.85,-9.983110697541186,2.076212255208862,3.283058681138398,-3.0001266260411885,0.6219810050778032,2.3644311880181474,-4.0000000000000036,1.4706312867608315,0.20244208336899464,0.02153916402027854,17.866416541307892,0.0,0.0,0.8738546776799777,0.8738546776799777,-9.85279636985437,2.3388937761564628,3.2802839623062026,2.3644311880181474,-3.0029013448733837,-0.0027747188321951555,0.2932292711306485,0.0
59.900000000000006,-10.03241010058729,2.067913911066416,3.334036883492517,-2.9491484236870686,0.6743043069647877,2.278274531937033,-3.9857116022801793,1.5362503293333274,0.21895309410134675,0.022384735583911117,17.88795570532817,0.0,0.0,0.9047074550236336,0.9047074550236336,-9.902200800511162,2.331212586116141,3.3113830125600927,2.278274531937033,-2.9718022946194935,-0.02265387093242488,0.29373568749686474,0.0
59.95,-10.081347018983635,2.057638861973557,3.3621523842460412,-2.921032922933545,0.7303895087260346,2.1890554316062647,-3.255124005933845,1.5988631212649573,0.23651727416425178,0.023242552330614206,17.910340440912083,0.0,0.0,0.8985837977881136,0.8985837977881136,-9.951330061476199,2.321934719011396,3.345098227908332,2.1890554316062647,-2.938087079271254,-0.017054156337708903,0.2945449189628916,0.0
60.0,-10.129932488029311,2.0458409161225033,3.396472520834777,-2.886712786344809,0.7836198760445003,2.1133980415557088,-2.8263042537951195,1.6561007113565742,0.25305115961451446,0.024045183327910898,17.933582993242698,0.0,0.0,0.9015422457452917,0.9015422457452917,-10.000102884484791,2.310937727743385,3.3816177033446335,2.1133980415557088,-2.9015676038349527,-0.014854817490143724,0.2951813772718133,0.0
60.050000000000004,-10.178133884330581,2.0325482361791547,3.4270669094610384,-2.8561183977185483,0.836555894695755,2.0454390376327507,-2.403884936650375,1.7111240841724897,0.2693546184327251,0.024806221405870466,17.95762817657061,0.0,0.0,0.8961905206621624,0.8961905206621624,-10.048424229727221,2.298103098568785,3.4207986971468585,2.0454390376327507,-2.8623866100327273,-0.006268212314179067,0.2955401486026871,0.0
60.1,-10.225812484931103,2.0174936281757723,3.4679093177514946,-2.815275989428091,0.887551675244449,1.9858077356599646,-2.0251459728136805,1.7625069824983874,0.2849230527615769,0.02551051017934306,17.98243439797648,0.0,0.0,0.9488562121435139,0.9488562121435139,-10.096185798844049,2.2833224365493416,3.4626264918816463,1.9858077356599646,-2.8205588152979395,-0.0052828258698482955,0.29574995030806595,0.0
60.150000000000006,-10.272824106136573,2.000469724997592,3.5109045151785474,-2.7722807920010393,0.9355992885134007,1.9341452287058456,-1.7290239631165447,1.8095848998587778,0.29946282003644653,0.02615702781349777,18.007944908155824,0.0,0.0,0.9480233171154231,0.9480233171154231,-10.143265687962115,2.2664976418215446,3.5070040756438687,1.9341452287058456,-2.776181231535718,-0.003900439534678668,0.29589903049783645,0.0
60.2,-10.319020472299991,1.9813444824474755,3.5579192897205094,-2.7252660174590773,0.9809374785778724,1.888919100812402,-1.2932864078485522,1.8529115399884997,0.3130641240139393,0.026714476804398958,18.03410193596932,0.0,0.0,0.9634455782268995,0.9634455782268995,-10.189529672962088,2.2475453923427975,3.5537840400695386,1.888919100812402,-2.729401267110047,-0.004135249650969897,0.2960249846588399,0.0
60.25,-10.36422691539151,1.9599854891580746,3.608662154779323,-2.6745231524002637,1.017830432432374,1.8543696310684874,-1.5805290276951238,1.8874338434799003,0.32404443349692286,0.027280502443079016,18.060816412773722,0.0,0.0,1.0047753707814344,1.0047753707814344,-10.23483243459063,2.2263992666794814,3.6028309139984325,1.8543696310684874,-2.6803543931811538,-0.005831240780890035,0.29617432791340187,0.0
60.300000000000004,-10.408247836228169,1.9362794912404242,3.6631782422720045,-2.6200070649075817,1.0668670097867314,1.8112520050670933,-0.809781820259694,1.9323650106161516,0.338514267690847,0.027777699583531792,18.088096915216802,0.0,0.0,0.9980839777226649,0.9980839777226649,-10.279022094232122,2.203016914529643,3.6537224356200513,1.8112520050670933,-2.629462871559535,-0.009455806651953225,0.29639187805572664,0.0
60.35,-10.450863885547985,1.9101337542889432,3.7206634855640557,-2.5625218216155305,1.0938677125287624,1.788758128935714,-0.55393019871015,1.9566647627661384,0.3464196397073673,0.028074391486268654,18.115874614800333,0.0,0.0,1.0186334801779975,1.0186334801779975,-10.321933219845086,2.177364574859526,3.707065786109388,1.788758128935714,-2.576119521070199,-0.013597699454668266,0.29670764739288386,0.0
60.400000000000006,-10.49183535565807,1.8814825847056589,3.784880543465963,-2.498304763713623,1.1131385697003573,1.7732068756810586,-0.40376875117048816,1.9738249653784528,0.35203443645597277,0.028288609601929512,18.1439490062866,0.0,0.0,1.0523118935748876,1.0523118935748876,-10.363396478129161,2.149432960568175,3.761759171735826,1.7732068756810586,-2.52142613544376,-0.023121371730137064,0.29714297768204057,0.0
60.45,-10.531121628315683,1.8505506424315017,3.829820384139409,-2.4533649230401773,1.1276188246625378,1.761784819109738,-0.2142397282965171,1.9866217270328246,0.3562382672598145,0.02842945253501869,18.17223761588853,0.0,0.0,1.0491626695033645,1.0491626695033645,-10.4032561132694,2.1192574040664605,3.8174161002208438,1.761784819109738,-2.4657692069587425,-0.012404283918565184,0.29757841602911617,0.0
60.5,-10.568671911196866,1.8175460854217067,3.8973128841827207,-2.385872422996865,1.135456091372459,1.755694100923017,-0.0675040740789748,1.9935135614797324,0.35850807797985296,0.028494373959053205,18.20066706842355,0.0,0.0,1.050640490854121,1.050640490854121,-10.441363575318203,2.086897565226817,3.8737970414539706,1.755694100923017,-2.4093882657256156,-0.023515842728750513,0.29792219128053743,0.0
60.550000000000004,-10.603915433359465,1.7820832740232686,3.9633374710609677,-2.319847836118619,1.1379481298936196,1.753770614592451,0.20413614851630965,1.9956999911378634,0.3592290093010776,0.028462850717509074,18.2291614423826,0.0,0.0,1.0505249042654479,1.0505249042654479,-10.477580154966203,2.0524347162629164,3.9305698460225935,1.753770614592451,-2.3526154611569927,-0.032767625038373716,0.29841331218255074,0.0
60.6,-10.636706141550416,1.744341941823128,4.030651813817177,-2.2525334933624093,1.1304453207470635,1.759580911313718,0.09068835056339047,1.9891100076704462,0.3570573139176216,0.028395079505925187,18.25762429310011,0.0,0.0,1.0487069903249324,1.0487069903249324,-10.511780591019386,2.0159702702600293,3.9874672525172743,1.759580911313718,-2.295718054662312,-0.04318456129990267,0.29897883200137426,0.0
60.650000000000006,-10.66690102807085,1.7044934079625396,4.097048913683053,-2.1861363934965334,1.1271438127726063,1.7621560142382267,0.39494100597671894,1.986203248588654,0.35610057184929644,0.028284680033132052,18.286019372606038,0.0,0.0,1.054539628152052,1.054539628152052,-10.543859319699836,1.97762591372461,4.0439895185546275,1.7621560142382267,-2.2391957886249587,-0.05305939512842528,0.29956740093462286,0.0
60.7,-10.694419017812962,1.6627510582770226,4.1616578392476775,-2.1215274679319087,1.112988026165256,1.7733267942242414,0.9108699450661295,1.9736914884495997,0.35199066289901465,0.027994323385268624,18.31430405263917,0.0,0.0,1.043061253567703,1.043061253567703,-10.573723996443004,1.9375330282008636,4.100346709193258,1.7733267942242414,-2.1828385979863283,-0.06131113005441957,0.3001206743606998,0.0
60.75,-10.71923455460565,1.619347438955848,4.224020962872231,-2.059164344307355,1.081657437069423,1.7988259820283445,1.0122205179196895,1.9457135014546671,0.3428501876936905,0.027581863100761005,18.342298376024438,0.0,0.0,1.0512347234585453,1.0512347234585453,-10.601297783010155,1.895831215693287,4.155996110501521,1.7988259820283445,-2.1271891966780654,-0.06802485237071032,0.30058669447160513,0.0
60.800000000000004,-10.741395659129399,1.5745280193286701,4.281818467859701,-2.0013668393198856,1.0488472229005033,1.8267449097813868,1.399915418077477,1.9159763255718378,0.33321370433405506,0.027089894758781166,18.369880239125198,0.0,0.0,1.0358754480491885,1.0358754480491885,-10.626543388619917,1.8526797375091193,4.210078982354992,1.8267449097813868,-2.073106324824594,-0.07173948550470843,0.30093092624042367,0.0
60.85,-10.760872747326777,1.5284841287107096,4.338098590298168,-1.945086716881418,1.0066182251486486,1.8646684711283008,1.2395867297810306,1.8770092668978142,0.3207158108598289,0.026579594362899125,18.39697013388398,0.0,0.0,1.0295828238357867,1.0295828238357867,-10.64945608571096,1.8082451185886381,4.262521343500017,1.8646684711283008,-2.020663963679569,-0.07557724679815081,0.30113100794021824,0.0
60.900000000000006,-10.778622061885933,1.4817373807348317,4.36609329883909,-1.9170920083404965,0.9719664923847882,1.8976161835835132,1.395728449186372,1.8444193458502756,0.3103821713088157,0.026098358630567683,18.42354972824688,0.0,0.0,1.031638533169033,1.031638533169033,-10.670056383373238,1.762691853048991,4.31285225475745,1.8976161835835132,-1.970333052422136,-0.053241044081639544,0.3012008002383951,0.0
60.95,-10.794231358047972,1.434239822661207,4.421033940345676,-1.8621513668339098,0.935698773565798,1.9340424052012652,2.1620717411972703,1.80968110657107,0.2994927926546209,0.02548943027849153,18.449648086877446,0.0,0.0,1.0287202583237534,1.0287202583237534,-10.688379259013857,1.7161754022908149,4.361450579376689,1.9340424052012652,-1.921734727802897,-0.05958336096898709,0.30115168591759706,0.0
61.0,-10.807505718031646,1.3860353754160715,4.46642837830114,-1.816756928878446,0.8845694493862093,1.9891523821056099,1.797159124947641,1.759543427384426,0.284016432290289,0.02485721313552894,18.475137517155936,0.0,0.0,1.0116913224780357,1.0116913224780357,-10.704463812318807,1.6688379848470856,4.408235518054979,1.9891523821056099,-1.8749497891246074,-0.05819286024616144,0.3009899503869263,0.0
61.050000000000004,-10.818622080305497,1.3372874339211507,4.5091618052968085,-1.7740235018827777,0.8461375886141895,2.033824749512894,2.499999999999992,1.7208955692166983,0.27229027630504704,0.024223582955128973,18.499994730291466,0.0,0.0,0.951443804594392,0.951443804594392,-10.718378422417404,1.6208174051348223,4.452463990524289,2.033824749512894,-1.8307213166552971,-0.05669781477251945,0.30072917304978997,0.0
61.1,-10.827742729127372,1.2881271470528326,4.548175614184615,-1.7350096929949714,0.7865621034882897,2.0943837069007163,2.4999999999999996,1.647362854011429,0.25396102238956914,0.023542574282232213,18.524218313246596,0.0,0.0,0.9506135202194416,0.9506135202194416,-10.730203001084758,1.5722395665981037,4.494770869954999,2.0943837069007163,-1.7884144372245876,-0.05340474422961616,0.30038952293063625,0.0
61.150000000000006,-10.83502440248077,1.2386604731251827,4.583792975812581,-1.6993923313670054,0.7292953706922518,2.153240142606297,2.5000000000000018,1.5703480679914963,0.2361760048830883,0.02291596384217252,18.547760887528828,0.0,0.0,0.9498521648683619,0.9498521648683619,-10.740035555405587,1.5232191769087768,4.534098975129413,2.153240142606297,-1.7490863320501733,-0.04969400068316787,0.2999942282239304,0.0
61.2,-10.840608871943408,1.188974140958388,4.616385335846622,-1.6667999713329644,0.6682093217564837,2.210530052211728,2.5,1.4770967869107234,0.21703582745099761,0.0223368734817349,18.570676851371,0.0,0.0,0.9500002102374118,0.9500002102374118,-10.748003868632592,1.4738610070137137,4.570563743664025,2.210530052211728,-1.7126215635155608,-0.045821592182596405,0.29956003252941005,0.0
61.25,-10.844679325939136,1.1391391308648038,4.6460907586875715,-1.6370945484920147,0.6228983995937799,2.2663722359160654,2.4999999999999996,1.4117196386358937,0.2027325676603552,0.02179958431870084,18.593013724852735,0.0,0.0,0.9501351951223918,0.9501351951223918,-10.754243268534207,1.424254179766911,4.60397420975185,2.2663722359160654,-1.6792110974277366,-0.04211654893572181,0.2991141447497906,0.0
61.300000000000004,-10.847223010029678,1.08920567236934,4.671575777668806,-1.6116095295107806,0.5683754821216559,2.3208711967128175,2.500000000000001,1.319126285373912,0.18540968788334491,0.021299297006992284,18.614813309171435,0.0,0.0,0.9491975439446627,0.9491975439446627,-10.758878530754407,1.3744715297851846,4.635119129731539,2.3208711967128175,-1.6480661774480474,-0.03645664793726677,0.29863247717824637,0.0
61.35,-10.849244262883346,1.0392450685030064,4.676586207158604,-1.6065991000209818,0.5116673293403935,2.3741194392302982,2.499999999999997,1.2147593530060794,0.16727245930783827,0.02083194994721096,18.636112606178425,0.0,0.0,0.9499775564443416,0.9499775564443416,-10.76202935866552,1.3245725918012208,4.6635379038376215,2.3741194392302982,-1.6196474033419648,-0.013048303320982946,0.29835923828367966,0.0
61.400000000000006,-10.850281489568827,0.9892574856141776,4.705919717480008,-1.5772655896995786,0.45889322711886926,2.4261993140983256,2.5000000000000027,1.1133664328801678,0.15029284451303562,0.020394079583610194,18.656944556125637,0.0,0.0,0.9421080501018433,0.9421080501018433,-10.763831888528514,1.2746064580925236,4.689121270304641,2.4261993140983256,-1.5940640368749452,-0.016798447175366604,0.2981569546639439,0.0
61.45,-10.850077510212966,0.9392571286667388,4.726675829769947,-1.556509477409639,0.41612126056348653,2.477184513057351,2.5000000000000075,1.0308091422217716,0.13646651387023273,0.019982711735321897,18.677338635709248,0.0,0.0,0.9328847365220402,0.9328847365220402,-10.764421630928492,1.2246110331437652,4.712065931660584,2.477184513057351,-1.571119375519002,-0.014609898109362973,0.29793250990162223,0.0
61.5,-10.848856267954202,0.8892722064479035,4.74669803538335,-1.5364872717962363,0.3506978099800702,2.527141292395656,2.5000000000000107,0.8862629167533609,0.11521771234316629,0.019595276129114318,18.697321347444568,0.0,0.0,0.9154908360536297,0.9154908360536297,-10.76391764944645,1.1746144751680614,4.732871994688758,2.527141292395656,-1.550313312490828,-0.01382604069459159,0.2977159371487733,0.0
61.550000000000004,-10.846685647590515,0.8393194451954056,4.764339383019814,-1.5188459241597725,0.31837594843740596,2.576129482718442,2.499999999999993,0.820177667358048,0.10468002160278088,0.01922953849711414,18.71691662357368,0.0,0.0,0.901682707975938,0.901682707975938,-10.762455353766827,1.1246365037254693,4.750406885187762,2.576129482718442,-1.5327784219918241,-0.013932497832051638,0.2974904473859165,0.0
61.6,-10.843703826532984,0.7894077982531121,4.780457748341105,-1.5027275588384814,0.28188548935143404,2.624203328961227,2.4999999999999964,0.7397248395418977,0.09275528481944592,0.018883546126259025,18.736146162070796,0.0,0.0,0.8995954129239895,0.8995954129239895,-10.760157322718095,1.074689869644799,4.766325682609632,2.624203328961227,-1.5168596245699542,-0.014132065731472743,0.29726398799252957,0.0
61.650000000000006,-10.839842928292441,0.7395578041958253,4.795691336798777,-1.4874939703808092,0.23394031307001,2.6714121942768747,2.4999999999999907,0.6249510050681745,0.07704748106694513,0.018555583819153367,18.755029708197053,0.0,0.0,0.9000995668782654,0.9000995668782654,-10.757110045632281,1.024783229662763,4.7804199570772035,2.6714121942768747,-1.5027653501023828,-0.015271379721573553,0.29698194087529206,0.0
61.7,-10.835836403483743,0.6897182310692446,4.79003842067525,-1.493146886504336,0.19377099305833195,2.717801153824758,2.500000000000012,0.5266310285117037,0.06385748699755665,0.018244137992349342,18.773585292016207,0.0,0.0,0.9000561004169906,0.9000561004169906,-10.753419451930183,0.9749199063481924,4.792116972730704,2.717801153824758,-1.4910683344488822,0.0020785520554538195,0.2968712675307265,0.0
61.75,-10.831630948475297,0.6398962336294833,4.805417488920757,-1.4777678182588296,0.16895115279697065,2.7634114988056315,2.4999999999999964,0.4668815583756159,0.05569621770852133,0.01794786719259245,18.79182943000856,0.0,0.0,0.8996933352485004,0.8996933352485004,-10.749195894129196,0.925098806376474,4.801805522383621,2.7634114988056315,-1.4813797847959655,-0.0036119665371359133,0.2968771558853041,0.0
61.800000000000004,-10.826660787965348,0.5901431826900435,4.8173674510192805,-1.4658178561603057,0.1438557994385,2.8082811667871126,2.5000000000000058,0.4039875322962436,0.04743680020511414,0.01766557771764528,18.80977729720115,0.0,0.0,0.9010074052740181,0.9010074052740181,-10.744520731376493,0.8753180070117306,4.810253080023469,2.8082811667871126,-1.4729322271561172,-0.00711437099581147,0.29676871351833134,0.0
61.85,-10.821160581557363,0.540446807145051,4.827927855203505,-1.455257451976081,0.11495129109897767,2.852445111081226,2.4999999999999982,0.3278922483077537,0.03791574633456817,0.017396203328996242,18.827442874918795,0.0,0.0,0.8970507756145835,0.8970507756145835,-10.739456416900662,0.8255752493491691,4.817445869995394,2.852445111081226,-1.465739437184192,-0.010481985208111055,0.29660377454779036,0.0
61.900000000000006,-10.81514974310469,0.4908093576958514,4.837596348654593,-1.4455889585249935,0.07502570310012516,2.8959356194037165,2.4999999999999982,0.2172696059784603,0.024753425044639326,0.017138788268735373,18.84483907824779,0.0,0.0,0.9079482199508081,0.9079482199508081,-10.73407036201676,0.7758662609243784,4.823193434550343,2.8959356194037165,-1.4599918726292431,-0.014402914104249653,0.29636346622996496,0.0
61.95,-10.808718722808987,0.44122459537249453,4.8446649907993375,-1.4385203163802487,0.05148173820990223,2.938782590075555,2.4999999999999942,0.15129363595808812,0.016987339410154872,0.016892472962834443,18.861977866516526,0.0,0.0,0.953013356742461,0.953013356742461,-10.728448275219273,0.7261833744523825,4.82694471970535,2.938782590075555,-1.4562405874742366,-0.017720271093987883,0.29604872999381926,0.0
62.0,-10.80190477830101,0.3916910652602143,4.854629737558003,-1.428555569621583,0.04003101618542179,2.981013772482641,2.499999999999985,0.11933301057521788,0.013209466980850605,0.016656481922624446,18.87887033947936,0.0,0.0,0.9487868239874736,0.9487868239874736,-10.72266908363706,0.6765185019146875,4.8295188066158445,2.981013772482641,-1.4536665005637417,-0.02511093094215866,0.29564330531915767,0.0
62.050000000000004,-10.794779430158094,0.3422012979042423,4.850835213416841,-1.4323500937627456,0.027533618598253776,3.0226549772892017,2.5,0.0832246292987943,0.00908584410926094,0.016430113455860963,18.895526821401983,0.0,0.0,0.9398325645920391,0.9398325645920391,-10.716776282403085,0.6268669756647255,4.8315203574251155,3.0226549772892017,-1.4516649497544707,-0.01931485599172511,0.29515934536200106,0.0
62.1,-10.78818496227614,0.292638222740744,4.843743149394286,-1.4394421577853,0.017594167569042803,3.063730260928854,2.499999999999983,0.05390378359712949,0.005806010057183198,0.016212730875945634,18.911956934857844,0.0,0.0,0.9308662364582343,0.9308662364582343,-10.710799621908738,0.5772254694982772,4.8328970383550285,3.063730260928854,-1.4502882688245577,-0.0108461110392577,0.29492099267568583,0.0
62.150000000000006,-10.781389890422913,0.24310212262582612,4.851951776831674,-1.431233530347912,0.008141786511115651,3.104262088118718,2.499999999999991,0.025274239196012682,0.002686783083529933,0.016003754958125307,18.92816966573379,0.0,0.0,0.9212562710923303,0.9212562710923303,-10.704766959666118,0.5275907354400283,4.833776746733481,3.104262088118718,-1.4494085604461056,-0.018175030098193545,0.2946266185169114,0.0
62.2,-10.77439145839833,0.1935943840726367,4.854879932631669,-1.428305374547917,0.00017273382250116917,3.144271475514031,2.4999999999999907,0.00054312203094693,5.700216136364781e-05,0.01580265743886328,18.944173420691914,0.0,0.0,0.9139675743780306,0.9139675743780306,-10.69870236358975,0.4779598918052106,4.834183836059037,3.144271475514031,-1.4490014711205497,-0.020696096572632605,0.29426617383067816,0.0
62.25,-10.767170510030487,0.1441177818172905,4.855217317949961,-1.427967989229625,-0.007195353631015784,3.183778119111189,2.500000000000005,-0.022908409449695296,-0.002374462235762993,0.01560895539207167,18.95997607813078,0.0,0.0,0.8969919455679785,0.8969919455679785,-10.692627451186077,0.42833030950521367,4.8341924727501615,3.183778119111189,-1.4489928344294247,-0.021024845199799636,0.29382550691973586,0.0
62.300000000000004,-10.760569950488687,0.09455688238776612,4.837076813302955,-1.4461084938766309,-0.009512984848885502,3.2228005075913684,2.500000000000015,-0.030658452399697195,-0.0031392746875265358,0.015422206345757502,18.97558503352285,0.0,0.0,0.931935251236011,0.931935251236011,-10.686561252150875,0.37869966169260544,4.833832705068611,3.2228005075913684,-1.4493526021109755,-0.0032441082343446226,0.2936228983930508,0.0
62.35,-10.754274616881041,0.0449541443279686,4.840659854325007,-1.4425254528545794,-0.028879494280333713,3.2613560234557624,2.4999999999999947,-0.09418631262552259,-0.009529944599334874,0.015242004026562872,18.99100723986861,0.0,0.0,0.9539222348343149,0.9539222348343149,-10.68051578481024,0.32906648450740156,4.833357055826166,3.2613560234557624,-1.44982825135342,-0.007302798498840524,0.2935305557359958,0.0
62.400000000000006,-10.747934944189677,-0.004641997127533066,4.837712769978662,-1.4454725372009243,-0.03627593315859118,3.2994610335221695,2.500000000000008,-0.11969102791142638,-0.011970486149111875,0.015067974638960232,19.006249243895173,0.0,0.0,0.9488005117848155,0.9488005117848155,-10.674517959229476,0.27942753151783906,4.83191308111215,3.2994610335221695,-1.4512722260674362,-0.005799688866511943,0.2934033925936273,0.0
62.45,-10.741804838300377,-0.05426535656362167,4.8311486726006905,-1.4520366345788958,-0.03697791693693836,3.33713097011957,2.5000000000000173,-0.123400151820766,-0.01220210695679997,0.01489977360148352,19.021317218534133,0.0,0.0,0.9506362855361475,0.9506362855361475,-10.6686009980469,0.22977887710551123,4.830099284454221,3.33713097011957,-1.4530860227253655,-0.0010493881464697097,0.29332563629615044,0.0
62.5,-10.736242079018329,-0.10395427707050918,4.820869175732311,-1.4623161314472748,-0.042628678320081645,3.374380404123279,2.5000000000000018,-0.14384537677695838,-0.014066536002391014,0.014737082675094715,19.036216992135618,0.0,0.0,0.9440700535693819,0.9440700535693819,-10.662774970644136,0.18011947021708322,4.8282503886073735,3.374380404123279,-1.4549349185722127,0.007381212875062104,0.29342002302310627,0.0
62.550000000000004,-10.730391993772026,-0.15361263755509416,4.83272065136109,-1.4504646558184966,-0.034017214839778764,3.411223110811016,2.4999999999999973,-0.11604030942687678,-0.01122520939463936,0.014579607429192459,19.05095407481071,0.0,0.0,0.9336002960618377,0.9336002960618377,-10.657047785389855,0.13044856925308937,4.82611895469137,3.411223110811016,-1.4570663524882166,-0.006601696669719992,0.2933771329134718,0.0
62.6,-10.725349881849342,-0.20335164688217883,4.796564891323191,-1.486620415856395,-0.0319834493390907,3.447672129383997,2.5000000000000058,-0.11026844688794801,-0.01055414638896221,0.014427074999324817,19.065533682239902,0.0,0.0,0.9239253314793227,0.9239253314793227,-10.651415786968341,0.08076678193550241,4.82441809394938,3.447672129383997,-1.4587672132302059,0.027853202626189066,0.29358053746749047,0.0
62.650000000000006,-10.720893097165863,-0.25315433919447783,4.809723951294339,-1.473461355885247,-0.02347722456555829,3.4837398168823093,2.5000000000000018,-0.08178854200892288,-0.007747329101820019,0.014279232097732287,19.079960757239228,0.0,0.0,0.9143346647105142,0.9143346647105142,-10.645865771872751,0.031075768667079583,4.822818921482426,3.4837398168823093,-1.46036638569716,0.013094970188086918,0.2939657356829721,0.0
62.7,-10.715916563677085,-0.3029060917206056,4.814278000568117,-1.4689073066114693,-0.0352774617313507,3.51943789712664,2.50000000000001,-0.12415683573175042,-0.011641036502744898,0.014135843243704945,19.09423998933696,0.0,0.0,0.9035094156318487,0.9035094156318487,-10.640384659247557,-0.018622894466947967,4.8216450602541485,3.51943789712664,-1.4615402469254377,0.007367059686031574,0.29414623034727716,0.0
62.75,-10.71056954294538,-0.35261952345988096,4.821956044800034,-1.4612292623795522,-0.04815296918029005,3.5547775052359025,2.500000000000014,-0.17117309165241276,-0.01588914254444797,0.013996689185614662,19.108375832580663,0.0,0.0,0.8992707663946975,0.8992707663946975,-10.634976553633681,-0.06832955142028124,4.819881187167581,3.5547775052359025,-1.4633041200120056,-0.0020748576324534085,0.294168469138613,0.0
62.800000000000004,-10.705498367305095,-0.4023606557932686,4.807090830515608,-1.4760944766639783,-0.034618422804070535,3.5897692281999394,2.4999999999999893,-0.12427214891086746,-0.011423582580266602,0.013861565490559493,19.122372521766277,0.0,0.0,0.900227930749499,0.900227930749499,-10.629672136497103,-0.11804737469475537,4.817473538708566,3.5897692281999394,-1.46571176847102,0.01038270819295839,0.29425101374090307,0.0
62.85,-10.700563809800597,-0.4521166253078315,4.81731368796074,-1.465871619218846,-0.03599349901958908,3.624423141926338,2.5000000000000018,-0.1304556708055016,-0.011877296134244543,0.013730281280977143,19.136234087256835,0.0,0.0,0.8998223755110967,0.8998223755110967,-10.624470610372674,-0.16777607367007102,4.815742617568363,3.624423141926338,-1.4674426896112234,-0.0015710703923774716,0.29434626599439584,0.0
62.900000000000006,-10.695152788023398,-0.5018230990144485,4.823486717609036,-1.45969858957055,-0.038958817127758366,3.658748845128781,2.4999999999999862,-0.14254052717376928,-0.012855701388784951,0.01360265810046347,19.149964368537812,0.0,0.0,0.900355938690437,0.900355938690437,-10.619356878334179,-0.21751387689726775,4.813942942617383,3.658748845128781,-1.469242364562203,-0.009543774991652931,0.2942392796798088,0.0
62.95,-10.689479358834744,-0.5515002028996807,4.829571769112895,-1.4536135380666915,-0.028140603236492725,3.6927554903799393,2.4999999999999822,-0.103916367104162,-0.009286132137479152,0.013478528893464332,19.163567026638276,0.0,0.0,0.8947773178007671,0.8947773178007671,-10.614336354423731,-0.2672611738000393,4.811995001760995,3.6927554903799393,-1.4711903054185909,-0.01757676735189939,0.294003906054699,0.0
63.0,-10.683371964914118,-0.6011261318218039,4.837132797051391,-1.4460525101281956,-0.019856531764059722,3.7264518126136,2.500000000000008,-0.07399440878439988,-0.006552561700124394,0.013357737085570733,19.17704555553174,0.0,0.0,0.8836959553252256,0.8836959553252256,-10.609399287534274,-0.3170168263239082,4.810587971599171,3.7264518126136,-1.4725973355804154,-0.02654482545221981,0.2935814273233903,0.0
63.050000000000004,-10.677568978439984,-0.6507871157056953,4.821579746343268,-1.4616055608363183,-0.01036241757474261,3.759846155327527,2.5000000000000138,-0.0389610958782944,-0.0034195844705663236,0.0132401357529001,19.19040329261731,0.0,0.0,0.8757799417936386,0.8757799417936386,-10.604521927202022,-0.3667783692142785,4.8095951450109675,3.759846155327527,-1.4735901621686187,-0.011984601332300393,0.29325217778933427,0.0
63.1,-10.67182421370909,-0.7004560127441631,4.833059262303874,-1.450126044875712,-0.029017723015382423,3.7929464947097773,2.4999999999999876,-0.11006267079565399,-0.009575555919377086,0.013125586870541705,19.20364342837021,0.0,0.0,0.8598812373721821,0.8598812373721821,-10.599682161651996,-0.4165435841087486,4.809077024132231,3.7929464947097773,-1.4741082830473555,-0.023982238171643466,0.29293470741560795,0.0
63.150000000000006,-10.666189677465072,-0.7501365727978512,4.817887189050775,-1.4652981181288114,-0.01078921288744767,3.8257604618861314,2.500000000000022,-0.0412769440796696,-0.0035604252080532173,0.013013960631322936,19.21676901524075,0.0,0.0,0.8787592350035537,0.8787592350035537,-10.594891392835118,-0.4663135358424879,4.807626137981462,3.8257604618861314,-1.4755591691981245,-0.010261051069313076,0.2926413533623357,0.0
63.2,-10.660609689713958,-0.7998239881484605,4.830634806526156,-1.4525505006534303,-0.000980658052183881,3.858295363464439,2.500000000000006,-0.0037836684158851362,-0.0003236171459234153,0.012905134827250255,19.229782975872073,0.0,0.0,0.9038207186327076,0.9038207186327076,-10.590150155755973,-0.5160882343381046,4.8070866773370895,3.858295363464439,-1.4760986298424967,-0.023548129189066458,0.2923534229591084,0.0
63.25,-10.65506162134605,-0.849514555322557,4.816426070485344,-1.4667592366942426,0.014611553466350168,3.8905582005325647,2.4999999999999902,0.05684709916102867,0.004821775275566266,0.012798994286922088,19.242688110699323,0.0,0.0,0.8988258201425237,0.8988258201425237,-10.58542356486946,-0.5658643263712347,4.80703764443448,3.8905582005325647,-1.476147662745106,-0.00938842605086343,0.2920734690004799,0.0
63.300000000000004,-10.64953929562233,-0.8992081396903502,4.83012757944859,-1.4530577277309966,0.013395743004153358,3.92255568624987,2.5000000000000018,0.05254554789248367,0.004420566396449431,0.012695430363024753,19.255487104986244,0.0,0.0,0.9006613516138287,0.9006613516138287,-10.58068001204512,-0.6156388037206175,4.807768222107797,3.92255568624987,-1.475417085071789,-0.022359357340792307,0.29181015958510026,0.0
63.35,-10.643983280498482,-0.9488980843002023,4.816890570065649,-1.4662947371139374,0.015999717436796956,3.9542942621574317,2.5000000000000173,0.06326759085646641,0.005279857691579135,0.012594340464726007,19.26818253534927,0.0,0.0,0.8951490459156737,0.8951490459156737,-10.57590160915586,-0.6654099476934555,4.808438009258005,3.9542942621574317,-1.4747472979215814,-0.008452560807644005,0.291548688163007,0.0
63.400000000000006,-10.63842807894099,-0.9985877702177165,4.83135126393756,-1.4518340432420258,0.011836310007436531,3.985780113319247,2.500000000000023,0.04717692904272212,0.0039059624385054253,0.012495627630390579,19.280776875813995,0.0,0.0,0.8846027073398608,0.8846027073398608,-10.571086631456248,-0.715177566246301,4.809237995129845,3.985780113319247,-1.4739473120497415,-0.02211326880771569,0.29130089986894914,0.0
63.45,-10.632773776151925,-1.0482668406278068,4.819136741576704,-1.4640485656028819,0.02375426997079616,4.017019182395224,2.4999999999999853,0.095421358136483,0.00783874853322504,0.012399200136571836,19.293272503444385,0.0,0.0,0.8748129673128543,0.8748129673128543,-10.566237021546883,-0.7649418226032288,4.809829810630217,4.017019182395224,-1.4733554965493694,-0.00930693094648749,0.2910329973594044,0.0
63.5,-10.627127610134005,-1.0979461309423848,4.833608079779542,-1.4495772274000442,0.022332233336676825,4.048017182736653,2.4999999999999623,0.09040126427575208,0.00736950358664923,0.012304971139695028,19.305671703580956,0.0,0.0,0.8657846459995531,0.8657846459995531,-10.561343135310619,-0.8147017420526611,4.811017524128757,4.048017182736653,-1.4721677830508293,-0.02259055565078505,0.29078339183196455,0.0
63.550000000000004,-10.621221951952954,-1.1475962514858102,4.824826204718993,-1.4583591024605935,0.0395014773201883,4.07877961058589,2.500000000000022,0.161117820281605,0.013034749243820606,0.012212858347250125,19.31797667472065,0.0,0.0,0.853013946422601,0.853013946422601,-10.556391920784195,-0.8644559902627901,4.812134135795591,4.07877961058589,-1.471051171383995,-0.012692068923401578,0.29046745164782634,0.0
63.6,-10.615782956532748,-1.1972997327035726,4.819208210773031,-1.4639770964065555,0.0342174671193244,4.109311756454016,2.500000000000031,0.1406102399095185,0.01129128427129114,0.012122783715664403,19.3301895330679,0.0,0.0,0.8569222327589705,0.8569222327589705,-10.551363800515555,-0.9142025197282907,4.8141092096616,4.109311756454016,-1.469076097517986,-0.005099001111430468,0.29033404839312177,0.0
63.650000000000006,-10.610535736694056,-1.2470235229722342,4.815384017863078,-1.4678012893165082,0.038140528971135214,4.139618715743177,2.4999999999999876,0.1578872475572562,0.012585709992477127,0.01203467317233346,19.342312316783566,0.0,0.0,0.8760209908584716,0.8760209908584716,-10.546244007089156,-0.9639397000409393,4.815820083017567,4.139618715743177,-1.4673652241620196,0.0004360651544885741,0.29029274414112777,0.0
63.7,-10.605588417442652,-1.2967786843923954,4.809444670359266,-1.4737406368203203,0.05135568457928327,4.169705398674011,2.4999999999999707,0.2141380752428371,0.016945753685375018,0.011948456359560352,19.3543469899559,0.0,0.0,0.8806383041508378,0.8806383041508378,-10.54103425017516,-1.0136675360609295,4.817727109466123,4.169705398674011,-1.4654581977134633,0.008282439106856998,0.29037762107497295,0.0
63.75,-10.600324016516199,-1.34649924630347,4.827713501093086,-1.4554718060865,0.06753655291334741,4.199576539572911,2.500000000000008,0.28362492317851834,0.022283373468408443,0.011864066398391021,19.366295446315462,0.0,0.0,0.8759545278719255,0.8759545278719255,-10.535713245723729,-1.0633835851594007,4.820294893695087,4.199576539572911,-1.4628904134844989,-0.007418607397998933,0.29039460960465596,0.0
63.800000000000004,-10.594554970991183,-1.3961658637592587,4.824660523970197,-1.4585247832093895,0.07095659597245275,4.229236705568889,2.50000000000002,0.3000922401889188,0.02341139852056158,0.011781439670544364,19.378159512713854,0.0,0.0,0.8655117148679213,0.8655117148679213,-10.530244494782371,-1.1130835890577446,4.823671721340754,4.229236705568889,-1.459513585838832,-0.0009888026294424535,0.2902953868052119,0.0
63.85,-10.589136610672787,-1.445872159480001,4.819898885276202,-1.4632864219033843,0.08243520322509376,4.25869030474525,2.4999999999999725,0.3510660007444112,0.027196909483271758,0.011700515616820924,19.389940952384396,0.0,0.0,0.8550405635361269,0.8550405635361269,-10.524603699491042,-1.1627643580346778,4.827219551139377,4.25869030474525,-1.455965756040209,0.0073206658631752575,0.2903696331657213,0.0
63.900000000000006,-10.58327925911352,-1.4955258149256738,4.841553241566047,-1.4416320656135388,0.10297329584313156,4.287941593787302,0.7321118674838312,0.4415434782951289,0.03396811708447662,0.011649022082370465,19.401641468001216,0.0,0.0,0.8492054711878834,0.8492054711878834,-10.518772431648467,-1.212423121369598,4.831341311300632,4.287941593787302,-1.4518439958789546,-0.01021193026541578,0.29035885708604015,0.0
63.95,-10.576712389068957,-1.545093969182057,4.843537537788118,-1.4396477693914687,0.1045086424049493,4.296469981098387,-3.9999999999999987,0.44901824485821057,0.034474188322422626,0.011701195674965529,19.413290490083586,0.0,0.0,0.8473678465419643,0.8473678465419643,-10.512711050757822,-1.2620543024863426,4.836489976092788,4.296469981098387,-1.446695331086798,-0.007047561695329385,0.2901854996874197,0.0
64.0,-10.570075387768105,-1.5946507281908535,4.848330901095023,-1.434854406084563,0.12649991585970222,4.2496651983985245,-3.9999999999999876,0.5375822900293181,0.04172074869930519,0.011831513085485393,19.424991685758553,0.0,0.0,0.8311251121216919,0.8311251121216919,-10.506392313431746,-1.3116533737464873,4.841715408213036,4.2496651983985245,-1.4414698989665506,-0.006615492881987706,0.29007419150872493,0.0
64.05,-10.563283293401511,-1.644188642945295,4.849839946929016,-1.43334536025057,0.1390542563186727,4.202339146056583,-4.000000000000018,0.5843531447537442,0.04585573650021617,0.011966284052836233,19.43682319884404,0.0,0.0,0.8436561702628744,0.8436561702628744,-10.499787241319035,-1.3612150997822536,4.848040404006021,4.202339146056583,-1.4351449031735655,-0.0017995429229955562,0.2900099563123758,0.0
64.10000000000001,-10.555859221929557,-1.693631745037266,4.87535457215311,-1.4078307350264758,0.15023432753958582,4.154474009845238,-4.000000000000012,0.624144609149786,0.04953676899138965,0.012105768173530113,19.448789482896874,0.0,0.0,0.8705992434901129,0.8705992434901129,-10.49285328650972,-1.4107318666346442,4.854993116821954,4.154474009845238,-1.428192190357632,-0.020361455331156186,0.2898311389384291,0.0
64.15,-10.547532970874794,-1.7429352064858659,4.880016265390579,-1.4031690417890061,0.16367491382180305,4.106050937151117,-3.999999999999942,0.6720575332861428,0.05396028820645356,0.012250246735876892,19.460895251070404,0.0,0.0,0.8540293351455568,0.8540293351455568,-10.485561402734051,-1.4601971744294366,4.862504833198933,4.106050937151117,-1.420680473980653,-0.017511432191646747,0.2894499439090724,0.0
64.2,-10.539092657154852,-1.7922170893271985,4.885296020167679,-1.3978892870119068,0.18062107938343466,4.0570499502076105,-3.9999999999999445,0.7327887411190085,0.05953451909762184,0.012400025107594142,19.473145497806282,0.0,0.0,0.8465302605295729,0.8465302605295729,-10.477881560428003,-1.5096037131549696,4.870688578890023,4.0570499502076105,-1.4124967282895629,-0.014607441277656008,0.2891662476050229,0.0
64.25,-10.530340451986719,-1.8414454783330823,4.891210737260516,-1.3919745699190713,0.19050578237487995,4.007449849777235,-4.000000000000002,0.7634423689599071,0.06278428215678312,0.012555435452700874,19.485545522913878,0.0,0.0,0.8333941851516982,0.8333941851516982,-10.469776750953326,-1.5589422890478841,4.879719632859195,4.007449849777235,-1.4034656743203904,-0.011491104401319063,0.28892215878878297,0.0
64.3,-10.521255642329768,-1.8906126633912597,4.899151398602845,-1.3840339085767415,0.200215401040521,3.957228107966431,-3.999999999999992,0.7922980126453211,0.0659751914107322,0.012716839832749542,19.498100958366578,0.0,0.0,0.8114713179353531,0.8114713179353531,-10.461214528393974,-1.6082035257542915,4.889244921977939,3.957228107966431,-1.3939403852016472,-0.009906476624905736,0.2887210702105183,0.0
64.35000000000001,-10.51188717454201,-1.9397284978709646,4.9027009098526095,-1.3804843973269776,0.21892692280603432,3.906360748635433,-3.9999999999999956,0.8552075380690318,0.07212058167764902,0.01288463375835315,19.510817798199326,0.0,0.0,0.81950202798317,0.81950202798317,-10.452171540318949,-1.6573787582159258,4.899255692029965,3.906360748635433,-1.383929615149622,-0.0034452178226445085,0.2885954477359799,0.0
64.4,-10.501847738758324,-1.9887076022844605,4.930593836300881,-1.3525914708787052,0.22832870278522616,3.8548222136020205,-4.0000000000000195,0.8801665554994234,0.07520636142005724,0.013059250270379954,19.52370243195768,0.0,0.0,0.8518209783799332,0.8518209783799332,-10.44261378040765,-1.706456495138916,4.910202038170267,3.8548222136020205,-1.3729832690093193,-0.02039179813061409,0.28839963472025243,0.0
64.45,-10.490585357057522,-2.0374246106761267,4.943889323870677,-1.339295983308908,0.240115995701506,3.8025852125205004,-3.9999999999999996,0.9130615345441827,0.07907306262182222,0.013241164646783045,19.53676168222806,0.0,0.0,0.8335280818437415,0.8335280818437415,-10.432507876475112,-1.7554242758877614,4.921618473309528,3.8025852125205004,-1.3615668338700573,-0.022270850561149302,0.2879187082694529,0.0
64.5,-10.478891611678899,-2.086037200543961,4.954444473310398,-1.3287408338691886,0.24646709023267707,3.7496205539333682,-3.999999999999994,0.924158067404596,0.08115549994288787,0.01343089985167236,19.550002846874843,0.0,0.0,0.8142148407904112,0.8142148407904112,-10.421829217366525,-1.804270321882704,4.933624273094603,3.7496205539333682,-1.3495610340849833,-0.02082020021579467,0.2874868531866602,0.0
64.55,-10.466611904652323,-2.134506193466221,4.966237741539307,-1.3169475656402803,0.25622903212049636,3.695896954526679,-1.5479944338052998,0.946996099475461,0.08435492650034429,0.013567062762647445,19.563433746726517,0.0,0.0,0.8137806623447267,0.8137806623447267,-10.410557175133766,-1.8529828400264048,4.945947627606237,3.695896954526679,-1.3372376795733487,-0.020290113933068454,0.2870497016779467,0.0
64.60000000000001,-10.453748518656504,-2.1828229870272695,4.97936980926254,-1.3038154979170464,0.25710177142025464,3.6748952168870135,-4.000000000000008,0.944822070045472,0.08464087903832082,0.01370809803556203,19.577000809489164,0.0,0.0,0.8394280344584352,0.8394280344584352,-10.398673855379261,-1.9015498300209734,4.958759079212261,3.6748952168870135,-1.3244262279673258,-0.020610730050279358,0.2866143879629739,0.0
64.65,-10.440320836485515,-2.2309864378931943,4.987745984913198,-1.2954393222663878,0.2670765940332535,3.6200628247447653,1.7514226225602105,0.9668340494192307,0.08790812724421286,0.013766072841661914,19.590708907524725,0.0,0.0,0.8153399860961222,0.8153399860961222,-10.386168258552448,-1.949960320810945,4.971614167783274,3.6200628247447653,-1.311571139396312,-0.016131817129924286,0.28619605199779213,0.0
64.7,-10.42650386286466,-2.2790393363801567,4.998644448364998,-1.2845408588145872,0.26355427407630966,3.6441730361434637,-3.71905673108866,0.9604373791492519,0.0867546043668636,0.013817963812089263,19.604474980366387,0.0,0.0,0.8107977718993801,0.8107977718993801,-10.373029367502204,-1.9982027543196657,4.984967997484937,3.6441730361434637,-1.2982173096946497,-0.013676450880062418,0.28588233152415743,0.0
64.75,-10.4120479521524,-2.326904105201867,5.012250923325356,-1.2709343838542306,0.26691692454051175,3.5927832448181736,-3.9999999999999964,0.9589746542475474,0.08785584220994273,0.01402630524689742,19.618292944178478,0.0,0.0,0.8493320445247063,0.8493320445247063,-10.359251675505048,-2.046266659946864,4.998145711188752,3.5927832448181736,-1.2850395959908347,-0.014105212136604095,0.2855605408789504,0.0
64.8,-10.396964139753337,-2.3745746980209197,5.025933336000423,-1.257251971179162,0.27981886889786217,3.536678023830584,1.2320839491844697,0.9896292442842004,0.09207910832162662,0.01410291626527271,19.632319249425375,0.0,0.0,0.8406442998662875,0.8406442998662875,-10.344837803486689,-2.0941436187561915,5.011491557415778,3.536678023830584,-1.2716937497638092,-0.014441778584647125,0.2852345441039074,0.0
64.85000000000001,-10.381231847410213,-2.422035213058663,5.037665098109626,-1.2455202090699604,0.2770894559202758,3.554054000597719,-0.3139476368308463,0.9847908893369015,0.09118594375468621,0.014077193841996953,19.646422165690648,0.0,0.0,0.8176629343197958,0.8176629343197958,-10.32977090815618,-2.1418190619598647,5.025482500860671,3.554054000597719,-1.257702806318914,-0.012182597248953542,0.284902298350736,0.0
64.9,-10.36508387895736,-2.4693553299661373,5.045046287594496,-1.2381390195850912,0.2777798704857489,3.5496344988578143,0.9772081155747514,0.98601701136447,0.09141188669931775,0.014058751165674791,19.660499359532643,0.0,0.0,0.8532029445980425,0.8532029445980425,-10.314041720769152,-2.189280126798439,5.0393369736566855,3.5496344988578143,-1.2438483335229016,-0.0057093139378103785,0.28468828803085233,0.0
64.95,-10.348435850050592,-2.516504787507901,5.063152875116357,-1.2200324320632294,0.2756420791679321,3.5633728245917577,0.017179840081528043,0.9822154942209791,0.09071224942009322,0.01403117533030828,19.674558110698317,0.0,0.0,0.8494862688967698,0.8494862688967698,-10.29765570124596,-2.2365184393846853,5.053225967180973,3.5633728245917577,-1.2299593399986133,-0.009926907935383866,0.284553999529079,0.0
65.0,-10.330440595904985,-2.563150706800372,5.093958395935973,-1.1892269112436136,0.27560478994348137,3.5636138779400883,-2.197757710510144,0.9821490542693531,0.09070004494299774,0.014091935883855078,19.688589286028627,0.0,0.0,0.8180094471462052,0.8180094471462052,-10.2806177007963,-2.2835255342622256,5.0670080711393695,3.5636138779400883,-1.2161772360402168,-0.026950324796603198,0.2840291499019054,0.0
65.05,-10.311684353794847,-2.6095020218023506,5.099648444994557,-1.1835368621850293,0.27437263980271426,3.5326432171953313,-4.000000000000027,0.9692606449830363,0.0902967564370296,0.014268977746320428,19.70268122191248,0.0,0.0,0.8432969178088046,0.8432969178088046,-10.262933525874917,-2.3302933693142243,5.080788310636543,3.5326432171953313,-1.2023969965430439,-0.01886013435801459,0.2834327342547327,0.0
65.10000000000001,-10.292447269355717,-2.6556521323987314,5.116319659110523,-1.166865648069063,0.2821134518778879,3.475567306210049,-4.000000000000001,0.9805042899888492,0.09282986656544479,0.014507249064270698,19.7169501996588,0.0,0.0,0.8517203347235323,0.8517203347235323,-10.244608010124661,-2.3768136472764287,5.094506942626679,3.475567306210049,-1.1886783645529064,-0.02181271648384353,0.2829125227151969,0.0
65.15,-10.27239661862817,-2.701456051846336,5.1329189870711645,-1.1502663201084218,0.29966861531473454,3.4175383099529664,2.500000000000012,1.0241289731286636,0.09857015906338662,0.014552950118717796,19.73145744872307,0.0,0.0,0.8460222549205226,0.8460222549205226,-10.225637099977456,-2.4230744634550208,5.108612615220573,3.4175383099529664,-1.174572691959014,-0.024306371850592257,0.28228135138495786,0.0
65.2,-10.251762972551854,-2.7470003720381193,5.141507334207599,-1.141677972971987,0.29244332072057516,3.453920685249761,0.6759328199521883,1.0100760346999247,0.09620835630978944,0.014455854411753882,19.746010398841786,0.0,0.0,0.8697908194731337,0.8697908194731337,-10.205995398179892,-2.469054424069645,5.12359604598631,3.453920685249761,-1.1595892611932754,-0.0179112882212884,0.2816888724390561,0.0
65.25,-10.230693403311525,-2.792344207618613,5.1549025439327085,-1.1282827632468777,0.291735677178916,3.463691871687116,0.8880229246543211,1.010482493725748,0.09597698361245637,0.014408849986594321,19.76046625325354,0.0,0.0,0.8594324276298653,0.8594324276298653,-10.185675232020277,-2.5147386259809674,5.1382182120223385,3.463691871687116,-1.1449670951572486,-0.016684331910370886,0.28123210112429137,0.0
65.3,-10.208890636128945,-2.837340448963063,5.172299575222774,-1.110885731956813,0.2895921330127031,3.476487260793117,1.930768516622739,1.0067633612445681,0.09527606286715944,0.014325347505240065,19.774875103240134,0.0,0.0,0.8787002639437846,0.8787002639437846,-10.164690061905418,-2.560121203117146,5.152804995881285,3.476487260793117,-1.1303803112983015,-0.01949457934148846,0.2807208596258364,0.0
65.35000000000001,-10.18639423879597,-2.8819936017811094,5.1838819189637935,-1.0993033882157928,0.2850385575774466,3.5041461907459146,-0.520212325746758,0.9988167757507196,0.09378677153606867,0.01428395594798545,19.789200450745376,0.0,0.0,0.8881741053422386,0.8881741053422386,-10.143047574487863,-2.6051940226330874,5.16728460253192,3.5041461907459146,-1.1159007046476663,-0.016597316431873566,0.28017305424177,0.0
65.4,-10.163529989832407,-2.926460267130701,5.19264846899687,-1.0905368381827163,0.2829428238741717,3.496715500801349,-4.000000000000017,0.9893705580813221,0.0931012007146768,0.014418032961911737,19.80348440669336,0.0,0.0,0.8986354536242778,0.8986354536242778,-10.120759830822749,-2.649951303230702,5.181536530410792,3.496715500801349,-1.1016487767687941,-0.01111193858607784,0.27979723661745204,0.0
65.45,-10.140055931188448,-2.9706065860347977,5.209203592685807,-1.0739817144937795,0.2959325518231305,3.4390433689537017,2.4999999999999925,1.0177248800048846,0.09734905149327724,0.014462897212721204,19.817902439655274,0.0,0.0,0.8919647406965385,0.8919647406965385,-10.097838819992432,-2.694387612301256,5.195683671604501,3.4390433689537017,-1.0875016355750855,-0.013519921081305952,0.27942656625336787,0.0
65.5,-10.115934035881457,-3.014404416080114,5.222942613294106,-1.0602426938854812,0.28893804334222906,3.4752006119855046,-3.4003449456180683,1.0041176650488086,0.09506216236594518,0.014490382820178845,19.832365336867994,0.0,0.0,0.8956343609070612,0.8956343609070612,-10.074277173135386,-2.7384875350224283,5.210480299195657,3.4752006119855046,-1.072705007983929,-0.01246231409844789,0.279043759053031,0.0
65.55,-10.091063882237117,-3.0577797137070535,5.243828352930131,-1.039356954249456,0.29820265255037104,3.4259283120028385,1.5887961812433853,1.0216209100866616,0.09809105381012465,0.014545525423414307,19.846855719688172,0.0,0.0,0.8914497762453474,0.8914497762453474,-10.050073238880533,-2.782238261677846,5.224927201362768,3.4259283120028385,-1.0582581058168188,-0.018901151567362717,0.27857373284132647,0.0
65.60000000000001,-10.065314727962328,-3.100640365175767,5.261888398053447,-1.0212969091261392,0.2942198967034958,3.4490381872497378,2.4999999999999996,1.0147756591790302,0.09678918393785782,0.014421420003475486,19.861401245111587,0.0,0.0,0.8663557069350621,0.8663557069350621,-10.025229753392036,-2.8256289854984638,5.239837333990287,3.4490381872497378,-1.0433479731892987,-0.022051064063159487,0.27791736926344607,0.0
65.65,-10.038970981293128,-3.1431376587993363,5.270986903594088,-1.0121984035854972,0.28640704176344456,3.4850917372584265,-1.178899017363426,0.9981548147424097,0.09423439181997803,0.014381807823396668,19.875822665115063,0.0,0.0,0.8798050013593322,0.8798050013593322,-9.999746368753089,-2.8686470284619987,5.254548328825462,3.4850917372584265,-1.0286369783541254,-0.0164385747686282,0.2772790586609546,0.0
65.7,-10.012295761719868,-3.185427732995966,5.281127907486436,-1.0020573996931503,0.29098831191630237,3.4681370381475145,2.499999999999992,1.00918734222495,0.09573261222165866,0.014342816894851085,19.89020447293846,0.0,0.0,0.9082529180776148,0.9082529180776148,-9.973641242518488,-2.9112906641061653,5.268868680913634,3.4681370381475145,-1.014316626265952,-0.012259226572801651,0.27684888367877003,0.0
65.75,-9.985006411802305,-3.2273240971077124,5.298350741520521,-0.9848345656590656,0.2841787988706017,3.503994080384642,0.7246622578391706,0.9957608290134062,0.09350553201463319,0.014248437390327755,19.90454728983331,0.0,0.0,0.8886942934631741,0.8886942934631741,-9.946923308768357,-2.953553034061026,5.2834180965094495,3.503994080384642,-0.9997672106701359,-0.014932645011070278,0.2764071592748768,0.0
65.8,-9.9570241532346,-3.2687607217461516,5.313000048755235,-0.9701852584243511,0.2833906961989776,3.514319385194597,-0.24290024273653388,0.9959254172358598,0.09324771918615354,0.014234508275832721,19.91879572722364,0.0,0.0,0.8749207469702007,0.8749207469702007,-9.919600448734844,-2.995426883401721,5.29762703645298,3.514319385194597,-0.9855582707266066,-0.015373012302255518,0.27588389014689596,0.0
65.85000000000001,-9.928631625868535,-3.3099173813012186,5.319007404480855,-0.9641779026987312,0.2839491484723361,3.510861819679162,2.499999999999985,0.9969062241019345,0.09343040753181628,0.014170028731501546,19.933030235499473,0.0,0.0,0.8835451191768869,0.8835451191768869,-9.891686199818112,-3.036908841883454,5.311796571262929,3.510861819679162,-0.9713887359166584,-0.007210833217927259,0.27549705461414353,0.0
65.9,-9.899931059625855,-3.350860688697034,5.329995936780635,-0.9531893703989525,0.2702782749126406,3.5462868915079158,2.5000000000000084,0.9584843033820701,0.08895644081038794,0.014029872614695146,19.947200264230975,0.0,0.0,0.8744312150490108,0.8744312150490108,-9.863186420111516,-3.0779907182120607,5.325994028686545,3.5462868915079158,-0.9571912784930419,-0.004001908094089401,0.2753328700418984,0.0
65.95,-9.870541583049773,-3.391311234138825,5.353953043455076,-0.9292322637245114,0.259118203055761,3.5813615730446537,2.4999999999999845,0.9279959753002842,0.08530150858609338,0.013893794878007258,19.96123013684567,0.0,0.0,0.8494338026066137,0.8494338026066137,-9.83412015376471,-3.1186738119116497,5.339507942432177,3.5813615730446537,-0.9436773647474084,-0.014445101022896978,0.2750594199620257,0.0
66.0,-9.840128343139726,-3.4309978542958577,5.375531907954806,-0.907653399224781,0.26712111023340307,3.6160960602396717,2.4661158961994016,0.9659355943218558,0.08792270433903862,0.01376248051972723,19.97512393172368,0.0,0.0,0.856875260394585,0.856875260394585,-9.804517993383309,-3.1589686891327755,5.352463852584965,3.6160960602396717,-0.9307214545946216,-0.02306805536984058,0.2743500751031387,0.0
66.05,-9.809132864923372,-3.4702334809348274,5.387314929603187,-0.895870377576399,0.26270828222253745,3.6500359322205056,2.5000000000000058,0.9588946698041871,0.08647751630797001,0.013634828597731609,19.988886412243406,0.0,0.0,0.8653218652617213,0.8653218652617213,-9.774388304531085,-3.1988706275036707,5.3658199080966344,3.6500359322205056,-0.9173653990829518,-0.021495021506552803,0.27357811078219096,0.0
66.10000000000001,-9.777577316613472,-3.509016390011832,5.4023246288924485,-0.8808606782871387,0.25355807857909,3.6841230037148347,2.5000000000000067,0.9341391500709592,0.08347970435640464,0.013509824657582001,20.002521240841137,0.0,0.0,0.8776923415453814,0.8776923415453814,-9.743732736253882,-3.2383699969598667,5.378955322207761,3.6841230037148347,-0.904229984971824,-0.023369306684685398,0.2727543321228018,0.0
66.15,-9.745665031391185,-3.547509466304181,5.405758991438989,-0.8774263157405962,0.24913194991412269,3.71789756535879,0.09399433204784594,0.9262470700388047,0.08202906210669084,0.013446175439414496,20.01603106549872,0.0,0.0,0.8701084085413588,0.8701084085413588,-9.712569915197328,-3.2774704457816424,5.391633226136716,3.71789756535879,-0.891552081042871,-0.014125765302274829,0.2720594775424243,0.0
66.2,-9.713532112286103,-3.585816482919362,5.417167170869698,-0.8660181363098882,0.2530334784875421,3.7191614296378157,2.500000000000003,0.9410723535979566,0.08330778749050378,0.013383687979612074,20.029477240938135,0.0,0.0,0.8369030808287796,0.8369030808287796,-9.680918175419244,-3.316176195261628,5.404089823632423,3.7191614296378157,-0.8790954835471645,-0.013077347237276271,0.27160551100097546,0.0
66.25,-9.680858000544792,-3.623663989054106,5.431237148536388,-0.8519481586431983,0.2395144095353517,3.752620649586846,2.49999999999998,0.8988067190959613,0.07887577479810452,0.013265405940254311,20.042860928917747,0.0,0.0,0.8375051590935132,0.8375051590935132,-9.648783031962584,-3.354481537026572,5.416741497556799,3.752620649586846,-0.8664438096227869,-0.014495650979588603,0.27108669478435343,0.0
66.3,-9.647716382678466,-3.6611026986498425,5.442673339369006,-0.8405119678105812,0.22841200590274385,3.7857841644374814,2.4999999999999973,0.8647185549140082,0.07523369620193386,0.013150205599023237,20.056126334858,0.0,0.0,0.8708768640534997,0.8708768640534997,-9.616178633679075,-3.3923883086306725,5.428717218033567,3.7857841644374814,-0.8544680891460192,-0.013956121335437999,0.2705587792242624,0.0
66.35000000000001,-9.614149817185341,-3.6981608461021023,5.45427865717258,-0.8289066500070064,0.22717904737715658,3.8186596784350395,2.499999999999996,0.8675194680044314,0.07482910619498793,0.013037955419089918,20.06927654045702,0.0,0.0,0.8832571403550057,0.8832571403550057,-9.583133019012724,-3.4299111040758827,5.440137818328704,3.8186596784350395,-0.8430474888508819,-0.014140838843875514,0.27003697129469917,0.0
66.4,-9.580133215861746,-3.7348059164561733,5.466945813525808,-0.8162394936537787,0.22347028037086988,3.8512545669827642,2.500000000000006,0.8606409378632314,0.0736119429080052,0.012928531592134508,20.082314495876112,0.0,0.0,0.8789201893169678,0.8789201893169678,-9.549662178811667,-3.4670550938389595,5.451496770697562,3.8512545669827642,-0.831688536482023,-0.01544904282824433,0.26947910329207714,0.0
66.45,-9.545675569361762,-3.7710374099715147,5.478184292638292,-0.8050010145412934,0.21594649234625554,3.8835758959631006,2.4999999999999907,0.8386445924936982,0.07114207768053456,0.012821817464132981,20.095243027468246,0.0,0.0,0.8796953204869432,0.8796953204869432,-9.515774992883852,-3.503819650407706,5.462670284716106,3.8835758959631006,-0.8205150224634803,-0.015514007922186934,0.2688854319222462,0.0
66.5,-9.510791757435197,-3.8068583553191484,5.491629264231941,-0.7915560429476454,0.2061502790332327,3.915630439623433,2.500000000000002,0.8072083077193902,0.06792493498104413,0.01271770301244216,20.10806484493238,0.0,0.0,0.8794245877436849,0.8794245877436849,-9.481485973922938,-3.540209743708542,5.473467609333419,3.915630439623433,-0.8097176978461675,-0.018161654898522173,0.26825419105976983,0.0
66.55,-9.475458123723497,-3.8422343642500625,5.499589517365521,-0.7835957898140649,0.2011810095075735,3.9474246971545384,2.5000000000000013,0.7941468855286776,0.06629245055548175,0.012616084368853458,20.12078254794482,0.0,0.0,0.8837173633902369,0.8837173633902369,-9.44681485271649,-3.5762360010728775,5.48377512328508,3.9474246971545384,-0.7994101838945049,-0.015814394080440053,0.26753610258602945,0.0
66.60000000000001,-9.44009600567593,-3.877586301223085,5.499276361927162,-0.7839089452524242,0.20120417422124942,3.978964908076672,2.500000000000007,0.8005843485848964,0.06630006136176772,0.012516863383914476,20.133398632313675,0.0,0.0,0.8591408354335408,0.8591408354335408,-9.411778662586055,-3.611907338317166,5.493834173760459,3.978964908076672,-0.7893511334191281,-0.005442188166703943,0.2671838005015171,0.0
66.65,-9.40430099606072,-3.9124912595270964,5.523245854400666,-0.7599394527789194,0.19329611626538468,4.010257066536458,2.500000000000017,0.7751671161873117,0.06370141425744065,0.012419947228363797,20.14591549569759,0.0,0.0,0.8357945747616099,0.8357945747616099,-9.376385410851091,-3.6472244254908364,5.503894382471522,4.010257066536458,-0.7792909247080644,-0.019351471929144992,0.2667316500477901,0.0
66.7,-9.367898780267705,-3.94677081763582,5.527275229463704,-0.7559100777158818,0.18025081681374822,4.041306934607368,2.4999999999999765,0.7284488759580431,0.05941276412856032,0.012325248027999551,20.158335442925953,0.0,0.0,0.8390602148729289,0.8390602148729289,-9.340645559439292,-3.6821907458684593,5.513559188284791,4.041306934607368,-0.769626118894795,-0.01371604117891323,0.2659799850025259,0.0
66.75,-9.33150379280602,-3.981055267544314,5.531656626498493,-0.7515286806810941,0.17396102252310575,4.072120054677367,2.499999999999972,0.70839016854852,0.057344198577443106,0.012232682528716902,20.17066069095395,0.0,0.0,0.8317937678663061,0.8317937678663061,-9.30458071386257,-3.7168218011697287,5.522571729125478,4.072120054677367,-0.7606135780541088,-0.009084897373014655,0.2656015378948778,0.0
66.8,-9.294715671655602,-4.01491562101674,5.544128766499059,-0.7390565406805276,0.16757757679685192,4.1027017609991585,2.5000000000000213,0.6875208194284161,0.0552443309270802,0.012142171788812103,20.182893373482667,0.0,0.0,0.8183571876835357,0.8183571876835357,-9.268210609634089,-3.75113214591519,5.531269780251634,4.1027017609991585,-0.7519155269279523,-0.012858986247424653,0.26511175011570914,0.0
66.85000000000001,-9.257779849863354,-4.048617986452631,5.5428638436851845,-0.7403214634944018,0.15986556892364318,4.133057190471189,2.499999999999963,0.6607335391486309,0.05270677689832763,0.012053640895968165,20.19503554527148,0.0,0.0,0.8315601300075075,0.8315601300075075,-9.23154886874205,-3.785130706597081,5.539648659091476,4.133057190471189,-0.74353664808811,-0.003215184593708287,0.2647897486993464,0.0
66.9,-9.220742397956178,-4.08220617143289,5.552344867692888,-0.7308404394866983,0.14474283654314687,4.163191292711109,2.499999999999998,0.6025921167787364,0.04772886018763166,0.011967018706615928,20.207089186167448,0.0,0.0,0.8509872932665792,0.8509872932665792,-9.194610034729342,-3.8188280244533117,5.547641937537659,4.163191292711109,-0.7355433696419276,-0.004702930155229268,0.2646713976126166,0.0
66.95,-9.183322761698605,-4.1153695188548145,5.562925749687504,-0.7202595574920814,0.1384529478545756,4.193108839477649,2.499999999999995,0.5805482795007589,0.0456577198701694,0.011882237605609471,20.219056204874065,0.0,0.0,0.8395517927117144,0.8395517927117144,-9.157415644255053,-3.8522430870062556,5.554879079364816,4.193108839477649,-0.7283062278147696,-0.008046670322688243,0.2643987478631249,0.0
67.0,-9.145609888084032,-4.148198730523011,5.570812534041759,-0.712372773137826,0.14594594195788488,4.222814433491672,2.50000000000003,0.6163026302092941,0.04812497370560745,0.011799233284370771,20.230938442479673,0.0,0.0,0.8311247411286422,0.8311247411286422,-9.119985605869422,-3.8853939880856774,5.561801726757545,4.222814433491672,-0.7213835804220423,-0.009010807284216327,0.2640510111447542,0.0
67.05,-9.107644839249126,-4.1807355930189845,5.578509625472182,-0.7046756817074034,0.1382995689838163,4.2523125167026,2.4999999999999876,0.5880929882444567,0.045607210166471346,0.011717944535849215,20.242737675764044,0.0,0.0,0.8241887336750041,0.8241887336750041,-9.082320821916122,-3.9182779196598965,5.569099023855439,4.2523125167026,-0.7140862833241464,-0.009410601616743008,0.2636765749150804,0.0
67.10000000000001,-9.069420450165032,-4.212968072351204,5.586987877575846,-0.696197429603739,0.1245060878087964,4.281607378042223,2.500000000000005,0.5330861841733155,0.04106391212748494,0.011638313064810267,20.254455620299893,0.0,0.0,0.8173702131348419,0.8173702131348419,-9.04442330457994,-3.9508933794573067,5.57601400230463,4.281607378042223,-0.7071713048749562,-0.010973875271217182,0.2632641296166892,0.0
67.15,-9.030885512480138,-4.244827952610762,5.5981561533310655,-0.6850291538485216,0.1313302701901336,4.310703160704248,2.4999999999999787,0.5661258108047519,0.04331188562225394,0.011560283312117036,20.266093933364704,0.0,0.0,0.8087830019612087,0.8087830019612087,-9.006312304164494,-3.9832591572699587,5.58223930669507,4.310703160704248,-0.7009460004845174,-0.015916846635995796,0.2627205307222162,0.0
67.2,-8.992080844980812,-4.276358732475866,5.6005575108304955,-0.6826277963490917,0.11641447589808454,4.339603868984541,2.500000000000009,0.5051927100131353,0.03839789464651814,0.011483802291801086,20.277654216676822,0.0,0.0,0.7978462514400964,0.7978462514400964,-8.967995083074063,-4.015380514412477,5.588805820204576,4.339603868984541,-0.6943794869750093,-0.011751690625917632,0.2620873026878077,0.0
67.25,-8.953368630180085,-4.308004323410105,5.598651236442651,-0.6845340707369356,0.11157432426376114,4.3683133747140435,2.4999999999999747,0.4873916129560694,0.03680290205883394,0.011408819439836763,20.28913801896862,0.0,0.0,0.81788170228075,0.81788170228075,-8.929479635932369,-4.04726394698965,5.59462654399948,4.3683133747140435,-0.6885587631801062,-0.004024692443170608,0.26183244249337784,0.0
67.3,-8.91436854316856,-4.339290804138221,5.616664783247842,-0.6665205239317444,0.11063054508988306,4.396835423313635,2.50000000000004,0.48642429955169414,0.036491873029900694,0.011335286473638281,20.300546838408458,0.0,0.0,0.8305661618277377,0.8305661618277377,-8.890783084308273,-4.078927339236501,5.600205260212668,4.396835423313635,-0.682980046966918,-0.016459523035173618,0.26142954638923144,0.0
67.35000000000001,-8.874875240503531,-4.369956886683145,5.627205400040673,-0.6559799071389136,0.09683255047347722,4.425173639497731,2.4999999999999982,0.42850084980056496,0.0319438719273169,0.011263157261392473,20.311882124882096,0.0,0.0,0.8150681129057851,0.8150681129057851,-8.85191123581543,-4.110375280665972,5.605736787467162,4.425173639497731,-0.6774485197124243,-0.021468612573510626,0.2605953869387753,0.0
67.4,-8.835238881797672,-4.400435414426263,5.6262694076406845,-0.6569158995389017,0.09965579543946343,4.453331532651212,2.5000000000000147,0.4438002962420014,0.032874564453893126,0.011192387700423656,20.32314528214349,0.0,0.0,0.7998246721004959,0.7998246721004959,-8.812876792068828,-4.141621197482938,5.610578414990836,4.453331532651212,-0.6726068921887496,-0.015690992649847857,0.2597784863090615,0.0
67.45,-8.795703785557516,-4.431045412333718,5.624593209840786,-0.6585920973388006,0.09921018098911694,4.481312501902272,2.5000000000000258,0.4445918243825168,0.0327276698448372,0.011122935603861945,20.33433766984391,0.0,0.0,0.7939782501660854,0.7939782501660854,-8.773689335686745,-4.172674990966449,5.615561204762809,4.481312501902272,-0.6676241024167773,-0.009032005077976635,0.2593065958293636,0.0
67.5,-8.756038285984541,-4.461486180856485,5.632901482303976,-0.6502838248756113,0.09166330934792807,4.509119840911927,2.50000000000003,0.4133208468643902,0.030239671280050093,0.011054760594953316,20.345460605447773,0.0,0.0,0.7754503693350736,0.7754503693350736,-8.734347975306443,-4.203533575460849,5.6205217138122645,4.509119840911927,-0.6626635933673217,-0.012379768491710408,0.25886292938099353,0.0
67.55,-8.716146387630268,-4.491630009740161,5.638672415707957,-0.6445128914716296,0.09299190451858527,4.5367567423993105,2.500000000000048,0.42188164981324466,0.030677701053820994,0.01098782400840982,20.356515366042725,0.0,0.0,0.7749183198154186,0.7749183198154186,-8.694859805325398,-4.234204083369667,5.625104879279661,4.5367567423993105,-0.6580804278999253,-0.013567536428295668,0.2583045221321711,0.0
67.60000000000001,-8.676131853281092,-4.5216106599145975,5.641164417283461,-0.6420208898961253,0.08728664367305089,4.564226302420336,2.5000000000000036,0.3983959949025304,0.028796629941891985,0.010922088798252344,20.367503190051135,0.0,0.0,0.8002894303615993,0.8002894303615993,-8.655230470894866,-4.2646919719264815,5.6297544745055905,4.564226302420336,-0.6534308326739957,-0.011409942777870441,0.25776749217694256,0.0
67.65,-8.636039085496336,-4.551486664586291,5.645203573803846,-0.6379817333757405,0.07689670893842682,4.5915315244159665,2.499999999999991,0.35307366321462574,0.025370469223121365,0.010857519451646919,20.378425278849388,0.0,0.0,0.7925114179671827,0.7925114179671827,-8.615464127350911,-4.295000946717864,5.634118806689243,4.5915315244159665,-0.649066500490342,-0.01108476711460149,0.25730964298519415,0.0
67.7,-8.595783690573933,-4.581142859027281,5.650475307068804,-0.6327100001107819,0.0929388905580639,4.618675323045084,2.4999999999999907,0.42925456037171744,0.03066022289685977,0.010794081908279237,20.389282798301036,0.0,0.0,0.776132183152367,0.776132183152367,-8.575573706323972,-4.325146447717634,5.637963642136165,4.618675323045084,-0.6452216650434224,-0.012511664932640443,0.25679292448742,0.0
67.75,-8.555443181227277,-4.610683775932722,5.651931961878926,-0.6312533453006601,0.07435085648634766,4.645660527815782,2.499999999999972,0.3454088391879213,0.024530860866549247,0.010731743484851584,20.400076880209316,0.0,0.0,0.75969289492074,0.75969289492074,-8.535555662121581,-4.355122298654878,5.642610586664068,4.645660527815782,-0.6405747205155183,-0.009321375214858207,0.2563341219670402,0.0
67.8,-8.515004618251625,-4.640089617010898,5.65751816930166,-0.6256671378779259,0.07777088400000548,4.67248988652791,2.499999999999999,0.3633836689563609,0.02565875923444839,0.010670472804321922,20.410808623694166,0.0,0.0,0.765709311075906,0.765709311075906,-8.495412588949078,-4.384930532367265,5.646328129488385,4.67248988652791,-0.6368571776912013,-0.011190039813275376,0.2559101523745565,0.0
67.85000000000001,-8.47442726333975,-4.669304140617544,5.659795614472389,-0.623389692707196,0.07678130150304369,4.699166068538715,2.49999999999997,0.3608080867213435,0.025332409240912193,0.010610239729537113,20.421479096498487,0.0,0.0,0.7895654867439447,0.7895654867439447,-8.455156446518751,-4.414585883426459,5.650216673688385,4.699166068538715,-0.6329686334912008,-0.009578940784004786,0.2554461879289103,0.0
67.9,-8.433810107672864,-4.698463210318433,5.662268040771418,-0.620917266408167,0.06925824613954308,4.725691667862558,2.5000000000000377,0.3272931167124129,0.022851242913060232,0.010551015300941399,20.432089336228024,0.0,0.0,0.7729940382619553,0.7729940382619553,-8.414786021738728,-4.444085472110941,5.654055738763538,4.725691667862558,-0.6291295684160474,-0.008212302007880368,0.25508812112912843,0.0
67.95,-8.393061587806207,-4.727438247302975,5.667222403789603,-0.6159629033899829,0.07460722355877526,4.7520692061149115,2.4999999999999822,0.3545386896273869,0.024615410925216782,0.010492771678067643,20.442640351528965,0.0,0.0,0.7643995543972467,0.7643995543972467,-8.374308158963695,-4.473437475907341,5.657518651070515,4.7520692061149115,-0.6256666561090718,-0.009703752719088854,0.2546921336887504,0.0
68.0,-8.352235128968866,-4.756303255267525,5.66795282541899,-0.6152324817605965,0.0776862333790448,4.77830113531008,2.500000000000034,0.37120821715305363,0.025630842896927495,0.010435482084542825,20.45313312320703,0.0,0.0,0.7438893653290234,0.7438893653290234,-8.333724992980509,-4.502643703662372,5.6612490122484544,4.77830113531008,-0.6219362949311318,-0.0067038131705352555,0.2543340190671216,0.0
68.05,-8.311393347405096,-4.78514753350714,5.669165347006329,-0.6140199601732572,0.06702921774320107,4.804389840521438,2.4999999999999947,0.3220344927435345,0.022116035358472137,0.010379120756361026,20.463568605291574,0.0,0.0,0.73216626933646,0.73216626933646,-8.29303092546156,-4.531695204921932,5.665133323917407,4.804389840521438,-0.6180519832621805,-0.004032023088923253,0.25411662953237985,0.0
68.10000000000001,-8.270378845873484,-4.813744528152773,5.682045849200518,-0.6011394579790679,0.06687097611409416,4.83033764241234,2.499999999999944,0.32300939310876553,0.02206384109815794,0.010323662893196915,20.473947726047935,0.0,0.0,0.7598346040085431,0.7598346040085431,-8.252232012913842,-4.560599294508829,5.6684847848045665,4.83033764241234,-0.6147005223750206,-0.013561064395952727,0.2537948322230227,0.0
68.15,-8.229036827930953,-4.841866609258172,5.6839920895602525,-0.5991932176193338,0.06697381587396783,4.856146799645332,2.5000000000000244,0.3252346816164046,0.022097761675158617,0.010269084612550727,20.48427138894113,0.0,0.0,0.7541040854832269,0.7541040854832269,-8.211336572468372,-4.5893666479104,5.6718283336102715,4.856146799645332,-0.6113569735693147,-0.012163755949980981,0.2531195952984816,0.0
68.2,-8.187948921847937,-4.870358465750713,5.674609405508317,-0.6085759016712693,0.06286778818388179,4.881819511176709,2.500000000000038,0.3069091949805987,0.020743394374449407,0.010215362906532221,20.49454047355368,0.0,0.0,0.7308042316523745,0.7308042316523745,-8.170345102193547,-4.617996999436347,5.67517702440397,4.881819511176709,-0.6080082827756161,0.0005676188956531547,0.25297471048854137,0.0
68.25,-8.146711184452505,-4.898630981609686,5.68917615990166,-0.5940091472779265,0.057934958524758315,4.90735791844304,2.5000000000000098,0.2843075774711418,0.019116207431434572,0.010162475601105884,20.504755836460212,0.0,0.0,0.741970708721058,0.741970708721058,-8.129260910489924,-4.64649414198655,5.678320413813164,4.90735791844304,-0.6048648933664218,-0.010855746088495266,0.25273998092211675,0.0
68.3,-8.105306025742001,-4.926661193029599,5.684959709107246,-0.5982255980723394,0.061819214990014526,4.932764107445805,2.5000000000000115,0.3049396048532193,0.020397511623274803,0.01011040131763354,20.51491831206132,0.0,0.0,0.7620220118554686,0.7620220118554686,-8.088090840394736,-4.674867079447981,5.6812171617394025,4.932764107445805,-0.6019681454401837,-0.0037425473678442955,0.2523819293073359,0.0
68.35000000000001,-8.063911049483227,-4.9547039981770515,5.694264256182768,-0.5889210509968184,0.05985316845863713,4.958040110739889,2.5000000000000004,0.29675440997279445,0.019748977678022802,0.010059119436562724,20.52502871337895,0.0,0.0,0.7459666967716421,0.7459666967716421,-8.046836012490413,-4.703116631376249,5.684308122488903,4.958040110739889,-0.5988771846906822,-0.009956133693863833,0.25216613575590935,0.0
68.4,-8.02220957747933,-4.9822903702845185,5.699839089524856,-0.5833462176547304,0.05803005960177587,4.983187909331296,2.500000000000012,0.28917469138534396,0.019147579301020286,0.010008610063120878,20.535087832815513,0.0,0.0,0.7286812724185197,0.7286812724185197,-8.005495444787782,-4.731240564176954,5.687300780911835,4.983187909331296,-0.595884526267751,-0.012538308613020632,0.2516055789887747,0.0
68.45,-7.980541604593202,-5.009926907451811,5.696181053102224,-0.5870042540773621,0.05358143349790048,5.008209434489098,2.5000000000000373,0.2683470407576354,0.017680030662084487,0.009958853994885638,20.545096442878634,0.0,0.0,0.7521393107123108,0.7521393107123108,-7.964072172305342,-4.759242541659541,5.690202283891924,5.008209434489098,-0.5929830232876618,-0.005978769210299717,0.25122478670019205,0.0
68.5,-7.938884726828516,-5.037580944575803,5.699809275034033,-0.5833760321455532,0.04676083145715115,5.033106569476312,2.4999999999999885,0.23535224800116208,0.015429849750005147,0.009909832691111165,20.55505529687352,0.0,0.0,0.7595156954366753,0.7595156954366753,-7.922570925469441,-4.787128828894667,5.692881355566819,5.033106569476312,-0.5903039516127677,-0.006927919467214494,0.25098287265058633,0.0
68.55,-7.896995017376344,-5.064879190420626,5.710598857191864,-0.5725864499877211,0.02760433959631519,5.05788115120409,2.4999999999999694,0.1396194689356393,0.009109180107116092,0.00986152824369929,20.56496512956463,0.0,0.0,0.7368244780644199,0.7368244780644199,-7.880999851993302,-4.814910922249804,5.695219397139677,5.05788115120409,-0.5879659100399088,-0.01537946005218771,0.2504795009735349,0.0
68.60000000000001,-7.855016184724657,-5.092041705219281,5.705023012184029,-0.5781622949955576,0.0364158289194224,5.082534971813338,2.50000000000001,0.18508472401053586,0.012016645109777036,0.009813923349712143,20.57482665780833,0.0,0.0,0.7339863811270889,0.7339863811270889,-7.839377193709548,-4.8426156857484655,5.696599614119493,5.082534971813338,-0.5865856930600941,-0.008423398064536514,0.24991582028560425,0.0
68.65,-7.813093490357647,-5.119289814356674,5.7127351442832515,-0.5704501628963357,0.03190418310766402,5.107069780187619,2.500000000000025,0.1629368894107232,0.010527991438992801,0.009767001285330581,20.58464058115804,0.0,0.0,0.7604866744694441,0.7604866744694441,-7.797710249613043,-4.870253794927119,5.698420405565464,5.107069780187619,-0.5847649016141219,-0.014314738717786213,0.24951068728438108,0.0
68.7,-7.770912752428067,-5.146137398545709,5.715572104100993,-0.5676132030785936,0.03545012653673471,5.131487283400945,2.4999999999999796,0.18191187351820856,0.011698008129533801,0.009720745881169258,20.59440758244337,0.0,0.0,0.7521531884005184,0.7521531884005184,-7.755996159078086,-4.897820697558613,5.700015614720847,5.131487283400945,-0.5831696924587391,-0.015556489380145422,0.2487643237007338,0.0
68.75,-7.728847663184896,-5.17316619733142,5.712554646118036,-0.5706306610615499,0.023562057757475094,5.155789148103868,2.4999999999999782,0.12148100169298666,0.007775322368819639,0.009675141498865699,20.60412832832454,0.0,0.0,0.7296448280785103,0.7296448280785103,-7.714235709999189,-4.925317319863689,5.7017881210476835,5.155789148103868,-0.5813971861319018,-0.010766525070351918,0.2482792283657969,0.0
68.8,-7.686597895764277,-5.199903676501515,5.723412890663716,-0.5597724165158695,0.00475555781448644,5.179977001851032,2.499999999999966,0.024633680110012716,0.0015693327904588287,0.009630173008866327,20.613803469823406,0.0,0.0,0.7454605355648204,0.7454605355648204,-7.672434737433012,-4.952752304889543,5.702966223935557,5.179977001851032,-0.5802190832440282,-0.020446666728158647,0.2475568531541705,0.0
68.85000000000001,-7.64429171916291,-5.226553298514751,5.717649429139747,-0.5655358780398387,-0.0003822460620469879,5.204052434373198,2.5000000000000253,-0.001989228549725196,-0.00012614119980646982,0.009585825769337832,20.62343364283227,0.0,0.0,0.761876764047922,0.761876764047922,-7.630614350689397,-4.9801576919664585,5.703204001826282,5.204052434373198,-0.5799813053533036,-0.014445427313464876,0.24677492849692215,0.0
68.9,-7.602083609804461,-5.253357734974047,5.718474289956319,-0.5647110172232672,-0.0002427992358974857,5.228016998796543,2.499999999999982,-0.001269358532566867,-8.012374767471041e-05,0.009542085606137077,20.63301946860161,0.0,0.0,0.7415352135720791,0.7415352135720791,-7.588790967790317,-5.007558506603997,5.70318488952318,5.228016998796543,-0.5800004176564073,-0.015289400433140088,0.24615839412668444,0.0
68.95,-7.559858485626672,-5.280135311699057,5.716203807808467,-0.5669814993711189,-0.01942096962382544,5.251872212811885,2.4999999999999765,-0.10199645071323252,-0.006408832230819819,0.009498938793777346,20.64256155420775,0.0,0.0,0.7307836294540907,0.7307836294540907,-7.546968013064721,-5.034959974776161,5.703172749561385,5.251872212811885,-0.5800125576182005,-0.013031058247081617,0.2455139713297925,0.0
69.0,-7.517772838881776,-5.30713165140335,5.709055220869391,-0.5741300863101948,-0.016021078905802864,5.275619559796328,2.5000000000000253,-0.08452111724449395,-0.00528690677957825,0.009456372037332888,20.652060493001525,0.0,0.0,0.7588535116238558,0.7588535116238558,-7.505158535437969,-5.0623819984821585,5.7022017010801935,5.275619559796328,-0.5809836060993927,-0.006853519789197904,0.24507450552110907,0.0
69.05,-7.475835632650154,-5.334358373150405,5.709006275044888,-0.5741790321346976,-0.014397570942606505,5.299260489889661,2.4999999999999876,-0.07629647884653809,-0.004751162660540057,0.00941437245522754,20.66151686503886,0.0,0.0,0.7339492670211475,0.7339492670211475,-7.463373371012954,-5.08984105710202,5.7014006471349035,5.299260489889661,-0.5817846600446828,-0.007605627909985202,0.24483469078670153,0.0
69.10000000000001,-7.433701148690285,-5.3612776673099365,5.717495588623569,-0.5656897185560172,-0.015105911511961301,5.322796421027729,2.4999999999999925,-0.0804056917322292,-0.004984909507994973,0.009372927562856887,20.670931237494088,0.0,0.0,0.7448339592238528,0.7448339592238528,-7.421609100140679,-5.117331884127467,5.700680768587773,5.322796421027729,-0.5825045385918131,-0.01681482003579582,0.24424529221795513,0.0
69.15,-7.391606759046018,-5.388260238461576,5.7092026519665495,-0.5739826552130367,-0.0017940363225974563,5.346228739934872,2.5000000000000195,-0.00959132854835759,-0.000592031917287735,0.009332025256996628,20.680304165056945,0.0,0.0,0.7619165234947013,0.7619165234947013,-7.379865117596364,-5.14485350839805,5.699925473012175,5.346228739934872,-0.5832598341674107,-0.009277178954373966,0.2436897666791738,0.0
69.2,-7.3495302081692815,-5.415269958724472,5.717936496625348,-0.5652488105542375,-0.0030877736837234618,5.369558803077363,2.4999999999999956,-0.016579982365347933,-0.0010189649629683561,0.009291653800952931,20.68963619031394,0.0,0.0,0.7402261504426774,0.7402261504426774,-7.338132765649847,-5.172392767635287,5.699835771196045,5.369558803077363,-0.5833495359835403,-0.018100725429302855,0.24314446661883143,0.0
69.25,-7.307291658747976,-5.442026757050514,5.715829958751322,-0.567355348428265,0.02468598268560669,5.392787937579746,2.4999999999999734,0.1331262696542422,0.008146194086355545,0.009251801810413438,20.698927844114895,0.0,0.0,0.7312358576611221,0.7312358576611221,-7.296403775077361,-5.199937119884623,5.699681382511859,5.392787937579746,-0.5835039246677276,-0.016148576239462642,0.2423343525667326,0.0
69.3,-7.26524559037254,-5.469084748344872,5.707144177656403,-0.5760411295231833,0.01542926045535248,5.415917442105779,2.5000000000000266,0.08356360081893645,0.005091611950624578,0.009212458239960144,20.70817964592531,0.0,0.0,0.7586596966377023,0.7586596966377023,-7.254659920480168,-5.22745893461353,5.700915681646139,5.415917442105779,-0.5822696255334474,-0.006228496010264095,0.24185758261506582,0.0
69.35000000000001,-7.223350390937372,-5.496375884589812,5.707377369391639,-0.5758079377879461,0.025714823609471898,5.43894858770568,2.500000000000051,0.13986160355383784,0.008485688109219819,0.009173612370207874,20.71739210416527,0.0,0.0,0.7548184581363019,0.7548184581363019,-7.212888484156968,-5.254938872450171,5.701687144668907,5.43894858770568,-0.5814981625106803,-0.005690224722734172,0.24166357260538646,0.0
69.4,-7.181287397051671,-5.5234069104498165,5.714468873868199,-0.568716433311387,0.05564462141682955,5.4618826186312,2.5000000000000258,0.30392439053689474,0.01836066157792982,0.009135253795534388,20.72656571653548,0.0,0.0,0.7303814782857283,0.7303814782857283,-7.17108880585713,-5.282375828360518,5.7029728858493804,5.4618826186312,-0.5802124213302058,-0.011495988018818792,0.24124674877703847,0.0
69.45,-7.139234922036845,-5.550454847745883,5.707145119270286,-0.5760401879092996,0.049242851119929806,5.484720753120036,2.500000000000044,0.2700832874802792,0.01624871072042282,0.00909737241237016,20.735700970331013,0.0,0.0,0.744604878128488,0.744604878128488,-7.129233418289616,-5.309727700671168,5.705755116920222,5.484720753120036,-0.5774301902593635,-0.0013900023500639236,0.2409348240000544,0.0
69.5,-7.097462653749243,-5.577935335756657,5.697173676002108,-0.5860116311774775,0.04546604486353685,5.507464184150962,2.5000000000000346,0.25040261368093003,0.015002669102962779,0.009059958408017951,20.744798342743383,0.0,0.0,0.7555026944896234,0.7555026944896234,-7.087306450048717,-5.336969728333853,5.708217259476219,5.507464184150962,-0.5749680477033685,0.011043583474108942,0.24117954397968283,0.0
69.55,-7.0556080996468316,-5.605285043022437,5.716765413651294,-0.5664198935282911,0.0662879657808166,5.530114080171007,2.499999999999956,0.3665800129103878,0.021871540518939657,0.009023002249974058,20.7538583011514,0.0,0.0,0.7226598757515492,0.7226598757515492,-7.045315096267896,-5.364112409317926,5.7104905617193955,5.530114080171007,-0.5726947454601898,-0.006274851931898695,0.24139218124564207,0.0
69.60000000000001,-7.013267023895265,-5.631880538846901,5.721096662500056,-0.5620886446795303,0.06406465887784824,5.552671585795942,2.5000000000000098,0.3557300110047376,0.021138188523851215,0.008986494675724864,20.762881303401375,0.0,0.0,0.7092152071626159,0.7092152071626159,-7.0032480840796,-5.3911376604166765,5.713804960008436,5.552671585795942,-0.5693803471711512,-0.007291702491620811,0.24095126617202037,0.0
69.65,-6.971103541557782,-5.658755093506601,5.712597147426909,-0.5705881597526776,0.07181637818010235,5.575137822485254,2.4999999999999627,0.4003862062657933,0.023694969277405605,0.008950426682993885,20.7718677980771,0.0,0.0,0.7269749549462347,0.7269749549462347,-6.961093223837346,-5.418025680431212,5.717008192952329,5.575137822485254,-0.5661771142272585,0.004411045525419155,0.24093745408401188,0.0
69.7,-6.929052130898999,-5.685804826184105,5.70894305517863,-0.5742422520009569,0.0928873629526859,5.597513889192738,2.50000000000001,0.5199383042581464,0.03064323475792823,0.008914789520415986,20.780818224760093,0.0,0.0,0.7252223849772135,0.7252223849772135,-6.918847272333691,-5.444770341492733,5.720599011861334,5.597513889192738,-0.5625862953182512,0.011655956682705693,0.2412504133649792,0.0
69.75,-6.887192625358782,-5.71315127851129,5.703451177790674,-0.5797341293889122,0.07641625780289199,5.619800862993778,2.499999999999996,0.4294441515474475,0.025212021742433127,0.008879574678616834,20.789733014280507,0.0,0.0,0.7098817038177351,0.7098817038177351,-6.876491570940494,-5.471340815061982,5.725243380008968,5.619800862993778,-0.5579419271706172,0.02179220221829503,0.24204712929351685,0.0
69.8,-6.845114261050221,-5.74015669390907,5.724255662959603,-0.5589296442199831,0.08909348172377299,5.64199979969032,2.4999999999999627,0.5026654060392404,0.02939238189798758,0.008844773881676947,20.798612588959124,0.0,0.0,0.7164318284936751,0.7164318284936751,-6.83402377500929,-5.497731784490147,5.729064192899113,5.64199979969032,-0.5541211142804734,0.004808529939509754,0.24267846131743273,0.0
69.85000000000001,-6.802476973388395,-5.766274470617752,5.740954012997154,-0.5422312941824323,0.08677315548918677,5.664111734394512,-0.2798822294160479,0.49149284823674233,0.02862731849490885,0.00882943557702907,20.8074573628408,0.0,0.0,0.729368239401607,0.729368239401607,-6.791447153176878,-5.523946801925494,5.733518866985301,5.664111734394512,-0.5496664401942848,-0.007435146011852467,0.24257855624049574,0.0
69.9,-6.759592867006312,-5.791984104293684,5.7426556896633185,-0.5405296175162668,0.08202310982718714,5.661640532280728,-3.999999999999949,0.4643853631813164,0.027061018724239574,0.008859087143390789,20.816286798417828,0.0,0.0,0.7306579713865722,0.7306579713865722,-6.748755682743603,-5.549974372511148,5.737857524759761,5.661640532280728,-0.5453277824198253,-0.004798164903558444,0.24225225456164293,0.0
69.95,-6.716602515478572,-5.817516058190396,5.757771313566351,-0.5254139936132347,0.09015018366214705,5.6262041837071655,-3.999999999999972,0.5072033404819412,0.029740788785158664,0.008915240433188983,20.82514588556122,0.0,0.0,0.7582467302774529,0.7582467302774529,-6.7059547552600955,-5.5758215600266565,5.741958680251121,5.6262041837071655,-0.5412266269284665,-0.01581263331523175,0.24192892600987592,0.0
70.0,-6.673012834390576,-5.8420068741144515,5.779063398029946,-0.5041219091496405,0.08329506283820919,5.59054322197441,-3.9999999999999303,0.4656646489740829,0.027480451128055697,0.008972475237578537,20.83406112599441,0.0,0.0,0.7392860426518199,0.7392860426518199,-6.663042975981525,-5.6014842755156025,5.746466189434228,5.59054322197441,-0.5367191177453581,-0.032597208595717575,0.24072913931105142,0.0
70.05,-6.629260148552118,-5.8662106318065135,5.777494315394464,-0.5056909917851229,0.06502779139340643,5.554653321024096,-3.999999999999964,0.3612068374222472,0.021455878115283624,0.009030826725554412,20.843033601231987,0.0,0.0,0.7103196006124581,0.7103196006124581,-6.620020318236519,-5.626960682384397,5.750630942576139,5.554653321024096,-0.5325543646034472,-0.026863372818324294,0.23942830401342727,0.0
70.10000000000001,-6.585424304919315,-5.890260615756774,5.786778930323366,-0.49640637685622124,0.07434561710143739,5.518530014121879,-3.9999999999999725,0.41027851939269505,0.024529132909693583,0.009090331688336457,20.85206442795754,0.0,0.0,0.7198920554172507,0.7198920554172507,-6.576903475980255,-5.652277390531844,5.7538823321458095,5.518530014121879,-0.5293029750337759,-0.03289659817755464,0.23813571763653713,0.0
70.15,-6.541291518962217,-5.913760904307152,5.801043611831391,-0.4821416953481954,0.06799023742205451,5.482168687368533,-4.000000000000016,0.37273395064193954,0.022433014527170732,0.00915102863686342,20.861154759645878,0.0,0.0,0.7239176659945439,0.7239176659945439,-6.533698689581214,-5.677443708367327,5.757599613000881,5.482168687368533,-0.5255856941787052,-0.043443998830509756,0.23643914260306104,0.0
70.2,-6.496891699099758,-5.936754967611584,5.807583535428356,-0.4756017717512293,0.06724143681642836,5.4455645728210795,-4.000000000000002,0.3661675861531293,0.02218603329560012,0.009212957906545412,20.870305788282742,0.0,0.0,0.7106104100539431,0.7106104100539431,-6.490404621090916,-5.702456129799281,5.760999124871984,5.4455645728210795,-0.5221861823076033,-0.04658441055637397,0.23438862511070938,0.0
70.25,-6.452560127482076,-5.95987800202727,5.792947767371952,-0.49023753980763374,0.05464509714211647,5.408712741194898,-3.9999999999999685,0.2955596331563982,0.018030927764927512,0.00927616176992226,20.879518746189287,0.0,0.0,0.7291965542620766,0.7291965542620766,-6.447026237933504,-5.727322040595414,5.764361196712805,5.408712741194898,-0.518824110466781,-0.02858657065914727,0.23262179418754053,0.0
70.3,-6.408539122931898,-5.9835884384260645,5.793625241487597,-0.4895600656919896,0.04249901167257072,5.371608094115209,-3.999999999999989,0.22828803509227763,0.014023754449179271,0.009340684557942706,20.88879490795921,0.0,0.0,0.7186214615964027,0.7186214615964027,-6.403572278840117,-5.752055659090062,5.767093451569911,5.371608094115209,-0.516091855609675,-0.026531789917685344,0.23158604760927648,0.0
70.35000000000001,-6.364177508349752,-6.006652960600424,5.806912101784776,-0.4762732053948113,0.03306322633525899,5.334245355883438,-3.9999999999999987,0.17636736152937826,0.01091043175310468,0.009406572790655158,20.898135592517153,0.0,0.0,0.7455665158965313,0.7455665158965313,-6.360058374472416,-5.776683675371441,5.76921840215354,5.334245355883438,-0.5139669050260451,-0.03769369963123381,0.23000617255332267,0.0
70.4,-6.319941808086217,-6.029960335068841,5.788386819638946,-0.49479848754064015,0.02140934964417629,5.296619064720818,-3.9999999999999507,0.113397169488618,0.007064967833836922,0.009473875318185448,20.90754216530781,0.0,0.0,0.7355458469403016,0.7355458469403016,-6.3164980208368045,-5.801229449381856,5.770871563470303,5.296619064720818,-0.5123137437092833,-0.017515256168643134,0.2287568091615454,0.0
70.45,-6.27613678709699,-6.054068880289889,5.776780750543136,-0.5064045566364506,0.011707301729561886,5.2587235634480765,-3.9999999999999543,0.06156546346964351,0.0038633903492627684,0.00954264347297251,20.917016040625995,0.0,0.0,0.7391181832689775,0.7391181832689775,-6.272904277932454,-5.825715881152473,5.771942030952512,5.2587235634480765,-0.5112432762270736,-0.004838719590622986,0.22837587729563585,0.0
70.5,-6.232169174129926,-6.077872867330511,5.7976660240934415,-0.4855192830861448,-0.010638909957704359,5.220552989556187,-3.9999999999999702,-0.055540993185312575,-0.003510825861277232,0.00961293123434011,20.926558684098968,0.0,0.0,0.7446764329833983,0.7446764329833983,-6.2292902757956545,-5.850166213383845,5.77252739603899,5.220552989556187,-0.510657911140596,-0.025138628054451218,0.22772485219493682,0.0
70.55,-6.1880463456435075,-6.101392100947957,5.783972956068351,-0.4992123511112361,-0.022845269948266744,5.182101264618827,-4.000000000000015,-0.11838650228947158,-0.007538796261083427,0.009684795406603683,20.936171615333308,0.0,0.0,0.72613282016755,0.72613282016755,-6.1856756205026,-5.874615380746273,5.771995450541105,5.182101264618827,-0.5111898566384809,-0.011977505527244858,0.22678911165028773,0.0
70.60000000000001,-6.1441858369932625,-6.125398241122254,5.786173085444302,-0.49701222173528414,-0.0017396494595691009,5.143362082992412,-3.9999999999999964,-0.008947647068045954,-0.0005740842585902885,0.00975829581204791,20.94585641073991,0.0,0.0,0.7299280818076267,0.7299280818076267,-6.14208144885252,-5.8991010485197535,5.770853187043692,5.143362082992412,-0.5123321201358948,-0.015319898400610654,0.2263069769786611,0.0
70.65,-6.100213807456722,-6.14919866330504,5.783795947669701,-0.49938935950988395,-0.02846202201400794,5.10432889974422,-4.000000000000003,-0.14527952151125692,-0.009392191082966994,0.009833495500265015,20.95561470655196,0.0,0.0,0.7287357161388361,0.7287357161388361,-6.098502332534325,-5.923613506971509,5.770766204570714,5.10432889974422,-0.512419102608872,-0.013029743098988078,0.2255916485697861,0.0
70.7,-6.056480100020681,-6.1734344845513665,5.770546660179495,-0.5126386470000917,-0.041765273874094726,5.06499491774316,-3.9999999999999782,-0.21154089991044098,-0.013781667774709488,0.009910460975518785,20.965448202052222,0.0,0.0,0.7283324200345134,0.7283324200345134,-6.054941740228911,-5.9481588604233355,5.769343103470014,5.06499491774316,-0.5138422037095722,-0.00120355670948058,0.22528087663430912,0.0
70.75,-6.01297889152554,-6.19808516542072,5.7690057641261845,-0.5141795430534017,-0.061551439627039344,5.025353073841085,-3.9999999999999987,-0.30931771632908617,-0.02030918235482926,0.009989262443997896,20.97535866302774,0.0,0.0,0.7485303135875103,0.7485303135875103,-6.01142431311746,-5.972780652175282,5.767254839776309,5.025353073841085,-0.5159304674032761,-0.0017509243498743388,0.22530987639868444,0.0
70.8,-5.96932540842658,-6.222464778518773,5.774463235437672,-0.5087220717419143,-0.08130110972592229,4.985396024065094,-4.000000000000003,-0.4053182291796929,-0.026822931595924495,0.010069974083048099,20.98534792547174,0.0,0.0,0.7347750179279781,0.7347750179279781,-5.96797063641608,-5.997514758342328,5.764177267794957,4.985396024065094,-0.5190080393846301,-0.010285967642715832,0.2249540997283302,0.0
70.85000000000001,-5.925800734086668,-6.247073415083733,5.765738888951532,-0.5174464182280545,-0.08555901968730278,4.945116127732901,-4.000000000000009,-0.4230992881286978,-0.02822697737677553,0.010152674334730194,20.995417899554788,0.0,0.0,0.7278250765544438,0.7278250765544438,-5.924605582634464,-6.022403885844562,5.760112212308661,4.945116127732901,-0.5230730948709255,-0.005626676642870976,0.2246727080789843,0.0
70.9,-5.882218236265329,-6.271579062494447,5.775277596517309,-0.5079077106622769,-0.07124389230545816,4.90450543039398,-3.999999999999992,-0.34941605669452347,-0.023506154145880535,0.010237446226344836,21.005570573889518,0.0,0.0,0.7270428289295799,0.7270428289295799,-5.88134473413598,-6.047473691875906,5.755834261324296,4.90450543039398,-0.5273510458552906,-0.019443335193013667,0.22410707294961393,0.0
70.95,-5.838612237823744,-6.2960438812580755,5.766246397376964,-0.5169389098026222,-0.0930652453423235,4.863555645488601,-4.0000000000000275,-0.4526279993834392,-0.030701880737390105,0.010324377720901596,21.015808020115863,0.0,0.0,0.7395086369611505,0.7395086369611505,-5.8381824831518925,-6.072712896426603,5.752272066709023,4.863555645488601,-0.5309132404705643,-0.01397433066794207,0.2233313983184479,0.0
71.0,-5.795291148665731,-6.321009785504123,5.755905770336959,-0.5272795368426273,-0.0631460929603016,4.822258134604994,-3.9999999999999774,-0.30450676044633757,-0.020835195263303886,0.010413562100895671,21.026132397836765,0.0,0.0,0.7444368234865153,0.7444368234865153,-5.795124287903676,-6.098129176856246,5.747618804441907,4.822258134604994,-0.5355665027376801,-0.008286965895052845,0.22288067110847004,0.0
71.05,-5.7520129993232265,-6.346049053118352,5.764149582372938,-0.5190357248066491,-0.04471785792738993,4.780603886201412,-3.9999999999999525,-0.21377836539028292,-0.01475582207330096,0.010505098389199122,21.036545959937662,0.0,0.0,0.7284056768980697,0.7284056768980697,-5.752165657613063,-6.123713429957133,5.744461499793892,4.780603886201412,-0.5387238073856935,-0.01968808257904442,0.22233567556971362,0.0
71.10000000000001,-5.708588792258804,-6.370835077164118,5.761117815944735,-0.52206749123485,-0.06810284919034203,4.738583492644616,-4.000000000000011,-0.3227110369754205,-0.022470157681519793,0.010599091811384714,21.04705105832686,0.0,0.0,0.725578153971893,0.725578153971893,-5.709276165013473,-6.149413437409001,5.742225606897522,4.738583492644616,-0.5409597002820643,-0.018892209047214337,0.22142270667921335,0.0
71.15,-5.6653433490107625,-6.395931739506848,5.754984127466689,-0.528201179712898,-0.036877118968484425,4.696187125399077,-4.000000000000011,-0.17318185132160666,-0.012168848566103155,0.010695654304390538,21.057650150138247,0.0,0.0,0.6985963727307724,0.6985963727307724,-5.6664593420101825,-6.17523430595042,5.738820464438005,4.696187125399077,-0.5443648427415813,-0.016163663028683217,0.22070025513979025,0.0
71.2,-5.62223328367111,-6.421260031463257,5.74750946880192,-0.5356758383776672,-0.0060270001626646676,4.653404508181515,-3.999999999999987,-0.028046069727754485,-0.0019889074311331646,0.010794905077117035,21.06834580444264,0.0,0.0,0.7089270770135577,0.7089270770135577,-5.623710418641368,-6.201167467009185,5.736976608489581,4.653404508181515,-0.5462086986900054,-0.010532860312338244,0.22009752123931392,0.0
71.25,-5.579285264475905,-6.446862366123677,5.7482806312767165,-0.5349046759028688,-0.007590874718906938,4.610224887873047,-4.0000000000000115,-0.034995639549831085,-0.0025049834176843174,0.010896971229341381,21.079140709519756,0.0,0.0,0.693809328375664,0.693809328375664,-5.58098932995355,-6.227146469345842,5.736675258481448,4.610224887873047,-0.5465100486981385,-0.01160537279526963,0.2197225048465458,0.0
71.3,-5.536114684351303,-6.472086835242914,5.756918544779297,-0.5262667624002901,0.0032655805749764706,4.566637002955681,-4.0000000000000115,0.01491272108982084,0.001077641172583373,0.011001988436257295,21.0900376807491,0.0,0.0,0.6594384239184061,0.6594384239184061,-5.538277088306174,-6.25314001438003,5.736295714745502,4.566637002955681,-0.5468895924340842,-0.02062283003379406,0.21895749897372307,0.0
71.35000000000001,-5.492970615446243,-6.497357274903502,5.7490535389857,-0.5341317681938875,0.017412876770899165,4.522629049210652,-4.000000000000008,0.07875198231439394,0.005746186089783543,0.011110101707026065,21.101039669185354,0.0,0.0,0.684513578669819,0.684513578669819,-5.495567657442791,-6.279138177964629,5.736458993774251,4.522629049210652,-0.5467263134053351,-0.012594545211447539,0.21823455018843566,0.0
71.4,-5.450013457359712,-6.522945079270829,5.746594697682154,-0.5365906094974324,0.04985404946343452,4.478188642382547,-3.9999999999999636,0.22325583808393018,0.01645035226325651,0.011221466226985713,21.11214977089238,0.0,0.0,0.6676301884376681,0.6676301884376681,-5.4528447935410576,-6.305114258156011,5.737329637612796,4.478188642382547,-0.5458556695667909,-0.009265060069358455,0.21784922100417914,0.0
71.45,-5.4068439364885394,-6.548169783140808,5.759869717762675,-0.5233155894169101,0.010675760304226515,4.433302777474605,-3.9999999999999987,0.04732887780838054,0.0035229863252198928,0.011336248294645971,21.123371237119365,0.0,0.0,0.6771142307580438,0.6771142307580438,-5.410078316515472,-6.331018449868835,5.739822340085968,4.433302777474605,-0.5433629670936178,-0.02004737767670761,0.21717541931801146,0.0
71.5,-5.363634451242305,-6.5733294844372505,5.753101418046699,-0.5300838891328876,0.06068395968703097,4.387957784296021,-4.000000000000003,0.26627865329061345,0.020023030378091725,0.011454626366340197,21.134707485414012,0.0,0.0,0.6745316825562028,0.6745316825562028,-5.367272678501261,-6.356857902162458,5.740356128101179,4.387957784296021,-0.5428291790784066,-0.012745289945518934,0.21650215386951688,0.0
71.55,-5.320274894503385,-6.598225805472895,5.770959544659384,-0.5122257625202025,0.06752465863128541,4.34213927883066,-3.999999999999956,0.29320147253253614,0.022279450303672333,0.01157679222346543,21.146162111780352,0.0,0.0,0.6706637779396383,0.6706637779396383,-5.324421027156245,-6.382620938842206,5.74339032608553,4.34213927883066,-0.5397949810940563,-0.02756921857385386,0.2156447285022573,0.0
71.60000000000001,-5.276854840748039,-6.623016534052247,5.753438179113449,-0.5297471280661377,0.08662823430009861,4.295832109936799,-4.000000000000009,0.372140350533492,0.02857953361933472,0.011702952279683184,21.157738904003818,0.0,0.0,0.680471191779446,0.680471191779446,-5.281487023907715,-6.408246492303685,5.746766559017094,4.295832109936799,-0.5364187481624931,-0.006671620096355468,0.21481998965064608,0.0
71.65,-5.233758978179951,-6.64837085596721,5.754126455534241,-0.5290588516453454,0.12441101997093486,4.249020300818066,-3.9999999999999454,0.5286249495019841,0.04103259257249586,0.011833329048358038,21.169441856283502,0.0,0.0,0.6652907615748035,0.6652907615748035,-5.238454596600927,-6.43370638804981,5.751097970732099,4.249020300818066,-0.5320873364474874,-0.0030284848021420174,0.21471581827759179,0.0
71.7,-5.190518414945841,-6.673475340064712,5.7591637220968845,-0.5240215850827017,0.10116635697879808,4.201686984624635,-4.000000000000006,0.42506936539970547,0.03337250302917264,0.011968162793978035,21.18127518533186,0.0,0.0,0.6848537395377601,0.6848537395377601,-5.195288478759821,-6.45893887125651,5.757318521730646,4.201686984624635,-0.5258667854489403,-0.0018452003662385863,0.2145894917219434,0.0
71.75,-5.1472157130774265,-6.698473123514305,5.759768318525088,-0.5234169886544979,0.1306266255971999,4.1538143334487225,-3.999999999999996,0.5425987497356888,0.04308011590398595,0.0121077133954557,21.193243348125836,0.0,0.0,0.6470865135411809,0.6470865135411809,-5.1519807274925045,-6.483927535675834,5.762376839579586,4.1538143334487225,-0.5208084676000002,0.0026085210544977144,0.2145984963212258,0.0
71.8,-5.1037885807687555,-6.7232537256551845,5.773028115580824,-0.5101571915987613,0.1444239693174263,4.1053834798669,-4.000000000000024,0.5929157777325659,0.04762387300497042,0.012252262454206669,21.20535106152129,0.0,0.0,0.6593628438143367,0.6593628438143367,-5.1085289301533106,-6.508664803523363,5.768908170859446,4.1053834798669,-0.514277136320139,-0.004119944721377777,0.2146412737895129,0.0
71.85000000000001,-5.0598732243221995,-6.747158603407834,5.7968696943944735,-0.4863156127851127,0.1676140352126805,4.056374430050073,-4.00000000000002,0.6799052865542298,0.05525632551499683,0.012402115685941233,21.2176033239755,0.0,0.0,0.6491218550766897,0.6491218550766897,-5.064908078655028,-6.533102693172588,5.776129369325318,4.056374430050073,-0.5070559378542683,-0.020740325069155574,0.21411511498442207,0.0
71.9,-5.015529733137721,-6.770259823294229,5.8032724979534445,-0.47991280922614266,0.17892920064564555,4.006765967306308,-3.9999999999999862,0.7169274317042944,0.05897815727171856,0.012557605642429847,21.23000543966144,0.0,0.0,0.6487536901572398,0.6487536901572398,-5.021097950619041,-6.557199540444081,5.784510071085952,4.006765967306308,-0.49867523609363396,-0.0187624268674913,0.21313303163541794,0.0
71.95,-4.971133670256247,-6.793259662023837,5.813680343747208,-0.469504963432378,0.20573495156863827,3.9565355447365884,-3.999999999999992,0.8139976486759779,0.06778850703850677,0.012719094818431835,21.24256304530387,0.0,0.0,0.6191197689170015,0.6191197689170015,-4.977080722320917,-6.580915925866835,5.793456531118235,3.9565355447365884,-0.48972877606135157,-0.020223812628973548,0.21242699855097108,0.0
72.0,-4.926304977904608,-6.8154042280783615,5.830148522488153,-0.4530367846914345,0.20217054938198806,3.905659165462861,-4.000000000000013,0.7896092591804237,0.06661755870875684,0.012886979209909735,21.255282140122304,0.0,0.0,0.6490934793007229,0.6490934793007229,-4.932837509299091,-6.60420789992303,5.8037432786966665,3.905659165462861,-0.4794420284829197,-0.026405243791485233,0.21129733314151028,0.0
72.05,-4.881374887378672,-6.8373419905078645,5.826089937600805,-0.4570953695787807,0.21789242369718126,3.854111248623222,-3.9999999999999996,0.8397816411610834,0.07178096124649194,0.013061692403105842,21.268169119332214,0.0,0.0,0.6197669205475077,0.6197669205475077,-4.888359070995163,-6.6270474979319705,5.813851806165766,3.854111248623222,-0.4693335010138213,-0.0122381314350406,0.21041043802183773,0.0
72.10000000000001,-4.8364092564984364,-6.859210358731383,5.846070009897178,-0.43711529728240706,0.24103131229776753,3.8018644790107987,-4.000000000000007,0.9163683845542411,0.0793732252726667,0.01324371029070157,21.28123081173532,0.0,0.0,0.6396224169572652,0.6396224169572652,-4.843643268713568,-6.6494187361101185,5.824746427350624,3.8018644790107987,-0.4584388798289609,-0.021323582546553865,0.2099163067862806,0.0
72.15,-4.790691213399217,-6.879451429142963,5.875604892087898,-0.4075804150916884,0.2463771820598632,3.7488896378479923,-4.000000000000017,0.9236408648264094,0.08112602515758684,0.013433556531982915,21.29447452202602,0.0,0.0,0.6014271238759983,0.6014271238759983,-4.798673797483147,-6.671275460420227,5.836797992965513,3.7488896378479923,-0.44638731421407307,-0.038806899122384664,0.20832896006630178,0.0
72.2,-4.744865294286619,-6.899452020456711,5.868689312425029,-0.41449599475455656,0.25633188238766996,3.6951554117200605,1.337360651463301,0.9471861424011887,0.08438862605191434,0.013498258905369048,21.307908078558004,0.0,0.0,0.6007164835251567,0.6007164835251567,-4.753441354773157,-6.692582607333014,5.849116852068506,3.6951554117200605,-0.43406845511108116,-0.0195724603565246,0.20704710309398602,0.0
72.25,-4.699034070476368,-6.919440497641575,5.881169099948677,-0.4020162072309095,0.24680809947191001,3.713207452043365,-3.999999999999991,0.9164496741837563,0.08126729243374047,0.013564551609694416,21.321406337463372,0.0,0.0,0.5523243909314873,0.5523243909314873,-4.707944732555596,-6.713319606752671,5.86193344618789,3.713207452043365,-0.42125186099169554,-0.019235653760786064,0.2063134061556005,0.0
72.3,-4.652817750857485,-6.938518958860191,5.894414762890086,-0.38877054428949975,0.2614299102175867,3.6589492456045876,1.5971251735493375,0.9565587727691139,0.08605878535630004,0.013624611724595578,21.334970889073066,0.0,0.0,0.5409201968061669,0.5409201968061669,-4.662190853211501,-6.73348271160493,5.874273851161485,3.6589492456045876,-0.4089114560181013,-0.02014091172860155,0.20525037816349948,0.0
72.35000000000001,-4.60654234615357,-6.957457341302298,5.903989627486228,-0.37919567969335866,0.25834792071664037,3.6807094559697746,-3.460704012488931,0.9509036347118678,0.08504915509031034,0.013672215753231623,21.34859550079766,0.0,0.0,0.5016335550762212,0.5016335550762212,-4.616184518187296,-6.753062842884254,5.887345346672364,3.6807094559697746,-0.3958399605072209,-0.016644280813862267,0.20462180349388945,0.0
72.4,-4.559885575301271,-6.975431139292097,5.916532362655163,-0.3666529445244233,0.2651203494908774,3.6333939640529516,-2.4236123044397098,0.9632866775877631,0.08726750641603793,0.013824983808999942,21.362267716550893,0.0,0.0,0.4909381206017807,0.4909381206017807,-4.569927633817749,-6.772043514234143,5.900262742708197,3.6333939640529516,-0.3829225644713894,-0.016269619946966074,0.20363538240188828,0.0
72.45,-4.513163880538077,-6.9932407594215515,5.937101970313877,-0.3460833368657088,0.27007859856354355,3.5998875631847795,-3.9765139135148218,0.9722525880512751,0.08889106728937207,0.013997537534930424,21.37609270035989,0.0,0.0,0.46023615770857956,0.46023615770857956,-4.523426340189017,-6.790417220490287,5.913518760182741,3.5998875631847795,-0.36966654699684653,-0.023583210131137733,0.20308300279119704,0.0
72.5,-4.465788921601534,-7.009226485506648,5.9621928824996235,-0.3209924246799627,0.2786282778537473,3.5442261604221827,-0.7967110003814988,0.9875216314026318,0.09168952106319776,0.014129892095703566,21.39009023789482,0.0,0.0,0.4598775618768662,0.4598775618768662,-4.476683389477495,-6.808167109670326,5.927022690110918,3.5442261604221827,-0.35616261706866936,-0.03517019238870667,0.20135431965068867,0.0
72.55,-4.418364938584562,-7.02506799407247,5.970107063739565,-0.313078243440021,0.2804067473457097,3.532968719955332,2.4999999999999982,0.9906682672368102,0.09227146459356939,0.01408223992119898,21.404220129990524,0.0,0.0,0.4196063706098593,0.4196063706098593,-4.429701380033223,-6.8252741361382805,5.940954104003605,3.532968719955332,-0.3422312031759809,-0.029152959735959882,0.20011521824425518,0.0
72.60000000000001,-4.370617323959505,-7.039906599081448,5.986739493978922,-0.29644581320066443,0.2712997015832173,3.5681743197583295,2.499999999999988,0.9680446281473343,0.08929084132850397,0.013944647611029627,21.41830236991172,0.0,0.0,0.42949144797247363,0.42949144797247363,-4.382484885906533,-6.841722896871507,5.954974441370891,3.5681743197583295,-0.3282108658086962,-0.03176505260803175,0.19853870868977957,0.0
72.65,-4.322847173099553,-7.054673682534556,5.978309057386916,-0.30487624979267025,0.2626047896347299,3.6030359387859034,2.500000000000003,0.9461744947512437,0.08644361842347566,0.013811011270780132,21.43224701752275,0.0,0.0,0.3954603276568211,0.3954603276568211,-4.335045993061968,-6.857518880851587,5.968539426450052,3.6030359387859034,-0.31464588072953426,-0.009769630936864004,0.19753183802902843,0.0
72.7,-4.274989050973394,-7.069140378874065,6.014004671681622,-0.269180635497964,0.257313218942289,3.637563466962854,2.499999999999991,0.9359931647910845,0.08471015761310105,0.013681144891371004,21.44605802879353,0.0,0.0,0.38306868666532484,0.38306868666532484,-4.287400470531489,-6.872680287940241,5.981669665931788,3.637563466962854,-0.30151564124779817,-0.03233500574983417,0.19685174793527616,0.0
72.75,-4.226635070553359,-7.081874530728145,6.022593872698732,-0.26059143448085464,0.23895732408826625,3.671766329191281,2.5000000000000098,0.8773954567009447,0.07869307532319657,0.013554874482755554,21.459739173684902,0.0,0.0,0.42195471752089614,0.42195471752089614,-4.239561897345566,-6.8872211417870615,5.994535326878903,3.671766329191281,-0.2886499803006828,-0.02805854581982814,0.19508214853534003,0.0
72.8,-4.17827554463417,-7.094567946997829,6.039909434376396,-0.2432758728031903,0.2363642297618236,3.7056535153981702,2.5000000000000133,0.8758839389312825,0.07784258557454808,0.013432037093476373,21.473294048167656,0.0,0.0,0.4067453568985669,0.4067453568985669,-4.191546560084063,-6.901167383119991,6.006483193083316,3.7056535153981702,-0.27670211409627044,-0.03342624129308014,0.19385535318720784,0.0
72.85000000000001,-4.129699195479714,-7.106421886938024,6.040337235541,-0.24284807163858702,0.24037925793551024,3.7392336081318613,2.500000000000005,0.8988341999702573,0.07915939649957789,0.013312479926237204,21.486726085261132,0.0,0.0,0.39681318585590136,0.39681318585590136,-4.143368886810935,-6.914542086840926,6.018301404571407,3.7392336081318613,-0.2648839026081795,-0.022035830969592496,0.19236610446331967,0.0
72.9,-4.081081407299075,-7.118086990694623,6.061322238678642,-0.2218630685009444,0.2295642452165344,3.7725148079474544,2.4999999999999956,0.8660345144546566,0.0756117762460158,0.013196059538571727,21.50003856518737,0.0,0.0,0.4135543989329675,0.4135543989329675,-4.095035241220859,-6.927341641859518,6.030320367468182,3.7725148079474544,-0.25286493971140445,-0.031001871210460052,0.19125505897450865,0.0
72.95,-4.03227656812403,-7.128959847169658,6.061364391549737,-0.22182091562984851,0.2035108376251205,3.8055049567938837,2.5000000000000244,0.7744615013436713,0.06705788090577025,0.01308264111909883,21.513234624725943,0.0,0.0,0.45474845256248847,0.45474845256248847,-4.046554532421067,-6.939572481001524,6.041798579729009,3.8055049567938837,-0.24138672745057832,-0.019565811820729806,0.18992481335668157,0.0
73.0,-3.983439646044117,-7.139678692094802,6.077622585020731,-0.20556272215885585,0.222756884768922,3.838211559591631,2.500000000000018,0.8549880500986974,0.07337779169558127,0.012972097831059676,21.52631726584504,0.0,0.0,0.45149423144884915,0.45149423144884915,-3.9979441887396923,-6.951277732630565,6.0519741216102645,3.838211559591631,-0.23121118556932174,-0.025648463410465894,0.1889584697383335,0.0
73.05,-3.9343782326150514,-7.149319994178151,6.097936161015075,-0.18524914616451227,0.22398926935685767,3.8706418041692805,-3.040489734810461,0.8669822296579865,0.07378228076288983,0.012983967676815648,21.5392893636761,0.0,0.0,0.46429918049836705,0.46429918049836705,-3.9492119099851903,-6.96246429434504,6.0631119658487105,3.8706418041692805,-0.22007334133087575,-0.03482419516636348,0.18744356629247924,0.0
73.10000000000001,-3.8852611971094304,-7.158677580229989,6.091402380361874,-0.19178292681771225,0.2112908894844309,3.8311641837308117,-3.9999999999999862,0.8094900881413768,0.06961332605161134,0.013141011439049267,21.552273331352918,0.0,0.0,0.47508133155376925,0.47508133155376925,-3.900357737167707,-6.973105895114656,6.074311429316554,3.8311641837308117,-0.20887387786303258,-0.017090951045320324,0.18618473578216804,0.0
73.15,-3.836086498462611,-7.167713345196099,6.112105016602041,-0.17108029057754592,0.24513547897880608,3.778600137974615,2.499999999999979,0.9262689546917899,0.08071894059987571,0.013174991447266502,21.565414342791968,0.0,0.0,0.48032514504190743,0.48032514504190743,-3.8513906290828026,-6.983215250821129,6.084875973790775,3.778600137974615,-0.19830933338880996,-0.027229042811264037,0.18513174563546747,0.0
73.2,-3.786842298818137,-7.176378520568199,6.105484054269382,-0.17770125291020378,0.23647662760945626,3.811537616592781,2.4999999999999876,0.9013395615784455,0.07787945245834221,0.013062110776720169,21.578589334239233,0.0,0.0,0.5165022966553457,0.5165022966553457,-3.80231143585983,-6.992765198181344,6.097132747739716,3.811537616592781,-0.18605255943987054,-0.008351306529666758,0.18426379557241818,0.0
73.25,-3.7375562384151855,-7.184791388052237,6.124939558722446,-0.15824574845714068,0.22425792728786223,3.844192893534581,1.1519681032270679,0.8620907303987948,0.07387045554653267,0.012981382227618738,21.591651445015952,0.0,0.0,0.5467555177470818,0.5467555177470818,-3.753120797224554,-7.001723543155212,6.108956579120188,3.844192893534581,-0.17422872805939704,-0.015982979602256364,0.1837283084507439,0.0
73.3,-3.6881214864050786,-7.192290881209039,6.139225262981073,-0.14396004419851316,0.2350094865902931,3.8591470317965966,2.4999999999999885,0.9069361626189717,0.07739820846532519,0.012902310425556134,21.60463282724357,0.0,0.0,0.5652075444173171,0.5652075444173171,-3.703830209576107,-7.010114715645292,6.120169475484581,3.8591470317965966,-0.16301583169500589,-0.019055787496492727,0.18285217877611878,0.0
73.35000000000001,-3.6385940285373706,-7.199152110279017,6.1532017413528255,-0.12998356582676074,0.21492898101487626,3.8914028078604868,2.4999999999999822,0.8363752402118827,0.07080798757638117,0.01279623898971929,21.617535137669126,0.0,0.0,0.5942751314004195,0.5942751314004195,-3.654446553578507,-7.017939404433664,6.131919949814096,3.8914028078604868,-0.15126535736549052,-0.021281791538729777,0.18190477539079167,0.0
73.4,-3.5889564057829713,-7.205154722225358,6.167857395264779,-0.1153279119148074,0.21882930258613065,3.9233934053347848,2.5000000000000013,0.8585534426604351,0.07208853420127725,0.012692741397550293,21.630331376658845,0.0,0.0,0.6065334619546034,0.6065334619546034,-3.6049779613387405,-7.025208126598538,6.142666398864839,3.9233934053347848,-0.14051890831474623,-0.025190996399938825,0.1806584277583221,0.0
73.45,-3.5393200949973984,-7.211178494485684,6.161244036095567,-0.12194127108401887,0.17861505635268515,3.9551252588286605,2.499999999999998,0.7064449209876097,0.05887484920714792,0.01259171521151502,21.643024118056395,0.0,0.0,0.6166559122110674,0.6166559122110674,-3.5554334661758347,-7.031939995433439,6.153607863994146,3.9551252588286605,-0.12957744318543973,-0.007636172101420868,0.1799613299385053,0.0
73.5,-3.489630161494322,-7.216726054904021,6.1784853187624655,-0.10469998841712069,0.20969633831309786,3.986604546857448,2.5000000000000058,0.8359763757783536,0.06908965095818403,0.01249306361254871,21.65561583326791,0.0,0.0,0.6249808983195091,0.6249808983195091,-3.5058244465875417,-7.0381792709491116,6.16253861681178,3.986604546857448,-0.12064669036780629,-0.015946701950685593,0.1792796946960857,0.0
73.55,-3.4399334804817117,-7.222225889357063,6.170628990736716,-0.11255631644286979,0.1589497482838102,4.01783720588882,2.5000000000000053,0.6386342125213552,0.052405390097944746,0.012396695009951105,21.668108896880458,0.0,0.0,0.6415715692154205,0.6415715692154205,-3.456157258434841,-7.04393665910594,6.173023433727435,4.01783720588882,-0.11016187345215123,0.0023944429907185594,0.17902586571389684,0.0
73.60000000000001,-3.3902032111151232,-7.227411048965523,6.189542082135586,-0.09364322504400135,0.16409293811284523,4.048828943413698,2.49999999999997,0.6643842372410804,0.05409783392446759,0.012302522683884624,21.68050559189041,0.0,0.0,0.6096698966071046,0.6096698966071046,-3.406439022467923,-7.049236079198025,6.1809709211416255,4.048828943413698,-0.10221438603796074,-0.008571160993959381,0.17891316726818274,0.0
73.65,-3.340384894999593,-7.231669089060556,6.201391295939901,-0.0817940112396851,0.14293299302745804,4.079585250123409,2.5000000000000195,0.5831073301108098,0.047132954462172506,0.01221046445730342,21.692808114574294,0.0,0.0,0.6034670115224333,0.6034670115224333,-3.35667961847957,-7.054133802173824,6.1891755680472675,4.079585250123409,-0.0940097391323178,-0.0122157278926327,0.1782815080238089,0.0
73.7,-3.290571374218653,-7.23598140042006,6.195735536160464,-0.08744977101912355,0.10287618815831011,4.110111411266668,2.499999999999993,0.4228325948970872,0.0339361084746584,0.012120442394492094,21.7050185790316,0.0,0.0,0.6177045234680888,0.6177045234680888,-3.306884053757296,-7.058649451996689,6.196322217698641,4.110111411266668,-0.08686308948094634,0.0005866815381772028,0.17808066555738095,0.0
73.75,-3.240726787062583,-7.239919638873418,6.214330005487584,-0.06885530169200216,0.1154154034561935,4.140412517252898,2.500000000000017,0.47786738115381694,0.03806868245028769,0.012032382523700409,21.717139021426092,0.0,0.0,0.6262992548185123,0.6262992548185123,-3.2570616286365297,-7.062859017624221,6.201466027106556,4.140412517252898,-0.08171928007303109,-0.012863978381028929,0.17781251543802398,0.0
73.8,-3.190818039440378,-7.242939458913202,6.226692396047381,-0.05649291113220656,0.0756378756525978,4.170493473562149,2.5000000000000138,0.3154472667632645,0.024955317218064522,0.011946214581630277,21.729171403949792,0.0,0.0,0.6364026265580482,0.6364026265580482,-3.207216986926611,-7.066796625382238,6.207236797279366,4.170493473562149,-0.07594850990022017,-0.019455598768013616,0.17690455981396686,0.0
73.85000000000001,-3.140910397817111,-7.245965716284748,6.220808993684251,-0.06237631349533501,0.0687212127258911,4.200359010016225,2.499999999999962,0.28865376505243834,0.02267411369637883,0.011861871777769121,21.741117618531423,0.0,0.0,0.6460212016052611,0.6460212016052611,-3.1573540670534284,-7.0704961175029135,6.211018691061996,4.200359010016225,-0.07216661611759001,-0.009790302622254998,0.17623840204283334,0.0
73.9,-3.090985070767598,-7.248727473721796,6.2393551191586285,-0.043830188020958616,0.03674128330187571,4.230013689460647,2.49999999999996,0.15541613133528615,0.01212402940921846,0.011779290576773082,21.75297949030919,0.0,0.0,0.6556136988955045,0.6556136988955045,-3.1074781153637168,-7.074015632146467,6.214454751698291,4.230013689460647,-0.06873055548129514,-0.024900367460336525,0.17548859822419335,0.0
73.95,-3.0410049258658582,-7.250047489467843,6.27208554649708,-0.011099760682505178,0.031528167428627345,4.2594619159025795,2.4999999999999774,0.13429302844043833,0.010403919856395525,0.011698410497288697,21.764758780885963,0.0,0.0,0.665819699260702,0.665819699260702,-3.05759304009415,-7.077403634840823,6.216291815863385,4.2594619159025795,-0.06689349131620048,-0.055793730633695304,0.173438940477986,0.0
74.0,-2.991003941725529,-7.250264586773327,6.281896197371255,-0.0012891098083311903,0.01537721112232519,4.288707942145801,2.500000000000015,0.06594836746836878,0.005074436114508007,0.01161917392576541,21.77645719138325,0.0,0.0,0.6756608647712533,0.6756608647712533,-3.0077022532070266,-7.080706492097213,6.217868224234817,4.288707942145801,-0.06531708294476957,-0.06402797313643838,0.17037834685348743,0.0
74.05,-2.9410048962159676,-7.250468324761341,6.275449483967417,-0.007735823212168924,0.0033147222686531553,4.317755876960215,2.499999999999969,0.014312161555968057,0.0010938579123791713,0.011541525943956332,21.788076365309017,0.0,0.0,0.6850726872980549,0.6850726872980549,-2.957807623640849,-7.08395084369607,6.218637084790933,4.317755876960215,-0.06454822238865354,-0.05681239917648462,0.16736308777397046,0.0
74.10000000000001,-2.891007581219306,-7.251006098678567,6.26943834325431,-0.013746963925274969,-0.016054052713224513,4.346609691820105,2.499999999999983,-0.06978070111629253,-0.005297787831254872,0.011465414168933642,21.799617891252975,0.0,0.0,0.6946645845097142,0.6946645845097142,-2.9079114822704124,-7.087171879339886,6.218802820904365,4.346609691820105,-0.06438248627522114,-0.05063552234994617,0.1647039565312887,0.0
74.15,-2.841015123973993,-7.251873527495424,6.261859863647191,-0.02132544353239396,-0.03642522233124326,4.375273227242439,2.499999999999989,-0.15937030006224207,-0.012019744487969901,0.011390788604559582,21.81108330542191,0.0,0.0,0.7041339267566191,0.7041339267566191,-2.858016370558866,-7.0904088058226975,6.218000118268704,4.375273227242439,-0.06518518891088121,-0.04385974537848725,0.16235731806817547,0.0
74.2,-2.7910321571677335,-7.2531759131574605,6.252204267960597,-0.030981039218989537,-0.05421631329010337,4.403750198753838,2.500000000000023,-0.23875510042699305,-0.017889474732152463,0.011317601503456027,21.822474094026468,0.0,0.0,0.7142167425004788,0.7142167425004788,-2.808125554133056,-7.09371119061538,6.216178857152142,4.403750198753838,-0.06700645002744388,-0.03602541080845434,0.16037824651503307,0.0
74.25,-2.7410644299270404,-7.254977865590166,6.241708251206443,-0.041477055973142996,-0.07378909632417799,4.432044202512478,2.5000000000000195,-0.3270365365722079,-0.024345590705954042,0.0112458072386068,21.833791695529925,0.0,0.0,0.7244357094992785,0.7244357094992785,-2.758242357503915,-7.097126620764165,6.213468041487637,4.432044202512478,-0.06971726569194914,-0.028240209718806142,0.15878317508147557,0.0
74.3,-2.6911229978391744,-7.2573890251212445,6.227960078130581,-0.05522522904900562,-0.08091268166033086,4.460158720608995,2.4999999999999654,-0.3608834027151842,-0.026694842095207755,0.011175362183808145,21.84503750276853,0.0,0.0,0.7336793457834272,0.7336793457834272,-2.708370359133629,-7.100701665194393,6.209778586671428,4.460158720608995,-0.07340672050815833,-0.01818149145915271,0.157633753468184,0.0
74.35000000000001,-2.64121717842361,-7.2604699296482815,6.214381010273553,-0.06880429690603407,-0.09073627062600226,4.488097126068515,2.500000000000046,-0.4072331954267358,-0.029934025347591296,0.011106224602255715,21.85621286495234,0.0,0.0,0.7450502262399765,0.7450502262399765,-2.6585125660853053,-7.104469564144156,6.205732952588411,4.488097126068515,-0.07745235459117517,-0.008648057685141097,0.15695618647185916,0.0
74.4,-2.591375413170251,-7.26442863168345,6.195178363576378,-0.08800694360320804,-0.0915283927916585,4.515862687574155,2.5000000000000333,-0.4133296538614819,-0.030195189457270823,0.011038354542621528,21.867319089554595,0.0,0.0,0.7484628407096549,0.7484628407096549,-2.608671409694542,-7.108451377994231,6.201196139057111,4.515862687574155,-0.08198916812247603,0.006017775480732013,0.15693328252540717,0.0
74.45,-2.5415576828512014,-7.268704891104435,6.200519424387913,-0.08266588279167308,-0.11095443378587468,4.543458573930709,2.500000000000043,-0.5041168735000595,-0.036598613614549455,0.010971713742033084,21.878357444097215,0.0,0.0,0.7577381822871779,0.7577381822871779,-2.558848915008265,-7.11266025669832,6.196619719417528,4.543458573930709,-0.08656558776205792,-0.003899704970384832,0.15699972814131719,0.0
74.5,-2.4917715224119625,-7.273301972819333,6.179694780255406,-0.1034905269241797,-0.12568008736742628,4.570887858285793,2.5000000000000293,-0.5744695853760664,-0.04145067289886662,0.010906265535419252,21.88932915783925,0.0,0.0,0.7422614344673152,0.7422614344673152,-2.5090483846158977,-7.1171212835609445,6.191071997728234,4.570887858285793,-0.09211330945135288,0.011377217472826828,0.15713337540076888,0.0
74.55,-2.442046759900062,-7.278549877985492,6.180147701877072,-0.10303760530251438,-0.13110566099919513,4.598153522124341,2.5000000000000355,-0.6028439568938889,-0.04323790331033152,0.01084197477073501,21.900235423374667,0.0,0.0,0.7187766905489855,0.7187766905489855,-2.4592751344031476,-7.121876842033404,6.184787993359863,4.598153522124341,-0.09839731381972427,0.004640291482790104,0.15761743901758726,0.0
74.60000000000001,-2.392297019356047,-7.283552445641384,6.183279962027303,-0.09990534515228333,-0.13484589173975023,4.625258459051179,2.500000000000041,-0.6236971014375793,-0.0444698071080361,0.010778807729619724,21.9110773981454,0.0,0.0,0.7350421318828876,0.7350421318828876,-2.409533445810319,-7.126951826114936,6.178232710309903,4.625258459051179,-0.10495259686968339,-0.005047251717400059,0.1575463374153168,0.0
74.65,-2.3426013514019446,-7.289042901839702,6.161723831304224,-0.12146147587536227,-0.1397349381062703,4.652205478375229,2.4999999999999742,-0.6500756445784142,-0.046079887181869866,0.010716732053082122,21.92185620587502,0.0,0.0,0.7438464335642316,0.7438464335642316,-2.359826604063043,-7.132357417009639,6.171490415722915,4.652205478375229,-0.111694891456672,0.009766584418690272,0.1576294721353545,0.0
74.7,-2.292979420971824,-7.2951883035981515,6.161452527377875,-0.12173277980171093,-0.155662605462091,4.678997308507934,2.500000000000021,-0.7283449119924562,-0.05132354837110152,0.010655716671839866,21.932572937928104,0.0,0.0,0.7504570410240858,0.7504570410240858,-2.3101580468902205,-7.138104090707688,6.164503668817602,4.678997308507934,-0.1186816383619842,0.0030511414397267345,0.1580207427139258,0.0
74.75,-2.2433501845123995,-7.301263860841399,6.1604624856756,-0.12272282150398617,-0.14441441429724117,4.705636600187534,2.500000000000038,-0.6795617535117439,-0.04762072699389692,0.010595731740973073,21.94322865459994,0.0,0.0,0.7498143913786195,0.7498143913786195,-2.2605333068742213,-7.144217400616566,6.156720538544498,4.705636600187534,-0.12646476863508838,-0.003741947131102208,0.1579837028406769,0.0
74.8,-2.1937286321584444,-7.307404555566592,6.159983008835903,-0.12320229834368313,-0.12597015417005517,4.732125929539967,2.499999999999982,-0.5961066328962652,-0.04154623019327739,0.010536748578579568,21.953824386340916,0.0,0.0,0.7501268129883989,0.7501268129883989,-2.2109558069980997,-7.150702818391822,6.149499817829636,4.732125929539967,-0.13368548934995061,-0.01048319100626749,0.15764583720018355,0.0
74.85000000000001,-2.1441070112200418,-7.313544368096687,6.160070733033742,-0.12311457414584481,-0.12057751993097741,4.758467800986415,2.499999999999955,-0.5737642461143537,-0.039769601489123604,0.010478739608145392,21.964361134919496,0.0,0.0,0.7496329254900393,0.7496329254900393,-2.1614232526315194,-7.157523213764419,6.143201310121133,4.758467800986415,-0.13998399705845443,-0.016869422912609622,0.15697914771011437,0.0
74.9,-2.0944891160859367,-7.319712707286513,6.159311409851523,-0.12387389732806398,-0.09376504914325291,4.784664650006778,2.4999999999999787,-0.4486343160418706,-0.03093259674037128,0.010421678304367622,21.974839874527643,0.0,0.0,0.7487229878705284,0.7487229878705284,-2.1119336708551457,-7.164648782035815,6.137172434124584,4.784664650006778,-0.1460128730550032,-0.022138975726939236,0.15604208856987867,0.0
74.95,-2.04485602220869,-7.3257647735298725,6.163401729593463,-0.1197835775861229,-0.06509689579741831,4.810718845767697,2.5000000000000395,-0.31316286341361627,-0.021478672060927635,0.010365539142187621,21.98526155283201,0.0,0.0,0.7242604685070071,0.7242604685070071,-2.062482952632763,-7.1720394442628725,6.132484181667421,4.810718845767697,-0.15070112551216397,-0.030917547926041067,0.15473262595336087,0.0
75.0,-1.9952732604989827,-7.3321957617989435,6.1424698857550615,-0.14071542142452387,-0.031531795793427714,4.836632693623167,2.5000000000000044,-0.15250771442314193,-0.010405117087165268,0.010310297548812368,21.9956270919742,0.0,0.0,0.6953859322513903,0.6953859322513903,-2.0130619532594136,-7.1796264472178,6.12922933687755,4.836632693623167,-0.1539559703020359,-0.013240548877512026,0.15360284288347273,0.0
75.05,-1.9457847539783533,-7.339336821461883,6.1411783860547295,-0.1420069211248567,-0.013229195078772552,4.862408437495198,2.4999999999999654,-0.0643257497722936,-0.004365606641781049,0.01025592985851894,22.005937389523012,0.0,0.0,0.7038338290774944,0.7038338290774944,-1.9636594094344797,-7.187332817685223,6.127652747087879,4.862408437495198,-0.15553256009170724,-0.01352563896685055,0.153051365468623,0.0
75.10000000000001,-1.896287348231978,-7.3464063885702,6.140444346864313,-0.1427409603152725,0.0021188449519687173,4.888048262141495,2.5000000000000298,0.010357016385217967,0.0006992187201987211,0.01020241327005339,22.016193319381532,0.0,0.0,0.7131083855521034,0.7131083855521034,-1.9142655159433415,-7.195094466648787,6.12699128733394,4.888048262141495,-0.15619401984564618,-0.013453059530373679,0.15237621937103446,0.0
75.15,-1.8467991375088393,-7.353542579834739,6.139837287235047,-0.14334801994453983,0.032737509354267266,4.9135542953166285,2.5000000000000027,0.16085752970562822,0.01080295781819498,0.010149725806449784,22.026395732651586,0.0,0.0,0.7235834551127411,0.7235834551127411,-1.8648737793461443,-7.202869835037153,6.127097229581539,4.9135542953166285,-0.15608807759804755,-0.01274005765350772,0.1517529858104461,0.0
75.2,-1.7973128648860983,-7.3606914583566105,6.139559034469024,-0.14362627271056283,0.03946463712667478,4.938928609832753,2.499999999999974,0.1949130253816019,0.013022594043494902,0.010097846277108607,22.036545458458036,0.0,0.0,0.7306426546563075,0.7306426546563075,-1.8154752914695953,-7.210602159222451,6.128734105049252,4.938928609832753,-0.15445120213033547,-0.010824929419772644,0.15118423017624608,0.0
75.25,-1.7478280627212526,-7.3678507439749135,6.139524837192352,-0.14366046998723547,0.050425135216905906,4.964173225525524,2.500000000000029,0.2503191061372685,0.016638758980807924,0.010046754241985907,22.046643304735145,0.0,0.0,0.7277692587365562,0.7277692587365562,-1.7660629293160963,-7.218245303551226,6.130707336905585,4.964173225525524,-0.1524779702740009,-0.008817500286765423,0.15071263438775506,0.0
75.3,-1.6983420555265116,-7.3750015125609885,6.139864368709804,-0.1433209384697811,0.05700120155881493,4.989290111130489,2.500000000000015,0.28439553125995115,0.018808178418045527,0.009996429977755678,22.056690058977132,0.0,0.0,0.7131392848376951,0.7131392848376951,-1.716633521006181,-7.225777386251494,6.133228593666431,4.989290111130489,-0.14995671351315565,-0.006635775043374537,0.15034100432758174,0.0
75.35000000000001,-1.6488539911727098,-7.382138500211924,6.140098475416677,-0.14308683176290948,0.06168052813684454,5.014281186074879,2.4999999999999996,0.30928351178374175,0.02035176395803283,0.009946854445818333,22.066686488954886,0.0,0.0,0.6982014456840783,0.6982014456840783,-1.667184066019312,-7.233176690896715,6.136078653744371,5.014281186074879,-0.14710665343521612,-0.004019821672306634,0.15008534997907885,0.0
75.4,-1.5993588126722638,-7.389224424933921,6.141927455292664,-0.1412578518869232,0.06057990258808675,5.039148322189424,2.4999999999999876,0.30527111448515615,0.019988705277208068,0.009898009262037327,22.076633343400704,0.0,0.0,0.7004922131232935,0.7004922131232935,-1.617712877529846,-7.240429244097102,6.139162680151213,5.039148322189424,-0.14402262702837376,-0.0027647751414505706,0.1499229053115568,0.0
75.45,-1.5498660029098648,-7.39633227505006,6.139106335177966,-0.14407897200161912,0.06651632121367565,5.063893345344518,2.5000000000000004,0.3368315563507305,0.021946861645047725,0.009849876668094735,22.086531352662742,0.0,0.0,0.6998148432755271,0.6998148432755271,-1.5682197519603167,-7.247530554534551,6.142191675280618,5.063893345344518,-0.14099363189896863,0.003085340102650491,0.14992935714056366,0.0
75.5,-1.5003301184997662,-7.403117760610252,6.158906390362547,-0.1242789168170404,0.08857795726592503,5.0885180370147545,2.500000000000021,0.4507305332295816,0.029222404908147794,0.009802439504364376,22.096381229330838,0.0,0.0,0.7002458903075638,0.7002458903075638,-1.5187043164156147,-7.254474569109711,6.145517491341302,5.0885180370147545,-0.13766781583828447,-0.013388899021244072,0.14977452897110852,0.0
75.55,-1.450690292789232,-7.4091161265015355,6.16179654455104,-0.12138876262854659,0.07953011357001495,5.113024135775666,2.4999999999999583,0.4066393902044662,0.026238914158061254,0.009755681184208406,22.106183668835204,0.0,0.0,0.699220766149227,0.699220766149227,-1.4691623463774963,-7.261226540542946,6.149946389204598,5.113024135775666,-0.13323891797498888,-0.011850155346442293,0.14903874126806996,0.0
75.60000000000001,-1.4010748264144948,-7.415304406298524,6.157625103803411,-0.12556020337617468,0.09164467732450837,5.137413338736186,2.5000000000000306,0.470816587711103,0.03023352833194886,0.009709585669609902,22.115939350019413,0.0,0.0,0.7027913180736871,0.7027913180736871,-1.4195924295686349,-7.267770243871715,6.153922894883099,5.137413338736186,-0.12926241229648738,-0.0037022089203126995,0.14869173046795195,0.0
75.65,-1.3514320091686194,-7.421269716212679,6.173510761801047,-0.10967454537853882,0.09006989249925504,5.161687302910211,2.4999999999999867,0.4649126204878924,0.02971431610982361,0.009664137448060169,22.125648935689025,0.0,0.0,0.6891224186661584,0.6891224186661584,-1.3699949745190776,-7.274101758559318,6.158505128749324,5.161687302910211,-0.12468017843026225,-0.015005633051723422,0.1483340535496272,0.0
75.7,-1.3016667772155734,-7.426104665522002,6.199037983225522,-0.08414732395406332,0.08305917738446512,5.185847646530362,2.49999999999999,0.4307322395619763,0.02740266753187314,0.009619321510625096,22.135313073137084,0.0,0.0,0.6451894577145137,0.6451894577145137,-1.3203692666632043,-7.2802078943651365,6.163008623374287,5.185847646530362,-0.12017668380529933,-0.03602935985123601,0.1470906215417477,0.0
75.75,-1.2518192944082618,-7.43001303613668,6.2070940311213345,-0.07609127605825172,0.10377955273851815,5.209895950306924,2.499999999999993,0.5406806715370696,0.034233872577464165,0.009575123331120166,22.14493239464771,0.0,0.0,0.6512786525476592,0.6512786525476592,-1.270717588703907,-7.2860991830756445,6.16716158224351,5.209895950306924,-0.11602372493607582,-0.0399324488778241,0.14514938039880898,0.0
75.8,-1.2019582766556147,-7.433736845637475,6.211151678294565,-0.07203362888502163,0.09860626199742405,5.2338337586347246,2.4999999999999574,0.5160887828548983,0.03252858866953813,0.009531528846328447,22.154507517978832,0.0,0.0,0.6496664885680347,0.6496664885680347,-1.2210389545038216,-7.291758484668073,6.172350559880436,5.2338337586347246,-0.1108347472991511,-0.038801118414129476,0.14325476344856677,0.0
75.85000000000001,-1.152069632928434,-7.437073249115109,6.222046994418719,-0.061138312760867564,0.10043333019592125,5.257662580750545,2.5000000000000178,0.528044562031259,0.03313087155486966,0.009488524437200429,22.16403904682516,0.0,0.0,0.6500627356824118,0.6500627356824118,-1.1713323168310898,-7.297166359212362,6.177280872980307,5.257662580750545,-0.10590443419927809,-0.04476612143841052,0.14122672846665035,0.0
75.9,-1.1021765977166575,-7.440330184928467,6.20905845680426,-0.0741268503753254,0.09986167143612622,5.2813838918435465,2.499999999999997,0.5274078229353298,0.03294242998339284,0.009446096910978608,22.17352757126236,0.0,0.0,0.6500800601208743,0.6500800601208743,-1.1215993870034524,-7.302326827908953,6.182302539490103,5.2813838918435465,-0.1008827676894839,-0.026755917314158495,0.13936345034597353,0.0
75.95,-1.0523209069856496,-7.4441317733394925,6.210465424967321,-0.07271988221226522,0.11602099809854771,5.304999134120993,2.500000000000045,0.6154912944526489,0.038268237680699035,0.009404233484193556,22.182973668173336,0.0,0.0,0.6496220579069543,0.6496220579069543,-1.0718412397837558,-7.307238201577132,6.187295623061909,5.304999134120993,-0.09588968411767596,-0.023169801905410736,0.13827831855502665,0.0
76.0,-1.0024391485705535,-7.447568266992805,6.217018068251482,-0.06616723892810406,0.10144387930666847,5.328509717831477,2.4999999999999796,0.5405446967001064,0.03346398315811093,0.009362921766481668,22.19237790165753,0.0,0.0,0.6515373445103971,0.6515373445103971,-1.0220573284563066,-7.311880955290758,6.193096672966837,5.328509717831477,-0.0900886342127496,-0.02392139528464554,0.13709821129014876,0.0
76.05,-0.9525420318162592,-7.450774813053473,6.221272461893271,-0.06191284528631513,0.09986068260768906,5.351917022247681,2.4999999999999467,0.534446087101364,0.03294210402399349,0.009322149745178109,22.20174082342401,0.0,0.0,0.6622534085263024,0.6622534085263024,-0.9722488956354017,-7.316252986864541,6.19816886693217,5.351917022247681,-0.08501644024741495,-0.023103594961099816,0.13595764856304118,0.0
76.10000000000001,-0.902623050672451,-7.45362054536083,6.231870948525103,-0.05131435865448353,0.08769989144990609,5.375222396610626,2.500000000000003,0.47140642070185595,0.028932888118141976,0.009281905770641419,22.211062973169188,0.0,0.0,0.6719064035909225,0.6719064035909225,-0.922419089258418,-7.320374297648986,6.203161901062555,5.375222396610626,-0.08002340611703218,-0.028709047462548654,0.13470874386239126,0.0
76.15,-0.852700176579029,-7.4563830393921435,6.218817434869078,-0.064367872310509,0.0781923332418496,5.39842716103723,2.4999999999999787,0.42211561555767513,0.025797745442474696,0.00924217854226911,22.22034487893983,0.0,0.0,0.6816574477540733,0.6816574477540733,-0.8725704940225127,-7.3242619122288035,6.20754689563505,5.39842716103723,-0.07563841154453499,-0.011270539234025989,0.13360696747631196,0.0
76.2,-0.8028109091234773,-7.459715226649359,6.219646522329329,-0.0635387848502571,0.06800539346196735,5.421532607392902,2.4999999999999676,0.3686934581326401,0.02243801350325129,0.009202957095166062,22.2295870574821,0.0,0.0,0.6919231815415745,0.6919231815415745,-0.8227061962154478,-7.327942757213248,6.211456512297143,5.421532607392902,-0.07172879488244277,-0.008190010032185668,0.13326592268754514,0.0
76.25,-0.7529004978283999,-7.462707176024833,6.225576733516096,-0.05760857366349015,0.05799516572143761,5.444540000130817,2.4999999999999436,0.3157569995845827,0.01913606853919086,0.009164230787430078,22.238790014577265,0.0,0.0,0.700077684159734,0.700077684159734,-0.7728287704797493,-7.33144132738617,6.214856781970241,5.444540000130817,-0.06832852520934551,-0.010719951545855366,0.13276994791629237,0.0
76.3,-0.7029771628327676,-7.4654746601366835,6.230477398538201,-0.052707908641384194,0.047858785720700986,5.467450577099392,2.4999999999999742,0.2616655456079227,0.01579208636076373,0.009125989288021068,22.247954245364696,0.0,0.0,0.6998056293564561,0.6998056293564561,-0.7229405651191091,-7.3347827663121725,6.217756540256312,5.467450577099392,-0.06542876692327404,-0.012720858281889846,0.1322078233021161,0.0
76.35000000000001,-0.6530389677528045,-7.467959508902167,6.236460231736435,-0.04672507544315252,0.054098028617722047,5.490265550319444,2.5000000000000053,0.2970125428600748,0.01785045325387257,0.009088222565182472,22.257080234652715,0.0,0.0,0.700314530928232,0.700314530928232,-0.673043686266516,-7.337992172458968,6.220149479542347,5.490265550319444,-0.0630358276372398,-0.016310752194087286,0.13149789848112622,0.0
76.4,-0.6030879634582033,-7.470174136584145,6.24117124626855,-0.04201406091103621,0.03766731849872361,5.5129861067324,2.499999999999983,0.2076594035613276,0.012429574965384963,0.009050920875385476,22.266168457217898,0.0,0.0,0.6974173441835614,0.6974173441835614,-0.6231387922988192,-7.341074384943171,6.222854380973233,5.5129861067324,-0.06033092620635294,-0.01831686529531673,0.1306475472825905,0.0
76.45,-0.5531223182597172,-7.4720272505043654,6.251909052383679,-0.03127625479590712,0.026453970319827973,5.535613408920864,2.500000000000022,0.14643895282163427,0.008729588450608526,0.009014074752768329,22.275219378093283,0.0,0.0,0.6880866358303097,0.6880866358303097,-0.5732269508166086,-7.344042101385043,6.224737746898169,5.535613408920864,-0.058447560281416955,-0.027171305485509833,0.12955460101958058,0.0
76.5,-0.5031536295481067,-7.473776212730981,6.239170551361128,-0.04401475581845915,0.01758950710411496,5.558148595802785,2.500000000000037,0.09776509421159968,0.0058044721555867256,0.008977674999044762,22.284233452846053,0.0,0.0,0.673475322390967,0.673475322390967,-0.5233104123822494,-7.346929803974295,6.226060445414161,5.558148595802785,-0.057124861765425194,-0.013110105946966044,0.12843795120092433,0.0
76.55,-0.45320732614428483,-7.476102050068126,6.239693209221933,-0.043492097957653186,0.01622676765804161,5.580592783300397,2.4999999999999907,0.0905549824887593,0.005354782146109016,0.008941712673857117,22.293211127845098,0.0,0.0,0.6475129152710721,0.6475129152710721,-0.47339072256596254,-7.3497625424910025,6.226939920769367,5.580592783300397,-0.056245386410218146,-0.01275328845256496,0.12794155175682592,0.0
76.60000000000001,-0.4032466333949077,-7.478083884710574,6.246015839096299,-0.03716946808328814,0.022383675395871085,5.60294706498504,2.4999999999999507,0.12541454836287375,0.0073864785421219005,0.008906179085551177,22.302152840518954,0.0,0.0,0.6506647581922014,0.6506647581922014,-0.4234686555328382,-7.352553077565163,6.227751259152269,5.60294706498504,-0.05543404802731722,-0.01826457994402908,0.12714917900610054,0.0
76.65,-0.35327797545832207,-7.47985469655605,6.249722501819075,-0.03346280536051083,0.0025796486725920362,5.625212512698917,2.500000000000033,0.014511071991431874,0.0008512838563179911,0.008871065782351079,22.311059019604503,0.0,0.0,0.6498226492838075,0.6498226492838075,-0.37354391939842946,-7.3552954234507295,6.228870442922062,5.625212512698917,-0.054314864257523965,-0.020852058897013137,0.12619715131614234,0.0
76.7,-0.30329869620643257,-7.481296454292165,6.25974770718756,-0.023437599992025326,0.00961075039180673,5.647390177154795,2.5000000000000417,0.05427565735777593,0.0031715369954631663,0.008836364543913997,22.319930085386854,0.0,0.0,0.6500457893377634,0.6500457893377634,-0.32361747896365306,-7.3580066117597145,6.228999425355692,5.647390177154795,-0.05418588182389428,-0.03074828183186895,0.12495294396056303,0.0
76.75,-0.25331851653086324,-7.482675601096844,6.246080848421846,-0.03710445875774049,0.017831057255153663,5.669481088514581,2.500000000000023,0.1010928418963144,0.005884180982778393,0.00880206737324541,22.328766449930768,0.0,0.0,0.6499939546676684,0.6499939546676684,-0.27369021503152247,-7.3607025843381395,6.229479962875282,5.669481088514581,-0.05370534430430496,-0.01660088554656447,0.12366253643291053,0.0
76.80000000000001,-0.20335795653145397,-7.484672734044459,6.246043675962855,-0.03714163121673053,0.008051137322890405,5.6914862569476945,-3.544167873559153,0.04582293742602939,0.0026568690649646943,0.008809213520777119,22.337568517304014,0.0,0.0,0.6499784986800871,0.6499784986800871,-0.22376111446308136,-7.363364303862937,6.23037151573804,5.6914862569476945,-0.05281379144154741,-0.015672160224816878,0.12301229242107474,0.0
76.85000000000001,-0.15338749730442772,-7.486390966796645,6.249902293159136,-0.03328301402045142,0.029549047079779647,5.660264925396033,-4.000000000000039,0.16725543476455282,0.009750876488119965,0.008861253721534148,22.34637773082479,0.0,0.0,0.6500917468296512,0.6500917468296512,-0.1738303007518087,-7.365993716034715,6.230774072604184,5.660264925396033,-0.05241123457540198,-0.01912822055495056,0.1221204577612584,0.0
76.9,-0.10340954766179643,-7.487879087472176,6.258218974723481,-0.024966332456106244,0.022482891136314537,5.624819910509896,-3.9999999999999867,0.12646221370936847,0.0074192179422098515,0.00891744848242196,22.355238984546325,0.0,0.0,0.6496553367232523,0.6496553367232523,-0.12389704164543566,-7.368576191639194,6.232251524958174,5.624819910509896,-0.05093378222141354,-0.025967449765307293,0.1210492394187789,0.0
76.95,-0.05343225005832769,-7.489358483423678,6.243703032298265,-0.039482274881320834,-0.006515268966469475,5.589150116580209,-4.000000000000033,-0.03641481630349428,-0.002150035445973283,0.00897472609802811,22.364156433028747,0.0,0.0,0.6513772164654117,0.6513772164654117,-0.0739604635926617,-7.3710937120672195,6.233375669514989,5.589150116580209,-0.04980963766459823,-0.010327362783277394,0.120033177475674,0.0
77.0,-0.003471084094081126,-7.491334145900591,6.250526258280659,-0.032659048898928233,0.03752584590617845,5.553251212188096,-3.999999999999963,0.20839044926686914,0.012382896195138854,0.00903312179877011,22.373131159126775,0.0,0.0,0.6620611594307609,0.6620611594307609,-0.024022882139676786,-7.373591298205385,6.2330499060666655,5.553251212188096,-0.050135401112921585,-0.01747635221399335,0.11952302952269696,0.0
77.05000000000001,0.04649835265285978,-7.493064121214975,6.239584302767749,-0.0436010044118369,0.018113418551179983,5.517118724993016,-3.9999999999999756,0.09993388066235094,0.0059773569329500285,0.00909267244095796,22.382164280925544,0.0,0.0,0.6717347811744286,0.6717347811744286,0.02591661349097775,-7.376050168416743,6.234926198361975,5.517118724993016,-0.04825910881761075,-0.004658104405773855,0.11881024003171906,0.0
77.10000000000001,0.09644487741797174,-7.495385508137821,6.239923467836755,-0.04326183934283101,0.011707777275362447,5.480748035229184,-4.000000000000026,0.06416737729884363,0.0038635472770345643,0.009153416604559424,22.3912569533665,0.0,0.0,0.6814934688860337,0.6814934688860337,0.07585948667068952,-7.378439571620488,6.235831869289534,5.480748035229184,-0.04735343789005242,-0.004091598547221409,0.11874388565368091,0.0
77.15,0.14640610939420803,-7.497354779869534,6.246065637984427,-0.0371196691951603,0.03100311784037533,5.444134368810946,-4.000000000000019,0.16878513937508313,0.010230671935665842,0.009215394698247793,22.40041036997106,0.0,0.0,0.6917499516156432,0.6917499516156432,0.12580412833608856,-7.3807917403054235,6.236417258153302,5.444134368810946,-0.04676804902628362,-0.009648379831123322,0.1183696912893815,0.0
77.2,0.19637572553929897,-7.4990958781337165,6.2511434818087945,-0.0320418253707917,-0.005270457383674532,5.407272790017955,-3.9999999999999587,-0.02849880080169252,-0.001739249182874667,0.009278649072382057,22.409625764669308,0.0,0.0,0.7000195265229052,0.7000195265229052,0.1757512488220663,-7.383090577953449,6.23796741404532,5.407272790017955,-0.04521789313426616,-0.013176067763474464,0.1178244402056453,0.0
77.25,0.24635355296545433,-7.500586902142801,6.255253585529416,-0.02793172165016955,0.016399654747289938,5.370158193728427,-4.000000000000005,0.08806874031547636,0.005411833232172976,0.00934322414063725,22.41890441374169,0.0,0.0,0.6998882423912509,0.6998882423912509,0.2256998427092942,-7.38535728354109,6.237703891176136,5.370158193728427,-0.0454814160034509,-0.017549694353281353,0.11706596751593135,0.0
77.30000000000001,0.29633977469593664,-7.501763100119815,6.265003552923244,-0.01818175425634294,-0.004132210167996836,5.332785297165878,-3.999999999999973,-0.02203618962869287,-0.0013636285102237797,0.009409166511078768,22.428247637882325,0.0,0.0,0.7000299166020669,0.7000299166020669,0.27564906407371415,-7.387610091790594,6.2385238739135005,5.332785297165878,-0.04466143326608574,-0.026479679009742796,0.1160129941716173,0.0
77.35000000000001,0.34632659390430154,-7.502876204601662,6.251330651635436,-0.031854655544151456,0.008011119171462452,5.295148631121563,-4.000000000000023,0.042420066714521115,0.002643663167751136,0.009476525127559643,22.437656804393406,0.0,0.0,0.6999919856182734,0.6999919856182734,0.32559897530465365,-7.389847581260478,6.238317263405101,5.295148631121563,-0.0448680437744855,-0.013013388230334044,0.11491346251512873,0.0
77.4,0.39629607895438157,-7.5046374255810475,6.250200248295502,-0.03298505888408343,0.016694121689456883,5.257242530611324,-3.999999999999951,0.0877650465570137,0.005509004425680815,0.009545351422415643,22.447133329520966,0.0,0.0,0.7000021437926798,0.7000021437926798,0.3755491030311009,-7.392080226929883,6.238717819363674,5.257242530611324,-0.044467487815911255,-0.011482428931827826,0.1144533091621161,0.0
