segment,time,s_meas,ey_meas,epsi_meas,vx_meas,vy_meas,wz_meas,curv,a,delta,x_meas,y_meas,psi_meas,s_pred,ey_pred,epsi_pred,vx_pred,vy_pred,wz_pred,x_pred,y_pred,psi_pred
0,1780391968.6815145,3.743994403665811,-22.413432222813288,3.1108159683128207,0.0,0.0,0.0,0.219518,0.0,0.011090183503813586,22.560494922094712,-19.507316574931146,-2.259942771091362,3.743994403665811,-22.413432222813288,3.1108159683128207,0.0,0.0,0.0,22.560494922094712,-19.507316574931146,-2.259942771091362
0,1780391968.7315145,3.7439944036658104,-22.41343222281329,3.110815968312822,0.0,0.0,0.0,0.219518,0.0,0.010198618691812466,22.560494922094712,-19.50731657493115,-2.25994277109136,3.743993641689558,-22.41362284641433,3.111365195414475,-5.9078173697744255e-06,0.0013827488255180335,0.016004979427966644,22.560644985224222,-19.507434132546905,-2.2593935623757284
0,1780391968.7815144,3.74399440366581,-22.41343222281329,3.110815968312824,0.0,0.0,0.0,0.219518,0.0,0.009961427309140803,22.560494922094712,-19.507316574931153,-2.2599427710913584,3.7439931688544767,-22.413694807503486,3.1109429039437178,-6.68302946331552e-05,0.0016112982057174265,0.09838805475949874,22.560701460047362,-19.507478736621206,-2.2598158652523557
0,1780391968.8315144,3.7439944036658104,-22.41343222281329,3.1108159683128247,0.0,0.0,0.0,0.219518,0.0,0.010203095212878356,22.560494922094712,-19.50731657493115,-2.2599427710913575,3.7439929506909326,-22.41377208322312,3.1127239076910085,-4.387613754088802e-05,0.0014905051567431847,0.07115732946103201,22.560762378776918,-19.507526281949136,-2.258034866766806
0,1780391968.8815143,3.743994403665811,-22.413432222813295,3.110815968312826,0.0,0.0,0.0,0.21951800000000002,0.0,0.01066977840546935,22.56049492209472,-19.50731657493115,-2.2599427710913567,3.7439926448170437,-22.413847075095898,3.113792515921383,-4.980819302568748e-05,0.001589334044806933,0.0815106452452106,22.560821408339372,-19.50757253682774,-2.2569662659126806
0,1780391968.9315143,3.743994403665762,-22.413432222813004,3.110815968312827,0.0,0.0,0.0,0.21951799999999708,0.0,0.010971433959480232,22.560494922094442,-19.507316574931032,-2.2599427710913567,3.743992338649516,-22.41392630157868,3.1151468034418155,-4.5275131442941414e-05,0.0016511701576297103,0.0785104075839741,22.560883787176163,-19.507621382899792,-2.255611985774502
0,1780391968.9815142,3.743994403665762,-22.413432222813004,3.110815968312828,0.0,0.0,0.0,0.21951799999999708,0.0,0.010960734724182764,22.560494922094442,-19.507316574931032,-2.2599427710913558,3.743992000777817,-22.414008202023894,3.116429301251827,-4.42398927456178e-05,0.0016910375693087215,0.0800410425572619,22.560948251226446,-19.50767190358898,-2.25432949610994
0,1780391969.0315142,3.743994403665762,-22.413432222813004,3.1108159683128283,0.0,0.0,0.0,0.21951799999999708,0.0,0.0109461600303194,22.560494922094442,-19.507316574931032,-2.259942771091355,3.743991663092323,-22.414091100280654,3.1177520088748674,-4.128777407158566e-05,0.0016733835271563774,0.07947478339091787,22.56101350472899,-19.507723034518378,-2.2530067966265515
0,1780391969.0815141,3.743994403665762,-22.413432222813004,3.1108159683128287,0.0,0.0,0.0,0.21951799999999708,0.0,0.011136571471428795,22.560494922094442,-19.507316574931032,-2.259942771091355,3.7439913234487703,-22.414173487940847,3.119059383283453,-3.906435278535567e-05,0.001677136395459855,0.07965710526842756,22.56107835252635,-19.507773855413745,-2.2516994304034945
0,1780391969.131514,3.743994403665762,-22.413432222813004,3.110815968312829,0.0,0.0,0.0,0.21951799999999708,0.0,0.011515052556627846,22.560494922094442,-19.507316574931032,-2.259942771091354,3.743990974385267,-22.414256649615467,3.1203763194964225,-3.699005451393757e-05,0.001716122887781033,0.07987422876295748,22.561143803702812,-19.507825161326288,-2.2503825026016973
0,1780391969.181514,3.743994403665762,-22.413432222813004,3.1108159683128296,0.0,0.0,0.0,0.21951799999999708,0.0,0.011960883910650852,22.560494922094442,-19.507316574931032,-2.259942771091354,3.743990606372326,-22.414342168847206,3.121708420136234,-3.518889938332575e-05,0.0017813734423321355,0.08035808485655312,22.561211101848258,-19.507877932718614,-2.249050410828157
0,1780391969.231514,3.743994403665762,-22.413432222813004,3.11081596831283,0.0,0.0,0.0,0.21951799999999708,0.0,0.012120226881329639,22.560494922094442,-19.507316574931032,-2.259942771091353,3.7439902170008517,-22.414430967713432,3.123064415245816,-3.3336848725939566e-05,0.0018507587464862251,0.08084603123798975,22.56128097405064,-19.50793273667408,-2.2476944250977287
0,1780391969.281514,3.743994403665762,-22.413432222813004,3.11081596831283,0.0,0.0,0.0,0.21951799999999708,0.0,0.011736295044116682,22.560494922094442,-19.507316574931032,-2.259942771091353,3.743989818421429,-22.414522136131,3.1244372813004837,-3.080231328370916e-05,0.0018577351954111702,0.08090723602966422,22.561352711893786,-19.507989001573765,-2.2463215686422124
0,1780391969.331514,3.743994403665762,-22.413432222813004,3.1108159683128305,0.0,0.0,0.0,0.21951799999999708,0.0,0.010753881374133571,22.560494922094442,-19.507316574931032,-2.259942771091353,3.743989433653525,-22.41461212192202,3.1258022046070213,-2.7430116873817546e-05,0.0017734880442962983,0.08031483062057104,22.561423527325637,-19.508044526056754,-2.2449566546004682
0,1780391969.3815138,3.743994403665762,-22.413432222813004,3.1108159683128305,0.0,0.0,0.0,0.21951799999999708,0.0,0.009782949783341018,22.560494922094442,-19.507316574931032,-2.259942771091353,3.743989087038621,-22.414696427466016,3.127126996216144,-2.3564435812104856e-05,0.0015974159265566548,0.07906816231095855,22.561489885697927,-19.508096528710478,-2.2436318713360004
0,1780391969.4315138,3.743994403665762,-22.413432222813004,3.1108159683127177,0.0,0.0,0.0,0.21951799999999708,0.0,0.009677386658228185,22.560494922094442,-19.507316574931032,-2.259942771091466,3.7439887792131072,-22.414772709635493,3.12839465282371,-2.048015444441478e-05,0.0014595169052014254,0.0780750459149028,22.56154993421221,-19.5081435751761,-2.2423642221380895
0,1780391969.4815137,3.743994403665762,-22.413432222813004,3.1108159683127177,0.0,0.0,0.0,0.21951799999999708,0.0,0.010581596769819696,22.560494922094442,-19.507316574931032,-2.259942771091466,3.7439884768254186,-22.41484503657955,3.129633428482917,-1.8892206743890794e-05,0.0014906434995549417,0.0782763211197173,22.561606859316466,-19.508188195082752,-2.2411254537565846
0,1780391969.5315137,3.743994403665762,-22.413432222813004,3.1108159683127177,0.0,0.0,0.0,0.21951799999999708,0.0,0.012140132756776527,22.560494922094442,-19.507316574931032,-2.259942771091466,3.743988141466837,-22.41492138675678,3.1309000305919854,-1.8519677324604437e-05,0.0016704664451362681,0.07954588149064405,22.56166693572002,-19.508235316647202,-2.2398588597175166
0,1780391969.5815136,3.743994403665762,-22.413432222813004,3.1108159683127177,0.0,0.0,0.0,0.21951799999999708,0.0,0.013837266267897512,22.560494922094442,-19.507316574931032,-2.259942771091466,3.7439877526433345,-22.415007949262623,3.132238992106293,-1.8916205223919255e-05,0.0019315414705265582,0.08140230743035108,22.561735039642944,-19.508288751480002,-2.238519907558161
0,1780391969.6315136,3.743994403665762,-22.413432222813004,3.1108159683127177,0.0,0.0,0.0,0.21951799999999708,0.0,0.014482340156129982,22.560494922094442,-19.507316574931032,-2.259942771091466,3.7439873121637266,-22.415107329868444,3.133669288174362,-1.925022184424152e-05,0.00219067622616912,0.08325421255195398,22.56181323393877,-19.508350091651348,-2.237089622085775
0,1780391969.6815135,3.743994403665762,-22.413432222813004,3.1108159683127172,0.0,0.0,0.0,0.21951799999999708,0.0,0.013905727978044293,22.560494922094442,-19.507316574931032,-2.259942771091466,3.7439868591616317,-22.415215741116896,3.1351646283759704,-1.6596221295943354e-05,0.0022275429419682477,0.08354795471515811,22.561898559625266,-19.508416972232695,-2.235594292778753
0,1780391969.7315135,3.743994403665762,-22.413432222813004,3.1108159683127172,0.0,0.0,0.0,0.21951799999999708,0.0,0.012181716484540252,22.560494922094442,-19.507316574931032,-2.259942771091466,3.743986426289973,-22.415323061778903,3.1366533761825828,-1.187699602372007e-05,0.0020907989039738164,0.08258570332519195,22.561983041653765,-19.50848316101716,-2.2341055553803937
0,1780391969.7815135,3.743994403665762,-22.413432222813004,3.1108159683127172,0.0,0.0,0.0,0.21951799999999708,0.0,0.010625791816498326,22.560494922094442,-19.507316574931032,-2.259942771091466,3.7439860418495905,-22.415420698583826,3.138073738774205,-6.009915031240078e-06,0.001777401855028066,0.0803693601637456,22.562059909470392,-19.508543365954427,-2.2326852020307077
0,1780391969.8315134,3.743994403665762,-22.413432222813004,3.1108159683127172,0.0,0.0,0.0,0.21951799999999708,0.0,0.009537646330544276,22.560494922094442,-19.507316574931032,-2.259942771091466,3.743985693865698,-22.415504665662638,3.139396780099096,-2.099985998029539e-06,0.0015687101855945485,0.07885783419805355,22.56212599900776,-19.508595162963317,-2.231362169069876
0,1780391969.8815134,3.743994403665762,-22.413432222813004,3.1108159683127172,0.0,0.0,0.0,0.21951799999999708,0.0,0.00929427002068722,22.560494922094442,-19.507316574931032,-2.259942771091466,3.7439853723995156,-22.415579344720822,3.1406527714832926,7.503404621327812e-07,0.0014186021308774397,0.0777862472080246,22.562184766791226,-19.508641244999378,-2.230106185411131
0,1780391969.9315133,3.743994403665762,-22.413432222813004,3.1108159683127172,0.0,0.0,0.0,0.21951799999999708,0.0,0.009678795163912197,22.560494922094442,-19.507316574931032,-2.259942771091466,3.7439850448857546,-22.415649160933313,-3.1413964481423733,7.2853851249223354e-06,0.0014162063268238886,0.06995155424635081,22.562239682432057,-19.508684359148738,-2.2289701057267766
0,1780391969.9815133,3.743994403665762,-22.413432222813004,3.1108159683127172,0.0,0.0,0.0,0.21951799999999708,0.0,0.010420318875032005,22.560494922094442,-19.507316574931032,-2.259942771091466,3.743984678247535,-22.415719657248385,-3.140535665756497,1.0551850158651996e-05,0.001442430109317989,0.06616502007350583,22.562295099214708,-19.508727936996994,-2.2281093321490952
0,1780391970.0315132,3.743994403665762,-22.413432222813004,3.1108159683127172,0.0,0.0,0.0,0.21951799999999708,0.0,0.011030225119564262,22.560494922094442,-19.507316574931032,-2.259942771091466,3.7439842813697637,-22.41579256778259,-3.1398000957571948,1.184021356211912e-05,0.001508069430745424,0.06458798573070751,22.562352397178703,-19.508773028705193,-2.2273737716827307
0,1780391970.0815132,3.743994403665762,-22.413432222813004,3.1108159683127172,0.0,0.0,0.0,0.21951799999999708,0.0,0.011730594388665638,22.560494922094442,-19.507316574931032,-2.259942771091466,3.7439838695936176,-22.415869063232986,-3.139112366681164,1.2194665365520539e-05,0.0015856064954253408,0.06407754160551674,22.562412516779062,-19.50882033186445,-2.226686052495582
0,1780391970.131513,3.743994403665762,-22.413432222813004,3.1108159683127172,0.0,0.0,0.0,0.21951799999999708,0.0,0.01245540050279975,22.560494922094442,-19.507316574931032,-2.259942771091466,3.7439834471244895,-22.415949753714372,-3.138432855978129,1.195761370051434e-05,0.0016759405363116378,0.06416856568630622,22.56247594457146,-19.508870214639874,-2.2260065519362007
0,1780391970.181513,3.743994403665762,-22.413432222813004,3.1108159683127172,0.0,0.0,0.0,0.21951799999999708,0.0,0.01302657254393474,22.560494922094442,-19.507316574931032,-2.259942771091466,3.743983018198784,-22.41603515263916,-3.137739592979338,1.1385594059775793e-05,0.0017750031508324338,0.06458725054527674,22.56254309064904,-19.508922985994925,-2.2253132992339912
0,1780391970.231513,3.743994403665762,-22.413432222813004,3.1108159683127172,0.0,0.0,0.0,0.21951799999999708,0.0,0.01320781006205756,22.560494922094442,-19.507316574931032,-2.259942771091466,3.743982589825957,-22.41612527634912,-3.1370230187608787,1.0836666233127893e-05,0.0018683740491525895,0.0651001181713153,22.56261397453512,-19.508978647398976,-2.224596735296734
0,1780391970.281513,3.743994403665762,-22.413432222813004,3.1108159683127172,0.0,0.0,0.0,0.21951799999999708,0.0,0.01280844381740212,22.560494922094442,-19.507316574931032,-2.259942771091466,3.7439821718171524,-22.41621915302065,-3.136285385121602,1.0799433638698352e-05,0.001931928869914932,0.06546383249161597,22.562687836757956,-19.50903659232798,-2.2238591116878856
0,1780391970.331513,3.743994403665762,-22.413432222813004,3.1108159683127172,0.0,0.0,0.0,0.21951799999999708,0.0,0.011705580223373606,22.560494922094442,-19.507316574931032,-2.259942771091466,3.743981774290553,-22.416314558261032,-3.1355404566194793,1.1719389726363056e-05,0.0019391633731283334,0.06545137175500558,22.562762927361902,-19.509095447530235,-2.2231141927228446
0,1780391970.3815129,3.743994403665762,-22.413432222813004,3.1108159683127172,0.0,0.0,0.0,0.21951799999999708,0.0,0.010281006873244328,22.560494922094442,-19.507316574931032,-2.259942771091466,3.7439814061561107,-22.416408060708516,-3.1348119491574153,1.3806339109111239e-05,0.0018667360186428025,0.06487748330256977,22.562836540551267,-19.50915310276863,-2.2223856940910958
0,1780391970.4315128,3.743994403665762,-22.413432222813004,3.1108159683127172,0.0,0.0,0.0,0.21951799999999708,0.0,0.009149559984381887,22.560494922094442,-19.507316574931032,-2.259942771091466,3.743981064910054,-22.41649613061617,-3.134124709381502,1.6558562201278573e-05,0.0017282694687642355,0.06384049806348646,22.56290588196927,-19.509207401495345,-2.2216984624991447
0,1780391970.4815128,3.743994403665762,-22.413432222813004,3.1108159683127172,0.0,0.0,0.0,0.21951799999999708,0.0,0.008801188193283687,22.560494922094442,-19.507316574931032,-2.259942771091466,3.7439807361629165,-22.416576945603797,-3.1334911223551964,1.9146950320155582e-05,0.0015744686821367172,0.06271327004126695,22.562969496589833,-19.509257246232153,-2.2210648833557816
0,1780391970.5315127,3.743994403665762,-22.413432222813004,3.1108159683127172,0.0,0.0,0.0,0.21951799999999708,0.0,0.009126087119195084,22.560494922094442,-19.507316574931032,-2.259942771091466,3.7439804002635375,-22.416651490418324,-3.132903072219095,2.0917872298092655e-05,0.0014671487745769232,0.061945642659804144,22.56302814485136,-19.509303263375852,-2.220476841272842
0,1780391970.5815127,3.743994403665762,-22.413432222813004,3.1108159683127172,0.0,0.0,0.0,0.21951799999999708,0.0,0.009823122427985357,22.560494922094442,-19.507316574931032,-2.259942771091466,3.743980047402672,-22.416722776374886,-3.132337895556161,2.17023843716749e-05,0.0014315684898215557,0.061711961058759514,22.56308419944996,-19.50934730726172,-2.219911673068326
0,1780391970.6315126,3.743994403665762,-22.413432222813004,3.1108159683127172,0.0,0.0,0.0,0.21951799999999708,0.0,0.01056993082020798,22.560494922094442,-19.507316574931032,-2.259942771091466,3.7439796783605517,-22.416794139752692,-3.1317710315991008,2.1629659605856238e-05,0.0014603333700878394,0.06194686439176757,22.563140300087472,-19.509391418167855,-2.219344817956035
0,1780391970.6815126,3.743994403665762,-22.413432222813004,3.1108159683127172,0.0,0.0,0.0,0.21951799999999708,0.0,0.011264051064704293,22.560494922094442,-19.507316574931032,-2.259942771091466,3.743979301153231,-22.416868016419713,-3.1311849233466735,2.1042385287152276e-05,0.0015274149792123732,0.062452397513795235,22.56319838105414,-19.509437076677223,-2.2187587187424542
0,1780391970.7315125,3.743994403665762,-22.413432222813004,3.1108159683127172,0.0,0.0,0.0,0.21951799999999708,0.0,0.011628039331427328,22.560494922094442,-19.507316574931032,-2.259942771091466,3.743978923155607,-22.416945696063728,-3.130570603899144,2.023868765603632e-05,0.0016117868257785554,0.06307351848550782,22.563259469417762,-19.509485062889095,-2.218144408351071
0,1780391970.7815125,3.743994403665762,-22.413432222813004,3.1108159683127172,0.0,0.0,0.0,0.21951799999999708,0.0,0.011624959548319743,22.560494922094442,-19.507316574931032,-2.259942771091466,3.7439785547491993,-22.417027159724405,-3.129928689226236,1.9700635389761596e-05,0.0016830028086308366,0.06358754661171845,22.563323559943584,-19.509535352581498,-2.217502502502942
0,1780391970.8315125,3.743994403665762,-22.413432222813004,3.1108159683127172,0.0,0.0,0.0,0.21951799999999708,0.0,0.01131694122714121,22.560494922094442,-19.507316574931032,-2.259942771091466,3.743978202011567,-22.41711120831933,-3.1292683391709133,1.972727669125875e-05,0.0017217740190795007,0.06385743357412672,22.563389709882046,-19.509587204735453,-2.2168421608956095
0,1780391970.8815124,3.743994403665762,-22.413432222813004,3.1108159683127172,0.0,0.0,0.0,0.21951799999999708,0.0,0.010873595316790432,22.560494922094442,-19.507316574931032,-2.259942771091466,3.7439778661874645,-22.41719606286332,-3.128602745557165,2.037010219197579e-05,0.0017217115276195714,0.06384183736345689,22.56345651324067,-19.50963952940738,-2.216176575323449
0,1780391970.9315124,3.743994403665762,-22.413432222813004,3.1108159683127172,0.0,0.0,0.0,0.21951799999999708,0.0,0.01053948241642896,22.560494922094442,-19.507316574931032,-2.259942771091466,3.743977543695589,-22.417280045388093,-3.1279441313837046,2.1433416648479304e-05,0.0016910257136266086,0.06360590233239515,22.563522639392666,-19.509691304325173,-2.2155179688711057
0,1780391970.9815123,3.743994403665762,-22.413432222813004,3.1108159683127172,0.0,0.0,0.0,0.21951799999999708,0.0,0.010450083852605492,22.560494922094442,-19.507316574931032,-2.259942771091466,3.743977227154823,-22.417362257616116,-3.127298834259368,2.2561980251924055e-05,0.001651204669411422,0.06331022794096273,22.56358737086752,-19.5097419888713,-2.2148726793242437
0,1780391971.0315123,3.743994403665762,-22.413432222813004,3.1108159683127172,0.0,0.0,0.0,0.21951799999999708,0.0,0.011030183257115488,22.560494922094442,-19.507316574931032,-2.259942771091466,3.7439769099635116,-22.417442848765127,-3.1266654573550867,2.3463246260869073e-05,0.001623368487031987,0.06310914566157975,22.563650819487766,-19.50979168236638,-2.2142393100118563
0,1780391971.0815122,3.743994403665762,-22.413432222813004,3.1108159683127172,0.0,0.0,0.0,0.21951799999999708,0.0,0.012104125183839938,22.560494922094442,-19.507316574931032,-2.259942771091466,3.7439765806919922,-22.41752356998265,-3.126030913334697,2.3584951483339312e-05,0.0016482571900543223,0.06330103138244424,22.563714359649666,-19.509841470103442,-2.2136047738712747
0,1780391971.1315122,3.743994403665762,-22.413432222813004,3.1108159683127172,0.0,0.0,0.0,0.21951799999999708,0.0,0.013358417915275507,22.560494922094442,-19.507316574931032,-2.259942771091466,3.7439762396033385,-22.417607306334368,-3.125373943034193,2.275275410947191e-05,0.0017356241755554303,0.06395044732982856,22.56378027366174,-19.509893116925838,-2.2129478117320636
0,1780391971.181512,3.743994403665762,-22.413432222813004,3.1108159683127172,0.0,0.0,0.0,0.21951799999999708,0.0,0.014092112606592256,22.560494922094442,-19.507316574931032,-2.259942771091466,3.7439758964796104,-22.41769668227588,-3.1246754967239,2.116435997006103e-05,0.0018693144738911307,0.0649317280078644,22.563850646639967,-19.509948216660533,-2.2122493736304087
0,1780391971.231512,3.743994403665762,-22.413432222813004,3.1108159683127172,0.0,0.0,0.0,0.21951799999999708,0.0,0.014187488152774229,22.560494922094442,-19.507316574931032,-2.259942771091466,3.743975571987004,-22.417792361106727,-3.123931161466562,1.9839273884327626e-05,0.001992918259952463,0.06582468541964454,22.56392602267284,-19.510007150020016,-2.2115050461347483
0,1780391971.281512,3.743994403665762,-22.413432222813004,3.1108159683127172,0.0,0.0,0.0,0.21951799999999708,0.0,0.014157294750965945,22.560494922094442,-19.507316574931032,-2.259942771091466,3.743975276730095,-22.41789272313194,-3.1231533406481766,1.952727738927483e-05,0.0020673138401763992,0.06634624128876046,22.564005130561313,-19.51006891314672,-2.210727232377689
0,1780391971.331512,3.743994403665762,-22.413432222813004,3.1108159683127172,0.0,0.0,0.0,0.21951799999999708,0.0,0.013875562575618922,22.560494922094442,-19.507316574931032,-2.259942771091466,3.743975002844814,-22.417995732055054,-3.122357209176604,1.9931089511456582e-05,0.0021059581261698933,0.06660625597103434,22.564086352219405,-19.510132269736836,-2.209931107455427
0,1780391971.381512,3.743994403665762,-22.413432222813004,3.1108159683127172,0.0,0.0,0.0,0.21951799999999708,0.0,0.013544935167249686,22.560494922094442,-19.507316574931032,-2.259942771091466,3.7439747471892706,-22.418099593755443,-3.121555810873304,2.1014091839022077e-05,0.0021076520862073267,0.06659901836466121,22.564168265559434,-19.510196125917062,-2.2091297152647393
0,1780391971.4315119,3.743994403665762,-22.413432222813004,3.1108159683127172,0.0,0.0,0.0,0.21951799999999708,0.0,0.013519273390797934,22.560494922094442,-19.507316574931032,-2.259942771091466,3.743974502451566,-22.418202869155024,-3.1207594601920907,2.2473030531583097e-05,0.00208574867556667,0.06642558475410643,22.564249725410836,-19.510259610104747,-2.208333370434395
0,1780391971.4815118,3.743994403665762,-22.413432222813004,3.1108159683127172,0.0,0.0,0.0,0.21951799999999708,0.0,0.013826411619042717,22.560494922094442,-19.507316574931032,-2.259942771091466,3.743974258020946,-22.41830530074827,-3.119969713982089,2.37396283167619e-05,0.0020720617709328944,0.06632134781150122,22.564330518116776,-19.510322577643315,-2.207543630067234
0,1780391971.5315118,3.743994403665762,-22.413432222813004,3.1108159683127172,0.0,0.0,0.0,0.21951799999999708,0.0,0.014606569261990401,22.560494922094442,-19.507316574931032,-2.259942771091466,3.7439740102404557,-22.418407841309282,-3.119179269388377,2.450796593212287e-05,0.002085792899380509,0.06642396348435049,22.56441139387602,-19.510385615909875,-2.206753191395738
0,1780391971.5815117,3.743994403665762,-22.413432222813004,3.1108159683127172,0.0,0.0,0.0,0.21951799999999708,0.0,0.01586958056201206,22.560494922094442,-19.507316574931032,-2.259942771091466,3.7439737582062986,-22.41851241616323,-3.118373852576057,2.443651807659819e-05,0.0021469158085556613,0.06687655659434216,22.56449387475341,-19.510449903970795,-2.205947780606578
0,1780391971.6315117,3.743994403665762,-22.413432222813004,3.1108159683127172,0.0,0.0,0.0,0.21951799999999708,0.0,0.01758178905057605,22.560494922094442,-19.507316574931032,-2.259942771091466,3.7439735071241573,-22.418621694797302,-3.1175339091621077,2.3270162025941216e-05,0.002266804177343277,0.06775811285453129,22.564580077179492,-19.510517068770312,-2.2051078431923123
0,1780391971.6815116,3.743994403665762,-22.413432222813004,3.1108159683127172,0.0,0.0,0.0,0.21951799999999708,0.0,0.019172447254724855,22.560494922094442,-19.507316574931032,-2.259942771091466,3.743973267971423,-22.418738693422775,-3.116637534421141,2.0819577781094648e-05,0.0024492428590488966,0.06909227938387583,22.56467239726237,-19.51058894237846,-2.204211474165299
0,1780391971.7315116,3.743994403665762,-22.413432222813004,3.1108159683127172,0.0,0.0,0.0,0.21951799999999708,0.0,0.020504387498887576,22.560494922094442,-19.507316574931032,-2.259942771091466,3.7439730634776693,-22.41886544702686,-3.1156702099518894,1.7842802198643257e-05,0.0026577428125197137,0.07060462054765569,22.564772466011462,-19.510666742251342,-2.203244154581391
0,1780391971.7815115,3.743994403665762,-22.413432222813004,3.1108159683127172,0.0,0.0,0.0,0.21951799999999708,0.0,0.02112334055361152,22.560494922094442,-19.507316574931032,-2.259942771091466,3.743972908790903,-22.41900239558955,-3.1146292635246846,1.5070593575091622e-05,0.002863105297168069,0.07208155242057464,22.56488064567539,-19.510750719186042,-2.202203211849325
0,1780391971.8315115,3.743994403665762,-22.413432222813004,3.1108159683127172,0.0,0.0,0.0,0.21951799999999708,0.0,0.021125615351320754,22.560494922094442,-19.507316574931032,-2.259942771091466,3.7439728154700997,-22.419148025916098,-3.1135262692103436,1.378537983708299e-05,0.0030184151628415814,0.0731802300933895,22.564995750188025,-19.51083993333131,-2.201100219764087
0,1780391971.8815114,3.743994403665762,-22.413432222813004,3.1108159683127172,0.0,0.0,0.0,0.21951799999999708,0.0,0.020591901557774323,22.560494922094442,-19.507316574931032,-2.259942771091466,3.7439727772429636,-22.419299306728153,-3.1123837512971653,1.4479375941744338e-05,0.003103931289161916,0.07376407044674659,22.565115375942085,-19.510932537686,-2.199957702763991
0,1780391971.9315114,3.743994403665762,-22.413432222813004,3.1108159683127172,0.0,0.0,0.0,0.21951799999999708,0.0,0.01984473640724109,22.560494922094442,-19.507316574931032,-2.259942771091466,3.743972778876992,-22.41945264735652,-3.1112279817922883,1.713119003889676e-05,0.0031140906278510775,0.0738000387989116,22.56523666844098,-19.51102635387877,-2.1988019332200843
0,1780391971.9815114,3.743994403665762,-22.413432222813004,3.1108159683127172,0.0,0.0,0.0,0.21951799999999708,0.0,0.01930293713515531,22.560494922094442,-19.507316574931032,-2.259942771091466,3.743972798530704,-22.419604890372884,-3.110081745066553,2.1034632458879446e-05,0.003068094816454358,0.07343597518300661,22.565357109669097,-19.51111947663384,-2.197655696024908
0,1780391972.0315113,3.743994403665762,-22.413432222813004,3.1108159683127172,0.0,0.0,0.0,0.21951799999999708,0.0,0.018732712778898503,22.560494922094442,-19.507316574931032,-2.259942771091466,3.7439728153250362,-22.419754401847012,-3.108956434869752,2.5117723994459236e-05,0.003005674013254424,0.07296689361243913,22.56547538758725,-19.511210931626266,-2.1965303854269607
0,1780391972.0815113,3.743994403665762,-22.413432222813004,3.1108159683127172,0.0,0.0,0.0,0.21951799999999708,0.0,0.018001915116194277,22.560494922094442,-19.507316574931032,-2.259942771091466,3.7439728242051737,-22.419900529722348,-3.107856234011267,2.9218422644453933e-05,0.0029323573342450917,0.07242813702970123,22.5655909816758,-19.511300326049067,-2.1954301843563653
0,1780391972.1315112,3.743994403665762,-22.413432222813004,3.1108159683127172,0.0,0.0,0.0,0.21951799999999708,0.0,0.01722061127942811,22.560494922094442,-19.507316574931032,-2.259942771091466,3.7439728234043925,-22.420042562148698,-3.10678597186969,3.343057520613978e-05,0.002841974764703826,0.07177009090750457,22.565703327208105,-19.511387226518035,-2.1943599222339154
0,1780391972.1815112,3.743994403665762,-22.413432222813004,3.1108159683127172,0.0,0.0,0.0,0.21951799999999708,0.0,0.01666703822237993,22.560494922094442,-19.507316574931032,-2.259942771091466,3.743972807740447,-22.4201797803043,-3.1057506639511168,3.761117548251172e-05,0.0027388187219978093,0.07102351203740091,22.56581185073416,-19.511471199532142,-2.19332461468949
0,1780391972.231511,3.743994403665762,-22.413432222813004,3.1108159683127172,0.0,0.0,0.0,0.21951799999999708,0.0,0.016671296265453498,22.560494922094442,-19.507316574931032,-2.259942771091466,3.7439727702351235,-22.42031216957851,-3.1047501871950955,4.132193960794126e-05,0.0026445778356884776,0.07034826914767804,22.565916534140914,-19.511552244628188,-2.1923241388293064
0,1780391972.281511,3.743994403665762,-22.413432222813004,3.1108159683127172,0.0,0.0,0.0,0.21951799999999708,0.0,0.017378667566927707,22.560494922094442,-19.507316574931032,-2.259942771091466,3.7439726379236107,-22.42043733363891,-3.103958541179997,4.2189933653533296e-05,0.002623245253241377,0.07140613526786946,22.566015413401647,-19.511628984286077,-2.1915324959744207
0,1780391972.331511,3.743994403665762,-22.413432222813004,3.1108159683127172,0.0,0.0,0.0,0.21951799999999708,0.0,0.018721268254150814,22.560494922094442,-19.507316574931032,-2.259942771091466,3.7439725393867094,-22.420568078638503,-3.103129082378297,4.1962516299448773e-05,0.002621005128036901,0.07240123792336005,22.56611873886471,-19.511709097496578,-2.1907030395261087
0,1780391972.381511,3.743994403665762,-22.413432222813004,3.1108159683127172,0.0,0.0,0.0,0.21951799999999708,0.0,0.020078052395716833,22.560494922094442,-19.507316574931032,-2.259942771091466,3.7439724751207244,-22.42070024061483,-3.102049326548052,4.294608671671482e-05,0.0027224036163568774,0.07212556953705326,22.56622321734068,-19.51179003602747,-2.189623285230689
0,1780391972.431511,3.743994403665762,-22.413432222813004,3.1108159683127172,0.0,0.0,0.0,0.21951799999999708,0.0,0.020648507950480902,22.560494922094442,-19.507316574931032,-2.259942771091466,3.743972436649081,-22.420838755853673,-3.100959866849902,4.222465139907438e-05,0.0028704202139427037,0.07267206720263214,22.56633274541977,-19.511874830336076,-2.1885338264513106
0,1780391972.4815109,3.743994403665762,-22.413432222813004,3.1108159683127172,0.0,0.0,0.0,0.21951799999999708,0.0,0.020291679944262196,22.560494922094442,-19.507316574931032,-2.259942771091466,3.7439724548842443,-22.420983770151352,-3.099842525342274,4.198403610059165e-05,0.0029904105551428143,0.07325204354002864,22.56644746746677,-19.51196353207928,-2.187416484508196
0,1780391972.5315108,3.743994403665762,-22.413432222813004,3.1108159683127172,0.0,0.0,0.0,0.21951799999999708,0.0,0.019307711406471913,22.560494922094442,-19.507316574931032,-2.259942771091466,3.7439725297003097,-22.421132442183904,-3.098709512195301,4.362513414410851e-05,0.0030316281352184044,0.07337721555867555,22.566565135904305,-19.512054403005706,-2.1862834695744504
0,1780391972.5815108,3.743994403665762,-22.413432222813004,3.1108159683127172,0.0,0.0,0.0,0.21951799999999708,0.0,0.018199639555127208,22.560494922094442,-19.507316574931032,-2.259942771091466,3.7439726359376357,-22.42128067704373,-3.0975862586406637,4.716215689204156e-05,0.002986254285250644,0.07293891506617206,22.566682488064288,-19.512144968290603,-2.1851602134825203
0,1780391972.6315107,3.743994403665762,-22.413432222813004,3.1108159683127172,0.0,0.0,0.0,0.21951799999999708,0.0,0.017348731217854678,22.560494922094442,-19.507316574931032,-2.259942771091466,3.7439726143666094,-22.421417180194982,-3.096712639951728,4.9658797219899184e-05,0.002944542626259756,0.07376450140683387,22.56679044047879,-19.512228511019806,-2.1842865953087816
0,1780391972.6815107,3.743994403665762,-22.413432222813004,3.1108159683127172,0.0,0.0,0.0,0.21951799999999708,0.0,0.017069793205430835,22.560494922094442,-19.507316574931032,-2.259942771091466,3.7439725430366075,-22.421547195207935,-3.0958849878005426,5.3493322757658196e-05,0.002882017652260806,0.07415678371019287,22.566893214089284,-19.512308144559075,-2.1834589448611847
0,1780391972.7315106,3.743994403665762,-22.413432222813004,3.1108159683127172,0.0,0.0,0.0,0.21951799999999708,0.0,0.01762078016806725,22.560494922094442,-19.507316574931032,-2.259942771091466,3.743972447313311,-22.421675181552217,-3.0950724478083895,5.7259232113702636e-05,0.0028207850358632656,0.07437758008903074,22.56699436012556,-19.512386566528406,-2.1826464071551186
0,1780391972.7815106,3.743994403665762,-22.413432222813004,3.1108159683127172,0.0,0.0,0.0,0.21951799999999708,0.0,0.01848017952607467,22.560494922094442,-19.507316574931032,-2.259942771091466,3.74397237396937,-22.421807551196416,-3.094230475901965,5.9406210684941654e-05,0.002788019644672426,0.07471430682323464,22.567098994335957,-19.512467643142813,-2.181804437000241
0,1780391972.8315105,3.743994403665762,-22.413432222813004,3.1108159683127172,0.0,0.0,0.0,0.21951799999999708,0.0,0.018939143749942947,22.560494922094442,-19.507316574931032,-2.259942771091466,3.7439723523787953,-22.421946659902922,-3.0933423616155897,5.978658595597006e-05,0.0027855350662367717,0.07520447040385318,22.567209007701454,-19.512552780048658,-2.180916323229464
0,1780391972.8815105,3.743994403665762,-22.413432222813004,3.1108159683127172,0.0,0.0,0.0,0.21951799999999708,0.0,0.019308066093684236,22.560494922094442,-19.507316574931032,-2.259942771091466,3.743972371317137,-22.422089348512248,-3.0924295992179025,5.9501168455437904e-05,0.002795845408740852,0.07569213315678656,22.567321890811826,-19.512640058015354,-2.180003560379516
0,1780391972.9315104,3.743994403665762,-22.413432222813004,3.1108159683127172,0.0,0.0,0.0,0.21951799999999708,0.0,0.0196375571250424,22.560494922094442,-19.507316574931032,-2.259942771091466,3.7439724307891447,-22.422234892234226,-3.091497024056242,5.884666550374889e-05,0.002814329748641647,0.07615301463406454,22.567437070370104,-19.512729033588975,-2.1790709837975943
0,1780391972.9815104,3.743994403665762,-22.413432222813004,3.1108159683127172,0.0,0.0,0.0,0.21951799999999708,0.0,0.020017013038436764,22.560494922094442,-19.507316574931032,-2.259942771091466,3.743972531908962,-22.42238296831527,-3.0905467511233247,5.797315748676737e-05,0.0028385365431533357,0.07658332545403217,22.567554292129458,-19.512819507944574,-2.1781207084497254
0,1780391973.0315104,3.743994403665762,-22.413432222813004,3.1108159683127172,0.0,0.0,0.0,0.21951799999999708,0.0,0.02034235860531028,22.560494922094442,-19.507316574931032,-2.259942771091466,3.743972680661014,-22.422533954743933,-3.0895760764630325,5.6851332895279236e-05,0.0028686588442455585,0.07700302909221045,22.56767386070009,-19.512911705074337,-2.1771500302367106
0,1780391973.0815103,3.743994403665762,-22.413432222813004,3.1108159683127172,0.0,0.0,0.0,0.21951799999999708,0.0,0.020273898920334845,22.560494922094442,-19.507316574931032,-2.259942771091466,3.7439728761972373,-22.422687419124294,-3.088587916637562,5.563611881704068e-05,0.002902258610292081,0.07740155990261689,22.567795433267833,-19.513005361451473,-2.176161865740761
0,1780391973.1315103,3.743994403665762,-22.413432222813004,3.1108159683127172,0.0,0.0,0.0,0.21951799999999708,0.0,0.02001952099671375,22.560494922094442,-19.507316574931032,-2.259942771091466,3.7439730927613057,-22.42284029074765,-3.0876035074899764,5.5030751235699367e-05,0.0029286821779064094,0.07768559506949932,22.5679165567353,-19.51309862961037,-2.1751774514199234
0,1780391973.1815102,3.743994403665762,-22.413432222813004,3.1108159683127172,0.0,0.0,0.0,0.21951799999999708,0.0,0.01974611658098283,22.560494922094442,-19.507316574931032,-2.259942771091466,3.7439733145074454,-22.42299114219364,-3.0866328200133166,5.5253442982091954e-05,0.002943511920198356,0.07783104809829305,22.56803608713954,-19.51319065546106,-2.174206758645665
0,1780391973.2315102,3.743994403665762,-22.413432222813004,3.1108159683127172,0.0,0.0,0.0,0.21951799999999708,0.0,0.019376504350320827,22.560494922094442,-19.507316574931032,-2.259942771091466,3.743973535880228,-22.42313985077465,-3.0856768343104988,5.617269803154657e-05,0.00294759470003616,0.07786324471805683,22.568153922216027,-19.513281370688055,-2.173250767653605
0,1780391973.28151,3.743994403665762,-22.413432222813004,3.1108159683127172,0.0,0.0,0.0,0.21951799999999708,0.0,0.01902942571776414,22.560494922094442,-19.507316574931032,-2.259942771091466,3.7439737464381944,-22.42328569249892,-3.084740690068986,5.7806791406283154e-05,0.002939585603750224,0.07778088027553454,22.568269479482115,-19.513370345017925,-2.172314618380726
0,1780391973.33151,3.743994403665762,-22.413432222813004,3.1108159683127172,0.0,0.0,0.0,0.21951799999999708,0.0,0.018880048904243246,22.560494922094442,-19.507316574931032,-2.259942771091466,3.7439739438609236,-22.423428863442492,-3.08382316530121,5.993743230090995e-05,0.0029222638344788433,0.07761858879788562,22.56838291185029,-19.51345770123627,-2.1713970888949925
0,1780391973.38151,3.743994403665762,-22.413432222813004,3.1108159683127172,0.0,0.0,0.0,0.21951799999999708,0.0,0.01902286831786952,22.560494922094442,-19.507316574931032,-2.259942771091466,3.7439741392813017,-22.423570906540828,-3.0829136709392304,6.206278132562588e-05,0.0029039224431193352,0.07745702800080659,22.568495450228877,-19.513544369830516,-2.170487589862467
0,1780391973.43151,3.743994403665762,-22.413432222813004,3.1108159683127172,0.0,0.0,0.0,0.21951799999999708,0.0,0.019583992627009033,22.560494922094442,-19.507316574931032,-2.259942771091466,3.7439743536272396,-22.423714082969845,-3.0819965444938395,6.36380899685947e-05,0.0028941148539858397,0.07738279842691573,22.568608902854606,-19.51363170882493,-2.1695704582937045
0,1780391973.48151,3.743994403665762,-22.413432222813004,3.1108159683127172,0.0,0.0,0.0,0.21951799999999708,0.0,0.020026798067917656,22.560494922094442,-19.507316574931032,-2.259942771091466,3.7439746215055005,-22.423861622972716,-3.0810492937572236,6.405449126225655e-05,0.0029031837192192737,0.07748775117468286,22.56872585734652,-19.513721652521735,-2.168623201153428
0,1780391973.5315099,3.743994403665762,-22.413432222813004,3.1108159683127172,0.0,0.0,0.0,0.21951799999999708,0.0,0.020150958997676816,22.560494922094442,-19.507316574931032,-2.259942771091466,3.743974941396105,-22.424012585000543,-3.0800782278203394,6.3822202548742e-05,0.002923003452469807,0.07768516932605313,22.56884556752698,-19.513813626692183,-2.1676521275684424
0,1780391973.5815098,3.743994403665762,-22.413432222813004,3.1108159683127172,0.0,0.0,0.0,0.21951799999999708,0.0,0.02003363339810691,22.560494922094442,-19.507316574931032,-2.259942771091466,3.743975292481501,-22.42416447795565,-3.0791004936977306,6.365600343364362e-05,0.002942631299602768,0.07786552200923205,22.568966043401797,-19.51390613249912,-2.16667438505056
0,1780391973.6315098,3.743994403665762,-22.413432222813004,3.1108159683127172,0.0,0.0,0.0,0.21951799999999708,0.0,0.019770938494845534,22.560494922094442,-19.507316574931032,-2.259942771091466,3.7439756553496597,-22.4243154285913,-3.0781290816614884,6.39733860704735e-05,0.0029553088326591316,0.0779681144937865,22.569085785008106,-19.513998047421385,-2.1657029643358032
0,1780391973.6815097,3.743994403665762,-22.413432222813004,3.1108159683127172,0.0,0.0,0.0,0.21951799999999708,0.0,0.019325430068128945,22.560494922094442,-19.507316574931032,-2.259942771091466,3.743976015753918,-22.424464324097816,-3.0771717876114058,6.493232355336241e-05,0.002957809345857527,0.07797074813429691,22.569203898732958,-19.514088707922742,-2.1647456616646377
0,1780391973.7315097,3.743994403665762,-22.413432222813004,3.1108159683127172,0.0,0.0,0.0,0.21951799999999708,0.0,0.018807806395490054,22.560494922094442,-19.507316574931032,-2.259942771091466,3.743976355416624,-22.424609769808164,-3.0762383995098683,6.671865136718969e-05,0.0029460342440296664,0.07784372736783421,22.569319264223843,-19.514177282922432,-2.1638122654368024
0,1780391973.7815096,3.743994403665762,-22.413432222813004,3.1108159683127172,0.0,0.0,0.0,0.21951799999999708,0.0,0.01830127988790039,22.560494922094442,-19.507316574931032,-2.259942771091466,3.743976664031529,-22.42475123517444,-3.0753327598822144,6.925868319111793e-05,0.0029199863052429215,0.07759624276486782,22.56943145212898,-19.51426346034812,-2.162906618424509
0,1780391973.8315096,3.743994403665762,-22.413432222813004,3.1108159683127172,0.0,0.0,0.0,0.21951799999999708,0.0,0.018091030268744358,22.560494922094442,-19.507316574931032,-2.259942771091466,3.7439769382757158,-22.424888829936627,-3.07445427108936,7.232150876650947e-05,0.002882734375750912,0.0772624837316875,22.569540546122518,-19.514347311387287,-2.162028123068531
0,1780391973.8815095,3.743994403665762,-22.413432222813004,3.1108159683127172,0.0,0.0,0.0,0.21951799999999708,0.0,0.018181979705914342,22.560494922094442,-19.507316574931032,-2.259942771091466,3.7439771990236883,-22.425024854796156,-3.0735871075860826,7.518764961373857e-05,0.0028470172989836754,0.07696034576229348,22.56964838566064,-19.514430218305,-2.1611609533243166
0,1780391973.9315095,3.743994403665762,-22.413432222813004,3.1108159683127172,0.0,0.0,0.0,0.21951799999999708,0.0,0.018409109716179484,22.560494922094442,-19.507316574931032,-2.259942771091466,3.743977471663588,-22.425161632536433,-3.072715144490378,7.733501856051477e-05,0.0028225819010078007,0.07677379248983542,22.569756831914354,-19.51451357138452,-2.16028898370221
0,1780391973.9815094,3.743994403665762,-22.413432222813004,3.1108159683127172,0.0,0.0,0.0,0.21951799999999708,0.0,0.018577731939442278,22.560494922094442,-19.507316574931032,-2.259942771091466,3.74397777140357,-22.425300202782,-3.071831042092493,7.870342953384336e-05,0.0028108155237868584,0.07670767171693665,22.569866721519848,-19.514597988206276,-2.1594048741282217
0,1780391974.0315094,3.743994403665762,-22.413432222813004,3.1108159683127172,0.0,0.0,0.0,0.21951799999999708,0.0,0.01892086256852214,22.560494922094442,-19.507316574931032,-2.259942771091466,3.7439780975241743,-22.425440096897407,-3.0709379040946967,7.959953725968191e-05,0.0028067376175632108,0.07670863858663285,22.569977683118367,-19.514683182915295,-2.1585117283215687
0,1780391974.0815094,3.743994403665762,-22.413432222813004,3.1108159683127172,0.0,0.0,0.0,0.21951799999999708,0.0,0.01952211616735719,22.560494922094442,-19.507316574931032,-2.259942771091466,3.7439784684131383,-22.425582655440497,-3.0700263407594366,7.983062238234881e-05,0.0028137172329137272,0.07680607097004354,22.5700907943762,-19.51476995333988,-2.1576001561040044
0,1780391974.1315093,3.743994403665762,-22.413432222813004,3.1108159683127172,0.0,0.0,0.0,0.21951799999999708,0.0,0.020120415517488117,22.560494922094442,-19.507316574931032,-2.259942771091466,3.743978912232803,-22.42572986514016,-3.069082437173516,7.911582333945411e-05,0.002836259325330639,0.07704036000647385,22.570207653273716,-19.51485948076152,-2.156656241887109
0,1780391974.1815093,3.743994403665762,-22.413432222813004,3.1108159683127172,0.0,0.0,0.0,0.21951799999999708,0.0,0.020421544175409617,22.560494922094442,-19.507316574931032,-2.259942771091466,3.7439794357123715,-22.425881680852488,-3.0681063194702407,7.76982450851406e-05,0.002870559460754409,0.07737006465058047,22.57032823044821,-19.514951729355978,-2.1556801116418294
0,1780391974.2315092,3.743994403665762,-22.413432222813004,3.1108159683127172,0.0,0.0,0.0,0.21951799999999708,0.0,0.020139000333011872,22.560494922094442,-19.507316574931032,-2.259942771091466,3.743980015751328,-22.426035772507664,-3.0671140139305755,7.625003326346467e-05,0.002906791675958297,0.07769560730249468,22.570450661125168,-19.51504530158949,-2.154687792201384
0,1780391974.2815092,3.743994403665762,-22.413432222813004,3.1108159683127172,0.0,0.0,0.0,0.21951799999999708,0.0,0.019263794062427435,22.560494922094442,-19.507316574931032,-2.259942771091466,3.743980596453643,-22.426187604160916,-3.0661369742072564,7.579540788403143e-05,0.0029293390553078048,0.07786871284909136,22.570571304841774,-19.515137490210794,-2.1537107385575185
0,1780391974.331509,3.743994403665762,-22.413432222813004,3.1108159683127172,0.0,0.0,0.0,0.21951799999999708,0.0,0.018287072773626373,22.560494922094442,-19.507316574931032,-2.259942771091466,3.7439811157330096,-22.426332622700635,-3.065206956309911,7.721714168632357e-05,0.00292169083513967,0.07775209747729106,22.570686501711265,-19.51522558502232,-2.152780708208773
0,1780391974.381509,3.743994403665762,-22.413432222813004,3.1108159683127172,0.0,0.0,0.0,0.21951799999999708,0.0,0.017548782415653916,22.560494922094442,-19.507316574931032,-2.259942771091466,3.7439815552982347,-22.42647011707913,-3.064329242222453,8.030063069453134e-05,0.002883287751256797,0.07736938967722964,22.57079567207407,-19.515309173257243,-2.1519029835788994
0,1780391974.431509,3.743994403665762,-22.413432222813004,3.1108159683127172,0.0,0.0,0.0,0.21951799999999708,0.0,0.017421782806385736,22.560494922094442,-19.507316574931032,-2.259942771091466,3.7439819295154813,-22.426601979043784,-3.0634910589373017,8.414714796482302e-05,0.0028278508023553955,0.07686143292395121,22.570900325786614,-19.515389394884316,-2.1510647913168732
0,1780391974.481509,3.743994403665762,-22.413432222813004,3.1108159683127172,0.0,0.0,0.0,0.21951799999999708,0.0,0.01795593276410062,22.560494922094442,-19.507316574931032,-2.259942771091466,3.743982291331455,-22.426732933985537,-3.0626598155358025,8.73513597262905e-05,0.0027816391008809063,0.07646571702540783,22.571004250405096,-19.515469076627305,-2.150233539234457
0,1780391974.531509,3.743994403665762,-22.413432222813004,3.1108159683127172,0.0,0.0,0.0,0.21951799999999708,0.0,0.01889009664635012,22.560494922094442,-19.507316574931032,-2.259942771091466,3.7439827072629916,-22.426868071921213,-3.061800084495951,8.886610932310313e-05,0.002764264536982808,0.07635102111243534,22.571111534686608,-19.515551251769267,-2.1493737982134573
0,1780391974.5815089,3.743994403665762,-22.413432222813004,3.1108159683127172,0.0,0.0,0.0,0.21951799999999708,0.0,0.019792070414610452,22.560494922094442,-19.507316574931032,-2.259942771091466,3.7439832278846157,-22.42701046503124,-3.0608902029742624,8.847189052230538e-05,0.0027785329483728002,0.0765323825939358,22.571224656311763,-19.515637738399267,-2.1484639041955633
0,1780391974.6315088,3.743994403665762,-22.413432222813004,3.1108159683127172,0.0,0.0,0.0,0.21951799999999708,0.0,0.0202348905448826,22.560494922094442,-19.507316574931032,-2.259942771091466,3.743983863531428,-22.427159831254595,-3.059931748081262,8.674480793520615e-05,0.002814200912372396,0.0769015051843406,22.571343401928683,-19.515728351331866,-2.1475054340412503
0,1780391974.6815088,3.743994403665762,-22.413432222813004,3.1108159683127172,0.0,0.0,0.0,0.21951799999999708,0.0,0.02011668056028409,22.560494922094442,-19.507316574931032,-2.259942771091466,3.7439845751855505,-22.42731256891064,-3.0589494652769527,8.477685244333608e-05,0.0028551021812149957,0.07729136258502706,22.57146488594265,-19.515820934402747,-2.1465231341452564
0,1780391974.7315087,3.743994403665762,-22.413432222813004,3.1108159683127172,0.0,0.0,0.0,0.21951799999999708,0.0,0.019946126928362076,22.560494922094442,-19.507316574931032,-2.259942771091466,3.7439853045010936,-22.42746430928222,-3.057973624516482,8.358085046392123e-05,0.002886337264087946,0.07755824428514876,22.57158559782695,-19.5159128856997,-2.1455472758628975
0,1780391974.7815087,3.743994403665762,-22.413432222813004,3.1108159683127172,0.0,0.0,0.0,0.21951799999999708,0.0,0.01995862033679053,22.560494922094442,-19.507316574931032,-2.259942771091466,3.743986042041367,-22.427614669546013,-3.0570069974657033,8.311507008774897e-05,0.0029074324195579354,0.07771444822508258,22.571705225891385,-19.5160039824816,-2.14458063108642
0,1780391974.8315086,3.743994403665762,-22.413432222813004,3.1108159683127172,0.0,0.0,0.0,0.21951799999999708,0.0,0.02003163676417488,22.560494922094442,-19.507316574931032,-2.259942771091466,3.7439868041651025,-22.42776508890109,-3.0560397089625297,8.291445013335031e-05,0.0029249111914561956,0.07783446986142666,22.57182492393909,-19.516095085368427,-2.1436133242601594
0,1780391974.8815086,3.743994403665762,-22.413432222813004,3.1108159683127172,0.0,0.0,0.0,0.21951799999999708,0.0,0.02011655232299007,22.560494922094442,-19.507316574931032,-2.259942771091466,3.7439875964063876,-22.427916042631864,-3.0550685001987112,8.28193198789849e-05,0.002941109416945168,0.07794368466108592,22.57194507313751,-19.516186478401515,-2.1426420964420947
0,1780391974.9315085,3.743994403665762,-22.413432222813004,3.1108159683127172,0.0,0.0,0.0,0.21951799999999708,0.0,0.020171108350665958,22.560494922094442,-19.507316574931032,-2.259942771091466,3.7439884198211137,-22.42806762501529,-3.0540927306540597,8.279022433299325e-05,0.0029566016862708528,0.07804806185843503,22.57206574906509,-19.516278217961258,-2.141666307085806
0,1780391974.9815085,3.743994403665762,-22.413432222813004,3.1108159683127172,0.0,0.0,0.0,0.21951799999999708,0.0,0.020164248439324694,22.560494922094442,-19.507316574931032,-2.259942771091466,3.7439892708996125,-22.42821960214714,-3.053114032585158,8.287104942972525e-05,0.002970659161198276,0.07814056036816346,22.5721867634112,-19.516370165197763,-2.140687588531487
0,1780391975.0315084,3.743994403665762,-22.413432222813004,3.1108159683127172,0.0,0.0,0.0,0.21951799999999708,0.0,0.020247422716840414,22.560494922094442,-19.507316574931032,-2.259942771091466,3.7439901422492996,-22.42837150121683,-3.0521357068435484,8.315032862162269e-05,0.0029817843475279707,0.07820733790824044,22.572307735231817,-19.516462039824148,-2.1397092418079184
0,1780391975.0815084,3.743994403665762,-22.413432222813004,3.1108159683127172,0.0,0.0,0.0,0.21951799999999708,0.0,0.020448273043529662,22.560494922094442,-19.507316574931032,-2.259942771091466,3.7439910433987045,-22.42852402382875,-3.0511529133595965,8.342477652354641e-05,0.002993127195968575,0.07827976848580649,22.572429228478775,-19.51655425948012,-2.138726426615266
0,1780391975.1315084,3.743994403665762,-22.413432222813004,3.1108159683127172,0.0,0.0,0.0,0.21951799999999708,0.0,0.020713279998520663,22.560494922094442,-19.507316574931032,-2.259942771091466,3.7439919884565733,-22.428678080045042,-3.0501593253044326,8.348989424358508e-05,0.0030080046030554457,0.07838847320538504,22.572551976315545,-19.51664736375615,-2.137732815783631
0,1780391975.1815083,3.743994403665762,-22.413432222813004,3.1108159683127172,0.0,0.0,0.0,0.21951799999999708,0.0,0.020826371240901982,22.560494922094442,-19.507316574931032,-2.259942771091466,3.743992986693654,-22.428834160556615,-3.049151488927308,8.328735655760751e-05,0.003027475404649837,0.0785408472870785,22.57267637563478,-19.516741641544623,-2.136724955337249
0,1780391975.2315083,3.743994403665762,-22.413432222813004,3.1108159683127172,0.0,0.0,0.0,0.21951799999999708,0.0,0.020534262721030233,22.560494922094442,-19.507316574931032,-2.259942771091466,3.743994021776156,-22.428991081045673,-3.0481375778821316,8.315377436168352e-05,0.003046444304618042,0.07868488197380398,22.57280147427494,-19.516836388126645,-2.1357110193223248
0,1780391975.2815082,3.743994403665762,-22.413432222813004,3.1108159683127172,0.0,0.0,0.0,0.21951799999999708,0.0,0.01990478774175664,22.560494922094442,-19.507316574931032,-2.259942771091466,3.7439950443072436,-22.429145708072905,-3.0471393750911053,8.380265906846638e-05,0.0030534170728911936,0.07871195807579645,22.57292474714364,-19.51692974658426,-2.134712791852257
0,1780391975.3315082,3.743994403665762,-22.413432222813004,3.1108159683127172,0.0,0.0,0.0,0.21951799999999708,0.0,0.01920374019165705,22.560494922094442,-19.507316574931032,-2.259942771091466,3.743996009387434,-22.429295463228943,-3.0461749434143854,8.568150794128437e-05,0.003039580699658731,0.07855008002810622,22.57304411238225,-19.51702019413936,-2.1337483368720767
0,1780391975.381508,3.743994403665762,-22.413432222813004,3.1108159683127172,0.0,0.0,0.0,0.21951799999999708,0.0,0.018859623046063125,22.560494922094442,-19.507316574931032,-2.259942771091466,3.743996902336472,-22.429439837717165,-3.0452480645680478,8.862610077486945e-05,0.0030055862240563735,0.078219640094623,22.573159153660367,-19.517107437436472,-2.1328214364544804
0,1780391975.431508,3.743994403665762,-22.413432222813004,3.1108159683127172,0.0,0.0,0.0,0.21951799999999708,0.0,0.019132308347502385,22.560494922094442,-19.507316574931032,-2.259942771091466,3.7439977605784396,-22.42958161047435,-3.0443396634946636,9.166101550357916e-05,0.00296776924071379,0.07787741080226519,22.573272104373206,-19.517193131093652,-2.131913014639641
0,1780391975.481508,3.743994403665762,-22.413432222813004,3.1108159683127172,0.0,0.0,0.0,0.21951799999999708,0.0,0.02000218657830602,22.560494922094442,-19.507316574931032,-2.259942771091466,3.743998658285179,-22.429725535070368,-3.0434167474365577,9.358764787638712e-05,0.002947832251813849,0.07771805780792419,22.573386794534592,-19.517280093000988,-2.130990076877271
0,1780391975.531508,3.743994403665762,-22.413432222813004,3.1108159683127172,0.0,0.0,0.0,0.21951799999999708,0.0,0.02090804125808822,22.560494922094442,-19.507316574931032,-2.259942771091466,3.743999676790122,-22.429876205381632,-3.0424471654487255,9.364046599550227e-05,0.0029585388637564953,0.07785131659878432,22.573506934645618,-19.517371034548063,-2.1300204702533785
0,1780391975.581508,3.743994403665762,-22.413432222813004,3.1108159683127172,0.0,0.0,0.0,0.21951799999999708,0.0,0.02146316929892918,22.560494922094442,-19.507316574931032,-2.259942771091466,3.7440008337333315,-22.430033868710794,-3.0414288197156396,9.227922133172098e-05,0.0029916689199574083,0.0781875880439619,22.57363273703336,-19.517466085434513,-2.129002096521177
0,1780391975.6315079,3.743994403665762,-22.413432222813004,3.1108159683127172,0.0,0.0,0.0,0.21951799999999708,0.0,0.021410418436073022,22.560494922094442,-19.507316574931032,-2.259942771091466,3.7440020931213844,-22.4301957710445,-3.0403805820001226,9.04506527268427e-05,0.003033171193222584,0.07858004708382958,22.573761989387382,-19.517563604519204,-2.1279538283098147
0,1780391975.6815078,3.743994403665762,-22.413432222813004,3.1108159683127172,0.0,0.0,0.0,0.21951799999999708,0.0,0.020903202487194558,22.560494922094442,-19.507316574931032,-2.259942771091466,3.7440033771471013,-22.43035718094332,-3.0393352572660297,8.929800058491665e-05,0.003066656682508468,0.07886602778497298,22.573890875755787,-19.517660791903367,-2.1269084724645335
0,1780391975.7315078,3.743994403665762,-22.413432222813004,3.1108159683127172,0.0,0.0,0.0,0.21951799999999708,0.0,0.020209112273564332,22.560494922094442,-19.507316574931032,-2.259942771091466,3.74400462163297,-22.430514602280088,-3.0383172622147163,8.950868060760462e-05,0.0030804055174977144,0.07894752824980894,22.57401657012095,-19.51775558692102,-2.1258904472419964
0,1780391975.7815077,3.743994403665762,-22.413432222813004,3.1108159683127172,0.0,0.0,0.0,0.21951799999999708,0.0,0.019673494798873925,22.560494922094442,-19.507316574931032,-2.259942771091466,3.7440057951620638,-22.4306666421585,-3.037336523506774,9.116125369673782e-05,0.0030704651185868683,0.07881026198216536,22.574137941005706,-19.517847175767933,-2.124909680066813
0,1780391975.8315077,3.743994403665762,-22.413432222813004,3.1108159683127172,0.0,0.0,0.0,0.21951799999999708,0.0,0.0194319889200052,22.560494922094442,-19.507316574931032,-2.259942771091466,3.7440069118529773,-22.43081457025551,-3.036384492635003,9.362392229829804e-05,0.00304532196718496,0.07855023456452301,22.57425600601566,-19.517936318069772,-2.123957622091889
0,1780391975.8815076,3.743994403665762,-22.413432222813004,3.1108159683127172,0.0,0.0,0.0,0.21951799999999708,0.0,0.019535625142733735,22.560494922094442,-19.507316574931032,-2.259942771091466,3.7440080064641785,-22.430960674351233,-3.035445437833429,9.61190147735809e-05,0.0030178749614986184,0.07829037302994259,22.574372607588113,-19.51802437111829,-2.1230185407091637
0,1780391975.9315076,3.743994403665762,-22.413432222813004,3.1108159683127172,0.0,0.0,0.0,0.21951799999999708,0.0,0.019828524203783744,22.560494922094442,-19.507316574931032,-2.259942771091466,3.7440091247423877,-22.431107614194723,-3.0345008845477484,9.797870650632762e-05,0.003000030397404483,0.07813585009897417,22.57448989279787,-19.518112906323356,-2.122073960253406
0,1780391975.9815075,3.743994403665762,-22.413432222813004,3.1108159683127172,0.0,0.0,0.0,0.21951799999999708,0.0,0.02020568347429836,22.560494922094442,-19.507316574931032,-2.259942771091466,3.7440102957655417,-22.431256836561072,-3.0335406507757314,9.902204726660305e-05,0.0029952212466211182,0.07811000824973652,22.574609033539467,-19.518202773298334,-2.121113698014413
0,1780391976.0315075,3.743994403665762,-22.413432222813004,3.1108159683127172,0.0,0.0,0.0,0.21951799999999708,0.0,0.02067378274977075,22.560494922094442,-19.507316574931032,-2.259942771091466,3.744011536001766,-22.43140897456485,-3.032560170948711,9.931209949589155e-05,0.0030026289696606753,0.0781973962996613,22.574730546205853,-19.5182943392256,-2.1201331880207164
0,1780391976.0815074,3.743994403665762,-22.413432222813004,3.1108159683127172,0.0,0.0,0.0,0.21951799999999708,0.0,0.021021462280261832,22.560494922094442,-19.507316574931032,-2.259942771091466,3.7440128632243574,-22.43156471323893,-3.0315545245027375,9.888252815899113e-05,0.003021844149164985,0.07838887050203011,22.574854989506623,-19.518388001436943,-2.1191275092727078
0,1780391976.1315074,3.743994403665762,-22.413432222813004,3.1108159683127172,0.0,0.0,0.0,0.21951799999999708,0.0,0.021168669746710028,22.560494922094442,-19.507316574931032,-2.259942771091466,3.7440142650619497,-22.431723102175976,-3.030530178227217,9.812428440110377e-05,0.003047004967866551,0.07862341217094891,22.574981600027378,-19.518483193509148,-2.118103128857207
0,1780391976.1815073,3.743994403665762,-22.413432222813004,3.1108159683127172,0.0,0.0,0.0,0.21951799999999708,0.0,0.021068672741545325,22.560494922094442,-19.507316574931032,-2.259942771091466,3.744015714874129,-22.431882579688594,-3.029497928523613,9.747029877171767e-05,0.0030716402313046383,0.07883788713102283,22.575109117323507,-19.518578992491246,-2.11707084382153
0,1780391976.2315073,3.743994403665762,-22.413432222813004,3.1108159683127172,0.0,0.0,0.0,0.21951799999999708,0.0,0.020545816148244272,22.560494922094442,-19.507316574931032,-2.259942771091466,3.7440171762527807,-22.432041236222958,-3.028471076514605,9.734289128256846e-05,0.003089049998241574,0.07897193117966263,22.57523599652106,-19.518674274582636,-2.1160439561741513
0,1780391976.2815073,3.743994403665762,-22.413432222813004,3.1108159683127172,0.0,0.0,0.0,0.21951799999999708,0.0,0.019666132810045305,22.560494922094442,-19.507316574931032,-2.259942771091466,3.744018584455505,-22.432195825572695,-3.0274723149784215,9.839938669729501e-05,0.0030877869502011534,0.07892582082318829,22.57535960860205,-19.518767132912075,-2.115045160273193
0,1780391976.3315072,3.743994403665762,-22.413432222813004,3.1108159683127172,0.0,0.0,0.0,0.21951799999999708,0.0,0.018917487661255457,22.560494922094442,-19.507316574931032,-2.259942771091466,3.7440198817617305,-22.432343645277157,-3.0265206869918573,0.0001010430437363327,0.0030584972233040192,0.07862984903795357,22.575477761239632,-19.518855984763245,-2.1140935006079453
0,1780391976.3815072,3.743994403665762,-22.413432222813004,3.1108159683127172,0.0,0.0,0.0,0.21951799999999708,0.0,0.018670604271826083,22.560494922094442,-19.507316574931032,-2.259942771091466,3.744021079882231,-22.43248575678575,-3.025609137233481,0.00010461548378831628,0.003010089976890536,0.07818299497735272,22.575591305055458,-19.518941465307268,-2.113181921575721
0,1780391976.431507,3.743994403665762,-22.413432222813004,3.1108159683127172,0.0,0.0,0.0,0.21951799999999708,0.0,0.019055426711129482,22.560494922094442,-19.507316574931032,-2.259942771091466,3.7440222465989743,-22.432626036489552,-3.0247109054264607,0.0001078700435247273,0.0029647594652139845,0.0777902758984598,22.57570337040617,-19.519025863271768,-2.1122836612463076
0,1780391976.481507,3.743994403665762,-22.413432222813004,3.1108159683127172,0.0,0.0,0.0,0.21951799999999708,0.0,0.019776998887624308,22.560494922094442,-19.507316574931032,-2.259942771091466,3.744023475746457,-22.432769333304492,-3.023792189951792,0.00010969408141042153,0.002943101211448705,0.07763194788579356,22.57581788164923,-19.519112030414234,-2.111364915706115
0,1780391976.531507,3.743994403665762,-22.413432222813004,3.1108159683127172,0.0,0.0,0.0,0.21951799999999708,0.0,0.020479419505611936,22.560494922094442,-19.507316574931032,-2.259942771091466,3.7440248261882383,-22.43291821855091,-3.0228347899551165,0.00010988895355533879,0.0029482642530165083,0.07772586879194028,22.575936928510036,-19.519201467755597,-2.1104074826570036
0,1780391976.581507,3.743994403665762,-22.413432222813004,3.1108159683127172,0.0,0.0,0.0,0.21951799999999708,0.0,0.020972251717749663,22.560494922094442,-19.507316574931032,-2.259942771091466,3.7440263056205763,-22.433072513359644,-3.021839613925713,0.00010893552681366267,0.002972068492569538,0.07798404233300492,22.576060376880392,-19.51929405632317,-2.109412270394052
0,1780391976.631507,3.743994403665762,-22.413432222813004,3.1108159683127172,0.0,0.0,0.0,0.21951799999999708,0.0,0.0211636896861888,22.560494922094442,-19.507316574931032,-2.259942771091466,3.744027889218628,-22.4332305684029,-3.020817915715907,0.00010748389212992918,0.003004641407419985,0.07830435447825879,22.576186898704172,-19.51938881733276,-2.1083905333716784
0,1780391976.6815069,3.743994403665762,-22.413432222813004,3.1108159683127172,0.0,0.0,0.0,0.21951799999999708,0.0,0.020929264374926374,22.560494922094442,-19.507316574931032,-2.259942771091466,3.7440295329641713,-22.43339003584369,-3.019785944615874,0.00010617214750589133,0.003036661421340553,0.07859512051043067,22.576314595183586,-19.519484368197563,-2.107358521954464
0,1780391976.7315068,3.743994403665762,-22.413432222813004,3.1108159683127172,0.0,0.0,0.0,0.21951799999999708,0.0,0.020442830372950235,22.560494922094442,-19.507316574931032,-2.259942771091466,3.7440311685942373,-22.43354762731276,-3.0187666279989958,0.00010572660789686563,0.0030568144429588473,0.07875305840776499,22.576440800518405,-19.5195787806867,-2.1063391651886683
0,1780391976.7815068,3.743994403665762,-22.413432222813004,3.1108159683127172,0.0,0.0,0.0,0.21951799999999708,0.0,0.019754955665718096,22.560494922094442,-19.507316574931032,-2.259942771091466,3.744032751744767,-22.43370142866158,-3.0177734561526255,0.00010643461802687315,0.0030590609653101952,0.07873636211033258,22.576563958518285,-19.519670938120022,-2.105345954452316
0,1780391976.8315067,3.743994403665762,-22.413432222813004,3.1108159683127172,0.0,0.0,0.0,0.21951799999999708,0.0,0.01892549242027634,22.560494922094442,-19.507316574931032,-2.259942771091466,3.7440342449143755,-22.43384993153432,-3.016817163175976,0.00010841797834226393,0.0030392133906353203,0.0785224706911194,22.576682840442874,-19.519759963725917,-2.104389624769692
0,1780391976.8815067,3.743994403665762,-22.413432222813004,3.1108159683127172,0.0,0.0,0.0,0.21951799999999708,0.0,0.018234087135486226,22.560494922094442,-19.507316574931032,-2.259942771091466,3.744035619756695,-22.433992095503175,-3.0159052690685866,0.00011162518047993379,0.002995691163998349,0.07811138056337333,22.576796596339904,-19.519845255826624,-2.103477696842485
0,1780391976.9315066,3.743994403665762,-22.413432222813004,3.1108159683127172,0.0,0.0,0.0,0.21951799999999708,0.0,0.01784525183468391,22.560494922094442,-19.507316574931032,-2.259942771091466,3.7440368920500515,-22.43412901921637,-3.0150304014005633,0.0001154373823695901,0.002937970439501335,0.07759846670441649,22.576906110139223,-19.519927467330838,-2.102602797857918
0,1780391976.9815066,3.743994403665762,-22.413432222813004,3.1108159683127172,0.0,0.0,0.0,0.21951799999999708,0.0,0.018033375119861812,22.560494922094442,-19.507316574931032,-2.259942771091466,3.7440381057439063,-22.434263038374535,-3.014176452312523,0.00011906454563805902,0.0028805244624776167,0.07711399228631587,22.577013271049932,-19.52000797338565,-2.1017488188783977
0,1780391977.0315065,3.743994403665762,-22.413432222813004,3.1108159683127172,0.0,0.0,0.0,0.21951799999999708,0.0,0.01866576900192011,22.560494922094442,-19.507316574931032,-2.259942771091466,3.7440393524775297,-22.434398573392667,-3.0133126066989107,0.00012144488322964654,0.0028437502510528703,0.07683569257514693,22.577121662624695,-19.520089365990078,-2.100884942541976
0,1780391977.0815065,3.743994403665762,-22.413432222813004,3.1108159683127172,0.0,0.0,0.0,0.21951799999999708,0.0,0.01957352114879314,22.560494922094442,-19.507316574931032,-2.259942771091466,3.7440407106897844,-22.43453901804693,-3.0124149480621925,0.00012212506713464696,0.0028357299084610485,0.07682717111822665,22.5772340438815,-19.520173625141947,-2.099987250415012
0,1780391977.1315064,3.743994403665762,-22.413432222813004,3.1108159683127172,0.0,0.0,0.0,0.21951799999999708,0.0,0.020509360843944297,22.560494922094442,-19.507316574931032,-2.259942771091466,3.744042236867331,-22.434686465206358,-3.011468515515014,0.00012110320438716767,0.002855574297646906,0.07707132719795562,22.577352124034697,-19.52026196179605,-2.099040780210698
0,1780391977.1815064,3.743994403665762,-22.413432222813004,3.1108159683127172,0.0,0.0,0.0,0.21951799999999708,0.0,0.02105309666504713,22.560494922094442,-19.507316574931032,-2.259942771091466,3.7440439481220067,-22.43484109704204,-3.010471673416224,0.00011878661993822151,0.002896060053611526,0.07749158723727174,22.57747606357529,-19.52035446621324,-2.09804389585635
0,1780391977.2315063,3.743994403665762,-22.413432222813004,3.1108159683127172,0.0,0.0,0.0,0.21951799999999708,0.0,0.021085167602831755,22.560494922094442,-19.507316574931032,-2.259942771091466,3.7440457865563928,-22.434999844538112,-3.009445563564333,0.00011613819765612377,0.002943269231973515,0.07794355180669185,22.5776033800148,-19.520449331692667,-2.0970177405710264
0,1780391977.2815063,3.743994403665762,-22.413432222813004,3.1108159683127172,0.0,0.0,0.0,0.21951799999999708,0.0,0.020840889253025102,22.560494922094442,-19.507316574931032,-2.259942771091466,3.744047665951259,-22.435158735602517,-3.008417819477057,0.0001140955804226797,0.002983983545871598,0.07829799697530812,22.57773084953235,-19.520544233922287,-2.095989949997948
0,1780391977.3315063,3.743994403665762,-22.413432222813004,3.1108159683127172,0.0,0.0,0.0,0.21951799999999708,0.0,0.020574943537336854,22.560494922094442,-19.507316574931032,-2.259942771091466,3.7440495353491015,-22.435315654116422,-3.0074032948056963,0.00011304254266621332,0.003011574277368777,0.07850536589837398,22.57785674982918,-19.520637940862702,-2.0949753790478285
0,1780391977.3815062,3.743994403665762,-22.413432222813004,3.1108159683127172,0.0,0.0,0.0,0.21951799999999708,0.0,0.020190799717401738,22.560494922094442,-19.507316574931032,-2.259942771091466,3.744051386294622,-22.435470465763093,-3.006403093304696,0.00011284079436630158,0.003026716584510904,0.07858985518854147,22.577980966602254,-19.52073038075505,-2.093975131685346
0,1780391977.4315062,3.743994403665762,-22.413432222813004,3.1108159683127172,0.0,0.0,0.0,0.21951799999999708,0.0,0.019648478246836427,22.560494922094442,-19.507316574931032,-2.259942771091466,3.7440531939814665,-22.435622289321707,-3.0054235236780467,0.00011353017835252522,0.0030275371505701964,0.07854507253927817,22.578102779170834,-19.52082104501047,-2.092995517231085
0,1780391977.481506,3.743994403665762,-22.413432222813004,3.1108159683127172,0.0,0.0,0.0,0.21951799999999708,0.0,0.019095744645177975,22.560494922094442,-19.507316574931032,-2.259942771091466,3.7440549263784826,-22.43576994064844,-3.004473031523212,0.00011519902529622457,0.00301115271324315,0.07835357857129167,22.578221220333674,-19.520909248638368,-2.0920449820804965
0,1780391977.531506,3.743994403665762,-22.413432222813004,3.1108159683127172,0.0,0.0,0.0,0.21951799999999708,0.0,0.018777190355874173,22.560494922094442,-19.507316574931032,-2.259942771091466,3.7440565768099012,-22.43591337348805,-3.003552152635216,0.00011761739070040844,0.002980115107324519,0.07804724810738357,22.578336247079058,-19.52099497164398,-2.0911240621989733
0,1780391977.581506,3.743994403665762,-22.413432222813004,3.1108159683127172,0.0,0.0,0.0,0.21951799999999708,0.0,0.01868697782821247,22.560494922094442,-19.507316574931032,-2.259942771091466,3.7440581820984757,-22.436054405796252,-3.0026483764298244,0.00012012810505831886,0.0029454655889035574,0.07773025147072586,22.57844933242973,-19.521079281007207,-2.0902202460913153
0,1780391977.631506,3.743994403665762,-22.413432222813004,3.1108159683127172,0.0,0.0,0.0,0.21951799999999708,0.0,0.0188240960489232,22.560494922094442,-19.507316574931032,-2.259942771091466,3.7440597812155176,-22.43619479206097,-3.0017494989127407,0.00012225867318244233,0.0029158228276840526,0.07747722515924337,22.578561901293963,-19.521163202177135,-2.089321328795955
0,1780391977.681506,3.743994403665762,-22.413432222813004,3.1108159683127172,0.0,0.0,0.0,0.21951799999999708,0.0,0.019116743095180726,22.560494922094442,-19.507316574931032,-2.259942771091466,3.7440614158848997,-22.43633626874999,-3.0008433330100055,0.00012368015402451822,0.0028973786424966886,0.07733813766160465,22.57867536699154,-19.52124774613184,-2.088415122200229
0,1780391977.7315059,3.743994403665762,-22.413432222813004,3.1108159683127172,0.0,0.0,0.0,0.21951799999999708,0.0,0.019610062300783177,22.560494922094442,-19.507316574931032,-2.259942771091466,3.744063117612833,-22.436480015110163,-2.9999215018064236,0.00012429622180242845,0.00289208629133423,0.07732353048903412,22.578790692381432,-19.52133359547192,-2.0874932486017292
0,1780391977.7815058,3.743994403665762,-22.413432222813004,3.1108159683127172,0.0,0.0,0.0,0.21951799999999708,0.0,0.02020892207609916,22.560494922094442,-19.507316574931032,-2.259942771091466,3.7440649276627203,-22.43662755565982,-2.9989731860868094,0.0001239611288250719,0.0029024712119138543,0.07745123024133414,22.57890912277641,-19.521421631960255,-2.0865448877520993
0,1780391977.8315058,3.743994403665762,-22.413432222813004,3.1108159683127172,0.0,0.0,0.0,0.21951799999999708,0.0,0.020712813646698924,22.560494922094442,-19.507316574931032,-2.259942771091466,3.7440668718311683,-22.436779679932766,-2.9979926627093794,0.0001227383872322179,0.0029274767746094656,0.07770577437660958,22.579031307410123,-19.521512306697275,-2.0855643158587753
0,1780391977.8815057,3.743994403665762,-22.413432222813004,3.1108159683127172,0.0,0.0,0.0,0.21951799999999708,0.0,0.021055998061383654,22.560494922094442,-19.507316574931032,-2.259942771091466,3.744068938606859,-22.436935631331323,-2.996985024167321,0.00012101344044766472,0.0029612920938434885,0.07802623332579779,22.579156636952213,-19.521605170826493,-2.084556625693626
0,1780391977.9315057,3.743994403665762,-22.413432222813004,3.1108159683127172,0.0,0.0,0.0,0.21951799999999708,0.0,0.021095244072773377,22.560494922094442,-19.507316574931032,-2.259942771091466,3.744071101474985,-22.4370941533182,-2.995958934574109,0.00011918449168703179,0.0029981534262617693,0.07835523607934074,22.57928409228431,-19.521699488154134,-2.0835304820246527
0,1780391977.9815056,3.743994403665762,-22.413432222813004,3.1108159683127172,0.0,0.0,0.0,0.21951799999999708,0.0,0.020739192748156273,22.560494922094442,-19.507316574931032,-2.259942771091466,3.744073303673387,-22.437252896417757,-2.994930779576273,0.0001178084187169288,0.0030298151893294253,0.0786147851737956,22.579411760846668,-19.521793891207192,-2.0825022719125448
0,1780391978.0315056,3.743994403665762,-22.413432222813004,3.1108159683127172,0.0,0.0,0.0,0.21951799999999708,0.0,0.020038593394106054,22.560494922094442,-19.507316574931032,-2.259942771091466,3.744075467470661,-22.437408831320155,-2.993921810114679,0.00011750271217337896,0.003046102468240423,0.07871603773174804,22.579537172212788,-19.521886622588298,-2.081493248243513
0,1780391978.0815055,3.743994403665762,-22.413432222813004,3.1108159683127172,0.0,0.0,0.0,0.21951799999999708,0.0,0.019194996915893128,22.560494922094442,-19.507316574931032,-2.259942771091466,3.7440775221185065,-22.437559351814524,-2.9929504474614457,0.00011868498855293357,0.0030381847281276803,0.07859276240365495,22.579658197195396,-19.521976175267618,-2.080521834067499
0,1780391978.1315055,3.743994403665762,-22.413432222813004,3.1108159683127172,0.0,0.0,0.0,0.21951799999999708,0.0,0.018740885681214098,22.560494922094442,-19.507316574931032,-2.259942771091466,3.7440794339229706,-22.437703419304885,-2.992024256538281,0.00012128655984176316,0.003004238144352378,0.07824760651232346,22.579773981934974,-19.522061955612973,-2.079595595159996
0,1780391978.1815054,3.743994403665762,-22.413432222813004,3.1108159683127172,0.0,0.0,0.0,0.21951799999999708,0.0,0.018974254542310155,22.560494922094442,-19.507316574931032,-2.259942771091466,3.7440812699174435,-22.43784405785497,-2.991122415787931,0.00012418455156275643,0.0029626129945613425,0.07785974020851212,22.5798869824534,-19.522145731070047,-2.0786937082885624
0,1780391978.2315054,3.743994403665762,-22.413432222813004,3.1108159683127172,0.0,0.0,0.0,0.21951799999999708,0.0,0.019736017662682855,22.560494922094442,-19.507316574931032,-2.259942771091466,3.744083158917948,-22.43798653432867,-2.990208191175869,0.0001259825913154011,0.0029387214637817856,0.0776576723352043,22.580001488029712,-19.522230564727014,-2.0777794361834876
0,1780391978.2815053,3.743994403665762,-22.413432222813004,3.1108159683127172,0.0,0.0,0.0,0.21951799999999708,0.0,0.020590114709643215,22.560494922094442,-19.507316574931032,-2.259942771091466,3.7440852093146653,-22.438134881022325,-2.98925314995807,0.00012603298357653415,0.0029436389275215216,0.0777332424569441,22.580120792008938,-19.522318789413127,-2.076824343368507
0,1780391978.3315053,3.743994403665762,-22.413432222813004,3.1108159683127172,0.0,0.0,0.0,0.21951799999999708,0.0,0.021062550705286856,22.560494922094442,-19.507316574931032,-2.259942771091466,3.7440874507876014,-22.438289774968727,-2.9882521744099644,0.0001246643499017482,0.0029713087624966116,0.07801756159051063,22.580245458505882,-19.522410782396207,-2.075823311359663
0,1780391978.3815053,3.743994403665762,-22.413432222813004,3.1108159683127172,0.0,0.0,0.0,0.21951799999999708,0.0,0.020961182857300965,22.560494922094442,-19.507316574931032,-2.259942771091466,3.7440898163974836,-22.43844824166147,-2.9872257788956778,0.00012288906390981713,0.0030064352896032515,0.07835179909948377,22.580373070770207,-19.522504806457835,-2.074796856195177
0,1780391978.4315052,3.743994403665762,-22.413432222813004,3.1108159683127172,0.0,0.0,0.0,0.21951799999999708,0.0,0.0203073367748727,22.560494922094442,-19.507316574931032,-2.259942771091466,3.744092192972874,-22.438605849255225,-2.9862048903572727,0.00012179301605540767,0.0030329942236250926,0.07857876038964118,22.580500014898966,-19.52259829015495,-2.073775907665377
0,1780391978.4815052,3.743994403665762,-22.413432222813004,3.1108159683127172,0.0,0.0,0.0,0.21951799999999708,0.0,0.019478276875845833,22.560494922094442,-19.507316574931032,-2.259942771091466,3.7440944657786432,-22.43875837843945,-2.9852191612016767,0.00012223974242534097,0.0030360614498928288,0.07857022562034262,22.580622843434227,-19.522688794235798,-2.072790121077163
0,1780391978.531505,3.743994403665762,-22.413432222813004,3.1108159683127172,0.0,0.0,0.0,0.21951799999999708,0.0,0.018724444905185968,22.560494922094442,-19.507316574931032,-2.259942771091466,3.744096593002019,-22.438904547461444,-2.9842778628821804,0.0001242372100742792,0.00301224563272628,0.07831962281294257,22.580740502295402,-19.522775586493893,-2.071848768950112
0,1780391978.581505,3.743994403665762,-22.413432222813004,3.1108159683127172,0.0,0.0,0.0,0.21951799999999708,0.0,0.018299751941131676,22.560494922094442,-19.507316574931032,-2.259942771091466,3.7440985828847695,-22.43904498748322,-2.9833769131839705,0.00012725642833367342,0.002968103377933803,0.07790497153448342,22.580853498487745,-19.522859043057014,-2.070947768871315
0,1780391978.631505,3.743994403665762,-22.413432222813004,3.1108159683127172,0.0,0.0,0.0,0.21951799999999708,0.0,0.018317379709671018,22.560494922094442,-19.507316574931032,-2.259942771091466,3.74410049590293,-22.43918224243856,-2.9824987579825515,0.0001303664206599796,0.0029196305272076776,0.0774771129681325,22.580963902164907,-19.52294064548701,-2.0700695651925365
0,1780391978.681505,3.743994403665762,-22.413432222813004,3.1108159683127172,0.0,0.0,0.0,0.21951799999999708,0.0,0.018628758032895584,22.560494922094442,-19.507316574931032,-2.259942771091466,3.7441024194415564,-22.439319693275305,-2.9816197833340214,0.00013268065566474674,0.002883458372107831,0.07718206987012245,22.58107447146967,-19.523022353945667,-2.069190541757689
0,1780391978.731505,3.743994403665762,-22.413432222813004,3.1108159683127172,0.0,0.0,0.0,0.21951799999999708,0.0,0.019157842557930814,22.560494922094442,-19.507316574931032,-2.259942771091466,3.744104416609317,-22.439459571122082,-2.9807242108863834,0.00013387270064259,0.002865840561904201,0.07706715378082661,22.581187031835988,-19.523105455112983,-2.068294918611344
0,1780391978.7815049,3.743994403665762,-22.413432222813004,3.1108159683127172,0.0,0.0,0.0,0.21951799999999708,0.0,0.019646840195826937,22.560494922094442,-19.507316574931032,-2.259942771091466,3.744106538344494,-22.43960352074325,-2.979800279754709,0.00013385986240034797,0.002868227819618298,0.07713678739264113,22.5813029332758,-19.523190891928905,-2.067370933568617
0,1780391978.8315048,3.743994403665762,-22.413432222813004,3.1108159683127172,0.0,0.0,0.0,0.21951799999999708,0.0,0.019955530960787275,22.560494922094442,-19.507316574931032,-2.259942771091466,3.744108783632086,-22.43975120660808,-2.9788500758920784,0.00013303332496786334,0.0028842055196826697,0.07732218819059135,22.581421909537376,-19.523278460205205,-2.066420672599312
0,1780391978.8815048,3.743994403665762,-22.413432222813004,3.1108159683127172,0.0,0.0,0.0,0.21951799999999708,0.0,0.020076697989692086,22.560494922094442,-19.507316574931032,-2.259942771091466,3.7441111196783377,-22.43990122122052,-2.977883280108554,0.00013191131757103432,0.0029057743001884226,0.0775423629611287,22.581542815899425,-19.523367339397712,-2.065453817339323
0,1780391978.9315047,3.743994403665762,-22.413432222813004,3.1108159683127172,0.0,0.0,0.0,0.21951799999999708,0.0,0.019865292191604045,22.560494922094442,-19.507316574931032,-2.259942771091466,3.744113508806314,-22.440052113854318,-2.976909984325516,0.00013089592590321772,0.0029267686691881825,0.07773896827054434,22.58166446870454,-19.523456688642725,-2.064480460663541
0,1780391978.9815047,3.743994403665762,-22.413432222813004,3.1108159683127172,0.0,0.0,0.0,0.21951799999999708,0.0,0.019429731990764657,22.560494922094442,-19.507316574931032,-2.259942771091466,3.7441158798211225,-22.440201335108654,-2.975948067791726,0.00013055857683146372,0.002937919323964152,0.07782823518439243,22.581784782940183,-19.523545036653015,-2.063518483633879
0,1780391979.0315046,3.743994403665762,-22.413432222813004,3.1108159683127172,0.0,0.0,0.0,0.21951799999999708,0.0,0.019001761491832043,22.560494922094442,-19.507316574931032,-2.259942771091466,3.7441181817337057,-22.440347191215263,-2.975009533232524,0.0001311614980141048,0.0029338463695781974,0.07777095840087689,22.581902369738682,-19.523631410628344,-2.062579890280186
0,1780391979.0815046,3.743994403665762,-22.413432222813004,3.1108159683127172,0.0,0.0,0.0,0.21951799999999708,0.0,0.018684435080095443,22.560494922094442,-19.507316574931032,-2.259942771091466,3.744120411719236,-22.44048977253442,-2.974093942836376,0.00013247255363404222,0.0029171143290456164,0.0776033402555093,22.58201729777779,-19.523715869468983,-2.061664242868666
0,1780391979.1315045,3.743994403665762,-22.413432222813004,3.1108159683127172,0.0,0.0,0.0,0.21951799999999708,0.0,0.01863600255625231,22.560494922094442,-19.507316574931032,-2.259942771091466,3.7441225897674593,-22.440629947549883,-2.9731953695321285,0.00013410162398314377,0.0028937204902056484,0.07738698677860095,22.582130273203802,-19.523798919736294,-2.060765613821847
0,1780391979.1815045,3.743994403665762,-22.413432222813004,3.1108159683127172,0.0,0.0,0.0,0.21951799999999708,0.0,0.018756722762274056,22.560494922094442,-19.507316574931032,-2.259942771091466,3.7441247714865518,-22.440769779809347,-2.9722994292180003,0.0001354560680835798,0.0028739788942950366,0.07721729923477075,22.582242981807394,-19.52388175474357,-2.0598696176165996
0,1780391979.2315044,3.743994403665762,-22.413432222813004,3.1108159683127172,0.0,0.0,0.0,0.21951799999999708,0.0,0.018937532918317766,22.560494922094442,-19.507316574931032,-2.259942771091466,3.744126994416522,-22.44091055606269,-2.9713970505445273,0.00013629101460130717,0.002862416863451512,0.0771310412359954,22.582356477595415,-19.52396511496024,-2.0589671819400657
0,1780391979.2815044,3.743994403665762,-22.413432222813004,3.1108159683127172,0.0,0.0,0.0,0.21951799999999708,0.0,0.019156473262552473,22.560494922094442,-19.507316574931032,-2.259942771091466,3.744129274214696,-22.441052723399658,-2.970484990384078,0.00013663033555353802,0.0028588986917323085,0.0771209697996147,22.58247112935763,-19.524049254347112,-2.0580550632593466
0,1780391979.3315043,3.743994403665762,-22.413432222813004,3.1108159683127172,0.0,0.0,0.0,0.21951799999999708,0.0,0.01952057051391225,22.560494922094442,-19.507316574931032,-2.259942771091466,3.744131621948115,-22.44119656059233,-2.969561185958426,0.00013653156030741053,0.0028626804517782197,0.07717571855303748,22.58258716834074,-19.524134329578914,-2.057131198507228
0,1780391979.3815043,3.743994403665762,-22.413432222813004,3.1108159683127172,0.0,0.0,0.0,0.21951799999999708,0.0,0.019928534618913092,22.560494922094442,-19.507316574931032,-2.259942771091466,3.7441340724679106,-22.44134316659417,-2.9686178254558566,0.00013584933227750733,0.002876272332668853,0.07731654117639844,22.58270549752512,-19.52422096943378,-2.0561877749695374
0,1780391979.4315042,3.743994403665762,-22.413432222813004,3.1108159683127172,0.0,0.0,0.0,0.21951799999999708,0.0,0.020276392011688946,22.560494922094442,-19.507316574931032,-2.259942771091466,3.7441366394212814,-22.441492860520615,-2.967652533738424,0.00013465554975834715,0.0028986563527150337,0.0775304088451052,22.582826382627438,-19.52430935196155,-2.0552224171480113
0,1780391979.4815042,3.743994403665762,-22.413432222813004,3.1108159683127172,0.0,0.0,0.0,0.21951799999999708,0.0,0.020452104995870187,22.560494922094442,-19.507316574931032,-2.259942771091466,3.7441393128098728,-22.441645165066962,-2.966668539538223,0.00013318318475649771,0.0029263697105786648,0.07778155974229536,22.582949436586365,-19.52439919743865,-2.0542383540223828
0,1780391979.5315042,3.743994403665762,-22.413432222813004,3.1108159683127172,0.0,0.0,0.0,0.21951799999999708,0.0,0.020372116581492277,22.560494922094442,-19.507316574931032,-2.259942771091466,3.744142055619729,-22.441798749453916,-2.965675113913691,0.00013180284426964243,0.002953864946867654,0.07801608396344224,22.583073571125798,-19.524489737736275,-2.0532448575973268
0,1780391979.581504,3.743994403665762,-22.413432222813004,3.1108159683127172,0.0,0.0,0.0,0.21951799999999708,0.0,0.020172487017416727,22.560494922094442,-19.507316574931032,-2.259942771091466,3.744144809297571,-22.44195165524606,-2.964686015252399,0.00013095252125115494,0.0029742310202984235,0.07817102953678032,22.58319718060924,-19.524579847715717,-2.052255687768091
0,1780391979.631504,3.743994403665762,-22.413432222813004,3.1108159683127172,0.0,0.0,0.0,0.21951799999999708,0.0,0.019871980062453064,22.560494922094442,-19.507316574931032,-2.259942771091466,3.7441475440281007,-22.442102983249022,-2.963707655073351,0.00013074149595089139,0.0029850683727408733,0.07823213654872568,22.583319524951392,-19.52466901449834,-2.0512772568246307
0,1780391979.681504,3.743994403665762,-22.413432222813004,3.1108159683127172,0.0,0.0,0.0,0.21951799999999708,0.0,0.0195701386359951,22.560494922094442,-19.507316574931032,-2.259942771091466,3.744150233642855,-22.442251983594506,-2.962745427696892,0.0001312153345460139,0.002984798677203676,0.0781926491676907,22.58343998566059,-19.524756812070777,-2.0503149597674364
0,1780391979.731504,3.743994403665762,-22.413432222813004,3.1108159683127172,0.0,0.0,0.0,0.21951799999999708,0.0,0.019360649395429762,22.560494922094442,-19.507316574931032,-2.259942771091466,3.7441528745143713,-22.442398668944065,-2.961799389912612,0.00013221625717778742,0.0029752299197056417,0.0780763080950254,22.583558569181847,-19.524843252795403,-2.049368853484422
0,1780391979.781504,3.743994403665762,-22.413432222813004,3.1108159683127172,0.0,0.0,0.0,0.21951799999999708,0.0,0.019176010478220158,22.560494922094442,-19.507316574931032,-2.259942771091466,3.7441554851838452,-22.442543760924362,-2.960864592595008,0.0001334388529454579,0.0029610733531305966,0.07793017470219651,22.58367586421525,-19.524928755041746,-2.0484339883727634
0,1780391979.8315039,3.743994403665762,-22.413432222813004,3.1108159683127172,0.0,0.0,0.0,0.21951799999999708,0.0,0.01897012895187529,22.560494922094442,-19.507316574931032,-2.259942771091466,3.744158070002252,-22.442687457105375,-2.959939707569454,0.0001347724243913334,0.0029440778153351044,0.07776969982602601,22.583792031215975,-19.5250134342857,-2.0475090361473685
0,1780391979.8815038,3.743994403665762,-22.413432222813004,3.1108159683127172,0.0,0.0,0.0,0.21951799999999708,0.0,0.018913265611509328,22.560494922094442,-19.507316574931032,-2.259942771091466,3.744160623141449,-22.44282960072693,-2.959025874150135,0.00013621763764696773,0.0029241493543929057,0.07759241924544394,22.583906940505713,-19.525097201963533,-2.0465951362765016
0,1780391979.9315038,3.743994403665762,-22.413432222813004,3.1108159683127172,0.0,0.0,0.0,0.21951799999999708,0.0,0.019154952844613115,22.560494922094442,-19.507316574931032,-2.259942771091466,3.7441631783979568,-22.44297133181661,-2.9581151172707343,0.0001374597209663902,0.0029067750631817306,0.07744795060966794,22.58402152657794,-19.52518071324566,-2.0456843128155158
0,1780391979.9815037,3.743994403665762,-22.413432222813004,3.1108159683127172,0.0,0.0,0.0,0.21951799999999708,0.0,0.019618068001847153,22.560494922094442,-19.507316574931032,-2.259942771091466,3.7441658066145225,-22.443114922095955,-2.9571914308693867,0.00013799998965251465,0.0029007499729133434,0.07741458901218067,22.584137655088707,-19.52526526915824,-2.044760557853283
0,1780391980.0315037,3.743994403665762,-22.413432222813004,3.1108159683127172,0.0,0.0,0.0,0.21951799999999708,0.0,0.020012179431674836,22.560494922094442,-19.507316574931032,-2.259942771091466,3.7441685642269773,-22.443262044877088,-2.9562428932610487,0.0001376267014919799,0.0029097563000562974,0.07752077844459519,22.584256704491242,-19.525351822530936,-2.0438119482233237
0,1780391980.0815036,3.743994403665762,-22.413432222813004,3.1108159683127172,0.0,0.0,0.0,0.21951799999999708,0.0,0.020115447529970652,22.560494922094442,-19.507316574931032,-2.259942771091466,3.7441714402449535,-22.443412148698023,-2.9552731773771237,0.000136697759757443,0.0029281915234188305,0.07770621905754593,22.58437822807929,-19.525440049544944,-2.042842157132329
0,1780391980.1315036,3.743994403665762,-22.413432222813004,3.1108159683127172,0.0,0.0,0.0,0.21951799999999708,0.0,0.01993952103565264,22.560494922094442,-19.507316574931032,-2.259942771091466,3.74417436786505,-22.443562992586394,-2.9542979216649257,0.00013586040038733317,0.002946103275005974,0.07787200996208847,22.58450038851165,-19.52552866282554,-2.041866824766149
0,1780391980.1815035,3.743994403665762,-22.413432222813004,3.1108159683127172,0.0,0.0,0.0,0.21951799999999708,0.0,0.01960169271448186,22.560494922094442,-19.507316574931032,-2.259942771091466,3.7441772792032735,-22.443712445503106,-2.9533321298737225,0.00013559587757646022,0.0029556363110129213,0.07794722205987145,22.584621434231888,-19.525616443772805,-2.0409009566496925
0,1780391980.2315035,3.743994403665762,-22.413432222813004,3.1108159683127172,0.0,0.0,0.0,0.21951799999999708,0.0,0.019326541810380498,22.560494922094442,-19.507316574931032,-2.259942771091466,3.7441801323414228,-22.44385929144334,-2.952384472299638,0.0001360734292225248,0.002953190488050013,0.0779072325503772,22.58474036259763,-19.52570270114085,-2.0399532241817515
0,1780391980.2815034,3.743994403665762,-22.413432222813004,3.1108159683127172,0.0,0.0,0.0,0.21951799999999708,0.0,0.01934542651256625,22.560494922094442,-19.507316574931032,-2.259942771091466,3.7441829389823593,-22.4440040326023,-2.9514515724876764,0.00013700436483571346,0.0029427023500815924,0.07779807623779819,22.58485758214962,-19.525787727566087,-2.039020250605285
0,1780391980.3315034,3.743994403665762,-22.413432222813004,3.1108159683127172,0.0,0.0,0.0,0.21951799999999708,0.0,0.019766769548929426,22.560494922094442,-19.507316574931032,-2.259942771091466,3.7441857684165343,-22.444148921956717,-2.950517676069377,0.0001377326205350106,0.0029350449712860376,0.07772448146284455,22.584974942365793,-19.52587281435285,-2.0380862797318864
0,1780391980.3815033,3.743994403665762,-22.413432222813004,3.1108159683127172,0.0,0.0,0.0,0.21951799999999708,0.0,0.020355559077899443,22.560494922094442,-19.507316574931032,-2.259942771091466,3.7441887206083933,-22.44429702150099,-2.949561182005401,0.0001375821880172098,0.002941683580648144,0.07779070444939905,22.585094962650796,-19.525959708998236,-2.037129707884529
0,1780391980.4315033,3.743994403665762,-22.413432222813004,3.1108159683127172,0.0,0.0,0.0,0.21951799999999708,0.0,0.02047259875310429,22.560494922094442,-19.507316574931032,-2.259942771091466,3.744191842615997,-22.444449587225378,-2.9485730438414848,0.00013649047077753188,0.0029636526399548263,0.07799915832261407,22.585218682511265,-19.526049120442746,-2.0361414873541257
0,1780391980.4815032,3.743994403665762,-22.413432222813004,3.1108159683127172,0.0,0.0,0.0,0.21951799999999708,0.0,0.020138370624917967,22.560494922094442,-19.507316574931032,-2.259942771091466,3.7441950218047344,-22.44460298886155,-2.9475786273357647,0.00013551439000151927,0.002984837442153956,0.07818600165995351,22.585343120870583,-19.526138969240414,-2.0351469868583427
0,1780391980.5315032,3.743994403665762,-22.413432222813004,3.1108159683127172,0.0,0.0,0.0,0.21951799999999708,0.0,0.019682532412073715,22.560494922094442,-19.507316574931032,-2.259942771091466,3.744198144340837,-22.44475378657552,-2.9466021836826073,0.00013543729331769828,0.0029925618774756238,0.07823410490809528,22.58546544589288,-19.52622729425693,-2.034170460598858
0,1780391980.5815032,3.743994403665762,-22.413432222813004,3.1108159683127172,0.0,0.0,0.0,0.21951799999999708,0.0,0.019628029976086404,22.560494922094442,-19.507316574931032,-2.259942771091466,3.7442011756610944,-22.444901086147006,-2.9456501951550775,0.0001362894559868407,0.00298489946371625,0.07813925606342129,22.585584916441146,-19.526313592103406,-2.033218391771026
0,1780391980.631503,3.743994403665762,-22.413432222813004,3.1108159683127172,0.0,0.0,0.0,0.21951799999999708,0.0,0.019885085505903028,22.560494922094442,-19.507316574931032,-2.259942771091466,3.744204212335459,-22.44504797009185,-2.94470114084431,0.00013711029488211405,0.0029771629499322806,0.07805449525558736,22.585704064921657,-19.526399627009248,-2.0322692569123517
0,1780391980.681503,3.743994403665762,-22.413432222813004,3.1108159683127172,0.0,0.0,0.0,0.21951799999999708,0.0,0.02012520845024154,22.560494922094442,-19.507316574931032,-2.259942771091466,3.7442073333493116,-22.445196808778277,-2.9437383106081128,0.00013733842448818403,0.002978892078855174,0.07806658981495254,22.585824843446254,-19.5264867494602,-2.0313063437808223
0,1780391980.731503,3.743994403665762,-22.413432222813004,3.1108159683127172,0.0,0.0,0.0,0.21951799999999708,0.0,0.02010179909485676,22.560494922094442,-19.507316574931032,-2.259942771091466,3.744210537620563,-22.445347457713748,-2.9427625930178656,0.00013715709599465998,0.00298735511849653,0.0781426637583372,22.585947136790004,-19.526574872257413,-2.030330540967551
0,1780391980.781503,3.743994403665762,-22.413432222813004,3.1108159683127172,0.0,0.0,0.0,0.21951799999999708,0.0,0.019746081167484397,22.560494922094442,-19.507316574931032,-2.259942771091466,3.7442137596681366,-22.445497897828755,-2.941788135894984,0.000137140182559802,0.0029934747416260586,0.07819224994992816,22.586069283975124,-19.52666284270637,-2.029355998029997
0,1780391980.831503,3.743994403665762,-22.413432222813004,3.1108159683127172,0.0,0.0,0.0,0.21951799999999708,0.0,0.019185471018027162,22.560494922094442,-19.507316574931032,-2.259942771091466,3.7442169131353125,-22.44564560652054,-2.940832765128197,0.00013785251036047124,0.002987615326939313,0.07812731909831656,22.586189205174815,-19.52674922661628,-2.028400543159672
0,1780391980.8815029,3.743994403665762,-22.413432222813004,3.1108159683127172,0.0,0.0,0.0,0.21951799999999708,0.0,0.01872678147004829,22.560494922094442,-19.507316574931032,-2.259942771091466,3.7442199419695057,-22.44578905393624,-2.9399074321616285,0.00013949729097881714,0.002965083381780642,0.07791370574331602,22.58630563531349,-19.526833159055908,-2.027475129306062
0,1780391980.9315028,3.743994403665762,-22.413432222813004,3.1108159683127172,0.0,0.0,0.0,0.21951799999999708,0.0,0.01886630498315103,22.560494922094442,-19.507316574931032,-2.259942771091466,3.744222868006998,-22.445929045518852,-2.9390066751939794,0.00014163792750177914,0.0029323008121669826,0.07761991373225816,22.58641923269661,-19.52691510539995,-2.0265742940966076
0,1780391980.9815028,3.743994403665762,-22.413432222813004,3.1108159683127172,0.0,0.0,0.0,0.21951799999999708,0.0,0.01956437996090074,22.560494922094442,-19.507316574931032,-2.259942771091466,3.744225842651958,-22.446070132924778,-2.938098518035697,0.00014300955153998847,0.0029116624525188234,0.07745332405225436,22.586533745857672,-19.526997658859933,-2.0256660572960077
0,1780391981.0315027,3.743994403665762,-22.413432222813004,3.1108159683127172,0.0,0.0,0.0,0.21951799999999708,0.0,0.020437440643000807,22.560494922094442,-19.507316574931032,-2.259942771091466,3.7442290155885387,-22.446216544082873,-2.9371529557805602,0.0001428102896355668,0.002916961617627273,0.07753474799540296,22.58665266586606,-19.52708321638986,-2.02472040997758
0,1780391981.0815027,3.743994403665762,-22.413432222813004,3.1108159683127172,0.0,0.0,0.0,0.21951799999999708,0.0,0.020776637668996595,22.560494922094442,-19.507316574931032,-2.259942771091466,3.7442324431983587,-22.446369577969776,-2.936160449071823,0.0001411706429896638,0.002945407227119208,0.07782806766410477,22.58677707580574,-19.527172500850625,-2.0237278112481465
0,1780391981.1315026,3.743994403665762,-22.413432222813004,3.1108159683127172,0.0,0.0,0.0,0.21951799999999708,0.0,0.020385236411468884,22.560494922094442,-19.507316574931032,-2.259942771091466,3.7442359918268413,-22.44652512267259,-2.9351497108165465,0.00013936542046311912,0.0029778043179623085,0.07813565727664866,22.586903592422424,-19.52726316552286,-2.022716977581092
0,1780391981.1815026,3.743994403665762,-22.413432222813004,3.1108159683127172,0.0,0.0,0.0,0.21951799999999708,0.0,0.01962380565547088,22.560494922094442,-19.507316574931032,-2.259942771091466,3.74423946646792,-22.44667760404608,-2.934160067510761,0.00013871222197045873,0.002993981335773211,0.07826440717883873,22.587027615313307,-19.527352047316718,-2.0217272407127425
0,1780391981.2315025,3.743994403665762,-22.413432222813004,3.1108159683127172,0.0,0.0,0.0,0.21951799999999708,0.0,0.01871133793664922,22.560494922094442,-19.507316574931032,-2.259942771091466,3.744242763378739,-22.446824255665447,-2.9332112852100427,0.0001396634346340249,0.0029841746374960148,0.07814399864280402,22.587146854203585,-19.527437585601803,-2.0207783695070964
0,1780391981.2815025,3.743994403665762,-22.413432222813004,3.1108159683127172,0.0,0.0,0.0,0.21951799999999708,0.0,0.018078298491460663,22.560494922094442,-19.507316574931032,-2.259942771091466,3.7442458361679103,-22.44696399769827,-2.93231133599651,0.00014214255057267076,0.0029462392790616876,0.07777836429557619,22.58726040907137,-19.527519179028037,-2.0198783373199776
0,1780391981.3315024,3.743994403665762,-22.413432222813004,3.1108159683127172,0.0,0.0,0.0,0.21951799999999708,0.0,0.018238136022082678,22.560494922094442,-19.507316574931032,-2.259942771091466,3.7442487524184656,-22.44709899736985,-2.9314452795238823,0.00014520484227463994,0.002895045310823757,0.07731757927814614,22.587370060314193,-19.52759806805284,-2.0190122020004715
0,1780391981.3815024,3.743994403665762,-22.413432222813004,3.1108159683127172,0.0,0.0,0.0,0.21951799999999708,0.0,0.01885913109603627,22.560494922094442,-19.507316574931032,-2.259942771091466,3.7442517192981253,-22.4472352670504,-2.930570819464984,0.00014716227789602284,0.0028618533035910123,0.07704488808516405,22.58748076729428,-19.527677667946648,-2.018137661625639
0,1780391981.4315023,3.743994403665762,-22.413432222813004,3.1108159683127172,0.0,0.0,0.0,0.21951799999999708,0.0,0.019575066181670403,22.560494922094442,-19.507316574931032,-2.259942771091466,3.744254866182304,-22.447376281192298,-2.929663160144657,0.00014748745691482365,0.002856097548307602,0.07703551791933688,22.587595405711163,-19.52775993971657,-2.0172299170060652
0,1780391981.4815023,3.743994403665762,-22.413432222813004,3.1108159683127172,0.0,0.0,0.0,0.21951799999999708,0.0,0.020132925001918576,22.560494922094442,-19.507316574931032,-2.259942771091466,3.7442582286267445,-22.447522726834354,-2.9287170607289106,0.0001464725923879376,0.0028723895212149635,0.07722739113247441,22.587714554298365,-19.52784525808464,-2.01628372632247
0,1780391981.5315022,3.743994403665762,-22.413432222813004,3.1108159683127172,0.0,0.0,0.0,0.21951799999999708,0.0,0.020345307457692665,22.560494922094442,-19.507316574931032,-2.259942771091466,3.7442617715705504,-22.447673365886153,-2.9277409606543996,0.0001447403821957284,0.0029008111062115904,0.07751686969003448,22.587837199526014,-19.527932909782905,-2.0153075299403245
0,1780391981.5815022,3.743994403665762,-22.413432222813004,3.1108159683127172,0.0,0.0,0.0,0.21951799999999708,0.0,0.020235056146455974,22.560494922094442,-19.507316574931032,-2.259942771091466,3.744265403682514,-22.447825544297476,-2.926753461192067,0.00014305822473052442,0.00292992112190599,0.07778944611947596,22.587961152299982,-19.528021387041345,-2.0143199315969103
0,1780391981.6315022,3.743994403665762,-22.413432222813004,3.1108159683127172,0.0,0.0,0.0,0.21951799999999708,0.0,0.019739610610317888,22.560494922094442,-19.507316574931032,-2.259942771091466,3.744269035193898,-22.44797680713456,-2.9257719242221074,0.00014198822598428197,0.0029509301820111406,0.07796542127512328,22.588084382364784,-19.52810930218346,-2.0133382956108035
0,1780391981.681502,3.743994403665762,-22.413432222813004,3.1108159683127172,0.0,0.0,0.0,0.21951799999999708,0.0,0.019094008280471933,22.560494922094442,-19.507316574931032,-2.259942771091466,3.744272556083476,-22.448124251440525,-2.9248170086975747,0.00014210082515350863,0.0029536619569693074,0.07795983090919902,22.588204484881985,-19.528195019536327,-2.0123832839417624
0,1780391981.731502,3.743994403665762,-22.413432222813004,3.1108159683127172,0.0,0.0,0.0,0.21951799999999708,0.0,0.018504997339384852,22.560494922094442,-19.507316574931032,-2.259942771091466,3.7442759196840107,-22.448266784984853,-2.9238966936764967,0.00014341811498412614,0.0029355847946358525,0.0777668008997516,22.588320549622516,-19.528277930682087,-2.011462876938324
0,1780391981.781502,3.743994403665762,-22.413432222813004,3.1108159683127172,0.0,0.0,0.0,0.21951799999999708,0.0,0.01809813691807176,22.560494922094442,-19.507316574931032,-2.259942771091466,3.7442791365113157,-22.448404879907265,-2.9230079166593996,0.00014553498289258636,0.0029019061912771453,0.07744755172066049,22.588432960186545,-19.528358311377087,-2.0105740118310758
0,1780391981.831502,3.743994403665762,-22.413432222813004,3.1108159683127172,0.0,0.0,0.0,0.21951799999999708,0.0,0.017983492987980295,22.560494922094442,-19.507316574931032,-2.259942771091466,3.7442822531058098,-22.448539939558184,-2.9221409543809824,0.00014787908613887374,0.002862113314246724,0.07709329950022463,22.58854287240805,-19.52843696102224,-2.0097069640939944
0,1780391981.881502,3.743994403665762,-22.413432222813004,3.1108159683127172,0.0,0.0,0.0,0.21951799999999708,0.0,0.0181309108118895,22.560494922094442,-19.507316574931032,-2.259942771091466,3.744285348915435,-22.44867417951135,-2.921280208276056,0.0001498197662808301,0.002827774918232045,0.07680697183498005,22.58865211723711,-19.528515133741436,-2.0088461329899374
0,1780391981.9315019,3.743994403665762,-22.413432222813004,3.1108159683127172,0.0,0.0,0.0,0.21951799999999708,0.0,0.018640193187726913,22.560494922094442,-19.507316574931032,-2.259942771091466,3.744288498548382,-22.448809572390005,-2.9204116408422065,0.00015097226914064042,0.002806204063425349,0.0766485333051144,22.588762328819154,-19.52859394100442,-2.0079774789662586
0,1780391981.9815018,3.743994403665762,-22.413432222813004,3.1108159683127172,0.0,0.0,0.0,0.21951799999999708,0.0,0.019367160740906563,22.560494922094442,-19.507316574931032,-2.259942771091466,3.7442918080294265,-22.44894883920954,-2.919515805562863,0.00015089564312990224,0.0028052150522981235,0.07668324149465273,22.588875764534393,-19.528674911749103,-2.0070815525798307
0,1780391982.0315018,3.743994403665762,-22.413432222813004,3.1108159683127172,0.0,0.0,0.0,0.21951799999999708,0.0,0.020051265375798127,22.560494922094442,-19.507316574931032,-2.259942771091466,3.74429534691387,-22.449093601455253,-2.918580919324866,0.00014954181584107818,0.002825272313492025,0.07690797953817645,22.588993776137194,-19.52875894861325,-2.0061465687803577
0,1780391982.0815017,3.743994403665762,-22.413432222813004,3.1108159683127172,0.0,0.0,0.0,0.21951799999999708,0.0,0.020448624248319315,22.560494922094442,-19.507316574931032,-2.259942771091466,3.744299111271136,-22.44924349869013,-2.9176092257181976,0.00014731504416043545,0.002859816884756553,0.07725265628687271,22.589116075013386,-19.528845835611452,-2.005174771238472
0,1780391982.1315017,3.743994403665762,-22.413432222813004,3.1108159683127172,0.0,0.0,0.0,0.21951799999999708,0.0,0.02046886343695829,22.560494922094442,-19.507316574931032,-2.259942771091466,3.7443030235182295,-22.449396321740817,-2.9166161720918833,0.00014491069282948242,0.0028986610792462457,0.07761317785202645,22.589240837156915,-19.52893432010339,-2.0041816094212552
0,1780391982.1815016,3.743994403665762,-22.413432222813004,3.1108159683127172,0.0,0.0,0.0,0.21951799999999708,0.0,0.020167109344584152,22.560494922094442,-19.507316574931032,-2.259942771091466,3.7443069748401845,-22.44954919535674,-2.9156220878204797,0.000143021571205367,0.002931596469413052,0.07789219999969256,22.589365680517602,-19.529022782239352,-2.0031874156999985
0,1780391982.2315016,3.743994403665762,-22.413432222813004,3.1108159683127172,0.0,0.0,0.0,0.21951799999999708,0.0,0.01953132259594992,22.560494922094442,-19.507316574931032,-2.259942771091466,3.7443108687677853,-22.449699693218264,-2.9146442708145317,0.00014212330127638662,0.0029505493962941522,0.07802319079642508,22.589488590141105,-19.52910986132975,-2.002209490658638
0,1780391982.2815015,3.743994403665762,-22.413432222813004,3.1108159683127172,0.0,0.0,0.0,0.21951799999999708,0.0,0.018824333311067292,22.560494922094442,-19.507316574931032,-2.259942771091466,3.7443146034833905,-22.449845325092603,-2.913700584721146,0.00014262768916297228,0.0029470193982246594,0.07794221399117358,22.58960749496531,-19.529194164760543,-2.001265700783566
0,1780391982.3315015,3.743994403665762,-22.413432222813004,3.1108159683127172,0.0,0.0,0.0,0.21951799999999708,0.0,0.018271766205861423,22.560494922094442,-19.507316574931032,-2.259942771091466,3.744318152627503,-22.449985608240198,-2.9127947614904723,0.00014435661247305402,0.002921451900163707,0.07767215534658976,22.589721986649774,-19.529275431436158,-2.000359778779543
0,1780391982.3815014,3.743994403665762,-22.413432222813004,3.1108159683127172,0.0,0.0,0.0,0.21951799999999708,0.0,0.018053159599795903,22.560494922094442,-19.507316574931032,-2.259942771091466,3.744321555798173,-22.45012175105975,-2.9119185265389715,0.0001467007948695868,0.002882960985142793,0.07730731827206305,22.589833060117016,-19.529354350150953,-1.9994834489813478
0,1780391982.4315014,3.743994403665762,-22.413432222813004,3.1108159683127172,0.0,0.0,0.0,0.21951799999999708,0.0,0.018148411019307788,22.560494922094442,-19.507316574931032,-2.259942771091466,3.744324906808268,-22.450256289994357,-2.911054061668002,0.00014884467255232292,0.002846059443166906,0.07698052567310441,22.58994281483453,-19.529432352324108,-1.9986188905874829
0,1780391982.4815013,3.743994403665762,-22.413432222813004,3.1108159683127172,0.0,0.0,0.0,0.21951799999999708,0.0,0.018539183230110324,22.560494922094442,-19.507316574931032,-2.259942771091466,3.7443282976707533,-22.450391588045207,-2.91018458049969,0.00015024546614087676,0.0028209486430352836,0.0767781629040753,22.59005321148917,-19.529510765313333,-1.9977493146528145
0,1780391982.5315013,3.743994403665762,-22.413432222813004,3.1108159683127172,0.0,0.0,0.0,0.21951799999999708,0.0,0.01911066279889126,22.560494922094442,-19.507316574931032,-2.259942771091466,3.744331818919298,-22.450529859119012,-2.9092942065649097,0.00015056555845142849,0.002813837026357323,0.07674886574052463,22.5901660915595,-19.52959082690565,-1.996858842167991
0,1780391982.5815012,3.743994403665762,-22.413432222813004,3.1108159683127172,0.0,0.0,0.0,0.21951799999999708,0.0,0.019533529945078423,22.560494922094442,-19.507316574931032,-2.259942771091466,3.7443355303942596,-22.450672443188807,-2.908373168177821,0.00014977726296104234,0.002825138292074957,0.07688813509411438,22.590282574847787,-19.52967327949728,-1.9959376997528542
0,1780391982.6315012,3.743994403665762,-22.413432222813004,3.1108159683127172,0.0,0.0,0.0,0.21951799999999708,0.0,0.019699462083434968,22.560494922094442,-19.507316574931032,-2.259942771091466,3.7443393940344736,-22.450818184463483,-2.907429406932082,0.00014842694270507045,0.002846144613471335,0.07710511092755397,22.59040170948737,-19.52975746461417,-1.9949938300460606
0,1780391982.6815012,3.743994403665762,-22.413432222813004,3.1108159683127172,0.0,0.0,0.0,0.21951799999999708,0.0,0.019652025218072227,22.560494922094442,-19.507316574931032,-2.259942771091466,3.7443433355791567,-22.450965118207222,-2.9064767404478635,0.00014709943831986698,0.002867897486824245,0.07731112268074944,22.590521867517353,-19.52984227568277,-1.994041052737239
0,1780391982.731501,3.743994403665762,-22.413432222813004,3.1108159683127172,0.0,0.0,0.0,0.21951799999999708,0.0,0.019450173029561393,22.560494922094442,-19.507316574931032,-2.259942771091466,3.744347290509347,-22.451111628545487,-2.905526641083364,0.00014617220862555316,0.0028843458329354302,0.07745215867592685,22.59064170647686,-19.529926807220857,-1.9930908419925069
0,1780391982.781501,3.743994403665762,-22.413432222813004,3.1108159683127172,0.0,0.0,0.0,0.21951799999999708,0.0,0.019224186106000206,22.560494922094442,-19.507316574931032,-2.259942771091466,3.7443512102087277,-22.45125656097183,-2.904587390846107,0.00014583975164161279,0.002891831818791452,0.07750123567280086,22.590760264581434,-19.53001041567658,-1.9921514811900214
0,1780391982.831501,3.743994403665762,-22.413432222813004,3.1108159683127172,0.0,0.0,0.0,0.21951799999999708,0.0,0.019144618070648534,22.560494922094442,-19.507316574931032,-2.259942771091466,3.7443550847087717,-22.451399753364495,-2.9036602685030664,0.00014601573804283793,0.002891045788107538,0.0774733933870265,22.59087740355639,-19.530093014836826,-1.991224249383369
0,1780391982.881501,3.743994403665762,-22.413432222813004,3.1108159683127172,0.0,0.0,0.0,0.21951799999999708,0.0,0.019195763927086856,22.560494922094442,-19.507316574931032,-2.259942771091466,3.744358956299198,-22.45154232676303,-2.9027374184694206,0.00014631470608918688,0.0028879869732300837,0.07743022411059407,22.59099405238297,-19.530175235962822,-1.9903012897961663
0,1780391982.931501,3.743994403665762,-22.413432222813004,3.1108159683127172,0.0,0.0,0.0,0.21951799999999708,0.0,0.019338313627270908,22.560494922094442,-19.507316574931032,-2.259942771091466,3.744362864350221,-22.45168527093183,-2.9018118326989204,0.00014646890483754115,0.002887121289801327,0.07741342349955305,22.59111103338465,-19.53025763364418,-1.9893755932658697
0,1780391982.9815009,3.743994403665762,-22.413432222813004,3.1108159683127172,0.0,0.0,0.0,0.21951799999999708,0.0,0.01943489952525088,22.560494922094442,-19.507316574931032,-2.259942771091466,3.744366837706862,-22.451829271037745,-2.9008786046065356,0.00014635022769435985,0.0028907168189043534,0.07744160455705926,22.59122891749991,-19.530340589620977,-1.9884422523830731
0,1780391983.0315008,3.743994403665762,-22.413432222813004,3.1108159683127172,0.0,0.0,0.0,0.21951799999999708,0.0,0.019558869339615658,22.560494922094442,-19.507316574931032,-2.259942771091466,3.7443708635817563,-22.451973971938788,-2.8999401964675524,0.00014610983776761175,0.002896454824407999,0.0774894405709926,22.59134741111349,-19.530423903028183,-1.9875037297780014
0,1780391983.0815008,3.743994403665762,-22.413432222813004,3.1108159683127172,0.0,0.0,0.0,0.21951799999999708,0.0,0.019592417196903387,22.560494922094442,-19.507316574931032,-2.259942771091466,3.7443749512304776,-22.452119575815853,-2.8989951367407483,0.00014573104492398333,0.002904693197122776,0.07755922359848037,22.59146668353747,-19.530507685427235,-1.9865585536383414
0,1780391983.1315007,3.743994403665762,-22.413432222813004,3.1108159683127172,0.0,0.0,0.0,0.21951799999999708,0.0,0.01948798226579443,22.560494922094442,-19.507316574931032,-2.259942771091466,3.7443790732504403,-22.452265395636953,-2.8980482795559745,0.0001454114834737502,0.0029122922429047843,0.07762001249289298,22.591586163938143,-19.530591551894023,-1.9856115788675952
0,1780391983.1815007,3.743994403665762,-22.413432222813004,3.1108159683127172,0.0,0.0,0.0,0.21951799999999708,0.0,0.019319108558827663,22.560494922094442,-19.507316574931032,-2.259942771091466,3.7443831862381414,-22.452410392641983,-2.897107030387696,0.0001453872264657845,0.0029152892306810486,0.07763545863539116,22.591704987118987,-19.530674923185856,-1.9846702121765762
0,1780391983.2315006,3.743994403665762,-22.413432222813004,3.1108159683127172,0.0,0.0,0.0,0.21951799999999708,0.0,0.019218239578524938,22.560494922094442,-19.507316574931032,-2.259942771091466,3.744387268620703,-22.45255409111073,-2.8961748424036755,0.0001457060460554256,0.002912562739765623,0.077598614902176,22.59182275508063,-19.53075753631053,-1.983737907352264
0,1780391983.2815006,3.743994403665762,-22.413432222813004,3.1108159683127172,0.0,0.0,0.0,0.21951799999999708,0.0,0.019222954871502666,22.560494922094442,-19.507316574931032,-2.259942771091466,3.7443913401454285,-22.45269701426856,-2.895248069027919,0.00014616024231839275,0.00290729882870048,0.07754264512125902,22.591939901498915,-19.530839685781274,-1.9828110172564042
0,1780391983.3315005,3.743994403665762,-22.413432222813004,3.1108159683127172,0.0,0.0,0.0,0.21951799999999708,0.0,0.0192381299300202,22.560494922094442,-19.507316574931032,-2.259942771091466,3.7443954333976626,-22.452839961274936,-2.894321051744966,0.00014652209200502844,0.0029032791400944165,0.07750326207899573,22.592057091287295,-19.530921818158966,-1.9818838824386344
0,1780391983.3815005,3.743994403665762,-22.413432222813004,3.1108159683127172,0.0,0.0,0.0,0.21951799999999708,0.0,0.01914451994837963,22.560494922094442,-19.507316574931032,-2.259942771091466,3.7443995520479953,-22.45298300846618,-2.8933932283162482,0.0001467937398957335,0.002900557529913279,0.07747891925411471,22.592174388567255,-19.53100397531281,-1.9809559405516655
0,1780391983.4315004,3.743994403665762,-22.413432222813004,3.1108159683127172,0.0,0.0,0.0,0.21951799999999708,0.0,0.019074767936001456,22.560494922094442,-19.507316574931032,-2.259942771091466,3.7444036618427363,-22.453125335118216,-2.892470430274254,0.00014719250256855148,0.0028955262450157727,0.07743419095157467,22.59229110967206,-19.531085699680574,-1.980033024112
0,1780391983.4815004,3.743994403665762,-22.413432222813004,3.1108159683127172,0.0,0.0,0.0,0.21951799999999708,0.0,0.018889773990471377,22.560494922094442,-19.507316574931032,-2.259942771091466,3.7444077697039955,-22.45326712501348,-2.891551379705172,0.00014764096964549488,0.0028893900829727783,0.07738143527110969,22.592407406937365,-19.53116709470018,-1.9791138550071747
0,1780391983.5315003,3.743994403665762,-22.413432222813004,3.1108159683127172,0.0,0.0,0.0,0.21951799999999708,0.0,0.01860042648268037,22.560494922094442,-19.507316574931032,-2.259942771091466,3.7444118384088503,-22.45340751432124,-2.8906422521429556,0.0001483326558641976,0.002878765913022489,0.07728909348450913,22.59252255950447,-19.53124768043699,-1.9782046098481385
0,1780391983.5815003,3.743994403665762,-22.413432222813004,3.1108159683127172,0.0,0.0,0.0,0.21951799999999708,0.0,0.018487795853363215,22.560494922094442,-19.507316574931032,-2.259942771091466,3.744415833257074,-22.453545728402947,-2.8897486355913884,0.0001493919675338568,0.0028611867378494442,0.07713646444532209,22.59263591951744,-19.53132702835589,-1.977310877649504
0,1780391983.6315002,3.743994403665762,-22.413432222813004,3.1108159683127172,0.0,0.0,0.0,0.21951799999999708,0.0,0.018736924670489957,22.560494922094442,-19.507316574931032,-2.259942771091466,3.744419809024453,-22.453683106509793,-2.888861075328605,0.00015039206055610243,0.002843821536701332,0.07699291985016529,22.59274860153096,-19.531405886457446,-1.9764232021101211
0,1780391983.6815002,3.743994403665762,-22.413432222813004,3.1108159683127172,0.0,0.0,0.0,0.21951799999999708,0.0,0.019268988701004512,22.560494922094442,-19.507316574931032,-2.259942771091466,3.7444238824056075,-22.453822364476327,-2.8879601911988027,0.00015068345624617767,0.0028380447642431675,0.07696247412972289,22.592862871721817,-19.531485763837875,-1.9755221996852201
0,1780391983.7315001,3.743994403665762,-22.413432222813004,3.1108159683127172,0.0,0.0,0.0,0.21951799999999708,0.0,0.01993642400817334,22.560494922094442,-19.507316574931032,-2.259942771091466,3.7444281492225007,-22.453965611107645,-2.887030760817873,0.00014994966300103908,0.0028492336706377767,0.07708976755649538,22.592980495293283,-19.53156782511147,-1.97459264518735
0,1780391983.7815,3.743994403665762,-22.413432222813004,3.1108159683127172,0.0,0.0,0.0,0.21951799999999708,0.0,0.020417677175720256,22.560494922094442,-19.507316574931032,-2.259942771091466,3.744432660261528,-22.454113837279856,-2.886065450109816,0.000148225114766882,0.0028766911618025117,0.07736175016052117,22.593102307841846,-19.531652609524315,-1.973627203030905
0,1780391983.8315,3.743994403665762,-22.413432222813004,3.1108159683127172,0.0,0.0,0.0,0.21951799999999708,0.0,0.0205595090743958,22.560494922094442,-19.507316574931032,-2.259942771091466,3.7444373602771375,-22.45426560787584,-2.885074259361585,0.0001460751670353996,0.002911891383876597,0.0776893248705154,22.593227118737833,-19.531739310740203,-1.972635875079139
0,1780391983.8815,3.743994403665762,-22.413432222813004,3.1108159683127172,0.0,0.0,0.0,0.21951799999999708,0.0,0.020339463306940263,22.560494922094442,-19.507316574931032,-2.259942771091466,3.744442139189142,-22.454418346758853,-2.8840754790148706,0.00014418406970917875,0.002944809720590668,0.07797341498134394,22.59335277905878,-19.531826496401056,-1.9716369549657076
0,1780391983.9315,3.743994403665762,-22.413432222813004,3.1108159683127172,0.0,0.0,0.0,0.21951799999999708,0.0,0.019812520672817087,22.560494922094442,-19.507316574931032,-2.259942771091466,3.7444468754623537,-22.454569336086312,-2.883088571693441,0.0001431423241035228,0.0029660425765499943,0.07813013572839943,22.59347701584258,-19.531912662901206,-1.9706499088659057
0,1780391983.9815,3.743994403665762,-22.413432222813004,3.1108159683127172,0.0,0.0,0.0,0.21951799999999708,0.0,0.019263774716541417,22.560494922094442,-19.507316574931032,-2.259942771091466,3.7444514634441965,-22.454716301997,-2.882129965201557,0.00014333836503322111,0.0029679194414778034,0.07810103875868464,22.593597923080758,-19.53199655788893,-1.969691167695196
0,1780391984.0314999,3.743994403665762,-22.413432222813004,3.1108159683127172,0.0,0.0,0.0,0.21951799999999708,0.0,0.01869305091015512,22.560494922094442,-19.507316574931032,-2.259942771091466,3.744455891001847,-22.45485912867382,-2.8812007639741783,0.0001445442836082956,0.0029522137941407887,0.07791936747344909,22.59371539650873,-19.53207812686457,-1.9687618362690635
0,1780391984.0814998,3.743994403665762,-22.413432222813004,3.1108159683127172,0.0,0.0,0.0,0.21951799999999708,0.0,0.018031822037901175,22.560494922094442,-19.507316574931032,-2.259942771091466,3.7444601466288794,-22.454997689785195,-2.8803021183030126,0.00014654760343696082,0.0029210981122608183,0.07761455509927324,22.593829324159543,-19.532157308100963,-1.9678630652428972
0,1780391984.1314998,3.743994403665762,-22.413432222813004,3.1108159683127172,0.0,0.0,0.0,0.21951799999999708,0.0,0.017521512003124014,22.560494922094442,-19.507316574931032,-2.259942771091466,3.744464196840768,-22.455131339947915,-2.8794388555696364,0.00014929253246084316,0.002874306222126488,0.07718905108304056,22.593939161116328,-19.532233751241222,-1.966999683012185
0,1780391984.1814997,3.743994403665762,-22.413432222813004,3.1108159683127172,0.0,0.0,0.0,0.21951799999999708,0.0,0.017495459060057637,22.560494922094442,-19.507316574931032,-2.259942771091466,3.744468087984524,-22.455261233110495,-2.878602942941784,0.00015226053179596998,0.0028206595645249083,0.07672547285336227,22.594045866942146,-19.53230810179698,-1.966163655402759
0,1780391984.2314997,3.743994403665762,-22.413432222813004,3.1108159683127172,0.0,0.0,0.0,0.21951799999999708,0.0,0.018035585861050925,22.560494922094442,-19.507316574931032,-2.259942771091466,3.7444719787644085,-22.455390993932664,-2.8777685631201972,0.00015444861434498765,0.0027792075465314105,0.07639291481758222,22.594152470122022,-19.53238236875212,-1.9653291604365495
0,1780391984.2814996,3.743994403665762,-22.413432222813004,3.1108159683127172,0.0,0.0,0.0,0.21951799999999708,0.0,0.019036156676826156,22.560494922094442,-19.507316574931032,-2.259942771091466,3.7444760617008317,-22.45552484133377,-2.8769053702973633,0.00015503311244445048,0.0027651824038514208,0.07632190084108846,22.59426250406771,-19.53245887958911,-1.9644658465954878
0,1780391984.3314996,3.743994403665762,-22.413432222813004,3.1108159683127172,0.0,0.0,0.0,0.21951799999999708,0.0,0.020152316172708358,22.560494922094442,-19.507316574931032,-2.259942771091466,3.7444805020870557,-22.45566619493769,-2.8759884835116023,0.00015366280080281633,0.00278350391854134,0.07654994621394517,22.594378842685295,-19.532539508015663,-1.9635488279794377
0,1780391984.3814995,3.743994403665762,-22.413432222813004,3.1108159683127172,0.0,0.0,0.0,0.21951799999999708,0.0,0.021034540859606713,22.560494922094442,-19.507316574931032,-2.259942771091466,3.7444853530673425,-22.455815877206263,-2.8750115023867506,0.000150679615518273,0.0028272252967002356,0.07700288722620868,22.594502191549935,-19.532624686108996,-1.9625717025754752
0,1780391984.4314995,3.743994403665762,-22.413432222813004,3.1108159683127172,0.0,0.0,0.0,0.21951799999999708,0.0,0.02134859539897797,22.560494922094442,-19.507316574931032,-2.259942771091466,3.74449054526203,-22.45597207662125,-2.8739869886665463,0.00014686568971647692,0.002884546991408471,0.07755645671310464,22.59463104781533,-19.532713395969658,-1.9615470341283419
0,1780391984.4814994,3.743994403665762,-22.413432222813004,3.1108159683127172,0.0,0.0,0.0,0.21951799999999708,0.0,0.021092485310434485,22.560494922094442,-19.507316574931032,-2.259942771091466,3.744495885937242,-22.456130476830534,-2.8729456652655916,0.00014332403229197553,0.0029408109984355208,0.07805826065659781,22.59476180101316,-19.53280325048761,-1.9605055512528478
0,1780391984.5314994,3.743994403665762,-22.413432222813004,3.1108159683127172,0.0,0.0,0.0,0.21951799999999708,0.0,0.02040270481526063,22.560494922094442,-19.507316574931032,-2.259942771091466,3.7445011745658996,-22.456286792644942,-2.8719182856308136,0.0001409796981164658,0.0029826055167265337,0.07838502792180997,22.594890856721833,-19.532891892741887,-1.9594780133749752
0,1780391984.5814993,3.743994403665762,-22.413432222813004,3.1108159683127172,0.0,0.0,0.0,0.21951799999999708,0.0,0.019694800976174782,22.560494922094442,-19.507316574931032,-2.259942771091466,3.744506255094742,-22.456437819243966,-2.8709280601427576,0.00014041621157917747,0.0029986285632937607,0.0784527417685576,22.595015519971025,-19.532977568775365,-1.9584876355680587
0,1780391984.6314993,3.743994403665762,-22.413432222813004,3.1108159683127172,0.0,0.0,0.0,0.21951799999999708,0.0,0.01906540419698739,22.560494922094442,-19.507316574931032,-2.259942771091466,3.7445111149381973,-22.456583496147488,-2.869975799766976,0.0001413419368179347,0.002990031190661717,0.07830138265691429,22.595135729518116,-19.533060258913707,-1.957535229212461
0,1780391984.6814992,3.743994403665762,-22.413432222813004,3.1108159683127172,0.0,0.0,0.0,0.21951799999999708,0.0,0.018583755823404206,22.560494922094442,-19.507316574931032,-2.259942771091466,3.7445157756816476,-22.456724467696027,-2.8690572348066494,0.00014326801330330802,0.002962749386170702,0.07800195396573108,22.595252016665352,-19.533140329411772,-1.9566165239981657
0,1780391984.7314992,3.743994403665762,-22.413432222813004,3.1108159683127172,0.0,0.0,0.0,0.21951799999999708,0.0,0.01828956389702699,22.560494922094442,-19.507316574931032,-2.259942771091466,3.7445202841405942,-22.456861871997095,-2.8681644676030595,0.00014564400183468708,0.0029253843497925544,0.07763833779430385,22.595365329264748,-19.533218415030138,-1.9557236208859508
0,1780391984.7814991,3.743994403665762,-22.413432222813004,3.1108159683127172,0.0,0.0,0.0,0.21951799999999708,0.0,0.018205637690390634,22.560494922094442,-19.507316574931032,-2.259942771091466,3.7445247027368413,-22.456997122755624,-2.867287502925896,0.0001479725362554975,0.002886720058986426,0.07728834493031189,22.595476849342603,-19.533295298229866,-1.9548465227826712
0,1780391984.831499,3.743994403665762,-22.413432222813004,3.1108159683127172,0.0,0.0,0.0,0.21951799999999708,0.0,0.01825228155516755,22.560494922094442,-19.507316574931032,-2.259942771091466,3.744529104030177,-22.45713178863225,-2.8664151094159376,0.00014985410484267932,0.0028542886243731985,0.07701446523918416,22.595587892096177,-19.53337184257061,-1.9539739961462543
0,1780391984.881499,3.743994403665762,-22.413432222813004,3.1108159683127172,0.0,0.0,0.0,0.21951799999999708,0.0,0.01852978121860982,22.560494922094442,-19.507316574931032,-2.259942771091466,3.744533535076303,-22.457266833769065,-2.865540282479484,0.0001511583292555386,0.00283081948788881,0.07683384342666119,22.59569926852186,-19.53344857540685,-1.9530990349587525
0,1780391984.931499,3.743994403665762,-22.413432222813004,3.1108159683127172,0.0,0.0,0.0,0.21951799999999708,0.0,0.019034941640901158,22.560494922094442,-19.507316574931032,-2.259942771091466,3.7445380794064094,-22.457403966617473,-2.8646506301760457,0.0001516146236383447,0.0028213554129944214,0.07678653105043001,22.595812416038278,-19.533526430766415,-1.9522092447378805
0,1780391984.981499,3.743994403665762,-22.413432222813004,3.1108159683127172,0.0,0.0,0.0,0.21951799999999708,0.0,0.019598764670782667,22.560494922094442,-19.507316574931032,-2.259942771091466,3.744542822029265,-22.457544865582282,-2.86373389035472,0.00015104277961002028,0.0028290159867452097,0.07689536839109565,22.595928750064143,-19.533606322009554,-1.95129236072824
0,1780391985.031499,3.743994403665762,-22.413432222813004,3.1108159683127172,0.0,0.0,0.0,0.21951799999999708,0.0,0.020162984872305185,22.560494922094442,-19.507316574931032,-2.259942771091466,3.7445477898961994,-22.457689939855012,-2.8627868582287,0.00014960987514821554,0.0028510493850475707,0.07712794609394542,22.596048622497612,-19.533688462991257,-1.950345177288976
0,1780391985.0814989,3.743994403665762,-22.413432222813004,3.1108159683127172,0.0,0.0,0.0,0.21951799999999708,0.0,0.020456926934474727,22.560494922094442,-19.507316574931032,-2.259942771091466,3.7445529886602182,-22.457839164207556,-2.8618094847255438,0.00014753314760640535,0.0028840894050332316,0.07744795541639105,22.596172019747208,-19.53377283004849,-1.949367645136427
0,1780391985.1314988,3.743994403665762,-22.413432222813004,3.1108159683127172,0.0,0.0,0.0,0.21951799999999708,0.0,0.020518746478993006,22.560494922094442,-19.507316574931032,-2.259942771091466,3.744558324620299,-22.457990489603127,-2.8608163275513196,0.00014542913002992667,0.0029190964710415976,0.07776436549594021,22.596297224856038,-19.533858293881167,-1.9483743248033565
0,1780391985.1814988,3.743994403665762,-22.413432222813004,3.1108159683127172,0.0,0.0,0.0,0.21951799999999708,0.0,0.020317747948939053,22.560494922094442,-19.507316574931032,-2.259942771091466,3.7445637141566945,-22.45814217361863,-2.8598198877382894,0.00014371592235336232,0.002949750818847544,0.0780196620540643,22.596422773512558,-19.53394389970453,-1.9473777198614475
0,1780391985.2314987,3.743994403665762,-22.413432222813004,3.1108159683127172,0.0,0.0,0.0,0.21951799999999708,0.0,0.019982999410148354,22.560494922094442,-19.507316574931032,-2.259942771091466,3.744569060214416,-22.458292263168953,-2.8588342852228346,0.00014278685691951237,0.0029694744651568017,0.07815883099546217,22.59654702059578,-19.534028582175075,-1.9463919532197973
0,1780391985.2814987,3.743994403665762,-22.413432222813004,3.1108159683127172,0.0,0.0,0.0,0.21951799999999708,0.0,0.019640444947690197,22.560494922094442,-19.507316574931032,-2.259942771091466,3.74457431102856,-22.458439788417994,-2.8578666642254116,0.00014272832792813238,0.0029757609013359248,0.07817028173708003,22.59666914527984,-19.534111817340055,-1.9454241707007967
0,1780391985.3314986,3.743994403665762,-22.413432222813004,3.1108159683127172,0.0,0.0,0.0,0.21951799999999708,0.0,0.019328159852687852,22.560494922094442,-19.507316574931032,-2.259942771091466,3.7445794602337665,-22.458584723203167,-2.8569174121716188,0.00014336473759527348,0.002970339957668671,0.07808076151189179,22.596789120039016,-19.53419359802468,-1.944474759943643
0,1780391985.3814986,3.743994403665762,-22.413432222813004,3.1108159683127172,0.0,0.0,0.0,0.21951799999999708,0.0,0.019106538293486724,22.560494922094442,-19.507316574931032,-2.259942771091466,3.744584515840433,-22.458727318133683,-2.8559848970047184,0.00014447154435852743,0.0029562128858862525,0.07792387860289664,22.59690715115961,-19.534274067142483,-1.9435420886620287
0,1780391985.4314985,3.743994403665762,-22.413432222813004,3.1108159683127172,0.0,0.0,0.0,0.21951799999999708,0.0,0.01907059331563382,22.560494922094442,-19.507316574931032,-2.259942771091466,3.7445895086088883,-22.45886826468027,-2.855064268402165,0.000145755101315274,0.0029380393273222578,0.07774447423290357,22.59702381727955,-19.534353606782325,-1.9426213055971924
0,1780391985.4814985,3.743994403665762,-22.413432222813004,3.1108159683127172,0.0,0.0,0.0,0.21951799999999708,0.0,0.01904079891315682,22.560494922094442,-19.507316574931032,-2.259942771091466,3.744594505220562,-22.459008950604886,-2.8541455937705513,0.0001468176638233694,0.0029227118098777228,0.07760459418350567,22.59714028519511,-19.534432976692038,-1.941702476097884
0,1780391985.5314984,3.743994403665762,-22.413432222813004,3.1108159683127172,0.0,0.0,0.0,0.21951799999999708,0.0,0.018978047211280217,22.560494922094442,-19.507316574931032,-2.259942771091466,3.744599508619088,-22.459149416841214,-2.853228537316345,0.00014769860207827432,0.0029097598587362167,0.07749481497817924,22.597256590352227,-19.534512197949738,-1.9407852642784198
0,1780391985.5814984,3.743994403665762,-22.413432222813004,3.1108159683127172,0.0,0.0,0.0,0.21951799999999708,0.0,0.01874483229262141,22.560494922094442,-19.507316574931032,-2.259942771091466,3.7446045072520526,-22.459289414205028,-2.8523148597388253,0.00014849862996505343,0.0028976007105490703,0.07739693812697408,22.597372523650666,-19.534591133609204,-1.9398714311966305
0,1780391985.6314983,3.743994403665762,-22.413432222813004,3.1108159683127172,0.0,0.0,0.0,0.21951799999999708,0.0,0.0185814417386036,22.560494922094442,-19.507316574931032,-2.259942771091466,3.744609438404152,-22.459427674763727,-2.851413686338508,0.0001495434957761059,0.002880612050531781,0.07725703830746933,22.59748701688677,-19.53466909231352,-1.9389701041102572
0,1780391985.6814983,3.743994403665762,-22.413432222813004,3.1108159683127172,0.0,0.0,0.0,0.21951799999999708,0.0,0.018630665624399755,22.560494922094442,-19.507316574931032,-2.259942771091466,3.744614326544249,-22.45956472640953,-2.8505212835368106,0.00015063335444356985,0.002862057989936611,0.07710745832569492,22.597600512944496,-19.53474636429855,-1.9380775486875108
0,1780391985.7314982,3.743994403665762,-22.413432222813004,3.1108159683127172,0.0,0.0,0.0,0.21951799999999708,0.0,0.018759799830918897,22.560494922094442,-19.507316574931032,-2.259942771091466,3.744619249942065,-22.45970215092876,-2.8496262717528142,0.00015135859909094532,0.0028491149694701034,0.07701438037266138,22.59771434448022,-19.534823812004532,-1.9371823829043344
0,1780391985.7814982,3.743994403665762,-22.413432222813004,3.1108159683127172,0.0,0.0,0.0,0.21951799999999708,0.0,0.01894165553968736,22.560494922094442,-19.507316574931032,-2.259942771091466,3.7446242398486334,-22.459840532161625,-2.8487243573686554,0.0001516645850528809,0.0028429491479326227,0.07698468903250713,22.597829005985062,-19.534901750391413,-1.936280312156716
0,1780391985.8314981,3.743994403665762,-22.413432222813004,3.1108159683127172,0.0,0.0,0.0,0.21951799999999708,0.0,0.019200998080514082,22.560494922094442,-19.507316574931032,-2.259942771091466,3.7446293179354235,-22.459980249551425,-2.847812700381637,0.0001515621487120653,0.002843584206637922,0.07701509258243043,22.59794482037464,-19.534980382162072,-1.9353684957495503
0,1780391985.881498,3.743994403665762,-22.413432222813004,3.1108159683127172,0.0,0.0,0.0,0.21951799999999708,0.0,0.019578223530568522,22.560494922094442,-19.507316574931032,-2.259942771091466,3.744634515437121,-22.46012186624566,-2.846887131221404,0.00015101687100061443,0.00285175346386852,0.077109994420541,22.598062265936427,-19.535060009403818,-1.9344427631137178
0,1780391985.931498,3.743994403665762,-22.413432222813004,3.1108159683127172,0.0,0.0,0.0,0.21951799999999708,0.0,0.019951319718239373,22.560494922094442,-19.507316574931032,-2.259942771091466,3.7446398794753417,-22.4602662443651,-2.8459413055552143,0.00014993464229261824,0.0028690935214716355,0.07728294392351562,22.598182074161997,-19.53514109550848,-1.9334967684087017
0,1780391985.981498,3.743994403665762,-22.413432222813004,3.1108159683127172,0.0,0.0,0.0,0.21951799999999708,0.0,0.020072216778748472,22.560494922094442,-19.507316574931032,-2.259942771091466,3.7446454117300965,-22.46041333416591,-2.8449754343650007,0.00014845895623145266,0.002893478112193679,0.07751085820841168,22.598304207886528,-19.535223607219958,-1.9325307225325667
0,1780391986.031498,3.743994403665762,-22.413432222813004,3.1108159683127172,0.0,0.0,0.0,0.21951799999999708,0.0,0.02005547877604699,22.560494922094442,-19.507316574931032,-2.259942771091466,3.744651018226559,-22.460561242445127,-2.844003083673882,0.00014712658018058145,0.002916760830518215,0.07771343866448337,22.598427071624847,-19.53530651289852,-1.931558194452803
0,1780391986.081498,3.743994403665762,-22.413432222813004,3.1108159683127172,0.0,0.0,0.0,0.21951799999999708,0.0,0.019885819461453628,22.560494922094442,-19.507316574931032,-2.259942771091466,3.7446566459538753,-22.460708947977135,-2.843031649682377,0.00014615771797487763,0.0029353138002324044,0.07786045776769622,22.598549802228856,-19.535389259313835,-1.9305865820379968
0,1780391986.1314979,3.743994403665762,-22.413432222813004,3.1108159683127172,0.0,0.0,0.0,0.21951799999999708,0.0,0.019523921856773804,22.560494922094442,-19.507316574931032,-2.259942771091466,3.7446622348828242,-22.460855326011526,-2.842069335709116,0.0001457529399084637,0.0029454946582229357,0.0779234455372579,22.598671447112576,-19.535471239658527,-1.9296240905116593
0,1780391986.1814978,3.743994403665762,-22.413432222813004,3.1108159683127172,0.0,0.0,0.0,0.21951799999999708,0.0,0.019126602280753417,22.560494922094442,-19.507316574931032,-2.259942771091466,3.7446677089961296,-22.46099897056713,-2.8411264346641865,0.00014613822861791787,0.002942801014387452,0.077867489521222,22.598790814240395,-19.53555169703773,-1.9286810152135674
0,1780391986.2314978,3.743994403665762,-22.413432222813004,3.1108159683127172,0.0,0.0,0.0,0.21951799999999708,0.0,0.01884134337638965,22.560494922094442,-19.507316574931032,-2.259942771091466,3.7446730515192765,-22.46113964877403,-2.840204822547954,0.00014719352603299573,0.002928182556270724,0.07771024644187516,22.598907701489612,-19.535630512149844,-1.9277592327012614
0,1780391986.2814977,3.743994403665762,-22.413432222813004,3.1108159683127172,0.0,0.0,0.0,0.21951799999999708,0.0,0.018797678550003596,22.560494922094442,-19.507316574931032,-2.259942771091466,3.744678302497016,-22.46127821460454,-2.839298500288619,0.0001485379083149042,0.0029075315285783426,0.0775112966912369,22.599022826123015,-19.53570815346449,-1.9268527426463211
0,1780391986.3314977,3.743994403665762,-22.413432222813004,3.1108159683127172,0.0,0.0,0.0,0.21951799999999708,0.0,0.019068588959504133,22.560494922094442,-19.507316574931032,-2.259942771091466,3.744683553189087,-22.461416466503067,-2.838394549512324,0.00014963976114727346,0.002890051440694631,0.07735527366406758,22.599137706512167,-19.535785597438277,-1.9259486237670274
0,1780391986.3814976,3.743994403665762,-22.413432222813004,3.1108159683127172,0.0,0.0,0.0,0.21951799999999708,0.0,0.019474858682808172,22.560494922094442,-19.507316574931032,-2.259942771091466,3.74468892594254,-22.46155672757565,-2.837476113302837,0.00014998343670991396,0.002884880182349985,0.07732218829294346,22.599254309080322,-19.535864098801618,-1.9250300152190607
0,1780391986.4314976,3.743994403665762,-22.413432222813004,3.1108159683127172,0.0,0.0,0.0,0.21951799999999708,0.0,0.019757752327575442,22.560494922094442,-19.507316574931032,-2.259942771091466,3.7446944771796327,-22.461699979911277,-2.8365358919321797,0.0001495271941373989,0.002892904000141507,0.0774127750255453,22.59937347044149,-19.535944181121515,-1.9240896154367169
0,1780391986.4814975,3.743994403665762,-22.413432222813004,3.1108159683127172,0.0,0.0,0.0,0.21951799999999708,0.0,0.01982368452140946,22.560494922094442,-19.507316574931032,-2.259942771091466,3.744700162871685,-22.461845283700516,-2.8355804842029477,0.00014869461957325592,0.002907489270242809,0.07755716021896092,22.59949440123063,-19.53602532884849,-1.9231340246077964
0,1780391986.5314975,3.743994403665762,-22.413432222813004,3.1108159683127172,0.0,0.0,0.0,0.21951799999999708,0.0,0.019552902192992896,22.560494922094442,-19.507316574931032,-2.259942771091466,3.7447058998380647,-22.46199101613346,-2.834621543347338,0.0001479628721310651,0.0029211922365676825,0.07768220097848859,22.59961573034349,-19.53610666219882,-1.9221748986251144
0,1780391986.5814974,3.743994403665762,-22.413432222813004,3.1108159683127172,0.0,0.0,0.0,0.21951799999999708,0.0,0.019037309704033823,22.560494922094442,-19.507316574931032,-2.259942771091466,3.7447115552959738,-22.46213468539107,-2.8336771410711625,0.0001479148763015122,0.0029243414130948994,0.0776994461843788,22.59973534657464,-19.536186837869575,-1.9212303134822362
0,1780391986.6314974,3.743994403665762,-22.413432222813004,3.1108159683127172,0.0,0.0,0.0,0.21951799999999708,0.0,0.018617620874701975,22.560494922094442,-19.507316574931032,-2.259942771091466,3.74471703038155,-22.462274507093763,-2.8327603693970858,0.0001488435708900547,0.002910881335314137,0.07756252938216973,22.599851733701986,-19.536264899614444,-1.920313364423901
0,1780391986.6814973,3.743994403665762,-22.413432222813004,3.1108159683127172,0.0,0.0,0.0,0.21951799999999708,0.0,0.018342412186027016,22.560494922094442,-19.507316574931032,-2.259942771091466,3.744722358904029,-22.462411226205443,-2.831866075364004,0.00015033102427178973,0.0028867145312827685,0.07733750029313367,22.599965516307314,-19.53634125755589,-1.9194188974245274
0,1780391986.7314973,3.743994403665762,-22.413432222813004,3.1108159683127172,0.0,0.0,0.0,0.21951799999999708,0.0,0.018291755658533578,22.560494922094442,-19.507316574931032,-2.259942771091466,3.744727595012691,-22.462545929470508,-2.830986540469007,0.0001519517555177062,0.0028588538049095186,0.07709233650824035,22.600077610992535,-19.536416502904032,-1.918539192245497
0,1780391986.7814972,3.743994403665762,-22.413432222813004,3.1108159683127172,0.0,0.0,0.0,0.21951799999999708,0.0,0.018580988603389453,22.560494922094442,-19.507316574931032,-2.259942771091466,3.7447328260659836,-22.462680279746756,-2.8301097649725646,0.00015324083169216462,0.002835626381150484,0.07690185702738098,22.600189425456062,-19.53649153358803,-1.9176622463151247
0,1780391986.8314972,3.743994403665762,-22.413432222813004,3.1108159683127172,0.0,0.0,0.0,0.21951799999999708,0.0,0.019054960206737467,22.560494922094442,-19.507316574931032,-2.259942771091466,3.744738187698723,-22.462816778169426,-2.8292175395512595,0.00015365930079797334,0.0028267438499709812,0.07685091813515486,22.600303081983473,-19.536567693812266,-1.9167698458794442
0,1780391986.8814971,3.743994403665762,-22.413432222813004,3.1108159683127172,0.0,0.0,0.0,0.21951799999999708,0.0,0.019497376149016664,22.560494922094442,-19.507316574931032,-2.259942771091466,3.744743757860187,-22.462956766474953,-2.8282999052118445,0.00015311009373078748,0.002833953494707982,0.07694840230784085,22.600419724989667,-19.536645697031744,-1.9158520293693264
0,1780391986.931497,3.743994403665762,-22.413432222813004,3.1108159683127172,0.0,0.0,0.0,0.21951799999999708,0.0,0.019829729335864864,22.560494922094442,-19.507316574931032,-2.259942771091466,3.7447495291830224,-22.46309998174471,-2.8273585135260535,0.00015190072044009756,0.0028523480071041443,0.07714077348244998,22.600539139228516,-19.53672539179726,-1.9149104485581723
0,1780391986.981497,3.743994403665762,-22.413432222813004,3.1108159683127172,0.0,0.0,0.0,0.21951799999999708,0.0,0.01990308758436175,22.560494922094442,-19.507316574931032,-2.259942771091466,3.7447554610705285,-22.46324558582118,-2.826399269341187,0.00015038800436854402,0.002876479898087442,0.07737224874185537,22.60066061908701,-19.5368063204266,-1.913951009587763
0,1780391987.031497,3.743994403665762,-22.413432222813004,3.1108159683127172,0.0,0.0,0.0,0.21951799999999708,0.0,0.019672618901233008,22.560494922094442,-19.507316574931032,-2.259942771091466,3.744761450472568,-22.463391648729385,-2.8254361029404342,0.00014909949158826516,0.0028982740790918712,0.0775649232786002,22.600782528695863,-19.536887443389567,-1.9129876461029998
0,1780391987.081497,3.743994403665762,-22.413432222813004,3.1108159683127172,0.0,0.0,0.0,0.21951799999999708,0.0,0.01914613935164335,22.560494922094442,-19.507316574931032,-2.259942771091466,3.744767373433205,-22.463535930761743,-2.8244853306141176,0.00014853173426801152,0.0029095139236850432,0.07764611576918674,22.60090296452443,-19.536967560957436,-1.912036678473946
0,1780391987.131497,3.743994403665762,-22.413432222813004,3.1108159683127172,0.0,0.0,0.0,0.21951799999999708,0.0,0.018597643855656567,22.560494922094442,-19.507316574931032,-2.259942771091466,3.744773107339356,-22.463676275441372,-2.823562791635009,0.00014906885848179957,0.0029026441527698434,0.07755624148788563,22.601020089846088,-19.537045523071395,-1.911113950042278
0,1780391987.1814969,3.743994403665762,-22.413432222813004,3.1108159683127172,0.0,0.0,0.0,0.21951799999999708,0.0,0.01821905011698818,22.560494922094442,-19.507316574931032,-2.259942771091466,3.7447786392464466,-22.463812564083547,-2.8226696208765074,0.00015049487906609199,0.002879596056933801,0.07732737294399339,22.601133796449307,-19.537121275648126,-1.9102205961476773
0,1780391987.2314968,3.743994403665762,-22.413432222813004,3.1108159683127172,0.0,0.0,0.0,0.21951799999999708,0.0,0.018170228801328424,22.560494922094442,-19.507316574931032,-2.259942771091466,3.7447840341394603,-22.463946079683197,-2.8217967324111037,0.00015225776534075327,0.002849117485312935,0.0770473381448719,22.60124516806968,-19.537195514582006,-1.9093475287437016
0,1780391987.2814968,3.743994403665762,-22.413432222813004,3.1108159683127172,0.0,0.0,0.0,0.21951799999999708,0.0,0.018401504074254525,22.560494922094442,-19.507316574931032,-2.259942771091466,3.7447894235697836,-22.464079260070974,-2.820926513515356,0.0001536404362302777,0.0028240012697010254,0.0768328639925718,22.60135627331657,-19.537269550003586,-1.9084771307569386
0,1780391987.3314967,3.743994403665762,-22.413432222813004,3.1108159683127172,0.0,0.0,0.0,0.21951799999999708,0.0,0.0188254586413642,22.560494922094442,-19.507316574931032,-2.259942771091466,3.744794922726415,-22.464214157483145,-2.8200439575657437,0.00015422536160276864,0.002811934034303126,0.07674834436751969,22.601468858739658,-19.53734447817991,-1.907594391726386
0,1780391987.3814967,3.743994403665762,-22.413432222813004,3.1108159683127172,0.0,0.0,0.0,0.21951799999999708,0.0,0.01918247725255632,22.560494922094442,-19.507316574931032,-2.259942771091466,3.744800614254902,-22.464352169762865,-2.8191386896024073,0.00015387998102441646,0.002815347661873354,0.07680874820770472,22.601584118819858,-19.53742103954173,-1.9066889339119517
0,1780391987.4314966,3.743994403665762,-22.413432222813004,3.1108159683127172,0.0,0.0,0.0,0.21951799999999708,0.0,0.01923025446185657,22.560494922094442,-19.507316574931032,-2.259942771091466,3.7448064754143373,-22.46449277516264,-2.8182142615799424,0.00015296527570399563,0.0028284563024393327,0.07695186967422395,22.601701617002018,-19.53749894571442,-1.9057643099913617
0,1780391987.4814966,3.743994403665762,-22.413432222813004,3.1108159683127172,0.0,0.0,0.0,0.21951799999999708,0.0,0.01907923778339123,22.560494922094442,-19.507316574931032,-2.259942771091466,3.744812381192157,-22.464633672997152,-2.817287276110945,0.0001521663628255318,0.0028404499879788265,0.07707091604433244,22.60181939981274,-19.537576961872446,-1.9048371267340485
0,1780391987.5314965,3.743994403665762,-22.413432222813004,3.1108159683127172,0.0,0.0,0.0,0.21951799999999708,0.0,0.01901861483832629,22.560494922094442,-19.507316574931032,-2.259942771091466,3.7448182488773836,-22.464773401316105,-2.8163684014160553,0.00015181479635201976,0.002845723061756346,0.07711694504159163,22.60193622217199,-19.53765430822141,-1.903918055130035
0,1780391987.5814965,3.743994403665762,-22.413432222813004,3.1108159683127172,0.0,0.0,0.0,0.21951799999999708,0.0,0.019215676442543066,22.560494922094442,-19.507316574931032,-2.259942771091466,3.7448241142064855,-22.46491264061988,-2.815452781789269,0.00015164908864256178,0.002848135073067621,0.07713366614477904,22.60205266065077,-19.5377313515908,-1.9030022382781604
0,1780391987.6314964,3.743994403665762,-22.413432222813004,3.1108159683127172,0.0,0.0,0.0,0.21951799999999708,0.0,0.01932028244542568,22.560494922094442,-19.507316574931032,-2.259942771091466,3.744830083723515,-22.46505329290921,-2.8145265940154567,0.00015116652543239475,0.002855895787285396,0.07720125274041233,22.602170334314522,-19.537809107511645,-1.902075849370342
0,1780391987.6814964,3.743994403665762,-22.413432222813004,3.1108159683127172,0.0,0.0,0.0,0.21951799999999708,0.0,0.01918570044041105,22.560494922094442,-19.507316574931032,-2.259942771091466,3.744836120385152,-22.465194666521946,-2.813594795973375,0.00015061181058530194,0.002865183394076436,0.07728013068277953,22.602288656477718,-19.53788720398751,-1.9011438475158795
0,1780391987.7314963,3.743994403665762,-22.413432222813004,3.1108159683127172,0.0,0.0,0.0,0.21951799999999708,0.0,0.0188876356778594,22.560494922094442,-19.507316574931032,-2.259942771091466,3.744842124407811,-22.465334998746087,-2.8126702220578146,0.00015043189440254272,0.002868668693829809,0.07730059582516846,22.60240612551733,-19.53796470131353,-1.9002190704749329
0,1780391987.7814963,3.743994403665762,-22.413432222813004,3.1108159683127172,0.0,0.0,0.0,0.21951799999999708,0.0,0.018617397830700263,22.560494922094442,-19.507316574931032,-2.259942771091466,3.74484802577322,-22.46547310190071,-2.8117616281513933,0.0001508360774101619,0.002862345783212714,0.07723005871032697,22.602521726379013,-19.538040970588803,-1.8993102765128809
0,1780391987.8314962,3.743994403665762,-22.413432222813004,3.1108159683127172,0.0,0.0,0.0,0.21951799999999708,0.0,0.018559351697541335,22.560494922094442,-19.507316574931032,-2.259942771091466,3.744853833746452,-22.465609201889638,-2.810867516523845,0.00015163076221537427,0.0028488441696320247,0.07709941547394294,22.60263564746443,-19.538116137468812,-1.8984159676053065
0,1780391987.8814962,3.743994403665762,-22.413432222813004,3.1108159683127172,0.0,0.0,0.0,0.21951799999999708,0.0,0.01874499122808234,22.560494922094442,-19.507316574931032,-2.259942771091466,3.7448596355853043,-22.46574486951381,-2.809976532508355,0.0001523239246246538,0.0028364172438397586,0.07698785144876882,22.602749225275083,-19.538191041465243,-1.8975247861315045
0,1780391987.9314961,3.743994403665762,-22.413432222813004,3.1108159683127172,0.0,0.0,0.0,0.21951799999999708,0.0,0.019048736307559495,22.560494922094442,-19.507316574931032,-2.259942771091466,3.7448655342341826,-22.46588189057359,-2.809075620432076,0.0001524956206108947,0.0028324264752030578,0.07696115849466909,22.60286398365866,-19.53826663128629,-1.8966236729059314
0,1780391987.981496,3.743994403665762,-22.413432222813004,3.1108159683127172,0.0,0.0,0.0,0.21951799999999708,0.0,0.019240044317008004,22.560494922094442,-19.507316574931032,-2.259942771091466,3.7448715821732934,-22.466021116548617,-2.808158426085922,0.0001520693528225777,0.002838370307651618,0.07702775797812211,22.602980653195463,-19.538343354108,-1.8957062719048046
0,1780391988.031496,3.743994403665762,-22.413432222813004,3.1108159683127172,0.0,0.0,0.0,0.21951799999999708,0.0,0.019034982384240947,22.560494922094442,-19.507316574931032,-2.259942771091466,3.744877734512019,-22.466161701889476,-2.8072309684339145,0.00015139651142688927,0.002848725419992346,0.07712985688429742,22.603098516864915,-19.53842075491547,-1.8947786035996796
0,1780391988.081496,3.743994403665762,-22.413432222813004,3.1108159683127172,0.0,0.0,0.0,0.21951799999999708,0.0,0.018727382746524943,22.560494922094442,-19.507316574931032,-2.259942771091466,3.744883823301824,-22.466300727446043,-2.806314517286384,0.0001512437588084141,0.0028510165325125194,0.07714779111102905,22.603215083859354,-19.53849728272288,-1.8938619435470747
0,1780391988.131496,3.743994403665762,-22.413432222813004,3.1108159683127172,0.0,0.0,0.0,0.21951799999999708,0.0,0.018660877394254916,22.560494922094442,-19.507316574931032,-2.259942771091466,3.7448898027728403,-22.466437460513767,-2.8054145554651755,0.00015167778053688073,0.0028434155168919626,0.07707238586193382,22.603329724765718,-19.53857255369291,-1.8929617761572697
0,1780391988.181496,3.743994403665762,-22.413432222813004,3.1108159683127172,0.0,0.0,0.0,0.21951799999999708,0.0,0.01888786494847413,22.560494922094442,-19.507316574931032,-2.259942771091466,3.7448957734376673,-22.466573688164182,-2.8045181673799005,0.00015211587963141312,0.002835344459037374,0.07699822413371143,22.60344396199635,-19.53864752046713,-1.8920651823965788
0,1780391988.2314959,3.743994403665762,-22.413432222813004,3.1108159683127172,0.0,0.0,0.0,0.21951799999999708,0.0,0.0191641641711799,22.560494922094442,-19.507316574931032,-2.259942771091466,3.7449018609851263,-22.466711561219718,-2.8036096249658637,0.00015202521841687852,0.002835921027125159,0.07700963803209786,22.603559633436717,-19.538723322362422,-1.8911564298594312
0,1780391988.2814958,3.743994403665762,-22.413432222813004,3.1108159683127172,0.0,0.0,0.0,0.21951799999999708,0.0,0.01922316077564464,22.560494922094442,-19.507316574931032,-2.259942771091466,3.74490808921064,-22.466851424535037,-2.802686264581139,0.000151454100298004,0.002844559833059164,0.0770955166263599,22.60367703809163,-19.538800136460125,-1.890232854055521
0,1780391988.3314958,3.743994403665762,-22.413432222813004,3.1108159683127172,0.0,0.0,0.0,0.21951799999999708,0.0,0.01899260013206978,22.560494922094442,-19.507316574931032,-2.259942771091466,3.74491436646407,-22.466991668323633,-2.8017597423068614,0.00015090830200253106,0.0028532330192002887,0.07717521106247355,22.603794803239445,-19.53887710635601,-1.8893061142156928
0,1780391988.3814957,3.743994403665762,-22.413432222813004,3.1108159683127172,0.0,0.0,0.0,0.21951799999999708,0.0,0.01863140328018212,22.560494922094442,-19.507316574931032,-2.259942771091466,3.7449205672865693,-22.467130171761564,-2.800845590063422,0.00015090232586880377,0.002853333150563154,0.07716894596382314,22.60391111472026,-19.53895311109109,-1.8883917466116014
0,1780391988.4314957,3.743994403665762,-22.413432222813004,3.1108159683127172,0.0,0.0,0.0,0.21951799999999708,0.0,0.018303535850856464,22.560494922094442,-19.507316574931032,-2.259942771091466,3.74492663301401,-22.467265999452113,-2.7999507935643537,0.00015154765875702696,0.002842212859904447,0.07705950457337984,22.60402516841739,-19.539027661402265,-1.8874967390167594
0,1780391988.4814956,3.743994403665762,-22.413432222813004,3.1108159683127172,0.0,0.0,0.0,0.21951799999999708,0.0,0.018273739947276758,22.560494922094442,-19.507316574931032,-2.259942771091466,3.744932575465906,-22.46739941964475,-2.7990735610690134,0.00015261978226182153,0.002822962690173655,0.0768826557893351,22.604137189030954,-19.5391009052287,-1.8866192993061937
0,1780391988.5314956,3.743994403665762,-22.413432222813004,3.1108159683127172,0.0,0.0,0.0,0.21951799999999708,0.0,0.018500381781088805,22.560494922094442,-19.507316574931032,-2.259942771091466,3.7449385218743654,-22.46753262493923,-2.798197953050708,0.00015345420575885098,0.002806993830713102,0.07674656948021769,22.60424904958602,-19.539174004740076,-1.8857434835288842
0,1780391988.5814955,3.743994403665762,-22.413432222813004,3.1108159683127172,0.0,0.0,0.0,0.21951799999999708,0.0,0.018860871852414404,22.560494922094442,-19.507316574931032,-2.259942771091466,3.744944584699085,-22.467667482961822,-2.797310228749743,0.00015364316577551833,0.0028015868568847333,0.07671474885565076,22.60436235037921,-19.539247943547274,-1.884855546983551
0,1780391988.6314955,3.743994403665762,-22.413432222813004,3.1108159683127172,0.0,0.0,0.0,0.21951799999999708,0.0,0.019060113929425578,22.560494922094442,-19.507316574931032,-2.259942771091466,3.7449508255878987,-22.467804953281536,-2.7964031809613124,0.00015311647286257062,0.002808115730871355,0.0767937477531493,22.60447791824814,-19.539323221046825,-1.8839482802764018
0,1780391988.6814954,3.743994403665762,-22.413432222813004,3.1108159683127172,0.0,0.0,0.0,0.21951799999999708,0.0,0.0191435358166558,22.560494922094442,-19.507316574931032,-2.259942771091466,3.744957177127144,-22.467943832548407,-2.795485444028329,0.00015234128475436544,0.0028191615421656467,0.07690707015691929,22.60459472800753,-19.53939919582541,-1.8830303200841771
0,1780391988.7314954,3.743994403665762,-22.413432222813004,3.1108159683127172,0.0,0.0,0.0,0.21951799999999708,0.0,0.019284366890770087,22.560494922094442,-19.507316574931032,-2.259942771091466,3.744963589507369,-22.46808326353337,-2.794563234699771,0.00015158553023932186,0.002830487791486309,0.07701377747792927,22.604712047297703,-19.539475413610127,-1.88210788488797
0,1780391988.7814953,3.743994403665762,-22.413432222813004,3.1108159683127172,0.0,0.0,0.0,0.21951799999999708,0.0,0.019357285331879557,22.560494922094442,-19.507316574931032,-2.259942771091466,3.7449700883101444,-22.468223665037485,-2.7936334701371854,0.00015074894606659754,0.0028436746922936885,0.07713133525346347,22.604830235657055,-19.53955209408376,-1.881177890931967
0,1780391988.8314953,3.743994403665762,-22.413432222813004,3.1108159683127172,0.0,0.0,0.0,0.21951799999999708,0.0,0.0192545367732609,22.560494922094442,-19.507316574931032,-2.259942771091466,3.744976643960959,-22.468364536198802,-2.7926997969253704,0.00014997604134213546,0.0028564200962663774,0.07723838984913466,22.604948864675563,-19.539628972478837,-1.8802439858288715
0,1780391988.8814952,3.743994403665762,-22.413432222813004,3.1108159683127172,0.0,0.0,0.0,0.21951799999999708,0.0,0.01891294318817611,22.560494922094442,-19.507316574931032,-2.259942771091466,3.7449831781769456,-22.46850459480343,-2.7917716430084445,0.0001495692985627146,0.0028637039459392904,0.07728911964448493,22.605066834204003,-19.5397053754004,-1.8793156002878992
0,1780391988.9314952,3.743994403665762,-22.413432222813004,3.1108159683127172,0.0,0.0,0.0,0.21951799999999708,0.0,0.018314658677822934,22.560494922094442,-19.507316574931032,-2.259942771091466,3.7449895832603888,-22.46864211159529,-2.790861804797577,0.0001498776498470437,0.002859199852112555,0.07722910267613266,22.60518265777913,-19.53978039822892,-1.8784055345547233
0,1780391988.9814951,3.743994403665762,-22.413432222813004,3.1108159683127172,0.0,0.0,0.0,0.21951799999999708,0.0,0.017667781812003024,22.560494922094442,-19.507316574931032,-2.259942771091466,3.7449957425538623,-22.46877524569968,-2.789983996063124,0.00015120191150734316,0.0028364887694343607,0.07700756428063106,22.6052947503438,-19.53985308137671,-1.8775275065847248
0,1780391989.031495,3.743994403665762,-22.413432222813004,3.1108159683127172,0.0,0.0,0.0,0.21951799999999708,0.0,0.01746540803797443,22.560494922094442,-19.507316574931032,-2.259942771091466,3.7450016309468426,-22.468903684812926,-2.78914078873498,0.0001533690087777267,0.002796986590607321,0.07664821106263199,22.605402836456538,-19.53992327050249,-1.8766840892563192
0,1780391989.081495,3.743994403665762,-22.413432222813004,3.1108159683127172,0.0,0.0,0.0,0.21951799999999708,0.0,0.018074219698757995,22.560494922094442,-19.507316574931032,-2.259942771091466,3.745007441853748,-22.469030689201364,-2.7883084769832873,0.0001553021962434264,0.002759853015949569,0.07633057129406909,22.605509707686608,-19.53999268528967,-1.8758515698775413
0,1780391989.131495,3.743994403665762,-22.413432222813004,3.1108159683127172,0.0,0.0,0.0,0.21951799999999708,0.0,0.01913308326909777,22.560494922094442,-19.507316574931032,-2.259942771091466,3.7450135373588926,-22.469162155310737,-2.7874436686663087,0.0001555712506647668,0.002751106325685618,0.07628841395007556,22.605620427858074,-19.540064416455845,-1.8749865433480153
0,1780391989.181495,3.743994403665762,-22.413432222813004,3.1108159683127172,0.0,0.0,0.0,0.21951799999999708,0.0,0.020135657420135924,22.560494922094442,-19.507316574931032,-2.259942771091466,3.745020129685528,-22.469301325738407,-2.786522029393493,0.00015386633900158367,0.0027747198272931313,0.07654944733502377,22.60573779732996,-19.540140143438595,-1.8740646675968486
0,1780391989.231495,3.743994403665762,-22.413432222813004,3.1108159683127172,0.0,0.0,0.0,0.21951799999999708,0.0,0.02053433548001925,22.560494922094442,-19.507316574931032,-2.259942771091466,3.745027205956589,-22.469447732852576,-2.785546431111893,0.00015081626414574183,0.0028196527432072698,0.07699704170731302,22.605861433509222,-19.540219596547402,-1.873088814921748
0,1780391989.2814949,3.743994403665762,-22.413432222813004,3.1108159683127172,0.0,0.0,0.0,0.21951799999999708,0.0,0.020295637025173924,22.560494922094442,-19.507316574931032,-2.259942771091466,3.745034497558759,-22.469596907980968,-2.7845494306095753,0.0001477344584903114,0.0028671780935916316,0.07743568165413917,22.60598750569406,-19.540300424454927,-1.8720915516833534
0,1780391989.3314948,3.743994403665762,-22.413432222813004,3.1108159683127172,0.0,0.0,0.0,0.21951799999999708,0.0,0.01966006925145897,22.560494922094442,-19.507316574931032,-2.259942771091466,3.745041712429963,-22.469744187355804,-2.783565379121806,0.00014571779324874134,0.0029012727813655273,0.07771243148396144,22.606112001666943,-19.540380191633158,-1.8711072396235435
0,1780391989.3814948,3.743994403665762,-22.413432222813004,3.1108159683127172,0.0,0.0,0.0,0.21951799999999708,0.0,0.01895581016726271,22.560494922094442,-19.507316574931032,-2.259942771091466,3.745048665401986,-22.469886722968198,-2.782615508707187,0.00014529251420666763,0.0029116582276436337,0.07775092753966081,22.606232462819044,-19.540457421750318,-1.8701571175301628
0,1780391989.4314947,3.743994403665762,-22.413432222813004,3.1108159683127172,0.0,0.0,0.0,0.21951799999999708,0.0,0.018379460773650446,22.560494922094442,-19.507316574931032,-2.259942771091466,3.745055320415408,-22.470024084337112,-2.7817033721703353,0.0001462751638879583,0.0028982303142576203,0.07757590477873223,22.606348507704617,-19.54053190435762,-1.86924473958
0,1780391989.4814947,3.743994403665762,-22.413432222813004,3.1108159683127172,0.0,0.0,0.0,0.21951799999999708,0.0,0.01813248573706019,22.560494922094442,-19.507316574931032,-2.259942771091466,3.745061731055724,-22.47015725628209,-2.7808220768296614,0.00014809360921232335,0.0028687525345376186,0.07727442271691133,22.60646097397375,-19.540604166144426,-1.8683632112099504
0,1780391989.5314946,3.743994403665762,-22.413432222813004,3.1108159683127172,0.0,0.0,0.0,0.21951799999999708,0.0,0.01821685762382005,22.560494922094442,-19.507316574931032,-2.259942771091466,3.745068043671069,-22.470288656912672,-2.779954039593657,0.00014989981520916623,0.002837761237590896,0.07698318803523999,22.60657193652632,-19.540675476870355,-1.8674949440467785
0,1780391989.5814946,3.743994403665762,-22.413432222813004,3.1108159683127172,0.0,0.0,0.0,0.21951799999999708,0.0,0.018521755986521428,22.560494922094442,-19.507316574931032,-2.259942771091466,3.7450744089035415,-22.470420690287582,-2.7790815530265234,0.00015107073477121173,0.0028166905799055196,0.07680147003803688,22.606683464530292,-19.540747090739256,-1.8666222251727582
0,1780391989.6314945,3.743994403665762,-22.413432222813004,3.1108159683127172,0.0,0.0,0.0,0.21951799999999708,0.0,0.018904277275397795,22.560494922094442,-19.507316574931032,-2.259942771091466,3.7450809303836965,-22.470554939778538,-2.778192775318134,0.00015137399438604107,0.0028099174371633436,0.07676085382819574,22.60679692616848,-19.540819826846306,-1.8657332089726202
0,1780391989.6814945,3.743994403665762,-22.413432222813004,3.1108159683127172,0.0,0.0,0.0,0.21951799999999708,0.0,0.019264098844951682,22.560494922094442,-19.507316574931032,-2.259942771091466,3.7450876479786555,-22.47069194376108,-2.7772834970912084,0.0001509019561553481,0.0028160552866953255,0.07683990936210423,22.606912792285378,-19.540893956410258,-1.8648236845714843
0,1780391989.7314944,3.743994403665762,-22.413432222813004,3.1108159683127172,0.0,0.0,0.0,0.21951799999999708,0.0,0.01955157457900238,22.560494922094442,-19.507316574931032,-2.259942771091466,3.7450945550736403,-22.47083151179647,-2.7763549077318475,0.00014989458387459488,0.002831346885383624,0.07699697311714276,22.60703090547804,-19.540969371664936,-1.8638948415532632
0,1780391989.7814944,3.743994403665762,-22.413432222813004,3.1108159683127172,0.0,0.0,0.0,0.21951799999999708,0.0,0.019793813155494576,22.560494922094442,-19.507316574931032,-2.259942771091466,3.7451016208331818,-22.47097309797165,-2.7754108846032532,0.00014861320750207216,0.00285179872663574,0.0771908674416,22.607150800059564,-19.541045782402307,-1.8629505583722223
0,1780391989.8314943,3.743994403665762,-22.413432222813004,3.1108159683127172,0.0,0.0,0.0,0.21951799999999708,0.0,0.019775899758035013,22.560494922094442,-19.507316574931032,-2.259942771091466,3.745108825795808,-22.471116361205468,-2.774453858136332,0.00014720838516065404,0.0028751466136892815,0.07739987573296615,22.607272184976367,-19.54112300742846,-1.8619932661393288
0,1780391989.8814943,3.743994403665762,-22.413432222813004,3.1108159683127172,0.0,0.0,0.0,0.21951799999999708,0.0,0.019479954202729615,22.560494922094442,-19.507316574931032,-2.259942771091466,3.7451160488422848,-22.471259404765366,-2.7734978120833067,0.00014617099431822651,0.0028937331507125005,0.07755136621582323,22.607393424631766,-19.541200061199667,-1.8610369530550663
0,1780391989.9314942,3.743994403665762,-22.413432222813004,3.1108159683127172,0.0,0.0,0.0,0.21951799999999708,0.0,0.01893522093416453,22.560494922094442,-19.507316574931032,-2.259942771091466,3.7451231583138966,-22.471400224467587,-2.7725576589682706,0.0001459232375593323,0.0029002492304717113,0.07758250925011642,22.607512786058965,-19.541275908433693,-1.8600965365226694
0,1780391989.9814942,3.743994403665762,-22.413432222813004,3.1108159683127172,0.0,0.0,0.0,0.21951799999999708,0.0,0.018413524449183493,22.560494922094442,-19.507316574931032,-2.259942771091466,3.7451300350089234,-22.47153705055471,-2.7716466934976833,0.00014674598134201098,0.0028886789646207934,0.07744816744459647,22.607628735123406,-19.541349639948038,-1.8591853157073794
0,1780391990.0314941,3.743994403665762,-22.413432222813004,3.1108159683127172,0.0,0.0,0.0,0.21951799999999708,0.0,0.018104913188013133,22.560494922094442,-19.507316574931032,-2.259942771091466,3.745136686062392,-22.471670092452797,-2.770763650527815,0.00014833847887781653,0.0028626192761766066,0.07719385521909765,22.60774144474136,-19.541421374486518,-1.8583020252548355
0,1780391990.081494,3.743994403665762,-22.413432222813004,3.1108159683127172,0.0,0.0,0.0,0.21951799999999708,0.0,0.018083457670532,22.560494922094442,-19.507316574931032,-2.259942771091466,3.745143207974067,-22.471800918295013,-2.7698971495665528,0.00015009276418766806,0.00283215461650994,0.07691718894381284,22.607852263169995,-19.541491931998863,-1.8574352811230443
0,1780391990.131494,3.743994403665762,-22.413432222813004,3.1108159683127172,0.0,0.0,0.0,0.21951799999999708,0.0,0.018419391897990554,22.560494922094442,-19.507316574931032,-2.259942771091466,3.7451497340641913,-22.471931609097904,-2.769031854008284,0.00015141898742553482,0.002807953119156855,0.07671350024458663,22.607962986236092,-19.541562392078568,-1.8565697417496567
0,1780391990.181494,3.743994403665762,-22.413432222813004,3.1108159683127172,0.0,0.0,0.0,0.21951799999999708,0.0,0.019031994613275188,22.560494922094442,-19.507316574931032,-2.259942771091466,3.7451564339683765,-22.472064736344745,-2.7681486163715268,0.0001517751842809088,0.0027998372399508824,0.07666711603901434,22.608075839216006,-19.541634080750185,-1.8556862532954175
0,1780391990.231494,3.743994403665762,-22.413432222813004,3.1108159683127172,0.0,0.0,0.0,0.21951799999999708,0.0,0.019602566571890998,22.560494922094442,-19.507316574931032,-2.259942771091466,3.7451634435122783,-22.472202274286428,-2.7672325335367423,0.00015093259441142568,0.0028116120101710908,0.07680580683328801,22.608192537554654,-19.541708007023452,-1.8547699074998647
0,1780391990.281494,3.743994403665762,-22.413432222813004,3.1108159683127172,0.0,0.0,0.0,0.21951799999999708,0.0,0.019959707158095426,22.560494922094442,-19.507316574931032,-2.259942771091466,3.745170749173447,-22.47234388035792,-2.7662858010326836,0.00014927897204342888,0.0028369581333132984,0.0770609607455263,22.60831279603995,-19.541783979726166,-1.8538229003259685
0,1780391990.3314939,3.743994403665762,-22.413432222813004,3.1108159683127172,0.0,0.0,0.0,0.21951799999999708,0.0,0.02007302430027133,22.560494922094442,-19.507316574931032,-2.259942771091466,3.7451782531216233,-22.47248797701052,-2.7653198865659454,0.00014738120206584017,0.0028673113406452915,0.07734494906922057,22.608435257239986,-19.541861175381076,-1.8528567030965095
0,1780391990.3814938,3.743994403665762,-22.413432222813004,3.1108159683127172,0.0,0.0,0.0,0.21951799999999708,0.0,0.019943175870423855,22.560494922094442,-19.507316574931032,-2.259942771091466,3.745185839656992,-22.472632785105265,-2.764347911965556,0.0001457235466249506,0.0028953855604706685,0.07758821593336315,22.608558383599615,-19.541938673893874,-1.851884441964192
0,1780391990.4314938,3.743994403665762,-22.413432222813004,3.1108159683127172,0.0,0.0,0.0,0.21951799999999708,0.0,0.019728002668911854,22.560494922094442,-19.507316574931032,-2.259942771091466,3.7451933910284265,-22.472776551310837,-2.763382940927871,0.00014469198645011288,0.002914871037342344,0.07773649407316968,22.608680655105573,-19.542015574673457,-1.850919185066489
0,1780391990.4814937,3.743994403665762,-22.413432222813004,3.1108159683127172,0.0,0.0,0.0,0.21951799999999708,0.0,0.019592210251415287,22.560494922094442,-19.507316574931032,-2.259942771091466,3.7452008640129333,-22.472918681900715,-2.7624295293407197,0.0001443155890330173,0.0029244937769512046,0.0777879923011335,22.60880155296661,-19.54209157802061,-1.8499654899421905
0,1780391990.5314937,3.743994403665762,-22.413432222813004,3.1108159683127172,0.0,0.0,0.0,0.21951799999999708,0.0,0.01957569228403828,22.560494922094442,-19.507316574931032,-2.259942771091466,3.745208294535225,-22.473059773854583,-2.761483402982632,0.0001443107216377029,0.002928172200289325,0.07778794713263883,22.608921589907236,-19.542166996796016,-1.8490190810223617
0,1780391990.5814936,3.743994403665762,-22.413432222813004,3.1108159683127172,0.0,0.0,0.0,0.21951799999999708,0.0,0.01958665803274102,22.560494922094442,-19.507316574931032,-2.259942771091466,3.7452157387522473,-22.473200700580826,-2.760538165442004,0.00014437650763576132,0.0029306000044706628,0.07778331036444339,22.60904152047463,-19.54224228302963,-1.8480735597635993
0,1780391990.6314936,3.743994403665762,-22.413432222813004,3.1108159683127172,0.0,0.0,0.0,0.21951799999999708,0.0,0.019501731739764962,22.560494922094442,-19.507316574931032,-2.259942771091466,3.7452232096804097,-22.473341662774313,-2.7595923437229666,0.00014444724496442504,0.002932857397400508,0.07778307657558488,22.60916151827756,-19.542317540297894,-1.8471274526687629
0,1780391990.6814935,3.743994403665762,-22.413432222813004,3.1108159683127172,0.0,0.0,0.0,0.21951799999999708,0.0,0.019195525935822227,22.560494922094442,-19.507316574931032,-2.259942771091466,3.7452306607868167,-22.473481969898245,-2.7586510777915807,0.0001446952746568533,0.0029320842851460025,0.07775874602542579,22.609280984194243,-19.542392414524656,-1.8461859014804998
0,1780391990.7314935,3.743994403665762,-22.413432222813004,3.1108159683127172,0.0,0.0,0.0,0.21951799999999708,0.0,0.0189724290906523,22.560494922094442,-19.507316574931032,-2.259942771091466,3.745237983956382,-22.473620036216982,-2.7577262184603777,0.0001454789472149442,0.0029219834628931626,0.07765215756784978,22.609398540566012,-19.542466095004222,-1.845260761169269
0,1780391990.7814934,3.743994403665762,-22.413432222813004,3.1108159683127172,0.0,0.0,0.0,0.21951799999999708,0.0,0.018894183174320994,22.560494922094442,-19.507316574931032,-2.259942771091466,3.745245217431121,-22.473756479926436,-2.7568133156448775,0.00014650903794096397,0.0029069623565170315,0.07750901254218742,22.609514719587402,-19.54253890410227,-1.84434758021079
0,1780391990.8314934,3.743994403665762,-22.413432222813004,3.1108159683127172,0.0,0.0,0.0,0.21951799999999708,0.0,0.018950376440990208,22.560494922094442,-19.507316574931032,-2.259942771091466,3.7452524304462784,-22.473892352256794,-2.7559046229536746,0.00014744898678436147,0.0028927073508413907,0.0773824828254745,22.609630431572135,-19.54261138310726,-1.8434386095651747
0,1780391990.8814933,3.743994403665762,-22.413432222813004,3.1108159683127172,0.0,0.0,0.0,0.21951799999999708,0.0,0.019201002378809177,22.560494922094442,-19.507316574931032,-2.259942771091466,3.7452596886739453,-22.474028618067678,-2.7549929421161257,0.00014807014425095754,0.0028832952737241377,0.07730757329710998,22.609746514757635,-19.54268402532235,-1.8425266484280147
0,1780391990.9314933,3.743994403665762,-22.413432222813004,3.1108159683127172,0.0,0.0,0.0,0.21951799999999708,0.0,0.019532473640290628,22.560494922094442,-19.507316574931032,-2.259942771091466,3.7452670885389545,-22.47416666596122,-2.754067844702053,0.00014810077382416712,0.002883536487460226,0.07732527981176712,22.609864178069802,-19.54275753739311,-1.8416012646219206
0,1780391990.9814932,3.743994403665762,-22.413432222813004,3.1108159683127172,0.0,0.0,0.0,0.21951799999999708,0.0,0.019797296190878055,22.560494922094442,-19.507316574931032,-2.259942771091466,3.7452746725536263,-22.474307058375402,-2.7531249717403115,0.0001475493018852591,0.0028934898598871476,0.07743087543705111,22.60998391561361,-19.542832199793793,-1.8406580974888278
0,1780391991.0314932,3.743994403665762,-22.413432222813004,3.1108159683127172,0.0,0.0,0.0,0.21951799999999708,0.0,0.01982930874571798,22.560494922094442,-19.507316574931032,-2.259942771091466,3.745282410660772,-22.47444929481987,-2.7521678871704847,0.00014668124786115314,0.0029090832170723425,0.07758121139802711,22.61010529768226,-19.54290775004165,-1.8397007120900706
0,1780391991.0814931,3.743994403665762,-22.413432222813004,3.1108159683127172,0.0,0.0,0.0,0.21951799999999708,0.0,0.019724602191406634,22.560494922094442,-19.507316574931032,-2.259942771091466,3.7452901890856927,-22.47459168709261,-2.751209092397351,0.00014598713322328522,0.002922646458565559,0.07770151786263492,22.610226858808378,-19.542983323478012,-1.838741614227787
0,1780391991.131493,3.743994403665762,-22.413432222813004,3.1108159683127172,0.0,0.0,0.0,0.21951799999999708,0.0,0.01976580578552377,22.560494922094442,-19.507316574931032,-2.259942771091466,3.7452979394881685,-22.474733257271758,-2.75025592201698,0.00014567658831569213,0.002930573529728707,0.07776171745272954,22.61034774703506,-19.543058423187745,-1.8377881411593067
0,1780391991.181493,3.743994403665762,-22.413432222813004,3.1108159683127172,0.0,0.0,0.0,0.21951799999999708,0.0,0.02000544872014937,22.560494922094442,-19.507316574931032,-2.259942771091466,3.745305733053133,-22.474875066356745,-2.7493005443708274,0.00014540443432122297,0.0029381403836048143,0.07781758645159359,22.610468883437704,-19.543133592512664,-1.8368324584439648
0,1780391991.231493,3.743994403665762,-22.413432222813004,3.1108159683127172,0.0,0.0,0.0,0.21951799999999708,0.0,0.020157431163353817,22.560494922094442,-19.507316574931032,-2.259942771091466,3.7453136687634165,-22.475018539770236,-2.748332310391726,0.0001448120931723173,0.002951149574210952,0.0779249575596308,22.610591509730597,-19.54320955588871,-1.835863913115063
0,1780391991.281493,3.743994403665762,-22.413432222813004,3.1108159683127172,0.0,0.0,0.0,0.21951799999999708,0.0,0.020102799700344554,22.560494922094442,-19.507316574931032,-2.259942771091466,3.7453217043685227,-22.475163035537303,-2.747355922826761,0.00014413701785773094,0.002965986848321254,0.0780460154550197,22.610715069913567,-19.543285982862105,-1.8348872095443238
0,1780391991.331493,3.743994403665762,-22.413432222813004,3.1108159683127172,0.0,0.0,0.0,0.21951799999999708,0.0,0.01984995745600643,22.560494922094442,-19.507316574931032,-2.259942771091466,3.7453297367809215,-22.475307066301543,-2.7463824731487647,0.0001437713167962036,0.002976409248792329,0.07812083279248104,22.61083826883089,-19.543362116860607,-1.8339134432452449
0,1780391991.3814929,3.743994403665762,-22.413432222813004,3.1108159683127172,0.0,0.0,0.0,0.21951799999999708,0.0,0.019520292385001997,22.560494922094442,-19.507316574931032,-2.259942771091466,3.7453376654852275,-22.475449222018813,-2.7454225848017324,0.00014400538297328357,0.002977279324815683,0.0781050699602169,22.610959874931183,-19.54343724544505,-1.8329532416386556
0,1780391991.4314928,3.743994403665762,-22.413432222813004,3.1108159683127172,0.0,0.0,0.0,0.21951799999999708,0.0,0.01908502747457579,22.560494922094442,-19.507316574931032,-2.259942771091466,3.7453454498365986,-22.475588975779587,-2.7444803591575515,0.00014484020922681264,0.002967795715242855,0.07799821860550445,22.611079424003737,-19.54351110756229,-1.832010707736114
0,1780391991.4814928,3.743994403665762,-22.413432222813004,3.1108159683127172,0.0,0.0,0.0,0.21951799999999708,0.0,0.0185774595948479,22.560494922094442,-19.507316574931032,-2.259942771091466,3.7453530347233204,-22.475725596620418,-2.7435614359299443,0.00014631940847092435,0.002946367704263505,0.07779108295342826,22.611196273480182,-19.543583339232622,-1.8310914834797338
0,1780391991.5314927,3.743994403665762,-22.413432222813004,3.1108159683127172,0.0,0.0,0.0,0.21951799999999708,0.0,0.018258039345193197,22.560494922094442,-19.507316574931032,-2.259942771091466,3.7453603815681853,-22.47585859468674,-2.7426696734715996,0.0001484021153547047,0.002912788379532568,0.07748674446917042,22.61130999043323,-19.543653699523134,-1.8301994288103038
0,1780391991.5814927,3.743994403665762,-22.413432222813004,3.1108159683127172,0.0,0.0,0.0,0.21951799999999708,0.0,0.018171966298751962,22.560494922094442,-19.507316574931032,-2.259942771091466,3.745367582127797,-22.475989336440314,-2.7417950388392223,0.0001505556299595057,0.0028761072521251993,0.07717097002531606,22.611421761406586,-19.543722887828732,-1.8293245071838573
0,1780391991.6314926,3.743994403665762,-22.413432222813004,3.1108159683127172,0.0,0.0,0.0,0.21951799999999708,0.0,0.018323653717840734,22.560494922094442,-19.507316574931032,-2.259942771091466,3.74537475267696,-22.476119492319217,-2.7409250782562817,0.0001523059947198241,0.0028450381549823575,0.07692042917135523,22.611533042310043,-19.543791752128442,-1.8284542602114553
0,1780391991.6814926,3.743994403665762,-22.413432222813004,3.1108159683127172,0.0,0.0,0.0,0.21951799999999708,0.0,0.018584029985533906,22.560494922094442,-19.507316574931032,-2.259942771091466,3.745382014131609,-22.47625074997562,-2.740047062424731,0.0001533141134407145,0.002825980533660507,0.07678788118543445,22.61164530859916,-19.543861143266284,-1.8275759537581444
0,1780391991.7314925,3.743994403665762,-22.413432222813004,3.1108159683127172,0.0,0.0,0.0,0.21951799999999708,0.0,0.018884459111368452,22.560494922094442,-19.507316574931032,-2.259942771091466,3.745389424448219,-22.476383864813865,-2.739155131738714,0.0001535791834254105,0.0028192240561115997,0.07676888070019948,22.6117592255836,-19.54393143576809,-1.8266837258684425
0,1780391991.7814925,3.743994403665762,-22.413432222813004,3.1108159683127172,0.0,0.0,0.0,0.21951799999999708,0.0,0.01921900943701044,22.560494922094442,-19.507316574931032,-2.259942771091466,3.745397007254835,-22.476519099652386,-2.7382471055826767,0.00015322311537602386,0.002822912705087478,0.07684049827446573,22.611875029212097,-19.544002754150583,-1.8257753949380997
0,1780391991.8314924,3.743994403665762,-22.413432222813004,3.1108159683127172,0.0,0.0,0.0,0.21951799999999708,0.0,0.019489503780590833,22.560494922094442,-19.507316574931032,-2.259942771091466,3.7454047829366344,-22.476656676732148,-2.7373211323325655,0.00015234429992645835,0.0028355837637826344,0.07698558331549374,22.611992919680077,-19.544075202832143,-1.8248491084759717
0,1780391991.8814924,3.743994403665762,-22.413432222813004,3.1108159683127172,0.0,0.0,0.0,0.21951799999999708,0.0,0.019584879922710536,22.560494922094442,-19.507316574931032,-2.259942771091466,3.7454127212555033,-22.476796117648508,-2.7363806422189016,0.000151186584706733,0.002853488582562341,0.07716625283457634,22.6121124839674,-19.544148533855374,-1.823908297883059
0,1780391991.9314923,3.743994403665762,-22.413432222813004,3.1108159683127172,0.0,0.0,0.0,0.21951799999999708,0.0,0.019550337107167654,22.560494922094442,-19.507316574931032,-2.259942771091466,3.7454207335922085,-22.476936157458063,-2.7354350422334672,0.00015012792803879653,0.002870744900710322,0.07732635276005315,22.612232618507807,-19.544222106476138,-1.8229623736965739
0,1780391991.9814923,3.743994403665762,-22.413432222813004,3.1108159683127172,0.0,0.0,0.0,0.21951799999999708,0.0,0.019424997188256434,22.560494922094442,-19.507316574931032,-2.259942771091466,3.745428752850708,-22.47707586932732,-2.7344913066266088,0.0001493826647777943,0.0028837779651129957,0.07743594137500485,22.612352511927348,-19.544295454814506,-1.8220183128706158
0,1780391992.0314922,3.743994403665762,-22.413432222813004,3.1108159683127172,0.0,0.0,0.0,0.21951799999999708,0.0,0.019289873805700984,22.560494922094442,-19.507316574931032,-2.259942771091466,3.7454367311825165,-22.47721461559227,-2.7335543005977465,0.00014904814340123624,0.002890640504371579,0.07748231313015326,22.612471603797133,-19.544368261190243,-1.8210809825497756
0,1780391992.0814922,3.743994403665762,-22.413432222813004,3.1108159683127172,0.0,0.0,0.0,0.21951799999999708,0.0,0.019205403664996498,22.560494922094442,-19.507316574931032,-2.259942771091466,3.7454446621131106,-22.477352341309302,-2.7326245418008805,0.00014905103119251922,0.0028920975329132714,0.0774783180622988,22.61258984290779,-19.544440502007134,-1.8201509006633532
0,1780391992.1314921,3.743994403665762,-22.413432222813004,3.1108159683127172,0.0,0.0,0.0,0.21951799999999708,0.0,0.01916122107530145,22.560494922094442,-19.507316574931032,-2.259942771091466,3.74545257058042,-22.477489419730848,-2.7316993137695462,0.00014922063711944532,0.0028906926373198608,0.07745129682686128,22.6127075536056,-19.544512367997427,-1.819225349738516
0,1780391992.181492,3.743994403665762,-22.413432222813004,3.1108159683127172,0.0,0.0,0.0,0.21951799999999708,0.0,0.019253859525693664,22.560494922094442,-19.507316574931032,-2.259942771091466,3.745460476769388,-22.47762614401316,-2.7307764586880885,0.0001494428508388323,0.0028882268920948076,0.07741889905479267,22.6128249914192,-19.544584007950675,-1.818302171138854
0,1780391992.231492,3.743994403665762,-22.413432222813004,3.1108159683127172,0.0,0.0,0.0,0.21951799999999708,0.0,0.019537743395260484,22.560494922094442,-19.507316574931032,-2.259942771091466,3.7454684514547107,-22.477763490315056,-2.7298486455138793,0.00014945714140291176,0.0028890789315255505,0.07742172472697867,22.612943011762717,-19.544655911428592,-1.8173740309166235
0,1780391992.281492,3.743994403665762,-22.413432222813004,3.1108159683127172,0.0,0.0,0.0,0.21951799999999708,0.0,0.01985110674683899,22.560494922094442,-19.507316574931032,-2.259942771091466,3.74547659520718,-22.477902813127816,-2.7289056128959657,0.00014897497835491345,0.002898152530300305,0.0775034017053044,22.613062804769974,-19.544728753615757,-1.8164306635636234
0,1780391992.331492,3.743994403665762,-22.413432222813004,3.1108159683127172,0.0,0.0,0.0,0.21951799999999708,0.0,0.020017928585203952,22.560494922094442,-19.507316574931032,-2.259942771091466,3.7454849258487224,-22.478044304519607,-2.727945764943032,0.00014807174740627638,0.002914422065170212,0.07764946365642265,22.61318454403864,-19.54480262400127,-1.8154704724060422
0,1780391992.381492,3.743994403665762,-22.413432222813004,3.1108159683127172,0.0,0.0,0.0,0.21951799999999708,0.0,0.02006127855569565,22.560494922094442,-19.507316574931032,-2.259942771091466,3.7454933685254947,-22.478186903922747,-2.726976967570136,0.0001471117297200753,0.0029323097889067586,0.07780306426003811,22.61330730302204,-19.544876987024224,-1.814501326400001
0,1780391992.4314919,3.743994403665762,-22.413432222813004,3.1108159683127172,0.0,0.0,0.0,0.21951799999999708,0.0,0.019738305485284238,22.560494922094442,-19.507316574931032,-2.259942771091466,3.7455018587645763,-22.47832972814759,-2.7260058519615167,0.00014633309854764664,0.0029480533747718776,0.0779290968832771,22.613430307359206,-19.544951400286813,-1.8135298593689484
0,1780391992.4814918,3.743994403665762,-22.413432222813004,3.1108159683127172,0.0,0.0,0.0,0.21951799999999708,0.0,0.01913608477764485,22.560494922094442,-19.507316574931032,-2.259942771091466,3.7455102031509884,-22.478470178360986,-2.725052066940005,0.00014635561130790512,0.002951337447878252,0.0779328668083904,22.613551272689072,-19.54502456946108,-1.8125757281556836
0,1780391992.5314918,3.743994403665762,-22.413432222813004,3.1108159683127172,0.0,0.0,0.0,0.21951799999999708,0.0,0.018534439721686984,22.560494922094442,-19.507316574931032,-2.259942771091466,3.7455182524790116,-22.478606305796074,-2.7241305295473435,0.00014751225987223878,0.002935163207336826,0.07776007268368554,22.61366848020781,-19.545095531540994,-1.811653856055173
0,1780391992.5814917,3.743994403665762,-22.413432222813004,3.1108159683127172,0.0,0.0,0.0,0.21951799999999708,0.0,0.018250610470767356,22.560494922094442,-19.507316574931032,-2.259942771091466,3.7455260036655154,-22.478738161320546,-2.723241174150049,0.00014952187695049725,0.002902615997699098,0.07745200281264018,22.61378196536765,-19.545164323834815,-1.8107641776443524
0,1780391992.6314917,3.743994403665762,-22.413432222813004,3.1108159683127172,0.0,0.0,0.0,0.21951799999999708,0.0,0.01854896418200538,22.560494922094442,-19.507316574931032,-2.259942771091466,3.7455336201379303,-22.478868027107843,-2.7223670447275,0.00015154718242515994,0.0028679760427395397,0.07714469598353907,22.61389372626302,-19.545232093206817,-1.8098897301503087
0,1780391992.6814916,3.743994403665762,-22.413432222813004,3.1108159683127172,0.0,0.0,0.0,0.21951799999999708,0.0,0.019108280841478843,22.560494922094442,-19.507316574931032,-2.259942771091466,3.7455414074462805,-22.47900002799502,-2.7214770360441607,0.00015249123396895203,0.002851151139522408,0.07701689660212123,22.614007388222532,-19.54530089449175,-1.8089993955726305
0,1780391992.7314916,3.743994403665762,-22.413432222813004,3.1108159683127172,0.0,0.0,0.0,0.21951799999999708,0.0,0.01953703258036227,22.560494922094442,-19.507316574931032,-2.259942771091466,3.7455495085027652,-22.479135984684593,-2.720557086149208,0.0001521841268100917,0.002855089224841944,0.07708575010631596,22.61412456205379,-19.545371621002516,-1.8080791059143202
0,1780391992.7814915,3.743994403665762,-22.413432222813004,3.1108159683127172,0.0,0.0,0.0,0.21951799999999708,0.0,0.0197630977444543,22.560494922094442,-19.507316574931032,-2.259942771091466,3.7455578598151527,-22.479274930899425,-2.7196141319944394,0.00015118966476281503,0.0028705994875255158,0.07725421789313885,22.614244409026085,-19.545443777758162,-1.8071358007116025
0,1780391992.8314915,3.743994403665762,-22.413432222813004,3.1108159683127172,0.0,0.0,0.0,0.21951799999999708,0.0,0.0196758803666323,22.560494922094442,-19.507316574931032,-2.259942771091466,3.7455663563128003,-22.47941540161289,-2.7186590476666628,0.00015003439994575106,0.0028895386141360255,0.07744012931060404,22.61436564602698,-19.54551662911657,-1.806180358411305
0,1780391992.8814914,3.743994403665762,-22.413432222813004,3.1108159683127172,0.0,0.0,0.0,0.21951799999999708,0.0,0.019349561467416912,22.560494922094442,-19.507316574931032,-2.259942771091466,3.7455748310033146,-22.479555165979345,-2.717708658682342,0.00014931270937479604,0.00290250758280856,0.07755487330703491,22.6144863097243,-19.54558906716631,-1.8052296115476425
0,1780391992.9314914,3.743994403665762,-22.413432222813004,3.1108159683127172,0.0,0.0,0.0,0.21951799999999708,0.0,0.01908435339285791,22.560494922094442,-19.507316574931032,-2.259942771091466,3.74558315443413,-22.479692546169748,-2.7167757740789438,0.00014936279027027427,0.0029033463887083843,0.07754844820739966,22.614604918184924,-19.54566026549832,-1.8042963746498888
0,1780391992.9814913,3.743994403665762,-22.413432222813004,3.1108159683127172,0.0,0.0,0.0,0.21951799999999708,0.0,0.01909052658930177,22.560494922094442,-19.507316574931032,-2.259942771091466,3.745591356827576,-22.479828004522787,-2.7158570995848166,0.00014989867645800117,0.0028958610779149636,0.07746727341440637,22.6147218726728,-19.545730461008922,-1.8033773522062901
0,1780391993.0314913,3.743994403665762,-22.413432222813004,3.1108159683127172,0.0,0.0,0.0,0.21951799999999708,0.0,0.019414714551505292,22.560494922094442,-19.507316574931032,-2.259942771091466,3.745599581846712,-22.479963477571516,-2.714938105990038,0.00015030459487880477,0.0028901475238958664,0.0774100960414044,22.614838876548475,-19.545800616674214,-1.8024580089266502
0,1780391993.0814912,3.743994403665762,-22.413432222813004,3.1108159683127172,0.0,0.0,0.0,0.21951799999999708,0.0,0.01983574346183152,22.560494922094442,-19.507316574931032,-2.259942771091466,3.7456080010970267,-22.480101209851156,-2.7140017470565927,0.00015003987028624685,0.00289540300845957,0.07746069462460883,22.6149579110511,-19.545871839627374,-1.8015212912462546
0,1780391993.1314912,3.743994403665762,-22.413432222813004,3.1108159683127172,0.0,0.0,0.0,0.21951799999999708,0.0,0.020001109498766555,22.560494922094442,-19.507316574931032,-2.259942771091466,3.7456166701029368,-22.480241863764913,-2.7130427986931087,0.0001491078257124566,0.0029117382280261185,0.07761367023406529,22.61507956755848,-19.54594444796826,-1.8005619726433058
0,1780391993.1814911,3.743994403665762,-22.413432222813004,3.1108159683127172,0.0,0.0,0.0,0.21951799999999708,0.0,0.019727683638954115,22.560494922094442,-19.507316574931032,-2.259942771091466,3.745625453209755,-22.48038360504642,-2.712074979978743,0.00014812483109465376,0.002929644514472657,0.07777197313328976,22.6152022331909,-19.546017528892197,-1.7995937779365205
0,1780391993.231491,3.743994403665762,-22.413432222813004,3.1108159683127172,0.0,0.0,0.0,0.21951799999999708,0.0,0.019244598133080475,22.560494922094442,-19.507316574931032,-2.259942771091466,3.7456341123060266,-22.480523328350873,-2.711121841829716,0.00014788723337443442,0.0029362965606328424,0.07781444398470848,22.61532316565217,-19.54608955224966,-1.798640268236821
0,1780391993.281491,3.743994403665762,-22.413432222813004,3.1108159683127172,0.0,0.0,0.0,0.21951799999999708,0.0,0.018767970604510655,22.560494922094442,-19.507316574931032,-2.259942771091466,3.745642531362191,-22.480659584285018,-2.7101945854770713,0.0001486142952219052,0.0029268494410037227,0.07770694955843249,22.61544107822689,-19.54615981261318,-1.797712649807972
0,1780391993.331491,3.743994403665762,-22.413432222813004,3.1108159683127172,0.0,0.0,0.0,0.21951799999999708,0.0,0.018784912255772605,22.560494922094442,-19.507316574931032,-2.259942771091466,3.745650710938165,-22.480792457667757,-2.7092928378262777,0.0001500623516806387,0.002904069266667008,0.07748665548298236,22.615556037722186,-19.546228362245138,-1.796810549600887
0,1780391993.381491,3.743994403665762,-22.413432222813004,3.1108159683127172,0.0,0.0,0.0,0.21951799999999708,0.0,0.019113088155032956,22.560494922094442,-19.507316574931032,-2.259942771091466,3.745658915928134,-22.480925450303577,-2.7083902242471876,0.00015112275698011543,0.0028869366838832,0.07733375498413368,22.615671132830524,-19.54629693144951,-1.7959075815984198
0,1780391993.431491,3.743994403665762,-22.413432222813004,3.1108159683127172,0.0,0.0,0.0,0.21951799999999708,0.0,0.019433403036695523,22.560494922094442,-19.507316574931032,-2.259942771091466,3.7456673171495343,-22.481060743958377,-2.7074700659709467,0.00015132764329444664,0.002883779565404056,0.07731932105779903,22.615788295812145,-19.54636658808641,-1.7949870596215387
0,1780391993.4814909,3.743994403665762,-22.413432222813004,3.1108159683127172,0.0,0.0,0.0,0.21951799999999708,0.0,0.01976169449451805,22.560494922094442,-19.507316574931032,-2.259942771091466,3.745675913999092,-22.481198256207815,-2.7065327423140966,0.00015091721381312758,0.002890821984152915,0.07739914653901342,22.615907461522173,-19.546437281658296,-1.7940493629562106
0,1780391993.5314908,3.743994403665762,-22.413432222813004,3.1108159683127172,0.0,0.0,0.0,0.21951799999999708,0.0,0.020048885970759104,22.560494922094442,-19.507316574931032,-2.259942771091466,3.7456847137091978,-22.481338021254377,-2.7055778057214535,0.00015003523250856825,0.0029059199656182827,0.07754805736318018,22.616028666571793,-19.546509020732994,-1.7930940436744356
0,1780391993.5814908,3.743994403665762,-22.413432222813004,3.1108159683127172,0.0,0.0,0.0,0.21951799999999708,0.0,0.019980468578365815,22.560494922094442,-19.507316574931032,-2.259942771091466,3.745693695943281,-22.48147973037792,-2.704607455317203,0.00014887357945764454,0.0029261981637410924,0.07773583313794087,22.61615164295505,-19.546581647213532,-1.7921233017264573
0,1780391993.6314907,3.743994403665762,-22.413432222813004,3.1108159683127172,0.0,0.0,0.0,0.21951799999999708,0.0,0.019510853562352767,22.560494922094442,-19.507316574931032,-2.259942771091466,3.7457026653866414,-22.48162086428919,-2.703640791645955,0.00014812853480269088,0.002940807010077346,0.07785734844035329,22.61627416161073,-19.546653925294414,-1.7911562461447672
0,1780391993.6814907,3.743994403665762,-22.413432222813004,3.1108159683127172,0.0,0.0,0.0,0.21951799999999708,0.0,0.019003419261740543,22.560494922094442,-19.507316574931032,-2.259942771091466,3.7457113990756796,-22.481758615636203,-2.702699311895023,0.00014843523605978455,0.0029386897826728666,0.07781556266510462,22.61639373091615,-19.54672448780132,-1.7902143838969113
0,1780391993.7314906,3.743994403665762,-22.413432222813004,3.1108159683127172,0.0,0.0,0.0,0.21951799999999708,0.0,0.01875927558058833,22.560494922094442,-19.507316574931032,-2.259942771091466,3.745719873152716,-22.481892762195308,-2.701784996215937,0.0001496260182949273,0.0029210031680496876,0.0776358876814387,22.61651014509046,-19.54679323756724,-1.789299696253716
0,1780391993.7814906,3.743994403665762,-22.413432222813004,3.1108159683127172,0.0,0.0,0.0,0.21951799999999708,0.0,0.01881035620621818,22.560494922094442,-19.507316574931032,-2.259942771091466,3.745728229814913,-22.482025185742717,-2.7008837643175565,0.0001509857816701901,0.0028992743844228684,0.07743306043382153,22.61662506475237,-19.54686110332706,-1.7883980967377164
0,1780391993.8314905,3.743994403665762,-22.413432222813004,3.1108159683127172,0.0,0.0,0.0,0.21951799999999708,0.0,0.019132552141863657,22.560494922094442,-19.507316574931032,-2.259942771091466,3.7457366312038007,-22.482157964833434,-2.6999798368457477,0.00015191566100140915,0.0028840228759817077,0.07730272849571096,22.6167403312566,-19.54692910177407,-1.7874937988725446
0,1780391993.8814905,3.743994403665762,-22.413432222813004,3.1108159683127172,0.0,0.0,0.0,0.21951799999999708,0.0,0.019719012857752644,22.560494922094442,-19.507316574931032,-2.259942771091466,3.7457452292406623,-22.482292989753915,-2.699058678483693,0.0001520335495921243,0.002882059432660294,0.07730224017818695,22.61685762542824,-19.546998149425672,-1.7865722606084729
0,1780391993.9314904,3.743994403665762,-22.413432222813004,3.1108159683127172,0.0,0.0,0.0,0.21951799999999708,0.0,0.02025417522874302,22.560494922094442,-19.507316574931032,-2.259942771091466,3.745754175125672,-22.482432091003158,-2.6981060677394977,0.00015108666779372988,0.0028975855152785866,0.07746456330461746,22.616978580759117,-19.547069126273033,-1.785619253691773
0,1780391993.9814904,3.743994403665762,-22.413432222813004,3.1108159683127172,0.0,0.0,0.0,0.21951799999999708,0.0,0.020475105909312917,22.560494922094442,-19.507316574931032,-2.259942771091466,3.7457634454985196,-22.482574870567248,-2.697124713827549,0.00014944069043035214,0.0029248456701965095,0.07772687004864474,22.61710285531726,-19.547141823847394,-1.784637488267868
0,1780391994.0314903,3.743994403665762,-22.413432222813004,3.1108159683127172,0.0,0.0,0.0,0.21951799999999708,0.0,0.020357636162713265,22.560494922094442,-19.507316574931032,-2.259942771091466,3.745772866842225,-22.48271909006425,-2.6961315101598142,0.00014780905937187034,0.0029531857947232014,0.07798130169992372,22.61722846741786,-19.547215145652267,-1.7836438653757156
0,1780391994.0814903,3.743994403665762,-22.413432222813004,3.1108159683127172,0.0,0.0,0.0,0.21951799999999708,0.0,0.019974612340219446,22.560494922094442,-19.507316574931032,-2.259942771091466,3.745782248535251,-22.48286236980754,-2.6951446445659504,0.00014679010309913984,0.0029732900580969513,0.07814146878116683,22.617353301615072,-19.547287937171323,-1.7826565813091793
0,1780391994.1314902,3.743994403665762,-22.413432222813004,3.1108159683127172,0.0,0.0,0.0,0.21951799999999708,0.0,0.01940131458541756,22.560494922094442,-19.507316574931032,-2.259942771091466,3.745791439112973,-22.483002871330783,-2.694178337830242,0.00014673919620545323,0.0029785515265057104,0.07815534531267616,22.6174757175203,-19.54735931430781,-1.7816898636457408
0,1780391994.1814902,3.743994403665762,-22.413432222813004,3.1108159683127172,0.0,0.0,0.0,0.21951799999999708,0.0,0.018760366576985227,22.560494922094442,-19.507316574931032,-2.259942771091466,3.7458003288575625,-22.483139303572894,-2.693242731465853,0.00014779567823395274,0.002964998132524251,0.07799942566779977,22.617594558191872,-19.547428662646197,-1.7807538588818017
0,1780391994.2314901,3.743994403665762,-22.413432222813004,3.1108159683127172,0.0,0.0,0.0,0.21951799999999708,0.0,0.018381128042075708,22.560494922094442,-19.507316574931032,-2.259942771091466,3.7458088767619806,-22.48327124065614,-2.6923414028677177,0.00014981560057833555,0.0029332708607747115,0.07769200269630784,22.617709435024175,-19.54749578852376,-1.7798521463482868
0,1780391994.28149,3.743994403665762,-22.413432222813004,3.1108159683127172,0.0,0.0,0.0,0.21951799999999708,0.0,0.018432182672499683,22.560494922094442,-19.507316574931032,-2.259942771091466,3.7458172264178446,-22.483400546637895,-2.6914603886548534,0.00015203854883130832,0.0028959707847646793,0.07735503334655361,22.617821998001006,-19.54756160546201,-1.7789707562946377
0,1780391994.33149,3.743994403665762,-22.413432222813004,3.1108159683127172,0.0,0.0,0.0,0.21951799999999708,0.0,0.01876022736364792,22.560494922094442,-19.507316574931032,-2.259942771091466,3.7458256182920846,-22.483530233013465,-2.6905767288880007,0.0001535862007215021,0.0028691077050908747,0.0771319531700737,22.61793492499764,-19.547627573496065,-1.778086717980173
0,1780391994.38149,3.743994403665762,-22.413432222813004,3.1108159683127172,0.0,0.0,0.0,0.21951799999999708,0.0,0.019179846771726523,22.560494922094442,-19.507316574931032,-2.259942771091466,3.745834211055359,-22.48366221582589,-2.689675566664236,0.00015413152654383718,0.002858777459300772,0.07707011882671222,22.618049927677923,-19.547694611367987,-1.7771851673091676
0,1780391994.43149,3.743994403665762,-22.413432222813004,3.1108159683127172,0.0,0.0,0.0,0.21951799999999708,0.0,0.019793881613017726,22.560494922094442,-19.507316574931032,-2.259942771091466,3.745843060929936,-22.4837971046996,-2.6887519326473925,0.00015378122685811888,0.0028633116306092895,0.07714497460428905,22.61816755856917,-19.547763001138303,-1.7762611323359336
0,1780391994.48149,3.743994403665762,-22.413432222813004,3.1108159683127172,0.0,0.0,0.0,0.21951799999999708,0.0,0.020333114573040007,22.560494922094442,-19.507316574931032,-2.259942771091466,3.745852283235424,-22.483936229130283,-2.6877953430601775,0.0001524300085016647,0.0028843618062971304,0.07736692379457011,22.61828901309528,-19.547833370288153,-1.7753041239620957
0,1780391994.5314898,3.743994403665762,-22.413432222813004,3.1108159683127172,0.0,0.0,0.0,0.21951799999999708,0.0,0.02049266745616451,22.560494922094442,-19.507316574931032,-2.259942771091466,3.745861840256016,-22.484079028037353,-2.686809783716222,0.0001504616128876319,0.002915991410116753,0.07767293027746125,22.618413802340257,-19.54790543385395,-1.7743181296018147
0,1780391994.5814898,3.743994403665762,-22.413432222813004,3.1108159683127172,0.0,0.0,0.0,0.21951799999999708,0.0,0.02013615109221655,22.560494922094442,-19.507316574931032,-2.259942771091466,3.745871516428888,-22.484222816692927,-2.685815682752496,0.00014867611890716242,0.002946378981073587,0.07794475282336495,22.61853953677406,-19.54797789309804,-1.7733235871299113
0,1780391994.6314898,3.743994403665762,-22.413432222813004,3.1108159683127172,0.0,0.0,0.0,0.21951799999999708,0.0,0.019457909391031793,22.560494922094442,-19.507316574931032,-2.259942771091466,3.7458810141162395,-22.4843639931071,-2.6848407622968757,0.0001479506081016502,0.002961603323871474,0.07805451395108541,22.61866299806772,-19.54804902158444,-1.7723482322647799
0,1780391994.6814897,3.743994403665762,-22.413432222813004,3.1108159683127172,0.0,0.0,0.0,0.21951799999999708,0.0,0.01884442007347951,22.560494922094442,-19.507316574931032,-2.259942771091466,3.7458901458488625,-22.484500359878812,-2.683902191879424,0.00014866089419107256,0.002953479853856417,0.0779434640569429,22.618782214142456,-19.548117777387834,-1.771409243199496
0,1780391994.7314897,3.743994403665762,-22.413432222813004,3.1108159683127172,0.0,0.0,0.0,0.21951799999999708,0.0,0.018558767101773593,22.560494922094442,-19.507316574931032,-2.259942771091466,3.745898945173668,-22.484632428590263,-2.6829964388779994,0.00015036076386310088,0.00292720452870925,0.07767880504638597,22.618897629836958,-19.548184421554467,-1.7705030858839024
0,1780391994.7814896,3.743994403665762,-22.413432222813004,3.1108159683127172,0.0,0.0,0.0,0.21951799999999708,0.0,0.018524207407163304,22.560494922094442,-19.507316574931032,-2.259942771091466,3.7459075965377275,-22.484762516188432,-2.6821059969889,0.000152171266868054,0.0028973671647189087,0.07740187909382516,22.61901130634414,-19.54825007619389,-1.7696122456125631
0,1780391994.8314896,3.743994403665762,-22.413432222813004,3.1108159683127172,0.0,0.0,0.0,0.21951799999999708,0.0,0.01873286365191289,22.560494922094442,-19.507316574931032,-2.259942771091466,3.7459162430688,-22.484892373886492,-2.681217460164736,0.0001535809432918377,0.0028732105203525087,0.07719387789203512,22.619124806842514,-19.54831558261124,-1.768723309770162
0,1780391994.8814895,3.743994403665762,-22.413432222813004,3.1108159683127172,0.0,0.0,0.0,0.21951799999999708,0.0,0.018947048358396706,22.560494922094442,-19.507316574931032,-2.259942771091466,3.745925025877156,-22.48502368164528,-2.680317802643813,0.00015424411652916514,0.0028611310158136905,0.07710700760814983,22.619239636417124,-19.54838174075816,-1.767823246063399
0,1780391994.9314895,3.743994403665762,-22.413432222813004,3.1108159683127172,0.0,0.0,0.0,0.21951799999999708,0.0,0.01914014326339718,22.560494922094442,-19.507316574931032,-2.259942771091466,3.7459339509809917,-22.4851564549434,-2.679406691213282,0.00015434742107979377,0.002858230628444801,0.07710615177650496,22.61935581540499,-19.548448549639172,-1.7669117209589547
0,1780391994.9814894,3.743994403665762,-22.413432222813004,3.1108159683127172,0.0,0.0,0.0,0.21951799999999708,0.0,0.019342109876997974,22.560494922094442,-19.507316574931032,-2.259942771091466,3.7459430083555865,-22.485290527866198,-2.6784852373426626,0.00015407164682568474,0.0028617204228554086,0.0771602649040326,22.61947320062018,-19.548515923192586,-1.7659898463488042
0,1780391995.0314894,3.743994403665762,-22.413432222813004,3.1108159683127172,0.0,0.0,0.0,0.21951799999999708,0.0,0.019612895656589475,22.560494922094442,-19.507316574931032,-2.259942771091466,3.7459522047513065,-22.485425947682202,-2.6775529568107235,0.0001534968241206573,0.002870448438689196,0.07725629676914327,22.619591838481867,-19.548583878661812,-1.7650571376558184
0,1780391995.0814893,3.743994403665762,-22.413432222813004,3.1108159683127172,0.0,0.0,0.0,0.21951799999999708,0.0,0.01980644070386376,22.560494922094442,-19.507316574931032,-2.259942771091466,3.745961581739984,-22.485563180557453,-2.6766061509751875,0.00015257826277598443,0.0028852490833873095,0.07740135988094737,22.619712150502,-19.548652633015585,-1.7641098942515476
0,1780391995.1314893,3.743994403665762,-22.413432222813004,3.1108159683127172,0.0,0.0,0.0,0.21951799999999708,0.0,0.020045188090855003,22.560494922094442,-19.507316574931032,-2.259942771091466,3.7459710957303014,-22.485701674542,-2.675648963438714,0.00015153945390960916,0.002902708019860075,0.07756136557562447,22.61983364612525,-19.548721918336224,-1.763152261721595
0,1780391995.1814892,3.743994403665762,-22.413432222813004,3.1108159683127172,0.0,0.0,0.0,0.21951799999999708,0.0,0.02014896677411193,22.560494922094442,-19.507316574931032,-2.259942771091466,3.7459807740813,-22.48584173675564,-2.6746789656496333,0.00015033713353074428,0.0029235407796324737,0.07774442627841247,22.619956603318254,-19.548791877223113,-1.7621818101852176
0,1780391995.2314892,3.743994403665762,-22.413432222813004,3.1108159683127172,0.0,0.0,0.0,0.21951799999999708,0.0,0.02009802145528332,22.560494922094442,-19.507316574931032,-2.259942771091466,3.7459905383043375,-22.485982420505902,-2.6737034080745525,0.00014925366275915573,0.002943397576173909,0.07790880280308309,22.620080175149365,-19.54886205731637,-1.7612057937471892
0,1780391995.2814891,3.743994403665762,-22.413432222813004,3.1108159683127172,0.0,0.0,0.0,0.21951799999999708,0.0,0.01994498456987059,22.560494922094442,-19.507316574931032,-2.259942771091466,3.7460002970442967,-22.486122654036432,-2.672730595772379,0.00014854425753016047,0.002958098364331819,0.07801753836574357,22.62020339905793,-19.548931951338425,-1.7602325217461132
0,1780391995.331489,3.743994403665762,-22.413432222813004,3.1108159683127172,0.0,0.0,0.0,0.21951799999999708,0.0,0.01981743481316186,22.560494922094442,-19.507316574931032,-2.259942771091466,3.746009989026145,-22.48626174278067,-2.6717659966595777,0.0001483147142900939,0.002965513933573645,0.07805588472241316,22.62032564825428,-19.549001234406102,-1.7592674649970141
0,1780391995.381489,3.743994403665762,-22.413432222813004,3.1108159683127172,0.0,0.0,0.0,0.21951799999999708,0.0,0.01982195417047801,22.560494922094442,-19.507316574931032,-2.259942771091466,3.7460196278109446,-22.486399881357205,-2.6708082363724333,0.0001484128289344176,0.0029676414800846184,0.07804823731195953,22.620447093517207,-19.549070003821726,-1.7583092485158804
0,1780391995.431489,3.743994403665762,-22.413432222813004,3.1108159683127172,0.0,0.0,0.0,0.21951799999999708,0.0,0.01995961184043455,22.560494922094442,-19.507316574931032,-2.259942771091466,3.7460292903309815,-22.486537996056224,-2.6698502376845483,0.00014852272553398513,0.0029694656728344966,0.07804397092177541,22.620568564664662,-19.549138700722956,-1.75735079144009
0,1780391995.481489,3.743994403665762,-22.413432222813004,3.1108159683127172,0.0,0.0,0.0,0.21951799999999708,0.0,0.019895736078208496,22.560494922094442,-19.507316574931032,-2.259942771091466,3.7460390554194674,-22.486677008446616,-2.6688848647001526,0.00014840274911089588,0.002975016057263063,0.07807969106612264,22.620690890660107,-19.549207759634392,-1.7563849541129684
0,1780391995.531489,3.743994403665762,-22.413432222813004,3.1108159683127172,0.0,0.0,0.0,0.21951799999999708,0.0,0.019570428282786632,22.560494922094442,-19.507316574931032,-2.259942771091466,3.7460488043344906,-22.486815516111815,-2.6679229180293396,0.0001484733089675537,0.0029775514728893524,0.07808798402518649,22.62081281201901,-19.5492765167124,-1.7554225427764727
0,1780391995.5814888,3.743994403665762,-22.413432222813004,3.1108159683127172,0.0,0.0,0.0,0.21951799999999708,0.0,0.0192409032839221,22.560494922094442,-19.507316574931032,-2.259942771091466,3.7460583812578525,-22.4869517205444,-2.6669783967955776,0.00014916438373545465,0.00296960669017095,0.07800049667073058,22.620932708122506,-19.549344127620376,-1.7544775640123058
0,1780391995.6314888,3.743994403665762,-22.413432222813004,3.1108159683127172,0.0,0.0,0.0,0.21951799999999708,0.0,0.019054685704865123,22.560494922094442,-19.507316574931032,-2.259942771091466,3.7460677817608565,-22.487085617763295,-2.666051518108921,0.0001503297885470762,0.0029528975468563995,0.07783969981993606,22.621050569407473,-19.549410598216976,-1.7535502351995516
0,1780391995.6814888,3.743994403665762,-22.413432222813004,3.1108159683127172,0.0,0.0,0.0,0.21951799999999708,0.0,0.019077548936097907,22.560494922094442,-19.507316574931032,-2.259942771091466,3.746077089218948,-22.48721821508332,-2.665134623777763,0.00015157545784483898,0.0029338374682771656,0.07766811975072573,22.621167298023977,-19.549476408555307,-1.7526328941980716
0,1780391995.7314887,3.743994403665762,-22.413432222813004,3.1108159683127172,0.0,0.0,0.0,0.21951799999999708,0.0,0.01915431923245505,22.560494922094442,-19.507316574931032,-2.259942771091466,3.746086427427277,-22.48735095841199,-2.6642165365372033,0.0001524858752037037,0.002919692889443411,0.07755144695461351,22.62128419506932,-19.54954223976192,-1.7517143578119934
0,1780391995.7814887,3.743994403665762,-22.413432222813004,3.1108159683127172,0.0,0.0,0.0,0.21951799999999708,0.0,0.019284382572280743,22.560494922094442,-19.507316574931032,-2.259942771091466,3.746095829540436,-22.48748420954521,-2.663294360290348,0.00015304470575998078,0.0029109943367110628,0.07748962332722432,22.62140158917026,-19.549608258304797,-1.750791728334527
0,1780391995.8314886,3.743994403665762,-22.413432222813004,3.1108159683127172,0.0,0.0,0.0,0.21951799999999708,0.0,0.019495641096150085,22.560494922094442,-19.507316574931032,-2.259942771091466,3.7461053286235284,-22.4876183244579,-2.662365230456855,0.00015324274440790846,0.002908116949075185,0.07748224236232494,22.62151980443384,-19.54967462698081,-1.7498621395653422
0,1780391995.8814886,3.743994403665762,-22.413432222813004,3.1108159683127172,0.0,0.0,0.0,0.21951799999999708,0.0,0.019629334370904535,22.560494922094442,-19.507316574931032,-2.259942771091466,3.7461149747704163,-22.487753850156313,-2.661424785583582,0.00015302500129787342,0.0029121620071461433,0.07753667458176207,22.62163933805858,-19.549741597034373,-1.7489212275910888
0,1780391995.9314885,3.743994403665762,-22.413432222813004,3.1108159683127172,0.0,0.0,0.0,0.21951799999999708,0.0,0.019489159478027703,22.560494922094442,-19.507316574931032,-2.259942771091466,3.746124722945071,-22.487890236224878,-2.6604771761698283,0.00015263471778857905,0.002919341015216951,0.07761398632104936,22.62175969766014,-19.549808905422037,-1.7479731450505587
0,1780391995.9814885,3.743994403665762,-22.413432222813004,3.1108159683127172,0.0,0.0,0.0,0.21951799999999708,0.0,0.01924604775174869,22.560494922094442,-19.507316574931032,-2.259942771091466,3.746134408696799,-22.4880255886251,-2.6595370840748864,0.0001526055481649491,0.0029209553349282876,0.07763151003449462,22.621879174654524,-19.549875665394858,-1.7470325817780328
0,1780391996.0314884,3.743994403665762,-22.413432222813004,3.1108159683127172,0.0,0.0,0.0,0.21951799999999708,0.0,0.01907459369985726,22.560494922094442,-19.507316574931032,-2.259942771091466,3.746143968848936,-22.488159212879335,-2.6586100170616,0.00015303963921276404,0.00291482740037872,0.07757459498004751,22.621997138317596,-19.549941557304027,-1.746105048640969
0,1780391996.0814884,3.743994403665762,-22.413432222813004,3.1108159683127172,0.0,0.0,0.0,0.21951799999999708,0.0,0.018942837970943118,22.560494922094442,-19.507316574931032,-2.259942771091466,3.746153445124086,-22.488291619788225,-2.65769213700992,0.00015369132106493147,0.00290463732206743,0.07748320701071515,22.62211404574805,-19.550006825063317,-1.7451867055195889
0,1780391996.1314883,3.743994403665762,-22.413432222813004,3.1108159683127172,0.0,0.0,0.0,0.21951799999999708,0.0,0.018867266452409444,22.560494922094442,-19.507316574931032,-2.259942771091466,3.7461628606477078,-22.488423091225254,-2.6567813217246163,0.00015442828988543005,0.0028924640998132098,0.07737825678926367,22.62223014928764,-19.55007160313839,-1.7442754291122298
0,1780391996.1814883,3.743994403665762,-22.413432222813004,3.1108159683127172,0.0,0.0,0.0,0.21951799999999708,0.0,0.01877122347672762,22.560494922094442,-19.507316574931032,-2.259942771091466,3.7461722489349643,-22.488554017360293,-2.655874567003317,0.00015512008386954292,0.002880508876619173,0.07728006893563924,22.622345800465382,-19.550136074764094,-1.743368213589409
0,1780391996.2314882,3.743994403665762,-22.413432222813004,3.1108159683127172,0.0,0.0,0.0,0.21951799999999708,0.0,0.018720393737181134,22.560494922094442,-19.507316574931032,-2.259942771091466,3.7461815975602484,-22.488684257410807,-2.654972967544948,0.00015580954572867506,0.0028680726065565625,0.07718073626192135,22.62246087177467,-19.550200174687067,-1.742466154270745
0,1780391996.2814882,3.743994403665762,-22.413432222813004,3.1108159683127172,0.0,0.0,0.0,0.21951799999999708,0.0,0.018793283970415922,22.560494922094442,-19.507316574931032,-2.259942771091466,3.7461909337839194,-22.488814122684907,-2.654074104652754,0.00015640878030050154,0.002856689021483028,0.07709392612933803,22.622575644483256,-19.55026404808433,-1.7415668311269306
0,1780391996.3314881,3.743994403665762,-22.413432222813004,3.1108159683127172,0.0,0.0,0.0,0.21951799999999708,0.0,0.01908343372794788,22.560494922094442,-19.507316574931032,-2.259942771091466,3.7462003329868074,-22.488944459516144,-2.6531713548132596,0.00015671142512536468,0.0028499915673176226,0.07705229015890738,22.622690885431638,-19.550328086825573,-1.7406636169202576
0,1780391996.381488,3.743994403665762,-22.413432222813004,3.1108159683127172,0.0,0.0,0.0,0.21951799999999708,0.0,0.01963417128885093,22.560494922094442,-19.507316574931032,-2.259942771091466,3.7462099287642427,-22.489076748310797,-2.6522530693005817,0.0001564016386582619,0.0028534593366760282,0.07710470354953443,22.622807938805185,-19.5503929727114,-1.7397448562823614
0,1780391996.431488,3.743994403665762,-22.413432222813004,3.1108159683127172,0.0,0.0,0.0,0.21951799999999708,0.0,0.020187283700672957,22.560494922094442,-19.507316574931032,-2.259942771091466,3.7462198835897946,-22.48921275591213,-2.65130523894692,0.00015517975935757443,0.002872022132895417,0.0772940974396833,22.62292841360655,-19.550459513334744,-1.7387965319083936
0,1780391996.481488,3.743994403665762,-22.413432222813004,3.1108159683127172,0.0,0.0,0.0,0.21951799999999708,0.0,0.0204642248111427,22.560494922094442,-19.507316574931032,-2.259942771091466,3.746230203428045,-22.489352463771027,-2.6503277014230053,0.00015327576149477959,0.002902096289771039,0.07758029228161467,22.623052304599476,-19.550527685143663,-1.737818481048936
0,1780391996.531488,3.743994403665762,-22.413432222813004,3.1108159683127172,0.0,0.0,0.0,0.21951799999999708,0.0,0.02047143178805612,22.560494922094442,-19.507316574931032,-2.259942771091466,3.7462407208460764,-22.4894939448138,-2.6493353068906065,0.0001513299329896361,0.002934207377148355,0.07786701059509923,22.623177871740616,-19.550596588069297,-1.7368255620948647
0,1780391996.581488,3.743994403665762,-22.413432222813004,3.1108159683127172,0.0,0.0,0.0,0.21951799999999708,0.0,0.020262671403815213,22.560494922094442,-19.507316574931032,-2.259942771091466,3.746251269349817,-22.48963534196458,-2.6483425604098008,0.0001498299647140753,0.0029609272243751,0.07808521539173592,22.6233034304948,-19.550665364688825,-1.7358322883668218
0,1780391996.6314878,3.743994403665762,-22.413432222813004,3.1108159683127172,0.0,0.0,0.0,0.21951799999999708,0.0,0.019849432036003898,22.560494922094442,-19.507316574931032,-2.259942771091466,3.7462617140589365,-22.489775190904833,-2.6473610426168355,0.00014907597251026354,0.00297699310902763,0.07819304632819499,22.623427647067103,-19.550733346064202,-1.734850247255947
0,1780391996.6814878,3.743994403665762,-22.413432222813004,3.1108159683127172,0.0,0.0,0.0,0.21951799999999708,0.0,0.01943153126569924,22.560494922094442,-19.507316574931032,-2.259942771091466,3.746271926538855,-22.489912123143007,-2.6464016822134404,0.00014928557497727557,0.0029777640938870786,0.07815760974439767,22.62354927097823,-19.550799912167584,-1.7338903739592013
0,1780391996.7314878,3.743994403665762,-22.413432222813004,3.1108159683127172,0.0,0.0,0.0,0.21951799999999708,0.0,0.018983506860871944,22.560494922094442,-19.507316574931032,-2.259942771091466,3.746281901408639,-22.49004614689543,-2.645464694515226,0.00015025059310379431,0.0029653540400794245,0.0780100810443635,22.623668300575943,-19.550865078567192,-1.7329528841450517
0,1780391996.7814877,3.743994403665762,-22.413432222813004,3.1108159683127172,0.0,0.0,0.0,0.21951799999999708,0.0,0.018695643247930004,22.560494922094442,-19.507316574931032,-2.259942771091466,3.7462916179227417,-22.49017708847581,-2.644551677783086,0.00015183575742743535,0.002941089273932114,0.0777687823003477,22.623784570230455,-19.55092877552122,-1.7320393772038192
0,1780391996.8314877,3.743994403665762,-22.413432222813004,3.1108159683127172,0.0,0.0,0.0,0.21951799999999708,0.0,0.01851814431154408,22.560494922094442,-19.507316574931032,-2.259942771091466,3.7463011728676188,-22.490306064871543,-2.643654084300245,0.00015356865900568038,0.002912741852529459,0.07750799053385084,22.62389908895061,-19.550991524179047,-1.731141300606239
0,1780391996.8814876,3.743994403665762,-22.413432222813004,3.1108159683127172,0.0,0.0,0.0,0.21951799999999708,0.0,0.018371302499075776,22.560494922094442,-19.507316574931032,-2.259942771091466,3.746310633573813,-22.490433836294702,-2.6427660261266097,0.00015518909042717009,0.0028849339098114862,0.0772674600657776,22.62401254554684,-19.551053676530785,-1.7302527630500584
0,1780391996.9314876,3.743994403665762,-22.413432222813004,3.1108159683127172,0.0,0.0,0.0,0.21951799999999708,0.0,0.018330429551264012,22.560494922094442,-19.507316574931032,-2.259942771091466,3.746320018984624,-22.490560610996802,-2.641885862894354,0.00015665661563809118,0.0028585422307797217,0.07705086897683605,22.624125129169656,-19.551115328407267,-1.7293721232352166
0,1780391996.9814875,3.743994403665762,-22.413432222813004,3.1108159683127172,0.0,0.0,0.0,0.21951799999999708,0.0,0.018559728998895825,22.560494922094442,-19.507316574931032,-2.259942771091466,3.746329394944519,-22.49068710785565,-2.64100792841542,0.00015780440457047816,0.00283671977217294,0.07688364391690126,22.624237494580292,-19.55117680825954,-1.7284937116438623
0,1780391997.0314875,3.743994403665762,-22.413432222813004,3.1108159683127172,0.0,0.0,0.0,0.21951799999999708,0.0,0.01893659722850571,22.560494922094442,-19.507316574931032,-2.259942771091466,3.7463389303572368,-22.490815157537956,-2.640117759630587,0.00015821717866678497,0.002826969085486905,0.0768314210987828,22.624351311847246,-19.55123894904379,-1.7276030565974423
0,1780391997.0814874,3.743994403665762,-22.413432222813004,3.1108159683127172,0.0,0.0,0.0,0.21951799999999708,0.0,0.019319119542630218,22.560494922094442,-19.507316574931032,-2.259942771091466,3.7463487202213503,-22.490945741379566,-2.6392074138907002,0.00015782395481259536,0.002830672863986799,0.07690113264603685,22.624467482968804,-19.55130218853787,-1.7266922105341262
0,1780391997.1314874,3.743994403665762,-22.413432222813004,3.1108159683127172,0.0,0.0,0.0,0.21951799999999708,0.0,0.019543851902246473,22.560494922094442,-19.507316574931032,-2.259942771091466,3.746358771481906,-22.491078868699386,-2.6382765548246736,0.00015682355558464914,0.002844710688261623,0.07705783404911257,22.62458602565113,-19.551366519078066,-1.7257608366409058
0,1780391997.1814873,3.743994403665762,-22.413432222813004,3.1108159683127172,0.0,0.0,0.0,0.21951799999999708,0.0,0.019553876865154182,22.560494922094442,-19.507316574931032,-2.259942771091466,3.7463689873967243,-22.491213439016715,-2.6373336422485543,0.00015564443794856002,0.0028624362342115008,0.07723476085990061,22.624705943014252,-19.55143143081485,-1.7248173996154694
0,1780391997.2314873,3.743994403665762,-22.413432222813004,3.1108159683127172,0.0,0.0,0.0,0.21951799999999708,0.0,0.01951816372097052,22.560494922094442,-19.507316574931032,-2.259942771091466,3.746379233397022,-22.491347979979125,-2.63639020316903,0.00015471141098964317,0.002877148178590046,0.07736904525918864,22.624825893449604,-19.551496251783348,-1.7238734333386865
0,1780391997.2814872,3.743994403665762,-22.413432222813004,3.1108159683127172,0.0,0.0,0.0,0.21951799999999708,0.0,0.019160225080700487,22.560494922094442,-19.507316574931032,-2.259942771091466,3.7463894800134665,-22.491482187994674,-2.6354486868474947,0.00015405745045061033,0.0028880313015004324,0.07745881323629872,22.624945597983977,-19.551560846453455,-1.722931388582852
0,1780391997.3314872,3.743994403665762,-22.413432222813004,3.1108159683127172,0.0,0.0,0.0,0.21951799999999708,0.0,0.018593639417585975,22.560494922094442,-19.507316574931032,-2.259942771091466,3.746399523085395,-22.4916138833079,-2.6345263555897205,0.00015420158094727596,0.002886102869249268,0.07742408606098937,22.62506306206228,-19.55162423082234,-1.7220085382181982
0,1780391997.3814871,3.743994403665762,-22.413432222813004,3.1108159683127172,0.0,0.0,0.0,0.21951799999999708,0.0,0.018141376991614794,22.560494922094442,-19.507316574931032,-2.259942771091466,3.7464092291578512,-22.49174168416906,-2.633634341389037,0.00015534193625916097,0.002866635156057956,0.07723170139543868,22.625177014809495,-19.55168578956675,-1.721116021229155
0,1780391997.431487,3.743994403665762,-22.413432222813004,3.1108159683127172,0.0,0.0,0.0,0.21951799999999708,0.0,0.01805893165894209,22.560494922094442,-19.507316574931032,-2.259942771091466,3.746418667566135,-22.491866406778616,-2.6327665211225573,0.00015701209522868086,0.0028365024704983914,0.0769554264554265,22.62528819231738,-19.55174590505895,-1.7202477110024754
0,1780391997.481487,3.743994403665762,-22.413432222813004,3.1108159683127172,0.0,0.0,0.0,0.21951799999999708,0.0,0.018247674887544498,22.560494922094442,-19.507316574931032,-2.259942771091466,3.7464280692001553,-22.4919905770062,-2.6319031628774208,0.00015837106274878098,0.002810523126294968,0.0767332722575561,22.62539889815619,-19.551805727493562,-1.7193838636893857
0,1780391997.531487,3.743994403665762,-22.413432222813004,3.1108159683127172,0.0,0.0,0.0,0.21951799999999708,0.0,0.018720327232347702,22.560494922094442,-19.507316574931032,-2.259942771091466,3.7464376060371833,-22.492116023953777,-2.6310297571814454,0.00015899747328234468,0.0027964704294274525,0.07663092278720261,22.62551080776536,-19.551866080321062,-1.7185099608555054
0,1780391997.581487,3.743994403665762,-22.413432222813004,3.1108159683127172,0.0,0.0,0.0,0.21951799999999708,0.0,0.019369061097828585,22.560494922094442,-19.507316574931032,-2.259942771091466,3.7464474609585854,-22.49224464920631,-2.6301310572931142,0.0001585773924630654,0.002799874804744803,0.07669285680223392,22.6256256694861,-19.55192781120659,-1.7176107461511259
0,1780391997.631487,3.743994403665762,-22.413432222813004,3.1108159683127172,0.0,0.0,0.0,0.21951799999999708,0.0,0.02002114181048212,22.560494922094442,-19.507316574931032,-2.259942771091466,3.74645775106834,-22.492377611451904,-2.629197551201162,0.00015708158851198483,0.0028210638745596334,0.0769151741844075,22.625744557488492,-19.55199142520069,-1.7166767013191864
0,1780391997.6814868,3.743994403665762,-22.413432222813004,3.1108159683127172,0.0,0.0,0.0,0.21951799999999708,0.0,0.02033733863331989,22.560494922094442,-19.507316574931032,-2.259942771091466,3.7464684838864333,-22.492514891929385,-2.628229011939404,0.00015478059985907258,0.0028556885611591247,0.0772499517153764,22.62586746909964,-19.552056895089162,-1.7157075988441877
0,1780391997.7314868,3.743994403665762,-22.413432222813004,3.1108159683127172,0.0,0.0,0.0,0.21951799999999708,0.0,0.020205442427587598,22.560494922094442,-19.507316574931032,-2.259942771091466,3.7464794469763936,-22.492654173689846,-2.627243510732421,0.0001524375496326414,0.0028925697419991663,0.07758307638615138,22.625992289846927,-19.552123167670317,-1.7147215209749218
0,1780391997.7814867,3.743994403665762,-22.413432222813004,3.1108159683127172,0.0,0.0,0.0,0.21951799999999708,0.0,0.019807984657973596,22.560494922094442,-19.507316574931032,-2.259942771091466,3.74649035192835,-22.49279241095254,-2.626265149889969,0.00015084387903826935,0.002919750889795185,0.07780159723997511,22.62611622561985,-19.552188877191632,-1.7137425851593893
0,1780391997.8314867,3.743994403665762,-22.413432222813004,3.1108159683127172,0.0,0.0,0.0,0.21951799999999708,0.0,0.019277728581319306,22.560494922094442,-19.507316574931032,-2.259942771091466,3.746501025984872,-22.492927836221224,-2.6253081402198095,0.0001503341250754202,0.002930787568744146,0.07785806993008511,22.626237646465622,-19.552253242090558,-1.7127850113681284
0,1780391997.8814867,3.743994403665762,-22.413432222813004,3.1108159683127172,0.0,0.0,0.0,0.21951799999999708,0.0,0.018643623663527398,22.560494922094442,-19.507316574931032,-2.259942771091466,3.746511381416606,-22.493059599019627,-2.6243795335051243,0.00015092802529246204,0.0029235371409793583,0.07774844067728137,22.62635576075229,-19.552315895788535,-1.7118558561215282
0,1780391997.9314866,3.743994403665762,-22.413432222813004,3.1108159683127172,0.0,0.0,0.0,0.21951799999999708,0.0,0.018216917355304667,22.560494922094442,-19.507316574931032,-2.259942771091466,3.7465213491932667,-22.493187047085453,-2.623484836203612,0.00015255949921867305,0.0028972712338899845,0.07747856029723957,22.626469958223687,-19.55237656118291,-1.710960629659523
0,1780391997.9814866,3.743994403665762,-22.413432222813004,3.1108159683127172,0.0,0.0,0.0,0.21951799999999708,0.0,0.018119018663611493,22.560494922094442,-19.507316574931032,-2.259942771091466,3.7465310593486407,-22.493311620011294,-2.622612972322215,0.00015456368227274915,0.0028626023964166856,0.07715365710852357,22.626581550675784,-19.55243589523544,-1.710088249197181
0,1780391998.0314865,3.743994403665762,-22.413432222813004,3.1108159683127172,0.0,0.0,0.0,0.21951799999999708,0.0,0.018375070037109444,22.560494922094442,-19.507316574931032,-2.259942771091466,3.7465407210036075,-22.493435547397112,-2.6217464094299125,0.0001562083916851163,0.0028327063514608963,0.07689265581582659,22.626692582149108,-19.55249489943403,-1.7092211712297922
0,1780391998.0814865,3.743994403665762,-22.413432222813004,3.1108159683127172,0.0,0.0,0.0,0.21951799999999708,0.0,0.01883145651887398,22.560494922094442,-19.507316574931032,-2.259942771091466,3.7465505625401376,-22.49356120379625,-2.6208662153640527,0.00015693186536455567,0.002817942246262711,0.07678364999507176,22.6268052386014,-19.552554628701216,-1.7083404513973406
0,1780391998.1314864,3.743994403665762,-22.413432222813004,3.1108159683127172,0.0,0.0,0.0,0.21951799999999708,0.0,0.019273880688232894,22.560494922094442,-19.507316574931032,-2.259942771091466,3.7465607168671653,-22.493689910850783,-2.6199616028053123,0.00015662423057644003,0.002820337764214257,0.07683641742015564,22.626920745696523,-19.55261565856344,-1.707435295196206
0,1780391998.1814864,3.743994403665762,-22.413432222813004,3.1108159683127172,0.0,0.0,0.0,0.21951799999999708,0.0,0.019417673042697012,22.560494922094442,-19.507316574931032,-2.259942771091466,3.7465711792400347,-22.493821538321768,-2.61903326682095,0.00015558269267989898,0.0028350730155354198,0.07699729585742178,22.627038995510468,-19.55267791567916,-1.7065063978391208
0,1780391998.2314863,3.743994403665762,-22.413432222813004,3.1108159683127172,0.0,0.0,0.0,0.21951799999999708,0.0,0.019182705721106957,22.560494922094442,-19.507316574931032,-2.259942771091466,3.7465817581022822,-22.49395404265708,-2.6180972235844573,0.0001545132454760278,0.002851106878787205,0.07715559636560833,22.627158113910085,-19.55274048297889,-1.7055697857017753
0,1780391998.2814863,3.743994403665762,-22.413432222813004,3.1108159683127172,0.0,0.0,0.0,0.21951799999999708,0.0,0.018698360371671656,22.560494922094442,-19.507316574931032,-2.259942771091466,3.7465922068064157,-22.494084869155493,-2.617173790747354,0.00015409807191525904,0.0028573224671075313,0.07720823624477642,22.62727574653995,-19.552802228816184,-1.7046457897021543
0,1780391998.3314862,3.743994403665762,-22.413432222813004,3.1108159683127172,0.0,0.0,0.0,0.21951799999999708,0.0,0.01815116860751277,22.560494922094442,-19.507316574931032,-2.259942771091466,3.746602361464505,-22.49421236789765,-2.6162762960581687,0.00015464555725525374,0.0028474775555386218,0.07710768212728336,22.627390365360696,-19.552862432046048,-1.7037477464979207
0,1780391998.3814862,3.743994403665762,-22.413432222813004,3.1108159683127172,0.0,0.0,0.0,0.21951799999999708,0.0,0.0178465496173443,22.560494922094442,-19.507316574931032,-2.259942771091466,3.746612179030539,-22.49433615820546,-2.6154080667788335,0.00015604115432461861,0.00282200698796255,0.07687063989702743,22.627501609381223,-19.552920937189466,-1.702878985786396
0,1780391998.4314861,3.743994403665762,-22.413432222813004,3.1108159683127172,0.0,0.0,0.0,0.21951799999999708,0.0,0.017928990739508967,22.560494922094442,-19.507316574931032,-2.259942771091466,3.7466218145882264,-22.494457901749588,-2.614556152097085,0.0001576068785056414,0.0027921241480048926,0.07660764539461284,22.62761100225134,-19.55297849027898,-1.7020265484487436
0,1780391998.481486,3.743994403665762,-22.413432222813004,3.1108159683127172,0.0,0.0,0.0,0.21951799999999708,0.0,0.01825362468290091,22.560494922094442,-19.507316574931032,-2.259942771091466,3.7466315189057156,-22.494580202376238,-2.6136998876391035,0.0001585708748251556,0.00277176536046956,0.07644521793176279,22.627720944089248,-19.553036244118616,-1.7011697565278292
0,1780391998.531486,3.743994403665762,-22.413432222813004,3.1108159683127172,0.0,0.0,0.0,0.21951799999999708,0.0,0.018730330252756354,22.560494922094442,-19.507316574931032,-2.259942771091466,3.746641452020882,-22.494704666807568,-2.612826283659973,0.00015865319392630083,0.002766096954850869,0.07642393081448191,22.627832924201336,-19.55309489932534,-1.700295611530129
0,1780391998.581486,3.743994403665762,-22.413432222813004,3.1108159683127172,0.0,0.0,0.0,0.21951799999999708,0.0,0.019139272366590732,22.560494922094442,-19.507316574931032,-2.259942771091466,3.746651717167427,-22.49483228622147,-2.611927140252552,0.00015781879712384504,0.00277578188305206,0.07654273481952112,22.627947868525876,-19.553154878802502,-1.6993959078294942
0,1780391998.631486,3.743994403665762,-22.413432222813004,3.1108159683127172,0.0,0.0,0.0,0.21951799999999708,0.0,0.019259115862270748,22.560494922094442,-19.507316574931032,-2.259942771091466,3.746662273586094,-22.494962570765733,-2.611006057750121,0.00015642227465849915,0.002795176466284341,0.07674144377096531,22.62806533553261,-19.553215952750442,-1.6984742478738932
0,1780391998.681486,3.743994403665762,-22.413432222813004,3.1108159683127172,0.0,0.0,0.0,0.21951799999999708,0.0,0.019057676861931945,22.560494922094442,-19.507316574931032,-2.259942771091466,3.7466729325774635,-22.495093554338766,-2.610078556375674,0.00015510506764424272,0.0028143405925152537,0.07692158273665996,22.62818351342053,-19.55327725010661,-1.697546162137313
0,1780391998.7314858,3.743994403665762,-22.413432222813004,3.1108159683127172,0.0,0.0,0.0,0.21951799999999708,0.0,0.018717182476205522,22.560494922094442,-19.507316574931032,-2.259942771091466,3.7466834817081724,-22.495223082642188,-2.6091618738876,0.00015442253596354626,0.0028241794618762976,0.07700057542756898,22.628300407769057,-19.55333782831842,-1.6966289000257895
0,1780391998.7814858,3.743994403665762,-22.413432222813004,3.1108159683127172,0.0,0.0,0.0,0.21951799999999708,0.0,0.018558807311820937,22.560494922094442,-19.507316574931032,-2.259942771091466,3.7466938276028636,-22.49535025010544,-2.60826343742235,0.00015448975453907773,0.0028218735970669344,0.07696243550791816,22.62841517370873,-19.55339729959099,-1.6957298938630077
0,1780391998.8314857,3.743994403665762,-22.413432222813004,3.1108159683127172,0.0,0.0,0.0,0.21951799999999708,0.0,0.018552518916405684,22.560494922094442,-19.507316574931032,-2.259942771091466,3.7467040885038685,-22.495476305375746,-2.6073734850313115,0.00015480267571202775,0.002815148514499757,0.07688875476546843,22.628528960217395,-19.55345621929072,-1.6948393752408784
0,1780391998.8814857,3.743994403665762,-22.413432222813004,3.1108159683127172,0.0,0.0,0.0,0.21951799999999708,0.0,0.018580572859049363,22.560494922094442,-19.507316574931032,-2.259942771091466,3.7467143641028198,-22.49560227529723,-2.6064838794237413,0.00015502292431743172,0.0028096449035416595,0.07683338154572232,22.628642716110974,-19.55351503904061,-1.6939492013797994
0,1780391998.9314857,3.743994403665762,-22.413432222813004,3.1108159683127172,0.0,0.0,0.0,0.21951799999999708,0.0,0.0186628915797781,22.560494922094442,-19.507316574931032,-2.259942771091466,3.746724677341556,-22.49572838666838,-2.6055927804864902,0.0001551099794704975,0.0028061557866773897,0.07680119369333231,22.628756652423004,-19.553573856690342,-1.6930575308886415
0,1780391998.9814856,3.743994403665762,-22.413432222813004,3.1108159683127172,0.0,0.0,0.0,0.21951799999999708,0.0,0.018811853067822338,22.560494922094442,-19.507316574931032,-2.259942771091466,3.746735064605877,-22.495854997406514,-2.604697279771846,0.0001549988519154526,0.0028058963326800987,0.07680131840580148,22.628871102571292,-19.553632826168332,-1.6921614532833562
0,1780391999.0314856,3.743994403665762,-22.413432222813004,3.1108159683127172,0.0,0.0,0.0,0.21951799999999708,0.0,0.018817008670792876,22.560494922094442,-19.507316574931032,-2.259942771091466,3.746745570888142,-22.49598254509538,-2.6037938027508445,0.00015462047059936347,0.0028101564255071437,0.07684360485039296,22.628986475100977,-19.553692134482617,-1.6912573915016011
0,1780391999.0814855,3.743994403665762,-22.413432222813004,3.1108159683127172,0.0,0.0,0.0,0.21951799999999708,0.0,0.018729801238747054,22.560494922094442,-19.507316574931032,-2.259942771091466,3.7467561012397566,-22.496110058796994,-2.602890052650919,0.00015429818747445537,0.0028137185544922483,0.076876101628676,22.629101871486043,-19.55375135636799,-1.690353054029667
0,1780391999.1314855,3.743994403665762,-22.413432222813004,3.1108159683127172,0.0,0.0,0.0,0.21951799999999708,0.0,0.018722337289066065,22.560494922094442,-19.507316574931032,-2.259942771091466,3.7467665938849,-22.49623692394413,-2.601990977522779,0.00015418542096662692,0.0028139412625062536,0.07687518308112727,22.62921672031996,-19.553810226104982,-1.689453392366522
0,1780391999.1814854,3.743994403665762,-22.413432222813004,3.1108159683127172,0.0,0.0,0.0,0.21951799999999708,0.0,0.01887124582093195,22.560494922094442,-19.507316574931032,-2.259942771091466,3.7467771014604057,-22.49636368013533,-2.6010923064446962,0.00015408939330110435,0.0028138916739876675,0.07687238487310162,22.62933152109492,-19.553868979857445,-1.6885541326521807
0,1780391999.2314854,3.743994403665762,-22.413432222813004,3.1108159683127172,0.0,0.0,0.0,0.21951799999999708,0.0,0.019137422829744226,22.560494922094442,-19.507316574931032,-2.259942771091466,3.746787728581846,-22.496491369961486,-2.600185661952355,0.00015372723373332866,0.002818316173466554,0.07691251925150633,22.62944724355438,-19.55392806792516,-1.68764689153733
0,1780391999.2814853,3.743994403665762,-22.413432222813004,3.1108159683127172,0.0,0.0,0.0,0.21951799999999708,0.0,0.019317243528792237,22.560494922094442,-19.507316574931032,-2.259942771091466,3.746798554976308,-22.496620764220978,-2.5992647506940783,0.00015295962824650526,0.002829645938386397,0.07701606548773027,22.62956460862841,-19.553987818060868,-1.686725371135803
0,1780391999.3314853,3.743994403665762,-22.413432222813004,3.1108159683127172,0.0,0.0,0.0,0.21951799999999708,0.0,0.019226782431958692,22.560494922094442,-19.507316574931032,-2.259942771091466,3.7468095240980857,-22.496751270515727,-2.5983341988774957,0.0001520417743283448,0.002843942010498181,0.07714192478669006,22.629683070196133,-19.554047968086266,-1.6857942007731026
0,1780391999.3814852,3.743994403665762,-22.413432222813004,3.1108159683127172,0.0,0.0,0.0,0.21951799999999708,0.0,0.018955749653813178,22.560494922094442,-19.507316574931032,-2.259942771091466,3.746820454386519,-22.496881081501584,-2.5974085042939192,0.0001514918405919212,0.0028528813093624656,0.07721023819077588,22.629800946834447,-19.554107737867547,-1.684867888459185
0,1780391999.4314852,3.743994403665762,-22.413432222813004,3.1108159683127172,0.0,0.0,0.0,0.21951799999999708,0.0,0.01869355674197177,22.560494922094442,-19.507316574931032,-2.259942771091466,3.7468312232374394,-22.497009010661657,-2.596497333468227,0.00015155389030523504,0.002851941680714548,0.07718396516769144,22.629917129051723,-19.554166622545328,-1.6839561076855156
0,1780391999.4814851,3.743994403665762,-22.413432222813004,3.1108159683127172,0.0,0.0,0.0,0.21951799999999708,0.0,0.01855423408842327,22.560494922094442,-19.507316574931032,-2.259942771091466,3.7468418350294663,-22.497135141849125,-2.5956002014454413,0.0001520690148707791,0.0028430747902317903,0.07708875218975651,22.63003168845643,-19.554224666594756,-1.6830583733081843
0,1780391999.531485,3.743994403665762,-22.413432222813004,3.1108159683127172,0.0,0.0,0.0,0.21951799999999708,0.0,0.01849597359567588,22.560494922094442,-19.507316574931032,-2.259942771091466,3.7468523712088886,-22.497260309113752,-2.5947105358948903,0.00015269824819163597,0.0028317064485435936,0.07697876382224961,22.63014539769621,-19.55428223428782,-1.6821681084160311
0,1780391999.581485,3.743994403665762,-22.413432222813004,3.1108159683127172,0.0,0.0,0.0,0.21951799999999708,0.0,0.018432878925415182,22.560494922094442,-19.507316574931032,-2.259942771091466,3.7468628859655992,-22.49738505580954,-2.593824003037146,0.00015325999825140237,0.0028209358603168296,0.07688200154446138,22.630258761929483,-19.55433956059946,-1.6812809761647185
0,1780391999.631485,3.743994403665762,-22.413432222813004,3.1108159683127172,0.0,0.0,0.0,0.21951799999999708,0.0,0.018563403179680863,22.560494922094442,-19.507316574931032,-2.259942771091466,3.746873376076509,-22.49750934878275,-2.592940860312148,0.00015377538838394782,0.002810475960057599,0.07679338462027323,22.63037175031388,-19.554396631217138,-1.6803972341862594
0,1780391999.681485,3.743994403665762,-22.413432222813004,3.1108159683127172,0.0,0.0,0.0,0.21951799999999708,0.0,0.018823844162974907,22.560494922094442,-19.507316574931032,-2.259942771091466,3.746883972643222,-22.49763447053032,-2.5920507454686432,0.00015390236341655938,0.0028062855717027953,0.07676707318463392,22.63048556086612,-19.554453993421294,-1.679506512725307
0,1780391999.731485,3.743994403665762,-22.413432222813004,3.1108159683127172,0.0,0.0,0.0,0.21951799999999708,0.0,0.018853544788463402,22.560494922094442,-19.507316574931032,-2.259942771091466,3.7468947651949938,-22.497761268276896,-2.5911466863946364,0.00015350749726962486,0.0028108028754356544,0.07682189735535441,22.63060098986783,-19.554512002456097,-1.6786018344892755
0,1780391999.7814848,3.743994403665762,-22.413432222813004,3.1108159683127172,0.0,0.0,0.0,0.21951799999999708,0.0,0.018689286935655226,22.560494922094442,-19.507316574931032,-2.259942771091466,3.746905598411457,-22.49788819256103,-2.5902410390660324,0.00015313222528281364,0.002815305777050551,0.0768705019938754,22.630716594546136,-19.55456999114041,-1.677695564320932
0,1780391999.8314848,3.743994403665762,-22.413432222813004,3.1108159683127172,0.0,0.0,0.0,0.21951799999999708,0.0,0.01867648600211573,22.560494922094442,-19.507316574931032,-2.259942771091466,3.7469163401079175,-22.498013959217456,-2.589344193666068,0.00015312040476234446,0.0028139676657615268,0.0768595266762142,22.63083117345275,-19.554627413904683,-1.676798100012725
0,1780391999.8814847,3.743994403665762,-22.413432222813004,3.1108159683127172,0.0,0.0,0.0,0.21951799999999708,0.0,0.01885654371570781,22.560494922094442,-19.507316574931032,-2.259942771091466,3.746927092525022,-22.498139584389808,-2.5884480387934343,0.00015311307054824248,0.0028125143991506907,0.07684784307868911,22.63094567383804,-19.554684706900066,-1.6759013242875018
0,1780391999.9314847,3.743994403665762,-22.413432222813004,3.1108159683127172,0.0,0.0,0.0,0.21951799999999708,0.0,0.01904432532123129,22.560494922094442,-19.507316574931032,-2.259942771091466,3.746937987425787,-22.498266343611835,-2.587542243456759,0.00015276432348793,0.0028167685090235085,0.07689038541223994,22.631061290443693,-19.554742410257578,-1.6749948985173124
0,1780391999.9814847,3.743994403665762,-22.413432222813004,3.1108159683127172,0.0,0.0,0.0,0.21951799999999708,0.0,0.01912223717996453,22.560494922094442,-19.507316574931032,-2.259942771091466,3.746949031314437,-22.49839427438121,-2.5866263862365644,0.00015214733160747075,0.0028256986127911787,0.07697408227725072,22.6311780628477,-19.55480053409313,-1.674078400851615
0,1780392000.0314846,3.743994403665762,-22.413432222813004,3.1108159683127172,0.0,0.0,0.0,0.21951799999999708,0.0,0.019081113742568937,22.560494922094442,-19.507316574931032,-2.259942771091466,3.7469601497324483,-22.49852263875814,-2.5857063556050286,0.0001515250104507743,0.0028351525461288185,0.07705742006377385,22.631295302898206,-19.554858761981315,-1.6731577240380942
0,1780392000.0814846,3.743994403665762,-22.413432222813004,3.1108159683127172,0.0,0.0,0.0,0.21951799999999708,0.0,0.018911682518994832,22.560494922094442,-19.507316574931032,-2.259942771091466,3.746971260963958,-22.49865064897391,-2.5847885327870754,0.00015111416963333417,0.0028415471062333076,0.07710743412027594,22.63141227224123,-19.554916760961206,-1.6722392540379862
0,1780392000.1314845,3.743994403665762,-22.413432222813004,3.1108159683127172,0.0,0.0,0.0,0.21951799999999708,0.0,0.018624021155942777,22.560494922094442,-19.507316574931032,-2.259942771091466,3.746982276227679,-22.498777466175078,-2.583879789278818,0.00015109803502665213,0.0028415878410253557,0.07709625760241061,22.631528181531095,-19.554974180504605,-1.6713298675382238
0,1780392000.1814845,3.743994403665762,-22.413432222813004,3.1108159683127172,0.0,0.0,0.0,0.21951799999999708,0.0,0.0183904887261002,22.560494922094442,-19.507316574931032,-2.259942771091466,3.7469931131986325,-22.498902327329326,-2.5829864472076096,0.00015159726310155175,0.0028327319529271255,0.07700481019445757,22.631642309937504,-19.55503070542802,-1.6704358915235926
0,1780392000.2314844,3.743994403665762,-22.413432222813004,3.1108159683127172,0.0,0.0,0.0,0.21951799999999708,0.0,0.018408969720315138,22.560494922094442,-19.507316574931032,-2.259942771091466,3.7470038076921517,-22.49902561040673,-2.5821056085488725,0.00015238359065438838,0.0028183618331927116,0.07686958763115803,22.631755006378533,-19.555086502395323,-1.6695544259343107
0,1780392000.2814844,3.743994403665762,-22.413432222813004,3.1108159683127172,0.0,0.0,0.0,0.21951799999999708,0.0,0.018747073130142487,22.560494922094442,-19.507316574931032,-2.259942771091466,3.747014532179966,-22.499148986128752,-2.581223802041401,0.00015291874897357583,0.002807688498653708,0.07677738750962151,22.63186783688842,-19.555142277411047,-1.6686719894193942
0,1780392000.3314843,3.743994403665762,-22.413432222813004,3.1108159683127172,0.0,0.0,0.0,0.21951799999999708,0.0,0.018972855771244666,22.560494922094442,-19.507316574931032,-2.259942771091466,3.747025508071387,-22.49927455016425,-2.580323907971896,0.0001526901398277214,0.00280963700236432,0.07680785280228634,22.631982774473563,-19.55519890486128,-1.667771449206581
0,1780392000.3814843,3.743994403665762,-22.413432222813004,3.1108159683127172,0.0,0.0,0.0,0.21951799999999708,0.0,0.01894036146645444,22.560494922094442,-19.507316574931032,-2.259942771091466,3.747036660270867,-22.499401534997794,-2.579411917378947,0.0001520948318635847,0.002817866650408228,0.07689344247275823,22.632099106304615,-19.555256051885607,-1.6668588006746248
0,1780392000.4314842,3.743994403665762,-22.413432222813004,3.1108159683127172,0.0,0.0,0.0,0.21951799999999708,0.0,0.018739906163259774,22.560494922094442,-19.507316574931032,-2.259942771091466,3.747047810702305,-22.499528225711185,-2.578501672149784,0.0001516824633317419,0.002823531671740367,0.07694742910530876,22.632215222685545,-19.55531299669339,-1.6659478961832537
0,1780392000.4814842,3.743994403665762,-22.413432222813004,3.1108159683127172,0.0,0.0,0.0,0.21951799999999708,0.0,0.01844577762729551,22.560494922094442,-19.507316574931032,-2.259942771091466,3.7470588422719278,-22.499653524900157,-2.5776021672773264,0.0001517133102611568,0.002822042130974633,0.07693020861623744,22.63233008825386,-19.555369284243056,-1.6650477376715642
0,1780392000.5314841,3.743994403665762,-22.413432222813004,3.1108159683127172,0.0,0.0,0.0,0.21951799999999708,0.0,0.018241739531922933,22.560494922094442,-19.507316574931032,-2.259942771091466,3.7470696888309694,-22.499776835857016,-2.5767184083787598,0.00015225162612937985,0.002811730474934301,0.07683217838292297,22.632443135762756,-19.555424672636146,-1.66416333473378
0,1780392000.581484,3.743994403665762,-22.413432222813004,3.1108159683127172,0.0,0.0,0.0,0.21951799999999708,0.0,0.01814015950692235,22.560494922094442,-19.507316574931032,-2.259942771091466,3.7470804115396708,-22.4998987706808,-2.5758455760037853,0.00015300439036821,0.002797143092345941,0.07670086973343178,22.632554936025684,-19.555479424321167,-1.6632898643458733
0,1780392000.631484,3.743994403665762,-22.413432222813004,3.1108159683127172,0.0,0.0,0.0,0.21951799999999708,0.0,0.018259652401556522,22.560494922094442,-19.507316574931032,-2.259942771091466,3.747091080819713,-22.500020010760572,-2.5749781958112066,0.00015372361997600947,0.0027824696556817585,0.07657592729327534,22.632666128370044,-19.55553382641505,-1.6624218480092865
0,1780392000.681484,3.743994403665762,-22.413432222813004,3.1108159683127172,0.0,0.0,0.0,0.21951799999999708,0.0,0.018582916750085398,22.560494922094442,-19.507316574931032,-2.259942771091466,3.747101850488108,-22.500142005059587,-2.5741044430977604,0.00015401158600080798,0.0027747206211596294,0.07652078947423517,22.63277807947854,-19.555588480202783,-1.6615474518409183
0,1780392000.731484,3.743994403665762,-22.413432222813004,3.1108159683127172,0.0,0.0,0.0,0.21951799999999708,0.0,0.01887434371693282,22.560494922094442,-19.507316574931032,-2.259942771091466,3.7471128642549827,-22.50026607425009,-2.5732133888053537,0.00015361429330196675,0.002778401359969872,0.07657310751508146,22.632892041080826,-19.55564392590277,-1.660655738132259
0,1780392000.781484,3.743994403665762,-22.413432222813004,3.1108159683127172,0.0,0.0,0.0,0.21951799999999708,0.0,0.019036028321780037,22.560494922094442,-19.507316574931032,-2.259942771091466,3.747124102296371,-22.50039198349317,-2.5723067154690047,0.00015276423316828714,0.002789868751098015,0.07669251325326266,22.633007800165434,-19.55570005507908,-1.659748390516447
0,1780392000.8314838,3.743994403665762,-22.413432222813004,3.1108159683127172,0.0,0.0,0.0,0.21951799999999708,0.0,0.01923303243322266,22.560494922094442,-19.507316574931032,-2.259942771091466,3.747135475100747,-22.500518862949935,-2.571391376021291,0.00015180323933492235,0.002803769327155782,0.07682508754067209,22.633124540902937,-19.55575650080043,-1.6588323672274274
0,1780392000.8814838,3.743994403665762,-22.413432222813004,3.1108159683127172,0.0,0.0,0.0,0.21951799999999708,0.0,0.019509428686346784,22.560494922094442,-19.507316574931032,-2.259942771091466,3.747147008109344,-22.500646937310904,-2.5704654744845756,0.00015070183455059082,0.0028206077386301927,0.07697689524172094,22.633242478458577,-19.555813352124407,-1.6579057706999822
0,1780392000.9314837,3.743994403665762,-22.413432222813004,3.1108159683127172,0.0,0.0,0.0,0.21951799999999708,0.0,0.019677139690995334,22.560494922094442,-19.507316574931032,-2.259942771091466,3.7471587581069614,-22.5007767183214,-2.56952474773897,0.00014936203036685974,0.002841983935753811,0.0771639960747447,22.633362100535614,-19.555870814921825,-1.6569643343172777
0,1780392000.9814837,3.743994403665762,-22.413432222813004,3.1108159683127172,0.0,0.0,0.0,0.21951799999999708,0.0,0.019574272887615304,22.560494922094442,-19.507316574931032,-2.259942771091466,3.747170649275343,-22.50090748202225,-2.5685750318002323,0.00014803655849003128,0.0028640409914813367,0.07734839759879504,22.63348272601922,-19.555928586524356,-1.6560138986017732
0,1780392001.0314837,3.743994403665762,-22.413432222813004,3.1108159683127172,0.0,0.0,0.0,0.21951799999999708,0.0,0.019190776170069087,22.560494922094442,-19.507316574931032,-2.259942771091466,3.7471824901944424,-22.50103745701406,-2.567630849032342,0.00014720575747494255,0.0028791121747236297,0.0774582928673463,22.633602677271245,-19.555985940677626,-1.6550689974856558
0,1780392001.0814836,3.743994403665762,-22.413432222813004,3.1108159683127172,0.0,0.0,0.0,0.21951799999999708,0.0,0.018722467913438783,22.560494922094442,-19.507316574931032,-2.259942771091466,3.747194081264785,-22.50116483104278,-2.5667072215013733,0.00014727027655670968,0.0028799338805589082,0.0774323909746983,22.633720231043227,-19.556042143325875,-1.6541446652048686
0,1780392001.1314836,3.743994403665762,-22.413432222813004,3.1108159683127172,0.0,0.0,0.0,0.21951799999999708,0.0,0.018133524503460473,22.560494922094442,-19.507316574931032,-2.259942771091466,3.7472053607838514,-22.50128908992417,-2.5658086532076276,0.00014818352179756067,0.002865939296117473,0.07727672410045501,22.633834889645566,-19.556096997526744,-1.6532454096231546
0,1780392001.1814835,3.743994403665762,-22.413432222813004,3.1108159683127172,0.0,0.0,0.0,0.21951799999999708,0.0,0.017672632582578104,22.560494922094442,-19.507316574931032,-2.259942771091466,3.7472162419556816,-22.501409486088505,-2.5649415662812403,0.0001499556546236424,0.002835594385089614,0.07698540421442557,22.633945933899327,-19.55615021124438,-1.652377658296872
0,1780392001.2314835,3.743994403665762,-22.413432222813004,3.1108159683127172,0.0,0.0,0.0,0.21951799999999708,0.0,0.017667769284388724,22.560494922094442,-19.507316574931032,-2.259942771091466,3.7472268129485293,-22.50152688884014,-2.5640991313575694,0.00015210860450879735,0.002796501850899322,0.07663398762672853,22.634054177689436,-19.55620215305005,-1.6515345766109855
0,1780392001.2814834,3.743994403665762,-22.413432222813004,3.1108159683127172,0.0,0.0,0.0,0.21951799999999708,0.0,0.018045734861205382,22.560494922094442,-19.507316574931032,-2.259942771091466,3.747237393758783,-22.501644278231954,-2.5632570421681278,0.0001536706808384994,0.002766444004576342,0.07638385264580808,22.634162442948092,-19.556254045226154,-1.6506918387739844
0,1780392001.3314834,3.743994403665762,-22.413432222813004,3.1108159683127172,0.0,0.0,0.0,0.21951799999999708,0.0,0.018558852697719463,22.560494922094442,-19.507316574931032,-2.259942771091466,3.747248256924219,-22.501764126673294,-2.5623948031014083,0.0001541003067825518,0.002755404531692973,0.07631870822014714,22.634273082984983,-19.556306886210905,-1.6498289324129716
0,1780392001.3814833,3.743994403665762,-22.413432222813004,3.1108159683127172,0.0,0.0,0.0,0.21951799999999708,0.0,0.019070649424146473,22.560494922094442,-19.507316574931032,-2.259942771091466,3.747259502789977,-22.501887276342597,-2.561505095676485,0.00015346677150814085,0.002762178493773062,0.07641764901984109,22.63438691198438,-19.556360999838613,-1.648938532758299
0,1780392001.4314833,3.743994403665762,-22.413432222813004,3.1108159683127172,0.0,0.0,0.0,0.21951799999999708,0.0,0.019550836360685928,22.560494922094442,-19.507316574931032,-2.259942771091466,3.7472711346909047,-22.502013678675997,-2.5605879365490827,0.00015205100329607286,0.002782157101701127,0.07662971586920113,22.63450389845195,-19.556416347445293,-1.6480206561115285
0,1780392001.4814832,3.743994403665762,-22.413432222813004,3.1108159683127172,0.0,0.0,0.0,0.21951799999999708,0.0,0.019703725803056644,22.560494922094442,-19.507316574931032,-2.259942771091466,3.7472831332804435,-22.5021430942767,-2.5596450016626884,0.00015010439824526123,0.0028114575941463327,0.07691382312298423,22.634623826826516,-19.556472816440635,-1.6470769794588533
0,1780392001.5314832,3.743994403665762,-22.413432222813004,3.1108159683127172,0.0,0.0,0.0,0.21951799999999708,0.0,0.019453423531671066,22.560494922094442,-19.507316574931032,-2.259942771091466,3.7472952652982485,-22.502273366486012,-2.5586938850095162,0.00014831734947083446,0.002839714357232751,0.07716722962204156,22.634744651247342,-19.556529526961747,-1.6461251111102375
0,1780392001.5814831,3.743994403665762,-22.413432222813004,3.1108159683127172,0.0,0.0,0.0,0.21951799999999708,0.0,0.018909196594728398,22.560494922094442,-19.507316574931032,-2.259942771091466,3.7473072405312267,-22.50240187778959,-2.5577562308154973,0.00014737034800461243,0.0028560114097687713,0.07729072142723638,22.634863875933704,-19.55658542760814,-1.6451867132779507
0,1780392001.631483,3.743994403665762,-22.413432222813004,3.1108159683127172,0.0,0.0,0.0,0.21951799999999708,0.0,0.018282576528837215,22.560494922094442,-19.507316574931032,-2.259942771091466,3.747318846480992,-22.50252675767484,-2.556847739657259,0.00014762426058431046,0.002852984705085446,0.07722920495139224,22.634979708035132,-19.55663977910325,-1.6442774998421958
0,1780392001.681483,3.743994403665762,-22.413432222813004,3.1108159683127172,0.0,0.0,0.0,0.21951799999999708,0.0,0.017849372141440435,22.560494922094442,-19.507316574931032,-2.259942771091466,3.7473300222125947,-22.502647526134385,-2.5559727563691004,0.00014896192975192822,0.0028305386331871525,0.07699820363962266,22.63509167614592,-19.55669240638749,-1.6434018195889708
0,1780392001.731483,3.743994403665762,-22.413432222813004,3.1108159683127172,0.0,0.0,0.0,0.21951799999999708,0.0,0.017598957727640967,22.560494922094442,-19.507316574931032,-2.259942771091466,3.747340903775553,-22.502765479944408,-2.5551209422046512,0.0001507444373242332,0.0027986607569748406,0.07669950835735025,22.635201004205847,-19.556743846550035,-1.6425493254272698
0,1780392001.781483,3.743994403665762,-22.413432222813004,3.1108159683127172,0.0,0.0,0.0,0.21951799999999708,0.0,0.01755675261835516,22.560494922094442,-19.507316574931032,-2.259942771091466,3.747351620465709,-22.502881820273583,-2.554282556596929,0.00015249718688310868,0.0027656708114264074,0.07640931990957177,22.635308831559584,-19.556794589783955,-1.6417102687966736
0,1780392001.831483,3.743994403665762,-22.413432222813004,3.1108159683127172,0.0,0.0,0.0,0.21951799999999708,0.0,0.01801394635086338,22.560494922094442,-19.507316574931032,-2.259942771091466,3.7473623210550633,-22.502997894564814,-2.5534464883647465,0.00015382917338841506,0.0027388673190029476,0.07619004347618102,22.635416442919272,-19.556845177411017,-1.6408735292342258
0,1780392001.8814828,3.743994403665762,-22.413432222813004,3.1108159683127172,0.0,0.0,0.0,0.21951799999999708,0.0,0.018724589372820427,22.560494922094442,-19.507316574931032,-2.259942771091466,3.7473733655457506,-22.50311691819444,-2.552586016576686,0.00015394249508590723,0.002732629725126547,0.07616879179270107,22.635526913884767,-19.556896888348298,-1.6400123631617247
0,1780392001.9314828,3.743994403665762,-22.413432222813004,3.1108159683127172,0.0,0.0,0.0,0.21951799999999708,0.0,0.019335386861012303,22.560494922094442,-19.507316574931032,-2.259942771091466,3.7473849420338072,-22.503240489849738,-2.5516874633428284,0.00015272544927240794,0.0027485206811108114,0.07635144574891277,22.635641789296507,-19.556950338231612,-1.6391130806975243
0,1780392001.9814827,3.743994403665762,-22.413432222813004,3.1108159683127172,0.0,0.0,0.0,0.21951799999999708,0.0,0.019653804788614514,22.560494922094442,-19.507316574931032,-2.259942771091466,3.747396983730497,-22.503367911766144,-2.55075612022713,0.000150696827304773,0.0027780629434984512,0.07664815389780885,22.63576042113597,-19.557005224414702,-1.638180977414344
0,1780392002.0314827,3.743994403665762,-22.413432222813004,3.1108159683127172,0.0,0.0,0.0,0.21951799999999708,0.0,0.019575838981426757,22.560494922094442,-19.507316574931032,-2.259942771091466,3.747409280808058,-22.50349725389386,-2.5498076984122853,0.00014855141175740922,0.0028108385451431623,0.0769532305437451,22.6358809739274,-19.557060765415372,-1.6372317775923142
0,1780392002.0814826,3.743994403665762,-22.413432222813004,3.1108159683127172,0.0,0.0,0.0,0.21951799999999708,0.0,0.019336436952072652,22.560494922094442,-19.507316574931032,-2.259942771091466,3.7474215445885,-22.50362594325797,-2.5488635050537374,0.00014700691566691982,0.0028358809929061616,0.07716312958102045,22.636000984865817,-19.557115940006202,-1.6362868066041931
0,1780392002.1314826,3.743994403665762,-22.413432222813004,3.1108159683127172,0.0,0.0,0.0,0.21951799999999708,0.0,0.018895761844714823,22.560494922094442,-19.507316574931032,-2.259942771091466,3.747433656176193,-22.50375296120018,-2.547932174993402,0.0001462366852654293,0.0028496121832009306,0.07725563150872537,22.63611947105396,-19.557170354037442,-1.6353547068699539
0,1780392002.1814826,3.743994403665762,-22.413432222813004,3.1108159683127172,0.0,0.0,0.0,0.21951799999999708,0.0,0.018267200446942303,22.560494922094442,-19.507316574931032,-2.259942771091466,3.74744546754264,-22.503877043605456,-2.547024454426214,0.0001464435926754246,0.0028474978670308595,0.07719977191777408,22.6362352111215,-19.557223520498447,-1.6344462340855044
0,1780392002.2314825,3.743994403665762,-22.413432222813004,3.1108159683127172,0.0,0.0,0.0,0.21951799999999708,0.0,0.01787644173722982,22.560494922094442,-19.507316574931032,-2.259942771091466,3.7474568405041024,-22.503997025391982,-2.5461503455816117,0.00014774946642050768,0.0028257530438259965,0.0769726069212865,22.636347075644643,-19.55727499536787,-1.6335713994302872
0,1780392002.2814825,3.743994403665762,-22.413432222813004,3.1108159683127172,0.0,0.0,0.0,0.21951799999999708,0.0,0.01786603270788199,22.560494922094442,-19.507316574931032,-2.259942771091466,3.7474679454121307,-22.504114481011158,-2.545297140051032,0.00014943111875438054,0.00279588297956756,0.07668998494468117,22.636456562095752,-19.5573254159224,-1.632717483763131
0,1780392002.3314824,3.743994403665762,-22.413432222813004,3.1108159683127172,0.0,0.0,0.0,0.21951799999999708,0.0,0.01820789453858069,22.560494922094442,-19.507316574931032,-2.259942771091466,3.747479057211638,-22.504231869433315,-2.5444445484616565,0.00015067160558494675,0.0027725232695216765,0.07648536580242397,22.636566025265257,-19.5573757567025,-1.6318641801793985
0,1780392002.3814824,3.743994403665762,-22.413432222813004,3.1108159683127172,0.0,0.0,0.0,0.21951799999999708,0.0,0.01880734838443167,22.560494922094442,-19.507316574931032,-2.259942771091466,3.7474904337463966,-22.504351440566914,-2.5435737147504143,0.00015094449042064138,0.0027652444323541287,0.07643991484771434,22.636677630916555,-19.55742689493504,-1.6309926160421648
0,1780392002.4314823,3.743994403665762,-22.413432222813004,3.1108159683127172,0.0,0.0,0.0,0.21951799999999708,0.0,0.019418061458983733,22.560494922094442,-19.507316574931032,-2.259942771091466,3.7475022672437763,-22.504474817264867,-2.5426707735164764,0.0001500550323944746,0.0027772907165647055,0.07657555252068414,22.63679295232428,-19.557479448983663,-1.630088913466531
0,1780392002.4814823,3.743994403665762,-22.413432222813004,3.1108159683127172,0.0,0.0,0.0,0.21951799999999708,0.0,0.019872578623125886,22.560494922094442,-19.507316574931032,-2.259942771091466,3.747514570827266,-22.50460202745757,-2.5417350575289754,0.0001482889783330067,0.0028039280681766672,0.0768389446014545,22.636912033847263,-19.557533407136983,-1.6291524041883074
0,1780392002.5314822,3.743994403665762,-22.413432222813004,3.1108159683127172,0.0,0.0,0.0,0.21951799999999708,0.0,0.01997329161954324,22.560494922094442,-19.507316574931032,-2.259942771091466,3.747527232780218,-22.504732027651677,-2.540774942704478,0.00014613069400614182,0.0028378181453930272,0.07715367575156559,22.637033884909187,-19.557588344574434,-1.628191471152147
0,1780392002.5814822,3.743994403665762,-22.413432222813004,3.1108159683127172,0.0,0.0,0.0,0.21951799999999708,0.0,0.019656965347638597,22.560494922094442,-19.507316574931032,-2.259942771091466,3.7475399927461632,-22.50486252197957,-2.5398094578136154,0.00014428145328205242,0.002868552832286957,0.07741738507427101,22.6371562997671,-19.557643360639137,-1.6272251598540084
0,1780392002.6314821,3.743994403665762,-22.413432222813004,3.1108159683127172,0.0,0.0,0.0,0.21951799999999708,0.0,0.019093886859870474,22.560494922094442,-19.507316574931032,-2.259942771091466,3.747552541554752,-22.504990843986395,-2.538860982804065,0.00014341834459354126,0.002885131561233122,0.07753175588626514,22.63727670389587,-19.557697425778077,-1.6262758702898426
0,1780392002.681482,3.743994403665762,-22.413432222813004,3.1108159683127172,0.0,0.0,0.0,0.21951799999999708,0.0,0.018672079716826252,22.560494922094442,-19.507316574931032,-2.259942771091466,3.7475646954537845,-22.505115456783336,-2.537942675698796,0.00014379207594570015,0.0028817285164894316,0.077458049342024,22.63739360307144,-19.557749959930057,-1.6253567725404745
0,1780392002.731482,3.743994403665762,-22.413432222813004,3.1108159683127172,0.0,0.0,0.0,0.21951799999999708,0.0,0.018565977045288538,22.560494922094442,-19.507316574931032,-2.259942771091466,3.7475765565001695,-22.505237317366106,-2.5370469328605494,0.00014486529481216442,0.002865690949582074,0.07728012178038757,22.637507906196166,-19.557801352133776,-1.6244602564739172
0,1780392002.781482,3.743994403665762,-22.413432222813004,3.1108159683127172,0.0,0.0,0.0,0.21951799999999708,0.0,0.018507356691771552,22.560494922094442,-19.507316574931032,-2.259942771091466,3.747588355642915,-22.505358471396615,-2.5361568876013023,0.00014587501781430391,0.002849768146046062,0.07712019870556111,22.637621579108544,-19.55785240426809,-1.623569440419383
0,1780392002.831482,3.743994403665762,-22.413432222813004,3.1108159683127172,0.0,0.0,0.0,0.21951799999999708,0.0,0.01827706148662889,22.560494922094442,-19.507316574931032,-2.259942771091466,3.7476001278834845,-22.505479222149475,-2.5352700005348714,0.00014674362885345264,0.0028354504427081247,0.07698744750060955,22.637734914365716,-19.55790323376952,-1.6226817827222328
0,1780392002.881482,3.743994403665762,-22.413432222813004,3.1108159683127172,0.0,0.0,0.0,0.21951799999999708,0.0,0.01814146384897115,22.560494922094442,-19.507316574931032,-2.259942771091466,3.747611746552034,-22.505598471410664,-2.5343954432071834,0.00014781432736669936,0.0028168283238659405,0.07682288324459517,22.637846851035313,-19.557953417356952,-1.62180646325687
0,1780392002.9314818,3.743994403665762,-22.413432222813004,3.1108159683127172,0.0,0.0,0.0,0.21951799999999708,0.0,0.018475075314349453,22.560494922094442,-19.507316574931032,-2.259942771091466,3.7476232809669043,-22.5057168328828,-2.5335281601105106,0.00014885222220047267,0.0027979059649972608,0.07666384007680761,22.637957978954702,-19.558003195489555,-1.6209384220162435
0,1780392002.9814818,3.743994403665762,-22.413432222813004,3.1108159683127172,0.0,0.0,0.0,0.21951799999999708,0.0,0.019037208487110085,22.560494922094442,-19.507316574931032,-2.259942771091466,3.7476350788052284,-22.505837298644558,-2.5326430596249625,0.0001490077097362533,0.002793591681162059,0.07664716629987652,22.638071192918726,-19.558053715845343,-1.6200525444920943
0,1780392003.0314817,3.743994403665762,-22.413432222813004,3.1108159683127172,0.0,0.0,0.0,0.21951799999999708,0.0,0.019509361552722822,22.560494922094442,-19.507316574931032,-2.259942771091466,3.7476473134185313,-22.505961295483804,-2.5317278434839006,0.0001481117386335358,0.00280672591317607,0.07679221452757731,22.638187886850282,-19.558105508204992,-1.6191365208574133
0,1780392003.0814817,3.743994403665762,-22.413432222813004,3.1108159683127172,0.0,0.0,0.0,0.21951799999999708,0.0,0.019814705022838438,22.560494922094442,-19.507316574931032,-2.259942771091466,3.747659921613476,-22.506088207483465,-2.5307872956895756,0.0001465926706953017,0.0028304956392536055,0.07702615547858363,22.638307479781247,-19.558158317016268,-1.6181951391148184
0,1780392003.1314816,3.743994403665762,-22.413432222813004,3.1108159683127172,0.0,0.0,0.0,0.21951799999999708,0.0,0.019833631018695584,22.560494922094442,-19.507316574931032,-2.259942771091466,3.7476727806886654,-22.506216941371086,-2.5298303696572066,0.00014489264666104,0.0028582193517577895,0.07728120735999552,22.638428921907916,-19.5582117126821,-1.6172373606602657
0,1780392003.1814816,3.743994403665762,-22.413432222813004,3.1108159683127172,0.0,0.0,0.0,0.21951799999999708,0.0,0.019378440117619907,22.560494922094442,-19.507316574931032,-2.259942771091466,3.74768567628718,-22.50634565941725,-2.528872453675977,0.0001435576122772989,0.002881531279874088,0.07747772510548684,22.638550433536167,-19.558264992520755,-1.6162785879292692
0,1780392003.2314816,3.743994403665762,-22.413432222813004,3.1108159683127172,0.0,0.0,0.0,0.21951799999999708,0.0,0.018278792244477836,22.560494922094442,-19.507316574931032,-2.259942771091466,3.747698251942302,-22.506471357787365,-2.527938959856684,0.000143359283770567,0.002887480623367583,0.07749979051135492,22.638669093384905,-19.558317023895714,-1.615344256777701
0,1780392003.2814815,3.743994403665762,-22.413432222813004,3.1108159683127172,0.0,0.0,0.0,0.21951799999999708,0.0,0.017189363158171347,22.560494922094442,-19.507316574931032,-2.259942771091466,3.747710024920885,-22.50658999949712,-2.527064248282695,0.0001452449669500993,0.002857022168057497,0.0771892043363495,22.638780966693226,-19.558366295895212,-1.6144687596710412
0,1780392003.3314815,3.743994403665762,-22.413432222813004,3.1108159683127172,0.0,0.0,0.0,0.21951799999999708,0.0,0.016874336041221023,22.560494922094442,-19.507316574931032,-2.259942771091466,3.747721001733367,-22.50670174536366,-2.5262476414438755,0.00014868643648604238,0.0027949585107412125,0.07661774526580552,22.63888618616461,-19.558412899807998,-1.6136514189889666
0,1780392003.3814814,3.743994403665762,-22.413432222813004,3.1108159683127172,0.0,0.0,0.0,0.21951799999999708,0.0,0.017416528346511095,22.560494922094442,-19.507316574931032,-2.259942771091466,3.7477317540794473,-22.5068115540671,-2.5254479951579425,0.0001517405218940807,0.002737100103246995,0.07611720062995715,22.638989547790615,-19.558458739528753,-1.6128510525250908
0,1780392003.4314814,3.743994403665762,-22.413432222813004,3.1108159683127172,0.0,0.0,0.0,0.21951799999999708,0.0,0.018372951941244837,22.560494922094442,-19.507316574931032,-2.259942771091466,3.7477429213618327,-22.506924845028387,-2.5246195880972904,0.00015291160284869947,0.0027121447784015113,0.07593815236528201,22.639096320094946,-19.558505861047372,-1.612021896089492
0,1780392003.4814813,3.743994403665762,-22.413432222813004,3.1108159683127172,0.0,0.0,0.0,0.21951799999999708,0.0,0.019181664550145403,22.560494922094442,-19.507316574931032,-2.259942771091466,3.747754822547307,-22.507044191575346,-2.523740019406557,0.00015202491349888814,0.002721926220085555,0.07608492819266688,22.639209031710124,-19.55855520100268,-1.6111415271996639
0,1780392003.5314813,3.743994403665762,-22.413432222813004,3.1108159683127172,0.0,0.0,0.0,0.21951799999999708,0.0,0.01969983477356998,22.560494922094442,-19.507316574931032,-2.259942771091466,3.747767355286272,-22.507168582911735,-2.5228170398502057,0.00014990417533003038,0.002751981517894094,0.07640768126231083,22.639326729502535,-19.558606339607564,-1.6102177032226965
0,1780392003.5814812,3.743994403665762,-22.413432222813004,3.1108159683127172,0.0,0.0,0.0,0.21951799999999708,0.0,0.019564221552062343,22.560494922094442,-19.507316574931032,-2.259942771091466,3.7477803041114477,-22.507296119256477,-2.5218662393519833,0.00014734382371940353,0.00279020775012605,0.07678183048368029,22.639447581989966,-19.558658539716333,-1.6092660283751044
0,1780392003.6314812,3.743994403665762,-22.413432222813004,3.1108159683127172,0.0,0.0,0.0,0.21951799999999708,0.0,0.01894318930860528,22.560494922094442,-19.507316574931032,-2.259942771091466,3.7477931732452103,-22.507422626413536,-2.5209227888481403,0.00014555775896206875,0.002818610812307274,0.07703106575936375,22.63956752382719,-19.558710234989164,-1.6083217069956994
0,1780392003.6814811,3.743994403665762,-22.413432222813004,3.1108159683127172,0.0,0.0,0.0,0.21951799999999708,0.0,0.018145988925537013,22.560494922094442,-19.507316574931032,-2.259942771091466,3.7478055932136343,-22.50754506392256,-2.5200126708586406,0.00014526620043414795,0.0028242573569388332,0.07704897745459846,22.6396835778593,-19.55876030518652,-1.6074107467234386
0,1780392003.731481,3.743994403665762,-22.413432222813004,3.1108159683127172,0.0,0.0,0.0,0.21951799999999708,0.0,0.017758935257628276,22.560494922094442,-19.507316574931032,-2.259942771091466,3.7478174294472333,-22.507662388646253,-2.5191451896479755,0.0001464895519391865,0.0028036590248749255,0.07682818122263309,22.639794707854584,-19.55880838513378,-1.606542461169009
0,1780392003.781481,3.743994403665762,-22.413432222813004,3.1108159683127172,0.0,0.0,0.0,0.21951799999999708,0.0,0.018024507881202165,22.560494922094442,-19.507316574931032,-2.259942771091466,3.7478289890652614,-22.507777252222354,-2.5182984107527098,0.00014809772086885002,0.0027748210045752627,0.07655135167063779,22.63990348429036,-19.558855485377304,-1.6056948951752426
0,1780392003.831481,3.743994403665762,-22.413432222813004,3.1108159683127172,0.0,0.0,0.0,0.21951799999999708,0.0,0.018770428785817573,22.560494922094442,-19.507316574931032,-2.259942771091466,3.747840763921156,-22.507893785756163,-2.517437498363597,0.0001487782511019101,0.0027612339274996145,0.07643386290031062,22.64001393708038,-19.55890314762629,-1.6048331794548099
0,1780392003.881481,3.743994403665762,-22.413432222813004,3.1108159683127172,0.0,0.0,0.0,0.21951799999999708,0.0,0.019636442461359715,22.560494922094442,-19.507316574931032,-2.259942771091466,3.747853122249106,-22.508014990463185,-2.516536658948945,0.00014793157047969773,0.0027730128285032426,0.0765608189721782,22.640129013889595,-19.558952466094887,-1.6039314951898525
0,1780392003.931481,3.743994403665762,-22.413432222813004,3.1108159683127172,0.0,0.0,0.0,0.21951799999999708,0.0,0.02006471450933114,22.560494922094442,-19.507316574931032,-2.259942771091466,3.7478661626105785,-22.508141569110787,-2.515589326211287,0.00014576649625339143,0.0028060872338060063,0.07688319201431021,22.640249427469985,-19.55900366786858,-1.602983269074922
0,1780392003.9814808,3.743994403665762,-22.413432222813004,3.1108159683127172,0.0,0.0,0.0,0.21951799999999708,0.0,0.019631523145726006,22.560494922094442,-19.507316574931032,-2.259942771091466,3.747879554339942,-22.5082706985195,-2.5146190088394733,0.00014334712830190932,0.0028444927901781175,0.07723481278429124,22.640372433413482,-19.55905568690914,-1.6020120322222116
0,1780392004.0314808,3.743994403665762,-22.413432222813004,3.1108159683127172,0.0,0.0,0.0,0.21951799999999708,0.0,0.018645811061036712,22.560494922094442,-19.507316574931032,-2.259942771091466,3.7478926366442997,-22.508396927226034,-2.513672014238597,0.00014221671949606496,0.0028648902001128453,0.07738873404155742,22.640492690308143,-19.55910651913486,-1.6010641373975765
0,1780392004.0814807,3.743994403665762,-22.413432222813004,3.1108159683127172,0.0,0.0,0.0,0.21951799999999708,0.0,0.017899374550445747,22.560494922094442,-19.507316574931032,-2.259942771091466,3.7479049860101594,-22.508516840337148,-2.51277780454258,0.000143139986912286,0.002851633563796037,0.07722272695300816,22.640606833097948,-19.559154933864342,-1.6001690761101832
0,1780392004.1314807,3.743994403665762,-22.413432222813004,3.1108159683127172,0.0,0.0,0.0,0.21951799999999708,0.0,0.01805434414005655,22.560494922094442,-19.507316574931032,-2.259942771091466,3.747916783187603,-22.508632033741975,-2.5119234668604937,0.00014521895496429342,0.0028164326552619387,0.07687434701763739,22.640716402677036,-19.559201547246936,-1.59931392327952
0,1780392004.1814806,3.743994403665762,-22.413432222813004,3.1108159683127172,0.0,0.0,0.0,0.21951799999999708,0.0,0.01902405896280474,22.560494922094442,-19.507316574931032,-2.259942771091466,3.7479287119050713,-22.508748206312543,-2.511060935135597,0.00014645887737307895,0.00279467237801103,0.07667466863027611,22.640826974947377,-19.559248464559868,-1.5984505656924277
0,1780392004.2314806,3.743994403665762,-22.413432222813004,3.1108159683127172,0.0,0.0,0.0,0.21951799999999708,0.0,0.02034307742742549,22.560494922094442,-19.507316574931032,-2.259942771091466,3.74794139935231,-22.508870448756795,-2.510146526841337,0.00014563444119069412,0.0028072371539427767,0.07680894674716596,22.640943561273804,-19.559297526952136,-1.5975352772139706
0,1780392004.2814806,3.743994403665762,-22.413432222813004,3.1108159683127172,0.0,0.0,0.0,0.21951799999999708,0.0,0.0212735182845781,22.560494922094442,-19.507316574931032,-2.259942771091466,3.7479551260201016,-22.509000888291457,-2.509161239442198,0.00014274343220104505,0.0028519134421066982,0.07724688024364294,22.64106828947424,-19.55934946010494,-1.5965490354540237
0,1780392004.3314805,3.743994403665762,-22.413432222813004,3.1108159683127172,0.0,0.0,0.0,0.21951799999999708,0.0,0.021509460498963684,22.560494922094442,-19.507316574931032,-2.259942771091466,3.747969600407821,-22.50913699253827,-2.508125895903464,0.00013894968479822805,0.0029110004926487677,0.07779999316527053,22.64119870461012,-19.559403299017568,-1.5955126832253406
0,1780392004.3814805,3.743994403665762,-22.413432222813004,3.1108159683127172,0.0,0.0,0.0,0.21951799999999708,0.0,0.02112633417720443,22.560494922094442,-19.507316574931032,-2.259942771091466,3.7479842844377256,-22.509274342216653,-2.5070779849368665,0.00013557400120885118,0.002967037022387182,0.07828426361189,22.641330468386943,-19.559457429711586,-1.5944637465014928
0,1780392004.4314804,3.743994403665762,-22.413432222813004,3.1108159683127172,0.0,0.0,0.0,0.21951799999999708,0.0,0.020366864515228098,22.560494922094442,-19.507316574931032,-2.259942771091466,3.7479986948815256,-22.509409063093244,-2.506050815614237,0.00013360711508915337,0.00300532711672676,0.07856571258541999,22.641459755283925,-19.559510466096633,-1.5934355681263601
0,1780392004.4814804,3.743994403665762,-22.413432222813004,3.1108159683127172,0.0,0.0,0.0,0.21951799999999708,0.0,0.01997191708753317,22.560494922094442,-19.507316574931032,-2.259942771091466,3.748012538170387,-22.509538865225764,-2.505064437170759,0.0001335037209567073,0.0030158618624760657,0.07857645618509249,22.641584288235173,-19.559561609487655,-1.592448218098713
0,1780392004.5314803,3.743994403665762,-22.413432222813004,3.1108159683127172,0.0,0.0,0.0,0.21951799999999708,0.0,0.020541334426666207,22.560494922094442,-19.507316574931032,-2.259942771091466,3.7480260947384916,-22.509666109718445,-2.5040992024694444,0.00013423860730144994,0.003012291839450635,0.07847216592600764,22.641706374837028,-19.559611735431126,-1.5914820298043661
0,1780392004.5814803,3.743994403665762,-22.413432222813004,3.1108159683127172,0.0,0.0,0.0,0.21951799999999708,0.0,0.021801294572224766,22.560494922094442,-19.507316574931032,-2.259942771091466,3.7480401108729193,-22.50979684929536,-2.503103478679556,0.00013386119175921063,0.003026368708516385,0.07855635957297198,22.641831983320387,-19.559663020259055,-1.5904853178763334
0,1780392004.6314802,3.743994403665762,-22.413432222813004,3.1108159683127172,0.0,0.0,0.0,0.21951799999999708,0.0,0.022889380911867627,22.560494922094442,-19.507316574931032,-2.259942771091466,3.748055131616722,-22.509935359599755,-2.5020400637493094,0.00013149062888690336,0.0030708306939157552,0.07894338444363617,22.641965363613895,-19.55971695738457,-1.5894208414792819
0,1780392004.6814802,3.743994403665762,-22.413432222813004,3.1108159683127172,0.0,0.0,0.0,0.21951799999999708,0.0,0.023233877292407216,22.560494922094442,-19.507316574931032,-2.259942771091466,3.7480710324989674,-22.510080485194138,-2.500918080688631,0.00012794107058447345,0.0031329720203695103,0.0794934567641057,22.64210541110934,-19.55977308646474,-1.5882977319329101
0,1780392004.7314801,3.743994403665762,-22.413432222813004,3.1108159683127172,0.0,0.0,0.0,0.21951799999999708,0.0,0.022763870249184675,22.560494922094442,-19.507316574931032,-2.259942771091466,3.7480872313162372,-22.510227515900088,-2.4997776727050143,0.0001246746865718536,0.0031939051870321657,0.08000075870613318,22.642247479892596,-19.55982971581822,-1.5871561733718116
0,1780392004.78148,3.743994403665762,-22.413432222813004,3.1108159683127172,0.0,0.0,0.0,0.21951799999999708,0.0,0.022092158544988926,22.560494922094442,-19.507316574931032,-2.259942771091466,3.748103084621167,-22.510371375476332,-2.49866270809912,0.00012302971738700717,0.00323478141646953,0.08028353546215505,22.642386531026048,-19.559885063632095,-1.5860400798128365
0,1780392004.83148,3.743994403665762,-22.413432222813004,3.1108159683127172,0.0,0.0,0.0,0.21951799999999708,0.0,0.021404067241548624,22.560494922094442,-19.507316574931032,-2.259942771091466,3.7481184324610926,-22.510510885149106,-2.4975838400218326,0.0001231341675571624,0.003250315243652754,0.08032242966383686,22.642521374085526,-19.55993874242275,-1.584960116029035
0,1780392004.88148,3.743994403665762,-22.413432222813004,3.1108159683127172,0.0,0.0,0.0,0.21951799999999708,0.0,0.021126983648318328,22.560494922094442,-19.507316574931032,-2.259942771091466,3.748133260614058,-22.510646023516497,-2.4965418037062674,0.00012469131518438355,0.0032419303438386885,0.08015590124443227,22.642651965716052,-19.55999077328126,-1.5839170185397167
0,1780392004.93148,3.743994403665762,-22.413432222813004,3.1108159683127172,0.0,0.0,0.0,0.21951799999999708,0.0,0.02137327576939265,22.560494922094442,-19.507316574931032,-2.259942771091466,3.7481478886581185,-22.510779397421516,-2.495514597186164,0.00012658488747609902,0.00322654417376053,0.07995334859183773,22.64278087606214,-19.560042093923837,-1.5828887626932053
0,1780392004.98148,3.743994403665762,-22.413432222813004,3.110816091106056,0.0,0.0,0.0,0.21951799999999708,0.0,0.021911549324525288,22.560494922094442,-19.507316574931032,-2.2599426482981277,3.7481627260799812,-22.51091426149842,-2.494474251258126,0.00012774093392843518,0.0032222487354090674,0.0798791446239514,22.642911334885156,-19.56009384798843,-1.5818473499096761
0,1780392005.0314798,3.743994403665762,-22.413432222813004,3.1108170849267442,0.0,0.0,0.0,0.21951799999999708,0.0,0.02228486073528558,22.560494922094442,-19.507316574931032,-2.259941654477439,3.748178005303228,-22.51105239939099,-2.493405082248039,0.00012782740337251102,0.0032347106313253627,0.07997562096161313,22.64304512784915,-19.56014664197659,-1.5807770796358023
0,1780392005.0814798,3.743994403665762,-22.413432222813004,3.110819510395279,0.0,0.0,0.0,0.21951799999999708,0.0,0.02212940499580761,22.560494922094442,-19.507316574931032,-2.2599392290089044,3.7481935996308517,-22.511192749199424,-2.4923158917836177,0.0001274210828447746,0.0032552063450893604,0.08014762642517526,22.643181214374483,-19.560200085666636,-1.579686762432492
0,1780392005.1314797,3.743994403665762,-22.413432222813004,3.1108225965678677,0.0,0.0,0.0,0.21951799999999708,0.0,0.021637308320116903,22.560494922094442,-19.507316574931032,-2.259936142836316,3.748209091613052,-22.511332017577995,-2.4912350473000395,0.0001275884640886417,0.0032675402863756977,0.08023411547863446,22.643316319157645,-19.560253031038556,-1.5786047958403493
0,1780392005.1814797,3.743994403665762,-22.413432222813004,3.110822403825813,0.0,0.0,0.0,0.21951799999999708,0.0,0.021254841438464275,22.560494922094442,-19.507316574931032,-2.25993633557837,3.7482242140255018,-22.511468149450778,-2.4901805555062353,0.00012882522630059675,0.0032628364872616823,0.08015969285636057,22.64344838468798,-19.560304779433963,-1.5775492060489575
0,1780392005.2314796,3.743994403665762,-22.413432222813004,3.110809701651602,0.0,0.0,0.0,0.21951799999999708,0.0,0.021096528415714008,22.560494922094442,-19.507316574931032,-2.2599490377525813,3.7482390519175377,-22.511601865942733,-2.4891465234984063,0.00013067634348143704,0.0032471265007769103,0.0799935744452515,22.64357811615541,-19.560355597731558,-1.5765140941499727
0,1780392005.2814796,3.743994403665762,-22.413432222813004,3.110771700635823,0.0,0.0,0.0,0.21951799999999708,0.0,0.021117937916659925,22.560494922094442,-19.507316574931032,-2.2599870387683607,3.748253781107821,-22.511734573302068,-2.488120979027129,0.0001325543062374623,0.0032297832686438233,0.07982664158762806,22.64370690841708,-19.560405980900075,-1.5754874751988883
0,1780392005.3314795,3.743994403665762,-22.413432222813004,3.1106977788862165,0.0,0.0,0.0,0.21951799999999708,0.0,0.021317937477954043,22.560494922094442,-19.507316574931032,-2.2600609605179667,3.7482685435961343,-22.511867381213264,-2.4870943193115815,0.00013410432176953833,0.0032168994154602617,0.07971254109084683,22.643835868597233,-19.560456311207346,-1.5744597360753265
0,1780392005.3814795,3.743994403665762,-22.413432222813004,3.110581669215614,0.0,0.0,0.0,0.21951799999999708,0.0,0.02158292685728411,22.560494922094442,-19.507316574931032,-2.2601770701885693,3.7482834818552386,-22.512001378488232,-2.4860569797280996,0.00013507546566060235,0.0032129303319715675,0.07968772602432757,22.64396608940741,-19.560506955435482,-1.5734213016849363
0,1780392005.4314795,3.743994403665762,-22.413432222813004,3.1104212239574656,0.0,0.0,0.0,0.21951799999999708,0.0,0.021683390542807414,22.560494922094442,-19.507316574931032,-2.260337515446718,3.7482986492763684,-22.51213694423802,-2.4850054574671936,0.00013549822603824507,0.003217669182388642,0.07974428059756204,22.644097958751598,-19.56055803167415,-1.572368665200956
0,1780392005.4814794,3.743994403665762,-22.413432222813004,3.1102192968900026,0.0,0.0,0.0,0.21951799999999708,0.0,0.021676277470052057,22.560494922094442,-19.507316574931032,-2.2605394425141805,3.7483139161452703,-22.512273045133323,-2.4839485550530407,0.0001358091170503034,0.0032244137717401616,0.0798137816689456,22.644230449766063,-19.560609178678927,-1.5713106385909932
0,1780392005.5314794,3.743994403665762,-22.413432222813004,3.1099870110682923,0.0,0.0,0.0,0.21951799999999708,0.0,0.021626554015258145,22.560494922094442,-19.507316574931032,-2.2607717283358912,3.748329196871377,-22.51240901465988,-2.4828920357721134,0.00013623158148061288,0.0032296355377364003,0.07986302019474563,22.644362896427022,-19.56066016820177,-1.5702529914143597
0,1780392005.5814793,3.743994403665762,-22.413432222813004,3.1097460367746566,0.0,0.0,0.0,0.21951799999999708,0.0,0.021615313948176954,22.560494922094442,-19.507316574931032,-2.261012702629527,3.748344457212121,-22.51254459486627,-2.48183818171176,0.00013681747407019962,0.003232361240047815,0.07988534009957537,22.64449503889014,-19.560710914601245,-1.5691980082876211
0,1780392005.6314793,3.743994403665762,-22.413432222813004,3.109526694239718,0.0,0.0,0.0,0.21951799999999708,0.0,0.02154181732197289,22.560494922094442,-19.507316574931032,-2.2612320451644656,3.748359727681404,-22.512680027673593,-2.4807849322724493,0.00013745682737610135,0.003234209037475585,0.07989857283542715,22.64462711826016,-19.56076150154783,-1.5681436263563118
0,1780392005.6814792,3.743994403665762,-22.413432222813004,3.1093711988512647,0.0,0.0,0.0,0.21951799999999708,0.0,0.021291826692553615,22.560494922094442,-19.507316574931032,-2.261387540552919,3.7483749582992365,-22.5128149336818,-2.4797356208482646,0.0001382495883315985,0.003233487176255533,0.07988749927998888,22.64475875266398,-19.56081180267688,-1.56709318272895
0,1780392005.7314792,3.743994403665762,-22.413393339801996,3.1093375178174836,-0.0028144334611590154,0.0,-0.0001840552459761466,0.21951799999999708,-0.14111544881022695,0.020989655975723533,22.560464165993977,-19.507292785209945,-2.2614212215866996,3.7483900072458685,-22.51294823962117,-2.478699690328683,0.00013948143781078575,0.0032252749932553657,0.07980759529010659,22.644888860289804,-19.56086146252267,-1.5660561308954335
0,1780392005.7814791,3.743994403665762,-22.412945168705416,3.109494672065074,-0.018010222251733553,0.0,-0.001187263867101897,0.21951799999999708,-0.3328740566788143,0.020777429072386413,22.560109666820317,-19.50701858151252,-2.261264067339109,3.7484014214739543,-22.51277207752411,-2.4779127982854097,-0.006694759310677065,-0.007107643010631284,0.015764446490347694,22.64476821162192,-19.56072950264248,-1.5652683866313
0,1780392005.831479,3.743994403665762,-22.412191807014125,3.1099107099754755,-0.022172725106655945,0.0,-0.0015095941716043797,0.21951799999999708,-0.017533913822160525,0.020788049879664258,22.559513764721615,-19.506557653615047,-2.2608480294287077,3.7484636113255716,-22.512035539880454,-2.4789699572954023,-0.02316920985096789,-0.007008622244741573,0.0157167279152886,22.644287858650664,-19.56014662700661,-1.5663208760827698
0,1780392005.881479,3.743994403665762,-22.411663254400278,3.110642298449684,-0.013515267550886442,0.0,-0.000956548139015223,0.21951799999999708,0.24818251352759296,0.021051897520759207,22.55909568451458,-19.506234270241798,-2.2601164409544996,3.7485830770389983,-22.511041243223822,-2.4800420451086174,-0.023783241404059078,-0.006907318754592983,0.015670159073271694,22.643699544688783,-19.559281973495224,-1.5673838691750515
0,1780392005.931479,3.743994403665762,-22.412330923602152,3.1117306957739084,0.04746056646741548,0.0,0.0036194799308073905,0.21951799999999708,1.7494911599479475,0.021654040618676033,22.55962380465028,-19.506642769061138,-2.259028043630275,3.748663378458222,-22.51023648434309,-2.4811080449126974,-0.011177361414805308,-0.006792066325618909,0.015616077257370305,22.643197429463797,-19.558615704694034,-1.5684436636857708
0,1780392005.981479,3.743994403665762,-22.4169636237083,3.1131995830349926,0.19354924912274707,0.0,0.01399562217848192,0.21951799999999708,3.720113352153312,0.022043550498398463,22.56328822739413,-19.509477185443366,-2.257559156369191,3.7484279902709425,-22.511089302254867,-2.482896706245846,0.07580614321881804,0.002893862269740393,0.08884099999697853,22.643480573493513,-19.559643771237038,-1.5702503050919512
0,1780392006.031479,3.743994403665762,-22.43039979680846,3.1150499896672903,0.4557844522337212,0.0,0.029180553686612612,0.21951799999999708,5.69112908366217,0.021429475862824232,22.573916115487553,-19.517697814509997,-2.2557087497368933,3.7473269712695747,-22.516372890241076,-2.4815718009418015,0.2599653318100414,0.003636283723183246,0.08616426124539923,22.645945034765123,-19.565094208597706,-1.5690010545734487
0,1780392006.0814788,3.743994403665762,-22.452635304331896,3.129027453387373,0.7510736683031898,0.0,0.045002884396899895,0.21951799999999708,6.4310157704169,0.020853632959929466,22.591504195359548,-19.531302124166906,-2.24173128601681,3.7446868768466905,-22.528804321729506,-2.4792238475639836,0.5401676021721048,0.0052794974057933245,0.05506615533178917,22.65244517458497,-19.577009824689,-1.5667778152468776
0,1780392006.1314788,3.743994403665762,-22.487321272144413,3.1350098259340906,1.0676113963935152,0.0,0.06367110704867736,0.21951799999999708,6.0791413163969334,0.02063611906802096,22.61894047364917,-19.552523976034863,-2.2357489134700925,3.740098383685665,-22.550510822881225,-2.475659191152984,0.8540535108532341,0.005871341916033342,0.054426477832150814,22.66644377245507,-19.594389999589485,-1.5632395174953395
0,1780392006.1814787,3.743994403665762,-22.528911801790915,3.1143447255133774,1.3187535463930324,0.0,0.08380955438189748,0.21951799999999708,4.768817977549011,0.02170597429316392,22.651838196202625,-19.577970233265987,-2.256414013890806,3.733533278543849,-22.581756517138405,-2.4712241816111775,1.1469895556625056,0.006473735847121643,0.06628119447581128,22.69089429168894,-19.613849004768923,-1.5585329012832398
0,1780392006.2314787,3.743994403665762,-22.57927465932131,3.0978042579174456,1.5108463393961615,0.0,0.1061639245029403,0.21951799999999708,3.4191786805250537,0.023696130093799166,22.691674748612904,-19.60878364772609,-2.272954481486738,3.725308769295701,-22.62127706012699,-2.4656974751811456,1.3715533666450312,0.00666387667512196,0.08223861766435808,22.719894129023555,-19.640953756772642,-1.5528064844881841
0,1780392006.2814786,3.743994403665762,-22.633534380462823,3.0880597765769817,1.6212970294790356,0.0,0.12545100950663465,0.21951799999999708,1.482436332086472,0.026255988117062895,22.734593683935753,-19.641981273079537,-2.282698962827202,3.7159013191402743,-22.6670520671325,-2.459038482117035,1.5265297797660917,0.006388079200028147,0.10062123206068942,22.749577441283236,-19.677403008890227,-1.546204117623467
0,1780392006.3314786,3.743994403665762,-22.689416498082924,3.0852931516271873,1.6626050984533896,0.0,0.14218891256153857,0.21951799999999708,0.54627143373499,0.028938551871922662,22.778795919800285,-19.676171526285426,-2.2854655877769963,3.7058785534178345,-22.71656671456495,-2.4512871177616673,1.5834760153650311,0.005798445387054112,0.11995355344742235,22.777136207784988,-19.72271017173216,-1.5388477834954652
0,1780392006.3814785,3.743994403665762,-22.745260702556596,3.0892110288407486,1.6807211626024925,0.0,0.15567183401869455,0.21951799999999708,0.33342622459824023,0.03093620398761995,22.822968166718226,-19.71033858316069,-2.2815477105634345,3.6957256789465474,-22.767613932087677,-2.4425561842645216,1.5932141136427929,0.005130457593914531,0.1384669408185072,22.800816785798908,-19.775513377781444,-1.5308690731085128
0,1780392006.4314785,3.743994403665762,-22.80550960932309,3.099819695259213,1.7047058158008568,0.0,0.15878109122885428,0.21951799999999708,0.4959983695109455,0.029990026574151694,22.87062449222789,-19.747200560935557,-2.2709390441449706,3.685638432306315,-22.819329285966624,-2.432990571027819,1.5922352844712175,0.004378022892726801,0.15410939568876872,22.82015916181976,-19.8349593203148,-1.5224017290097742
0,1780392006.4814785,3.743994403665762,-22.85873217291081,3.1219815727787275,1.7234287241982478,0.0,0.1472428757680736,0.21951799999999708,0.2764867421127426,0.026698087265737518,22.912723045561403,-19.779763624091135,-2.248777166625456,3.6756299235141774,-22.871696507289315,-2.4228979836733804,1.5993657419077572,0.0029707158338199416,0.1611217290381639,22.835226694723385,-19.900892333379506,-1.5137445111102081
0,1780392006.5314784,3.743994403665762,-22.915400531318202,3.1671335305313777,1.728179740038521,0.0,0.1230281981795095,0.21951799999999708,0.00888601041785824,0.021334857694676104,22.957547190584116,-19.81443492155131,-2.203625208872806,3.665709259358574,-22.92465922223307,-2.4127638687522506,1.5955350881552004,0.00100165931864175,0.15744122264896027,22.84822995145961,-19.97033349307689,-1.5052190643736276
0,1780392006.5814784,3.743994403665762,-22.97138910915959,3.203116860184639,1.7250868815182192,0.0,0.09264130675524423,0.21951799999999708,-0.09282219307657234,0.015190127548832453,23.001833635494616,-19.848690310118513,-2.167641879219544,3.655947183403006,-22.977779830831953,-2.4031643560922684,1.5784792118347482,-0.0012320709451592417,0.14211682551684074,22.86429319329455,-20.03600610168941,-1.49701646205656
0,1780392006.6314783,3.743994403665762,-23.026719474695692,3.22395595906269,1.721199131450186,0.0,0.059328875621119125,0.21951799999999708,-0.0779164000215258,0.008803229760796793,23.045599440586763,-19.88254298586202,-2.1468027803414937,3.6463907382030816,-23.030696464335072,-2.394618499165695,1.5565818680519672,-0.0032249245594884834,0.11794686079606306,22.88337622670729,-20.09741210080647,-1.4896433133202756
0,1780392006.6814783,3.743994403665762,-23.081553784701594,3.241655798580087,1.7170239681189792,0.0,0.023976181026878096,0.21951799999999708,-0.1116483273907132,0.00212744205424147,23.088972870363126,-19.91609216086318,-2.1291029408240965,3.6370405883913675,-23.083271559710493,-2.3874790130176895,1.5356852667189702,-0.004757133209979181,0.08828234253948367,22.905233152065357,-20.15467454264671,-1.4834647159185224
0,1780392006.7314782,3.743994403665762,-23.138477351396183,3.256181134373291,1.7132579031459065,0.0,-0.011256108666917203,0.21951799999999708,-0.06445884319876188,-0.004190423814141599,23.133998882769994,-19.95091960194015,-2.1145776050308926,3.6278850316381392,-23.13541406699957,-2.3819635809364867,1.5133512361799848,-0.005901000554703907,0.05511726935209603,22.92963198089724,-20.207966835430998,-1.4787114303942874
0,1780392006.7814782,3.743994403665762,-23.1912614927759,3.2675248356495605,1.711305807405614,0.0,-0.039916955714407676,0.21951799999999708,-0.028994989950868206,-0.009229140086741593,23.17575064821014,-19.98321442604286,-2.1032339037546226,3.618906537322196,-23.18705586147216,-2.378168351978209,1.4936088116793218,-0.006642153813611225,0.021208034782444013,22.95636219422158,-20.257465849808025,-1.4754918473401275
0,1780392006.831478,3.743994403665762,-23.246492626432993,3.2757170606577812,1.7121323064429033,0.0,-0.06523754932302903,0.21951799999999708,0.02107275643262442,-0.014250792304421354,23.219437961807902,-20.017006388928408,-2.0950416787464023,3.6100783381845623,-23.238194449537378,-2.3760216574223754,1.4758417842643738,-0.0068679836403167886,-0.009717090444810537,22.985272029447746,-20.303374579539106,-1.4737453307644497
0,1780392006.881478,3.724497403423461,-23.302102344899286,3.2808277716049385,1.7134051321555421,0.0,-0.09131873414177245,0.21910555206430107,0.012048346845492747,-0.01930196330757715,23.258219069922404,-20.05776276206017,-2.08945944221734,3.6013739762722414,-23.288832496803515,-2.37539397619522,1.4607454290256618,-0.00698110559274123,-0.03860425573115568,23.01360602613913,-20.34919338121042,-1.4735336898955982
0,1780392006.931478,3.7331099171917757,-23.358034733084363,3.2829594238587307,1.7140143649443795,0.0,-0.1152893498116534,0.2192877448878508,0.013404538343082834,-0.02373383492300947,23.30501785147622,-20.088675420522208,-2.087518647147304,3.5927599986000076,-23.338932488128858,-2.3761986068278103,1.4453716208709464,-0.007164425345047711,-0.06614859261110904,23.036204940024415,-20.40137620445889,-1.4751227391638309
0,1780392006.981478,3.7677384440201367,-23.414289647603344,3.2822426836073824,1.7152110064427961,0.0,-0.13514041802877014,0.22002029165038117,0.03281964331504166,-0.027267219870815235,23.421104145275432,-20.030210476106983,-2.0847066176986093,3.584244455608502,-23.388420587049126,-2.3783345117161536,1.4301947763355254,-0.0073196543867378614,-0.0912501714032913,23.053021628046444,-20.459826221703246,-1.4784074835995284
0,1780392007.031478,3.8205613584449267,-23.471285503250808,3.278837090376902,1.7169222762733418,0.0,-0.15169614658016745,0.22113773031998138,0.026745517086045095,-0.030016209312182428,23.87859351198373,-19.512421400823627,-2.0609915028242547,3.575831393784152,-23.437258047281322,-2.3816423829273172,1.4160762687528285,-0.007359674102362964,-0.11271335044854106,23.064170082853014,-20.52428623979782,-1.4832149556799674
0,1780392007.0814779,3.8807348458979734,-23.52889201629329,3.2729288359587034,1.7172727014988727,0.0,-0.161844794102305,0.22241066617550811,-0.014570383981603964,-0.03166725531987697,24.04174145272084,-19.384295785454153,-2.0609782184892653,3.567522248875813,-23.485409923252682,-2.3859279264817506,1.401715223739967,-0.007305317080951249,-0.13019252355668198,23.069761497391298,-20.594497473312554,-1.4893372961271312
0,1780392007.1314778,3.9391694518848683,-23.588260348558457,3.2647355322664495,1.716560225569451,0.0,-0.16335999157660533,0.22364681698399067,-0.03868044023227356,-0.03147539136745237,24.309817392990265,-19.107668832498735,-2.055496633768687,3.5593219053534852,-23.53280165257189,-2.3909667208581604,1.3853632807440117,-0.00710049796107228,-0.14276841209287083,23.069892075917664,-20.670146964787392,-1.4965354533353143
0,1780392007.1814778,3.986371854642883,-23.648636326871042,3.2545085904486655,1.7232679162303433,0.0,-0.15564804839312701,0.22464535693041768,0.2965630372653568,-0.029762196574249642,24.483195616449933,-18.962695767884295,-2.0585002913038135,3.5512346249442714,-23.579364065411756,-2.3964545549727077,1.3679232280366476,-0.006557986162749125,-0.1482798492402915,23.0646680028501,-20.75091048350133,-1.5044901347389528
0,1780392007.2314777,4.011403927087642,-23.71072846828841,3.2425289955621444,1.7268932617540513,0.0,-0.13979721984313503,0.2251748961660809,-0.11901024115508863,-0.0265277291860284,24.55832871218217,-18.962873691353664,-2.069751016338839,3.543206678866116,-23.62536717673418,-2.4020273560436625,1.3673004460264984,-0.005684940408093015,-0.14691441510494016,23.054119086177565,-20.837090682122877,-1.5128425948886957
0,1780392007.2814777,4.006619004275233,-23.773017932193262,3.2290881075233093,1.6964558223044224,0.0,-0.11868255288812464,0.22507367384921595,-0.8360015163731798,-0.022556210738164804,24.601132409713987,-19.010621240989387,-2.0836319288441407,3.535238080731334,-23.670765027630186,-2.4073432174054874,1.3460153010018745,-0.0045113924593772935,-0.13822006050986183,23.043902931956925,-20.92158223557745,-1.5208656332615056
0,1780392007.3314776,3.9935875095340894,-23.836290646354897,3.2144708929071886,1.6366485149319159,0.0,-0.08917451618204626,0.22479799999999694,-1.2865354176682418,-0.016041838087536578,24.640117608612638,-19.065669861071108,-2.09868411010778,3.5274785143373912,-23.71464947972945,-2.412090634989404,1.2893527126676856,-0.003386675042547225,-0.1226929276083359,23.039032723739492,-20.9968630762096,-1.527875393508614
0,1780392007.3814776,3.9935875095340894,-23.892620385904127,3.1989411233202163,1.5620413388965464,0.0,-0.05200658690352239,0.22479799999999694,-1.6541401256976116,-0.007387124202351037,24.686584170962366,-19.09751162831294,-2.114213879694752,3.520098174102284,-23.756127167445815,-2.415868433034386,1.2109744646602645,-0.001971762988963733,-0.09710859821098147,23.039149170603952,-21.062081673709535,-1.5334627106556624
0,1780392007.4314775,3.9935875095340894,-23.948128747685107,3.182727247970835,1.4731604284393323,0.0,-0.007008217111760504,0.22479799999999694,-1.8256140061456974,0.003790544366752602,24.732373176455155,-19.128889091620053,-2.130427755044134,3.513230857699622,-23.794637266893353,-2.4182127961702964,1.1152069908478979,-0.00017470895172876457,-0.06226357613879195,23.043583121276704,-21.117265769823597,-1.5371911174945578
0,1780392007.4814775,3.9935875095340894,-24.000488538788773,3.1660246427659953,1.3852109162967288,0.0,0.045007204843763915,0.22479799999999694,-1.7262308317392694,0.016814560448191927,24.775564917042043,-19.158486748106583,-2.1471303602489735,3.506962489925313,-23.829874545054203,-2.4187099793321547,1.0119586827210088,0.002255974004934563,-0.019840568470479256,23.051430497388914,-21.163101875503866,-1.5386994382419767
0,1780392007.5314775,3.9935875095340894,-24.04952172957172,3.148987591350129,1.316048950291515,0.0,0.09956444820837579,0.22479799999999694,-1.223960321758242,0.030764222959098572,24.816012535563882,-19.186203962148916,-2.16416741166484,3.5013098768375306,-23.861921609049457,-2.4170989530440377,0.9147403892067127,0.0053134881735629165,0.02554296499688232,23.061797884133956,-21.200846027702248,-1.5377938422587438
0,1780392007.5814774,3.9935875095340894,-24.096387592142392,3.131732994854226,1.2759558872614616,0.0,0.15361427287221333,0.22479799999999694,-0.5325147542796894,0.04468275235861011,24.854672318879775,-19.21269604074727,-2.1814220081607427,3.4961888373079555,-23.891393912796477,-2.4133520572467972,0.8434997344431212,0.008802133527384001,0.0690183356128996,23.074069199575966,-21.232234248428018,-1.5345170659959613
0,1780392007.6314774,3.9935875095340894,-24.142404636635835,3.0980789399751028,1.2741144713542787,0.0,0.202084012193951,0.22479799999999694,-0.024137573973668114,0.057342751197738004,24.892631909749817,-19.238708304103053,-2.2150760630398656,3.4914274674525743,-23.919364269489,-2.407606040710016,0.8073564379298915,0.01248789003777294,0.10870974072612744,23.088095188991616,-21.259142261128297,-1.5290640465981649
0,1780392007.6814773,3.9935875095340894,-24.18829302080153,3.0828431001972576,1.2728764824033463,0.0,0.25628600222602704,0.22479799999999694,-0.030095979477161125,0.0708795316648405,24.930485368349604,-19.264647839052095,-2.2303119028177107,3.4868543467850275,-23.94688586622032,-2.4000376506395122,0.7968331125256917,0.016077468705178087,0.1445914005420957,23.10405893222088,-21.283006450929257,-1.5216463388880819
0,1780392007.7314773,3.9935875095340894,-24.233225993993155,3.0886764930717323,1.2831101588991662,0.0,0.31218607482235244,0.22479799999999694,0.2805843321456741,0.08478482892900503,24.9675507057198,-19.29004730450854,-2.2244785099432365,3.4824034841682803,-23.974428179475016,-2.390686542095362,0.7860376870854351,0.019882863224335735,0.18078945483204317,23.122055061678722,-21.30445157317386,-1.5123188822642417
0,1780392007.7814772,3.9935875095340894,-24.27867357700479,3.0642595235996177,1.299896429148518,0.0,0.3746833126686434,0.22479799999999694,0.3319931283738902,0.09994078896918318,25.005040546194007,-19.315737665790888,-2.248895479415351,3.4780399453131303,-24.002298522491035,-2.3795094662685954,0.7906942788859584,0.023925975923116655,0.2187984629878409,23.142113558897325,-21.323924101391132,-1.5010509311458686
0,1780392007.8314772,3.9935875095340894,-24.32338167252946,3.055102659090547,1.3098641380625322,0.0,0.4386426029569816,0.22479799999999694,0.1693437620298131,0.114904153511365,25.041920381337203,-19.341010013629067,-2.2580523439244216,3.4737247830247746,-24.030862676724862,-2.366320215097814,0.7976853676541515,0.02838419892505151,0.2611391442214425,23.16220425856514,-21.344445101670292,-1.487805760754665
0,1780392007.881477,3.9935875095340894,-24.36734594196554,3.061581666456351,1.3126515731277464,0.0,0.4961309370764901,0.22479799999999694,-0.0848106079981085,0.12878233273458664,25.078186632224558,-19.365861895522066,-2.251573336558618,3.4694869985575845,-24.06007506730818,-2.351002922326434,0.7963762913690072,0.03284190471638084,0.3040467487144821,23.18119993619449,-21.36730219265065,-1.4725396918311169
0,1780392007.931477,3.9935875095340894,-24.409931461954347,3.0830874857005264,1.308142482548261,0.0,0.5450954219846801,0.22479799999999694,-0.19187647543672293,0.140914560892551,25.11331554877185,-19.38993440546454,-2.230067517314442,3.4653938228133963,-24.089599003812413,-2.333682350387873,0.7823968190300072,0.03687909661457778,0.3423292735349325,23.199016606102603,-21.392067967678013,-1.4553684542431802
0,1780392007.981477,3.9935875095340894,-24.451025221857357,3.118010918004282,1.2940252515259165,0.0,0.5732925135422176,0.22479799999999694,-0.17790956576162664,0.14735581829152491,25.147213908181964,-19.413163661420533,-2.1951440850106865,3.461498039090861,-24.119116020360366,-2.3147069710545845,0.7632886570320557,0.0402704945607585,0.37278421382963456,23.215654469093863,-21.4182413326641,-1.4366263497805531
0,1780392008.031477,3.9935875095340894,-24.4900809973792,3.1573309937773275,1.2760526308196802,0.0,0.5881238885415351,0.22479799999999694,-0.6062848921263367,0.15220639234827818,25.17943112848025,-19.435240896706322,-2.155824009237641,3.4578072961676605,-24.148510710125706,-2.2946864667709956,0.7453284405883088,0.04218990242046392,0.38891848116410843,23.231243033847672,-21.44548314478899,-1.416908839473233
0,1780392008.081477,3.9935875095340894,-24.52669758923803,3.179427231724979,1.2542297735135794,0.0,0.5802888821294697,0.22479799999999694,-0.18131770725443885,0.15111770700044416,25.20963625923815,-19.455939323585056,-2.1337277712899896,3.454365904993632,-24.177348800401095,-2.2742411581595205,0.7065117406807112,0.04300669816196734,0.39191733308183185,23.245754466368734,-21.473144862415037,-1.3968179326556274
0,1780392008.1314769,3.9935875095340894,-24.56131283616194,3.2420788233397904,1.2325891519272547,0.0,0.5677446573252984,0.22479799999999694,-0.5139949686226093,0.15042446967036155,25.23819047486763,-19.47550644113948,-2.0710761796751784,3.451156321729344,-24.205554949450608,-2.254181789953935,0.6895498589601246,0.04246733969734404,0.3818006430896606,23.259313726661293,-21.50095637414143,-1.3771516093379332
0,1780392008.1814768,3.9935875095340894,-24.5938089125809,3.3025002037001956,1.2029267985127672,0.0,0.5486931423792182,0.22479799999999694,-0.6153082959739087,0.14905719272618914,25.26499658072089,-19.493875645575457,-2.010654799314773,3.448153915734062,-24.23315940843677,-2.234759809179122,0.6563543671704506,0.04146214398163683,0.36701195966010025,23.272071524701282,-21.52878229361435,-1.3581519232486026
0,1780392008.2314768,3.9935875095340894,-24.624039990957378,3.3357939132315924,1.1723638171823267,0.0,0.5187244781981002,0.22479799999999694,-0.5420785330773962,0.14400866212027322,25.289934283247497,-19.510964504299757,-1.9773610897833764,3.4453951259781217,-24.259679135716496,-2.2163061904043073,0.6186344752386934,0.03991912428937595,0.34622706155111993,23.283941875309115,-21.55596993043619,-1.340132881179004
0,1780392008.2814767,3.9935875095340894,-24.652380997927207,3.366473141629403,1.1434779587863955,0.0,0.489445105387549,0.22479799999999694,-0.5844093001505802,0.13813842611521393,25.313312860495607,-19.52698495379152,-1.9466818613855654,3.4428624751157844,-24.285016601194044,-2.1991989714142326,0.585139532669703,0.03751983595454088,0.31862510682825257,23.294973436373645,-21.58230831860916,-1.3234638642883274
0,1780392008.3314767,3.9935875095340894,-24.678676220575852,3.394460430457543,1.1214466793719264,0.0,0.4506705473459013,0.22479799999999694,-0.3490999206655872,0.13009298692861593,25.33500386443919,-19.541848973505623,-1.9186945725574258,3.440533869590537,-24.309143694585085,-2.1836055048435496,0.5499746350853738,0.03472329790971383,0.2887973091447812,23.30522133322038,-21.607687649791128,-1.3083064479489686
0,1780392008.3814766,3.9935875095340894,-24.703456743370115,3.419700554163098,1.0972188317828315,0.0,0.42040826159313616,0.22479799999999694,-0.5420214314105247,0.12149682717084895,25.35544538816525,-19.555856771966262,-1.8934544488518705,3.4383707541637376,-24.33220691359328,-2.1696208066525635,0.5268981747718771,0.03178688626571245,0.2595140455502103,23.31478054459118,-21.632223118701905,-1.2947552659580253
0,1780392008.4314766,3.9935875095340894,-24.72688020005494,3.4421523867951422,1.098939573894277,0.0,0.3849636744923441,0.22479799999999694,0.19601129807454706,0.11342730936408413,25.374767464198293,-19.569097455515056,-1.871002616219826,3.4363565371147016,-24.35421546276129,-2.157138683993168,0.4944928557524404,0.02859183858049125,0.22963191744602363,23.323690292216547,-21.655882509747492,-1.2827014604415243
0,1780392008.4814765,3.9740542059437756,-24.749136543427355,3.4617908201665086,1.0804989750218024,0.0,0.35692080660238196,0.22481044413490697,-0.29484427439522887,0.10487838420530288,25.37813574425842,-19.603554364140745,-1.8516464356562317,3.4344238315823046,-24.37571449331565,-2.146034683342334,0.49897344302221097,0.02645319265785442,0.2099707493647489,23.33216706376109,-21.679257039983753,-1.2720307844643242
0,1780392008.5314765,3.9826656855057943,-24.77027487198738,3.478614590540217,1.0790890991299937,0.0,0.33479641297803664,0.22480495799617223,-0.183058889126745,0.10078342820606052,25.40614643960736,-19.600075226266807,-1.834415005728797,3.4325471239398326,-24.396961031622588,-2.135829497838784,0.47900852012022554,0.023977741890993044,0.1892879542398252,23.340338786201308,-21.70259409727531,-1.2622673061485044
0,1780392008.5814764,4.017485706762374,-24.790761739058876,3.492657766681273,1.0628157982887565,0.0,0.32287263812237965,0.22478277511041087,-0.31907028673877474,0.09819920960971427,25.46407968762322,-19.551692752974155,-1.8188456432322155,3.430761230750007,-24.417547875259633,-2.1264994247731654,0.464733840222781,0.022259701008669714,0.17446252857045905,23.348081743962204,-21.725407033474994,-1.2533767224002585
0,1780392008.6314764,4.070069472605245,-24.81047223661842,3.5039994659975915,1.0482899284578902,0.0,0.31191187296528056,0.22474927542751297,-0.2497541047905524,0.09673258310042139,25.715150760923205,-19.213486472733507,-1.7926587221470207,3.4290671898226748,-24.437451730318013,-2.1177996125899745,0.4438229170452521,0.020819475020495217,0.16206677883180853,23.35542854482477,-21.74762097214287,-1.245111060529085
0,1780392008.6814764,4.130633739151719,-24.830010712201936,3.5127531046240277,1.0348008561940156,0.0,0.30560527586843317,0.22471069158529988,-0.24818627185863376,0.09675643273761485,25.848750549927253,-19.04554433972393,-1.7777346688984057,3.42746798257185,-24.45659917229501,-2.109657023038436,0.4265555148055291,0.019729231469137992,0.15245939429231958,23.362381542821417,-21.769119323700046,-1.2373937411275278
0,1780392008.7314763,4.188694252730445,-24.84892168152459,3.519057216576187,1.0150848004374926,0.0,0.29589707482688143,0.22467370281580798,-0.38311066058516685,0.09586524662733373,26.093193393952717,-18.699962519952624,-1.7567437205594736,3.4259551390808785,-24.475070149186696,-2.101900769417647,0.40953018239880945,0.018914046751250937,0.1453492726198862,23.369002413304507,-21.789953527716293,-1.2300535793311977
0,1780392008.7814763,4.235933441555022,-24.867392221568636,3.523066716183416,0.9930624237370784,0.0,0.296565018554908,0.22464360801714509,-0.5391037018168605,0.09934698124973237,26.23708013019544,-18.504908912378806,-1.7449121408084318,3.4245371817035966,-24.492716321769183,-2.0945501477946933,0.3860102367490522,0.017894398599171867,0.13655385648622437,23.375259140535455,-21.809931760099445,-1.2231051225202192
0,1780392008.8314762,4.260990045806661,-24.88511928423841,3.5249437410374203,0.9692338073771736,0.0,0.2947910322348276,0.22462764513804212,-0.43930808970489227,0.10160719809564508,26.286819984853565,-18.458307291682907,-1.7413967749239276,3.423240490307115,-24.509230319020293,-2.0874904736681286,0.3550033566569788,0.016831119086767158,0.12811262773129756,23.38109540932696,-21.828644418753814,-1.216423528064889
0,1780392008.8814762,4.256330527312777,-24.901827179575164,3.5248390758123866,0.951056016310436,0.0,0.3040380111123933,0.22463061359017747,-0.4291251028406572,0.10769310325452072,26.291889292566523,-18.481864323047617,-1.7420117589028683,3.422063053446915,-24.524545064472697,-2.0808473366038545,0.32930222095587797,0.015818835827294094,0.12024078043370033,23.386494874652968,-21.84600801443103,-1.2101322304202173
0,1780392008.931476,4.2431665516550146,-24.917389626773144,3.522878380625008,0.9183759510525222,0.0,0.30660555310417076,0.22463899999999698,-0.5150976384225416,0.11171017515158194,26.28603411346784,-18.520845101244134,-1.7448978860293796,3.4209954352986265,-24.538796244365447,-2.0743495517352297,0.3044276578571451,0.014464777315564167,0.1118295623179308,23.391550379271095,-21.862124154325503,-1.2039604882710337
0,1780392008.981476,4.2431665516550146,-24.93179092707965,3.5135229919897117,0.8966008093770265,0.0,0.3102105258906276,0.22463899999999698,-0.2841159302694513,0.1147829097901945,26.298270845033752,-18.528438509642335,-1.7542532746646762,3.4200396158797535,-24.551900593472546,-2.0680605151427844,0.27549078923406095,0.013655455612020672,0.10927637633837123,23.39624393916673,-21.87688612409584,-1.197969015576991
0,1780392009.031476,4.2431665516550146,-24.94517475632359,3.4988689593108724,0.8795418804276716,0.0,0.3103503566462621,0.22463899999999698,-0.39158347382896824,0.11628434805996544,26.30964303520384,-18.53549543361573,-1.7689073073435155,3.4191840576287027,-24.564035883671007,-2.0616885230854907,0.25833876856635923,0.013021574008369395,0.11006452207077502,23.40067731829636,-21.890450082529174,-1.191867912529554
0,1780392009.081476,4.2431665516550146,-24.95778654351037,3.480863954018967,0.8652308276777934,0.0,0.3079076862155144,0.22463899999999698,-0.21707087303362005,0.11687198444857638,26.320359224095576,-18.54214528110882,-1.7869123126354207,3.4184139882629347,-24.57533931305354,-2.0552617439119847,0.2360390885318453,0.01236834466630225,0.1118879284218614,23.404895518983228,-21.902976333969562,-1.1856886204961066
0,1780392009.131476,4.2431665516550146,-24.96959759955924,3.4613108474676513,0.8582008610731203,0.0,0.3056739690172568,0.22463899999999698,-0.12780220352050597,0.11731327538449546,26.330395034703226,-18.5483729251607,-1.8064654191867362,3.417719973686337,-24.585886994420058,-2.048829051803232,0.22266733290601032,0.011697059125007625,0.11457528661150092,23.40892118398321,-21.91455677148492,-1.1794819482581147
0,1780392009.1814759,4.2431665516550146,-24.98051865468528,3.441872210409241,0.8446755209061294,0.0,0.3044868679190804,0.22463899999999698,-0.2814543259417816,0.11957666371152315,26.33967461482097,-18.554131296276246,-1.8259040562451467,3.417076435289424,-24.595972844238325,-2.0423928059915055,0.21388158039757238,0.011039502782533466,0.11788190397386855,23.412843514148186,-21.925541818024108,-1.1732578042887438
0,1780392009.2314758,4.2431665516550146,-24.990820134591402,3.399722777858095,0.8388436706132871,0.0,0.31002005662424986,0.22463899999999698,-0.12952124442992777,0.12298248497301366,26.348427744167626,-18.559562982469036,-1.868053488796293,3.4164894889350585,-24.605531088971038,-2.0358575094890345,0.1975456446664153,0.010514478109637177,0.12216385965669914,23.416658488754038,-21.935834737615487,-1.1669180724886168
0,1780392009.2814758,4.2431665516550146,-25.000419973539806,3.3575017177717994,0.8353018769824604,0.0,0.3203703047520582,0.22463899999999698,-0.045286782020548866,0.12783594500605064,26.356584691789543,-18.56462471273927,-1.9102745488825885,3.415959080020812,-24.614565867219476,-2.0291622375708687,0.18893317080755767,0.010192364378661303,0.12745542018708486,23.420378927910786,-21.945427198285195,-1.1604012629749485
0,1780392009.3314757,4.2431665516550146,-25.009784580524478,3.361778826662295,0.8284364834411759,0.0,0.33097850112541577,0.22463899999999698,-0.2986184775992988,0.13323331885828588,26.364541763682556,-18.569562411683798,-1.9059974399920927,3.4154654599143637,-24.62334585000696,-2.0222256481595817,0.18458150191052167,0.01018322027545446,0.13386975439248436,23.42409918463016,-21.954624036424825,-1.1536322380725061
0,1780392009.3814757,4.2431665516550146,-25.017455529781138,3.3858407156958883,0.8154863389227451,0.0,0.33901844853224644,0.22463899999999698,-0.24024541992095713,0.13895133499470275,26.37105974087293,-18.57360709162714,-1.8819355509584996,3.4150225253670956,-24.63168280649145,-2.0150188284459865,0.16766018887310566,0.010526763725512304,0.14091911978911226,23.427765985250318,-21.963197063431704,-1.1465769918138506
0,1780392009.4314756,4.2431665516550146,-25.02482766483221,3.4282018466166435,0.8081614239245342,0.0,0.35022240035143243,0.22463899999999698,-0.1891618067683488,0.144586105810782,26.377323816738834,-18.577494215082524,-1.839574420037744,3.414645513878066,-24.63936157580812,-2.007524269761869,0.15381844267278022,0.011127750275310315,0.14819738051856501,23.431315650509866,-21.97088880689766,-1.139212352693904
0,1780392009.4814756,4.2431665516550146,-25.031466743977468,3.487967362305259,0.7985261231129438,0.0,0.3596535540221732,0.22463899999999698,-0.17836456871687348,0.1462044503802611,26.38296501771488,-18.580994818379793,-1.779808904349129,3.4143237704910496,-24.646508326164614,-1.9997401370630556,0.14266842168783606,0.011881906113695195,0.15531339434347322,23.434786223233033,-21.977849944509767,-1.1315397522584698
0,1780392009.5314755,4.2431665516550146,-25.037335781816843,3.564328682692386,0.8013932889919041,0.0,0.3625112812916218,0.22463899999999698,0.06318590685695233,0.14649805596358859,26.387951917443523,-18.584089400137714,-1.703447583962002,3.414046525887239,-24.65318801836141,-1.9918632137640728,0.1322206847933777,0.012436425855079465,0.1597648449173475,23.438165877925467,-21.984195217874074,-1.1237594219846176
0,1780392009.5814755,4.2431665516550146,-25.04239759662648,3.6563168205078966,0.7886736268649213,0.0,0.3578602402853235,0.22463899999999698,-0.5010687747114186,0.15184459455178798,26.392252922751627,-18.586758355458944,-1.6114594461464913,3.4137912981455316,-24.65968707120536,-1.9839651168518344,0.13393039872805834,0.012791910546652447,0.16236065063878025,23.441538250012687,-21.99026921357141,-1.115950555348432
0,1780392009.6314754,4.2431665516550146,-25.04664159336814,3.7602605526143864,0.7597037742019302,0.0,0.35455234868440194,0.22463899999999698,-0.5797089360252489,0.16072327012104576,26.395859031074423,-18.58899609787207,-1.507515714040002,3.413587359214803,-24.665643948414438,-1.975799553820645,0.10754500710837413,0.013414506880556195,0.16663612716822374,23.444815486413212,-21.995616409082466,-1.1078562658110211
0,1780392009.6814754,4.2431665516550146,-25.050134241049225,3.8260830683916,0.7314109835610649,0.0,0.36059774507636905,0.22463899999999698,-0.5569263677548859,0.1731002130443254,26.398826720881463,-18.590837674651183,-1.4416931982627883,3.4134852324437457,-24.67033337535518,-1.9671988636304776,0.07750712410994341,0.014480172082218024,0.1741758234851562,23.447758594121908,-21.999397079936266,-1.0992912505884669
0,1780392009.7314754,4.2431665516550146,-25.05294679285128,3.8912515300693764,0.706665405058781,0.0,0.37784502756967603,0.22463899999999698,-0.37173458577692864,0.18730334398346354,26.401216535737376,-18.59232065563343,-1.3765247365850115,3.4134888519455213,-24.673701505579132,-1.9579861767887115,0.04887373242289274,0.016154575903359412,0.18603450975560026,23.450350906402583,-22.001547761206666,-1.0900772995719046
0,1780392009.7814753,4.2431665516550146,-25.054848852433253,3.9778705932318665,0.6872174216160454,0.0,0.40117085903358657,0.22463899999999698,-0.41253147144779706,0.20115996958787583,26.402832708723956,-18.59332355918354,-1.2899056734225205,3.413581232545165,-24.6759952647684,-1.94805274856385,0.02971581851187344,0.018297443826840284,0.201170068679244,23.45267545006992,-22.002352446108222,-1.0801116010403753
0,1780392009.8314753,4.2431665516550146,-25.056041389157894,4.0670088955839,0.668039266340207,0.0,0.4222396820498706,0.22463899999999698,-0.3591061211876072,0.21359117354808102,26.403846002764865,-18.593952350902853,-1.2007673710704871,3.413748397158765,-24.67738337084763,-1.9373903587789303,0.008742664180191623,0.020611647670614987,0.21715236236234667,23.454774428595698,-22.002022215110998,-1.069390794208458
0,1780392009.8814752,4.2431665516550146,-25.05655164724725,4.138596159029135,0.6536295337150634,0.0,0.4409904298984097,0.22463899999999698,-0.17665399696878897,0.2221542006897673,26.404279567174736,-18.59422139591813,-1.1291801076252526,3.4139901791856397,-24.677889458446778,-1.9261048812555928,-0.010457253327894971,0.03441390855922682,0.22810105551222537,23.45666527415967,-22.000572859997398,-1.0580207759092684
0,1780392009.9314752,4.2431665516550146,-25.05634962043656,4.2166500439806835,0.6584365692637,0.0,0.45378399700733957,0.22463899999999698,0.192884664919072,0.22324068807097547,26.40410790574147,-18.59411487275367,-1.0511262226737053,3.414190512612302,-24.677691713039778,-1.9168504653211413,-0.015083956193915851,0.017470066454732106,0.1080272320415838,23.457758757575558,-21.998975679616176,-1.048696451862864
0,1780392009.981475,4.2431665516550146,-25.055431322050286,4.339330592197914,0.6668191389715084,0.0,0.46414163350054344,0.22463899999999698,0.0014919423337468318,0.22781568666846874,26.403327631001613,-18.593630679345438,-0.9284456744564729,3.4142594809261464,-24.6774121681043,-1.913458618289568,-0.0016016435994429933,0.001070392759069845,-0.007647032391211228,23.457972931258396,-21.998290176894734,-1.045280592114997
0,1780392010.031475,4.2431665516550146,-25.05373817599046,4.4540819991522245,0.6541390175294595,0.0,0.4620869440773124,0.22463899999999698,-0.3220640607238219,0.2300571625809401,26.40188897106154,-18.59273793013277,-0.8136942675021643,3.414304587947615,-24.67736585914742,-1.9109957662977006,-0.007603777288877225,0.03325370258211821,0.1446387967868466,23.458216942138737,-21.99793034489556,-1.0428020502660398
0,1780392010.081475,4.2431665516550146,-25.051313162380985,4.557807987922672,0.6392532519801736,0.0,0.4540671405224882,0.22463899999999698,-0.26049603238140207,0.2302046042275499,26.399828445973437,-18.59145928734941,-0.709968278731715,3.414498240207126,-24.677093518452796,-1.9058424809533558,-0.01950520576191299,0.016320839340271672,0.027363090748383986,23.459206177634673,-21.996340525699562,-1.0375815410295592
0,1780392010.131475,4.2431665516550146,-25.048065926487038,4.649621950005939,0.6342694249974631,0.0,0.44793486151196765,0.22463899999999698,0.011929901924772807,0.22776758879800432,26.397069281653568,-18.589747109436075,-0.6181543166484502,3.4145979903796224,-24.676050339640963,-1.9064240900247056,-0.028470939202311474,-7.164209446298628e-05,-0.08566923751735997,23.459025203237502,-21.99493981729395,-1.0381286088069457
0,1780392010.181475,4.2431665516550146,-25.044393243824096,4.728704573987546,0.644352797167137,0.0,0.44914494841931357,0.22463899999999698,0.34692825985107456,0.224260685668616,26.39394861678882,-18.58781060517721,-0.5390716926668411,3.414587254622818,-24.674636174836568,-1.9125344290991673,-0.023894290924824927,-0.016040112017079264,-0.19485236652186086,23.457879710954042,-21.994104236657627,-1.0442426626400159
0,1780392010.2314749,4.2431665516550146,-25.03975682508842,4.794126837106149,0.6528354361921602,0.0,0.4453015511057194,0.22463899999999698,0.18451139375858328,0.2198050335177721,26.39000906895021,-18.585365949471424,-0.47364942954823874,3.4144317394788346,-24.673559825410557,-1.9239840356373359,-0.003791674603122349,-0.026472425607411837,-0.265489790704262,23.45609861950313,-21.994542207134053,-1.0557461558275323
0,1780392010.2814748,4.2431665516550146,-25.034307401901057,4.844325286646208,0.6603724922495995,0.0,0.4408587508088825,0.22463899999999698,0.14291873450142695,0.21569450230137494,26.385378714238232,-18.582492618944627,-0.42345098000818027,3.414257449057384,-24.673115013737235,-1.9337074236376535,0.0001403464847177403,-0.001662986523971257,-0.08427237386250166,23.454680959628526,-21.995528141803902,-1.0655301045011392
0,1780392010.3314748,4.2431665516550146,-25.027997296157817,4.845127063011764,0.6704805469550749,0.0,0.4410221330485936,0.22463899999999698,0.263756057482103,0.21291205410444308,26.380017040744228,-18.579165474247656,-0.42264920364262437,3.4143550496773547,-24.673320167536623,-1.9286965070092106,0.0017401234391333316,0.018907348776589058,0.14608406336792587,23.455441656891825,-21.994947239350548,-1.0604852526796305
0,1780392010.3814747,4.2431665516550146,-25.02098724055946,4.840469420988174,0.6844745788839941,0.0,0.44616016633579314,0.22463899999999698,0.21628568849599053,0.2109681153358879,26.374060622449104,-18.575469265299887,-0.42730684566621413,3.4145623455661926,-24.67413880110577,-1.9177939189422173,0.013858331720567177,0.024904195018478997,0.1976226875491485,23.457346555727007,-21.993964239314185,-1.0495107740497511
0,1780392010.4314747,4.2431665516550146,-25.013147443235113,4.849544871015261,0.6863270404022395,0.0,0.44192384511496036,0.22463899999999698,-0.07527687104408712,0.20802055453945395,26.367399175680585,-18.571335556428053,-0.41823139563912726,3.4147464508602487,-24.675527163540064,-1.9065191296260144,0.024518178156944626,0.02585545420299573,0.21174306013254357,23.45953971217563,-21.99352229665817,-1.0381723477029507
0,1780392010.4814746,4.2431665516550146,-25.004588244076537,4.847909734273401,0.68552960321251,0.0,0.4339266398092664,0.22463899999999698,-0.18196093751559247,0.20448823128647342,26.360126455836298,-18.56682252681341,-0.41986653238098626,3.4149211314397743,-24.677072689033693,-1.895353707167684,0.02071674824195415,0.026003173655635075,0.21934952679906017,23.461791910518894,-21.99325369359124,-1.026946729432089
0,1780392010.5314746,4.2431665516550146,-24.995424741549584,4.842412866191928,0.6797121099540837,0.0,0.4215342741335395,0.22463899999999698,-0.2548201415109624,0.20057688759255965,26.352340261656646,-18.561990864702064,-0.4253634004624587,3.415109877559693,-24.67830392215249,-1.8843684134098482,0.011712966035809052,0.025846443294586623,0.2242176354254945,23.463887397259207,-21.992683590224413,-1.0158965936600621
0,1780392010.5814745,4.2431665516550146,-24.985461820059335,4.834456328797615,0.6768962514354455,0.0,0.4100748907861253,0.22463899999999698,-0.15971278793874943,0.19615107955363612,26.34387480414283,-18.55673769102298,-0.4333199378567727,3.4153213329889125,-24.679009081212545,-1.873595152426209,-0.0007500534256420967,0.027727342712165634,0.2099958798040687,23.465716386921503,-21.991613829137254,-1.0050509368771197
0,1780392010.6314745,4.2431665516550146,-24.974864129196362,4.825573777090675,0.6898834793666492,0.0,0.409225060674058,0.22463899999999698,0.2234280561381699,0.1932534932533985,26.33486998544252,-18.55114982096349,-0.4422024895637122,3.415487412713539,-24.67918856529162,-1.8670100628529587,-0.005222734253198579,0.010813755875609527,0.09225263893078005,23.466864146776487,-21.990535169315855,-0.9984091703392237
0,1780392010.6814744,4.2301320498100905,-24.963049885982052,4.817391434676727,0.7145543213905285,0.0,0.4225958372264933,0.22419787786460824,0.42980900713548464,0.19359858539942643,26.311789540416072,-18.565927229616285,-0.45085317124516067,3.415611690232335,-24.67941942899571,-1.861753292042379,0.0018329355951395912,0.02783988431396143,0.28079442256961956,23.467795011778488,-21.989792312745436,-0.9931100937969619
0,1780392010.7314744,4.226005264830749,-24.94935740648022,4.811606147432236,0.7298977464506688,0.0,0.438453741807158,0.2240582165086135,0.21059224929943676,0.1973680047598643,26.293931609989578,-18.56872281336107,-0.45694591766870474,3.415801654722664,-24.68048420064883,-1.8512498558891852,0.0236086214301256,0.02771279898609057,0.2705421988026147,23.469758572056847,-21.98911976695704,-0.9825421659829621
0,1780392010.7814744,4.2503026096221985,-24.936182172563917,4.809996439564864,0.7476353397916926,0.0,0.45993083916222866,0.22488050314036964,0.5574080119179552,0.20186346505399422,26.311113339137005,-18.516064718730824,-0.45737281676316144,3.415963438877972,-24.682309111055872,-1.8405729440164138,0.034169114385648305,0.0275951019003765,0.26509396832728654,23.472129183853173,-21.989142867669322,-0.971810496116762
0,1780392010.8314743,4.297394920092572,-24.921418670070135,4.814462540578587,0.7646883822168253,0.0,0.47728912042164484,0.22647423190747035,0.3209645124996554,0.20284721245309958,26.43158091330195,-18.291807602930426,-0.4446011455490311,3.4160946857576375,-24.68504405130515,-1.8296621743166135,0.061822167534306166,0.027427523364722543,0.26187212902064877,23.475008463597838,-21.989973649572402,-0.9608554167853702
0,1780392010.8814743,4.355704964391064,-24.90588677129558,4.827067413614758,0.7830157092563901,0.0,0.4869328029968699,0.22844759855865399,0.5015430170937031,0.2049099466199255,26.690365375147675,-17.827004252870566,-0.4129922649770208,3.4161888596748278,-24.688810928473263,-1.8186968046222332,0.0773631871633547,0.027309749733467205,0.2596330027768621,23.478451375657375,-21.99173596910422,-0.9498583156466767
0,1780392010.9314742,4.415854768857107,-24.8893834041684,4.8422816442859435,0.818283986648447,0.0,0.5258376304309182,0.23048322757654482,0.8146937358711911,0.21093902977343984,26.944275100118844,-17.34807611869787,-0.37843171182805335,3.416254562434648,-24.693536558207985,-1.8076186073195017,0.10167334067070027,0.027172617005379335,0.2581327911299772,23.482454691707524,-21.99432035383238,-0.9387580108765858
0,1780392010.9814742,4.4688644568860365,-24.871603481193844,4.860349442337972,0.8556640268714384,0.0,0.5647165574633223,0.23227721610466953,0.7717758605190317,0.2164529281678557,27.05469336592552,-17.111019291979197,-0.3520082258460846,3.4162793824090154,-24.699810661664795,-1.7962113033915756,0.1412279509242072,0.027016160969558653,0.2576945135387215,23.487394670397215,-21.998195183269033,-0.9273423621771801
0,1780392011.031474,4.503570795165711,-24.852029493918028,4.881624917914145,0.911886714893135,0.0,0.6244980253452774,0.2334517707010477,1.290712372500485,0.22413816392890137,27.08396956444809,-17.016373236698282,-0.32822232382813077,3.416258104206204,-24.707945692705383,-1.7845013711543902,0.17811980709914882,0.026941088852004805,0.25833461303542093,23.493478704379694,-22.003599113876767,-0.9156395837049489
0,1780392011.081474,4.512262642013776,-24.82988111521217,4.906504288987598,0.9817664655768412,0.0,0.7028377731284968,0.23374592586614007,1.4307218390403942,0.23474644313778034,27.088486899993878,-16.961552537889855,-0.30166593751660287,3.4161833783296918,-24.718504769558976,-1.772374524521289,0.2402844811242152,0.026913393495304964,0.26075505477869604,23.501091987069955,-22.010948712833283,-0.9035378810348211
0,1780392011.131474,4.49273326742456,-24.804323634426655,4.935386861907258,1.0568750394781874,0.0,0.7912687613328047,0.23308499999999688,1.4848097007257162,0.2441639104436841,27.019720923844336,-17.03464946906275,-0.2759070005359856,3.4160444082045585,-24.732265346187663,-1.759682675496045,0.3084380714859375,0.02756271007449451,0.2678976679025221,23.5107613440146,-22.02082494704443,-0.8908928800086979
0,1780392011.181474,4.49273326742456,-24.775590811195702,4.968568978389391,1.1101828204998276,0.0,0.8488611578677826,0.23308499999999688,0.9667359953680766,0.24881180642876383,26.9944904288236,-17.02090184192823,-0.24272488405385317,3.415857025203845,-24.74942500174023,-1.7456364249870766,0.3765007608222404,0.03707674245340924,0.3195602381832483,23.522730103691508,-22.033245952236562,-0.8769099769537227
0,1780392011.231474,4.49273326742456,-24.743043157272204,5.00619385613995,1.162238419092512,0.0,0.8885474489275418,0.23308499999999688,1.0473825467054727,0.2454370215864204,26.965910104027365,-17.005328954897703,-0.20510000630329372,3.4156886750355873,-24.769367399377707,-1.728647375735991,0.41838344232033947,0.04487803771197438,0.359226530236499,23.536934321735576,-22.047332881811016,-0.8599780162017869
0,1780392011.2814739,4.49273326742456,-24.707490828373782,5.048232725847672,1.1947323613786394,0.0,0.8781736527454327,0.23308499999999688,0.4612889870394379,0.23359414362717595,26.93469135291345,-16.988318438474348,-0.1630611365955712,3.415557733600851,-24.79154494133074,-1.7099112925421442,0.4641902755271232,0.05023832229644051,0.3934658597581695,23.55306883351218,-22.062598658061436,-0.8412864507464413
0,1780392011.3314738,4.49273326742456,-24.669348980871042,5.094454875868653,1.2071752029132228,0.0,0.8508926857661178,0.23308499999999688,0.1703789327119576,0.22670362817333678,26.901198727223164,-16.970068930116792,-0.11683898657459046,3.4154777198652555,-24.815316126987504,-1.6901146351630594,0.48138040577666624,0.05118325445567689,0.4015066284619933,23.570728260241612,-22.078529301785082,-0.8215170460270427
0,1780392011.3814738,4.49273326742456,-24.629227298490704,5.144462494360195,1.2196815853258205,0.0,0.8345968672647528,0.23308499999999688,0.09844175388929338,0.22109434871738703,26.865967594543164,-16.950872141658483,-0.06683136808304724,3.4154599223662907,-24.83959284649584,-1.6701946916559058,0.48429080973920957,0.05059353016633192,0.39827013187605353,23.58915285512977,-22.094338216352,-0.8016031694411891
0,1780392011.4314737,4.49273326742456,-24.587088729678392,5.223906592091204,1.2433223508912343,0.0,0.8496502461652622,0.23308499999999688,0.6399703356415882,0.2216068769075701,26.82896541964186,-16.930710345257285,0.012612729647960563,3.4155052484808825,-24.863922354317666,-1.6506014399779199,0.48372979383135967,0.049508550320073674,0.39018619346901656,23.60800384036434,-22.109724883853463,-0.7819944703711279
0,1780392011.4814737,4.49273326742456,-24.539699404414186,5.31445147203013,1.3145556684066286,0.0,0.9188982517306971,0.23308499999999688,1.6209056888969162,0.22556444517532132,26.787352518413748,-16.908036249897695,0.10315760958688713,3.4156141203109316,-24.88887270874645,-1.6310161676130026,0.5095436915039915,0.05052718962748028,0.3999113672478869,23.627717668659923,-22.125052878836154,-0.7623721430378931
0,1780392011.5314736,4.49273326742456,-24.48618965013088,5.3614039632677315,1.4446274273231199,0.0,1.0309602970412242,0.23308499999999688,2.918184604534289,0.22825604878253364,26.740365225235003,-16.882433748395012,0.15011010082448806,3.4157991194492934,-24.916286639013112,-1.6101816489097918,0.5828363896389213,0.05481582697960054,0.4412397828401754,23.64977708595029,-22.141422508766595,-0.7414748183203299
0,1780392011.5814736,4.49273326742456,-24.42451763189488,5.399761232470331,1.634226938343538,0.0,1.1582364254799675,0.23308499999999688,4.071338393464599,0.22552154867916918,26.68621059042885,-16.852925895841608,0.18846737002708736,3.4160938484702386,-24.948903941246215,-1.5864781839461495,0.7187058857814632,0.06158211921618927,0.5162922048697619,23.676475956892514,-22.160364056364575,-0.7176717087677735
0,1780392011.6314735,4.49273326742456,-24.34996901198888,5.424734485955646,1.8905842641523034,0.0,1.2727469791067132,0.23308499999999688,5.6444936922432,0.2163130165932709,26.620748920748063,-16.817257050437068,0.2134406235124029,3.4165583244793574,-24.989632423225203,-1.5584960756947772,0.9096743273603949,0.06764942895204687,0.6135571307281453,23.71039157458243,-22.183332452871966,-0.6895335989406761
0,1780392011.6814735,4.49273326742456,-24.25987647052188,5.44563536290183,2.192617928811273,0.0,1.346865978544583,0.23308499999999688,6.1828202205651985,0.19420087029255106,26.541638023756928,-16.77415099511719,0.23434150045858715,3.4172817406163367,-25.041680351285247,-1.5254406794762894,1.176325295338542,0.06902129371720223,0.7229596076409183,23.754492416189166,-22.211784348225375,-0.6562377483622859
0,1780392011.7314734,4.49273326742456,-24.15349643837949,5.469523856682119,2.475243739843134,0.0,1.3024776401796987,0.23308499999999688,5.516545407254508,0.1643613746147331,26.448224966164215,-16.723251958684298,0.2582299942388744,3.4183756225671504,-25.107444873343187,-1.487459376301611,1.4672071180996697,0.05937455376404567,0.8137138532840097,23.81122674247046,-22.246533293514297,-0.6178986737902461
0,1780392011.7814734,4.49273326742456,-24.03293172737109,5.482513180490288,2.7203530384894803,0.0,1.1813413782260853,0.23308499999999688,4.776897826212988,0.1316610765636484,26.34235624187203,-16.66556606129781,0.271219318047045,3.4199355844210126,-25.186517614585348,-1.4460770262315872,1.7221950048407118,0.03701372080467065,0.8627437460663387,23.880739268368913,-22.286768889236363,-0.5760182364215845
0,1780392011.8314734,4.49273326742456,-23.898257295433158,5.481269426424035,2.918973584535833,0.0,0.9626811745698508,0.23308499999999688,3.768652377084187,0.09745540111235607,26.22409767197383,-16.601129167646448,0.2699755639807915,3.422022614446722,-25.276903739200783,-1.4036280072199343,1.9375083473530381,0.00505048757488618,0.8621042620218086,23.96166596559745,-22.331004829404513,-0.532925129167003
0,1780392011.8814733,4.49273326742456,-23.742611397048247,5.511460218670842,3.0835510595735345,0.0,0.6785816694269885,0.23308499999999688,2.8079470143985312,0.06100229370389559,26.087423909265823,-16.526658178185574,0.30016635622759935,3.4246566324232517,-25.376207228828257,-1.362639136470261,2.099861506432822,-0.0313389352425204,0.8103631063300121,24.051997048115002,-22.377895613460666,-0.49115977802710686
0,1780392011.9314733,4.49273326742456,-23.600507027978132,5.541812002408574,3.1876136939301394,0.0,0.4152159149133221,0.23308499999999688,2.059705353156892,0.03171251218485876,25.962641059093762,-16.458666325646075,0.3305181399653314,3.4278065515740295,-25.481822407357914,-1.3257266607669926,2.212294494110983,-0.0665631260610215,0.7053408393387348,24.149197086383282,-22.426394633652862,-0.4533720947185591
0,1780392011.9814732,4.49273326742456,-23.4421245725042,5.545412183416066,3.271691747505134,0.0,0.1424822027636511,0.23308499999999688,1.531650124460117,0.004335708030651175,25.823564306277422,-16.382885991600794,0.33411832097282357,3.431413958313587,-25.5915315723036,-1.2949156705941114,2.2860928736365866,-0.09340821634250086,0.5707817050007606,24.25084655314457,-22.4759240024934,-0.42163017273011194
0,1780392012.0314732,4.49273326742456,-23.280333672885398,5.533494119329914,3.3405575731948787,0.0,-0.07742838240607304,0.23308499999999688,1.3669396029951395,-0.0141424042312873,25.68149457458343,-16.30547483907186,0.32220025688667064,3.4354078495443083,-25.703720031828297,-1.271516404274128,2.3332146072183777,-0.10972872489927561,0.4127751346560764,24.354935992960414,-22.52636131864776,-0.39728914841052365
0,1780392012.081473,4.49273326742456,-23.114969731687026,5.514006031711111,3.3991645671831896,0.0,-0.23151858854839721,0.23308499999999688,1.0417401199646208,-0.027003506608468744,25.53628732984181,-16.2263541140802,0.3027121692678669,3.439723981975895,-25.817546613460834,-1.2560362740023618,2.372368791925448,-0.11348294986553396,0.25623156755683085,24.46012401152899,-22.57799799801504,-0.3808963192969781
0,1780392012.131473,4.49273326742456,-22.95153991944807,5.49978342854529,3.43666045338916,0.0,-0.3276339607609923,0.23308499999999688,0.6485453892350053,-0.03384963268425207,25.39277845740032,-16.148158800543946,0.28848956610204723,3.4442954585916365,-25.93246598932266,-1.2480923983818057,2.395774848384285,-0.10644217602503997,0.11255805286152956,24.56534977378349,-22.63125723941197,-0.37210473986038206
0,1780392012.181473,4.49273326742456,-22.784519178729873,5.488338675195727,3.4565334731581387,0.0,-0.36486240345845394,0.23308499999999688,0.28435038158629655,-0.035171474906766295,25.24611636529827,-16.068245356303915,0.2770448127524823,3.4490333312538546,-26.04770924916416,-1.2467398818744357,2.4000764534304024,-0.09100138267472994,-0.0073252231379704325,24.669400590837462,-22.686400373474314,-0.3700028366427217
0,1780392012.231473,4.49273326742456,-22.618055510875504,5.477651478738739,3.4623227736839026,0.0,-0.33930892470683965,0.23308499999999688,0.09888522065752034,-0.030081563138070092,25.099943442812584,-15.988598451483178,0.2663576162954957,3.453845000037682,-26.162488706760783,-1.250566309175375,2.386641276540639,-0.07032474201428272,-0.09563075925054,24.771183653689587,-22.7435189540277,-0.3732027720031219
0,1780392012.281473,4.49273326742456,-22.452527304089998,5.467972851989673,3.4661692376456363,0.0,-0.24256807929683932,0.23308499999999688,0.05790198646145808,-0.01866011005118072,24.954591955298685,-15.909399131289618,0.25667898954642965,3.4586568169024394,-26.276263009342717,-1.2577591325514867,2.3642763516053864,-0.0474181818471858,-0.14420687286639333,24.86999959755758,-22.802617819815556,-0.3799046948686322
0,1780392012.3314729,4.49273326742456,-22.287989225809117,5.4595679039133564,3.4671169867440006,0.0,-0.09713212774096071,0.23308499999999688,0.013081382514720193,-0.00362084462369613,24.81010990661803,-15.830673552133874,0.248274041470113,3.4634276656245913,-26.388847788434273,-1.2661862442416854,2.340061243726799,-0.025103482577614022,-0.1480625409088128,24.96561257564871,-22.86370153135023,-0.3879789688747879
0,1780392012.3814728,4.49273326742456,-22.13170138227987,5.452736816307018,3.465667354512448,0.0,0.062258006022374066,0.23308499999999688,-0.027994875029219674,0.012442018134014327,24.67287244734469,-15.755895414906345,0.2414429538637748,3.468140170364818,-26.50018851244519,-1.2737179561313536,2.3137114093552364,-0.006181777011210098,-0.11146393666773341,25.05799101132907,-22.926729731639515,-0.3952930312040954
0,1780392012.4314728,4.472896047365213,-21.95831866509641,5.447812823570325,3.464410973828498,0.0,0.25667496471655243,0.23207363341106316,-0.018485223759990364,0.030580804104974244,24.5015223792488,-15.707949926097507,0.2356060507172124,3.472791318235551,-26.61019528381343,-1.2785997853402902,2.2854208553578736,0.0073676161216177285,-0.044605983025286,25.14711853451179,-22.991585957280236,-0.4000875816900349
0,1780392012.4814727,4.48653685488863,-21.793923287078325,5.445116500936404,3.462001575495083,0.0,0.42613718686354596,0.2327690865508673,-0.035761164068519,0.04648477766346866,24.36802430385208,-15.609399055701903,0.23331686058546985,3.477414308860185,-26.71880573688602,-1.2794492291273678,2.2578125927393957,0.015411742531623265,0.047675925847686776,25.233014979354195,-23.058150948676136,-0.4009758269853645
0,1780392012.5314727,4.526337775526072,-21.629607053851224,5.444859969441054,3.459367879041856,0.0,0.5570371683831962,0.23479826812071844,-0.038503293270425586,0.05794162264602273,24.318061694235695,-15.356429713039713,0.2403811215327778,3.4820092004932355,-26.825950974394484,-1.2753924429099848,2.2293488089267175,0.01741200825166282,0.15068784991880863,25.316678487793233,-23.125113638642585,-0.3970210279157609
0,1780392012.5814726,4.586211364962175,-21.450050655801093,5.447104646049615,3.457705345023105,0.0,0.6600991789786289,0.23785082022903023,-0.0007131449973003796,0.06572190588826084,24.317803573065433,-14.971992743173047,0.2556251842308477,3.4865857767569635,-26.93152563401576,-1.2663176479047973,2.200634305809571,0.013750087528419271,0.2487384272362007,25.40111954024878,-23.188678841559913,-0.3879312032001012
0,1780392012.6314726,4.641648411465909,-21.296823158208895,5.451754878279475,3.456486238126605,0.0,0.70218995367473,0.24067718281689796,-0.01225309281010431,0.06828642920229232,24.27938975910322,-14.71204242037689,0.2676727582182892,3.491162494565595,-27.035475438735514,-1.2527101735917192,2.173537771547333,0.0060777815463035345,0.3332842468861853,25.48652577512245,-23.248534096470795,-0.3741804061629246
0,1780392012.6814725,4.698545175813516,-21.128360353271013,5.458547803728397,3.4560884225201454,0.0,0.7079250561396007,0.2435779666115752,-0.0032814586674660036,0.0669696297445375,24.265776879924996,-14.363789223055072,0.28616321883102636,3.495774194476756,-27.137734345276293,-1.235496708285571,2.145652123893787,-0.004225104931752335,0.3951892168845744,25.572936606552382,-23.304525091621663,-0.35669275231569797
0,1780392012.7314725,4.741668027639361,-20.957838330884233,5.467144826249793,3.4564719976817626,0.0,0.6596269503464555,0.2457765111367515,0.03457477377308802,0.05995811392912388,24.10940589307748,-14.29533955833153,0.29231683836187905,3.5004417202769056,-27.238213675453473,-1.2158838383038983,2.1180311988670306,-0.015322489694532591,0.43194897494494017,25.660407507108893,-23.356440218834386,-0.3366697332381441
0,1780392012.7814724,4.762397016222595,-20.786110218447877,5.4772010571849785,3.457719222796785,0.0,0.5539738126479097,0.24683334301202184,0.005496595909814328,0.04739184043456892,23.986914774493243,-14.155960477863111,0.304747905869057,3.505190636335125,-27.336910741680008,-1.1952859579461612,2.0923573793911263,-0.02632459468734913,0.43788965257819346,25.749115265417664,-23.40405324957391,-0.31551759861332407
0,1780392012.8314724,4.748893099032427,-20.61471283725429,5.4883992232115695,3.45933078504617,0.0,0.4017918390440492,0.24614486899071225,0.041347056399752155,0.03095641472073566,23.810538528353092,-14.125762314492793,0.3141148582142961,3.5100378989242786,-27.433827816396388,-1.1753379136364035,2.065589541853024,-0.03629803385757757,0.4095027918450738,25.839263825146908,-23.447109215049906,-0.2948613601490848
0,1780392012.8814723,4.742285658789577,-20.442928571381454,5.500499197722835,3.460498089740847,0.0,0.21352371620039295,0.2458079999999967,0.016199233483800576,0.013112510946877808,23.6491695960456,-14.06443613782072,0.32570579690939816,3.5149988117702153,-27.529020622899097,-1.1577081761687502,2.0412692315243617,-0.04412587512924102,0.34853032115033744,25.93112904340406,-23.48534544405955,-0.2763577962969004
0,1780392012.9314723,4.742285658789577,-20.272996409792615,5.513358764823782,3.4616144418698362,0.0,0.024625825570198483,0.2458079999999967,0.022383418045902683,-0.0038762627514063257,23.497083290247478,-13.988629178173632,0.3385653640103463,3.520042548189496,-27.62259494621311,-1.143821921037818,2.0163393022700857,-0.048749932630238385,0.2624030726024916,26.02485169715581,-23.5187366446146,-0.26142857011290754
0,1780392012.9814723,4.742285658789577,-20.10121929892182,5.526933974209483,3.4617898718746094,0.0,-0.14519104885947848,0.2458079999999967,-0.005047568845495897,-0.01831238584235567,23.34334578718302,-13.911999184237683,0.35214057339604565,3.525128987850174,-27.7146522635238,-1.134635920552297,1.9923143880700862,-0.04955589081842149,0.16212084967938445,26.120455640683403,-23.54738868976383,-0.25103294346147953
0,1780392013.0314722,4.742285658789577,-19.922881828430434,5.54128300792043,3.462437894573682,0.0,-0.2841228513039467,0.2458079999999967,0.013256796703571855,-0.029942043389140312,23.183736877257886,-13.83244260529052,0.36648960710699185,3.5302198223660195,-27.80531075226674,-1.1305272467557432,1.9674570115174765,-0.04658898242316683,0.05970108668970592,26.217898070877652,-23.57151203245155,-0.2455548996444996
0,1780392013.0814722,4.742285658789577,-19.75784918614785,5.556575299827371,3.462414656905439,0.0,-0.37257794902353486,0.2458079999999967,-0.005854550480650044,-0.03768440539786331,23.036035555352793,-13.758821327617149,0.38178189901393367,3.5352760408108277,-27.89471272558069,-1.1313573532905403,1.943959893072295,-0.04068538903936279,-0.03604422336722041,26.317063440477575,-23.591442636428596,-0.24486779503902056
0,1780392013.131472,4.742285658789577,-19.58747361960994,5.573080204011986,3.462959114166048,0.0,-0.4372887382229482,0.2458079999999967,0.014372578409923805,-0.042554209889773695,22.883552409897916,-13.682816564442067,0.39828680319854826,3.540260608643457,-27.98300656010947,-1.1365567680052755,1.9198575931211268,-0.03270132663360967,-0.11670789218065837,26.41776626895572,-23.607612265780368,-0.2484181981445377
0,1780392013.181472,4.742285658789577,-19.415259680100405,5.598211992075665,3.4640172170869974,0.0,-0.4651363379107724,0.2458079999999967,0.023359952085971934,-0.04387675299538863,22.729423952859168,-13.605991700678768,0.42341859126222836,3.5451401652349372,-28.070328983214583,-1.145291535203006,1.8970233373205987,-0.02390841665683622,-0.1796899861128273,26.519472739585552,-23.620866449131636,-0.255407386563522
0,1780392013.231472,4.742285658789577,-19.246034967959375,5.622576617182043,3.4648488600719056,0.0,-0.44524832733010566,0.2458079999999967,0.014300810909152376,-0.04061725775279442,22.57797080191561,-13.53050033515607,0.44778321636860596,3.549888925900706,-28.156824686693426,-1.1565908837388368,1.874850936440137,-0.01503124660824402,-0.22207577356075636,26.61865737046354,-23.635779328826864,-0.26506944055742565
0,1780392013.281472,4.742285658789577,-19.076943015831304,5.632311163397469,3.465797881066348,0.0,-0.3741751780100562,0.2458079999999967,0.01630356744476555,-0.03196351720425694,22.42663646885643,-13.455068194048877,0.45751776258403254,3.5544888623918394,-28.242568611735063,-1.1693103432447136,1.8524674852919127,-0.0063689659791693505,-0.23983871768623388,26.714417966982264,-23.653615594983087,-0.2763130201528825
0,1780392013.331472,4.742285658789577,-18.90848714284629,5.634594875287943,3.4660593917444165,0.0,-0.2666804407723555,0.2458079999999967,0.016173627219211038,-0.019989751349841905,22.275871415480147,-13.37991980867973,0.4598014744745065,3.5589343754800886,-28.32758389977851,-1.1821009182273128,1.8304850717025885,0.0019360202763873315,-0.2287449656182295,26.80691505174561,-23.67424526518084,-0.2877802183280411
0,1780392013.3814719,4.742285658789577,-18.740669274182455,5.631638083868617,3.466248044134203,0.0,-0.11903771724413248,0.2458079999999967,-0.008786362358860185,-0.005249356797142058,22.12567736478743,-13.305056037873115,0.45684468305518067,3.5632322974591597,-28.411865149137608,-1.1935923183715285,1.808802121875144,0.009138363063263922,-0.19149210107080178,26.89635566092606,-23.697429452216447,-0.2980883928144169
0,1780392013.4314718,4.742285658789577,-18.57261394740413,5.6240908355976424,3.4659040955017657,0.0,0.043898445306078254,0.2458079999999967,0.012994540093433125,0.010700183549815782,21.97527079324476,-13.230086336690903,0.4492974347842065,3.56739795551556,-28.495343701822517,-1.2025685670391184,1.7861717324848079,0.01487587960184356,-0.1313976354534564,26.982922996304097,-23.7228523713579,-0.3060080963077625
0,1780392013.4814718,4.742285658789577,-18.406098655715194,5.612946595415991,3.4646527421575013,0.0,0.21219211702740218,0.2458079999999967,-0.047712523134407075,0.025806705053916953,21.826242526111074,-13.155803647177258,0.4381531946025543,3.571456336871378,-28.577950160151406,-1.2080614060788233,1.7648855390494007,0.018819757058894812,-0.05472144007601068,27.066816099407973,-23.7501722484999,-0.31055705131864286
0,1780392013.5314717,4.742285658789577,-18.23898133093541,5.601058465318889,3.4634613320363727,0.0,0.3383453368358503,0.2458079999999967,-0.019564748014738412,0.0355848961559367,21.676675449914402,-13.081252389914003,0.42626506450545243,3.5754351621195637,-28.65955747263911,-1.2094973152290713,1.7407810364036158,0.0206760504105514,0.029325019114226733,27.14816065809968,-23.779042501193732,-0.31114945087017043
0,1780392013.5814717,4.742285658789577,-18.070782853458276,5.596738761039395,3.470945476045417,0.0,0.4332113542377302,0.2458079999999967,0.35065339820312197,0.043118586683807004,21.52614076100566,-13.006218829017733,0.4219453602259584,3.5793602388363523,-28.74005380288837,-1.2069657007063024,1.7183386198279742,0.019720452855238903,0.10405719751867837,27.22704516347819,-23.809184303523253,-0.30786514482820104
0,1780392013.6314716,4.742285658789577,-17.89244965836593,5.601362351857106,3.461222062495213,0.0,0.48656683647335147,0.2458079999999967,-0.4570266597453997,0.04615674164308402,21.36653567748772,-12.926664157331679,0.4265689510436701,3.583278241658283,-28.819836123940593,-1.2010095928122357,1.714510360927305,0.01715334744262944,0.16723104701800856,27.30399257497093,-23.840587287586615,-0.30123636945552956
0,1780392013.6814716,4.742285658789577,-17.733218096578433,5.612430270835886,3.4428140925314668,0.0,0.489270478533031,0.2458079999999967,-0.29505200505759743,0.044954343798060896,21.22402622093576,-12.855630749258086,0.4376368700224482,3.5871853058653476,-28.898333644335263,-1.1923919484906107,1.670573581920849,0.013265842513243259,0.21156616623834898,27.37854209422569,-23.872921690400855,-0.2920262007559664
0,1780392013.7314715,4.742285658789577,-17.56551459054344,5.627628683848183,3.4342460488017768,0.0,0.4448843116585114,0.2458079999999967,-0.17598126922059287,0.039135284889465126,21.073934522791138,-12.780817995769844,0.4528352830347462,3.591058535619853,-28.97477219959046,-1.1821647172991843,1.6352449323491298,0.00874924990417733,0.23322450676512332,27.450024607903977,-23.905792406346745,-0.2812887172820586
0,1780392013.7814715,4.742285658789577,-17.39210380319306,5.640973144925539,3.427255957291602,0.0,0.355734604694667,0.2458079999999967,-0.12476934118522237,0.02935416586858454,20.918734907914963,-12.703459216618626,0.46617974411210206,3.5949182666031967,-29.049486607780253,-1.1715203935519007,1.606331228047474,0.0039044244629249667,0.2303800079995413,27.51877844161273,-23.939317777950247,-0.27021232180396293
0,1780392013.8314714,4.742285658789577,-17.222626595276974,5.6494318025877535,3.4255663686114963,0.0,0.23720655250239062,0.2458079999999967,-0.006924046215707712,0.018048742210354664,20.767055777678852,-12.627855212400277,0.4746384017743175,3.598769556011718,-29.12271060047002,-1.1616635821323402,1.5803956179229977,-0.0009473911946354541,0.20391793380126289,27.585002321679593,-23.973628477122574,-0.2600004006469554
0,1780392013.8814714,4.742285658789577,-17.05356034944812,5.651694426649129,3.427488142423306,0.0,0.10240306856992637,0.2458079999999967,0.060877056210704585,0.005285520034006023,20.615744451306853,-12.5524345389068,0.4769010258356925,3.6026113395517894,-29.194695614362193,-1.153593882808987,1.5606816934670356,-0.005143444760530123,0.16056964037109342,27.648891311814566,-24.008887468195415,-0.25165211954043354
0,1780392013.9314713,4.742285658789577,-16.88484451299594,5.646514808871437,3.436579212177855,0.0,-0.0342415807688799,0.2458079999999967,0.23216030452309594,-0.00869380449471811,20.464746735184484,-12.477170183494781,0.47172140805800034,3.606438812518765,-29.265725969196293,-1.1480365362666662,1.5445994339051425,-0.008653321357004291,0.10463720469815527,27.710662753477997,-24.04528174150569,-0.24589236428646855
0,1780392013.9814713,4.742285658789577,-16.713448749954726,5.631089856645725,3.451547611650467,0.0,-0.18738302558756914,0.2458079999999967,0.3735099379692194,-0.022647514825997382,20.311350531742672,-12.400710309324612,0.4562964558322875,3.610245794219307,-29.336160654574062,-1.1455334354744202,1.5372032154301818,-0.011623279553849468,0.03925544350637812,27.770803214765706,-24.082777074454672,-0.24325104800640585
0,1780392014.0314713,4.742285658789577,-16.54169714993336,5.602928680387569,3.4659410330206657,0.0,-0.3145441804992551,0.2458079999999967,0.11527239211655554,-0.034293591114559624,20.15763586044126,-12.324091695811973,0.428135279574132,3.6140274597986815,-29.40644758714436,-1.1464279592297522,1.5368496182856592,-0.013953229920803962,-0.031005937862685157,27.831085822947156,-24.119852193481297,-0.24399294645010627
0,1780392014.0814712,4.742285658789577,-16.357632940881984,5.574038212224821,3.4553790383892817,0.0,-0.4510623713760434,0.2458079999999967,-0.005211092425472956,-0.04582863348461522,19.992901619891736,-12.241980411299558,0.3992448114113838,3.6177525618877677,-29.476538715413685,-1.1507423079859163,1.5235843190291767,-0.015148343491304426,-0.09830594921176683,27.891688976420596,-24.156203055085726,-0.24812745447090911
0,1780392014.1314712,4.742285658789577,-16.199979959682697,5.550705332040196,3.461044812038881,0.0,-0.5362523348181929,0.2458079999999967,0.13432226347270504,-0.05292802140364526,19.85180496529451,-12.171651210091996,0.37591193122676003,3.621374454899475,-29.54608633492012,-1.1583275170049325,1.5043644970909877,-0.01585532419850949,-0.16295284910029956,27.95223834864388,-24.191741920030942,-0.2555097346024331
0,1780392014.181471,4.742285658789577,-16.027520958091934,5.528368282818997,3.4636596973161264,0.0,-0.599620794800225,0.2458079999999967,0.0405578671663267,-0.05705774000121269,19.697457181988877,-12.09471702381359,0.3535748820055602,3.6248751834703454,-29.61518273165134,-1.1687773614385728,1.4922536882235793,-0.015376174301629731,-0.2152571294454025,28.012732174850818,-24.226619318890357,-0.2657371352421847
0,1780392014.231471,4.742285658789577,-15.857343068653089,5.5075900728201885,3.4648003130161795,0.0,-0.6017413066525573,0.2458079999999967,0.04137285681637651,-0.055298027859172504,19.545150954072483,-12.01880044465107,0.3327966720067508,3.628244121292976,-29.683926854145998,-1.1814217249763417,1.4756014240997615,-0.01407352885339579,-0.2532985789636718,28.073179741822337,-24.260982659699657,-0.2781430146129491
0,1780392014.281471,4.742285658789577,-15.688905820801244,5.488937389336759,3.465601284481585,0.0,-0.5496737243175283,0.2458079999999967,-0.008893552767204306,-0.048421245102622204,19.394402569863896,-11.943660367978204,0.31414398852332326,3.6314703226523593,-29.75223339545015,-1.1953282962502894,1.4592773243255215,-0.011500995090134272,-0.2693087669738766,28.13344079796028,-24.29487157407958,-0.29179875972081026
0,1780392014.331471,4.742285658789577,-15.522542605177367,5.472912182175204,3.4658856998130463,0.0,-0.4422578713202549,0.2458079999999967,0.015732874190703666,-0.03676821519807837,19.245510408142618,-11.869445519796177,0.29811878136176695,3.634555337647099,-29.820038354168794,-1.2093300045244628,1.4407876011463792,-0.007884137763584568,-0.2609442570554491,28.193415921401,-24.328308466954393,-0.305540078471056
0,1780392014.381471,4.729314856294492,-15.356277301878146,5.459907657658329,3.4649973894240333,0.0,-0.2904300316980791,0.24493231157958695,-0.024208355410013403,-0.02147531566560562,19.089137256938454,-11.810451440661165,0.2848545053513263,3.6375107062146346,-29.88728202747681,-1.2222020765748256,1.423881736222158,-0.0034785660401444526,-0.22805325548546412,28.253035216457636,-24.361285312653635,-0.3181438709973854
0,1780392014.4314709,4.724406945902201,-15.192247694565614,5.450196461988407,3.4651549962536414,0.0,-0.11983279881970428,0.24460096737011594,-0.0006462721782346734,-0.004776956671419287,18.94122842957944,-11.73949377452326,0.27530055167679635,3.640365066609354,-29.953897399935524,-1.2328019833940858,1.4053377824117599,0.0013321139152999584,-0.1735489269253235,28.312272361194683,-24.39372692638316,-0.3284671727768673
0,1780392014.4814708,4.749387697264506,-15.027289740753558,5.443898283004319,3.4627215564253935,0.0,0.06819940672360535,0.24628747479395463,-0.031117294575063188,0.01376587637069307,18.809168715711568,-11.634658407348923,0.269662251004938,3.643136560226127,-30.019804786241924,-1.2402510359505918,1.3882074544611223,0.005929755832564109,-0.10461426566463021,28.37107821394184,-24.425566579220874,-0.3356312012051652
0,1780392014.5314708,4.7964897283679955,-14.863157985497756,5.440965110382104,3.461531523587451,0.0,0.2472351618248889,0.24946744019939004,-0.040693626755689424,0.03026095972239761,18.74123866600838,-11.401064963114123,0.27559331361454653,3.6458335326450677,-30.084919486090556,-1.243925232784394,1.3695664324585415,0.010402082442802616,-0.02450815158923203,28.429382087309715,-24.456756809959515,-0.3390124783357402
0,1780392014.5814707,4.85917972600316,-14.686826461895985,5.441197305908397,3.459949492088216,0.0,0.42118846459709464,0.25369978473053467,0.019172338933887142,0.04637485839337839,18.723412083382392,-11.02813158893455,0.2938583996752815,3.648468660569942,-30.14911105605296,-1.2435741433884442,1.3503361310240423,0.01395867954347978,0.055863214312195875,28.487093503091682,-24.48720130070548,-0.33836036252610135
0,1780392014.6314707,4.9149336771335745,-14.534046255788303,5.444264665580106,3.4592728192015576,0.0,0.5510186155335514,0.25746386096371265,-0.03168185811733135,0.05690713435665938,18.688974650007985,-10.735395379560853,0.3103579295673278,3.651061903205613,-30.212352222700794,-1.2392508943541956,1.3338670734937632,0.017021872168162384,0.1344089268400745,28.54422994852947,-24.51683322232369,-0.33372656750066243
0,1780392014.6814706,4.967898611794654,-14.369403469017312,5.449752542493696,3.46122401349725,0.0,0.6536112128124992,0.2610396443424235,0.061466805500135134,0.0651597492951794,18.55658630776346,-10.628472448351593,0.3151799855157176,3.6536391208279952,-30.274579403303097,-1.2314034097397535,1.3147665532120119,0.018580846134596398,0.19844364584329524,28.600806630663058,-24.54552967257794,-0.3255563972804567
0,1780392014.7314706,5.0025916176249785,-14.203836133633839,5.457199191091274,3.462307770885038,0.0,0.6971182618277126,0.2633818481872771,0.03984374496711257,0.06680874676299933,18.49224330924289,-10.36437670990615,0.3352890463207885,3.6562189403286647,-30.33578474951475,-1.2207354126630863,1.3002497951301357,0.01936005583128283,0.24906935202751548,28.656870924178975,-24.573216822456246,-0.3145513524259247
0,1780392014.7814705,5.01066507847471,-14.02843292549189,5.46616282190114,3.463692668863471,0.0,0.6749875155954389,0.26392690591839435,0.023658716969216398,0.06253995311814205,18.35290860441623,-10.244629972335304,0.3475525873477672,3.6588230758547513,-30.396018883578833,-1.2081611194462785,1.2847906747381042,0.01858672800089212,0.27760954477854677,28.712533959847402,-24.599834039967053,-0.3016225918547515
0,1780392014.8314705,4.991825454613807,-13.85628071540432,5.472790784013331,3.464145197404369,0.0,0.5916043404067882,0.26265499999999653,0.022791412376173305,0.05151153476506877,18.144671798662213,-10.291838820633389,0.346472053860607,3.661464110259803,-30.455243495560254,-1.1948669388069013,1.2688628497624617,0.01630377184658482,0.28119015600975283,28.76781573683567,-24.625292538657135,-0.28795430609883965
0,1780392014.8814704,4.991825454613807,-13.696261497840336,5.483794511515611,3.462857530473373,0.0,0.4476919170445196,0.26265499999999653,-0.0308796034269566,0.036822004911571636,17.998166634405123,-10.2274774437386,0.3574757813628864,3.6641479928950957,-30.513485935614348,-1.1821846930543416,1.2533829393439548,0.012380424553148944,0.2568642078072555,28.822770681682027,-24.64956584528249,-0.2748768075529493
0,1780392014.9314704,4.991825454613807,-13.525037548627422,5.504763079649262,3.4614008750404315,0.0,0.26468045697664727,0.26265499999999653,-0.014441698445639308,0.017873304026214273,17.84140300822282,-10.158609408408402,0.3784443494965366,3.6668449488221877,-30.570756451771544,-1.1713470915225512,1.235551084874066,0.0075983992618398255,0.21034642352599794,28.87731579824677,-24.672775439392836,-0.2636267171499309
0,1780392014.9814703,4.991825454613807,-13.352310012829584,5.527471941318382,3.4600671029208994,0.0,0.05059432646626968,0.26265499999999653,-0.012408717259495656,-0.003470799533064288,17.683262777386695,-10.089136615072517,0.4011532111656564,3.669532452764776,-30.62710397603305,-1.1634020854768297,1.2187901593167547,0.0019909863778660337,0.14380085444993296,28.931411972674994,-24.695049783389944,-0.2552554004696139
0,1780392015.0314703,4.991825454613807,-13.181685359581724,5.548039244995699,3.4602701708952046,0.0,-0.15204336575684413,0.26265499999999653,-0.01868597282760096,-0.022527413551002528,17.527047835013345,-10.020509622749941,0.4217205148429741,3.6721870060155704,-30.68265529921827,-1.1591828826672228,1.2022462341567688,-0.0040550659232475375,0.06302301721132302,28.98506787790469,-24.716582987845516,-0.2506001524486101
0,1780392015.0814703,4.991825454613807,-13.010386259138228,5.565034440584396,3.4607808408655063,0.0,-0.34375294234176307,0.26265499999999653,0.037401453876120636,-0.03968283105604981,17.370215404324004,-9.951611360821031,0.438715710431671,3.6747854685733525,-30.737501867468573,-1.1590176002835566,1.1854510853318319,-0.009363969314591773,-0.018565264783197463,29.038116777715516,-24.73773724110549,-0.2500009856385903
0,1780392015.1314702,4.991825454613807,-12.8395215652375,5.581261656084877,3.4607782242878726,0.0,-0.497222670471703,0.26265499999999653,-0.022354491289605607,-0.053301103974023475,17.213780693376528,-9.882887821676363,0.45494292593215135,3.677310738014291,-30.791781991345367,-1.1627799816232276,1.1715069109268368,-0.013872711621907986,-0.09524443449204968,29.090093899019053,-24.759335144011718,-0.253361399526868
0,1780392015.1814702,4.991825454613807,-12.669978872409091,5.59431456810802,3.46042685536128,0.0,-0.6164978214161345,0.26265499999999653,-0.009574474597681017,-0.0624768558799589,17.058556336955192,-9.814696004974575,0.46799583795529465,3.679746194836318,-30.845556330537573,-1.1700460105068327,1.154677971443787,-0.017299496747529723,-0.16083277192229511,29.140974833356324,-24.781509002138073,-0.2602605201089254
0,1780392015.23147,4.991825454613807,-12.50152704371921,5.5894545927272015,3.45805979243452,0.0,-0.6654989299379704,0.26265499999999653,-0.04114931335988844,-0.06405625465195586,16.904330718261924,-9.746942945061063,0.46313586257447703,3.6820782899624023,-30.89881556417465,-1.1801218689561852,1.1386909642060081,-0.019454712079123384,-0.21060905142375955,29.190748324419634,-24.80426024908125,-0.27000415000179157
0,1780392015.28147,4.991825454613807,-12.333732015734439,5.570824056554157,3.457992224162102,0.0,-0.6556975319279145,0.26265499999999653,-0.005202966187596327,-0.06033168812634094,16.750706431687707,-9.679454057153698,0.4445053264014316,3.6843036390586312,-30.95155414951079,-1.191968219334562,1.1214866137822732,-0.019584278559828153,-0.23589130835438749,29.239443927767518,-24.827543742228663,-0.28155090897778523
0,1780392015.33147,4.991825454613807,-12.169723653861594,5.55036178440119,3.4581383970447424,0.0,-0.5796718903871085,0.26265499999999653,0.017436785734401047,-0.05114421556035753,16.600549017087744,-9.61348820534484,0.42404305424846456,3.6864274873135576,-31.003770667766197,-1.2043922744643003,1.106455824751363,-0.018114669733470607,-0.23800321738006325,29.287119975578698,-24.85128369545182,-0.29370491274371346
0,1780392015.38147,4.991825454613807,-12.005024024421443,5.527675050122596,3.460460811762061,0.0,-0.444678852725649,0.26265499999999653,0.04084705633134285,-0.03723805156040499,16.449758714325746,-9.54724431860298,0.40135631996987087,3.6884632432151507,-31.055509445532223,-1.216260427711828,1.0929015065462284,-0.015147822643274222,-0.2178375695111408,29.33388933927438,-24.875408320550747,-0.30532876942983966
0,1780392015.43147,4.991825454613807,-11.844973560199305,5.50232362160487,3.463864326239487,0.0,-0.2640544585198653,0.26265499999999653,0.06530490713370747,-0.018825136788647362,16.303224942274824,-9.482870373980559,0.3760048914521459,3.690428618237633,-31.106784466861775,-1.2265285903178684,1.080781697864167,-0.010879566176371622,-0.17779196868314198,29.3798441038128,-24.89982278963485,-0.3153745967597854
0,1780392015.4814699,4.991825454613807,-11.668211020285307,5.476249501222022,3.4664619128587293,0.0,-0.03389780815305438,0.26265499999999653,0.030196472781832975,0.0030068235695848646,16.141390474272594,-9.411774660443925,0.3499307710692978,3.692345650551378,-31.157597137999737,-1.2342612762569698,1.070035843552092,-0.005385212829886486,-0.11977392897283748,29.425067675940994,-24.92442265326124,-0.3229032081175047
0,1780392015.5314698,4.991825454613807,-11.517198868714912,5.454944915495773,3.466722107384378,0.0,0.15368663075279967,0.26265499999999653,-0.017813817596851418,0.020783602052667365,16.00313170506076,-9.35103601823035,0.32862618534304744,3.694236803592711,-31.20786692305074,-1.238663096474637,1.0575644453880078,0.00107420129160685,-0.04717187920666835,29.46956837717269,-24.94906633506961,-0.32711608670544345
0,1780392015.5814698,4.991825454613807,-11.354128180158206,5.446862729726854,3.464709670419615,0.0,0.34787488623954615,0.26265499999999653,-0.0585804817918218,0.03858986118706891,15.853832774743443,-9.285447308283718,0.32054399957412905,3.6961172168709133,-31.257439129793013,-1.239507857015271,1.0427270302342206,0.006618352804754943,0.022555274504661674,29.51326764080252,-24.973603143562507,-0.3277851680345143
0,1780392015.6314697,4.972020222472562,-11.193664481433235,5.444758800877601,3.4603866702804003,0.0,0.5029839028501027,0.25997286315434837,-0.09541076720740864,0.05311396621543678,15.666076371374082,-9.312963249540797,0.3112122909383661,3.69799905061003,-31.306159839122326,-1.2369264350969706,1.0259013795769298,0.011830311485121432,0.08992300114200914,29.55607348328518,-24.99790086311426,-0.325040102728789
0,1780392015.6814697,4.985631305119705,-11.024322954711197,5.442032964109476,3.4583738323998476,0.0,0.6320158356490431,0.2618161531504822,-0.02230988310964363,0.06423368103031801,15.538083822402129,-9.184093440668997,0.3131735749943232,3.6999099629012178,-31.353899305525673,-1.2312320032616324,1.0075057845009723,0.016148587528197905,0.1481996598962488,29.59793951896426,-25.021807789713726,-0.3191919556027405
0,1780392015.7314696,5.025408466778488,-10.858686856436885,5.442275531299332,3.457378487983791,0.0,0.7008603270922096,0.2672030019457631,0.0029113175409491814,0.06786301986645774,15.472519666640238,-8.918514850997052,0.3296783353181105,3.70183125572461,-31.400675267815533,-1.222968301553773,0.9928586794372715,0.01946042028212977,0.19460188240469567,29.638830952092935,-25.04539811518437,-0.31078635831473145
0,1780392015.7814696,5.08010669769489,-10.691552693981732,5.4452970177883735,3.4589771083797043,0.0,0.7111581320228056,0.2746105465524796,0.03492189514794343,0.06657639278848515,15.394708414909157,-8.669721968451931,0.34618016107943106,3.7037456933657653,-31.4465953344755,-1.2129942560647768,0.9795230190550828,0.020784072250595066,0.22015436972983568,29.678796053497724,-25.068785587681077,-0.3006835446942029
0,1780392015.8314695,5.140868772301955,-10.523381635161188,5.4508428344414135,3.462640104024173,0.0,0.6692906505792606,0.2828392912578865,0.09260843094110727,0.06059077413673361,15.276353230619213,-8.514408090551274,0.35537904838294665,3.7056391791062397,-31.49173470429047,-1.202304549786373,0.9677469474809699,0.020506809082411506,0.22667998242065232,29.71787152390897,-25.092045967471478,-0.2898788720559815
0,1780392015.8814695,5.19771487305858,-10.35436660370724,5.458603521543411,3.4669538116404306,0.0,0.5704622107705716,0.29053771257824285,0.08525964092929138,0.04939476408039518,15.2339030232281,-8.157031113768806,0.38813332856280347,3.707504468331548,-31.536216232193237,-1.1918039483316745,0.958745684222368,0.018808701218331697,0.2159289376366882,29.756149709266563,-25.115260959178137,-0.27927706660783036
0,1780392015.9314694,5.240896904514577,-10.183656186000395,5.468218094988199,3.4695344347808104,0.0,0.4303675112266248,0.2963856681493805,0.04394759325182663,0.034284909874095854,15.122653636680656,-7.965085868785332,0.40733195224045815,3.7093374936573227,-31.580132180823906,-1.1823584832600675,0.9492611840502969,0.015601268135703023,0.1877385549265655,29.79370695552932,-25.138482919976266,-0.26974379946623683
0,1780392015.9814694,5.261497471069976,-10.013916477208776,5.479303604898005,3.4702846659171414,0.0,0.25071232902402274,0.29917551369147816,0.0006386222018711921,0.017049248646413783,14.961006155151093,-7.91290016940269,0.41574590171818393,3.711134506401252,-31.623475726468516,-1.1747608288623215,0.9376320769105868,0.011169333241457698,0.1447070977340314,29.8305435118005,-25.161700599480127,-0.2620712795556588
0,1780392016.0314693,5.247861909100153,-9.842376335753096,5.491503337713043,3.4686088669619037,0.0,0.08479510979188445,0.29732890856665256,-0.02706905949869907,0.0027623275350727827,14.802343680821515,-7.847292770543744,0.4300447516287953,3.7128954740775963,-31.66620849013597,-1.1696033257596266,0.9238510294253812,0.006022412979261176,0.09185227362984522,29.86664088486982,-25.18487536208499,-0.25685118112571104
0,1780392016.0814693,5.241349786529551,-9.672259119847814,5.50453735169101,3.4672172301688127,0.0,-0.03446051812497923,0.296446999999996,-0.07093472961421438,-0.006539215691713172,14.642089283658883,-7.790200390571071,0.4436319622852878,3.71463190707295,-31.708301726343368,-1.16700562025954,0.9088981854024505,0.0014935817335689997,0.04171668908909069,29.902001039022117,-25.207957820457047,-0.2542021900147309
0,1780392016.1314692,5.241349786529551,-9.50175343490868,5.5182327985387625,3.4748020233302888,0.0,-0.10229916362154376,0.296446999999996,0.19338417869214466,-0.011190477351885761,14.481834332474143,-7.731972053677946,0.4573274091330397,3.716330689915776,-31.749706774033417,-1.1665606089948735,0.8919803992371917,-0.0016333032314056052,0.0033783766336257237,29.936579841146624,-25.230925628752985,-0.2537170347927309
0,1780392016.1814692,5.241349786529551,-9.330698968732811,5.5325535559764,3.4762701407631997,0.0,-0.13298264097028065,0.296446999999996,-0.02043891760528375,-0.012164155156098047,14.321063592561678,-7.6735563059149445,0.4716481665706773,3.717997153892752,-31.790691057016698,-1.167599773847773,0.8884254768722191,-0.0033152403358870266,-0.02058397922204852,29.970605683846582,-25.253920687642772,-0.2547264577776698
0,1780392016.2314692,5.241349786529551,-9.150594861913685,5.547635566227644,3.462587427373373,0.0,-0.10682548263651413,0.296446999999996,-0.2907662726831951,-0.007944435370720952,14.15178727279103,-7.612050071612885,0.4867301768219221,3.7196352706302385,-31.831312105736085,-1.169442773066347,0.8743251264761748,-0.0038004817197194066,-0.031502044778108966,30.004137286017148,-25.27696117612704,-0.2565495245761724
0,1780392016.281469,5.241349786529551,-8.991973429844597,5.563798068163592,3.422629841786802,0.0,-0.05518388278279247,0.296446999999996,-1.1164567008518904,-0.0029293795831044213,14.002702097935071,-7.557880252065308,0.5028926787578705,3.721227481893054,-31.871003157779043,-1.1713596377937119,0.8470362016482463,-0.002805463292571979,-0.027012251407943152,30.036722742061894,-25.299705051889585,-0.2584558549921532
0,1780392016.331469,5.241349786529551,-8.828286602064281,5.582987450267853,3.3302859417896786,0.0,0.010643856814182978,0.296446999999996,-2.2134572086352007,0.0037469278323967693,13.84885605693718,-7.501980580706189,0.5220820608621324,3.7227289712317684,-31.908501712150894,-1.172798450887757,0.7791680564068127,-0.0013173673133117655,-0.015010434665583728,30.067350863836605,-25.321396177671474,-0.2598927172286758
0,1780392016.381469,5.241349786529551,-8.670063146417009,5.6112259171481895,3.173190600517111,0.0,0.0786702601668773,0.296446999999996,-3.6827794613279714,0.01086334434334791,13.700144932319333,-7.447946671613289,0.5503205277424676,3.7240579049458313,-31.941618138891283,-1.1734186495055339,0.6578404633781214,0.0004984734357451083,0.001647260545980125,30.094275422959857,-25.340713341245966,-0.2605176535851905
0,1780392016.431469,5.241349786529551,-8.521663999690617,5.63295315541488,2.952022085870465,0.0,0.14502971001695864,0.296446999999996,-4.743896705302296,0.020885554330986048,13.560667483089503,-7.3972678012089315,0.5720477660091579,3.7251032557142114,-31.96746302331407,-1.173113206257451,0.46536325755466856,0.0018816216699944145,0.014842411675780084,30.115208969904558,-25.355891244213026,-0.2602202025267282
0,1780392016.481469,5.241349786529551,-8.384750700380485,5.6369533214625545,2.700809427712801,0.0,0.23594049047522983,0.296446999999996,-5.251200538988183,0.034682360712795096,13.431985356711609,-7.350511391179403,0.5760479320568326,3.7257551374729836,-31.983242984392295,-1.1719900501539342,0.22309013040742467,0.001038639189603883,0.011020294113323162,30.12795923430329,-25.365198463302676,-0.25910393177261604
0,1780392016.5314689,5.241349786529551,-8.261482309967185,5.636189965121467,2.427377246378031,0.0,0.3219170300820564,0.296446999999996,-5.5285206890788166,0.050677599561070555,13.316127812751379,-7.308414769193918,0.5752845757157452,3.725947397540038,-31.98731336693372,-1.1701436031918198,-0.040914342960580635,0.0026765183507396553,0.05172882750206885,30.131252403367263,-25.367593681114137,-0.25725979442555635
0,1780392016.5814688,5.241349786529551,-8.150501701464776,5.635831522166476,2.1589517235211475,0.0,0.3932487015660916,0.296446999999996,-5.407821732704157,0.0686948106529836,13.21181931415583,-7.2705144712490775,0.5749261327607549,3.725604936776149,-31.97918109478141,-1.171110242022324,-0.31419323282499123,-0.008207446752275959,-0.021319142985797193,30.124686884394464,-25.362790194102338,-0.25822240768280524
0,1780392016.6314688,5.241349786529551,-8.051307295328382,5.63966860698592,1.9329822425862895,0.0,0.4732385748988655,0.296446999999996,-4.155388787612036,0.09140196394768037,13.118588436142222,-7.236639206031468,0.5787632175801978,3.7247182073778347,-31.958903621918704,-1.1755356355458477,-0.5772203353707897,-0.02082909556411138,-0.09369804619683385,30.10826673928935,-25.350876713906736,-0.26263925099908114
0,1780392016.6814687,5.241349786529551,-7.960707628748559,5.6480142867192225,1.7700330827580457,0.0,0.5634047318160341,0.296446999999996,-2.8150198381017004,0.115624738221315,13.03343558537196,-7.205699076909685,0.5871088973135006,3.723361439570412,-31.92822583889853,-1.1834395900029442,-0.7733452259341804,-0.04203219105871984,-0.20214537005627492,30.08331573791195,-25.33299384199728,-0.27053535411252483
0,1780392016.7314687,5.241349786529551,-7.8762519724841145,5.662157151741832,1.6655006249555533,0.0,0.6633411164502151,0.296446999999996,-1.7828542228042346,0.1407260940807314,12.9540573694681,-7.176857150570093,0.6012517623361102,3.721664835623525,-31.890279052228326,-1.19844840772187,-0.8997557261203751,-0.05506291742894024,-0.3461991064533589,30.052269524566384,-25.311110708405817,-0.28554325683002
0,1780392016.7814686,5.241349786529551,-7.795855268435382,5.693770518691175,1.609329681907002,0.0,0.7693359493227279,0.296446999999996,-0.7428059937625674,0.1645865074498727,12.878494083192086,-7.149401371778216,0.6328651292854524,3.7197662114232863,-31.847762898258793,-1.2187930165352883,-0.9721464444757933,-0.08485544582623974,-0.418105271591144,30.01725774630924,-25.2868864295858,-0.3058985728798129
0,1780392016.8314686,5.241349786529551,-7.7154811982365334,5.73795444429309,1.602676466188337,0.0,0.8800651786024631,0.296446999999996,0.170537960402523,0.18535726168441996,12.80295207002793,-7.121953322531759,0.6770490548873678,3.7177830101866034,-31.803003828059733,-1.2427309032005662,-0.9924681351320144,-0.09342426159851858,-0.5270679405835247,29.980153461367866,-25.261701807677202,-0.3298608745058029
0,1780392016.8814685,5.241349786529551,-7.6348679956726695,5.784712496370695,1.6457652611055087,0.0,0.9929026539771021,0.296446999999996,1.182356081031557,0.20142395344994998,12.727185301041139,-7.094423608677362,0.7238071069649727,3.715864999108529,-31.75802616644337,-1.2721253842400957,-0.9663356148884774,-0.10719072163934958,-0.635688248853449,29.94268320415796,-25.23663313201217,-0.3592918278556172
0,1780392016.9314685,5.241349786529551,-7.544773920858637,5.8377173634133435,1.7287056687343225,0.0,1.1132376642102404,0.296446999999996,1.577064028164341,0.2124309379155209,12.642507646061418,-7.063656141057624,0.7768119740076216,3.714102703534529,-31.71501338101455,-1.3052110238415864,-0.8917298611062403,-0.11268382309401542,-0.6732548926091206,29.906705966625232,-25.212845575456342,-0.3924221256274869
0,1780392016.9814684,5.241349786529551,-7.462483906797692,5.8986739263554675,1.8093953360048047,0.0,1.2051736737053984,0.296446999999996,1.7256796083881132,0.2178500853793795,12.565164874815778,-7.035553789729038,0.8377685369497456,3.7125781798704773,-31.675416475370135,-1.3384808665114762,-0.7998538402903709,-0.1104417319175954,-0.6754855807157139,29.87352886414876,-25.191020658222286,-0.4257392131308215
0,1780392017.0314684,5.241349786529551,-7.3633542563858505,5.9671577990122575,1.9228582360483217,0.0,1.3092329797684152,0.296446999999996,2.2131853152783005,0.22310252932259664,12.471994859438396,-7.00170063883651,0.9062524096065356,3.711295541094558,-31.639902664715915,-1.3719197396204559,-0.7021729924229826,-0.10501659200567766,-0.677101775745565,29.843757541674186,-25.17146587091073,-0.45922402336387247
0,1780392017.0814683,5.241349786529551,-7.272547946029804,6.04125799218501,2.0404929136126126,0.0,1.4252253449797787,0.296446999999996,2.5499589829731435,0.22866198286678532,12.386647788233297,-6.970689940082853,0.9803526027792877,3.710256047947508,-31.609254360291043,-1.4054871673603657,-0.5820800642445237,-0.09587158259254175,-0.6776247861729745,29.818074221414065,-25.154578037503736,-0.49283282874637724
0,1780392017.1314683,5.247806775085641,-7.1708783651036825,6.120233095440777,2.1673330009439478,0.0,1.562087776704622,0.2973214420057602,2.4102060262858314,0.23574411006835713,12.291958133559357,-6.9335828542100675,1.0587813626634563,3.7094362638870826,-31.58451562196332,-1.437315839854309,-0.4475852577935562,-0.0967391217881181,-0.5686912328284353,29.797320203754936,-25.140976021990834,-0.524696752895764
0,1780392017.1814682,5.261494186880936,-7.067101001900483,6.203553161077343,2.2858534765377776,0.0,1.6955166242195232,0.29917506892797474,2.390361588974351,0.24075030345113302,12.194030526271694,-6.899210219415858,1.1399957517325667,3.708799360327583,-31.56592777506636,-1.4655184163371953,-0.3227000056313794,-0.08141912657791577,-0.530242800389728,29.781666014162038,-25.130833874088474,-0.5529283115314807
0,1780392017.2314682,5.24095768425095,-6.962336090780524,6.290047127344422,2.4055753084284563,0.0,1.8048571685313985,0.29639389928594234,2.350164127779298,0.2421783137753513,12.094991807721179,-6.865009959174682,1.2291585468216333,3.7083279056422387,-31.553240789164068,-1.4900130165217476,-0.20137982437036328,-0.0717974941214365,-0.4189343789718139,29.770909650324388,-25.12400414177874,-0.5774452632540767
0,1780392017.2814682,5.1979339916692195,-6.859719539417112,6.3781050320264985,2.521253997131316,0.0,1.8795363843091277,0.29056738686304656,2.309440006323118,0.2379516498265769,11.961229798932797,-6.931401003116605,1.3077326913200444,3.7079753488858875,-31.546349006338612,-1.509052310543576,-0.08442905649699263,-0.058765837571233194,-0.3107265479736758,29.764909864426336,-25.120496802228903,-0.5965017712017984
0,1780392017.331468,5.141087222102412,-6.761300371238536,6.466723614506973,2.6399646503041247,0.0,1.8937804246067653,0.28286887496862273,2.3769942863549542,0.22770765374057197,11.787234533024034,-7.107529642212233,1.3713406738283425,3.7077525395367656,-31.54507990026329,-1.5245642529342702,0.026323434516337646,-0.025993049254108704,-0.20812250718999342,29.76355543350543,-25.120173678920388,-0.6120248128099339
0,1780392017.381468,5.0804400345000476,-6.668853423405557,6.554753404131447,2.757054744475732,0.0,1.8562354932759482,0.2746556889128795,2.3579694673713925,0.2115613565300916,11.669197916754147,-7.152263231615992,1.4556282716501165,3.7077944802803975,-31.548956625261955,-1.5229883839901766,0.13205906426883834,0.025495466744904466,0.16280971318743065,29.766688385251655,-25.12245957716196,-0.6104468415555857
0,1780392017.431468,5.045353627345177,-6.583289317344526,6.641235285458392,2.8814241644921266,0.0,1.737503813057157,0.2685568699878998,2.5022920805625444,0.18916430150784355,11.562785408728129,-7.186275616613274,1.5365582757546434,3.7080076435410927,-31.558275843555233,-1.5117537953751248,0.24703589553656868,0.02710172171344125,0.1841577427899867,29.774395325784912,-25.127727451773165,-0.5992016614391602
0,1780392017.481468,4.991819351067474,-6.505655654185331,6.725113132145295,3.0084076828286013,0.0,1.5838978984001493,0.26223338714509675,2.6212307194361517,0.16463866011650868,11.41481779221495,-7.335362227890115,1.598791900032868,3.708259001749006,-31.573518576686354,-1.5015155634708626,0.36737844872882514,0.029702942744405696,0.21195650293125856,29.78684446417308,-25.1365460978287,-0.5889511409106705
0,1780392017.531468,4.936568735341291,-6.43510183560169,6.805253780878155,3.1370522002864183,0.0,1.375447138667898,0.2575812045467266,2.387102042714944,0.13580493246118452,11.301272089276484,-7.41654754788979,1.6688704424196192,3.7085966025953443,-31.59484148651371,-1.4901847395830188,0.4917605546060971,0.03460406551863128,0.2604776004066565,29.804231385571253,-25.14891867728936,-0.5776041538297108
0,1780392017.5814679,4.913886988524182,-6.374794053418869,6.880727341496162,3.2442464321117197,0.0,1.1350717670032273,0.25716207859650786,2.025983809463836,0.10720145995817984,11.243525453035648,-7.397928751273814,1.7468374031543163,3.7090371733842042,-31.622002355625963,-1.4774128595196083,0.6038901061414763,0.03441865179807241,0.27303997632731736,29.826384043100884,-25.164671701124107,-0.56481176996303
0,1780392017.6314678,4.860500540327671,-6.327070642733623,6.951695923191118,3.3290452240756654,0.0,0.9089690345061651,0.2534944468714922,1.6880791121642325,0.08213314767057606,11.143840509661533,-7.501710204167897,1.804830126380038,3.7095631860964726,-31.654220284254205,-1.4646109716221736,0.6970652448553217,0.030893640473898552,0.2602012619959084,29.852650388944628,-25.183371813457228,-0.5519862757202967
0,1780392017.6814678,4.7784809444656196,-6.284641851636231,7.017111440035096,3.3917574825061814,0.0,0.6695235479848763,0.2483700349800136,1.0653790972519357,0.057956340440892644,11.00907935486662,-7.6851599881149815,1.847789261521612,3.7101688660365566,-31.69058483599673,-1.4527940177578864,0.772496189606882,0.02576048249476125,0.2320783648192376,29.882293340071183,-25.20448386909947,-0.5401433182927375
0,1780392017.7314677,4.688659981105573,-6.250410590138848,7.074625158146902,3.432770988221587,0.0,0.4624756469559519,0.24308267807115866,0.6622463395294049,0.03762822303682384,10.930180320204489,-7.767176052548011,1.902328508542377,3.7108392167138757,-31.729875933171797,-1.44274804387691,0.816249864731556,0.019406196816078594,0.18873822462224768,29.914317643898574,-25.227300412623734,-0.5300700345120233
0,1780392017.7814677,4.629102654640399,-6.2230904452558145,7.126838172861882,3.4509767548486145,0.0,0.30380329837211645,0.23936973386487936,0.26017953069340993,0.02444187024930547,10.835751093253775,-7.893746426649073,1.939150183309419,3.7115519046796717,-31.77081255616371,-1.4350005187082258,0.8395490877046586,0.013189625993292119,0.13948720809356283,29.94767159517311,-25.251087380489203,-0.5222951687178505
0,1780392017.8314676,4.573800462069632,-6.200867509330446,7.174561517032249,3.4627468389234393,0.0,0.18203631278838808,0.23692447508274112,0.21082016991980268,0.01462320434045286,10.777315143543884,-7.958201611132997,1.9822373568188016,3.712285742826188,-31.81239382059998,-1.4294678202866147,0.8426217361717444,0.008570371182824648,0.09763008385306549,29.98153013377785,-25.27527556834941,-0.5167361427199557
0,1780392017.8814676,4.4929096999010465,-6.18267183999621,7.2131769010706615,3.467016261060764,0.0,0.11707167238443235,0.2335017626591806,0.028136375123971727,0.010660039508818643,10.668054100737235,-8.124604136051829,2.0019008628018113,3.713027045264394,-31.85406366283355,-1.4257871291429016,0.8432389503507877,0.005184301289701473,0.06367739016194134,30.015433230737298,-25.299550881491136,-0.5130307356427357
0,1780392017.9314675,4.411701151810377,-6.169192596471017,7.237275443975476,3.4698929302088337,0.0,0.09710743549366634,0.2299333555333807,0.033639823527902804,0.00925298825239031,10.585676474728093,-8.246310089770347,2.015450485628513,3.713775068645597,-31.895538639874758,-1.4233851034291412,0.8348733542678333,0.003491865746037098,0.043503138798040145,30.04915451340301,-25.32374271887089,-0.510605684617305
0,1780392017.9814675,4.356296438615305,-6.159025125494146,7.261057948570166,3.470232202667186,0.0,0.1034397893356686,0.22743837172894094,0.0005692983547339373,0.011174530177332585,10.49438359095771,-8.385870461158856,2.021216451526243,3.714529201277648,-31.936607027206346,-1.421692396031755,0.8270107775295258,0.0028200321820932746,0.03324491514072692,30.08252462015099,-25.347723993694853,-0.5088917108231792
0,1780392018.0314674,4.296909648083204,-6.152462676762409,7.296204584097641,3.4698035574075448,0.0,0.15294727732411062,0.22647444074045878,0.00024693229798363955,0.01669268143383555,10.397366833934587,-8.535902056907481,2.037005544057184,3.7152896403876885,-31.977240584935604,-1.4202101728961727,0.817683494399393,0.0031475637067285367,0.03294563258562928,30.115520347365972,-25.371478556186396,-0.5073900229178951
0,1780392018.0814674,4.207979916451143,-6.1501792675315565,7.334316947721275,3.4705216449410115,0.0,0.21370583977649033,0.2249245860443778,0.006532872950277234,0.023112995892060343,10.310377172819976,-8.672376935196558,2.0632677837964675,3.716057579693733,-32.01739773683911,-1.4184301859302304,0.8084604534352126,0.004518573937182904,0.042924652185197434,30.148108919834126,-25.394980832240854,-0.5055923964086873
0,1780392018.1314673,4.144726702807309,-6.153080070659289,7.372321014695684,3.4704788208552015,0.0,0.2991027745580619,0.22451946108374493,0.02063928324975552,0.03179517979868679,10.22061852206482,-8.818585486714852,2.0836687834598315,3.716841201933874,-32.05708410075987,-1.4159936256634666,0.7996895911345557,0.006321093069601884,0.05808261518630222,30.180301518723528,-25.41822554774192,-0.5031399259793696
0,1780392018.1814673,4.075189113540948,-6.160884190494731,7.409233731925005,3.4698343465307464,0.0,0.3865130604155662,0.22443213903099127,-0.040966786305876676,0.039468506380407525,10.166404931796336,-8.915713944783136,2.113854413446127,3.7176444447534918,-32.09632013404371,-1.4126231065242971,0.7916875867957557,0.008711313290214757,0.07905073472682936,30.212115367246447,-25.441223876926742,-0.49975528897926
0,1780392018.2314672,3.9941853901440725,-6.174843875539918,7.4475628059536625,3.470592343352318,0.0,0.4674043816692158,0.2240710704864215,0.031969669471907124,0.04752425102412492,10.071462261032625,-9.08163341895173,2.1344033163275515,3.718470435718118,-32.135042466620575,-1.4082116440450374,0.7806904355533686,0.010980218989272709,0.09976136503905823,30.243499725155147,-25.463937849665346,-0.49533162165768196
0,1780392018.2814672,3.91223761519829,-6.195653870709103,7.489793366839676,3.4694419651151103,0.0,0.5538896499878143,0.22324815870450768,-0.02646381944961365,0.05584103548484146,9.984249929083521,-9.243516321807702,2.1603489992978773,3.719324648099978,-32.173261584218395,-1.402758250368525,0.7734241272655757,0.013287248476699275,0.1208493240550492,30.274463403119963,-25.4863732184158,-0.4898680728195286
0,1780392018.3314672,3.8423939673148544,-6.2244344701553915,7.531219063465085,3.4696253160136212,0.0,0.6464297667019,0.22208483871358603,-0.01731344512744273,0.06459463018969097,9.952868504477493,-9.337002979891034,2.197829095139557,3.7202137190360323,-32.2109900545115,-1.3962442391536993,0.7633302660825498,0.01563447554747611,0.14216369439946167,30.305016322045574,-25.508537703694305,-0.48334615574527584
0,1780392018.381467,3.7802173892251054,-6.260326502919904,7.572719696474109,3.468102711453203,0.0,0.7280431389316968,0.22026304370282906,-0.010540163527524609,0.07193393321616157,9.837642330389514,-9.553908200291367,2.2103678870943266,3.7211424138690226,-32.24816198756684,-1.388655643366917,0.7538072063998237,0.018064342437560364,0.16389496091331193,30.335103189765327,-25.53039510486296,-0.47575220304485644
0,1780392018.431467,3.6845391667217586,-6.308829929396329,7.619809890657557,3.46803271288506,0.0,0.8083319849437399,0.21808885515494847,-0.023763305184955875,0.07898509560450749,9.777874460532257,-9.710957772838972,2.2470726060079897,3.72211692048824,-32.28479518248095,-1.3800692989376822,0.7447891470542269,0.020185760293544543,0.18292725771025395,30.36473430920391,-25.551961204105236,-0.46716342492953933
0,1780392018.481467,3.6244201069380777,-6.359709826199104,7.669344708213498,3.4675897974696457,0.0,0.8588076040838634,0.2161981829728014,0.00963706719644231,0.08307184524763793,9.751828261393275,-9.826744000029798,2.28916924856793,3.723141215829827,-32.320881438657096,-1.370590576512983,0.7352822611644594,0.022144934737614447,0.20019132659377914,30.39389611846302,-25.573240146087024,-0.4576856630796673
0,1780392018.531467,3.5825327524964394,-6.4235210629229185,7.715166932793092,3.467235229897955,0.0,0.8876481029768236,0.21495899378285277,-0.01958293473704649,0.0848539598779007,9.762563257763691,-9.916033710329925,2.3316329132049027,3.7242149534741915,-32.3564509714377,-1.3604433033381242,0.7276604407798345,0.023416646996048472,0.2115246927914831,30.422601734046417,-25.594264378163516,-0.44754326837424596
0,1780392018.581467,3.5112975999441707,-6.49595440968767,7.757744022942139,3.4671650016838087,0.0,0.8866988685902684,0.2141754715672336,0.01592808905726092,0.08349111151644732,9.696935801086948,-10.11219988436865,2.355242875619446,3.7253331817531934,-32.391518477339055,-1.349928138703884,0.7187782047699303,0.024002196182931135,0.21666082620105742,30.450849671572765,-25.615059861458167,-0.4370373967811627
0,1780392018.6314669,3.4261978378123605,-6.582127176010475,7.802566558304349,3.4666737810660044,0.0,0.8459772646409619,0.21401258102278725,-0.005094647698310195,0.07886315788365192,9.672061737301323,-10.276864208778186,2.391296095739678,3.7264893732151965,-32.426106286140076,-1.3394013779062781,0.7118730988729233,0.02375261928877475,0.21436978144018723,30.478645004048673,-25.63565655278425,-0.42652476375589465
0,1780392018.6814668,3.362305277710026,-6.6695384094552,7.8512625820665285,3.4657531365815712,0.0,0.7925886838193955,0.21462085895934532,-0.017112407680775148,0.07290721467612907,9.608427061225658,-10.48524751167249,2.419512236727865,3.7276742004780905,-32.460251087847226,-1.3292480470747545,0.7040940878772883,0.022599376995251223,0.20408533433299275,30.506005169323686,-25.65609188957263,-0.4163906773369481
0,1780392018.7314668,3.337810004240854,-6.768260098648615,7.901079030978531,3.4646708746684403,0.0,0.713580656649962,0.21721236225638005,-0.01821145256192779,0.06478776971678318,9.636197846778293,-10.603006021821257,2.4625636273217406,3.7288756535527843,-32.49393137136699,-1.3197680708527415,0.6958264196698047,0.0209462899912233,0.18899397217587044,30.532903897911815,-25.67636468152294,-0.4069351425970975
0,1780392018.7814667,3.2840873022070047,-6.873240760891886,7.9472643103347425,3.463633255560642,0.0,0.6231156797475709,0.21790172170641972,-0.017775444602418852,0.05548097530163629,9.641279670004263,-10.754646863762453,2.500558590575169,3.730075893360893,-32.527149672665026,-1.3112103252351195,0.6875422728725896,0.018730180192378862,0.16888339837289096,30.559337312500084,-25.696484083608393,-0.39840676757114313
0,1780392018.8314667,3.2184466690824625,-6.983663215359171,7.988550252672771,3.4639298957193505,0.0,0.5222725562455607,0.21598495530008732,0.00703573207151747,0.046050937697272136,9.65237312245494,-10.906731406334949,2.5361430939304537,3.731276525216401,-32.55992427122995,-1.3037688857742054,0.6793560530476312,0.016151207777866234,0.14553025368977546,30.585319895612425,-25.716461235529557,-0.39099966195762237
0,1780392018.8814666,3.160252661161307,-7.099206111361898,8.023356528410103,3.464668822942644,0.0,0.42419112422530636,0.21225870365194638,0.020577430595200646,0.03697098920751755,9.667097409236316,-11.061450507547836,2.564451276298156,3.7324849542538496,-32.59230549033649,-1.2975249285314792,0.6725405354475328,0.013493807628332865,0.12147241975659955,30.610890479578813,-25.736328167527546,-0.38479526431736977
0,1780392018.9314666,3.120047754829654,-7.2193724673594515,8.048861026391295,3.4660880790709347,0.0,0.3326174018871499,0.2073343129898737,0.01840137266697714,0.02832885836024698,9.707470001461008,-11.194546773034975,2.5857893031614623,3.733707077791683,-32.62435909109202,-1.2924611068321177,0.6665691059445205,0.010920281365947283,0.09825055280663185,30.636097878905684,-25.75612923405091,-0.37977655508336117
0,1780392018.9814665,3.073272104416948,-7.342861564672361,8.071096241632645,3.4667041885251058,0.0,0.24905420857621607,0.20260548507845566,0.0066255970952448,0.02129948399936048,9.741686838726228,-11.338612335809465,2.6032269331458373,3.7349460094340436,-32.656118273212286,-1.2885176526543949,0.6606880633832355,0.00847847886053301,0.07633820957229676,30.660963814160084,-25.775890592682217,-0.3758840734476734
0,1780392019.0314665,3.0286212803902446,-7.468384610676292,8.096365825605874,3.467818555996177,0.0,0.19038309628497435,0.1987267064632458,0.010389456017422694,0.016455348711932462,9.776094993844792,-11.484850704422229,2.623380154495127,3.7361984029686743,-32.687582576038004,-1.2855618025476163,0.6544088843745315,0.0064159152617048855,0.057739349379985,30.685484435761587,-25.795616435492633,-0.372985111382512
0,1780392019.0814664,2.9727590866580926,-7.596699354425385,8.123158502805888,3.467891327088999,0.0,0.15433739073062958,0.19646096950684297,-0.0013625098739088889,0.01429911598665806,9.802823242141827,-11.642506432223504,2.644917525012353,3.737459429745283,-32.71875316701134,-1.2833778894468002,0.6484841719000812,0.00490686458482804,0.0439485917387636,30.709659617104546,-25.8153087949777,-0.3708638902193302
0,1780392019.1314664,2.9247936155402248,-7.726474417270403,8.148365439307545,3.468147722222148,0.0,0.15271129165767336,0.19666409240465246,-0.00888217842729924,0.015130841344864,9.839168822593727,-11.79171972113891,2.6656731988278306,3.7387216952474724,-32.74962458897508,-1.2816855221628278,0.642090743609211,0.004086045461717995,0.03611614814629163,30.73374873272452,-25.83462335148069,-0.3692266162080391
0,1780392019.1814663,2.8827512777178885,-7.857493041366574,8.174277121649201,3.4678765083368797,0.0,0.17288849986263455,0.19828462181016462,0.007328633383861959,0.017529920245647063,9.83289108665447,-11.98505383640784,2.6787195633498566,3.7399741044191863,-32.78017041600963,-1.2801623145856205,0.6353662115530906,0.004036660019296267,0.034935542318862534,30.757943391093562,-25.853269237539337,-0.3677399927522611
0,1780392019.2314663,2.822285333642841,-7.99088453118533,8.207356592126779,3.4677277610273802,0.0,0.2033994600936519,0.1986438516353479,-0.00956888700221513,0.020588145831847676,9.818474481143856,-12.187214235855858,2.700163780436819,3.741212900525913,-32.81039443781718,-1.278548200291484,0.6294526668823254,0.004487441661502389,0.03821228381767678,30.782237431272357,-25.871260681539766,-0.3661443495867531
0,1780392019.2814662,2.76950682431778,-8.12628676894547,8.246760274855172,3.4684247874911027,0.0,0.24215827468043377,0.19895741020072383,0.027102146247175506,0.024294283878649528,9.855111469891703,-12.340768296714977,2.7360448138501567,3.742447628003739,-32.8402907993361,-1.2766922160569694,0.6227376038128579,0.005182412873129932,0.04374540811518384,30.80662262405538,-25.888598769240218,-0.3642892441455481
0,1780392019.3314662,2.7545119268783984,-8.26515561082966,8.28526383125999,3.4684985125462378,0.0,0.288037491121559,0.19803836259939445,0.0066132372843788895,0.029188685869965467,9.934737115961656,-12.457057543442069,2.773442912726157,3.7436818390397444,-32.86987977238898,-1.2745040062473787,0.617894884247224,0.006061886835582051,0.05091529592045103,30.831116111567507,-25.905294439143972,-0.36208442102920424
0,1780392019.3814662,2.7326408380714375,-8.402446996309376,8.318958655385995,3.469306639422925,0.0,0.33987417062361047,0.19883584606072094,0.01711229485171128,0.0339966878289637,9.993086835796321,-12.591690309888431,2.80354968784831,3.744926010019177,-32.899175842946335,-1.2718795241805525,0.6120941021953983,0.007207994038399207,0.06031602235536582,30.855743551166302,-25.921338114098592,-0.3594254913335111
0,1780392019.431466,2.711865155105688,-8.548316807080152,8.348400194341743,3.469362463220314,0.0,0.39402032717844626,0.2010089616222196,0.003480843312966596,0.039249673884466325,10.043700935899098,-12.745302015797213,2.827200732045851,3.7461726578940406,-32.928163440147735,-1.268771857901065,0.6068395228839779,0.008393535305481484,0.07008538560193116,30.88049010399143,-25.936723392142103,-0.35626548439138395
0,1780392019.481466,2.6572004446000945,-8.692653437831954,8.376716431949967,3.4697069204713813,0.0,0.44792146822803475,0.20411093374792516,0.0039134937869919235,0.044162036536800404,9.999182861956722,-12.984958848756017,2.8390660664966383,3.747416284428132,-32.95683282621223,-1.2651526058798244,0.6008813916122503,0.009659163835964716,0.08048441712172126,30.90534064485947,-25.951453726337636,-0.35257624118133934
0,1780392019.531466,2.5964670781987533,-8.840648500574396,8.399545632521278,3.4694887316678513,0.0,0.50318922571375,0.2075572743200197,-0.003909862691956353,0.04965181385094769,10.014053559364726,-13.172210773322666,2.8556327112461286,3.7486527740380513,-32.98516228537627,-1.2610307997010126,0.5949065584893938,0.010864817112597723,0.09035573897201096,30.93026719347016,-25.96552956900836,-0.3483672421734392
0,1780392019.581466,2.5394583299890225,-8.991572347399485,8.41212699254875,3.469088815989839,0.0,0.5552724290012725,0.2107922598569843,-0.004697592524986185,0.053661391955430814,9.949045750286276,-13.432950719152664,2.849672728407864,3.7498818321570324,-33.0131350118678,-1.256395164863324,0.5884885128119537,0.012147207133315128,0.10076985344610057,30.95525029885845,-25.978948328693527,-0.34362754373351745
0,1780392019.631466,2.4949663400072195,-9.152163149217227,8.426148013884564,3.468405429141836,0.0,0.5791540229367045,0.2133169766525961,-0.009976175305056158,0.05472075811987208,9.925262803360141,-13.665990297181803,2.849798508376658,3.751104422719028,-33.04073742196274,-1.2513177950919365,0.5820128997502169,0.01315429558445621,0.10889286827811732,30.98027615278668,-25.991705342591565,-0.33842945209985587
0,1780392019.6814659,2.4757984877071513,-9.302000259251727,8.446130756416252,3.467992638323971,0.0,0.5734331214079758,0.21440466454108079,0.0039997636340289855,0.0533939299421931,9.964689806687016,-13.829059178913914,2.8636800943893324,3.7523214559153844,-33.06796829386904,-1.2460169282791143,0.5753076201136964,0.01352944233790396,0.11179532655778845,31.005341633411064,-26.003802295221803,-0.3329913683648611
0,1780392019.7314658,2.489408469955312,-9.462906349115777,8.467729168542727,3.467156411177147,0.0,0.5449045272467432,0.21363236034016814,-0.016758468251467356,0.05019037598824708,10.110353316903403,-13.916536729113199,2.8896457437155227,3.7535369524779805,-33.094849676527765,-1.2407486344459309,0.5693751881666052,0.013308526944606902,0.10974341534171507,31.03047334907627,-26.01524040641634,-0.3275690578705417
0,1780392019.7814658,2.495899924598093,-9.62443891755647,8.489041290311407,3.467183860921355,0.0,0.5025762621874934,0.21326399999999715,0.012187990716101686,0.04563937052384441,10.234793858209402,-14.022708931152941,2.912980224588729,3.7547560879837403,-33.12138825642047,-1.2357301158276333,0.562524656009165,0.01258896749172626,0.10355344701330095,31.055694434527457,-26.02600019598564,-0.32237902274723407
0,1780392019.8314657,2.495899924598093,-9.787087557451802,8.509055896980273,3.4663985877558376,0.0,0.4395236046893809,0.21326399999999715,-0.013363196124235015,0.03892777771999265,10.340458581770875,-14.146359835939275,2.932994831257595,3.7559736645438466,-33.147609273290364,-1.2311298628777176,0.5572130711453352,0.011519922205202236,0.09448709405356454,31.081008262179907,-26.03611807800785,-0.31759044084801147
0,1780392019.8814657,2.495899924598093,-9.94920908898056,8.52769245867206,3.465949980596445,0.0,0.3598964755835685,0.21326399999999715,-0.020132071965753347,0.031253144603123964,10.4457808692697,-14.269610015416813,2.9516313929493823,3.757183656275479,-33.173533707208854,-1.2271217095047071,0.5507018712665425,0.009980122262087738,0.08161664049849571,31.106405436420786,-26.045640030062238,-0.31337826925949175
0,1780392019.9314656,2.512173797321188,-10.115009205760929,8.546103100439,3.4653180494565325,0.0,0.2765582481903062,0.21277797785165525,-2.075193118442455e-05,0.02343082959112618,10.603617796958158,-14.35260889408347,2.974965256242717,3.7583802267061857,-33.19913980350481,-1.2238420421463245,0.5439215420558207,0.008165427462884619,0.06652126609665271,31.131836729496968,-26.054593718129773,-0.30988031523339643
0,1780392019.9814656,2.511402082315034,-10.280326275946454,8.561693923350344,3.4655221236682707,0.0,0.19931170974549345,0.21280102525970498,-0.0017914083977337019,0.016182680639864062,10.70922878293095,-14.479833180000673,2.9903221875121915,3.759563297844715,-33.2244566349754,-1.2213405517197016,0.5382136378665396,0.006281713688807003,0.050939773120397526,31.157313873006316,-26.063011015204076,-0.30714683834690737
0,1780392020.0314655,2.480527355850585,-10.445788390923129,8.574288106653608,3.465737401472091,0.0,0.12070586037324924,0.2137231045423102,0.010430246767079345,0.008599132226524793,10.718056862912322,-14.689921985560588,2.993374393094969,3.760729351270893,-33.24951503615707,-1.2195867590464393,0.5324609476371692,0.00449948090251889,0.036289367288759034,31.182832802170182,-26.070947186306565,-0.30514867019290026
0,1780392020.0814655,2.430838876696162,-10.612658347283098,8.58938795216357,3.4664786628293904,0.0,0.04686796572344129,0.21520705994723363,0.013209874024349241,0.0019943869074041283,10.652296935476723,-14.96170437235396,2.9918827060902835,3.7618724718184593,-33.2743361393104,-1.218568074047096,0.5273381591926362,0.0027093184643366608,0.02166393771810745,31.208365443159636,-26.078472826700747,-0.30387526099496176
0,1780392020.1314654,2.371057735078187,-10.780155767022098,8.607844747939422,3.467197089326559,0.0,-0.015607431686376952,0.21699243453961722,0.013762415562306424,-0.0028419449808705045,10.642446420493922,-15.185275832586179,3.002045607011823,3.762989780384954,-33.2989422495261,-1.2182239812854816,0.5223557170564586,0.001099135361128301,0.008594098129828866,31.23389537181043,-26.08564541940298,-0.30326769544800447
0,1780392020.1814654,2.311442167706651,-10.947460223249708,8.625440975223272,3.4679630371285386,0.0,-0.04588474434526586,0.21877286422722408,0.01363962030424037,-0.004228552298773604,10.557937349827341,-15.465512013655296,3.0030273993163803,3.764080536119049,-33.32333724226871,-1.2184205071535787,0.5174000323612166,-0.00015354853304432124,-0.0014943683648027846,31.259401306356164,-26.092498616778947,-0.3031931818261575
0,1780392020.2314653,2.261784765518602,-11.116355484678559,8.638370867482577,3.4682368502368672,0.0,-0.0440916730959082,0.2202558915129335,0.006923722744939581,-0.0030317293198072253,10.508916433859044,-15.715915233186475,3.0031177081729634,3.7651476029315147,-33.34751461649474,-1.2189069165887136,0.5124468978424895,-0.0007327865010823951,-0.006046945616182456,31.28487517827176,-26.09903191465955,-0.3034012178485148
0,1780392020.2814653,2.2308135887444585,-11.28477426094485,8.645923412825036,3.469174386639103,0.0,-0.018105563771746828,0.22118085130145904,0.014555863337347782,0.00015624419917112538,10.555109769575893,-15.892023331777473,3.007259856662385,3.7661953770026364,-33.37145747998499,-1.2194253506142962,0.5071787902446032,-0.0007023969854976233,-0.005652326015588755,31.310313559411078,-26.10522171121355,-0.30363358845356236
0,1780392020.3314652,2.2299867494364936,-11.452660540180034,8.65115109690979,3.469140698140407,0.0,0.030988550077824206,0.22120554500673917,0.006917742746625091,0.005651339695073521,10.654670104428442,-16.02721283615664,3.0124168186833344,3.7672296212825684,-33.39515853100609,-1.2197658084797003,0.5023245894008526,-0.00018498646474639409,-0.001352414441438115,31.335734137421582,-26.1110326090062,-0.30367931265703696
0,1780392020.3814652,2.2463116132592043,-11.621476956590223,8.655919079019595,3.4695682356858892,0.0,0.09756740905860022,0.220717999999997,-0.005613883071273449,0.012318234160410862,10.783875966701862,-16.141253734562753,3.018772817846976,3.768257825567564,-33.418608375165,-1.219728009584168,0.49713735956781935,0.0008260523915984867,0.006896766557238273,31.361170368044533,-26.1164051339083,-0.3033363246394951
0,1780392020.4314651,2.2463116132592043,-11.791039760705301,8.663192752453801,3.4691066627790605,0.0,0.17549504641650351,0.220717999999997,0.005358773086003016,0.019520239924654917,10.885957592949417,-16.276645337411757,3.026046491281182,3.7692843292625082,-33.44177606507652,-1.2191729468500307,0.49138451791507065,0.0021458108498665983,0.01754821454763035,31.386623794439597,-26.12128586189515,-0.30246446630110313
0,1780392020.481465,2.2463116132592043,-11.959103122373275,8.67952189822574,3.468661988140032,0.0,0.24349442078089573,0.220717999999997,-0.013835007587592096,0.025392463898403744,10.987136512236777,-16.410839673458334,3.042375637053123,3.7703096492054775,-33.464654511846675,-1.2180302584750848,0.4862265115527797,0.003621528089458091,0.029349861137106338,31.412091338276554,-26.12566651971923,-0.3009932670420765
0,1780392020.531465,2.2463116132592043,-12.128277371129808,8.702514264123364,3.4690376472437148,0.0,0.303907900659656,0.220717999999997,0.00854917163064103,0.031209627525583844,11.08898421711759,-16.545921024698426,3.065368002950745,3.771334121819801,-33.48723428959732,-1.2163526108969493,0.48016572969131627,0.004921402823239766,0.03958471771624219,31.437567183478095,-26.12953853291824,-0.2989753210834918
0,1780392020.581465,2.2463116132592043,-12.298266144783573,8.726255259357728,3.4696425642899307,0.0,0.36632284745204197,0.220717999999997,0.010576241602742412,0.037166472939237125,11.191322289131467,-16.68165275343122,3.089108998185111,3.772358813101186,-33.50951897054572,-1.2141828323933999,0.47527824622404324,0.006149613158879813,0.049202039297533126,31.46306176890368,-26.132893441522455,-0.2964531134049997
0,1780392020.631465,2.2463116132592043,-12.476358989086515,8.75129109974998,3.4705889141007162,0.0,0.4320320759822294,0.220717999999997,0.017891714768932174,0.04344536213784933,11.298539241955382,-16.823855377243394,3.1141448385773636,3.7733861582379227,-33.5315355078174,-1.2115310348485127,0.47053726509762916,0.007363091846094557,0.058693530703706275,31.488616027176754,-26.135721340135554,-0.29343586728372273
0,1780392020.681465,2.2463116132592043,-12.641628518980818,8.78136783910169,3.4720268617829335,0.0,0.4895133161277897,0.220717999999997,0.009968467880943091,0.048455526117906586,11.39803619512755,-16.955818909406407,-3.138963729250513,3.7744180066797535,-33.553292051042966,-1.2083888230089772,0.46620167249267896,0.008607849771159866,0.06842664407978724,31.514253488500152,-26.138004022855153,-0.28991440251755884
0,1780392020.7314649,2.2463116132592043,-12.812946767668924,8.81392298184923,3.473294087792522,0.0,0.5361704652855798,0.220717999999997,0.030831611288515415,0.05239424784429533,11.501174648889474,-17.092612190269026,-3.106408586502976,3.775454440341546,-33.574789399693174,-1.2048219205386193,0.46152226283498105,0.009668277244313829,0.07657866567577565,31.539978675021917,-26.13973597009312,-0.285954250782015
0,1780392020.7814648,2.2463116132592043,-12.986810728412724,8.840123387693069,3.473997469383602,0.0,0.5698719281845476,0.220717999999997,-0.008539084862729508,0.05504517439465466,11.605845693645982,-17.23143815770705,-3.0802081806591346,3.776495791904547,-33.59604594817912,-1.2009208284294648,0.45793831485931313,0.010525366873421836,0.0830517373880346,31.565812348225215,-26.140919331661568,-0.2816456168237069
0,1780392020.8314648,2.2463116132592043,-13.161256274220097,8.858780114258748,3.474829758691995,0.0,0.5901964228255059,0.220717999999997,0.019916851051501334,0.05594082876406426,11.710866869136648,-17.37072850608263,-3.0615514540934576,3.777540281554769,-33.61704492541861,-1.1967857936155641,0.45245005787770765,0.011102906240984202,0.08727176022513829,31.59172872987211,-26.14155925111849,-0.277089299365358
0,1780392020.8814647,2.2463116132592043,-13.329891019193338,8.871695417994856,3.4748565366225495,0.0,0.5868511355051993,0.220717999999997,5.688630380667591e-05,0.054493991148264836,11.81238977740978,-17.505379077221246,-3.04863615035735,3.778585667930744,-33.637782428472285,-1.1925577542471655,0.4484554154871922,0.011372488805730626,0.08897137746807801,31.617706260810042,-26.141676595942933,-0.27242706773415293
0,1780392020.9314647,2.2463116132592043,-13.50687439634879,8.879636274313418,3.4747745960506307,0.0,0.5478055116816084,0.220717999999997,-0.008979860755040647,0.050204865203534975,11.918938799485115,-17.646695819626874,-3.0406952940387875,3.7796300438273502,-33.658279922922574,-1.1883997971195466,0.44354332160510124,0.011215463704296665,0.08723883320076906,31.6437445036771,-26.141306423779437,-0.2678228026379612
0,1780392020.9814646,2.2463116132592043,-13.678773991924306,8.883551251268058,3.4740421880621613,0.0,0.4891547462164462,0.220717999999997,-0.022812907821056126,0.04382823337208043,12.022427240592378,-17.78395329124942,-3.0367803170841476,3.7806683337879163,-33.67852002811128,-1.1845237408455267,0.438263851000409,0.01055233503370568,0.08141321217044363,31.669779563985347,-26.14050315536073,-0.2634906188938224
0,1780392021.0314646,2.2463116132592043,-13.863220526359239,8.885246294455506,3.4728397207320785,0.0,0.3968762141143126,0.220717999999997,-0.030193997124872637,0.034664072037747996,12.133469295417477,-17.931229175647637,-3.035085273896698,3.7816958433089876,-33.698492342474786,-1.1811080456582743,0.4323714296628126,0.009459006279993888,0.07221090934201768,31.695751936146067,-26.139327200972158,-0.2596113401244917
0,1780392021.0814645,2.2463116132592043,-14.026723730475643,8.889474075272023,3.4722942669136674,0.0,0.3139990185167365,0.220717999999997,-0.01011505516645786,0.026641399343566376,12.231902870280752,-18.06178234143065,-3.0308574930801804,3.7827071868075404,-33.71819134747352,-1.1783500106298659,0.4261848634286799,0.007902789344732233,0.05931154982195653,31.721594519792482,-26.13785731354195,-0.25638517128424576
0,1780392021.1314645,2.2463116132592043,-14.199330448190814,8.900076118327835,3.471414838183808,0.0,0.2216858499855189,0.220717999999997,-0.019692127168726863,0.018132499576125807,12.335817019009145,-18.199604432165255,-3.0202554500243686,3.7837017800178927,-33.73763961274866,-1.1762429581681004,0.42105111340268836,0.006335645911791797,0.0467186950548059,31.74730751596509,-26.13613024175685,-0.2538062785763531
0,1780392021.1814644,2.2463116132592043,-14.373685210249143,8.910249370873785,3.471244110937839,0.0,0.13937154086888187,0.220717999999997,-0.019588150241930828,0.010935573285090929,12.440783540103244,-18.338822292017426,-3.010082197478418,3.7846784897394126,-33.75685831039281,-1.1747927145215393,0.4154842338331253,0.004730674967175271,0.033949257864451944,31.772883858251312,-26.13419010972236,-0.25188161905111084
0,1780392021.2314644,2.2463116132592043,-14.545281387325055,8.916589155709183,3.4713449438318285,0.0,0.08029118733034649,0.220717999999997,0.025910876752157842,0.005881527486140997,12.544089314652034,-18.4758374916558,-3.003742412643021,3.785636484827704,-33.775840408366285,-1.1739250885154564,0.4099691281541537,0.003276096948522385,0.02259903432641979,31.79829646340833,-26.132060874172055,-0.2505380209249011
0,1780392021.2814643,2.2463116132592043,-14.717595008482304,8.921668041725583,3.4714577709276626,0.0,0.03784032917408375,0.220717999999997,-0.009573485541786754,0.0023369064824746294,12.647827010924143,-18.613425552215134,-2.998663526626622,3.786579334803973,-33.794637846271556,-1.173496965094502,0.4067665619073628,0.00211581368247841,0.013860270056105404,31.823613444719562,-26.129738417210696,-0.24963115522719148
0,1780392021.3314643,2.2463116132592043,-14.89667509849401,8.926970090648146,3.4721132869013775,0.0,0.0027335028893470375,0.220717999999997,0.011959184262940376,-0.0008056099198828546,12.755638313717572,-18.75641646671177,-2.9933614777040596,3.787508574253528,-33.813260952787736,-1.1733820960965995,0.4018291119537413,0.001235686455306919,0.007439169250174601,31.848850146151673,-26.12721932789114,-0.24903446198726753
0,1780392021.3814642,2.2463116132592043,-15.073093435875489,8.933796055275911,3.4717899618153845,0.0,-0.0206146250748063,0.220717999999997,0.009933046646369091,-0.0027338927073269387,12.861847165793225,-18.897282039174375,-2.9865355130762943,3.7884236409470935,-33.83169542927928,-1.173522024428906,0.39801362002941837,0.0005313934556410955,0.002299914590437326,31.873979644083715,-26.1245153132012,-0.24869022039836652
0,1780392021.4314642,2.2463116132592043,-15.236214221364985,8.932852152525527,3.471812475527587,0.0,-0.03600219810700491,0.220717999999997,-0.0006500662476253694,-0.0038792892789924036,12.96005051377658,-19.027529853373196,-2.9874794158266766,3.789326558267689,-33.84996295756609,-1.1738315178909855,0.39413815508570677,1.8665778216897673e-05,-0.001306858055400944,31.89903363613624,-26.121620130977245,-0.2485125430254258
0,1780392021.4814641,2.2463116132592043,-15.421783309861114,8.92295365544618,3.471727755509979,0.0,-0.037340149976579945,0.220717999999997,0.01703447270401276,-0.0034306668276766856,13.071768378044176,-19.175702068746965,-2.9973779129060247,3.790217333281465,-33.86804883612008,-1.1742461201984449,0.3897788866525423,-0.0003302949424286763,-0.0036491295495090174,31.923992588543086,-26.11853503849449,-0.24843734773996706
0,1780392021.531464,2.2463116132592043,-15.58289873386855,8.914108877555535,3.4713253115545184,0.0,-0.024399453259874037,0.220717999999997,-0.00787480374573632,-0.0017235474332183383,13.168764441432472,-19.30434865261249,-3.006222690796669,3.791097875285414,-33.88595849186593,-1.1746646178684705,0.3863476314928585,-0.00047125715267291987,-0.004250294431455263,31.948876177628065,-26.115242664640533,-0.24836271495514683
0,1780392021.581464,2.2463116132592043,-15.756956794610396,8.90969055369494,3.471324824427769,0.0,0.002272031285491716,0.220717999999997,0.01026113019709713,0.001574150166010053,13.273552339903205,-19.44332960398101,-3.0106410146572635,3.7919692335996986,-33.90368074971031,-1.1749986030439055,0.38171600390169264,-0.00040991775050269974,-0.00320366778675254,31.973681868525603,-26.11172748498876,-0.24819994394658007
0,1780392021.631464,2.2463116132592043,-15.9288078045879,8.911166245179647,3.4715898558104157,0.0,0.048644033326870756,0.220717999999997,0.015208679576072682,0.006441873163450969,13.377011531099896,-19.580548281234567,-3.0091653231725566,3.792832924719052,-33.92120358830938,-1.1751451543712117,0.37803651652529086,-0.00013488014304945708,-0.0003727631954307804,31.998413189279184,-26.107964442681084,-0.24784550204776057
0,1780392021.681464,2.2463116132592043,-16.101172466991486,8.919389088245913,3.4723037022748837,0.0,0.10136216345207731,0.220717999999997,0.01193744819184468,0.011913569392849408,13.48077995565265,-19.71817709693586,-3.0009424801062927,3.7936922997693574,-33.938548432547286,-1.175003825445081,0.37464072349570127,0.0003582237285510753,0.004274220842233197,32.023124987216164,-26.103915687170407,-0.24719717765630733
0,1780392021.731464,2.2463116132592043,-16.27940368051909,8.936353065593405,3.4724770131811895,0.0,0.16567867088453786,0.220717999999997,0.0006762565443717318,0.01798698498697293,13.588080210681607,-19.860490205068047,-2.9839785027587986,3.794548836751025,-33.95571400451729,-1.1745252989976807,0.3711150361708865,0.001003637627648459,0.01005833640450414,32.04783246970473,-26.09955822540494,-0.2462048876472358
0,1780392021.7814639,2.2463116132592043,-16.44745039151724,8.967247217496743,3.4715241494154983,0.0,0.2320970421130817,0.220717999999997,-0.031096740941167874,0.024523831328477696,13.689249105792602,-19.99467124597665,-2.9530843508554625,3.7954030750071612,-33.97268031039564,-1.173669565449761,0.3670622647754039,0.001753693351300923,0.0166184119030102,32.07252472562325,-26.09487264180692,-0.24482837488645526
0,1780392021.8314638,2.2463116132592043,-16.61973194625745,8.999828627020987,3.4702711128289088,0.0,0.30125880165092583,0.220717999999997,-0.02657368940807708,0.031036459735831454,13.792967497170476,-20.13223370231445,-2.9205029413312182,3.7962538039902203,-33.98939518920253,-1.1724095968122192,0.3614680810662332,0.0025461791488316237,0.023534126270214843,32.097142200016364,-26.08985085962285,-0.24304143497821507
0,1780392021.8814638,2.2463116132592043,-16.792333836502728,9.025671604031817,3.4688354957964918,0.0,0.3632387732476337,0.220717999999997,-0.03243574877745427,0.03687718797676991,13.896878739624821,-20.270051938436666,-2.894659964320386,3.7971002333343926,-34.00582704248895,-1.1707519186725317,0.3561551948205158,0.0033331288174654554,0.030421391161766637,32.12164647382592,-26.08449095314895,-0.24085119769099128
0,1780392021.9314637,2.2463116132592043,-16.964023035318018,9.050520346726733,3.4686367483702862,0.0,0.4220892623502055,0.220717999999997,0.0073568437542215915,0.042093273469450056,14.00024051590395,-20.407141413577023,-2.869811221625472,3.7979424288280224,-34.02197664781861,-1.1687398053607745,0.35060722282107026,0.004049101304251153,0.036705703206312806,32.14603615416267,-26.078795561389033,-0.23830102061142622
0,1780392021.9814637,2.2463116132592043,-17.134518090969873,9.074229649078827,3.4692400341942413,0.0,0.47349628414865025,0.220717999999997,0.011402303630063735,0.046039476696141675,14.10288338406681,-20.543277395657555,-2.8461019192733765,3.7987823509673673,-34.03788577901836,-1.1664196679729586,0.34709705584960254,0.004719342424776113,0.042551434616230656,32.17036908232889,-26.072756404707054,-0.2354361570214749
0,1780392022.0314636,2.2463116132592043,-17.303389694303576,9.096551286495334,3.472394228545871,0.0,0.5149959297737858,0.220717999999997,0.05259286104846884,0.0493302159506681,14.204548887803334,-20.678117092195684,-2.8237802818568696,3.799622004244182,-34.053609056659134,-1.163861773954317,0.34382816470128,0.005303967350409683,0.047492756298109506,32.194715588655924,-26.066369778889154,-0.2323256114189185
0,1780392022.0814636,2.2463116132592043,-17.48450340672573,9.117221280867192,3.4752299989506277,0.0,0.5340473813284492,0.220717999999997,0.07036568711817485,0.05010475225744507,14.313584489073751,-20.822731802660883,-2.803110287485012,3.8004638041309073,-34.069200847489,-1.1611101201763918,0.3426429683449557,0.005860926621007872,0.05198193192940622,32.21915325999456,-26.059621604217348,-0.22901176390242206
0,1780392022.1314635,2.239840446927801,-17.64070121477201,9.1359756092333,3.4772232916204584,0.0,0.5280715096180353,0.22091126255133814,0.031092721427681613,0.04924580276037894,14.39290190737833,-20.958540982273668,-2.785033761322566,3.8013095078203967,-34.084736695779924,-1.158293119113191,0.34235901037611427,0.006342455375909215,0.055181712933326875,32.24375672200808,-26.05253711311747,-0.22562237531064788
0,1780392022.1814635,2.226158978892676,-17.808298881492373,9.152570611821945,3.478239921275049,0.0,0.5060283276632491,0.22131986206542095,0.0286033580920534,0.047080694868685574,14.465351539246587,-21.113755428456933,-2.769662873422318,3.802155925073728,-34.100197669899856,-1.1555041919903988,0.3401317517838246,0.006657459342645897,0.05652673073835164,32.2682220313015,-26.04549378036799,-0.22226498470932077
0,1780392022.2314634,2.2466112431819596,-17.974126050535194,9.166799528865196,3.4772154627883074,0.0,0.46986872863174683,0.2207090514982333,-0.01886306655857094,0.043050803504325136,14.609062946381396,-21.2131464472913,-2.7534991186859674,3.80299847824728,-34.115542684423886,-1.1528370214036634,0.33780609971243936,0.006837679386111227,0.05641387743958036,32.2923575668824,-26.038681884182314,-0.21904095569189774
0,1780392022.2814634,2.289561952854728,-18.14074212738466,9.181688125334261,3.4767996132806664,0.0,0.41825971154586267,0.2194263207958884,0.008129605622562812,0.03772031130573571,14.853727977912392,-21.23650386905932,-2.730984503473225,3.803835708992187,-34.13072439049424,-1.1504044840168741,0.3331649980135583,0.006858006552367496,0.054563226974981976,32.3161079001438,-26.032097870486677,-0.21606398216386014
0,1780392022.3314633,2.3466571866896127,-18.3059487328046,9.19412673871311,3.4754358979053515,0.0,0.3529851555100022,0.21772116132458863,-0.011823124990066977,0.03138632848512405,15.278986008495554,-21.113803675303917,-2.699145894384408,3.804666866382312,-34.145729775956795,-1.1482990084783413,0.3299415384622443,0.006842665985276052,0.0518261178803365,32.33945594247425,-26.025744147535168,-0.2134268002005415
0,1780392022.3814633,2.407582404332931,-18.471516737335072,9.192853493946934,3.474717832938518,0.0,0.2892063224021068,0.21590161869505953,-0.03487594528534601,0.025327356498609677,15.53641844221332,-21.119317708552252,-2.693006503525522,3.8054924023123453,-34.16057545287396,-1.1465703318032698,0.3257925865482206,0.006798014306499359,0.04812310266795124,32.36242498238877,-26.019618298278072,-0.21117867330982776
0,1780392022.4314632,2.4622935743097694,-18.635968679999795,9.182842002025854,3.4736613835121717,0.0,0.2263433328795686,0.2142676597215016,-0.004689976265596894,0.018904269974686326,15.908420446640658,-21.026311027665294,-2.6872977986514375,3.8063095016230895,-34.17521811312857,-1.1452121827469117,0.3205732785096013,0.006792982968027693,0.04400337313683199,32.38494708953664,-26.013740623556657,-0.20931488163451162
0,1780392022.4814632,2.5016784268037915,-18.797140511369697,9.173025980095884,3.4726506937302144,0.0,0.16871213553160194,0.21309142398788253,-0.02939414485951386,0.013394350398503894,16.22346734617613,-20.970739790396866,-2.6844530858788467,3.8071169281198824,-34.189673647596024,-1.1442445594054467,0.31693992969130963,0.006874749142397378,0.03949163850632615,32.407024555447265,-26.008136040948532,-0.20785590749263783
0,1780392022.5314631,2.5157419138239567,-18.963635836946434,9.166010269443463,3.473607790120973,0.0,0.10910640198727906,0.21267141540780937,0.026234274929499993,0.007871430431639887,16.403516537042584,-21.035401840141162,-2.6872230819306697,3.8079137282272515,-34.203950517530835,-1.1436058815619985,0.31213844642582633,0.0070330970253870955,0.03448183778944033,32.428658233505715,-26.00281890695469,-0.20674043987184065
0,1780392022.581463,2.496116868854724,-19.12589155421465,9.16284343673122,3.474133606461249,0.0,0.06394955167595665,0.21325752092058733,0.03309384947994972,0.003933391571495437,16.4085523849839,-21.245056828358393,-2.6963360251449124,3.8086987521600504,-34.218088925702354,-1.1432918967909438,0.31016565071856744,0.00722687435328866,0.028537075076633087,32.44987283291318,-25.997824716737803,-0.20596457553845227
0,1780392022.631463,2.495899924598093,-19.29004053587334,9.164387728001856,3.4754192842633542,0.0,0.03376201780297689,0.21326399999999715,0.010691499604693856,0.0022863806938518494,16.51405400887539,-21.370820702503995,-2.6948586449004086,3.809473865365476,-34.23215691665714,-1.143201208194979,0.3085467149260918,0.007396609979570467,0.022115332109848312,32.470753187656136,-25.99315409117345,-0.20542549645287878
0,1780392022.681463,2.495899924598093,-19.452871413661743,9.173442243851515,3.476695531127003,0.0,0.03596266581356406,0.21326399999999715,0.04313726826261334,0.003848981289740927,16.619837123322924,-21.494610150596802,-2.6858041290507497,3.8102415719437523,-34.246132056818325,-1.1432128452316694,0.30582696153837896,0.007669228848254005,0.016655259145293838,32.49131729694128,-25.988745601429173,-0.20500052829401838
0,1780392022.731463,2.495899924598093,-19.616123180336338,9.197154023303938,3.476655862191284,0.0,0.07128597775640994,0.21326399999999715,-0.017700154564487383,0.008584749414411319,16.725893668325043,-21.61871957241718,-2.6620923495983266,3.811005099952648,-34.260017875105724,-1.143155211633314,0.3047420708409316,0.008092604505200718,0.013310517529788514,32.511610569777424,-25.9845441279944,-0.2045160698142099
0,1780392022.781463,2.495899924598093,-19.7789383323435,9.222738215147814,3.476159321030623,0.0,0.12611320796522557,0.21326399999999715,-0.014321713640113105,0.01552951613752574,16.831666566515445,-21.74249706524814,-2.6365081577544505,3.811765703748883,-34.2737717972392,-1.1428496995598036,0.300631145153444,0.0087052979981107,0.012310628064428598,32.53161570627121,-25.98050195055435,-0.20379270893119994
0,1780392022.8314629,2.495899924598093,-19.942022965778637,9.239165330793297,3.4740337489449855,0.0,0.22111648248949367,0.21326399999999715,-0.014114742591076465,0.024830090221265953,16.937614533372944,-21.866479426822018,-2.6200810421089678,3.8125218599536472,-34.28732209534324,-1.1421728369361246,0.2967182422844694,0.009404081857592877,0.01304901550199051,32.55125911767036,-25.976598845070093,-0.20270770404399263
0,1780392022.8814628,2.495899924598093,-20.1034069311992,9.236826989852565,3.473661612183251,0.0,0.32193349687734313,0.21326399999999715,-0.002446664112845486,0.03517047221581732,17.042457660892435,-21.98916888401699,-2.6224193830496993,3.813277257740098,-34.300660506503846,-1.1409850469860672,0.29284663399260585,0.009849873775946302,0.014600273821463953,32.57057806482305,-25.972770496858615,-0.2011194122248221
0,1780392022.9314628,2.495899924598093,-20.26329899707134,9.222466629618346,3.4762043405677088,0.0,0.4455832364837294,0.21326399999999715,0.029460761154981297,0.04618549939984982,17.146331575552434,-22.110724149563442,-2.6367797432839186,3.8140345879564452,-34.3137930003364,-1.1392219433096384,0.28959844318890693,0.009852885965646782,0.015388523070969337,32.58960739864747,-25.968979819399962,-0.19896203730249873
0,1780392022.9814627,2.495899924598093,-20.422014591785818,9.216762442202489,3.4745006145850295,0.0,0.5623723957821011,0.21326399999999715,-0.11711129410670128,0.05699064745256528,17.249441195474198,-22.23138502261332,-2.6424839306997754,3.8147982181594804,-34.32676176064546,-1.1368396965873027,0.2879943669636192,0.009260093264176053,0.014198206648847005,32.608427279175835,-25.9651889160545,-0.19618959485592402
0,1780392023.0314627,2.495899924598093,-20.578592154901006,9.228911953005031,3.463037577293845,0.0,0.6726836870010743,0.21326399999999715,-0.29327470077204515,0.06721790355442349,17.351161842711967,-22.350420492943055,-2.630334419897233,3.815561666936862,-34.339432971699104,-1.133852721493506,0.27914932946540066,0.008307600359208474,0.012615369937066238,32.626856892578836,-25.961418956711025,-0.19281989990299842
0,1780392023.0814626,2.4829228788282824,-20.732030504024817,9.254318013722228,3.4491702874213357,0.0,0.7750631495968904,0.214000387952657,-0.3696369891079612,0.07743462395484219,17.3765108995186,-22.530327494298014,-2.609010364364373,3.81630442694649,-34.35144503586286,-1.1303212352365954,0.2616330067389639,0.007801444700033247,0.01592654086507057,32.64438991033627,-25.95775149223141,-0.18892315004147786
0,1780392023.1314626,2.4779359573013178,-20.88021801013702,9.291574506913124,3.4382752021232847,0.0,0.8733195462862667,0.21428337292461883,-0.23431458908266253,0.08652181059422974,17.44284497842487,-22.668316245278696,-2.573364178832332,3.817008281406273,-34.362520944860165,-1.1262755436252183,0.24045242838597017,0.008164298251055326,0.026150628813588712,32.660627123700976,-25.954265493463666,-0.18453777535197302
0,1780392023.1814625,2.5029753866486097,-21.02738666913071,9.34145807208953,3.430598679797312,0.0,0.947886591796137,0.2128624999123868,-0.15742992988285492,0.09236104702320029,17.682588128010792,-22.657466584996932,-2.5156285912639653,3.817678030270247,-34.37274046564185,-1.1217609061847966,0.22619790547223637,0.008905024887616571,0.038901022214035144,32.67570217354223,-25.950914401695684,-0.1797057403155966
0,1780392023.2314625,2.549948761043415,-21.16872229750527,9.416732864282086,3.4291317425116024,0.0,0.9900502135844512,0.2101969759084114,0.006068153378538554,0.09583224951020378,18.049456410893622,-22.525253399527003,-2.42535345427782,3.8183300357789673,-34.382362080245066,-1.1169241432861998,0.2159484237531683,0.009465930325908421,0.04975493039683535,32.69000368784031,-25.947604432146818,-0.17456544601085655
0,1780392023.2814624,2.6083300945171497,-21.307431036289305,9.49101014939956,3.4351836681422254,0.0,1.0061789283613454,0.2068841024399145,0.1924413051511685,0.09618614942581638,18.457707630612692,-22.34430174806514,-2.33383764639653,3.8189816837663804,-34.39167125349845,-1.111892970246648,0.21398949814808568,0.009738950193669348,0.058353954858250304,32.703940812948765,-25.944258781673586,-0.1692362877967728
0,1780392023.3314624,2.670424749975684,-21.44508627690503,9.528633507748356,3.447687423078128,0.0,0.9931120625742585,0.20336051494432247,0.3012091590042642,0.09370195460768756,18.69961521868651,-22.30855450705506,-2.2896653894732495,3.8196562280785127,-34.40107516460242,-1.106838300397297,0.22138370735335441,0.00963602959774991,0.06430243596930803,32.718065787110405,-25.940810078938412,-0.1638788278110015
0,1780392023.3814623,2.724915606770386,-21.582646427061142,9.54552428610435,3.4595570171497565,0.0,0.9621228779640152,0.20026840822099706,0.19975573870240645,0.0898706108193165,19.112411204781964,-22.107819960727205,-2.2549520361471345,3.820373350806751,-34.41091326065136,-1.101920426746879,0.23417280203909158,0.009186984312872527,0.06789861393354082,32.7328263201637,-25.937218919716575,-0.15864537131212408
0,1780392023.4314623,2.756363960080425,-21.699532386615292,9.566192476859433,3.464398355214915,0.0,0.9225540081767003,0.19848385810695046,0.07939094480552153,0.08582721597545409,19.304247540879377,-22.084870046739333,-2.228628022960276,3.821132387379058,-34.42119441901465,-1.0972178801299206,0.2418304935487715,0.00852635773227125,0.07009604730270867,32.74820015138967,-25.93353036726198,-0.15361589227318007
0,1780392023.4814622,2.7650385772334385,-21.821887311904923,9.587974144639402,3.467831013881974,0.0,0.8745054991460887,0.1979916132864632,0.07329998003300163,0.08081865923559518,19.40579554582223,-22.156774560978295,-2.2062055902740276,3.821913588775457,-34.43166940278127,-1.0927426603533523,0.24344612059988188,0.007753710807350446,0.07167839573138543,32.763783655664284,-25.929876071592453,-0.14881181271684607
0,1780392023.5314622,2.7455059585095327,-21.938289046608308,9.61089194109399,3.4708903201073187,0.0,0.817032280871247,0.19909999999999733,0.061132649042710596,0.0751299163993177,19.441660440556916,-22.284246389040444,-2.185280282629785,3.82270246647534,-34.44220154016044,-1.0885463788281395,0.24474602359938588,0.006911079629851651,0.07275685605779178,32.779325644128356,-25.926369826472662,-0.14429128327383856
0,1780392023.5814621,2.732486202444559,-22.04948509304599,9.63473062847094,3.47518135021006,0.0,0.7490333621763745,0.19917735072637222,0.05062897253729078,0.06768357791946639,19.470802536685653,-22.41078162804387,-2.163898171485295,3.8234911191490073,-34.45277394474011,-1.0846667479305445,0.2454070971574221,0.0060642891700504395,0.0734744539580615,32.794740048841774,-25.923102061417097,-0.14009537515223736
0,1780392023.631462,2.72764848404195,-22.153758682248643,9.660032733308539,3.475373595092528,0.0,0.6527100160201318,0.1992060917435289,0.005158747130104247,0.05829447267219862,19.5214780440841,-22.506769707837957,-2.139741111861106,3.8242793694373596,-34.46337019273968,-1.0812006053298777,0.24552394504021743,0.005332489565918021,0.07395437604224088,32.81001229874043,-25.92006534891796,-0.1363209876410707
0,1780392023.681462,2.7525205503713694,-22.254277009899376,9.708994430829751,3.4745281464405893,0.0,0.5610852972752559,0.19905832611816507,-0.0356847667173501,0.04990023287177028,19.681808026584953,-22.49150583710452,-2.0862320679202604,3.8250607430951664,-34.47393941633826,-1.0782575864101318,0.24335419817533552,0.004930225519695714,0.07488233153741626,32.82504852789948,-25.917303199079857,-0.13308017906473557
0,1780392023.731462,2.799666205770313,-22.351871612497142,9.757412051178214,3.4717520725803936,0.0,0.4790456651273259,0.19877823249180754,-0.049435462604865574,0.043084371320615995,19.836187235187694,-22.477277170535476,-2.034527094608528,3.8258293084564285,-34.48438637139731,-1.0757850798882078,0.2391560064047768,0.004961790383295485,0.07688185242993653,32.83972835528634,-25.914820204194605,-0.13032230719810745
0,1780392023.781462,2.8579928526285108,-22.447436943047173,9.776620735259678,3.469458671443392,0.0,0.42236339245418186,0.19843171228981762,-0.05065952684253378,0.038570751701327295,20.04635841888091,-22.404523873035675,-2.0089575389649124,3.826581988546824,-34.49464936818269,-1.0736963558369879,0.2343090580561038,0.005399091333631792,0.0798407487061223,32.85398535993476,-25.912603638460098,-0.12796136611259445
0,1780392023.831462,2.9182664419477207,-22.541381112663803,9.803475711592911,3.468365267373477,0.0,0.3916761473502476,0.19807362524949235,-0.006623300864405827,0.03682383276615603,20.4445971308968,-22.13614068889568,-1.9638453077841334,3.8273193691981784,-34.50470735934738,-1.0718605690874115,0.22945648753142112,0.006054380939466283,0.08277017125721778,32.86781608122152,-25.91062297839013,-0.12586585267068306
0,1780392023.8814619,2.971140225277975,-22.634265702327458,9.808165421234609,3.4695852951853943,0.0,0.38306558316015715,0.19775950065864945,0.03143566307006934,0.036544151629151415,20.63930347060536,-22.068392775597832,-1.9533472874338464,3.8280469881513093,-34.51460005808028,-1.0701201760376686,0.2268564542580367,0.0067255493493716895,0.08482104283247967,32.88130241366194,-25.90883312469351,-0.12387592070680853
0,1780392023.9314618,3.0059522113063757,-22.72579754234323,9.779096181266597,3.472328327390202,0.0,0.3936452408467092,0.19755268169887694,0.0625695752125643,0.03826387926926828,20.771718523234227,-22.062582093691965,-1.979724959667589,3.8287722580989225,-34.52441384249985,-1.0683921522537587,0.2261887824958872,0.007340366613055348,0.08582985393149405,32.89457344212102,-25.90720314090984,-0.12190583552761058
0,1780392023.9814618,3.014669075386587,-22.814884161820704,9.766023390273713,3.4749858644883393,0.0,0.4237385284131879,0.19750089457130318,0.036785231944343896,0.04203117755334746,20.857051123053942,-22.102235683496502,-1.9918502255658357,3.829501948779031,-34.53421738733845,-1.066568645152714,0.2270822193943595,0.007931974353621292,0.08649008318065096,32.907733865128435,-25.90570548099237,-0.11984551365323215
0,1780392024.0314617,2.9886812261084166,-22.901083715767427,9.7643858061111,3.4766866268693555,0.0,0.4713703936357866,0.1971156720083127,0.03002695304736843,0.04680691871472129,20.861813041991258,-22.221915512907973,-1.9959891024985765,3.8302378777743513,-34.544007799429956,-1.064539916599947,0.22668072560891214,0.00855186349088212,0.08755773845225998,32.92079132780428,-25.904324790382766,-0.11758477482244345
0,1780392024.0814617,2.974970836335087,-22.982949161576887,9.772646613241061,3.4774220611846354,0.0,0.5393638805684126,0.19604917849451797,0.013544565677606892,0.05446817412857507,20.89662106627528,-22.303854798585792,-1.9886554879419034,3.8309797670292536,-34.55374408602451,-1.0622506046126015,0.22594562637393745,0.00919658400973279,0.08913005835783278,32.933707188921616,-25.90304478362441,-0.11506851510045202
0,1780392024.1314616,2.995484047672444,-23.06009469415726,9.789624387051674,3.481328235024068,0.0,0.6334979870558775,0.19764484478848057,0.11804483433239021,0.06356325093063991,20.990200923820176,-22.317772910769232,-1.9701898550312222,3.8317309868904643,-34.56338746620573,-1.0595423793159742,0.22440030824040266,0.009820713335394292,0.091467981038263,32.946468369415626,-25.901817424197905,-0.11213758929120399
0,1780392024.1814616,3.0385168993438296,-23.13376883054782,9.813386008798124,3.4823727992469253,0.0,0.7317796934087871,0.20099225196992318,-0.05553844116266714,0.0728218617343407,21.150382009374503,-22.2565991541287,-1.9415879808509882,3.8324913332177752,-34.573023824101675,-1.0563357356205016,0.22804845431071633,0.01029252145032387,0.09399662902290577,32.95913792818302,-25.900702296046596,-0.10871281603730765
0,1780392024.2314615,3.0955205886432515,-23.202862666586324,9.832012827220872,3.4775430755885837,0.0,0.8212223324370811,0.2054264121874876,-0.1129435780037811,0.08071820474745142,21.3384922712319,-22.15788579750469,-1.9167506991802803,3.8332500308976227,-34.582570604321596,-1.0526183077341535,0.22299474148933626,0.010494633258044984,0.09604403965171485,32.97157799611297,-25.899749990511285,-0.10478502809490697
0,1780392024.2814615,3.156330641453728,-23.266945883084052,9.804491409313114,3.455193157903711,0.0,0.8880844680333747,0.2101566589542164,-0.710799534646153,0.08643400803009765,21.525987353546757,-22.050655722001437,-1.938011840015811,3.833985414949534,-34.59177789231604,-1.0484610219740444,0.21510597000411003,0.010368508210244213,0.09736432065554075,32.98345890693202,-25.898991432880706,-0.10043080231770585
0,1780392024.3314614,3.2110110005214207,-23.32496928244311,9.792079687167815,3.3997871350029203,0.0,0.9188577586915924,0.21441009370273817,-1.3003360400992248,0.09023710840902238,21.701019741065075,-21.946150443883802,-1.9443819921940175,3.8346465717808886,-34.59994742586413,-1.0439749876269522,0.1775329477450963,0.010004216122690743,0.09820203867419938,32.99393537062773,-25.89840727823283,-0.09577355193066417
0,1780392024.3814614,3.2508255710955005,-23.376423497187012,9.80515702584704,3.308822930900828,0.0,0.9238290208212714,0.21750715964862216,-2.1055272569397765,0.09223307751604896,21.8315080801096,-21.879299810237647,-1.927130143406103,3.835147710850532,-34.60582338529777,-1.03924849755004,0.11102315977518515,0.009492859525879933,0.09894593645438207,33.00154532677972,-25.897881796332577,-0.0909209722175155
0,1780392024.4314613,3.264509197081756,-23.422452334453656,9.840131806943806,3.1642540188539177,0.0,0.8966130616459784,0.21857157128102686,-2.9761996689140116,0.09310932195758022,21.89220993078593,-21.880856663076536,-1.8910476140839485,3.8353906798477784,-34.60795423785323,-1.0343599248675224,0.005192888405751064,0.008960150554674928,0.0998619423378423,33.00462856110077,-25.897240051582028,-0.08597241162455038
0,1780392024.4814613,3.244755686249361,-23.45538842766809,9.895032606779493,3.0075752015998596,0.0,0.8579785324828898,0.2170349999999971,-3.4952460104955883,0.0938762795795958,21.877303804628866,-21.946337549912215,-1.837800941226888,3.8352159409294537,-34.60485454531056,-1.0312306890471348,-0.14171798008258735,-0.004438799222209423,0.02399044171026775,33.001139382292514,-25.896785754186016,-0.08288624254928312
0,1780392024.5314612,3.244755686249361,-23.481708256215338,9.962931041090906,2.8250499389759316,0.0,0.8155103208475892,0.2170349999999971,-3.692197120336096,0.09500522938620819,21.896788737716427,-21.964031355532537,-1.769902506915475,3.8344810136001337,-34.595352749227274,-1.03353260444309,-0.31302712625595835,-0.01554495991383581,-0.04942744811537714,32.989251767682056,-25.8970527234322,-0.08537352296442124
0,1780392024.5814612,3.244755686249361,-23.50101605599434,10.041640021928552,2.6454016717547075,0.0,0.7758211502195085,0.2170349999999971,-3.584428803198982,0.09714173725133352,21.91108256892762,-21.97701124465425,-1.6911935260778286,3.8331903990063902,-34.578434844412406,-1.037548795845491,-0.4926964407053557,-0.02244219287376017,-0.08649559289722425,32.96785608973995,-25.897842341638302,-0.08973178610401611
0,1780392024.6314611,3.2249098894914314,-23.514063036604515,10.129515834154306,2.459413993732743,0.0,0.7459722103074431,0.21731627649018642,-3.555895915236707,0.10158652802993715,21.875381954076737,-22.035632912656723,-1.6053400289211908,3.831321347373818,-34.554222093593346,-1.045087836175492,-0.664423982369035,-0.03741696929017666,-0.15896786447841083,32.93635575741297,-25.90018124844181,-0.09780359864405952
0,1780392024.681461,3.2404825063257814,-23.521855705372214,10.224311609716931,2.2827044778517793,0.0,0.7285005445708609,0.21709556421243525,-3.3321618794090955,0.10733146352334158,21.917232740169393,-22.001233673995152,-1.508926859514263,3.8289476051178672,-34.52263293162694,-1.0561404708510294,-0.8336393366199872,-0.035968226284344165,-0.2315749090244334,32.89439171526678,-25.90440857988579,-0.10959663133104591
0,1780392024.731461,3.278395594573274,-23.525105235923544,10.320636807183574,2.1308020528718727,0.0,0.7202256762715531,0.21655821816759924,-3.141844466892174,0.11369450226555541,21.992598953942693,-21.922888112828268,-1.4095940514069323,3.8260954606646997,-34.48398089780099,-1.0707065177819786,-0.9885492559050895,-0.06019679185983999,-0.3037169338501974,32.84151485284309,-25.911652821041628,-0.12514666758729387
0,1780392024.781461,3.3305826843607296,-23.52576598874793,10.393490927592145,1.9937129577361425,0.0,0.7143065118586707,0.21581856525128354,-2.83751543121344,0.11960501162351299,22.135683256728782,-21.76444541398727,-1.3298835162950677,3.8228039113798444,-34.43874050655514,-1.0887951093352353,-1.1329242753741453,-0.06479735773137846,-0.41230996334932607,32.77741187976033,-25.923111002137162,-0.14449888938846245
0,1780392024.831461,3.393895730784964,-23.52401927664197,10.453752424211011,1.8509270999763965,0.0,0.7013273247030172,0.2149212230231723,-2.6926454259993924,0.12653227274731477,22.459123408974172,-21.392070318933705,-1.2513468844560407,3.819197522933585,-34.387085071231965,-1.1122395363000979,-1.2600869896520344,-0.07844406108302221,-0.520624064386854,32.702327192879665,-25.938675877721426,-0.16948534077150157
0,1780392024.881461,3.4509392001271793,-23.52063037402008,10.52883108417163,1.7256662187823029,0.0,0.6890519452848689,0.21411274014689827,-2.363989013386872,0.1329717555323546,22.732142574231908,-21.063677211048734,-1.160538117126352,3.815320975529323,-34.329524181043894,-1.1410390061382616,-1.3777970736070757,-0.10213735079217022,-0.6287576641169553,32.61628353236297,-25.959102963211148,-0.20012604727047867
0,1780392024.9314609,3.493903769360581,-23.515509614268986,10.619826112844196,1.6172907297962293,0.0,0.6822725572035788,0.2135037989497332,-2.078164869940458,0.14061571963271516,22.780811579337993,-20.99702088593582,-1.0678674541715232,3.8112772939705066,-34.26632679155127,-1.171642558318786,-1.4793228821155673,-0.11626599988167545,-0.6300659995982408,32.51990554678885,-25.983895097288006,-0.23285304083716207
0,1780392024.9814608,3.514531731300555,-23.50874075317344,10.715821372521614,1.5255597539427432,0.0,0.6856145738972957,0.2132114367530924,-1.6782559824269818,0.1507018135878511,22.827463179787447,-20.929975438954955,-0.969287563447697,3.807126109491042,-34.19820924057423,-1.2040849048999096,-1.5640530470355754,-0.14119480171879345,-0.667447514670938,32.41401704532444,-26.013035109977174,-0.26769071323921434
0,1780392025.0314608,3.4988889370477767,-23.499158327663782,10.815217308433654,1.4415531337557488,0.0,0.7029712001217491,0.21343314366251226,-1.5180641230475556,0.16381905666746524,22.777187831609872,-20.975766326021265,-0.8720904606206457,3.802929473236882,-34.125987742549064,-1.238397609239858,-1.6269087180570407,-0.171514781096578,-0.7052631586414995,32.2997942590883,-26.04619178145473,-0.30464681220085854
0,1780392025.0814607,3.4943834773324007,-23.488656957426297,10.9172440193837,1.3814494248802256,0.0,0.7303629618056576,0.21349699999999713,-1.1154354898462897,0.17643938018075198,22.760901239587636,-20.97896332435874,-0.7704190424955044,3.798769069185855,-34.050220849453176,-1.2728476139242395,-1.6811408946993889,-0.1990147367919593,-0.7082810887663527,32.180080041698865,-26.080368665347724,-0.3418727798476824
0,1780392025.1314607,3.4943834773324007,-23.47545416127189,11.02122357965782,1.3270999690353211,0.0,0.7602479506416864,0.21349699999999713,-0.9628888326618278,0.19019723517471307,22.750736212074134,-20.97053800288448,-0.666439482221385,3.794654394623122,-33.97173410449538,-1.3092460557329624,-1.7124016374267654,-0.23628508542858817,-0.7473470650007534,32.06202224778259,-26.107334663290167,-0.3808617458553911
0,1780392025.1814606,3.4943834773324007,-23.460324201324234,11.125286717122304,1.2860666889907193,0.0,0.7885387853867405,0.21349699999999713,-0.7668136328473731,0.20241245206294553,22.73908743272865,-20.960882868096306,-0.5623763447569008,3.790647312038105,-33.89111113479412,-1.345868186398465,-1.735592428616958,-0.26981042610280964,-0.7517742608227821,31.947563140712724,-26.125564239208714,-0.41981972554722535
0,1780392025.2314606,3.4943834773324007,-23.442542819945796,11.196776382518413,1.242359366792552,0.0,0.8076383059384775,0.21349699999999713,-0.8720351800828592,0.2113615606957034,22.725397284912535,-20.949535737335694,-0.49088667936079133,3.786769847559688,-33.80881620269065,-1.3827580507995152,-1.7476366573159445,-0.30433528250790576,-0.7569466212612972,31.837038108550644,-26.135489056113595,-0.4587942657164703
0,1780392025.2814605,3.4943834773324007,-23.424545222259773,11.24646400545602,1.1899644743987714,0.0,0.7840003392285577,0.21349699999999713,-1.2141403339423615,0.21641937412840181,22.711540668971807,-20.938050628840816,-0.44119905642318535,3.783033758846632,-33.72500217908397,-1.4199510695787845,-1.763531109151437,-0.3397592323726293,-0.7626952773468082,31.730349973127762,-26.137582838648594,-0.4978325558499792
0,1780392025.3314605,3.4943834773324007,-23.404910278779653,11.305152505688596,1.128734356635177,0.0,0.7885267527685089,0.21349699999999713,-1.2320269570042366,0.2351100326234424,22.696423436351743,-20.92552065344665,-0.38251055619060814,3.779437515940262,-33.63916589636445,-1.4574709202367269,-1.7948925442258699,-0.37647981596989444,-0.7688310469134734,31.626719396625635,-26.13211686686006,-0.5369771434174968
0,1780392025.3814604,3.4943834773324007,-23.38411379865306,11.330199940926045,1.0915195419586639,0.0,0.8544932602665909,0.21349699999999713,-0.5276233764894738,0.2656496441685767,22.680411919533757,-20.912249447215,-0.3574631209531596,3.7759845915994417,-33.5509140896522,-1.4953582154166407,-1.8255252938943065,-0.41498527614634767,-0.7761699363367,31.52551264669964,-26.11933644828373,-0.576284622932282
0,1780392025.4314604,3.4943834773324007,-23.35999245354399,11.347456814189993,1.0978878154892,0.0,0.9920649501058602,0.21349699999999713,0.4024440863360112,0.30456566438488514,22.66184054012073,-20.896856489196207,-0.3402062476892116,3.7726931189011466,-33.461147584780555,-1.5336955507697605,-1.8195557779132023,-0.45479307318290574,-0.7854469959036434,31.427237783801584,-26.100111105898282,-0.6158482426212233
0,1780392025.4814603,3.4943834773324007,-23.33454173506032,11.398113121735872,1.1450346542438807,0.0,1.1702255083500932,0.21349699999999713,1.2065889940997607,0.3417068380922956,22.642245656537032,-20.880615195877127,-0.289549940143333,3.7695497877438515,-33.37202103896951,-1.5743060182211495,-1.7635488979210399,-0.5023477323184609,-0.8314569347801353,31.33313084528693,-26.076411800848803,-0.6575136435059266
0,1780392025.5314603,3.4943834773324007,-23.303032998386925,11.44724089635478,1.223720459284754,0.0,1.3706836299860798,0.21349699999999713,1.6349473322776833,0.37529963460129595,22.617986615387345,-20.86050799793084,-0.24042216552442497,3.7665520037466518,-33.285704473194194,-1.6172860790436536,-1.6653104122735902,-0.5506431290884726,-0.879411785575718,31.24455721062139,-26.05005512021214,-0.7013940747975451
0,1780392025.5814602,3.4943834773324007,-23.265544715107506,11.501652942665958,1.3297732748372169,0.0,1.5689322465566136,0.21349699999999713,2.3276895744628936,0.3992721803172218,22.58912383310149,-20.836584971743562,-0.18601011921324684,3.763709274061967,-33.20363485378663,-1.6610601191059922,-1.5467945132405654,-0.5905378347362892,-0.8958391621027475,31.162388228857505,-26.022289560377832,-0.7459265815601803
0,1780392025.6314602,3.4943834773324007,-23.21974491705575,11.555645001642386,1.468503098606519,0.0,1.7663264447836944,0.21349699999999713,3.074996005084879,0.4089090228716568,22.553861892989396,-20.80735797940578,-0.1320180602368186,3.760986173353081,-33.127176236365536,-1.7057269329209663,-1.3933075438866873,-0.6253988724026217,-0.914105289007857,31.087200739800423,-25.99462055663343,-0.7912329226413064
0,1780392025.6814601,3.4943834773324007,-23.163624034922996,11.571607552394472,1.632693055977001,0.0,1.9495134057996628,0.21349699999999713,3.3059735703242317,0.40249448084668005,22.51065359799721,-20.77154462079162,-0.11605550948473287,3.7583272101457457,-33.0580576783455,-1.7513417545948724,-1.20253782263068,-0.6530952921365696,-0.9332197891558651,31.019875067874825,-25.968751417605535,-0.8373900473861995
0,1780392025.73146,3.4943834773324007,-23.09637781477112,11.586096329962858,1.802254102170032,0.0,2.131246796801598,0.21349699999999713,3.4944894702028115,0.4008359417688126,22.458879741154423,-20.728631663863233,-0.10156673191634624,3.755673358164645,-32.997403195652986,-1.7979046774876764,-1.0007217228059648,-0.6717746760237145,-0.9520013162715055,30.96094263527794,-25.945842506979318,-0.8844132867603682
0,1780392025.78146,3.4943834773324007,-23.01572413786776,11.6131569805901,1.9781346446461492,0.0,2.339233474329819,0.21349699999999713,3.5518294643434074,0.40000000596045915,22.396783285585503,-20.677162781965443,-0.07450608128910474,3.7529722630793096,-32.945619835177006,-1.8454008503308086,-0.7906233678896869,-0.6803368205102619,-0.9710038007404652,30.91053657900337,-25.926393914203057,-0.9322949357106225
0,1780392025.83146,3.4943834773324007,-22.922399571838245,11.695151045871112,2.1434812866492465,0.0,2.5347633392399316,0.21349699999999713,3.148564421598794,0.40000000596045915,22.324931325570287,-20.617608013335474,0.007487983991907754,3.75017563271379,-32.90287927166339,-1.8938434196803269,-0.5794292881294532,-0.6777039895866446,-0.9908092940012931,30.868747942613687,-25.910573577482694,-0.9810483543202153
0,1780392025.88146,3.4943834773324007,-22.81777413122807,11.785744009188925,2.2868637314352327,0.0,2.7043195498762516,0.21349699999999713,2.8070731128705555,0.40000000596045915,22.24437865551641,-20.5508416283048,0.09808094730971995,3.747265378434103,-32.86863996481018,-1.9432964507913253,-0.3906874608979092,-0.6634258605873231,-1.012662137251373,30.835290717017262,-25.89787013289964,-1.0307295256253686
0,1780392025.93146,3.4943834773324007,-22.702015448530645,11.875237604346594,2.4019319690224656,0.0,2.840392932911481,0.21349699999999713,1.9567887787571006,0.40000000596045915,22.155254338153295,-20.476970601004496,0.1875745424673898,3.744253711210684,-32.8419156363471,-1.9939164002115752,-0.2216402758804512,-0.6377753893593314,-1.0381880453783534,30.809620582062728,-25.887378670844026,-1.0814831883927782
0,1780392025.9814599,3.4943834773324007,-22.580304140037924,11.972656724560014,2.464847300879474,0.0,2.914793151686685,0.21349699999999713,1.0505175010536316,0.40000000596045915,22.061547006383297,-20.399300924891115,0.28499366268080983,3.7411854934509328,-32.821241522028195,-2.04579587780623,-0.09742963158608775,-0.6048008194386015,-1.0629077613172908,30.790804832409506,-25.877913446665303,-1.1333918090297677
0,1780392026.0314598,3.4943834773324007,-22.455985392007335,12.068883800440716,2.509173962494328,0.0,2.967211429145904,0.21349699999999713,0.9159886048300993,0.40000000596045915,21.9658321684508,-20.319967319707377,0.3812207385615132,3.738149495455581,-32.8045698297504,-2.0988719296539475,-0.02072572223306944,-0.5671249751838453,-1.0857148536772137,30.77731663929562,-25.868102398423073,-1.1863903159307356
0,1780392026.0814598,3.4943834773324007,-22.331371395843135,12.181117106258627,2.5584432034596687,0.0,3.025474529705252,0.21349699999999713,0.8762086024309496,0.40000000596045915,21.869890014625035,-20.240445302886343,0.49345404437942264,3.7352659015514265,-32.7909833638065,-2.1550759917783657,0.04421681938971979,-0.4960932997897187,-1.2110516406429563,30.76757244385013,-25.858493328720066,-1.2424564305781358
0,1780392026.1314597,3.4943834773324007,-22.21087285587507,12.316535317339078,2.6097921626599,0.0,3.0861969909180287,0.21349699999999713,1.0876396278338893,0.4001998105961659,21.7771164112317,-20.16354955106707,0.6288722554598714,3.732681770269537,-32.78095958403189,-2.2195844231264763,0.10471098331466507,-0.40733917230820466,-1.4031549614858034,30.76013076732078,-25.85173052643154,-1.3068616772402435
0,1780392026.1814597,3.4943834773324007,-22.0964507435944,12.464844382735649,2.669712094394882,0.0,3.157055013891031,0.21349699999999713,1.1583117969089776,0.40273232023519084,21.68902113914817,-20.09053145183613,0.777181320856446,3.7304132597538078,-32.7751359522,-2.296089317341354,0.17249718075714532,-0.2994822427860381,-1.6774231138098235,30.755572326187306,-25.848105374109945,-1.383294906683635
0,1780392026.2314596,3.4943834773324007,-21.99254701749862,12.623851891952432,2.7226085031031886,0.0,3.229646812377559,0.21349699999999713,1.0748434863774268,0.4024774838705322,21.609024127744924,-20.024225626578197,0.9361888300732275,3.728363846193174,-32.773658061368664,-2.381414453298151,0.23718737312396734,-0.23447423937873096,-1.589286632035239,30.754142477091705,-25.847538673070986,-1.4685705066297219
0,1780392026.2814596,3.4943834773324007,-21.9020507496002,12.784349365999653,2.7771701193968155,0.0,3.3108293555238393,0.21349699999999713,1.2245380218622475,0.4009216132606718,21.539349716181015,-19.966475727212348,1.0966863041204498,3.726275254516961,-32.77472710916198,-2.4565743067160746,0.2900988403936529,-0.18807751775222303,-1.3322988781284943,30.754425250903637,-25.848921054059364,-1.5436947295412686
0,1780392026.3314595,3.4943834773324007,-21.828940117614277,12.955629502270934,2.8544811808764505,0.0,3.423041937365452,0.21349699999999713,1.6826790492348354,0.3928514899998948,21.483060762161358,-19.91982041492367,1.267966440391728,3.7240824011066502,-32.777942618031744,-2.5165238055768278,0.3429930564854751,-0.14248494063024855,-1.0292307954825892,30.756055086706763,-25.852070663921314,-1.6036229539645706
0,1780392026.3814595,3.5073757726591963,-21.77488429624968,13.150333583820277,2.9311254769320225,0.0,3.434670353461226,0.21331285888066595,1.5518076801696628,0.37600564912065304,21.468641179824743,-19.852466148747563,1.464032765032151,3.721725933596147,-32.783863134323795,-2.5595895406363134,0.4106263095648242,-0.09064993513537217,-0.6834260422011005,30.759387942779092,-25.85744033299185,-1.646684250962477
0,1780392026.4314594,3.512246463000935,-21.744495163370416,13.344580381207052,3.01230861899624,0.0,3.3856167299822166,0.21324382609247233,1.7074420080562798,0.35330080399094543,21.45908069514146,-19.816320227171165,1.659056723600056,3.719212070143125,-32.79306911588605,-2.583019867430672,0.46337112126543895,-0.031124202682829394,-0.2560524827819011,30.764808360185558,-25.865481675605228,-1.6701308847541743
0,1780392026.4814594,3.4873246187741813,-21.737954330734507,13.531236397832032,3.1033539122764795,0.0,3.270244268214903,0.21359704591824458,1.8547631985778608,0.32815692219591136,21.404249080520128,-19.872323824942857,1.843266681600106,3.7166100845820997,-32.80612295005307,-2.5829217674076745,0.5188746017923023,0.033268172651721856,0.23432474555807142,30.772748923335868,-25.876554482064684,-1.670072540720156
0,1780392026.5314593,3.4402360214890373,-21.75897194430121,13.706868320378312,3.1869357445419486,0.0,3.111992456481667,0.2142644373832414,1.6733011736696657,0.29977906999867854,21.346364349851434,-19.974819638157896,2.015738697392319,3.713879065185147,-32.823336816100095,-2.5618637517032905,0.5914008882288819,0.06922465228427374,0.5395700665815717,30.783359302036374,-25.89097532126813,-1.649081284005533
0,1780392026.5814593,3.385180883714042,-21.802483324223548,13.86904108880634,3.262485982734343,0.0,2.890546287538061,0.21504473943455882,1.526111638155962,0.271487500368865,21.107233145865724,-20.32373133394201,2.1611215730416937,3.7109052310642014,-32.84400537667904,-2.531312823093879,0.6638824319925242,0.078490206965828,0.6464927084948473,30.795847775245267,-25.908614633053826,-1.618632207870163
0,1780392026.6314592,3.3215595788364225,-21.8774422883021,14.015632434851879,3.328108844859275,0.0,2.5687907366715566,0.21594645064099313,1.0751335473177925,0.235825744219399,20.87216361053558,-20.704696524111984,2.2904179216124128,3.7076850352109587,-32.867632639980144,-2.4976809300489697,0.7314391889075335,0.07828863131030635,0.6782735632866003,30.809664105750883,-25.929372311192207,-1.5851448863259627
0,1780392026.6814592,3.2687083626928235,-21.96973314338441,14.142279723028908,3.3718448278965405,0.0,2.2072466962007846,0.21669551628750944,0.8762262239166192,0.199536213366335,20.822448214407245,-20.89793915672692,2.411405799573533,3.7042875288464145,-32.89372468553016,-2.4638763740336556,0.777589171511271,0.07210233858483393,0.6577730792997993,30.824378401572723,-25.952995479919846,-1.5515315054040237
0,1780392026.7314591,3.2339473546562747,-22.08007142997312,14.217067002418155,3.3885290748782113,0.0,1.8263677254144401,0.21718818757983518,0.2048807287250518,0.16061618227556293,20.836174857060897,-21.04702554386637,2.48317687255577,3.700783882213625,-32.92172535189439,-2.43198877628587,0.8140173630360971,0.06302669703698219,0.6044479121066386,30.83957176449122,-25.97911488129958,-1.5198826128011367
0,1780392026.781459,3.2252273186827862,-22.202549267110715,14.284759481475314,3.3827785916637096,0.0,1.3554763372182492,0.21731177753406403,-0.3643047685804653,0.11352763383989356,20.906975453792732,-21.15117914014998,2.5499388080947725,3.6972627447793966,-32.95083551501032,-2.403578943495163,0.8170215255122852,0.05173455978153023,0.5193835010046788,30.854739496691046,-26.007074885511383,-1.4917551902534782
0,1780392026.831459,3.244755686249361,-22.331730813600117,14.343072144326307,3.348876591616662,0.0,0.8405095648599281,0.2170349999999971,-0.8218009653375778,0.06479911504886457,21.045444532288187,-21.190945873578826,2.6102385963199275,3.6938345131106525,-32.97981774734832,-2.3805614392874324,0.7918158803385399,0.0376998229446057,0.3950676334528093,30.869173365169292,-26.035767008201162,-1.4690535921798542
0,1780392026.881459,3.244755686249361,-22.46351974089045,14.385870074120692,3.296730807889108,0.0,0.2929336722646296,0.2170349999999971,-1.0713036606879842,0.010365403253457604,21.143009697856193,-21.279542486516476,2.6530365261143096,3.6905746902230834,-33.00753540837763,-2.3644185436994465,0.7436060629734272,0.022883826970668895,0.25089873696254306,30.882252354070985,-26.064135473161027,-1.453248555672645
0,1780392026.931459,3.244755686249361,-22.59371974169388,14.390209784076399,3.227715567894301,0.0,-0.23621751322643086,0.2170349999999971,-1.4949211049156186,-0.04428737554801049,21.23939855917044,-21.367070925459235,2.657376236070018,3.687530066734071,-33.033098442607844,-2.3559312229883482,0.6825885825929027,0.007363611398742505,0.09767835587734733,30.89352930612511,-26.09130360379229,-1.4451097802031287
0,1780392026.981459,3.244755686249361,-22.719621175341477,14.398823035732939,3.126514798778915,0.0,-0.7558606091196853,0.2170349999999971,-2.268245463027589,-0.0999890887871128,21.332605131768275,-21.451709603491704,2.6659894877265593,3.684746320827143,-33.05568841888013,-2.354978573495241,0.6001572148284148,-0.007079486979439588,-0.041619096150146195,30.902643339099747,-26.116401360128222,-1.4445036962346307
0,1780392027.0314589,3.244755686249361,-22.83632557077172,14.41027080682894,2.9885449919500715,0.0,-1.196874206594024,0.2170349999999971,-2.891421590402993,-0.15268225482619224,21.41900300977499,-21.530165467445112,2.677437258822561,3.682338412266133,-33.074134782350434,-2.360531752093481,0.47957064567114677,-0.018305873047723062,-0.14441440598336996,30.9092163224375,-26.13800813481462,-1.4503781351629925
0,1780392027.0814588,3.2642693313392157,-22.942008087005878,14.42283967173174,2.8365940813020476,0.0,-1.5616281267902496,0.21855291278459968,-2.9936840172608212,-0.197245153433206,21.53555950576172,-21.558944284930305,2.6916423116200434,3.680463831020773,-33.0873230115649,-2.370281479609653,0.33015317767762875,-0.020891430853572427,-0.17085149303924893,30.913120320653874,-26.154474626943216,-1.460391764113393
0,1780392027.1314588,3.255613856810625,-23.0348346697828,14.424782299787385,2.700407728490883,0.0,-1.7933756674999979,0.21787962722553308,-2.6692016273076766,-0.22786245373940148,21.58801600684326,-21.639305586610032,2.6929022992251,3.6792347158988687,-33.09499423455438,-2.3809280535576947,0.17756918528267665,-0.02179119091822395,-0.18512849196022219,30.914772976843103,-26.164845387392198,-1.471217927663667
0,1780392027.1814587,3.220885059266426,-23.115449056842895,14.416043317256827,2.5806474704867166,0.0,-1.9392432526694978,0.21517816957661742,-2.2049452567762478,-0.24839499112118227,21.571037015849875,-21.777794139214205,2.6807332520246625,3.6786170488366245,-33.09748075094235,-2.3927137895822295,0.042099789089142386,-0.02622792440456556,-0.22484639893661448,30.91448250259047,-26.16926841430477,-1.4830958732204604
0,1780392027.2314587,3.168052648685044,-23.1834161256246,14.452798719944129,2.4919567517817485,0.0,-1.9696612322847087,0.21106848165856953,-1.5956953612623184,-0.2553666261081211,21.49221696122696,-21.964144212107044,2.7115383875413634,3.6785664573446937,-33.096114376300456,-2.4028628561674656,-0.0651113403000387,-0.01466559031074338,-0.1613227214446713,30.91321832962417,-26.168668129935995,-1.4932525505492393
0,1780392027.2814586,3.107774679386677,-23.240733382536003,14.50844087312892,2.434908328958999,0.0,-1.936280086443913,0.20637962420489772,-0.9371446664930012,-0.25339169898663505,21.394339775535542,-22.153651030089918,2.7609265823662703,3.6790030519118604,-33.09234142365847,-2.4071716893584827,-0.13945763279847018,0.0015508038665598672,-0.04468078153930921,30.911837236459945,-26.164298819363317,-1.4974959941561192
0,1780392027.3314586,3.0493699533552907,-23.287880438434165,14.551045337604908,2.415830182081092,0.0,-1.8629996113186604,0.20183648119312167,-0.20901355795541832,-0.24369690424087648,21.28999115148443,-22.33333909787662,2.797342837997032,3.679791540432179,-33.08723914120076,-2.4058245825304607,-0.18052301109707916,0.017810686791110017,0.06780840956537702,30.910659302723026,-26.15750274077822,-1.4960324540227468
0,1780392027.3814585,3.002250633944211,-23.32608688561307,14.568243847154768,2.419043045256002,0.0,-1.7572975016932906,0.19817119892491872,0.1098420827666007,-0.22844853256384035,21.196970822781076,-22.486441358910646,2.8090534843012627,3.6807749141397266,-33.08195212466915,-2.3989848236519675,-0.18513645101254456,0.034511317321659754,0.1765320376604449,30.909977553582543,-26.149766646038657,-1.4890504783263983
0,1780392027.4314585,2.977300148545283,-23.354535713412282,14.583652602288575,2.431578582021793,0.0,-1.6322762853464143,0.19623036928521376,0.3141706610202096,-0.2105395795687566,21.168344112099042,-22.557377580780543,2.8224889120153556,3.681810976115527,-33.0771056561002,-2.388529286728571,-0.17746322053193783,0.03640512731573494,0.17767271083996736,30.909756096037338,-26.14215490914406,-1.4784487005252158
0,1780392027.4814584,2.982081044157005,-23.373790395942333,14.602418812541687,2.4679437037598806,0.0,-1.51136357789945,0.19660226200630548,0.906175612370139,-0.19247723038204664,21.190536279786613,-22.562071731003712,2.841563718334065,3.682795968084267,-33.07267764597157,-2.3780165427867552,-0.15972062591817812,0.03802010542921091,0.17819485083037387,30.909616484414894,-26.135118447883507,-1.4678003455837183
0,1780392027.5314584,2.995126086842563,-23.3833043481785,14.630311317680773,2.540306479863208,0.0,-1.4205128780405458,0.19761699999999732,1.7022876308839845,-0.17714976807858934,21.22277672253269,-22.542214770249082,2.870465910316284,3.6836060542744575,-33.06913386039492,-2.3692239708971927,-0.1127697450523526,0.03910803380140088,0.1791760550813354,30.909527314272122,-26.129457177143486,-1.458898742436031
0,1780392027.5814583,2.995126086842563,-23.384129198041524,14.683280555944975,2.649273207334901,0.0,-1.3723715476278453,0.19761699999999732,2.3429641338931235,-0.16417065333067182,21.223372170878147,-22.542785575438636,2.9234351485804844,3.6840969167701116,-33.06789897225126,-2.3603361317334315,-0.026672023257649224,0.03950284453516745,0.17961849885965386,30.910171188913147,-26.126615326692207,-1.449945934531514
0,1780392027.6314583,3.0149678926010317,-23.374563644223628,14.74983859316266,2.786978999802946,0.0,-1.342025821233918,0.19749911929007094,2.816141869046669,-0.1538428551436811,21.262601347620873,-22.48794455652459,2.99199940104144,3.6840129151881045,-33.0692503316041,-2.3574056298465407,0.08259398439910391,-0.009818978460038992,-0.12914490846344667,30.91096253531866,-26.12779946735455,-1.4470264920442886
0,1780392027.6814582,3.001389327218056,-23.355578574052977,14.824726080271883,2.9320287617195455,0.0,-1.3233528307298388,0.1975797899178662,2.9158267014862003,-0.14529065556599882,21.21633630526022,-22.508859660994062,3.0654526379054374,3.68319303929226,-33.073744208289746,-2.3652838698932643,0.22155777231070783,-0.012262374241474605,-0.15656980460022848,30.911792504807906,-26.13405621265376,-1.4550139481629536
0,1780392027.7314582,2.961633678786337,-23.326377891369138,14.927896554709484,3.0742814243429786,0.0,-1.3160992758893348,0.19781597931099712,2.728645005623393,-0.13932972895975226,21.124564210789043,-22.56227348452482,-3.1172327182839723,3.6817029655497295,-33.08316982185268,-2.3727621775720826,0.3640726147712625,-0.015651000712177246,-0.16984003272887857,30.914171761222697,-26.14635538772391,-1.4626966648625106
0,1780392027.7814581,2.906863583556748,-23.287722843124403,15.02014247098945,3.199786176336358,0.0,-1.3060347175665328,0.19814136994262566,2.3816259878682984,-0.1330317945434865,20.921575448266605,-22.71597235576987,-3.033434998381928,3.679542085804118,-33.097192907697796,-2.3817816840205785,0.49496596682693206,-0.02613842565697963,-0.2186674907673474,30.917619643480045,-26.16476669462152,-1.472026160503968
0,1780392027.831458,2.844323874418199,-23.23712286329086,15.087758772233752,3.3016807033703626,0.0,-1.2737425736139278,0.1985129200626894,1.7620479160780702,-0.12498367074803159,20.550638993466112,-23.016413015263478,-2.983534623309776,3.6767515858258104,-33.115007088006884,-2.39306342915679,0.607735217210565,-0.031737091596867245,-0.2586595131862479,30.92134404654262,-26.18898856742148,-1.4837319625243657
0,1780392027.881458,2.789181394270254,-23.181174986140284,15.155623074134473,3.370237768607034,0.0,-1.2197684817859444,0.1988405230432884,1.2082019888535502,-0.11640855148597154,20.39706844076887,-23.08871098908234,-2.9201988642259984,3.6734516538305244,-33.13571464101377,-2.4059298077462477,0.6889298622296779,-0.0337811876836238,-0.2846623363435965,30.924742594266498,-26.218324278703065,-1.4971343528363348
0,1780392027.931458,2.7461143232437784,-23.11486422254228,15.200889077970398,3.4161036703825807,0.0,-1.1182525256006424,0.19909638568849564,0.7333765321298535,-0.10398133896025077,20.262854686211046,-23.126847361882714,-2.8783759549979457,3.66978887030239,-33.15829234250248,-2.4196451058147854,0.7420201418512274,-0.03363922546390688,-0.2957772429866103,30.927915787583657,-26.250970589289114,-1.5114569496375694
0,1780392027.981458,2.725627712837855,-23.041844164066248,15.234873532116781,3.4453492070223177,0.0,-0.966469705561908,0.1992180972004433,0.5025288483696801,-0.0865347158574834,20.127517735873216,-23.156075934579114,-2.8486011835560987,3.6658938284654323,-33.18188917333896,-2.4333252713960314,0.7712324485808801,-0.03134040604177793,-0.2871950285848662,30.93156345003408,-26.284641591326146,-1.5257521190799124
0,1780392028.031458,2.7389342221398456,-22.957071096820744,15.258854267151477,3.460484027524246,0.0,-0.7401448918616494,0.19913904286525555,0.2970312505445301,-0.0623462933918525,20.127731036388706,-23.03806220503789,-2.8216293024949834,3.6618603458510757,-33.20598692833611,-2.4459357971665376,0.788887851916316,-0.027007844089017508,-0.2576011263942567,30.9357338390999,-26.318433250857964,-1.5389657675745085
0,1780392028.0814579,2.7651292594008745,-22.862358655235216,15.272676205292399,3.4671658059778525,0.0,-0.46123196053548976,0.19798646748850535,0.08284459579929507,-0.03571361032057217,20.131896284596465,-22.90199827256401,-2.8046832051520916,3.657752334188861,-33.23034770243147,-2.456372254892365,0.7962654625646033,-0.020472280229388785,-0.20494914907226222,30.94053071926324,-26.351828176588548,-1.549981205783932
0,1780392028.1314578,2.75641390731778,-22.774253273605282,15.286044166806747,3.4721149232448254,0.0,-0.20353379899924146,0.1984810238298346,0.12571919408993898,-0.01191521158746771,20.053707125064975,-22.855152683714486,-2.7919568867356475,3.653617893840209,-33.254772932964386,-2.463737613127069,0.7928655719350616,-0.01278163978226966,-0.137433989905245,30.94599534150018,-26.38445419422915,-1.5578933156762993
0,1780392028.1814578,2.7217070027146635,-22.679472737624657,15.299677488844992,3.4752463037351915,0.0,0.04292166379212459,0.20045048181566577,0.023054637997302938,0.012654939569252057,19.8560717425737,-22.91436031104008,-2.78486016202411,3.64952006325918,-33.2792331406289,-2.4677214034316868,0.7914112610568391,-0.005517905926133937,-0.06971614645623107,30.9523148427467,-26.41602811422733,-1.5623834252846844
0,1780392028.2314577,2.668896674642595,-22.586162362641975,15.281057586274581,3.478229904647174,0.0,0.28376540993894905,0.20344722622561123,0.06601699223610825,0.03336232954547525,19.468918764306924,-23.15135412355351,-2.8207748696816957,3.645503473789151,-33.30377619379379,-2.4682900732836552,0.784571218093301,0.0017484879633748182,-0.0008257188073046151,30.95964010588655,-26.446438967429458,-1.5634139909061209
0,1780392028.2814577,2.608526127239332,-22.496276392717608,15.288200947718838,3.480398517579901,0.0,0.4518292353246901,0.20687297848015487,0.04018185741049192,0.048094478822916696,19.26131915012366,-23.220408223088373,-2.8198015988202982,3.641600781566454,-33.32842845623034,-2.4656406942097884,0.7796549003551004,0.008099984418614443,0.06083564956284302,30.968042175805024,-26.475642743818725,-1.5611808031552918
0,1780392028.3314576,2.5503052606181202,-22.413573273150014,15.283126021177805,3.4827169363385337,0.0,0.5587631890908336,0.21017674618921356,0.029643890254259717,0.05529832082180115,18.87662326163232,-23.45555343107717,-2.8420227580633437,3.6378184433987863,-33.3532322765741,-2.460342474386478,0.7733239406493587,0.012853439441468686,0.10853001480131312,30.97751657396554,-26.503717098936477,-1.5562552739657867
0,1780392028.3814576,2.5031747982346895,-22.335891633872457,15.242904957722935,3.4832816437067953,0.0,0.61297865348204,0.21285118421756571,0.02318403939042992,0.058232325162264016,18.535976623776357,-23.649391773770756,-2.8973068182516393,3.634155067148645,-33.37814506301756,-2.453251735765561,0.7664878863793504,0.015511490039151109,0.13723675799420232,30.987970330302097,-26.530714257063785,-1.5494967280772416
0,1780392028.4314575,2.4780899931611513,-22.263743096199335,15.197400643816353,3.4832257584850987,0.0,0.6110316955111227,0.2142746320945816,-0.02001562180560686,0.05646597827382588,18.336620119413162,-23.72439824202417,-2.950673263819123,3.6305975540681885,-33.403123538272474,-2.445184951224943,0.7593913288885858,0.016702160866381266,0.15140375644956433,30.99928586242509,-26.556716041474242,-1.5417254363418906
0,1780392028.4814575,2.4828213614987065,-22.197530683952312,15.190150992721422,3.4832800858487643,0.0,0.5741656806142239,0.2140061485964747,0.006332431929134354,0.052239096759113396,18.323388974478686,-23.648859267774107,-2.9563952425184894,3.627127361483232,-33.42808767712459,-2.436845845380413,0.7502716881215716,0.01649400218149622,0.15185384865368406,31.011314535154142,-26.581783778583997,-1.533648842774478
0,1780392028.5314574,2.5157381653301014,-22.135167478103142,15.189169498930784,3.4828462797879793,0.0,0.5028030547291659,0.21267152735725542,0.0015674312648504812,0.044621579674203216,18.478341304357333,-23.434092136228628,-2.9472503117411932,3.6237166792770124,-33.45298138746246,-2.428780166625312,0.7426334398248655,0.015426794331023789,0.14333536159165625,31.023920334571486,-26.606000984687995,-1.5258164167666324
0,1780392028.5814574,2.502135166270687,-22.076283092397333,15.193721326274442,3.482352303406892,0.0,0.40852372382649804,0.2130777833812052,-0.0026247691892994016,0.03645530748682004,18.360830720104566,-23.45759817219485,-2.9468046795390315,3.620341967702406,-33.47777384844002,-2.421430823741562,0.7349398026674667,0.013433340356333673,0.12600483283574512,31.037011687264133,-26.62943525728219,-1.518673710271268
0,1780392028.6314573,2.459193447775975,-22.01844091171199,15.203359101442825,3.4821187425606333,0.0,0.3221603944763126,0.2143602455603934,0.03789730030359642,0.03445884107767758,18.057443740921528,-23.638478594678833,-2.9510238396970507,3.6170227804254993,-33.5024134985669,-2.415075647251448,0.7271090902184194,0.011118777582224746,0.10505346538353878,31.050566616938415,-26.652032270160177,-1.512498332099295
0,1780392028.6814573,2.4076258902718797,-21.971417797626852,15.218402811975313,3.4910602057995024,0.0,0.39222410017486775,0.21590031997963818,0.3106528918890741,0.035939709380874346,17.738674847758197,-23.839496781760445,-2.950635470808514,3.6137663925585337,-33.52693163527178,-2.4094638448698324,0.7212763368727567,0.01009732375471807,0.09417034849831733,31.064598316667343,-26.67382676883091,-1.50704033813243
0,1780392028.7314572,2.346942172899953,-21.92636546628736,15.260953820805394,3.5051724001301827,0.0,0.26552848210345975,0.2177126501599412,0.20405770542596294,0.01871595700944392,17.537445561961345,-23.94342922153579,-2.915432480894488,3.610543535169402,-33.55161664362272,-2.4040863841273032,0.7289672897223871,0.01021111013324839,0.09352856969224106,31.079267109525098,-26.69508185439804,-1.5017930742810335
0,1780392028.7814572,2.289893688581101,-21.885073260092714,15.280357429619357,3.498789138121012,0.0,-0.007515547105598097,0.21941641344850052,-0.24668342785682468,-0.013132090601731726,17.132590804221493,-24.20749771306897,-2.9154099189449774,3.607328928342101,-33.576512521200314,-2.399666703390323,0.7313015086429829,0.0065149930714957505,0.06323142898738991,31.094463552302628,-26.716007666975237,-1.4974862076906668
0,1780392028.8314571,2.246882775625221,-21.845438013224772,15.24960805348325,3.4563156731046005,0.0,-0.4002269728244232,0.22070094213276978,-1.0951008632829944,-0.05347135965093863,16.940543737817727,-24.30365682285302,-2.9538459500668566,3.604161456832174,-33.600948102694616,-2.3978877995297103,0.7109556554648114,-0.001304881336159162,-0.0027287733627546495,31.10859671313093,-26.737535283642437,-1.4958550252995182
0,1780392028.881457,2.2262810346395296,-21.801186254309517,15.21071055270709,3.3485658584364204,0.0,-0.8483017709719971,0.22131621684849487,-2.327910969684871,-0.10436972238180546,16.863381233790264,-24.306341097471925,-2.994698573168211,3.6011556266237403,-33.62361291201297,-2.4001932356291054,0.6480858810019563,-0.011392874169458785,-0.08970477387386225,31.120602287756043,-26.75889682692408,-1.4983481406479
0,1780392028.931457,2.2397527136795476,-21.76058760401294,15.186097245873247,3.1971596377295115,0.0,-1.2119432791567184,0.22091388272064405,-3.6068290002872705,-0.14558374659444756,16.870738037989703,-24.250013606716585,-3.018106185236139,3.59851167454694,-33.642580560940345,-2.407349166314873,0.5239752943665439,-0.021618928736151635,-0.17571559979966112,31.129599363530268,-26.778099395580274,-1.505707390902154
0,1780392028.981457,2.2463116132592043,-21.711007971155666,15.162222982451585,2.9675568360348734,0.0,-1.5037455906532626,0.220717999999997,-5.104241745460778,-0.1805608318243077,16.858060334064565,-24.1974886098109,-3.041293893080205,3.5964996813251164,-33.65588234370182,-2.417735636675103,0.33881875909418746,-0.02201307281345971,-0.1791827977880307,31.13505306530614,-26.792645811741934,-1.516272561606285
0,1780392029.031457,2.2463116132592043,-21.65726443915473,15.138107181003829,2.6845143204417896,0.0,-1.6010930764460072,0.220717999999997,-5.927652298738226,-0.19737139978010584,16.825705200663847,-24.154575761215664,-3.065409694527961,3.5954577199424786,-33.661705842083684,-2.4278785090097097,0.08173200687082327,-0.020561580935616577,-0.16860432521882665,31.13687037719476,-26.79973418530777,-1.5265161236295555
0,1780392029.081457,2.260494713179399,-21.59401130702565,15.114486764681597,2.3866337320080913,0.0,-1.4349165383824074,0.2204498234342706,-5.1874616017946895,-0.18823598761983182,16.828454301731647,-24.07323117446228,-3.0873174290354477,3.59567999917015,-33.65883343034965,-2.4353612456245974,-0.21167655313930483,-0.008522920715400626,-0.10818400166181444,31.135214224610205,-26.79719815785333,-1.5339769139701325
0,1780392029.1314569,2.263850195105322,-21.537237089023726,15.09212848817476,2.1711375015180323,0.0,-1.2443412538274221,0.22038637738761546,-4.462267579884631,-0.1865980941628048,16.805207897635324,-24.019621297103356,-3.1091902804282405,3.597197719049876,-33.64775710043085,-2.437328538105275,-0.46424175629752606,0.007375823083659647,0.005820382548511013,31.13045736680767,-26.78535895702003,-1.5358011173022306
0,1780392029.1814568,2.2392319057094414,-21.479198304935128,15.070732589609873,1.9736496133437862,0.0,-1.0966481558050727,0.22085186436446783,-3.978168276665966,-0.1788173085165297,16.700184365547287,-24.02619656349048,-3.13352256373231,3.599834935641774,-33.62975130190202,-2.433920011962261,-0.6780267129278983,0.02571408020659112,0.11721966033324276,31.12257358735297,-26.76630090213866,-1.5321720046313971
0,1780392029.2314568,2.1887003615126925,-21.41791576068501,15.042333339417782,1.7608117509038828,0.0,-0.9026015643749932,0.221807323753444,-4.009123825306467,-0.16094893068241076,16.564320558847246,-24.051494844225115,3.1178444915250374,3.603436364796206,-33.605840553242196,-2.425191464621754,-0.8652713322563137,0.048874728661770867,0.2273666446864474,31.111130530032174,-26.742219680945187,-1.5231997309952796
0,1780392029.2814567,2.1337473859619447,-21.36729647096323,14.98077149331821,1.572032868129896,0.0,-0.7048592783721831,0.22284638434968676,-4.013788807859587,-0.14047509925354873,16.20117759958162,-24.255542472958027,3.039523566432795,3.6079059909552167,-33.576195570999985,-2.4093853882825056,-1.0516247617756647,0.0651639949535945,0.44428016545210125,31.095017602443967,-26.714795026384678,-1.507183511007617
0,1780392029.3314567,2.073516753763671,-21.318804382516678,14.917267109466522,1.3894498116741774,0.0,-0.5208695650453552,0.22398523581272028,-3.5232660241722766,-0.11195933945355455,15.84435886393583,-24.449104459129906,2.959958245679804,3.613203087209682,-33.540546357197194,-2.384758662384301,-1.2359678015638353,0.10501512996603915,0.5161395678977999,31.074428616585255,-26.683346677467426,-1.4823594923984982
0,1780392029.3814566,2.02069006429358,-21.275362035647273,14.887137983162713,1.230607667558912,0.0,-0.3384058592911132,0.2249840922150935,-2.975919470439019,-0.07695424553466429,15.532780864276438,-24.61063497861864,2.9159564555296598,3.619194104355668,-33.498575162386054,-2.3602760384561865,-1.396385106432176,0.10799263136937168,0.5169158743409585,31.051285551853326,-26.6449259601695,-1.457583733253852
0,1780392029.4314566,1.9858899149697926,-21.235227885848975,14.883370510137315,1.1375198893455545,0.0,-0.15261637370290432,0.22564209960310688,-1.3481237891958557,-0.033801358814234635,15.226595833376138,-24.766491875734584,2.897772818058737,3.6256654982302434,-33.450356399154956,-2.335897821803509,-1.5270734784071236,0.1145649537948778,0.5165029712651465,31.025764488187296,-26.599423464242427,-1.432803799784009
0,1780392029.4814565,1.9772040347624895,-21.195902989128037,14.88412311296746,1.1441436555751052,0.0,0.03507512554843513,0.22580633376470854,0.8351768592437868,0.009807173138338478,15.155681842026295,-24.76590958923748,2.896153200625257,3.6323795157741054,-33.39783410579753,-2.311637719624671,-1.5744591722143928,0.12308420526130144,0.5145187783625784,30.999224042581858,-26.548247172110965,-1.4080335299547064
0,1780392029.5314565,1.9967370527747703,-21.152546385719255,14.852137967323303,1.2515867711908075,0.0,0.20742050279459107,0.22543699999999697,2.426049782953165,0.05288256000222579,15.255499038028479,-24.648431235071914,2.8702322032765046,3.6389553944076445,-33.34451458534438,-2.2874867385453426,-1.5118602828179224,0.1308993206911645,0.5108957182412038,30.973613218992764,-26.494579927236366,-1.3832906823258593
0,1780392029.5814564,1.9967370527747703,-21.107815876013152,14.837552637058778,1.3958483119827065,0.0,0.348664231313922,0.22543699999999697,3.0577506887807147,0.08478041634501998,15.23081883873169,-24.611125655579855,2.855646873011981,3.645036948759022,-33.29396572630036,-2.2634442031695445,-1.370055377673501,0.13546052506301434,0.5055892842060151,30.950579312576604,-26.442091840281897,-1.3586195632336433
0,1780392029.6314564,1.9967370527747703,-21.059840535106787,14.84031292911062,1.534168477220656,0.0,0.4813492461016328,0.22543699999999697,2.6388337369120953,0.10919616491088782,15.204348293623212,-24.571113862609003,2.85840716506382,3.6504114344531695,-33.24836676514046,-2.2395420478954624,-1.197871350722919,0.13536979524149584,0.49887321963162434,30.930783456670277,-26.393467617556716,-1.3340969492221295
0,1780392029.6814563,1.9967370527747703,-21.005099449104303,14.843377205964735,1.6456118397547428,0.0,0.604121842956697,0.22543699999999697,1.9222624538487756,0.1271583192432245,15.174144727396477,-24.52545938764851,2.8614714419179386,3.655072076549918,-33.20798898012113,-2.215845797822264,-1.0481254976795265,0.13058743442007034,0.49090755081524323,30.91393165722384,-26.349524648257056,-1.30981330668318
0,1780392029.7314563,1.9967370527747703,-20.95244214695922,14.831210842256358,1.7059774156747116,0.0,0.6879335185963112,0.22543699999999697,0.9854537502950662,0.13868117725545256,15.14509089546139,-24.481542804003077,2.8493050782095573,3.659134002611585,-33.17177188245144,-2.19243891311646,-0.935580507596156,0.12197321996914862,0.4819114969012165,30.89916790527458,-26.30964091213689,-1.2858571068183005
0,1780392029.7814562,1.9967370527747703,-20.901096129308556,14.832829427113335,1.7321047997491812,0.0,0.7521184156662398,0.22543699999999697,0.24466855633705858,0.14714974077854948,15.116760568866834,-24.438719841428913,2.850923663066535,3.662751002598866,-33.13810243970511,-2.1693997667513734,-0.8709620285447989,0.1107216921830409,0.472227151196898,30.885472646380116,-26.27250650993458,-1.2622995114010989
0,1780392029.8314562,1.9967370527747703,-20.85220302348166,14.83459726314859,1.7417784751188854,0.0,0.8166403198107962,0.22543699999999697,0.2717803700111698,0.15888812023264867,15.089783644079365,-24.397942625653297,2.852691499101791,3.666070206747326,-33.105308379883866,-2.1467873202126526,-0.8440895162569692,0.09800035159088241,0.46220312950095455,30.871878950080742,-26.23664641290155,-1.2391870108183367
0,1780392029.8814561,1.9967370527747703,-20.805284326493855,14.872349573830522,1.7549900654368982,0.0,0.9008892912409617,0.22543699999999697,0.2009350080380915,0.17362730833961196,15.063896105573477,-24.358812081609805,2.890443809783722,3.669152314017855,-33.07269381158296,-2.1246292388140375,-0.8163227823481333,0.08430656474918573,0.4519158237475968,30.857949558282236,-26.20149194921874,-1.2165437794744385
0,1780392029.931456,1.9967370527747703,-20.76175400084899,14.924831540226775,1.7666903650817827,0.0,0.9741016694817787,0.22543699999999697,0.24898108715634534,0.18394368937245634,15.039878111604075,-24.322507464597173,2.942925776179976,3.6720011819319573,-33.04025368299522,-2.1029401447574623,-0.7924996518505323,0.06970741857966248,0.4413486049724497,30.843603803514352,-26.167140028718517,-1.1943884225867527
0,1780392029.981456,1.9967370527747703,-20.72169201570155,14.963637260372703,1.7677182401860054,0.0,1.0128539777951184,0.22543699999999697,-0.09165430438915383,0.18855647838941803,15.017773785403453,-24.28909546948808,2.981731496325903,3.6746192971607963,-33.00800533289064,-2.081730958727775,-0.7667516432682517,0.059428476909767686,0.39461393599208255,30.828662281492306,-26.133851080674958,-1.1727415635160403
0,1780392030.031456,1.9967370527747703,-20.68626960958155,15.006682865757583,1.745072238746514,0.0,0.9906249286992835,0.22543699999999697,-0.6490623671890725,0.18306498814913524,14.998229361511186,-24.25955291797252,3.024777101710786,3.6770815935169927,-32.97591480314583,-2.0646015938393294,-0.758562780289423,0.056009673087625104,0.2767792289752401,30.812834036062913,-26.101946188506346,-1.1552185823165657
0,1780392030.081456,1.9967370527747703,-20.655135282754266,15.053368727075082,1.6903117858130015,0.0,0.9083660963627778,0.22543699999999697,-1.2902888725414405,0.16866165777028871,14.981050898844035,-24.23358665664399,3.071462963028285,3.6794521278125165,-32.943014352440855,-2.051510068018727,-0.7786463348157608,0.03945304630343451,0.23229596261236782,30.79559496505668,-26.0705261349679,-1.141767797418312
0,1780392030.131456,1.9967370527747703,-20.628969669551353,15.103354889304264,1.601459215452997,0.0,0.7682485186671907,0.22543699999999697,-1.939033069972144,0.1453260208745171,14.96661393953341,-24.211764339623382,3.1214491252574668,3.681813076456759,-32.9079919175044,-2.042403633910294,-0.8309921561355538,0.030713447085250346,0.11729842981972195,30.776239003487543,-26.038363566936987,-1.1323227549897448
0,1780392030.1814559,1.9967370527747703,-20.60712736465363,15.156029129980208,1.4875729557904,0.0,0.5951665228147551,0.22543699999999697,-2.3674124787171076,0.11561385549304057,14.954562379166248,-24.193547694049574,-3.1090619412461784,3.6842504763097446,-32.86943006121929,-2.0372216537551706,-0.9156277755084969,0.009213160549638989,0.07598569666956673,30.753932295886116,-26.00422257319501,-1.1268113020550117
0,1780392030.2314558,2.012996326460437,-20.58917492533978,15.20886078700472,1.3669446605471058,0.0,0.41305615259318723,0.22455986818667206,-2.4149504804039226,0.08138499695758675,15.07898740675974,-24.08902696171492,-3.0491788281328134,3.6868628519188777,-32.8262664553917,-2.0377063111588702,-1.0212547444112672,-0.006740013861717714,-0.035424481143120454,30.728098389716976,-25.967113739500558,-1.1269655069303366
0,1780392030.2814558,2.012244184280538,-20.573794219483688,15.225797481679272,1.2628714167988009,0.0,0.24080947352579246,0.22460044366666507,-1.8897709610498463,0.0456970616795631,15.063529001908599,-24.08088055143388,-3.032608485372844,3.6896929899138065,-32.77800485426249,-2.0437599505640174,-1.1285998204165744,-0.028321146168845807,-0.1449707505599954,30.698370286018573,-25.926700323319523,-1.1326876209875305
0,1780392030.3314557,1.9813068563727538,-20.560310691482304,15.228585298132153,1.1978393683966286,0.0,0.09113305963366691,0.22626940594947006,-1.0160237117404185,0.009739036952444999,14.829817446022652,-24.219582382948733,-3.041514121763729,3.6927317759804796,-32.725326502274534,-2.053500275168007,-1.209675373075393,-0.038935135410562365,-0.14506031036238473,30.665131476218328,-25.88359930700659,-1.1421026311420004
0,1780392030.3814557,1.9317367513544283,-20.5478370373235,15.238414751548174,1.1814716259361864,0.0,-0.043758649823964345,0.22894354238028486,-0.11460447093241699,-0.02469333375405548,14.636445395021832,-24.330087121700377,-3.040091636098019,3.696005123275678,-32.670401235599655,-2.061474125428064,-1.2465326287964529,-0.021914241455151168,-0.10825063060632481,30.630027416962232,-25.839229913476995,-1.1497615682035895
0,1780392030.4314556,1.8680861869473526,-20.535073106381,15.242158152608056,1.2055252446158558,0.0,-0.16879785198786235,0.23237727109762288,0.6762565923561392,-0.05588915960675345,14.142263103995916,-24.623955142723442,-3.061233567786168,3.6994015907479274,-32.61536479240927,-2.065828943434994,-1.2376297867422483,-0.010695164790374778,0.0011837662527802578,30.59434541574096,-25.795418558234317,-1.153828564148823
0,1780392030.4814556,1.8124552548265653,-20.523758722268255,15.239807419155767,1.2569503473406671,0.0,-0.2710389417398729,0.235378368275234,1.2851986348516262,-0.07877413944924416,13.893999207682207,-24.759758208792455,-3.0746474554838095,3.702764315007742,-32.56199165742938,-2.0647137687640895,-1.1888635380109023,0.007285038712273742,0.11069975306819534,30.559100622567474,-25.753754262569082,-1.1524674926468967
0,1780392030.5314555,1.7627252674722966,-20.51082047498153,15.23143586265458,1.3326070407366897,0.0,-0.3759204696164893,0.23806112980738822,1.5874510511846256,-0.0996134747659612,13.486372819972008,-24.98097250822226,-3.1031914071498683,3.706003480215637,-32.51182546908247,-2.0581115263306247,-1.1097065007766318,0.03133495596594626,0.2198984862826836,30.525388033202482,-25.715346304419807,-1.1456651430909255
0,1780392030.5814555,1.731759918166602,-20.496514115556188,15.22864948902858,1.4145599273936442,0.0,-0.4828074314410748,0.23973160374809607,1.6127807403765828,-0.11831892677725865,13.275721982294588,-25.08238974153335,-3.115848650999734,3.7090398522904007,-32.465737758998394,-2.0442223740784966,-1.0160304832130937,0.057104116663218,0.29234528706227847,30.493865064127213,-25.680771030243378,-1.1316211618886651
0,1780392030.6314554,1.7308517651875523,-20.479801662682068,15.211083305233077,1.4805389146271781,0.0,-0.5863933166345332,0.23978059547335331,1.148276175601582,-0.13579084183772866,13.263312687528758,-25.070153387378276,-3.1336116676077523,3.7118237091269837,-32.423792747622095,-2.0266551672402273,-0.9226514255015936,0.059220960864178905,0.40085421661122955,30.464648109294437,-25.649984315055512,-1.1139398500069113
0,1780392030.6814554,1.7471752442703468,-20.461043047730044,15.163601025178636,1.5165379460840556,0.0,-0.671326399584958,0.23889999999999678,0.5981149587401858,-0.15155046111725548,13.3462000509356,-25.002656402240508,3.106434738049476,3.714358232477166,-32.38523165883775,-2.0054172473157723,-0.8531104583297716,0.07845861213442253,0.4008043634152927,30.4372885548043,-25.622326822352,-1.0926212120376269
0,1780392030.7314553,1.7471752442703468,-20.43930106394954,15.114096989971497,1.532237137899686,0.0,-0.7499448251695479,0.23889999999999678,0.1300557976645631,-0.16606883876793097,13.335601210557588,-24.983672766093733,3.0569307028423403,3.716698714911701,-32.3487351227315,-1.9858891558833613,-0.8133662713347217,0.06949795485263965,0.4382562059552635,30.41092971343961,-25.596750077130174,-1.0730381921587306
0,1780392030.7814553,1.7471752442703468,-20.41482647013702,15.066122315078353,1.5313973073615021,0.0,-0.8132454679263997,0.23889999999999678,-0.11519980075675403,-0.17818547540597737,13.323670270135848,-24.9623031988791,3.0089560279491927,3.718897606652284,-32.3132130070988,-1.9609089003421947,-0.7953543701949062,0.079615528914608,0.5099782802988865,30.384848124144956,-25.572407811872353,-1.0480234860911408
0,1780392030.8314552,1.7471752442703468,-20.384462926700046,15.020602305181441,1.5206583436225527,0.0,-0.8588231552758732,0.23889999999999678,-0.282087075807728,-0.18623736597797194,13.308868568807751,-24.935791797410243,2.963436018052281,3.7209735493459664,-32.27768875600824,-1.9358628285195931,-0.7915582575050982,0.07943574523181297,0.5111225304251611,30.358349074916344,-25.548602141867686,-1.0229601417318905
0,1780392030.8814552,1.7471752442703468,-20.357014171805588,14.97809036536271,1.5120860840497052,0.0,-0.8738552762416885,0.23889999999999678,-0.20043503609125615,-0.18865670249412808,13.295487776390713,-24.91182539301684,2.9209240782335506,3.722973549177189,-32.24183310206619,-1.9089714372766335,-0.7939890654561956,0.08564192456110521,0.6190498763108793,30.331251934715617,-25.525028428945937,-0.9960661197687792
0,1780392030.9314551,1.7471752442703468,-20.323711597754023,14.939477290988783,1.5077481581117531,0.0,-0.8733263649733608,0.23889999999999678,-0.13120803900397807,-0.18789883014054476,13.279253348561456,-24.88274782792764,2.8823110038596234,3.7249288228714943,-32.205639592816375,-1.8820520448259415,-0.7949555215830316,0.09203904626595097,0.5128683389333863,30.303597115354343,-25.50162387648875,-0.9691574463962072
0,1780392030.981455,1.7471752442703468,-20.28743435487222,14.887234326949276,1.5069425746797895,0.0,-0.8599251513737787,0.23889999999999678,-0.04016355341303471,-0.18405783977635193,13.261568821218399,-24.851072982328052,2.830068039820116,3.7267502508184016,-32.16898605139622,-1.8567879959561537,-0.7926945309471777,0.08169635523351422,0.515088658760548,30.27527883367049,-25.478325580802125,-0.9439152048458355
0,1780392031.031455,1.7471752442703468,-20.248621998862557,14.85005702898614,1.5068316099016268,0.0,-0.8343110801880177,0.23889999999999678,-0.04644342118423541,-0.17829459776538525,13.242648470150439,-24.817184646658,2.792890741856983,3.728402002669452,-32.13201713270267,-1.8313794373500147,-0.7851841293934758,0.08161619120159293,0.5164146386269917,30.246454459202468,-25.45516645439661,-0.9185362810724316
0,1780392031.081455,1.7471752442703468,-20.207572385511607,14.847379881119492,1.4971862331815295,0.0,-0.79537812132963,0.23889999999999678,-0.1856314962497471,-0.17051989476334697,13.222637494892698,-24.781342888532922,2.790213593990334,3.7299350150795063,-32.09504939313238,-1.8058855585048808,-0.778936418154505,0.07628183257325472,0.48195143056690826,30.217436905585384,-25.43225924796222,-0.8930782969938411
0,1780392031.131455,1.7471752442703468,-20.163946219451873,14.839036065130307,1.4977285867423011,0.0,-0.754724827923163,0.23889999999999678,0.08477237358086072,-0.16155848262796746,13.20137049483236,-24.743251458085837,2.7818697780011483,3.731326398774851,-32.05782812468651,-1.7820819448122251,-0.7789616882432625,0.07461735112257847,0.48296187874350116,30.18806170863644,-25.409400210235997,-0.8693142543806336
0,1780392031.181455,1.7471752442703468,-20.117532626814896,14.836882415417065,1.5042546682829194,0.0,-0.7118096203959273,0.23889999999999678,0.22935047242730874,-0.15096759077468153,13.178744672612286,-24.702726234454907,2.7797161282879053,3.73259893910201,-32.020644318731875,-1.7582120585443,-0.7663297299957519,0.06769567294583008,0.4479491188500391,30.158597381934662,-25.38671774267462,-0.8454863848146932
0,1780392031.2314548,1.7471752442703468,-20.06873016332078,14.84164340268302,1.5236200315069754,0.0,-0.6713551291816017,0.23889999999999678,0.4530279738393112,-0.14005424986187395,13.154954317240403,-24.66011520965646,2.7844771155538623,3.7337420239488894,-31.983987593666264,-1.7378575108590655,-0.7460548022957683,0.07302848600282123,0.3767147179698099,30.129463576842923,-25.36446951085685,-0.8251743245746952
0,1780392031.2814548,1.7471752442703468,-20.01749625153561,14.853933783285918,1.548532708542961,0.0,-0.6278138110551842,0.23889999999999678,0.5726246229900714,-0.1281195752299233,13.129978672955398,-24.615381207942335,2.7967674961567575,3.734775692711804,-31.948411061484872,-1.7192438059052708,-0.715625881362511,0.05591590349030505,0.37767275419829005,30.101123223881757,-25.34296101945846,-0.806602906713334
0,1780392031.3314548,1.7471752442703468,-19.964192282588822,14.874084449454866,1.5748693873617354,0.0,-0.573729482004633,0.23889999999999678,0.5692561359217242,-0.11549727448728019,13.103993911671187,-24.56883977171092,2.8169181623257096,3.7356363468418934,-31.914232456685685,-1.7023504173829516,-0.6791218419902696,0.05754581764683788,0.30594120780394984,30.073868242177788,-25.322334152511992,-0.7897475289334484
0,1780392031.3814547,1.766685904635038,-19.907445513680972,14.900678876358185,1.6081355581368242,0.0,-0.5187792540590713,0.23784256917705449,0.8100511198157099,-0.1022774829293708,13.222206597016545,-24.437139994553966,2.850942352440825,3.7363825782838815,-31.88170933943035,-1.6872237383422342,-0.6438266405850378,0.041913958136230486,0.2701904264717745,30.04791282780597,-25.302732951983387,-0.7746558677099347
0,1780392031.4314547,1.7570902387124279,-19.84524859870339,14.88368260265327,1.6366282913983323,0.0,-0.46079727086246614,0.2383626311700144,0.35752621438722376,-0.08911484986127298,13.114746199400301,-24.426454221171607,2.829987359304784,3.7369864127896664,-31.851074490954755,-1.6756460548249563,-0.5966066494674673,0.038895444720936354,0.19841370733025837,30.02346831223796,-25.284264661609846,-0.7631079207162452
0,1780392031.4814546,1.7233244032264,-19.786500137402474,14.860383445262311,1.6434640454283156,0.0,-0.3972326492839545,0.24019265816745733,0.17049316005111903,-0.07658993032793618,12.896636967017265,-24.48063455070394,2.7974455170296046,3.737508437619512,-31.82214369464754,-1.6676297982828232,-0.5724467197252334,0.03332446239224974,0.12704062299447907,30.00038359172775,-25.266823547482698,-0.7551182793948885
0,1780392031.5314546,1.6705219756498855,-19.723582394962094,14.852997154835844,1.6716525697602678,0.0,-0.3436486125664475,0.24305442262862495,0.5223381676261644,-0.06373384732842811,12.586973101001817,-24.57699251503053,2.776626742137232,3.7379571349725658,-31.794141414886813,-1.6595849004385397,-0.5569175102955924,0.02757458076527573,0.1989530430642728,29.978090339341378,-25.249876784543382,-0.7470948086253921
0,1780392031.5814545,1.6101891762028029,-19.659454648761432,14.844403298510905,1.682152439231512,0.0,-0.28284564136385365,0.24632431511700004,-0.030371721836855214,-0.05079803536327312,12.045378885958456,-24.784648095251317,2.7418202476139406,3.738360344230297,-31.76729505626843,-1.6533486474412529,-0.5247563002096328,0.02062550216686695,0.12701745978416032,29.956764878795056,-25.2335681051092,-0.74087583862699
0,1780392031.6314545,1.5519107358361204,-19.595874144414662,14.834280395269984,1.6579340908096325,0.0,-0.23442611926768478,0.24948286628876146,-0.6372509338794781,-0.041945334333532605,11.627725833392423,-24.91774528783848,2.7125697639507393,3.738691642448438,-31.74132791981815,-1.6470926317041537,-0.5197371537271602,0.023865935903741142,0.1264368773328318,29.936178442444735,-25.21774102467537,-0.7346326266324068
0,1780392031.6814544,1.5048018093208957,-19.534868563529983,14.822321307621513,1.5937084390582406,0.0,-0.1975925877662354,0.252036056698609,-1.5073079881735043,-0.0375763656550321,11.320952262642486,-24.994081759731937,2.6871640848041487,3.738994863981008,-31.714822227018193,-1.642650260957895,-0.5453422437484818,0.015922824459453984,0.05426544379541508,29.91519171831593,-25.20155120430313,-0.7302008700822791
0,1780392031.7314544,1.4798146966539205,-19.47693838704885,14.808248559351913,1.5235657753880298,0.0,-0.18036543006797515,0.2533902980526438,-1.3480926686552728,-0.03899137719082283,11.077592813877878,-25.040817526983112,2.662020073639269,3.73928573862696,-31.685959094654958,-1.6400004690067387,-0.6133725922193115,0.017485807670911402,0.05465078976329637,29.892360662575246,-25.183892685044903,-0.7275602681388817
0,1780392031.7814543,1.4843942819812066,-19.42183420442665,14.791816900210936,1.4759553334967137,0.0,-0.19141205994761812,0.25314209555253103,-0.7763534090514671,-0.044865128676445376,11.09547047291126,-24.972428373414953,2.6476293414526886,3.739600090770456,-31.653921122569983,-1.6373343306003947,-0.6725916709622994,0.019238931270329652,0.05516600904833721,29.867039804869236,-25.164263956012793,-0.7249029693600413
0,1780392031.8314543,1.497625414903548,-19.36479956506513,14.772827124132487,1.4631930323306381,0.0,-0.23304991989110838,0.25242499999999657,-0.1151213705583712,-0.05611682030664142,11.190138921963962,-24.86695263723806,2.634647626629583,3.739960316908756,-31.619682841230535,-1.6328479676811347,-0.7026240967186428,0.022344959708216344,0.05543682048338276,29.840008974426667,-25.143249647717433,-0.7204253411324775
0,1780392031.8814542,1.497625414903548,-19.30939456818336,14.751127124676904,1.4590104041218275,0.0,-0.29059254472636714,0.25242499999999657,-0.019744802677771303,-0.06898552952563893,11.167133331798818,-24.816549695849464,2.6129476271740018,3.740298205238866,-31.584758039522683,-1.6265437675099554,-0.6993947101509551,0.016538025956041372,0.12765929777566293,29.812458450582003,-25.121785136557392,-0.7141279799437639
0,1780392031.9314542,1.497625414903548,-19.24741583986964,14.726594090742674,1.5125243596839,0.0,-0.36205644159888634,0.25242499999999657,1.4785919852342557,-0.08200159886225838,11.141398158027668,-24.76016651046273,2.588414593239772,3.740635326403369,-31.55010551617584,-1.6202330607120674,-0.6914509007018816,0.02098489955476575,0.12825836507658972,29.7851486326045,-25.100454459656333,-0.7078227903250114
0,1780392031.9814541,1.497625414903548,-19.18934187289222,14.69913347659503,1.5822471736060628,0.0,-0.42807833628209324,0.25242499999999657,1.5040836602190115,-0.09129049667452567,11.117284342329825,-24.707335558048594,2.5609539790921296,3.740932085467999,-31.51769329524314,-1.6120731604896958,-0.6091285160195434,0.026311362647301398,0.12859927795611376,29.759619941669037,-25.08048274028756,-0.6996666669189207
0,1780392032.031454,1.497625414903548,-19.123783465631092,14.668681139528603,1.6426837912970131,0.0,-0.48062309936047365,0.25242499999999657,1.1626792719440242,-0.0988450506441566,11.090062793115633,-24.64769587309809,2.530501642025701,3.7412099863089803,-31.489390941068834,-1.6038908453969867,-0.526534070391313,0.0308769647679138,0.12889199284663097,29.73735295462569,-25.063011543656565,-0.6914869719142382
0,1780392032.081454,1.497625414903548,-19.05518376177023,14.635208297695641,1.6824868308358314,0.0,-0.5224649124766656,0.25242499999999657,0.6503236596182123,-0.10378500647516616,11.06157841875783,-24.58528946487552,2.4970288001927408,3.7414736752884057,-31.46475422385554,-1.5956923867613289,-0.46190971547628334,0.03473899749756121,0.1290324929423715,29.717995152301917,-25.047770547847083,-0.6832901795929187
0,1780392032.131454,1.497625414903548,-18.98400789869954,14.58287412824764,1.7047416443342152,0.0,-0.5472916095092791,0.25242499999999657,0.5019493448486068,-0.10643551756483748,11.032024356351709,-24.520539477391715,2.4446946307447384,3.7416720632665394,-31.442640110765485,-1.5874839699823673,-0.4235717274754228,0.028037586306897375,0.2010755168762382,29.70061082156005,-25.034101244644084,-0.6750824902583119
0,1780392032.181454,1.497625414903548,-18.911044876821048,14.529849021749035,1.7286724202791197,0.0,-0.5628578827631415,0.25242499999999657,0.4636524003853991,-0.10702395609906457,11.001728219306,-24.45416367877694,2.391669524246133,3.741867131378197,-31.42223129220457,-1.5793002353294265,-0.3930922192231201,0.031227818297475406,0.2009178497180818,29.684582028727654,-25.02146667151825,-0.6668990303040587
0,1780392032.231454,1.497625414903548,-18.83589397518729,14.502227850528362,1.7483174436331435,0.0,-0.5598121769510923,0.25242499999999657,0.3740934829506039,-0.10368275633655157,10.970523617901247,-24.385797525838974,2.36404835302546,3.742002436493341,-31.40324680094659,-1.5710842461397134,-0.366056002174948,0.02407953977498101,0.12880386952953646,29.66964982880782,-25.00974237239582,-0.6586829750555356
0,1780392032.2814538,1.497625414903548,-18.758568330329105,14.482592153089662,1.7584697973218355,0.0,-0.5391685265041473,0.25242499999999657,0.11399412125593228,-0.09834613546038463,10.938416006765395,-24.315452969120752,2.344412655586762,3.7421088392975013,-31.385513115909355,-1.5646628785676535,-0.3427480748047151,0.02632716997359373,0.12888864123744578,29.65569186300088,-24.998802926729393,-0.6522614079042448
0,1780392032.3314538,1.497625414903548,-18.680610485862612,14.46977365346916,1.7514498553755729,0.0,-0.49868531082597,0.25242499999999657,-0.14066222958543403,-0.09016508131560215,10.906045889972836,-24.244533288828904,2.3315941559662576,3.7422152595982916,-31.36860781539874,-1.5582468666679372,-0.3326503893411924,0.02834852886337218,0.12862870613332614,29.642391631292476,-24.988367091483912,-0.645845066382404
0,1780392032.3814538,1.497625414903548,-18.603170789930346,14.46423308887077,1.7517102009330914,0.0,-0.4520839817732591,0.25242499999999657,0.042811776808471404,-0.08095353074652106,10.873890921876136,-24.174084977757722,2.32605359136787,3.742292409109842,-31.351860231586148,-1.553613812047486,-0.336320540222919,0.019548751376776974,0.057312426656950424,29.629198052534075,-24.978051150096995,-0.6412116915062622
0,1780392032.4314537,1.497625414903548,-18.5228482424405,14.466470601070181,1.7504871371327333,0.0,-0.39249043483988205,0.25242499999999657,-0.022571855254665967,-0.06937512567616975,10.840538919122395,-24.10101408377405,2.3282911035672775,3.7423406196710816,-31.335183651927217,-1.5507291269948325,-0.32992546486565216,0.020477294884178588,0.058436418907600686,29.616041284194807,-24.967803670187926,-0.638326771634091
0,1780392032.4814537,1.497625414903548,-18.442506196639158,14.486866240276076,1.7568159849310905,0.0,-0.3311109157875823,0.25242499999999657,0.14974933972321364,-0.0580161592419222,10.80717882016455,-24.027925451818955,2.3486867427731717,3.7423889176059624,-31.318742701462185,-1.5478002874983987,-0.3268623294999394,0.021316318849330964,0.059112332230099394,29.603071462433263,-24.957699623030095,-0.6353976701361872
0,1780392032.5314536,1.497625414903548,-18.356501519458487,14.499531576582479,1.7535527764452492,0.0,-0.26509649968973165,0.25242499999999657,0.03916224404417579,-0.045653128118286104,10.771467449947774,-23.949685420286546,2.361352079079577,3.7424372457267934,-31.302667625554392,-1.544849239055224,-0.3152775431753127,0.02205203786440876,0.059343593316596256,29.590391568465158,-24.947818750253667,-0.6324463327220831
0,1780392032.5814536,1.497625414903548,-18.28008064025018,14.461711111333383,1.7584395955617536,0.0,-0.21212296357843652,0.25242499999999657,-0.03665864947737213,-0.03698836252333904,10.739735520950866,-23.88016394546685,2.323531613830479,3.7424568886652696,-31.287023462853224,-1.543663713354991,-0.3098493323731431,0.011997034717180883,-0.011785493800102666,29.57803182206017,-24.938228283607298,-0.6312606819056299
0,1780392032.6314535,1.497625414903548,-18.198440885323773,14.428009382219617,1.7349359442939392,0.0,-0.15108155983438226,0.25242499999999657,-0.5399584097000691,-0.02316815655728655,10.70583657954261,-23.805894763730123,2.2898298847167133,3.742476626344766,-31.271576947184936,-1.5424163102772248,-0.307778355083727,0.012185906322567297,-0.011293284195989848,29.565828562281045,-24.928758549501975,-0.6300131486463725
0,1780392032.6814535,1.497625414903548,-18.118082715465704,14.411095063246712,1.7011406847541561,0.0,-0.08426207663546709,0.25242499999999657,-0.6415333284396882,-0.010535257136809237,10.67246978545866,-23.73279146342502,2.272915565743812,3.742464510334945,-31.2556060940392,-1.542949333780237,-0.3307488050800661,0.011912366759546707,-0.010164828591611084,29.55318704248002,-24.9189984090617,-0.6305462525916075
0,1780392032.7314534,1.497625414903548,-18.03931691599924,14.402650348019234,1.6715473513136128,0.0,-0.013270572152772442,0.25242499999999657,-0.6611098377874262,0.0030104655199252486,10.639764184817219,-23.661136771657674,2.2644708505163322,3.742447764972195,-31.23836997883379,-1.5434371614829243,-0.3584788250970734,0.01160175055222129,-0.009524302223819421,29.539541364856905,-24.908468472929144,-0.6310341886980892
0,1780392032.7814534,1.497625414903548,-17.961986453948285,14.402590623623377,1.6431680552895156,0.0,0.058500577519790875,0.25242499999999657,-0.5638580733769433,0.016656439686533766,10.607654573458124,-23.590787832650875,2.264411126120475,3.742425806034592,-31.21973439648643,-1.5439042210652258,-0.3868333196049373,0.011241608966970908,-0.009383530514539338,29.524785002645793,-24.897087111294564,-0.6315013855564051
0,1780392032.8314533,1.497625414903548,-17.886628256497502,14.411034809705956,1.609652950681416,0.0,0.12850392626530377,0.25242499999999657,-0.618005886682814,0.031011764046257672,10.576363897459418,-23.522233098907865,2.2728553122030526,3.7423702356049913,-31.19982334468072,-1.5461469667547572,-0.4098479919532815,-4.3494538438829805e-05,-0.08090409206187674,29.508995672016678,-24.884956516438177,-0.6337444539126769
0,1780392032.8814533,1.497625414903548,-17.812035766881973,14.433312183005217,1.5814964587049671,0.0,0.1943203315700936,0.25242499999999657,-0.5796051182062307,0.044607102151537646,10.545391163192242,-23.454374943620103,2.2951326855023133,3.7422819931936027,-31.178706293024533,-1.5501498439904808,-0.4353918685676092,-0.0017587359218361636,-0.08013915338759965,29.492230211431696,-24.872116750185516,-0.6377477706768375
0,1780392032.9314532,1.497625414903548,-17.739411383527997,14.485342376961492,1.55425280430573,0.0,0.2518104460304858,0.25242499999999657,-0.6961670232243439,0.05716510278860953,10.515235637635529,-23.38830721067925,2.3471628794585904,3.7421906361302937,-31.156368777133835,-1.5541277492252863,-0.4586989373454856,-0.0035961689089113154,-0.07995247046418491,29.474498998791162,-24.858530755797116,-0.6417260367691675
0,1780392032.9814532,1.497625414903548,-17.66783126977431,14.52821152111746,1.5309709369523803,0.0,0.2962948056782969,0.25242499999999657,-0.2773488600086883,0.06689413692709746,10.485513719872303,-23.323189468938107,2.3900320236145554,3.7420963903016617,-31.132728520032583,-1.558108070145443,-0.487494773266318,-0.005571114608540753,-0.08028951042357366,29.455737287604556,-24.844147762347646,-0.645706629546575
0,1780392033.0314531,1.497625414903548,-17.59850096760914,14.555994242161802,1.485480489142102,0.0,0.31924662843270396,0.25242499999999657,-1.0907059338978284,0.0739697977729086,10.45672598216985,-23.260118422044236,2.4178147446589016,3.742000150072296,-31.108178375424497,-1.5621140855347342,-0.4951092271087655,-0.007643626597844275,-0.08100971310854754,29.436256558945672,-24.829207175470714,-0.6497128173126696
0,1780392033.081453,1.497625414903548,-17.531757015491056,14.582270607852681,1.4323918083366505,0.0,0.33125764821504494,0.25242499999999657,-1.0485526532706126,0.07636053393272547,10.429012164015374,-23.199400225203078,2.4440911103497776,3.7418734443686374,-31.08225559782691,-1.5679349069712434,-0.542243041713913,-0.020942360001567822,-0.15323232196027534,29.415673521328895,-24.813448192879026,-0.6555337035382118
0,1780392033.131453,1.497625414903548,-17.46872878258194,14.606719259041922,1.3866905024640266,0.0,0.3127111869768424,0.25242499999999657,-0.8350068678386476,0.07286110888788204,10.402841208745137,-23.142062286245622,2.46853976153902,3.741746278285051,-31.054001581085792,-1.573765259589619,-0.5874136040258645,-0.024185292975374542,-0.15383466685688163,29.39324976850157,-24.796258660940214,-0.6613639358619934
0,1780392033.181453,1.497625414903548,-17.408090842725368,14.629046404510468,1.3335376623319366,0.0,0.27941162137863756,0.25242499999999657,-1.0915038889626172,0.065138507796275,10.377662765079203,-23.086898840698677,2.490866907007568,3.7416490413764447,-31.023766002441896,-1.581435786928503,-0.6213685396878657,-0.028847627953396557,-0.15389420014231658,29.36927879858614,-24.77783066572099,-0.669034245963422
0,1780392033.231453,1.497625414903548,-17.349919064118208,14.649013160878258,1.2783519871559312,0.0,0.2288588540568853,0.25242499999999657,-1.282486172712437,0.05365854406364729,10.353508335458537,-23.03397890725181,2.5108336633753545,3.7415543374067175,-30.99151695720432,-1.5891065467757894,-0.6676090977700284,-0.033729683955187176,-0.1538421290989735,29.343718639036588,-24.75816632303813,-0.676704689887377
0,1780392033.281453,1.5171175969626542,-17.29471856760611,14.666423383610319,1.2229308480958847,0.0,0.17067452797063126,0.25202960960456877,-1.1399341588058811,0.03963159356610253,10.467707623180464,-22.920541434994995,2.5358474022695248,3.7414943501522555,-30.956714304758915,-1.5949908957573842,-0.7233772891835977,-0.02746002146579263,-0.08211007668864198,29.316158683868746,-24.73691364773958,-0.6825887854900801
0,1780392033.3314528,1.5085506492747076,-17.242310969397796,14.681109662443381,1.1651773208778122,0.0,0.10891723487863739,0.2522033863948571,-1.0952639302608853,0.023640526496383218,10.389232832992628,-22.899166460299856,2.5474279361847074,3.741500182606657,-30.919340896241728,-1.6008955900946131,-0.7708276097913737,-0.02151749529468291,-0.1540035531063972,29.28660029269087,-24.714042854130383,-0.6884935062759969
0,1780392033.3814528,1.4738398015336904,-17.1924472563129,14.692903978271604,1.106973729356683,0.0,0.048361308396502226,0.252907480773431,-1.181185797748914,0.00744713943088762,10.099251738131015,-22.9757156787742,2.544061208165733,3.741543552019976,-30.879661664284257,-1.604989342304865,-0.8157816835382417,-0.014313286155675106,-0.08178891852234348,29.255238036337754,-24.689735411967284,-0.6925874429064445
0,1780392033.4314528,1.4210700853529523,-17.145415521576886,14.701631715108315,1.0568042542350367,0.0,-0.006309054604154124,0.25397789140698906,-1.0496785408881413,-0.00788625346623725,9.698791114824646,-23.097098553959814,2.531643979962791,3.7416842211210466,-30.837673701158344,-1.6073064401578419,-0.8643033482765,-0.0059153412552314395,-0.00947822984321145,29.222104173556488,-24.663944865939865,-0.6949049903199711
0,1780392033.4814527,1.3607465036889523,-17.100647933293192,14.707127452877057,1.0083977985836823,0.0,-0.052255260682340675,0.2552015289010073,-0.9816039901388516,-0.021978345704610904,9.217413719032908,-23.243054778060028,2.5114017571544807,3.741863281538676,-30.793454613360225,-1.6078166306053536,-0.9055484979977664,-0.006276815780792448,-0.009110147231617375,29.187232941538497,-24.636753795017896,-0.6954154243843433
0,1780392033.5314527,1.302326034416866,-17.058411730057994,14.709225319845658,0.9664937752199443,0.0,-0.08886072095530274,0.2563865625917725,-0.7998631478189522,-0.03412075753946638,8.884075106392217,-23.324251751562606,2.496985353538424,3.742079515759353,-30.747289411395503,-1.6065150814282916,-0.9426237802773417,0.005325370264593569,0.0633883134611389,29.15085342058444,-24.608331871399713,-0.6941136787413185
0,1780392033.5814526,1.2551905066871807,-17.017944204784197,14.70777135800133,0.9303920384574712,0.0,-0.11843810737407415,0.2573426861746134,-0.8542966520291327,-0.044617255104284395,8.509046979032222,-23.41574292941969,2.4757656070475917,3.7423599357664226,-30.699532706871796,-1.6016137670300286,-0.9699381548376456,0.020351293119776327,0.13556654752936648,29.11327043598956,-24.57886460214561,-0.689211310098901
0,1780392033.6314526,1.2302961927232685,-16.979462570229682,14.702647500810187,0.8941238096004931,0.0,-0.14196122615982928,0.2578476564551212,-0.7449987098606352,-0.05429604552639299,8.306356608418458,-23.444317994444603,2.4602791587893584,3.7426449204056493,-30.65034371841554,-1.5931034072400874,-0.9997877070500784,0.028813346875129153,0.13543092259481407,29.074574947001175,-24.54849462354562,-0.6806989539629629
0,1780392033.6814525,1.2373468118584192,-16.939642095299618,14.69376792282104,0.8532602838140473,0.0,-0.160507761939448,0.2577046377269252,-0.7494259231220155,-0.06458749588394488,8.345947705486262,-23.388933140241797,2.4542398315649336,3.7429336176541623,-30.599799727389712,-1.5845922431469923,-1.0237274736399367,0.03747360256566031,0.13566689157160317,29.034828117543018,-24.517269172396574,-0.6721848168102085
0,1780392033.7314525,1.2480760411095069,-16.906591193267975,14.681061401264277,0.8178115844674075,0.0,-0.1768999966167896,0.2574869999999966,-0.8114438400719005,-0.07475410242720645,8.416938036081724,-23.32976583863468,2.4459989548317225,3.743196051585051,-30.548045376838587,-1.5742606793979401,-1.047452145478597,0.037938511148142756,0.20800539170954974,28.994118124535202,-24.485310660004714,-0.6618497202195157
0,1780392033.7814524,1.2480760411095069,-16.871700774374133,14.664467894958468,0.7876909270403898,0.0,-0.19712099113736986,0.2574869999999966,-0.5628915216916687,-0.08682064540007771,8.405588869004553,-23.296772843359285,2.429405448525916,3.7434307814364995,-30.495015278018244,-1.5621054612758247,-1.0738456069557523,0.05088065577958597,0.2083614936957952,28.952387399659642,-24.452586637777138,-0.649690672319494
0,1780392033.8314524,1.2480760411095069,-16.838038914662008,14.643918115763256,0.7598056929529492,0.0,-0.2192991823867045,0.2574869999999966,-0.5810844897014653,-0.09723908264113273,8.394639328067152,-23.264941595307427,2.408855669330702,3.7436360885765327,-30.440960883884003,-1.5481213268880167,-1.0873199223207395,0.05057020103108174,0.31692044043606826,28.90982893664752,-24.41925858356454,-0.6357026696147781
0,1780392033.8814523,1.2480760411095069,-16.805507243920616,14.619333663796741,0.7222071736585244,0.0,-0.22328270642561945,0.2574869999999966,-0.8158289238172237,-0.10768411517300627,8.384057415374532,-23.234179073873186,2.384271217364187,3.7437815860815897,-30.386189886052666,-1.530502061169817,-1.1012444268509465,0.06984597359017011,0.31716679372289774,28.86665129178772,-24.385559774471595,-0.6180803694999315
0,1780392033.9314523,1.2480760411095069,-16.77475581108385,14.590603713340874,0.6902695876947919,0.0,-0.252228012701551,0.2574869999999966,-0.5684807613113424,-0.13113629528606197,8.374054579060394,-23.20509997678977,2.3555412669083218,3.7438930011838716,-30.330395124002138,-1.5110590880364714,-1.1262230173929815,0.07598699351867731,0.4255934310852593,28.82263266064583,-24.35127493036051,-0.59863490846059
0,1780392033.9814522,1.2480760411095069,-16.74552944268212,14.557608876918458,0.6694136536276609,0.0,-0.30313755309792184,0.2574869999999966,-0.3358943241169994,-0.16312503350281551,8.364547816213566,-23.177463007525255,2.322546430485904,3.7439100253346655,-30.27364509932253,-1.4861743558017733,-1.137953868509679,0.08864894004216266,0.5339683691514389,28.77776169173189,-24.316530689305004,-0.5737497835241143
0,1780392034.0314522,1.2480760411095069,-16.715422923184388,14.505423296818027,0.6484390928885783,0.0,-0.37279156069885994,0.2574869999999966,-0.39462514627324474,-0.20335852671761628,8.354754757525122,-23.148993751865998,2.2703608503854724,3.743835588880102,-30.21656721946017,-1.4558461041797202,-1.1370424413211284,0.107621632030464,0.6425592037774842,28.73253685236689,-24.281708080878666,-0.5434232244212871
0,1780392034.0814521,1.2480760411095069,-16.684900414555365,14.442360160812235,0.641074988479,0.0,-0.45891663732890564,0.2574869999999966,0.104414236712434,-0.2442261669168746,8.344826385753514,-23.120131129549698,2.2072977143796813,3.7436998161441877,-30.159425330605284,-1.4183101354968277,-1.1352422828294608,0.14476592518408674,0.8219200204195768,28.687201258518012,-24.246924038799357,-0.5058901790773969
0,1780392034.131452,1.2480760411095069,-16.656736801082495,14.405808068622816,0.6529986471569077,0.0,-0.5443093958461459,0.2574869999999966,0.3407757490326991,-0.2767798415545208,8.33566531618387,-23.09349912008384,2.170745622190264,3.743512219165289,-30.10278139024361,-1.3735599767778128,-1.1082235104806937,0.1792210700792086,0.9309009626993698,28.642213890057228,-24.21250366757554,-0.46114371130927934
0,1780392034.181452,1.2480760411095069,-16.6256758072077,14.39583888691116,0.6852264492879464,0.0,-0.6345166524331617,0.2574869999999966,0.8417246474038655,-0.3024313205079109,8.32556178575219,-23.06412729662485,2.1607764404786067,3.7432351725127453,-30.04752962900909,-1.3250753064811425,-1.0705317933950143,0.20623026001427194,0.9709491867397613,28.598254462369162,-24.179029779005326,-0.4126637529448387
0,1780392034.231452,1.2480760411095069,-16.59172511641823,14.395843405212759,0.7370542972197064,0.0,-0.7179835660188882,0.2574869999999966,1.086861114909007,-0.3153807897651009,8.314518293745763,-23.032022924813734,2.1607809587802045,3.7428421546716435,-29.994531966556604,-1.276256379451575,-1.009146188491537,0.22621627472422348,0.9776997678076177,28.55599887897946,-24.14703730212351,-0.3638499985705179
0,1780392034.281452,1.2480760411095069,-16.554834330160222,14.396769232252105,0.7925895431613375,0.0,-0.7837391710958221,0.2574869999999966,1.1071460903349688,-0.3155791401548819,8.302518446506205,-22.99713834688937,2.1617067858195504,3.742373555221375,-29.944679377999826,-1.2270695301596706,-0.9356216313420479,0.24307667745659867,0.9848639142171394,28.516209294302918,-24.11699715205977,-0.3146669990380815
0,1780392034.331452,1.2480760411095069,-16.514735982814063,14.397550147096235,0.8482108168324862,0.0,-0.8479921639667233,0.2574869999999966,1.1140346112005832,-0.32106437324360826,8.289475242727693,-22.959220642646027,2.1624877006636787,3.7418559244425778,-29.898267652109453,-1.1775251667303657,-0.8612789631586389,0.25629645473100693,0.9914790308518999,28.479157811383057,-24.089041000113795,-0.26512395775117614
0,1780392034.3814518,1.2480760411095069,-16.472029977024786,14.397137360308815,0.9025347777409621,0.0,-0.922737378936495,0.2574869999999966,1.1016326428292607,-0.3280671360859756,8.27558381894239,-22.918837090602022,2.1620749138762605,3.741306338734778,-29.855301433320207,-1.1276485050359786,-0.7870478894944898,0.26582548249856314,0.9978085292622675,28.44487216957426,-24.063140579378846,-0.21524533298019222
0,1780392034.4314518,1.2480760411095069,-16.426294191272383,14.386338332459086,0.9481554181262443,0.0,-0.9942647552366902,0.2574869999999966,0.8911568951191853,-0.33579229076605693,8.260706867321689,-22.875588525205412,2.151275886026532,3.740739995629575,-29.81573951771271,-1.0774576085928906,-0.7140940890736959,0.2716415192529107,1.0038554138429596,28.41333617398105,-24.039249484820324,-0.16504878573286286
0,1780392034.4814517,1.2480760411095069,-16.37831207187321,14.334143320124932,0.985931860740227,0.0,-1.0570108982771445,0.2574869999999966,0.8401117418105108,-0.3420086216468638,8.24509922754428,-22.83021578710625,2.099080873692376,3.7401566059494007,-29.779299192486732,-1.0269670223834035,-0.65243403265759,0.27402552892227505,1.0096193076338518,28.384331854706772,-24.017187436972417,-0.11454852834611406
0,1780392034.5314517,1.2480760411095069,-16.324388891786732,14.245334521454255,1.0279027178675295,0.0,-1.1174488736412536,0.2574869999999966,0.772367531161504,-0.3453433683721298,8.227559077567985,-22.779225077271537,2.0102720750216996,3.7395509991903686,-29.74566650059692,-0.9761929818034907,-0.594147143250446,0.2733051948656699,1.0149467487171107,28.357616256318153,-23.996755389260034,-0.0637603148526491
0,1780392034.5814517,1.2480760411095069,-16.275535538050224,14.169918626211176,1.0575500274737717,0.0,-1.1550978454792562,0.2574869999999966,0.7181140607672698,-0.3457918364076726,8.211668042395186,-22.73302848462185,1.934856179778624,3.738925876381141,-29.71469470823123,-0.9251660209306767,-0.5401438562910919,0.26960846246086906,1.0195162606934456,28.333081509731304,-23.977852965641937,-0.01271430792187811
0,1780392034.6314516,1.2480760411095069,-16.221078782539056,14.128100758956208,1.091200058517591,0.0,-1.187315476070595,0.2574869999999966,0.6945911865599725,-0.3412004713714737,8.19395433082705,-22.681533216457833,1.8930383125236538,3.738282319830765,-29.686242834820327,-0.8739329443849835,-0.4898200395730138,0.26307683412821153,1.0229774799774671,28.3106233884446,-23.960384480276534,0.03854306318632261
0,1780392034.6814516,1.2480760411095069,-16.16532759444586,14.079783280713556,1.1213499531843065,0.0,-1.173310649894881,0.2574869999999966,0.5603845185579577,-0.33141706037829105,8.175819565797557,-22.6288139100215,1.8447208342810022,3.7376242190672357,-29.660223072229442,-0.8225644191900456,-0.4416929802186212,0.25377159851134573,1.0247493594424635,28.290178600198285,-23.944288229142167,0.08994134940478471
0,1780392034.7314515,1.2480760411095069,-16.108599503837855,14.023499528632488,1.1460412660520056,0.0,-1.1907474195502736,0.2574869999999966,0.5018982225398428,-0.3331521217300258,8.157367033592713,-22.575170827342934,1.788437082199934,3.7369466752382112,-29.636485238496917,-0.7711587970346576,-0.4013144944350065,0.24188424822906668,1.0242455787498392,28.27160949888199,-23.929496690468405,0.14138133251424856
0,1780392034.7814515,1.2480760411095069,-16.053605713009492,13.959383190071271,1.1782071966863177,0.0,-1.2578859566512155,0.2574869999999966,0.9018675614964529,-0.3429448684523902,8.139478634997756,-22.523167729114256,1.7243207436387173,3.7362403122226406,-29.614854795869494,-0.719806821015526,-0.3651207010845081,0.22789413356940413,1.0222769703243646,28.254692570129343,-23.916013573875865,0.19276787327510148
0,1780392034.8314514,1.2480760411095069,-15.992190473455917,13.887622474665726,1.248321470687365,0.0,-1.4033740724801056,0.2574869999999966,1.657801508065634,-0.3540674540290189,8.11950146542296,-22.465092395751434,1.6525600282331716,3.7355524806210663,-29.595596194434766,-0.6685887768548446,-0.3105526089069956,0.21145440224290496,1.0188807679017138,28.239616175966873,-23.904027600554034,0.24401792748928752
0,1780392034.8814514,1.2351729976868417,-15.92940566433298,13.807856666913235,1.3641076071909681,0.0,-1.573032164586838,0.2577487325974882,2.7728111239729474,-0.3627918890635077,8.006214754753763,-22.437388214608703,1.5674449099460759,3.735024751203335,-29.579558512214554,-0.6176233978803638,-0.22032064911566834,0.1913828373834357,1.0140480298729089,28.227030341882788,-23.89408618832605,0.2950067634100093
0,1780392034.9314513,1.2306925646457092,-15.857650272594753,13.710172012784598,1.5478616311356144,0.0,-1.7806906674276806,0.25783961622388,3.9655496724398103,-0.3601069459212823,7.951959106913453,-22.37995238668114,1.4679613607095554,3.7348933384641576,-29.567958262726727,-0.5670139794461977,-0.07708448641024704,0.16601346376568765,1.008774653670552,28.2178757713531,-23.886961513608508,0.34562187413661905
0,1780392034.9814513,1.25496720583775,-15.786470357971702,13.603159187920514,1.7801437123826023,0.0,-1.992755840544574,0.2573472157347667,5.3570194309331844,-0.35293760554233833,8.10325617656926,-22.253045654076228,1.371056338028506,3.735426192365906,-29.562299505436187,-0.5195634987163098,0.11470086507923644,0.11858925841834767,0.8472577531580785,28.213300962536707,-23.883627089991634,0.39304890610929455
0,1780392035.0314512,1.3022477548422686,-15.705882102895297,13.503780799630901,2.0678969003253815,0.0,-2.1907347527722214,0.2563881504587368,5.8769020456070615,-0.3336087935668795,8.414592828806434,-22.055818450264077,1.2915146801739326,3.736921677495503,-29.563932401281598,-0.4854091447757849,0.3662040521396433,0.06875429220424531,0.5103436268666897,28.21422319685041,-23.885103823102924,0.42713223726602045
0,1780392035.0814512,1.3604159393255153,-15.623355337432029,13.416643534903677,2.3523306853560646,0.0,-2.267636366376136,0.2552082342546705,5.628286354186755,-0.29721198344767225,8.680258845485262,-21.86687771587518,1.2207978896031442,3.739607694293378,-29.57379925440765,-0.4718842051915959,0.6321797737140952,0.0018335742868083593,0.039642696505936936,28.22167766991901,-23.891593365765118,0.4405469562890749
0,1780392035.1314511,1.4202773757509068,-15.542845341411004,13.357096995837907,2.592627448823845,0.0,-2.207345719633658,0.25399397117487044,4.593907413383664,-0.2615404006553317,9.074733802045023,-21.62101589821752,1.1867885234347675,3.7434728070803525,-29.592429088679776,-0.48274307028496777,0.8846111686813998,-0.053913013946424344,-0.41501531717898027,28.238495952373054,-23.900299724250257,0.4296724711124238
0,1780392035.181451,1.4736223413649083,-15.467302444711079,13.310399061231585,2.790679532753986,0.0,-2.0342062863815804,0.25291189185792956,3.6778647304402945,-0.22161468622820277,9.398172772776801,-21.399449211321397,1.161462177436551,3.7483844445379333,-29.618897885389682,-0.5120020290205733,1.0918433748688612,-0.07530123926787968,-0.6876519264050747,28.266561359940823,-23.90727592448221,0.4006411156261427
0,1780392035.231451,1.5084306683369433,-15.40086377191585,13.270939438919545,2.93626711348228,0.0,-1.743661154900591,0.2522058201557507,2.72261436528729,-0.17571712609871898,9.616335519338016,-21.227772346496952,1.1372115877538498,3.7541244374131466,-29.65184426593163,-0.5509622067329527,1.2571137634981042,-0.0717291423208253,-0.8098224173409003,28.307320998716275,-23.908409324192746,0.3622978910862704
0,1780392035.281451,1.5172160031143571,-15.345472830982075,13.238318534312363,3.0440134107737746,0.0,-1.3604957296899216,0.2520276134787827,2.161388013928936,-0.12672159158312996,9.645426339448086,-21.153223453473796,1.1077760772184284,3.760451572002636,-29.69010374613517,-0.593120331495248,1.3758832432280572,-0.05374440963255879,-0.8192398328508677,28.361746669871646,-23.900489539621894,0.3212581252107034
0,1780392035.331451,1.477808644766858,-15.294332434933194,13.212576047949195,3.134734786100141,0.0,-0.9105606900454392,0.2534990212356705,1.661440423236104,-0.07595864617873538,9.357371978018483,-21.228294579948937,1.0654637054648184,3.767160747298631,-29.732675260978272,-0.6335237286952493,1.4663429352615127,-0.029381140309687855,-0.7424221078111866,28.430157899614148,-23.881366508711487,0.28254275799111905
0,1780392035.381451,1.4913300091387376,-15.249070972627418,13.19339253712296,3.2187624870001947,0.0,-0.45058029616752227,0.25276619583725723,1.638435387794375,-0.03037044455293987,9.435810072458683,-21.143429908733406,1.0523573439750216,3.7740833342941196,-29.77871037194755,-0.6683798725768413,1.5307743695551828,-0.004164853027040595,-0.5989014635519215,28.5122310983921,-23.84991603962696,0.24997020005191128
0,1780392035.4314508,1.531144658650961,-15.208863300741264,13.177297820923538,3.308901156066511,0.0,-0.20774562412270764,0.25060833768115603,1.858086091628906,-0.010452417357351317,9.658939078219364,-20.99604850902736,1.0510077585848698,3.781216821923317,-29.827642379741345,-0.6951654034549115,1.5928802883142354,0.0170282178396041,-0.41939117619279465,28.60837594042065,-23.804451753679306,0.2261136718805945
0,1780392035.4814508,1.5859782357379377,-15.170516276217846,13.147520872237079,3.3939507829028446,0.0,0.1227423173010911,0.24763648980619207,1.5274227808308858,0.027719654549390668,9.882773171179563,-20.84624611280179,1.0351721834114862,3.7886198659031365,-29.87953847381535,-0.7139810416227097,1.6649985367996671,0.027491506789126652,-0.27360924006991816,28.720113094575666,-23.7427758434462,0.21095583940214624
0,1780392035.5314507,1.646610863928575,-15.132229829827635,13.134970472995128,3.44456203638622,0.0,0.6231067486227226,0.2443503473217065,0.7738244858960882,0.07629896515795546,10.267417698532338,-20.609521675902208,1.0483229002330674,3.796320612040653,-29.934068483318967,-0.7247945912017517,1.7198495840923964,0.03713293733161949,-0.09828281942126096,28.848631391281327,-23.662330690420617,0.20461530596955724
0,1780392035.5814507,1.7035932518529617,-15.090782327770002,13.14800895149852,3.4462048374656047,0.0,1.1614112622674302,0.24126203907227656,-0.35773263223690926,0.12825856625770957,10.56941305283485,-20.40143567501987,1.0817041779159382,3.80425759988093,-29.989797896371172,-0.725675843261536,1.7358707031332257,0.046137446290974604,0.12266653065346056,28.99102460028755,-23.564067086418383,0.20893564313790058
0,1780392035.6314507,1.7466547407850115,-15.042938624022943,13.183277115100996,3.376033452166014,0.0,1.6493304870073673,0.2389282100358723,-1.8244959943859758,0.17776895624704403,10.702348499529421,-20.27339470507006,1.1259460005203934,3.812274205533445,-30.044485744603104,-0.7146949841828731,1.693841452137746,0.05221925492191841,0.37406751264851307,29.12375851769671,-23.475814907435282,0.22463727247417076
0,1780392035.6814506,1.7671680191116947,-14.987239961660885,13.234992392296036,3.2385812771988993,0.0,2.0217262644084504,0.23781643973303393,-3.2467895432857716,0.22135145900988798,10.79505353605785,-20.15726052729466,1.1854703242834859,3.820106499817068,-30.095308251536597,-0.691104141346357,1.577325331385582,0.05499478652160072,0.6227829436839365,29.237188808444156,-23.406412495343197,0.2520542423711656
0,1780392035.7314506,1.7537546104789377,-14.920100827860802,13.277205032058308,3.024237926475642,0.0,2.2617851086324277,0.23854341419027303,-4.7092483117272055,0.25675466979256,10.679900095444184,-20.145191123671133,1.2222717834994334,3.8274186598107764,-30.13939382734985,-0.6558865587690796,1.3896746657001948,0.05761682077843852,0.8315612741880902,29.327866508877047,-23.356269689812052,0.29014260465413466
0,1780392035.7814505,1.7471752442703468,-14.842213332240949,13.314469002083511,2.7254243781201373,0.0,2.250091182688723,0.23889999999999678,-6.043266990250669,0.26255784606979127,10.607117919934044,-20.096672662837037,1.2573027149543528,3.8338278803998462,-30.174289834235598,-0.6118722070113032,1.1311754659918556,0.06429239211023538,0.9611112028966928,29.394449801169312,-23.323488251209653,0.3361164003109849
0,1780392035.8314505,1.731218769799392,-14.768639856919293,13.3509992837755,2.450001873512606,0.0,1.9287030211095333,0.23976079683862309,-5.77553680617228,0.235348861984055,10.502246344466766,-20.070764938842828,1.2895685269504362,3.8389740339184053,-30.19849583093128,-0.5651578559880233,0.8145000428127209,0.06963885879268301,0.9177105037406511,29.438175142941006,-23.3040571773996,0.3840275720262749
0,1780392035.8814504,1.731668026010662,-14.688181072403616,13.38573519228191,2.1845045938295624,0.0,1.3917751191139216,0.23973656101340377,-5.018113601783261,0.1929131446699289,10.464973997950915,-19.999435019658765,1.324402202688642,3.8426435983529106,-30.21303365783415,-0.5264662971059546,0.5228533795242243,0.060714522720417094,0.6453716796343336,29.46353674273146,-23.293604162829656,0.4233677624353751
0,1780392035.9314504,1.762673075881796,-14.613037678254866,13.41734926033604,1.9338441587018378,0.0,0.9803889379351546,0.2380639453639316,-4.910848286208576,0.13935267040023788,10.581552766905586,-19.848150422679055,1.3658854948182402,3.8448911983423755,-30.220777065948614,-0.5042658223941991,0.2741917834691877,0.03711009843534342,0.3219899451218268,29.476646140692978,-23.288584450841025,0.44588133840479527
0,1780392035.9814503,1.812271564710254,-14.543833046731432,13.445168867241147,1.707801374599311,0.0,0.5573685994825057,0.23538827772432286,-4.2905079044983845,0.07164007093426922,10.843915640085257,-19.616169740744706,1.4138518040270291,3.845780073232034,-30.22337547316908,-0.4952376890989405,0.02881850462157101,0.02646941442566931,0.22676588366613543,29.481143008006924,-23.28676174740698,0.4550156493782511
0,1780392036.0314503,1.8719624183618737,-14.482243418905242,13.471340141850602,1.5117146246606106,0.0,0.16401905629285257,0.23216816176376112,-3.762468301738458,0.002563064653821402,11.017935639647614,-19.439745119050908,1.4524498984124214,3.8454028749984683,-30.220915090696863,-0.4889016888939217,-0.18317407687698967,0.004189609542571981,0.08635012511132145,29.478151645946063,-23.286715728904305,0.4613078142263243
0,1780392036.0814502,1.9316162681311362,-14.42688813589715,13.531926487276879,1.3599410977085755,0.0,-0.1535843609162441,0.2289500420351996,-2.622960821108057,-0.057332879196855674,11.327526350330693,-19.18061427552807,1.5365765052717286,3.8438806678689033,-30.21448821607522,-0.4878754041602553,-0.36809091157120094,-0.006070775434903232,0.013647666362996191,29.468607608677267,-23.289014622405592,0.4621388977869909
0,1780392036.1314502,1.98120557133844,-14.377371746937259,13.588538713639027,1.2533109933124866,0.0,-0.3242414355217216,0.22627486992821402,-1.907789470284651,-0.09139965477482999,11.44381516363532,-19.046215697127206,1.6015971415348282,3.841488969699539,-30.20420463379541,-0.4848279875892949,-0.49371526165548874,0.005467492418380904,0.08642106849492368,29.45242003545502,-23.293968157057915,0.46482036122816606
0,1780392036.1814501,2.012190430847013,-14.331493572088169,13.617146615849828,1.1982964718019677,0.0,-0.3887144559945795,0.2246033434792601,-0.6929350809241891,-0.10603015696327815,11.584239322700814,-18.898134083373456,1.6418999229951794,3.8384979834712105,-30.190984137435258,-0.4780180031929415,-0.58198198387861,0.019151254235796285,0.1591031030837542,29.430092132128927,-23.302441567474737,0.4710707855841618
0,1780392036.23145,2.0131382384615653,-14.286931105829629,13.655756279964917,1.236393391071436,0.0,-0.39674062649526337,0.22455221252300045,1.1989514308984706,-0.09981469518834822,11.565670753349602,-18.85692556351379,1.6809715310077387,3.8351872462909746,-30.175997423253627,-0.46752151553782095,-0.6085582622386528,0.03517996885872952,0.2312446869150897,29.402766482712806,-23.31483146528413,0.48081582182712745
0,1780392036.28145,1.9967370527747703,-14.240019381008961,13.682469806066996,1.322252819139352,0.0,-0.3393638748527272,0.22543699999999697,1.7528405271994685,-0.07948139494902969,11.441490540436755,-18.88333203634626,1.700564042020197,3.8319698432206897,-30.161694707101667,-0.45524081626526236,-0.5417722575089645,0.041757102759177114,0.23082883121195547,29.37407987181501,-23.330252588375043,0.4922332859182301
0,1780392036.33145,1.9967370527747703,-14.191151477549836,13.695046334101301,1.3874896673433612,0.0,-0.2594431547739194,0.22543699999999697,1.0300181746884736,-0.054272331702725135,11.4145275211349,-18.842575839533772,1.7131405700545024,3.829203632463119,-30.149392419560638,-0.444890552633574,-0.44947792074485365,0.03091864477061415,0.12207093767867856,29.347560532483758,-23.346043906367694,0.501736577675469
0,1780392036.38145,1.9967370527747703,-14.139761194542915,13.694029075594312,1.4009184359285498,0.0,-0.16814746862604527,0.22543699999999697,-0.07479023256620139,-0.030775829279992176,11.386172770990925,-18.799715959321574,1.7121233115475114,3.8268183453340003,-30.139397616047273,-0.44004704120745863,-0.3937163447937778,0.02223396141709489,0.05003797054280701,29.32381277916982,-23.361896275832482,0.5057719499988274
0,1780392036.43145,1.9967370527747703,-14.093674041298165,13.681974007918813,1.3559269730363792,0.0,-0.0966740572839594,0.22543699999999697,-1.2271671576437473,-0.01556970190552764,11.36074403935841,-18.76127892897626,1.700068243872014,3.824551877787073,-30.130714830385408,-0.43703693885847317,-0.39331882240379784,0.0026084584675127725,0.049910983628961805,29.30072218634123,-23.37904218798161,0.5079474126809362
0,1780392036.4814498,1.9967370527747703,-14.047958537617033,13.67601051735062,1.2637674549428046,0.0,-0.04459406794055863,0.22543699999999697,-1.9689681858047527,-0.008063217687312201,11.335520366540539,-18.723151857145385,1.6941047533038223,3.8221066405712962,-30.121679074908034,-0.4358070704167436,-0.4499285361070433,0.002846218185974839,0.050081500996382776,29.274778929086786,-23.39948670825961,0.5082038545860228
0,1780392036.5314498,1.9967370527747703,-14.007384913737084,13.667741308822402,1.1477999395849399,0.0,-0.025578288670033762,0.22543699999999697,-2.464094533681038,-0.007252647789682451,11.313133742061419,-18.68931315150846,1.6858355447756033,3.8192247117683875,-30.111082461924273,-0.43447259411702754,-0.5427870555536607,0.0030733723425079226,0.05002971435922244,29.242506405646314,-23.425940592736357,0.5082938430980333
0,1780392036.5814497,1.9967370527747703,-13.97184402155314,13.653590647808906,1.039200958046633,0.0,-0.021572836800655165,0.22543699999999697,-1.978638485609272,-0.009606494257295508,11.293523943111023,-18.65967178172979,1.6716848837621079,3.815730702889729,-30.098306913451836,-0.4329990449082066,-0.6592235457501854,0.003353749630161444,0.050005376960700475,29.200903431915627,-23.461418693560603,0.5081175168591616
0,1780392036.6314497,1.9967370527747703,-13.935323244787226,13.656268990321236,1.0066458459939995,0.0,-0.03382694781170216,0.22543699999999697,-0.1338421590519559,-0.012983460903831144,11.27337348976322,-18.62921318088432,1.674363226274437,3.811628812075721,-30.083385855980367,-0.4313844007903094,-0.7502197367326036,0.0037458130416058695,0.05011503527923056,29.148560344952006,-23.50779550151338,0.5075979271017586
0,1780392036.6814497,1.9967370527747703,-13.897746092774744,13.648641393875454,1.0473849958869819,0.0,-0.04233553789699497,0.22543699999999697,1.164739900235011,-0.014266524137285146,11.252640178053444,-18.59787355518594,1.6667356298286542,3.8072631140514845,-30.067565168862153,-0.4297005484888774,-0.7484743058121633,0.004273191902476833,0.05037960657725071,29.08864011937839,-23.562709315735862,0.5067761805467907
0,1780392036.7314496,1.9967370527747703,-13.861695184779283,13.628463068483798,1.1371461590759753,0.0,-0.04606218367422,0.22543699999999697,2.1632884349022468,-0.014204243152760873,11.232748976276309,-18.567806828407683,1.6465573044369997,3.8030928576025236,-30.05248351977728,-0.4280470358353581,-0.6821829412351017,0.004841097259614766,0.05069864318146843,29.02729208505537,-23.620459091318185,0.5058108469944389
0,1780392036.7814496,1.9967370527747703,-13.81986908247867,13.5967822536892,1.2686161075881097,0.0,-0.046497598408042115,0.22543699999999697,2.8477761504200583,-0.013415390455223327,11.209671292892653,-18.532923546404625,1.614876489642402,3.7994507993280866,-30.039308781628634,-0.4264989739094558,-0.5669858052815655,0.00537875706896653,0.05101603068122357,28.970956056871273,-23.67430046684021,0.5049238459460494
0,1780392036.8314495,1.9967370527747703,-13.772760653062102,13.584264131641255,1.4159175066347012,0.0,-0.05471003580985724,0.22543699999999697,2.9869001109206765,-0.014250308829010577,11.183679068922958,-18.493634764097138,1.6023583675944586,3.7965775118733105,-30.028870492448384,-0.42511386241347093,-0.4190454416719409,0.005819674636636572,0.05130849066706103,28.927638441982026,-23.714972327500607,0.5044569990846552
0,1780392036.8814495,1.996731329610526,-13.7209351850361,13.575912234748564,1.5561661216629639,0.0,-0.07875031150211137,0.22543710821460033,2.726497912006754,-0.018638492844025877,11.155054695431758,-18.45043145827246,1.5940043091384943,3.7945857996891497,-30.021545204904506,-0.4239222847439299,-0.2658437980995709,0.006103602096773936,0.05154175407115315,28.898503483224335,-23.741717763732417,0.5044204872312443
0,1780392036.9314494,1.9768408499535755,-13.663090445946871,13.55624676770431,1.6629218559481689,0.0,-0.1214410508376724,0.2258132009274111,1.8304327183959663,-0.027540897402023208,11.036293054031145,-18.459254032974094,1.5681889786446668,3.7934491768360266,-30.017223725595944,-0.4229155069954169,-0.1273038394333896,0.006261615646164248,0.05170488653336325,28.882119321113287,-23.756386267501085,0.5047468477709778
0,1780392036.9814494,1.990512263711516,-13.607090303998461,13.529179085004715,1.7224035336340184,0.0,-0.17850317375247254,0.22555469941428216,1.0055918753509054,-0.03946402161840409,11.061888409248388,-18.375515351977185,1.5450555895468945,3.7929905689259176,-30.015272569158622,-0.42204559917804474,-0.03486370834970197,0.006334741402727908,0.05216640867071988,28.875415915081128,-23.76207552923722,0.5053464212119567
0,1780392037.0314493,2.0302691453765127,-13.548833743944094,13.521477008528159,1.7517695829717856,0.0,-0.25844358858921956,0.22480296925311125,0.5155452547500282,-0.055250856162711116,11.253454641236754,-18.176923971383964,1.5542896374117383,3.792950281674413,-30.01478268166995,-0.4212369414946848,0.015478006877935456,0.0009403496787687253,0.07176602733747649,28.87457426109239,-23.762381361588986,0.5061314463305635
0,1780392037.0814493,2.0850559182314194,-13.491363770317353,13.510734383940477,1.7627772163327793,0.0,-0.3498907671825791,0.2237670512468831,0.14240709296821386,-0.07257080712667953,11.388312204397794,-18.01377840432805,1.5545607003090467,3.793094610077034,-30.015661989782963,-0.4237452495244507,0.040685267692265575,-0.00576043307422543,0.01726352972743691,28.87689037674972,-23.760758203236666,0.5037078878232224
0,1780392037.1314492,2.1457344039014075,-13.435720968463087,13.484417972095198,1.7652986831998807,0.0,-0.44520448854475264,0.22261973169107233,-0.006141864141046394,-0.09062500284156311,11.629514631196395,-17.77317833794647,1.548703836583325,3.793322422855662,-30.01703820204758,-0.42762325512917654,0.047182652110466634,-0.008713992053541458,-0.007997595862852005,28.880545413662407,-23.75817691075006,0.4999641406850719
0,1780392037.1814492,2.202832345512794,-13.383232024457156,13.423546729606057,1.7623112772598122,0.0,-0.5409274079392357,0.22154011369658952,-0.06413693152451072,-0.10765152070474278,11.77405453117216,-17.60088945458046,1.4998803380103887,3.7935586234603145,-30.01860257042311,-0.4324956177598769,0.04621590999523542,-0.01135212194182997,-0.02993612832931802,28.884456132638473,-23.755567223613387,0.49523160934091814
0,1780392037.2314491,2.246602716000232,-13.332251423153599,13.363430090495326,1.7589820994255805,0.0,-0.6297076835843237,0.2207124957778029,-0.050933969746502154,-0.12330830899714759,11.814383701861551,-17.506831838800338,1.44313050416903,3.7937727432837374,-30.020239926692994,-0.43828423197072075,0.04236874324613481,-0.013880272214369447,-0.050252119814966675,28.888186489439725,-23.753319007178064,0.4895703084126799
0,1780392037.281449,2.2664333266209282,-13.286402940359695,13.328740108049361,1.7547256366110104,0.0,-0.6998243838704362,0.22033753507933498,-0.0788438413666651,-0.13479932803761974,11.829896550579095,-17.43762824714126,1.4110160745278293,3.7939583589850123,-30.02191790633285,-0.44491576315866865,0.03922413062213938,-0.016274698817945955,-0.06895805480343997,28.8916347697901,-23.751514334438056,0.48304956847147906
0,1780392037.331449,2.251345495278436,-13.240139382615018,13.281584996655244,1.7499892671447026,0.0,-0.7461398477217734,0.22062281846706094,-0.08029279997753441,-0.14099356811633879,11.768411997268199,-17.42612879280494,1.3618245626523837,3.7941150545400686,-30.02360364105906,-0.4521878344396737,0.034777782803259424,-0.01823017398362589,-0.08375390784522985,28.894766740631553,-23.750144376454713,0.4758713345408676
0,1780392037.381449,2.2463116132592043,-13.200954271401937,13.255029431205045,1.7488535014702504,0.0,-0.7598458259902072,0.220717999999997,-0.010097809113881374,-0.14204392636032195,11.73476619146882,-17.402426350998528,1.3346978628528419,3.794241350989446,-30.025247422422925,-0.45982226376493385,0.030388174421514022,-0.019597980247299963,-0.09354716294961743,28.897522983850976,-23.749205808354922,0.4683127433196601
0,1780392037.431449,2.2463116132592043,-13.161744157940559,13.260183501180016,1.7505434372402786,0.0,-0.751326610532164,0.220717999999997,0.06766434740793327,-0.137989760764264,11.711160588999707,-17.37111806887184,1.3398519328278127,3.7943509163544453,-30.026852884672497,-0.46753863807228146,0.029612808620005083,-0.020399169220859992,-0.0986474088691568,28.90006041820567,-23.748495292602737,0.4606623089273003
0,1780392037.481449,2.2463116132592043,-13.126086531458977,13.263614370586904,1.766691606795809,0.0,-0.7176179009114403,0.220717999999997,0.38707473361627615,-0.12943739941980972,11.689693684637252,-17.342646357588652,1.3432828022347003,3.794468680651099,-30.028468825640523,-0.47505655841149474,0.03276168250774686,-0.02074220161935303,-0.0999112429949168,28.902702725387158,-23.747661919571705,0.4532154166576987
0,1780392037.5314488,2.2405653288181444,-13.0933861253424,13.264916380766081,1.7627079218421866,0.0,-0.6471135329517572,0.22088961382275132,-0.2692840874610949,-0.11570230484028529,11.659090912601341,-17.32476122330227,1.3439797798602093,3.7946548014767276,-30.03029232707218,-0.4821316803955433,0.051761810349721854,-0.020821039777129617,-0.09904908658182647,28.906299820391297,-23.745898819117148,0.4462528760149098
0,1780392037.5814488,2.226207672054698,-13.063241270256755,13.264547405671864,1.730139520118031,0.0,-0.5501781447809047,0.22131840783534198,-0.7534186508324411,-0.09785709169312086,11.615982375633713,-17.319461407823354,1.3423177741126757,3.7948623166146613,-30.03209282320453,-0.4884551391349117,0.037863132727843876,-0.02116930565332229,-0.09849733576372072,28.910132487344416,-23.743781756132112,0.4400554088817974
0,1780392037.6314487,2.248612936125191,-13.033780447107413,13.263027043450078,1.659725730366628,0.0,-0.4263480677922985,0.2206492705769281,-1.4652872199653157,-0.07502616892648424,11.638627673579064,-17.265544829950237,1.3429518147884671,3.7949293006173357,-30.033174215699177,-0.49376104016300015,5.680483817410709e-06,-0.021867601936849026,-0.09879262752413571,28.91177205308523,-23.743395327949198,0.4347902824167309
0,1780392037.6814487,2.2896457008947877,-13.011334559588382,13.273482329305988,1.603768682364728,0.0,-0.3110292029290772,0.21942381964554503,-0.9908555251240136,-0.05432259171794977,11.73470320771292,-17.164341462066872,1.360832521263731,3.7946870789792,-30.032823796223955,-0.49637909039364914,-0.07161003410318299,-0.006047346056943126,0.02063744298563952,28.908698017190613,-23.74691920064108,0.43202503062448283
0,1780392037.7314487,2.3465278948669015,-12.990508053803191,13.275089766595574,1.5619405352761206,0.0,-0.19749319849169125,0.2177250226482272,-0.6343736634900947,-0.034821736148068785,11.964847472556235,-16.95803710591192,1.3817844646887316,3.79414742360538,-30.030358422761086,-0.4934307840947989,-0.1195496186982928,0.0046190147881844945,0.09262786051392509,28.90054260275839,-23.753700399473733,0.4346478042985762
0,1780392037.7814486,2.407403011488311,-12.971546907683734,13.215052104557888,1.5382020039077333,0.0,-0.10794438853790003,0.2159069762947669,-0.17452255061141111,-0.01926590913259478,12.075462076671048,-16.844806092296363,1.3291632444539125,3.793374353603106,-30.026964448059125,-0.49047602644251587,-0.14979114629115628,0.0049751494121409254,0.09203773427794595,28.889071950313078,-23.763351438959866,0.4371420575227587
0,1780392037.8314486,2.464922616144187,-12.953044148541787,13.160666567422625,1.547248407393443,0.0,-0.051246194828775585,0.2141891429122463,0.5299422882463929,-0.009871562420548406,12.274647948191243,-16.656917391366196,1.2914168451458075,3.7924857103758653,-30.02313501668688,-0.4875404444921072,-0.15685221416840886,0.005309815103404838,0.09093560316719339,28.876092499814195,-23.77427670621467,0.43955677235017276
0,1780392037.8814485,2.503429557445753,-12.936134697820147,13.11226193240977,1.5955609779127737,0.0,-0.034003239195260763,0.21303912615496257,1.3184515761668933,-0.007213698671718489,12.414521745241535,-16.516144049991322,1.2553123117319025,3.79165310008736,-30.019552544455298,-0.48465178252712704,-0.12886373193640352,0.00041664091747329723,0.053497634774565525,28.864080194778747,-23.784311205629507,0.4419656424702012
0,1780392037.9314485,2.515751609973859,-12.920011669189707,13.026800327543661,1.652803544890086,0.0,-0.036302789369088005,0.21267112583054118,1.2037505369031294,-0.008084205143488767,12.449755196976264,-16.464497733721764,1.173569956400005,3.791084146139471,-30.01730993244623,-0.4836936751065335,-0.061926876154845906,0.0005749118584714855,0.05320750160281767,28.856116386713538,-23.79117755793599,0.4426004707043063
0,1780392037.9814484,2.4959527348002797,-12.902158383147478,12.963529065354097,1.6953431525786837,0.0,-0.05135196750001377,0.21326242281377,0.8192477320265236,-0.01169618830032467,12.364364958077685,-16.514369397759747,1.104298984463572,3.790896522806278,-30.01654610844274,-0.48283040151019785,-0.0014032145059603707,0.0006754549068865485,0.052956365352892935,28.853485078239544,-23.79340702214951,0.44335795228316544
0,1780392038.0314484,2.495899924598093,-12.88413259831032,12.922101941230752,1.7223331584232604,0.0,-0.07788988636536243,0.21326399999999715,0.3726634853813111,-0.017106347828910934,12.352454552412489,-16.50083646551712,1.0628555683284873,3.7910098721969376,-30.016985222455173,-0.48395087742429554,0.03932925745119722,-0.0022099895068038514,0.0579197265271324,28.855056032290257,-23.792047910468355,0.4423013404252787
0,1780392038.0814483,2.495899924598093,-12.866513718408427,12.918507042930923,1.7385441863257376,0.0,-0.11173027540399383,0.21326399999999715,0.48676688499796267,-0.023339796084172634,12.341008443330395,-16.487442007115302,1.0592606700286602,3.7912905802355583,-30.018223797260585,-0.48501488574678664,0.05744628107391496,-0.002179044300917659,0.05033490925225841,28.859078444753173,-23.78875709025311,0.4413961258721937
0,1780392038.1314483,2.476070603227842,-12.849009217120557,12.955230451498053,1.7584510363210655,0.0,-0.1487676794671251,0.21438922323072995,0.3071049359547916,-0.030163007196749424,12.252810233174143,-16.539368943217333,1.0896834876476085,3.7916925463893976,-30.019991932053568,-0.486435152220944,0.08105190006459552,-0.0024755542640708724,0.0424638765294525,28.864861766694467,-23.78400221809387,0.4402048239924081
0,1780392038.1814482,2.4920884954474296,-12.830533249191447,13.0074415425639,1.764335407922575,0.0,-0.19311866725315405,0.21348028115972725,0.03996608397611921,-0.0381296157313307,12.303192737004498,-16.47241410582359,1.1470124966121666,3.792201684867803,-30.022253713387272,-0.4882373644927851,0.09546813250194432,-0.003003036362328874,0.033846976183832575,28.872251622867633,-23.777926596014662,0.43869528756742504
0,1780392038.2314482,2.5305413873462133,-12.815715150347952,13.087322551588116,1.761909309924775,0.0,-0.23027185969499536,0.21129825553991544,-0.06833847337686076,-0.04493798910626397,12.43780440520828,-16.33670408330941,1.2387564235469277,3.792753726084417,-30.024754596343396,-0.49046481977952494,0.09644557057922166,-0.0037906792323490895,0.02407093434481872,28.880362058913796,-23.77128425079522,0.43678853563874664
0,1780392038.2814481,2.583494394506949,-12.80235321444215,13.208317034516824,1.7572801575779275,0.0,-0.26824748118837777,0.20829341474471755,-0.08736793174490934,-0.052091766066424565,12.641772961140632,-16.137442203848877,1.3778540663046428,3.793295968127802,-30.02726872320738,-0.49305344453822064,0.09203517549534967,-0.004617621773702082,0.014887086262698792,28.888434424908926,-23.764709331808856,0.4345183299312816
0,1780392038.331448,2.6450301644811485,-12.790611960526109,13.344680805430112,1.753789833046832,0.0,-0.3058048530738595,0.20480154144239263,-0.07062574977144907,-0.0587094120188167,12.757155774786044,-16.01605821240998,1.5224637348471397,3.7938107289423035,-30.029724531549988,-0.4960150271126129,0.08673500943039494,-0.005520243157700542,0.005787122575651855,28.89620775643444,-23.758430974050697,0.4318621541322747
0,1780392038.381448,2.705894534923396,-12.780651128043965,13.4576217853228,1.7531319137981047,0.0,-0.336412314388836,0.20134776699057055,-0.014081319679370374,-0.06400862156579182,12.94183260031684,-15.829822813705565,1.6511434934335547,3.7942985924994987,-30.032118986633243,-0.4993239501863833,0.08233693535436697,-0.006419390735217067,-0.002766594176459823,28.903677739242216,-23.752450512033988,0.42884548945202017
0,1780392038.431448,2.7463050200385117,-12.774160215256222,13.521834945375995,1.7539896586769421,0.0,-0.3537587344245859,0.19905465691546087,0.00197367142992003,-0.06700028015565236,13.0625659992543,-15.70485284126265,1.7257838041787572,3.794771162052159,-30.034489017492703,-0.5029162991731542,0.08081561390496503,-0.007208070810255954,-0.010092804593502931,28.91099973373141,-23.746622556029074,0.4255388439562102
0,1780392038.481448,2.7656592635815462,-12.769489193047765,13.584900704848767,1.7538748975137681,0.0,-0.36709875556959026,0.19795639217703387,-0.01602096326340724,-0.06947142542476799,13.09067672709548,-15.671006477274986,1.7907595413147526,3.7952386219950824,-30.036864832237224,-0.5066752225894575,0.08012907840574338,-0.007776446148851355,-0.015371161966333046,28.91831187636287,-23.7408131141871,0.4220650589824899
0,1780392038.531448,2.752380944716181,-12.766378139714984,13.649347516498828,1.7538055912857522,0.0,-0.3808210518541604,0.19870987599896653,0.005837433795510235,-0.07213773773191236,13.068909692739116,-15.68784500113605,1.8541047757909261,3.795698573403949,-30.039242069109967,-0.510568232608144,0.07856563963934335,-0.00822933549809927,-0.019502875664577937,28.92558111342907,-23.73505915944467,0.4184550575844366
0,1780392038.5814478,2.7455059585095327,-12.764509631534334,13.71403136731575,1.7549624306504168,0.0,-0.3944302240127568,0.19909999999999733,0.038729810282728816,-0.07486446855522252,13.054162852391677,-15.699559356415566,1.917859143591972,3.7961478697181668,-30.04162437119648,-0.5146029245718893,0.0781056645561234,-0.008644764082532787,-0.023217749888576462,28.93277113271294,-23.729415497879188,0.4146991646794449
0,1780392038.6314478,2.7256623311290413,-12.764288913295513,13.777542955244146,1.7550458762046046,0.0,-0.4068065506207769,0.1992178915322299,-0.006916241881858119,-0.07694720027826103,13.002026410166778,-15.749625007433423,1.9772625638597745,3.796595725779706,-30.044045850772406,-0.5187833125267183,0.07928745968815863,-0.009041971234997798,-0.026756930572426334,28.940015923591403,-23.72375984085815,0.41079898994119457
0,1780392038.6814477,2.7392893598592125,-12.76572658369162,13.839475371396546,1.7533882134951762,0.0,-0.4157029618457723,0.19913693298236532,-0.04248379486931256,-0.07849810509408332,13.040834947945743,-15.714169176194543,2.0422438954451216,3.797040977405229,-30.046494964138784,-0.5230757256628822,0.0781900448293478,-0.009395693635538648,-0.029836224049337355,28.94729188647664,-23.718104457415837,0.40678744456408067
0,1780392038.7314477,2.779070416785245,-12.769489006290199,13.940540310332985,1.7522059918453219,0.0,-0.4208727500721029,0.19890059263667575,-0.01634364374901827,-0.07901914222915044,13.108030061264786,-15.654089714973377,2.1472467408821423,3.7974717676492737,-30.048918126222024,-0.5274496012933643,0.07533862157250043,-0.00970420279167978,-0.03237459967075405,28.954412310296163,-23.712610101491922,0.40268748199469995
0,1780392038.7814476,2.8335660576457107,-12.775757877062738,14.08491253773693,1.7519507327866823,0.0,-0.4174621608228268,0.19857683254595002,-0.008792172964429489,-0.07752395162103859,13.18618077227513,-15.586330578006688,2.295435658912286,3.797887741580052,-30.051303089620266,-0.5318506659899276,0.07382254834863439,-0.009931838385698645,-0.034080590927997687,28.961359310905976,-23.70728058107123,0.3985529326861208
0,1780392038.8314476,2.894582070924017,-12.78505360469272,14.202284153534888,1.7520854109427793,0.0,-0.4005598807437799,0.19821433474460684,-0.010493303766379585,-0.07358132964328248,13.371646484071057,-15.414495917000934,2.4278025022100174,3.798295706974359,-30.053658345701688,-0.5361732836381834,0.07270516318506282,-0.010024285526431368,-0.03442576984276355,28.96821921017371,-23.702014520051083,0.39449362999140547
0,1780392038.8814476,2.9501777600702357,-12.796508387903545,14.315827343152906,1.7514386333920637,0.0,-0.37565334287591146,0.19788403923697118,-0.008098432151625323,-0.0688143993948665,13.526143044513901,-15.272379758872358,2.5533868782698796,3.7986983659260543,-30.05597161432406,-0.540285317192934,0.07151858869421793,-0.009977435769229966,-0.03321781466795002,28.975013422268553,-23.696762718099414,0.39064336114988185
0,1780392038.9314475,2.9945115029835097,-12.811236668715155,14.421081863131434,1.7521285377892615,0.0,-0.35146441886224256,0.19762065125948935,0.033072759408915096,-0.06449875801270183,13.590043236764483,-15.227162005074888,2.661183378951929,3.7990964437298427,-30.05823695879001,-0.5441396600609565,0.07046033695611391,-0.009867729161178571,-0.031059797289247387,28.98174484956635,-23.691511393813137,0.38704963559444794
0,1780392038.9814475,3.0152762563647277,-12.827797144616897,14.490405890476982,1.7542224538385771,0.0,-0.32783765863411984,0.19749728729252886,0.05948309050697049,-0.06014117166381819,13.634930150103452,-15.204201248710088,2.732602356815267,3.7994963313331507,-30.060484270594216,-0.5477607898720813,0.0714553380079908,-0.009744814367185982,-0.028515308476471057,28.988515992085844,-23.686172837046474,0.38369214064343193
0,1780392039.0314474,3.0003446150172723,-12.8466396049908,14.507593451414106,1.7552879718926764,0.0,-0.30600053661578513,0.19758599658158402,0.02395105513675425,-0.05550799507497127,13.624307065476916,-15.242574634272179,2.7482206743139947,3.799908193592732,-30.062756137440054,-0.5511475600965969,0.07374687665314285,-0.009633058152053063,-0.025846039524319752,28.995488918505373,-23.68060022808646,0.3805788199874729
0,1780392039.0814474,2.995126086842563,-12.865062879366876,14.499312441643227,1.757030418872428,0.0,-0.2813759381999001,0.19761699999999732,0.09002539053672903,-0.05051374751461975,13.629795550505236,-15.263475832942351,2.7394670342787357,3.800330332183537,-30.065043732311945,-0.5542833296162097,0.07423785699232652,-0.00956699402660307,-0.023283277089772098,29.002637991804484,-23.67481285796792,0.37772534481784703
0,1780392039.1314473,2.9788705460902936,-12.885760499293113,14.47708167982661,1.7742153477077909,0.0,-0.25178055960336654,0.19635252619129176,0.3126940754125154,-0.04470994994402636,13.622589658999395,-15.300873249485281,2.716015720127796,3.8007676972351807,-30.06736361509123,-0.5571472255205876,0.07799975099440692,-0.009581416067214844,-0.02112025773216491,29.01004196978788,-23.66873200452425,0.375156084491695
0,1780392039.1814473,2.9796111775700242,-12.907356166843343,14.439750040195584,1.778053061169086,0.0,-0.21667236494944203,0.19641013787719597,-0.01890133622090677,-0.03788105380169009,13.639097446770535,-15.314862206981847,2.678731406288474,3.8012674574522127,-30.06989923112463,-0.5596999224916073,0.09279473774079645,-0.009730300416594895,-0.01980081254761282,29.018448934228545,-23.66165642778658,0.37294234326685194
0,1780392039.2314472,3.0105687077993912,-12.929547681462845,14.385740988129854,1.730706266943456,0.0,-0.17100568794112225,0.19881823901352885,-1.3494979901243136,-0.028760031107964375,13.700546221676092,-15.282817711755325,2.627408014538755,3.8018103587409744,-30.072568537413805,-0.5618769923064004,0.09093212251268062,-0.010143531248940095,-0.019861370199200937,29.027470485166486,-23.653970039675187,0.3711312244870779
0,1780392039.2814472,3.0601653875877415,-12.951611039872388,14.318947656137878,1.6389780125814986,0.0,-0.11376841177478543,0.20267622833217835,-1.9670770878490083,-0.016586759268961807,13.802866791253871,-15.207156420106955,2.566467027154541,3.8021406562153954,-30.074249154799308,-0.5634988127987048,0.02287129924600785,-0.010914113023594556,-0.02127968398143414,29.032970859886245,-23.649369530572034,0.3697302200918329
0,1780392039.3314471,3.119606782010612,-12.973335527194948,14.287513221675333,1.5368704051829225,0.0,-0.04707469634624614,0.2073000109270554,-2.0546216690832413,-0.0015591220262923242,13.914200417519083,-15.120296496364483,2.541210912231943,3.8019787474087177,-30.073618923750622,-0.5626569080511254,-0.07507162217934558,-0.0015886820475435846,0.05223433642416489,29.030433364037947,-23.65173592730079,0.3704640554200145
0,1780392039.381447,3.1793017964616967,-12.99502164228653,14.293745863503545,1.446527950487907,0.0,0.031884449895542316,0.2119435219264148,-1.600203237301161,0.01678558645844825,14.02596498326876,-15.031645814447872,2.5537051103022,3.801236709871311,-30.070331716747692,-0.5617332019400734,-0.17650115214474993,-0.0015313401605702907,0.05179108383665154,29.018404714887506,-23.662442032556484,0.3708882262630073
0,1780392039.431447,3.229180425584164,-13.016291412106641,14.281609713289814,1.3981332800895314,0.0,0.1207276184857617,0.2158234433083408,-0.6512842413573986,0.035532660566175746,14.12498375554098,-14.955047186304935,2.5472195319957116,3.7999944986215057,-30.064664838843672,-0.5607373918378933,-0.2542317223350621,-0.0014856802972983809,0.05073564241625857,28.998104319727283,-23.68028066216489,0.3710465360592563
0,1780392039.481447,3.2601475336951933,-13.037677632749537,14.266117262472179,1.40068575018807,0.0,0.21029246002265944,0.21823228948174686,0.4876072786746699,0.053894615462978954,14.186826284519633,-14.9187654036269,2.534603395341872,3.7984506610180975,-30.05779865656316,-0.5615101769287607,-0.28354242656958406,-0.012056859938792113,-0.02178393748016348,28.973436806969463,-23.7019400887854,0.3692572503827072
0,1780392039.531447,3.261099135530082,-13.059646530948825,14.261533187181259,1.4687411531021888,0.0,0.3000941130776881,0.2183063119713626,1.7974850370345183,0.07007678529550893,14.204401117418172,-14.932086674291662,2.5300937759141426,3.796898168415087,-30.05112666302429,-0.5640896308870347,-0.25619130555320224,-0.01268416022368045,-0.02177423757780425,28.949295698798178,-23.723164194696004,0.36568320637276264
0,1780392039.581447,3.244755686249361,-13.083982668945138,14.268844173718605,1.575806947327898,0.0,0.39098101563258225,0.2170349999999971,2.032305611013704,0.0842822052543209,14.199208680646292,-14.974041466185803,2.536010625712226,3.7956806201965954,-30.046051168544288,-0.5667544607884802,-0.1639922842479673,-0.013137887447513529,-0.02231751165633248,28.930825191750245,-23.739416545463563,0.3622577371952893
0,1780392039.6314468,3.244755686249361,-13.10378430256123,14.287763339044535,1.6525907655963628,0.0,0.45514365093878906,0.2170349999999971,1.5367518113207836,0.09341167414454066,14.213868103877008,-14.987353340749841,2.554929791038152,3.7950042411842433,-30.043590043103322,-0.5695761122228484,-0.06111616685278333,-0.013355223568111273,-0.02332812283859954,28.920979454413356,-23.74847540647443,0.3590208893400586
0,1780392039.6814468,3.244755686249361,-13.126305422031974,14.317786677044063,1.7018068618129956,0.0,0.5188898936035031,0.2170349999999971,0.7358599318554929,0.10256618906473176,14.230540800097529,-15.002493420767916,2.5849531290376824,3.794831828013945,-30.04355126074268,-0.5725639006098007,0.0151587262816988,-0.006569708696684086,0.055365048751623,28.91895562125443,-23.75111614041825,0.3559281054283465
0,1780392039.7314467,3.2383286097308486,-13.144092105929218,14.358022205717212,1.7314639843277244,0.0,0.5610286362804418,0.2171260916073211,0.5380019649002769,0.1082596915094837,14.23394697929756,-15.025193810334489,2.624573286415373,3.7950616325589284,-30.04382723062619,-0.5678022649539405,0.050924327747752615,0.00280168248407372,0.1036493790327991,28.921834034452502,-23.747728838599695,0.36082976234973696
0,1780392039.7814467,3.2246078191399676,-13.16107813150534,14.39019897027977,1.7459224142941976,0.0,0.5933705924670687,0.21732055776391335,0.1817434247052864,0.11267560264435557,14.224513607753588,-15.060784469543712,2.6553095343359487,3.7954752750260496,-30.04482138811203,-0.5621667824381902,0.07702017564764646,0.005164962311234219,0.11442994258465905,28.92743987906178,-23.741891714575942,0.3667188084742148
0,1780392039.8314466,3.246058372723373,-13.175841597104268,14.3941628853139,1.7548000502630092,0.0,0.6049908910484677,0.21701653689248387,0.14723563735057899,0.11288126212684128,14.269152614732342,-15.033658589932271,2.6614494466484224,3.7959885161434928,-30.046223528217265,-0.5562788511477237,0.08519610244739736,0.006439846424411005,0.12057642910369006,28.93457788650507,-23.734681976936578,0.37292409002819715
0,1780392039.8814466,3.2881304752799703,-13.187950389019436,14.390139354667436,1.755971739070335,0.0,0.5949339596208514,0.21642024471604215,-0.015417402132976783,0.10949596639802066,14.333752509754348,-14.980318647462928,2.6605228921368287,3.7965453879613187,-30.047794737737537,-0.5503679092563285,0.09162255908615952,0.007054779130482899,0.12314501417554427,28.942421899013688,-23.72680378825628,0.37918278306299413
0,1780392039.9314466,3.345155049569922,-13.198599304722244,14.38095795014466,1.74973208016726,0.0,0.5648772555537664,0.21561202964126014,-0.22204552331711552,0.10295194727111404,14.465854146957316,-14.848513140099755,2.6611403808119256,3.7971170291824765,-30.04942767844455,-0.5446296149007948,0.08992730786619123,0.0072276085326332725,0.12285253636206339,28.950554092145506,-23.718636105039835,0.3852817570236575
0,1780392039.9814465,3.4057425527834257,-13.207939198994147,14.406054442060183,1.7361211604171287,0.0,0.5195013522771381,0.21475331681349627,-0.2501703952451082,0.09286464250410308,14.674340255022546,-14.62262393170144,2.704919319048688,3.7976499392955825,-30.050906771682232,-0.5392307708270012,0.07799275001053821,0.0071222725578172046,0.12052864267914036,28.95815903321144,-23.71091146745828,0.3910202240597602
0,1780392040.0314465,3.4606267833172364,-13.216122032245961,14.439186441845616,1.7298151809743973,0.0,0.45410889231311263,0.2139754370478414,-0.038585871940251586,0.07895564768196087,14.824542781671443,-14.45659449315377,2.7508321162344735,3.798108854229532,-30.052114368256227,-0.5343652711746776,0.06478247404377956,0.006906075938135922,0.1172645138144223,28.96470006449853,-23.704154505480894,0.39618080394209976
0,1780392040.0814464,3.500474074926349,-13.223249416757428,14.475974310194418,1.7501342479592763,0.0,0.37411029871093077,0.21341067734259628,0.6345966520716455,0.06219332368089035,14.865599307291465,-14.41824470122551,2.788821109702898,3.7985179087108363,-30.053205061027576,-0.5302603645397714,0.06220079931206199,0.006887865396566037,0.11506902888987543,28.970576988878882,-23.698089192267293,0.40055077000010986
0,1780392040.1314464,3.5142323929056256,-13.229321383518126,14.515270025753022,1.8254637838952723,0.0,0.28328611338997045,0.2132156793065223,1.8830659356802915,0.04353421632240722,14.895794937782423,-14.391236786612634,2.830104946245701,3.799003030224291,-30.054762071942772,-0.5271083168166713,0.09309195150408352,0.007308862240449548,0.11507383424958588,28.97780101215144,-23.690990877859388,0.4040196585521185
0,1780392040.1814463,3.4814891954967098,-13.234275737883086,14.555396177645278,1.9626442808937141,0.0,0.18264908639472538,0.21318350194779775,3.323960373006477,0.024498661522082008,14.854885468523026,-14.448448224429853,2.8674033868110804,3.79984072233302,-30.057990113131975,-0.5250369032475044,0.1857874524529841,0.0074888413474914805,0.11059430190637888,28.990817692583153,-23.678895652419005,0.4066445468861075
0,1780392040.2314463,3.4765270571734166,-13.237920496576624,14.597055636353277,2.174587412607575,0.0,0.062036787456263925,0.2130662756428684,4.882591366477086,0.005571643816944268,14.85547578287972,-14.453445993708547,2.909175577157118,3.8014178938276646,-30.06453577837539,-0.5240651103231171,0.34925237983027213,0.006546357734902731,0.08228016936256521,29.016053330372245,-23.6558827243775,0.40867893320864335
0,1780392040.2814462,3.5014728700409643,-13.242079735332931,14.63862090952318,2.451595850380544,0.0,-0.06229470397950307,0.2136680070713833,6.006664710066188,-0.011172106502114865,14.881629333062701,-14.42841041489195,2.951573006673211,3.804168620324994,-30.076154394010985,-0.5231483342446972,0.5884382965127883,0.0033347214264705027,0.031123650248457375,29.05941621290988,-23.616823804181827,0.41140618730184864
0,1780392040.3314462,3.5513510839641054,-13.249225704253677,14.641216897679564,2.761582997989675,0.0,-0.1897246137414849,0.21487114641485158,5.959204383203881,-0.024507275673934445,15.02504074222388,-14.26429713786881,2.9668486035419797,3.8084527565238373,-30.094524224192163,-0.523847755272767,0.8808616667220801,-0.001751098818226056,-0.010720669948113867,29.12365741373062,-23.560592579282414,0.41333567077976285
0,1780392040.3814461,3.6068848391873636,-13.259224711036438,14.633356963937633,3.009534669767778,0.0,-0.28407893239828547,0.2162107061252814,5.0191371116113475,-0.03345842911909375,15.151464630350574,-14.121843540844477,2.9691492299499807,3.8143704726374383,-30.120415950848468,-0.5269395257054779,1.1676620611947888,-0.006601623518321372,-0.05638738233216795,29.205830738337895,-23.492187295273162,0.41349291874555005
0,1780392040.431446,3.6668263177292473,-13.274690281650965,14.634575623280607,3.213282544559234,0.0,-0.3652289206553582,0.21765658691103948,3.7680081451539604,-0.038537909334121476,15.246206261323069,-14.026332006973103,2.975922481093942,3.821725492841863,-30.15328867426805,-0.5326510428421543,1.4044893992146306,-0.009985131725183883,-0.1045135136426131,29.29735199346659,-23.422207717938512,0.41120132912085205
0,1780392040.481446,3.7064245671125837,-13.29475427093382,14.620195766242581,3.349980624637569,0.0,-0.41037587294887745,0.2186464106020491,2.414777271849295,-0.04124121696562771,15.325077936314564,-13.957523408240387,2.966294899711553,3.830153315105458,-30.19185892975769,-0.5409001558020403,1.5764116178080458,-0.010940867275526971,-0.14907247923625358,29.38789718931029,-23.362699392503842,0.40602867534144016
0,1780392040.531446,3.7370129023915806,-13.321622730382648,14.586976956698278,3.4347076358917525,0.0,-0.4195594097650849,0.21940249930794492,1.2533930406142963,-0.03964248364324731,15.365584740070673,-13.9490526330672,2.9331431432451645,3.8392624235192834,-30.234574027704344,-0.551342361469533,1.6790762751115813,-0.009612471190350455,-0.18649926592597066,29.468678713112848,-23.323428021807832,0.397900214691032
0,1780392040.581446,3.770648708977971,-13.352566100505625,14.581389766608243,3.468238490552027,0.0,-0.37933880643213225,0.2201398201422054,0.5010595049921255,-0.03326177584424603,15.448163505392627,-13.892550979245396,2.9321674343926496,3.848684865471169,-30.279888911466173,-0.5633111946491312,1.7228376168504798,-0.006120142253341985,-0.2081168995892005,29.53368938271043,-23.310429180850946,0.38721937599650813
0,1780392040.631446,3.7980480669215346,-13.388235023682453,14.590216270189533,3.4755755695997963,0.0,-0.29038279469861666,0.2206614744601492,0.09527546393912466,-0.023105689414700516,15.600813908725277,-13.749687048486361,2.9543525059809568,3.858146074756172,-30.32656379122785,-0.575765235791661,1.7287182018542528,-0.0011346934307425102,-0.20689827235063551,29.580031656161662,-23.325849352259276,0.37492779285036093
0,1780392040.6814458,3.8563719289837235,-13.428066058843571,14.604420505456778,3.4868422182106538,0.0,-0.16009739930722577,0.22189528254397825,0.25978895921218553,-0.009359861522015386,15.827127526288557,-13.506640958036552,2.988798774237452,3.867496892907088,-30.37377592622583,-0.5874835747258138,1.7143817542980304,0.004271798213538303,-0.18137123235467037,29.60880953135044,-23.366778279723682,0.36235553177045077
0,1780392040.7314458,3.9164227313122177,-13.471589078959955,14.622835021108122,3.493735017134787,0.0,-0.0017656276500933807,0.2231656230655699,0.09214247542489257,0.0062297890955448215,15.930222053009633,-13.436950226884921,3.01141260866331,3.876688370074466,-30.421253580691413,-0.5972575179056125,1.7083228733163014,0.009515066087057272,-0.13223628973831233,29.643171018602054,-23.400344429883013,0.3520392022390406
0,1780392040.7814457,3.9566305804765425,-13.517393890281172,14.64567780144475,3.4947850998270726,0.0,0.17664701290783508,0.2242972848260532,-0.014410182184951735,0.023706775729289684,16.086873793173204,-13.292597769839045,3.046692803744641,3.8857341421970997,-30.46883062060161,-0.6040499708475817,1.693872692486703,0.013929177058908487,-0.06456280985981366,29.689685585269025,-23.417106744879902,0.3453914671657241
0,1780392040.8314457,3.9864388720883634,-13.562670095191683,14.673481367699207,3.4941303991914627,0.0,0.3587306906449719,0.22503651316715637,-0.018423801543465297,0.04056455532251109,16.162454568787698,-13.26252180144331,3.0772866962631795,3.8946224886345235,-30.51610335342283,-0.6070141263909692,1.6740909574510516,0.01738316293382592,0.018450977369640964,29.747460080924398,-23.41759471143869,0.34322516778121814
0,1780392040.8814456,4.0199612926508195,-13.60595492178231,14.705934288431365,3.4921838530413947,0.0,0.5271242359008058,0.225207168287842,-0.03466488848355731,0.055108489613318795,16.231625852605806,-13.23807314645646,3.1116313492087464,3.9033746107763747,-30.5627534711385,-0.605614290470526,1.6540968396950195,0.019439457495109613,0.10828098056876878,29.815720568644995,-23.40225455643776,0.3460457098616825
0,1780392040.9314456,4.047648054803635,-13.646310192270526,14.685291757272848,3.4913066606354946,0.0,0.6569058703511641,0.22476355950120824,-0.02568332941675583,0.065418636009996,16.334517038931004,-13.15811370330464,3.0980496320588458,3.91202844785357,-30.6085272403471,-0.5997665289439,1.6333051261547806,0.019903059303320942,0.1955945029826051,29.8939212345298,-23.37126829289181,0.3539178541760504
0,1780392040.9814456,4.10575263371215,-13.68272329692044,14.650666400404955,3.490382800597533,0.0,0.7508340531924578,0.22472654265889672,0.014428123618372347,0.07240919706299923,16.494128476947175,-12.982989386855163,3.076307722225714,3.92062198386037,-30.653207802677763,-0.589870642537218,1.6130755801715602,0.01866167722637496,0.27045933870384486,29.98171330076909,-23.3245508372652,0.36643373326313533
0,1780392041.0314455,4.170140005493808,-13.717120227556734,14.660132972755413,3.4892314423929927,0.0,0.801098510420973,0.22468552322062066,-0.014857478437276401,0.07525500845571118,16.625066154385042,-12.844171642597676,3.0947737020362,3.9291629544282114,-30.696651546782583,-0.576647585573427,1.5949416860270735,0.016324001446948278,0.329522941778711,30.078218682088078,-23.262845683842926,0.3828335650333128
0,1780392041.0814455,4.206168497315079,-13.742630580475986,14.63499660978192,3.488337060932915,0.0,0.8052239772009465,0.22422081293400348,0.0172983206031442,0.07409873539344179,16.7449723851896,-12.702430054273638,3.0804073310136992,3.937663715224273,-30.738729574868135,-0.5609889689377296,1.575506747253707,0.013172762367075553,0.3691543897271562,30.170233779690548,-23.20461132793902,0.40148511835047396
0,1780392041.1314454,4.235616343642961,-13.76405854553846,14.627205028846483,3.488511566911391,0.0,0.7652155370575126,0.2240225561582493,-0.005746218380910197,0.0693107754901298,16.803568638865883,-12.64889662485019,3.076031365517064,3.9461448996528565,-30.779363538810152,-0.543911787152203,1.5579535558379323,0.00953578902416641,0.38784643466357804,30.25227280870359,-23.15772547272944,0.4210600327808409
0,1780392041.1814454,4.2697684515528485,-13.78087251085771,14.650434253755634,3.4983190024514417,0.0,0.6904610767913039,0.22486570911094036,0.1623991196148341,0.06111718765146969,16.856642574927864,-12.59511296637452,3.102129446109984,3.9546006316510915,-30.81853871933724,-0.5264594206846342,1.5395645191090914,0.00571524574436711,0.3857788699567352,30.324413928742462,-23.12225565346646,0.44051709421415275
0,1780392041.2314453,4.297398495425891,-13.79241207249609,14.666089054121429,3.4867827079548173,0.0,0.5919197593516333,0.22647435290623863,-0.34353946892592196,0.052003291202563764,16.924548208356438,-12.506384801056837,3.1238410619050896,3.9630138876436476,-30.85638327020132,-0.5096488411057494,1.5298287449938217,0.0018260343072667496,0.3641726197597457,30.386825279482323,-23.098351050786533,0.45884116590666535
0,1780392041.2814453,4.355607283230123,-13.800444530731388,14.694235301029757,3.456498076580173,0.0,0.48210437399664346,0.22844429276892653,-0.706811617186969,0.04191035099073537,17.095160958787215,-12.235680603018343,-3.1122309752107675,3.971308233625294,-30.892769995677927,-0.4942848807707896,1.4950593421247673,-0.0013400305492469533,0.3282751002222837,30.43938442902204,-23.08609365624208,0.47522746959964257
0,1780392041.3314452,4.415962046636521,-13.806780035608794,14.760067277446545,3.410270961812258,0.0,0.3825457121899643,0.23048685814131034,-1.0494904213240814,0.0337452781701014,17.26318403203989,-11.953581373145397,-3.026988426558159,3.97934879816454,-30.927297824558682,-0.48099919684434944,1.442620044018149,-0.0034420475430527253,0.28040110793880824,30.48194956559154,-23.08507032166393,0.4890590198522906
0,1780392041.3814452,4.468851632001338,-13.811903749100997,14.826422185633275,3.329245854859143,0.0,0.31288891853734446,0.23227678207653468,-1.9214126067370232,0.029121334693068084,17.34871766802486,-11.809039103748326,-2.952306686356895,3.987034811979418,-30.959704267901838,-0.4701164993952709,1.373694809428583,-0.0038879004665518372,0.2298471971631623,30.514987917633114,-23.0941841579154,0.5000538138563111
0,1780392041.4314451,4.4872934970864,-13.8156734024322,14.890830065273189,3.205763414620697,0.0,0.27693908335013734,0.23262255078536004,-2.741429438693137,0.028725987582311104,17.36488640212756,-11.787287940555814,-2.8872909593646305,3.994209812322086,-30.989445421788893,-0.46148669630135686,1.262156765598994,-0.002378551414989034,0.1851541554119948,30.54104618315821,-23.10877083022133,0.5085389879545876
0,1780392041.481445,4.496748632214269,-13.81758305947021,14.952585301278003,3.056138953845429,0.0,0.2756414547319773,0.2329548959287378,-3.17804775181392,0.03212698129087431,17.37709778301037,-11.768869069297471,-2.8246265928791097,4.000687306341785,-31.015713505331153,-0.45460571318716525,1.111155567037111,0.000889510302919921,0.15190658472929236,30.568184198963067,-23.11563749697766,0.5155230955699426
0,1780392041.531445,4.508180987926963,-13.81736267089617,15.009616298987591,2.890630630103626,0.0,0.3167354452111559,0.23387257549417267,-3.3396658255978173,0.04088052177131184,17.39440442396103,-11.736543161759979,-2.76576935365685,4.006302342831593,-31.037955535678904,-0.44881619265580985,0.9401938665137358,0.0050107298389090536,0.13146787128736187,30.59518944825875,-23.11556941760915,0.5216252697574704
0,1780392041.581445,4.557768350576209,-13.81600807708749,15.060025349410889,2.730717909139729,0.0,0.3909829359594018,0.23640070199913385,-3.0709313636013555,0.0528514513260976,17.507981334676693,-11.520534666321666,-2.7012860495881874,4.010971381260652,-31.05597958678697,-0.44339187634491184,0.7631210337321007,0.009360312700995837,0.12493347030316035,30.620027791931005,-23.111189143646094,0.5274674513446667
0,1780392041.631445,4.6174193381993485,-13.813788611202073,15.101366956703558,2.567808348749794,0.0,0.48046554829378046,0.23944190513639055,-3.4180742502384023,0.06824603952002907,17.56518925584315,-11.405792803906179,-2.6549830868662703,4.014698567731907,-31.069989910036952,-0.4378334302015734,0.6013915673072492,0.012639560868814502,0.12384876325218841,30.64134936784965,-23.104827655186206,0.5334623728896757
0,1780392041.681445,4.677001403536893,-13.810486928587265,15.114677127397764,2.4072613142611674,0.0,0.5801735947452155,0.2424795943893089,-3.1004114198379527,0.08668184896698633,17.692716648242154,-11.147024921035943,-2.62510133044265,4.017488874397014,-31.080123038936254,-0.4320549489712948,0.4243608906141101,0.013349793677507217,0.11391409824895055,30.65806638770168,-23.09832040753064,0.5396274161627534
0,1780392041.7314448,4.729401838144645,-13.805402276082118,15.136342359750074,2.2551704494355502,0.0,0.6780579053499215,0.24515114053586237,-2.8105795209253905,0.10708315107043458,17.701340497472348,-11.118184509304939,-2.6050829284897077,4.019360770036833,-31.08659279555383,-0.4265383401146208,0.2655238900121818,0.009720540017297387,0.08368795316374933,30.66951276831247,-23.093027679771346,0.5454320509781088
0,1780392041.7814448,4.757667391135517,-13.79901508405048,15.173970996253594,2.133077224262833,0.0,0.7711252153973805,0.2465922112013678,-2.716543493351771,0.1274835305434349,17.71953460398465,-11.067310510756204,-2.5656149841961664,4.0204209416353915,-31.089841976972686,-0.42105211588358094,0.1226364247763454,0.00973853667076227,0.09079568066027446,30.675831579019185,-23.089531501189818,0.551091624398893
0,1780392041.8314447,4.758611093783338,-13.789043979684255,15.213360848110991,2.006644381336296,0.0,0.8637836752056726,0.2466403242598023,-2.5049735878048116,0.14905136694063753,17.711891861704824,-11.060281281154156,-2.5260834516791313,4.020746609286386,-31.09004998536441,-0.4143919906369762,-0.014841978068459355,0.018722781983134137,0.15533372668637052,30.677145846196144,-23.087973895265577,0.5578064838830015
0,1780392041.8814447,4.742285658789577,-13.775196430449551,15.25374745411482,1.8932864029306429,0.0,0.938773971088609,0.2458079999999967,-2.1555091539586666,0.16858625643944514,17.68166621184606,-11.089952104785176,-2.487416561057792,4.0203758046607545,-31.087932081767317,-0.4103380583223224,-0.1366525088585673,0.002429693220725386,0.04046473269774602,30.674096449757705,-23.088685914311185,0.561798150928297
0,1780392041.9314446,4.742285658789577,-13.757503350929875,15.295815354294913,1.7987286683178003,0.0,0.9914105886914076,0.2458079999999967,-1.7812750016571628,0.18522019480726726,17.66583121582659,-11.082059198859422,-2.4453486608776984,4.019370548778996,-31.08431864199941,-0.41178149256653596,-0.23941911628235454,-0.01394222279553448,-0.07084209540273469,30.667667257721703,-23.09169753715723,0.5601904636758794
0,1780392041.9814446,4.742285658789577,-13.73659975406326,15.339476784564525,1.7205356608203741,0.0,1.0247364466852433,0.2458079999999967,-1.5360242835004752,0.19700617345539176,17.64712286306033,-11.072734076944121,-2.4016872306080828,4.017836844205997,-31.0795727229394,-0.41857586249773515,-0.3220156542399907,-0.031471927359112195,-0.17893566986834558,30.658715916677927,-23.096393204701982,0.5531583004838581
0,1780392042.0314445,4.72603342942591,-13.712360899192568,15.38487321579254,1.6603491459350397,0.0,1.0372491040085703,0.24471077497748941,-1.2934879471451743,0.20521464214420418,17.617135200505164,-11.078553187150188,-2.356460961181618,4.015870965961116,-31.073738723368376,-0.42886844656834366,-0.3940471942466864,-0.035449102282524944,-0.18002770732778745,30.647843906496593,-23.101967720649853,0.542583540147072
0,1780392042.0814445,4.728187758888973,-13.682936961454766,15.431151839485317,1.599796524702926,0.0,1.034151798193553,0.24485621866651847,-1.1580290689311907,0.21068193745871563,17.591362627024836,-11.064301544296097,-2.3102482260219688,4.013541261342372,-31.066799345831512,-0.44089699727429466,-0.45091691529275063,-0.05091462089138367,-0.25196537296138155,30.63551477747351,-23.107709746783655,0.5302534986165828
0,1780392042.1314445,4.757671001856452,-13.65441594949339,15.477487601439254,1.548198807823915,0.0,1.015725114246279,0.24684669955407587,-1.13029977567124,0.21362697498080682,17.590024119136444,-11.002999204221483,-2.2620978468078548,4.010924484318222,-31.058703521449683,-0.45647132130888135,-0.5021558847496383,-0.04841496567898087,-0.32480546350861916,30.6221634731274,-23.11289162445744,0.5143830964745448
0,1780392042.1814444,4.811501407639669,-13.619577424505605,15.523274486948438,1.4955348260478867,0.0,0.9912135696124013,0.25048091285955054,-1.0263805813094544,0.21312142309507964,17.651262563588183,-10.798640754781186,-2.204824053721783,4.0080741522898435,-31.049270025978945,-0.4738071971491742,-0.5501119649081226,-0.06300129297639485,-0.36082710540213764,30.608011461421857,-23.116868967881683,0.4967759576193811
0,1780392042.2314444,4.866872529589051,-13.588230187880038,15.567932774432512,1.450728146823719,0.0,0.9521971681618456,0.2542191434227361,-1.007776831294596,0.2139777618822219,17.74639213306664,-10.523557124496431,-2.142964065947151,4.00502556921764,-31.038803782217254,-0.4946832438019113,-0.5928821347820623,-0.065072420113331,-0.43304078482663744,30.593601936073924,-23.11938928282914,0.4756689131379779
0,1780392042.2814443,4.9266628336645235,-13.55325007796372,15.615311449333568,1.4107333452789261,0.0,0.9453420264054433,0.25825572303695116,-0.7434628563924442,0.2214344952933766,17.793426559362487,-10.335444037453517,-2.0859395311051045,4.0018139016789425,-31.02710230597778,-0.5173141875921177,-0.6338070731954769,-0.07939539071834259,-0.43317687204688216,30.579024694537697,-23.11996483665018,0.4528607248944123
0,1780392042.3314443,4.976186100411531,-13.517104756410347,15.661934515354512,1.390912744459001,0.0,0.9824575188641869,0.261599151575598,-0.25090770207430935,0.2357712135583119,17.79493701378811,-10.243928901466717,-2.0367593930388814,3.9984867535636575,-31.014317780173727,-0.5417118873642388,-0.6605484051824125,-0.080180021640191,-0.5415042044890144,30.56463231920291,-23.11835211239327,0.4283509418163902
0,1780392042.3814442,5.007300542463881,-13.478489472003591,15.696167155758612,1.3939233410534746,0.0,1.06494811345578,0.2636997584288037,0.2521004123036675,0.25472316581381266,17.83905505963042,-10.047429209861834,-1.990188274068732,3.995147505857452,-31.000696883655355,-0.5696995338404722,-0.6618955839484253,-0.09910556151735009,-0.5414043349747072,30.550819891316674,-23.11441252719414,0.4003239987830032
0,1780392042.4314442,5.008119753834765,-13.437207448610145,15.721693018408576,1.4257942364315632,0.0,1.1905001597472675,0.2637550652543932,0.8006024583418154,0.2766944550843145,17.803262107776387,-10.026182549170818,-1.9643276407791816,3.9918939575905363,-30.986873765806642,-0.5977543393108626,-0.6378745777339186,-0.10227489732594258,-0.6499167364374934,30.53814271280433,-23.108458473298594,0.3723014332440844
0,1780392042.4814441,4.991825454613807,-13.390763629910166,15.747114751365752,1.4782558579905987,0.0,1.3509604828255872,0.26265499999999653,1.1956721699317423,0.2999323145332542,17.718468883080952,-10.104603055788624,-1.9455745931461443,3.9888507762832335,-30.973166908231747,-0.6295445327274711,-0.5908218323698288,-0.09185994755083865,-0.6536650900894151,30.526560555543774,-23.1011121767199,0.3405937802490584
0,1780392042.531444,4.991825454613807,-13.337649157698788,15.774922910053881,1.5599609686254863,0.0,1.5342939210352373,0.26265499999999653,1.769062085730709,0.3196753457256795,17.669840070903156,-10.08323986818775,-1.9177664344580165,3.986110375771845,-30.960031114223533,-0.6598321695177107,-0.5254906755163732,-0.09434171648410582,-0.5503805367417937,30.514869879836098,-23.094934793471275,0.31034584734009485
0,1780392042.581444,4.991825454613807,-13.274062634002295,15.807909889105503,1.6644336256261578,0.0,1.722287292971172,0.26265499999999653,2.0746360867917266,0.33314137777745945,17.61162360015353,-10.057664713657182,-1.8847794554063952,3.983755207787515,-30.948703041567512,-0.6885800202875085,-0.43134969569317727,-0.0880666024679792,-0.5537066287116104,30.504078662864316,-23.090643091015362,0.28159144303742023
0,1780392042.631444,4.991825454613807,-13.207461336505233,15.898215109687456,1.7640070573107214,0.0,1.8666725815711103,0.26265499999999653,2.0478359016349805,0.33810351249810416,17.55064696135925,-10.0308769860633,-1.7944742348244418,3.9818951029771243,-30.939489170280275,-0.7158924712629,-0.32561476824852076,-0.07342131785063215,-0.5216937463842498,30.49487084521003,-23.08778084202148,0.2542472402230076
0,1780392042.681444,4.991825454613807,-13.1290900701748,16.00443869382601,1.8739728420910629,0.0,2.0267466864473014,0.26265499999999653,2.2981937812275035,0.3450140117652518,17.47889435925579,-9.999355255818632,-1.6882506506858874,3.9805288002048327,-30.932870856205973,-0.7399086105195627,-0.22326152368438246,-0.06519016790242312,-0.4169870054578901,30.48796972415577,-23.086143888726102,0.23019283686583725
0,1780392042.731444,4.991825454613807,-13.041436746765205,16.10451849308533,1.9869579115847924,0.0,2.1942723544379166,0.26265499999999653,2.2747744452234575,0.3510121513054851,17.398643594758283,-9.964100186646766,-1.5881708514265682,3.9796469886088333,-30.929289588864783,-0.7588901021679888,-0.10858318545791484,-0.058608213902949145,-0.3492793062168014,30.483967738401706,-23.08564870497207,0.21117993031399607
0,1780392042.7814438,4.991825454613807,-12.942552849725994,16.233308998300668,2.1072763011803257,0.0,2.365322853039201,0.26265499999999653,2.422636046470793,0.35387846961103475,17.308110708779644,-9.92432806512879,-1.4593803462112298,3.9792254902669018,-30.92968545720717,-0.778023683566615,0.004786730224548605,-0.05571595010924738,-0.29296887957738843,30.48376096162272,-23.08665081744457,0.19202947089576083
0,1780392042.8314438,4.991825454613807,-12.83752728809861,16.374150454878933,2.2417763050109993,0.0,2.4850916128532656,0.26265499999999653,2.8351249650438306,0.3496932139599874,17.211954838305772,-9.882085702877617,-1.3185388896329648,3.9793675023495485,-30.932204840884133,-0.7845072645912845,0.10199767789684469,0.009064798707655954,0.14183575825923772,30.486021296172563,-23.08780922621884,0.1855517109765401
0,1780392042.8814437,4.991825454613807,-12.720339886401382,16.489966394713782,2.3795956226986634,0.0,2.6169886303319077,0.26265499999999653,2.6398472047896977,0.34687355713353135,17.10466422786613,-9.834951723329564,-1.2027229497981153,3.9801520883686425,-30.936567278824715,-0.7712061607329392,0.23108192689781748,0.03778897625064627,0.35279107941374505,30.490582734509147,-23.088869985278166,0.19888251106980137
0,1780392042.9314437,4.991825454613807,-12.59762276732015,16.60354044885379,2.506354378446901,0.0,2.721308330649985,0.26265499999999653,2.4834002098098495,0.34330579730448346,16.99231089954815,-9.785593634514562,-1.0891488956581092,3.9815037109285303,-30.94481049967053,-0.7530167239491456,0.35633439807605355,0.046123535567301636,0.4057511829497036,30.498870447636097,-23.09135807409734,0.21711331968773795
0,1780392042.9814436,4.991825454613807,-12.461945761901397,16.714296985112128,2.615988817443181,0.0,2.7959173569772005,0.26265499999999653,1.889075633058224,0.33520926961814407,16.868092182150434,-9.731022945976974,-0.9783923593997699,3.983384235102091,-30.956578470571092,-0.7307802076366889,0.46836757685148794,0.06529028696135047,0.5213303665301436,30.510288056717744,-23.095513915482726,0.23938679562097764
0,1780392043.0314436,4.991825454613807,-12.344374014399097,16.82106601173663,2.691197496936772,0.0,2.7937374076717783,0.26265499999999653,1.5743524051688476,0.32515179650983045,16.760449684942685,-9.683734378588817,-0.8716233327752683,3.9857463407131393,-30.970627542030154,-0.7031195498746414,0.5513889332799187,0.07678430683175053,0.6117301882687554,30.52343131550372,-23.101186839653348,0.2670599107995737
0,1780392043.0814435,5.0048451549646575,-12.220300115755927,16.92079780391428,2.758506478387302,0.0,2.7326090637744493,0.2635339896260251,1.36734398280841,0.30915325601389404,16.67809871229557,-9.56219100341724,-0.766561336721999,3.9884998138230485,-30.98610924145693,-0.6716174520774421,0.6191348129659445,0.08303794668507969,0.6791666688003369,30.5371779752913,-23.108513899206358,0.29852878813671246
0,1780392043.1314435,5.009650668325583,-12.102381163219512,17.01254832648548,2.8208029352847572,0.0,2.6093441395291905,0.26385842077867594,1.2059960264767469,0.28786713624751187,16.58121449747147,-9.489105953920747,-0.6728468660639955,3.9915823974027322,-31.002524500072305,-0.6375946150298528,0.677024327394414,0.08504903472185313,0.719465412417833,30.550995259840057,-23.117389770047694,0.33246789696791224
0,1780392043.1814435,4.984733354714394,-11.992941914552908,17.099444758051817,2.888796779514229,0.0,2.4417291262478424,0.26217619618190907,1.4097154734920725,0.2601852132085873,16.421756454116196,-9.580794495190746,-0.5961535862777119,3.9949599853327973,-31.019525124515148,-0.6023867366076225,0.7272586817779672,0.08352113260619275,0.7330078678652823,30.566244717393293,-23.125211274206414,0.3676367637659368
0,1780392043.2314434,4.937582848857519,-11.895482205499924,17.209366583715404,2.9841958158165385,0.0,2.1911501148701626,0.2589929581354602,2.0261809281860974,0.22389672353767498,16.278044560650734,-9.663209400023325,-0.4934945157358648,3.9986618944802137,-31.037094992839847,-0.5672866289985343,0.7878376969231811,0.07900594092878122,0.7238355779484745,30.58359239070944,-23.13097780998247,0.4027802850850781
0,1780392043.2814434,4.879332785021853,-11.808754414816153,17.316345461877077,3.093513091835658,0.0,1.912595726302438,0.25506036364808354,2.1992591678252356,0.18864033214383757,16.159027379829425,-9.716046269151423,-0.3898082522808437,4.002806954215612,-31.055741046047576,-0.5333660774511069,0.8789357854995482,0.07136690167329876,0.6958095520959685,30.60404715198996,-23.13411234832067,0.4368563949405919
0,1780392043.3314433,4.819870424315292,-11.735289204522749,17.407575384826064,3.1962601839586107,0.0,1.637100546594125,0.2510459242376697,2.0447787634969012,0.15456048055853006,15.968682987434603,-9.949670243102265,-0.31835316857260665,4.007511830112578,-31.0758488292873,-0.5011390428424027,0.9776791604704979,0.061883981911539085,0.6593877614752081,30.62879847561426,-23.133555737697986,0.4693969064268746
0,1780392043.3814433,4.7792003190467485,-11.67104874094426,17.491162747855483,3.284054693579777,0.0,1.3436768905208702,0.2480858266999049,1.5873508049882579,0.12147360600579597,15.843978029806056,-10.059425780126674,-0.24438104891210344,4.012795723690923,-31.097296702460497,-0.47114506929509314,1.0677348094377481,0.05071107103621144,0.6094019410925301,30.65870963510098,-23.127819640067486,0.49991648451381154
0,1780392043.4314432,4.749269584944458,-11.617921972326487,17.565704337706187,3.350618220428812,0.0,1.0373961069301474,0.24598482279794992,1.2674913611365546,0.08909801806188009,15.756884030211921,-10.11566306386534,-0.17491398028804994,4.018572297546448,-31.119664016803164,-0.44419620067876675,1.1341208267138805,0.03841471546319533,0.540431074741077,30.69420743725387,-23.11551089938791,0.527650060128761
0,1780392043.4814432,4.715631669205446,-11.573166062630019,17.630327473137037,3.4009017834029525,0.0,0.7310235646385846,0.24412628978712134,0.9130741048894547,0.05858253116599952,15.701721364706097,-10.126004692651602,-0.11030824431780317,4.024725451314484,-31.14254734099682,-0.42126349816593045,1.1838549198896333,0.025915061343416167,0.45206923994938936,30.735472606679622,-23.095609380385305,0.5516600134909706
0,1780392043.531443,4.688206809267797,-11.535582257565332,17.684779863319456,3.434857292553756,0.0,0.42451292065207324,0.24305088275218314,0.6065359928875864,0.029750210943533535,15.665891665341142,-10.113679406703824,-0.05390603070612343,4.031157065351432,-31.165694795779864,-0.4031448068505883,1.2153163521860646,0.01431407027239241,0.3499991716546504,30.782619083944148,-23.06744151468923,0.5711708838885698
0,1780392043.581443,4.630064056351439,-11.502849025167551,17.728932924622956,3.4582494724927355,0.0,0.1579719803798797,0.2400865743706506,0.4083233133344846,0.006174448174910023,15.531952938940115,-10.306534801645185,-0.02489131843501724,4.037752606328315,-31.188938491846095,-0.39037794712812435,1.2310237311945704,0.004144791409239816,0.23924116292038872,30.835474640334706,-23.030883779206214,0.585647972860289
0,1780392043.631443,4.569520594856911,-11.473872776365948,17.76366512006391,3.4740656482791477,0.0,-0.07219665716244116,0.2369998699861265,0.29458494948654346,-0.014427014828031274,15.449814177526907,-10.402054352038615,0.004440089361555266,4.044481252464279,-31.21221953504074,-0.3830242542738804,1.236662614214088,-0.003570417040627832,0.13290238220703215,30.894138494494268,-22.98558722383408,0.5950412554833084
0,1780392043.681443,4.536254631277527,-11.446253055998033,17.78943366325639,3.4847132050361034,0.0,-0.25334222887915436,0.23497011012567315,0.19745478510654707,-0.029538183223533077,15.365583119396227,-10.502797986632128,0.021908615920480656,4.051296410276451,-31.235584874705044,-0.38076368512717185,1.236604407529928,-0.0093721528506304,0.034377813982308214,30.958589077807424,-22.931549970424285,0.5996711902317475
0,1780392043.731443,4.492803188439327,-11.417809332589057,17.80636106391246,3.492102916120655,0.0,-0.37611535713815714,0.23290198260417627,0.11338321217718883,-0.03838411869050851,15.265000086392627,-10.6295496865738,0.02870362824097583,4.058134896371392,-31.259115852128282,-0.38297304794493403,1.231747829416151,-0.01305867532297874,-0.048181809377100024,31.024855950064232,-22.874740628119003,0.5999329077148223
0,1780392043.7814429,4.4493499578564375,-11.388460928201924,17.809857754486696,3.49410078174826,0.0,-0.43260031150518086,0.23128202180884572,0.019568023936573215,-0.04158257121557325,15.203257749978192,-10.681327344126782,0.02942962908156943,4.064966932232959,-31.282857398120417,-0.38867572015506635,1.22289246393053,-0.014618206588344989,-0.10860607627920563,31.086199103500924,-22.82536331563403,0.5964128050897228
0,1780392043.8314428,4.416094550414525,-11.35692097846603,17.792138181738977,3.4932206410338265,0.0,-0.42159783000503437,0.2304913424208168,-0.02831484163850616,-0.037997855820945683,15.12330559156702,-10.760798918325406,0.00511736013967834,4.071753231785336,-31.306799958227884,-0.3967067792196892,1.2096342981202894,-0.014403490489806573,-0.14503339947649688,31.142340905206083,-22.78393109693994,0.5902591267367425
0,1780392043.8814428,4.358145572593574,-11.325059652775613,17.77308326965322,3.492493519682032,0.0,-0.3550799730380778,0.22853019521748663,-0.007807258341667773,-0.03004273780250095,14.963148099252994,-10.977803110764894,-0.03244344633753116,4.078453296399622,-31.33088152948437,-0.4057680757935853,1.1943086360093917,-0.012363212464213172,-0.15420740611438621,31.193194486529407,-22.750564458508745,0.5827672532154882
0,1780392043.9314427,4.317383541787266,-11.289603173120286,17.7788123394752,3.491347332551555,0.0,-0.24017992670672422,0.22646666528715023,-0.022351988379233887,-0.017723809548215293,14.831615317079791,-11.13067270751818,-0.040666753406732425,4.08509711398086,-31.355038313198786,-0.41461013544040215,1.180375273988382,-0.009156582234364932,-0.14034144067797721,31.239026946620303,-22.724826872118356,0.575202712120845
0,1780392043.9814427,4.256747553151356,-11.255148776315414,17.82042445040115,3.4906573968377472,0.0,-0.09455812860931581,0.2248817417390511,-0.016115973461461045,-0.002109652730848302,14.690170289237017,-11.296326841259118,-0.012755218575247085,4.091694649617321,-31.37917786219348,-0.4221519981824047,1.166031538979733,-0.004959061798278667,-0.10596420991329072,31.279929552791504,-22.70647779759021,0.5686548214780935
0,1780392044.0314426,4.191785403628615,-11.222016378051977,17.872211015148416,3.4897969343263076,0.0,0.07331886398857432,0.22405764792660912,-0.005481451100013177,0.014336840910646926,14.579570447480704,-11.410972544261718,0.030945810684315234,4.098241263520222,-31.40315955410701,-0.4274793977655782,1.152209564643654,-3.567218190225069e-05,-0.0550130823347583,31.315886676161945,-22.695336061405754,0.5640432092261003
0,1780392044.0814426,4.141788040612328,-11.191416730796117,17.92851324680499,3.492648951352467,0.0,0.15058727619118162,0.22425459393404384,0.1569701261819317,0.01688223379465668,14.440719351926365,-11.570972604455974,0.07300421899675769,4.104729311831877,-31.426839305438442,-0.4299803744319348,1.1390115727328929,0.004995696171050466,0.004952941389121779,31.346881577537914,-22.691201495145556,0.5619857679862044
0,1780392044.1314425,4.094194670001433,-11.164068523973086,17.986812002415128,3.509652193111933,0.0,0.2800129942399911,0.22473390592231174,0.2739649279373712,0.035632098498169645,14.373865619718337,-11.623350102561965,0.1283680479429279,4.111160497083919,-31.450268179509514,-0.43021422180585844,1.1340601099794465,0.00639924987341259,0.038687908141537844,31.373081758137825,-22.693935101498624,0.5619303914808156
0,1780392044.1814425,4.056881862369553,-11.141581144676728,18.045024633270643,3.5150989424760377,0.0,0.5529935606402968,0.22518001410414737,0.08191585170446854,0.06603345866537347,14.281436616769138,-11.722467260597824,0.17794251905128178,4.117574301616873,-31.473460477634145,-0.42812720771372614,1.1347527877328305,0.010855905604412075,0.09473436724694437,31.395505070808856,-22.70201624412518,0.5639882901610775
0,1780392044.2314425,4.004201436696861,-11.125698013450933,18.103077802858987,3.489638591507089,0.0,0.9557605307767447,0.22502142093310898,-0.753560554509209,0.10965020368488683,14.162810050906247,-11.869462046921793,0.2238220864717384,4.123975988937928,-31.496055361216488,-0.42225645432290193,1.1252787293442394,0.019000027074074007,0.18537896062784143,31.420520073953337,-22.70503679290168,0.5700098733151804
0,1780392044.2814424,3.9496137567001033,-11.12017088877559,18.154973420735335,3.417412540455396,0.0,1.3748630953569667,0.2243066604777565,-1.8320074110712026,0.1533855936670104,14.099319744913256,-11.95208538972143,0.27127036664359494,4.130252706802222,-31.517099825105436,-0.41070445584013804,1.073132062108232,0.031021517601754867,0.31452023247508387,31.448444829484544,-22.700757935228463,0.5819608528281708
0,1780392044.3314424,3.9103739342575428,-11.127680894652384,18.198592865005047,3.2798463346902,0.0,1.7207881984887359,0.22318052606628527,-3.1196712909708513,0.1923630255831387,14.002498553379201,-12.10334227514091,0.30228664917857273,4.136159102576694,-31.535264505266245,-0.3924151270347713,0.9669094751296009,0.0436082565878494,0.4460120770360989,31.47726167117284,-22.68982135508661,0.6008526796419638
0,1780392044.3814423,3.856678895959455,-11.147698855097007,18.25414496921012,3.0749175889835447,0.0,1.9590638556468398,0.22190177625551816,-4.654154735139708,0.2228948536142454,13.971382899277067,-12.181391353936206,0.3553311172754867,4.141366767287125,-31.549308839249218,-0.3682682618225219,0.7979591796373011,0.05411110640165561,0.5347998350653514,31.504159012229586,-22.674251440518677,0.6257134016740782
0,1780392044.4314423,3.79831433471638,-11.180785470066567,18.32149822993129,2.7957200613740976,0.0,1.987718783049807,0.2206671072036975,-5.939314544770197,0.23391994773560956,13.831918375713435,-12.429138769509013,0.4026212906511297,4.145456186187898,-31.55835210081747,-0.34167368484964555,0.5572215979251471,0.056988171616293444,0.5169570866462312,31.52567461782674,-22.657748720658535,0.6529885233845762
0,1780392044.4814422,3.751151625469348,-11.223968360698773,18.39107869275468,2.4950932902632714,0.0,1.8125512590693895,0.21966940695088807,-6.087229959027134,0.22423536356744925,13.717315740416154,-12.651480078548055,0.4544161191986227,4.147985061967514,-31.562477929108795,-0.31976650745224333,0.26112691039934555,0.04029404804224764,0.3244624268588816,31.53865319039607,-22.645336862062507,0.6753693623986363
0,1780392044.5314422,3.726186537361283,-11.274149551761349,18.453084885383998,2.2309390691776976,0.0,1.4342187973329654,0.21914128473071695,-5.085486292762898,0.20023188815176884,13.741664610821747,-12.702027477672534,0.5164097225369524,4.14871083319088,-31.562573368327005,-0.30731363747924156,-0.04068107100612667,0.02561803426431567,0.21418025872540064,31.541591843549618,-22.640983400656076,0.6879656244918055
0,1780392044.581442,3.7307942982298137,-11.32663072790299,18.522533228085805,2.022230552721695,0.0,1.169677070137656,0.21923875928756098,-3.9322577406910906,0.17923957201009255,13.785336193162216,-12.731342741747495,0.5857609157000638,4.14775175649506,-31.55915211599602,-0.3002762733192563,-0.28960230370231055,0.009625796583931472,0.09625499820108985,31.53495655248291,-22.64492357431169,0.694814208011513
0,1780392044.631442,3.743994403665762,-11.38091809085825,18.61039120654015,1.882214334976838,0.0,0.9400617946800709,0.21951799999999708,-2.4614732868699183,0.15432682173321793,13.833878741320841,-12.75731375232112,0.6732618527767933,4.145439561536079,-31.5532825344483,-0.2987180019228872,-0.47907927516331383,-0.006364758861801205,-0.01718772189675198,31.521363118881652,-22.655079689408495,0.6959412260368207
0,1780392044.681442,3.7635168022754506,-11.435316345646843,18.690813721699985,1.8051626310841347,0.0,0.7536966568778972,0.21998891032333745,-1.2007963669152613,0.12594170448836034,13.907408947244585,-12.75106572881376,0.7563433386906802,4.142182543407326,-31.54595399175528,-0.30254113529146087,-0.5937714633176088,-0.024691785590576776,-0.12772234006857167,31.50398217679625,-22.668371013212806,0.6915678590667644
0,1780392044.731442,3.7548944002224274,-11.491162832490737,18.759650817434668,1.7812517650681379,0.0,0.5674564949880634,0.2197809247053845,-0.25392534196325633,0.09339554415938946,13.934387980850314,-12.80754652259547,0.8234665255154354,4.138402011743867,-31.538159343486036,-0.3117200564508633,-0.6447355898238354,-0.04635980780106938,-0.23617150082671035,31.48584277541995,-22.681952308630215,0.6818342205684629
0,1780392044.781442,3.720141261401971,-11.549200660310609,18.816236373239736,1.7834669038125388,0.0,0.3996102580831743,0.2189426254694027,0.19960758955752236,0.06061844957598102,13.955725901090048,-12.87484292708045,0.8795779924873948,4.13445211556584,-31.529702592428833,-0.32266523159809335,-0.6508654162418596,-0.03340970313686086,-0.23620608795965373,31.4682824759656,-22.693411773109766,0.6704058298801532
0,1780392044.8314419,3.667318959078552,-11.608571925511983,18.85887691282514,1.7803646055967337,0.0,0.22539980282359026,0.2176684701791629,-0.14555617728977724,0.027534622870725133,13.933990371747335,-12.999666562211857,0.9171154494938669,4.1305481308574405,-31.520618719276765,-0.3318026931145823,-0.6345491986411596,-0.024319935384403052,-0.1274402088095861,31.45198226565077,-22.701775996610223,0.6608875206034912
0,1780392044.8814418,3.6070107751655285,-11.669320891205704,18.885832109060726,1.7703655189329468,0.0,0.05201582716428603,0.21621374389504439,-0.19999413727355483,-0.0030020734856495562,13.904030474419587,-13.136093968783282,0.9384441658510632,4.1266999573029235,-31.510948810556823,-0.3355261886497596,-0.6351523567910246,-0.01682549518275649,-0.05498936713503054,31.436936177137376,-22.707136813654184,0.6568827525949721
0,1780392044.9314418,3.5487243698115365,-11.730772086326718,18.8862396624691,1.7604025891641395,0.0,-0.1016956535360124,0.21480778602376238,-0.19537208597276143,-0.03327816058422266,13.8351081694726,-13.320928685320462,0.9278143509877594,4.122837933973986,-31.500782831004962,-0.33562989344692173,-0.6382514265849882,-0.007013043470767224,0.017441073843438043,31.423068467671904,-22.709780305929712,0.6565907194350409
0,1780392044.9814417,3.5016243306231156,-11.792389463098027,18.862725705200575,1.7523856619017115,0.0,-0.25541150446317873,0.21367166053390807,-0.13784208320948155,-0.06099437598339589,13.765143192690537,-13.503715485850542,0.892508996416165,4.118956788719253,-31.490105364735385,-0.3321161517963054,-0.6408157795512597,0.005085283114182573,0.08978302097988562,31.41037995604976,-22.70968071138136,0.6600100243767093
0,1780392045.0314417,3.476651730419647,-11.852766340377624,18.844366214288634,1.7474092547983755,0.0,-0.38822885303953963,0.21306928295359223,-0.08302491152905966,-0.08376614433036131,13.789280455207498,-13.569206450781211,0.8732987160434682,4.115071320277037,-31.478948321853927,-0.32499556867056034,-0.6401477673241728,0.019418528679065027,0.1619038986757465,31.39892588889827,-22.706814004185837,0.6671312819625692
0,1780392045.0814416,3.4813566529644837,-11.912815433442068,18.82655354740967,1.7446863798516092,0.0,-0.5041239723737014,0.21318277293201018,-0.041118640409061526,-0.10343666820991043,13.83768161769072,-13.604911815092535,0.8553773477198021,4.111194801865558,-31.46759879815557,-0.3160666248468713,-0.6372740669674886,0.024585974618744594,0.16234453074926855,31.387614112157912,-22.703377708150377,0.6760782432245103
0,1780392045.1314416,3.4943834773324007,-11.970459150251559,18.794259601221693,1.743524877247508,0.0,-0.600593679399421,0.21349699999999713,0.00024770631289323247,-0.11863215798126055,13.892870843102983,-13.628662812663372,0.8234112321629006,4.107330653227722,-31.456579838478955,-0.3053154007341141,-0.6317535436059317,0.03608220814585999,0.19872527125648703,31.374981468879245,-22.702567492627683,0.6867542482589948
0,1780392045.1814415,3.4943834773324007,-12.030335362817572,18.761837165690718,1.7462819901087316,0.0,-0.6732854586252838,0.21349699999999713,0.08777008696487873,-0.12966611119025692,13.938970422390554,-13.666872623193644,0.7909887966319253,4.103517920925314,-31.445432334931873,-0.2927443038105868,-0.6245793372446433,0.04342480619284692,0.1992081500672663,31.36070416498768,-22.704037730163957,0.6991591190586735
0,1780392045.2314415,3.4943834773324007,-12.08013856082717,18.754430448584923,1.7509919951408548,0.0,-0.7125500017204084,0.21349699999999713,0.11103826727753986,-0.13450455113572407,13.977314639184272,-13.698654372208754,0.7835820795261306,4.099748398521862,-31.43468427993834,-0.27836394007853116,-0.6129969488970924,0.04148936287110279,0.27150586858704234,31.34527224216102,-22.708000570721616,0.713285295545679
0,1780392045.2814415,3.4943834773324007,-12.131034147352635,18.74537697464651,1.7542976511425565,0.0,-0.7267485453889891,0.21349699999999713,0.056267384707757426,-0.13496802284883402,14.016499902010164,-13.731133225406442,0.7745286055877187,4.096039236579185,-31.42436797354331,-0.2621947047211153,-0.6002808265603797,0.05072392669290443,0.2712815349155345,31.328804622799428,-22.714328877744624,0.7291172137103379
0,1780392045.3314414,3.5142177468546394,-12.18015170947291,18.73967627936952,1.7542773441627533,0.0,-0.7121975418109925,0.21321588688648832,-0.004759746941993333,-0.13112661789293448,14.08632329541236,-13.72376943342605,0.7713231597724999,4.092373035839804,-31.41470401334109,-0.24604525268579325,-0.5904078460253547,0.049510300277042806,0.3430472961414713,31.311510091289417,-22.72310120821055,0.7448482542607602
0,1780392045.3814414,3.500581434384819,-12.226892949025645,18.75053620835609,1.7534309759151276,0.0,-0.6733584070700546,0.2134091557261031,-0.00650617891748095,-0.1227229170111644,14.098320125726826,-13.782627733522638,0.7802087259160047,4.088727929412803,-31.40564778813089,-0.22990510164301536,-0.5850803166471292,0.04826057780263113,0.271143567251682,31.293332510081296,-22.734315525516408,0.7604886209735593
0,1780392045.4314413,3.460742994720712,-12.270286175612695,18.767958295446324,1.7531782260571889,0.0,-0.6161809051727942,0.2139737899718339,0.0005495975430604271,-0.11129476188391982,14.096890694667634,-13.85233630303783,0.7964275005299513,4.0850979849790034,-31.397167693294133,-0.21734498557913584,-0.5799814846383256,0.04482384810224788,0.1999862527991958,31.2742469265969,-22.747944780945158,0.772468011268233
0,1780392045.4814413,3.4060178552235043,-12.312374512275285,18.779018356699343,1.7527126831713908,0.0,-0.544461420204827,0.21474941492409216,-0.015453355086369698,-0.09761943083360247,13.993521690650544,-14.040795468801141,0.7947918360594954,4.081494791757622,-31.389272896810542,-0.20476995115225893,-0.5733229311732652,0.04124553570319029,0.27194590149618475,31.254320680120802,-22.763894702394953,0.7843846635888063
0,1780392045.5314412,3.345260952195209,-12.353044786109281,18.762883093274972,1.751099953235098,0.0,-0.4633352776967649,0.21561052867261143,-0.028446933694173268,-0.0826804214802107,13.832836337144805,-14.28793208698897,0.7599087110739475,4.077921249453249,-31.381961444717795,-0.19220800942175265,-0.5685906789967112,0.037633219184329395,0.19965076348089922,31.23359207862637,-22.782094392757294,0.7962130106767038
0,1780392045.5814412,3.2881896283704095,-12.39307466858679,18.718752779451005,1.7503784321428486,0.0,-0.37669751736343426,0.21641940633329212,0.011983686810611571,-0.06647403060134419,13.743655374984531,-14.447765555386988,0.7059554396881786,4.074371848700011,-31.375218911739747,-0.18325009628254652,-0.5645345199811881,0.031914666821836433,0.12791998768990215,31.212053505994668,-22.802519385180965,0.804362797560009
0,1780392045.631441,3.245224484307892,-12.432552614662942,18.67760871358991,1.7514619933644386,0.0,-0.2893246976440046,0.21702835567756854,0.02624734454918576,-0.04925271781688647,13.71762390024476,-14.535363611355299,0.6616332614846065,4.07085412064659,-31.36905529952944,-0.17430231232020654,-0.5576543005275724,0.02612665866597132,0.19945864891411447,31.18977455814868,-22.825071865140906,0.8124315038046639
0,1780392045.681441,3.224718828320671,-12.474601726107725,18.648126332689635,1.7540378326528574,0.0,-0.1934366913469549,0.21731898441953681,0.011111384797566699,-0.03047655547403923,13.717434057009566,-14.598053168594848,0.6300639371372831,4.067380465931531,-31.363227971486406,-0.16720257248998038,-0.5509717282695301,0.014063051178920325,0.09102299384213897,31.166651767464973,-22.84945770250071,0.8185868223607109
0,1780392045.731441,3.238203890465306,-12.510292776776282,18.610856278466738,1.766667966174478,0.0,-0.1094362849111402,0.21712785926612055,0.3530243468554121,-0.01473018932319014,13.764811301609893,-14.599032590301146,0.5942097357325267,4.063934070156396,-31.358242906620696,-0.16191550999142512,-0.5444199949539585,0.016518072294659156,0.09048081337331015,31.143053869334707,-22.876025577567447,0.8228618887394257
0,1780392045.781441,3.244755686249361,-12.548808671109446,18.58798474893566,1.7679848515358483,0.0,-0.021578270001427407,0.2170349999999971,-0.2472728853151691,0.0018407648056697045,13.803011968372406,-14.614264628211483,0.5719658937496916,4.060573061381104,-31.35365393956118,-0.15847394414333227,-0.5211382588387128,0.007619503279169991,0.01797127046422793,31.118994965956464,-22.903936955476368,0.8252445935612296
0,1780392045.831441,3.244755686249361,-12.586272910000153,18.59775100326089,1.7224495493041467,0.0,0.04766113527228231,0.2170349999999971,-0.9875298011890709,0.015114102170874135,13.830747262569002,-14.639450391084345,0.58173214807492,4.057257288221628,-31.349406614308652,-0.15686545775982896,-0.5278079634511711,0.00802702922322486,0.017583467245096414,31.094255611427023,-22.933414403247387,0.8257388629187341
0,1780392045.8814409,3.244755686249361,-12.622793501248825,18.625543577484954,1.683633501716261,0.0,0.1037082755534869,0.2170349999999971,-0.707821457217636,0.023899663228662108,13.857783961365165,-14.66400177604239,0.6095247222989855,4.053777373564182,-31.345239321319024,-0.15703675965815744,-0.5710834347991739,-0.002804792604691367,-0.05465039701914635,31.067204831196364,-22.966415813343506,0.8243238344896704
0,1780392045.9314408,3.2609077232689048,-12.658683565017785,18.652072509263817,1.6519400169486351,0.0,0.13286652546712893,0.21829142253799264,-0.6237886342019127,0.028102390422866025,13.906932013588339,-14.663230617817868,0.6374328809528613,4.050062862318727,-31.3410654878014,-0.15896077799171104,-0.6000966413412103,-0.004376092809720467,-0.05457575982993307,31.037649450093895,-23.00304507994263,0.821022598561076
0,1780392045.9814408,3.2602626798138727,-12.694931987689811,18.671109489587153,1.627478182818843,0.0,0.13831091864827633,0.21824124638164108,-0.424654258280318,0.027237862821372222,13.932937538679145,-14.6885152448998,0.6564193687931734,4.0461976724561115,-31.336703022604205,-0.16084800123046916,-0.6245749567101618,-0.006021658757643567,-0.05468348093535749,31.008283915091216,-23.038938734007573,0.8177854608585724
0,1780392046.0314407,3.2295863976960653,-12.731238635651534,18.68780184976964,1.6198729369931477,0.0,0.11707295414582677,0.21585502276241048,-0.04504302875061121,0.021341817359762177,13.914899239500304,-14.762380344201322,0.6702697598519265,4.042208527858609,-31.33220971793928,-0.16271371376388988,-0.6388823063999615,-0.007697992668202866,-0.05478627743697631,30.979742556156012,-23.073265614911687,0.814629581823219
0,1780392046.0814407,3.1804131443521673,-12.768680229069497,18.713758747869473,1.6334144986101382,0.0,0.07504716630697231,0.21202997062235648,0.4256460101316548,0.01215266044894573,13.861309966344159,-14.876319214653975,0.6906545994308395,4.038159301113264,-31.32719247572835,-0.16457689153214972,-0.6342539035460291,-0.009492541411037354,-0.054693468880962895,30.952230433327497,-23.105033729865127,0.8115638502889184
0,1780392046.1314406,3.119950675501783,-12.80889118512165,18.71947093987613,1.6717648116565755,0.0,0.020122291298972847,0.20732676145594878,0.9042727287416632,0.0006248017491212528,13.794503080243565,-15.007535121712124,0.6900186335185481,4.034150535231267,-31.322336605269236,-0.16645120285109494,-0.6063817401795835,-0.011162568843296215,-0.05426916496136039,30.926918456182783,-23.133755247400718,0.8086052359092721
0,1780392046.1814406,3.060391052737635,-12.850565052111126,18.69019809327537,1.718405945057937,0.0,-0.03936183672485488,0.20269378220355835,0.7418650873131365,-0.01148387566469502,13.729786326734517,-15.137372187836759,0.6545572426296786,4.030327959623098,-31.317577338684202,-0.16656442384950187,-0.5551734175941242,-0.0013846002583271354,0.018056932495741473,30.9043819540537,-23.158490414816548,0.807556523736221
0,1780392046.2314405,3.009901716507215,-12.89429018296225,18.669358302850345,1.7281121121516578,0.0,-0.10678036405158398,0.19876635559528738,0.027218772670115507,-0.024695835026577455,13.673951278585843,-15.259614970100753,0.6277675925032398,4.026749326226826,-31.312973576681863,-0.16493445888408376,-0.5126661402219503,-0.0009236976703796771,0.01812542131452905,30.88467698483364,-23.17928641319377,0.8083978013684328
0,1780392046.2814405,2.97972295257398,-12.936740803305838,18.65067755442164,1.7422848674004523,0.0,-0.17343395603691325,0.19641883254734713,0.5164520439634708,-0.03703183652352947,13.660428039202554,-15.335073706029728,0.6064808243675053,4.023275945382153,-31.308588860112597,-0.16332554993268955,-0.5062372832676388,-0.00042257687745489707,0.018626166915422543,30.867027304799468,-23.19741618721352,0.8093217715189316
0,1780392046.3314404,2.9786790534754886,-12.979754512852017,18.623999308235053,1.7710856277707294,0.0,-0.23782963104139893,0.19633763050743405,0.3789796802801873,-0.04814492655095644,13.690121693269706,-15.366252298801353,0.5797359338163481,4.0199012477747145,-31.304118294447058,-0.1599270861791533,-0.47520641013662407,0.011171872912678299,0.0908271997741175,30.851036009227816,-23.21293322112911,0.8121307550297177
0,1780392046.3814404,2.995126086842563,-13.02218405249794,18.588930700391234,1.7599269194522853,0.0,-0.2917182703971046,0.19761699999999732,-0.44715751887294686,-0.05842710042700574,13.743219273743435,-15.372205415176747,0.5458999858471607,4.016711284378037,-31.299881560068368,-0.1565650902440412,-0.4516810994431934,0.01243596302673584,0.09136479794599542,30.837119868376206,-23.225804256888882,0.8150044030146697
0,1780392046.4314404,2.995126086842563,-13.062284654258825,18.577881709842448,1.7204151418724227,0.0,-0.3289131150105814,0.19761699999999732,-0.6872473203207088,-0.06621166430192842,13.772167374531975,-15.399955473236535,0.534850995298374,4.013564927360241,-31.295430936436862,-0.15137439693036425,-0.4694073082058678,0.014432164918800238,0.09146973811590124,30.824322559435075,-23.23664398812795,0.8197789821587711
0,1780392046.4814403,2.997446525457509,-13.10377833874708,18.59040819954181,1.693078435156492,0.0,-0.35424053786480375,0.1976032142108106,-0.35624215734598524,-0.07035406365435518,13.80558824282694,-15.425052014851463,0.5475827934292212,4.0102494783068074,-31.29107637590774,-0.1443354265033996,-0.4988941600248094,0.017556688055094756,0.09123273737927842,30.812355286534377,-23.24642894584992,0.8264499234050597
0,1780392046.5314403,3.014954822803818,-13.137228559932797,18.62040100237845,1.6853369904891742,0.0,-0.3581266138717751,0.19749919693809315,-0.051877375549875315,-0.06998530985863846,13.858182271178041,-15.418460291739027,0.5793749947456988,4.006787102550455,-31.28658448303086,-0.13727381039421793,-0.5116028595090978,0.020769303464091858,0.0912336995590622,30.80126471588042,-23.25468085079113,0.8332043669402638
0,1780392046.5814402,3.001341217719326,-13.172559918014231,18.642049687328786,1.6701342244041317,0.0,-0.339626193444457,0.19758007573771214,-0.16842881632803497,-0.06505275777967331,13.86124354574179,-15.466382861950814,0.5995863288030421,4.003286475524898,-31.2820759023736,-0.1302045658234876,-0.5090277335428751,0.023941180034390948,0.09123730213624658,30.791494012380035,-23.260969546943933,0.8400431939321669
0,1780392046.6314402,2.9616309787051085,-13.206383224741142,18.656559617877704,1.6649402009370118,0.0,-0.3023893126211324,0.19781599535225344,0.043341479691364454,-0.05677322317918804,13.833781970773613,-15.543813084887617,0.6114302409088843,3.999775912147666,-31.27784013526131,-0.12493432192766107,-0.512311466159147,0.02621647924647291,0.09175190979508188,30.783361266378698,-23.26534636379641,0.8451632970886784
0,1780392046.68144,2.909729806894104,-13.23828907021895,18.682736070398057,1.6763019749369596,0.0,-0.2596614031939326,0.1981243416314967,0.368218645847486,-0.04753862563447902,13.750527367474483,-15.675553259202502,0.6299963174538838,3.9962814545187997,-31.27363871904914,-0.11964840426043732,-0.505013751546454,0.028407775637260248,0.09197059042889827,30.776700913639118,-23.26763355311928,0.8503802504082327
0,1780392046.73144,2.847098018436145,-13.27316962119131,18.710334375382875,1.7041337459076844,0.0,-0.21129820384251438,0.19849643879731194,0.6022890475282793,-0.036926971461339844,13.561664595476019,-15.914672835820557,0.6394828402497019,3.992886096852376,-31.270058779257507,-0.1143776160632064,-0.48213848805674436,0.01006065926210245,0.09189762009433596,30.772003582720032,-23.26815522988366,0.8556609481361712
0,1780392046.78144,2.7891482435456574,-13.307768613468962,18.68341575110871,1.7165790128822538,0.0,-0.16181773129076737,0.1988407199926486,0.07761200817168942,-0.0275690581737264,13.497378552466401,-16.02624450418042,0.6075916336954705,3.989689906754538,-31.26691246902446,-0.11096414074603489,-0.44738943410376564,0.011328208947187985,0.09204568588462873,30.7689695672948,-23.267016806054947,0.8591518338572337
0,1780392046.83144,2.744851337806431,-13.343409489767561,18.646168973535456,1.7123122827854789,0.0,-0.1134234343075905,0.1991038891194733,-0.02270395201140807,-0.01892068962511723,13.455793385600801,-16.116478883335073,0.5667096892103451,3.986645923137061,-31.263904094848293,-0.10758342573994906,-0.4390783339774437,0.012428280109968081,0.09179879715712265,30.76579723362824,-23.26632448602894,0.8625908341465651
0,1780392046.88144,2.725381328042391,-13.377140326979193,18.62850073269716,1.7393292537696174,0.0,-0.0757462546636955,0.19921956097924237,0.7634942255009299,-0.011929400470859162,13.42602051678478,-16.19213759509466,0.5449616544262348,3.983639934378551,-31.261200729583233,-0.1060111300194917,-0.4360669296697516,0.0024830319307198017,0.01998907537106026,30.761795956540304,-23.2673819539388,0.8641590473199994
0,1780392046.9314399,2.7407637355067234,-13.4140183021204,18.60923200952889,1.7606892138164487,0.0,-0.04035760422922785,0.19912817367637564,0.311884193115456,-0.005255503964909397,13.49539418199609,-16.176427907274068,0.5290852429948565,3.980787473735474,-31.258886531591656,-0.10624596889306881,-0.39376746296088005,0.0021817717012484147,0.020817152979423742,30.75720545284728,-23.269987864245778,0.8638636939148814
0,1780392046.9814398,2.7455059585095327,-13.446806730237029,18.58826333738755,1.746032816858703,0.0,-0.0123022491300808,0.19909999999999733,-0.6893579242550167,-0.00011329941063647434,13.529231074025002,-16.189293483970776,0.5089058064841865,3.978145888660388,-31.256746666905848,-0.10648891136657568,-0.3743572540477547,0.001868606413170432,0.0214081876510847,30.752087735801528,-23.27367089534853,0.8635155197957864
0,1780392047.0314398,2.7455059585095327,-13.481039789713947,18.56605533739753,1.7026680739628093,0.0,0.006903345712131774,0.19909999999999733,-1.0660113613307935,0.002744738357047534,13.55306678828744,-16.21386503432377,0.48669780649416694,3.9754649445675088,-31.25459001208337,-0.10669936465755692,-0.40495358290423905,0.0014995335830337638,0.021745461846522665,30.746051207408986,-23.27866338350352,0.8631499013045243
0,1780392047.0814397,2.7455059585095327,-13.513562480524321,18.548017112059735,1.6301905358738145,0.0,0.011045866501177884,0.19909999999999733,-1.672086240388553,0.001757692158031214,13.575711611071227,-16.23720892899964,0.4686595811563734,3.9725094860002264,-31.252237308155042,-0.10683970463525894,-0.45398643294333063,0.001089716997157314,0.021932602346174515,30.738418233831716,-23.285634871987277,0.8627820450952228
0,1780392047.1314397,2.752016409879247,-13.544519605850805,18.55765835369552,1.5202601878686055,0.0,0.0021331445916506417,0.19873056168251924,-2.518154159193211,-0.0007623142200988645,13.610552937923403,-16.246528810652485,0.47918740120125847,3.969113696237323,-31.249563836952376,-0.10688071550032552,-0.5326876782234019,0.0006294895537691041,0.02209753344214486,30.728378201386064,-23.29554267330018,0.8624065160370762
0,1780392047.1814396,2.7656571124245324,-13.572685594479564,18.556470205465523,1.3948331096796858,0.0,-0.01610902015795589,0.19795651424534877,-2.5573620713405365,-0.009296433502693463,13.651091366505206,-16.246384519281776,0.47914360097203,3.9650263778717685,-31.246386444192897,-0.1067734416158892,-0.6527149239294395,9.10490444829315e-05,0.022295306702744728,30.714488708588043,-23.310155565618437,0.8620074740701318
0,1780392047.2314396,2.7432372271315746,-13.599837219920285,18.556832319860547,1.2839754372918057,0.0,-0.06112425812673081,0.199228740121916,-1.8836278953562975,-0.024443474453261314,13.6306148894686,-16.30414589145206,0.47711229585059556,3.9600951518629737,-31.24234315626337,-0.10468231236195047,-0.7735176537034624,0.0008601799550201303,0.02231331860179271,30.694879800984037,-23.331535262688174,0.86333699706329
0,1780392047.2814395,2.702257347534951,-13.623186685493629,18.61999013109225,1.2473794505482847,0.0,-0.13686549367888018,0.20155416072778368,-0.33787163976340584,-0.045493752796068126,13.50603786204498,-16.45592968608348,0.5289572241701102,3.954482655288602,-31.237547343274223,-0.10064445852006942,-0.8592987831630158,0.013508481842941691,0.09449211957313397,30.668826484059018,-23.360895543687292,0.866307421183647
0,1780392047.3314395,2.6451642066244174,-13.648471521086199,18.673070219934523,1.278766530077903,0.0,-0.26202642709409024,0.204793935164261,0.9115533105997271,-0.07383073806452908,13.338427807185933,-16.646967019254678,0.567678081176691,3.9486049917123154,-31.23256304104212,-0.09292231845524723,-0.8673987028381299,0.01920315085909739,0.09459909347191868,30.637475100746837,-23.397511046611687,0.8726827484697566
0,1780392047.3814394,2.5861748753069214,-13.674027078491834,18.694007357267413,1.3589426728703022,0.0,-0.41189804613384207,0.2081413097276398,1.6904777869808365,-0.10279051210696939,13.236707276948415,-16.774650952819314,0.5811317120835504,3.942967438067615,-31.22747666844763,-0.08341679342358743,-0.8122511213571603,0.03647365191520282,0.16705519069147676,30.603192109063748,-23.43805788155396,0.8806763914690405
0,1780392047.4314394,2.5295501827746367,-13.70256844713329,18.70035852777694,1.4576397093197562,0.0,-0.5658013692040833,0.21135450186269783,1.8336982466324756,-0.13111757121731943,13.017066563600329,-17.008263088665743,0.5682870949473582,3.937897884534446,-31.222738501339613,-0.07039701027268963,-0.7187797150637895,0.04050208606384859,0.27546278754736864,30.568896501522975,-23.479091378122472,0.8921525881065717
0,1780392047.4814394,2.4897226295589467,-13.730378271707972,18.69382109473339,1.522286222272488,0.0,-0.6779167895850491,0.21361453322054227,0.9332438653604995,-0.1505246796379912,12.877422637275494,-17.1653282078727,0.5494658311412302,3.9335254156341586,-31.218372825071626,-0.05389009623318186,-0.6193267888565238,0.05080757675757461,0.27546206659913186,30.536538153858107,-23.51785780343489,0.9071881913716586
0,1780392047.5314393,2.4760512376178947,-13.756963809943265,18.675179925331783,1.5302640590492036,0.0,-0.7274622331747806,0.2143903221404598,-0.23270597025351336,-0.1580375521090614,12.838221040230007,-17.233397573991834,0.5264413223455939,3.9296843294660766,-31.21450633176378,-0.035698786739003285,-0.5654557266018644,0.05065834321264057,0.3470681092693029,30.50612682177554,-23.55458579709998,0.9239800336896771
0,1780392047.5814393,2.495899924598093,-13.78076653722446,18.644642788664928,1.4679320200645036,0.0,-0.7023361108734235,0.21326399999999715,-1.7429537207436525,-0.15410884418576998,12.934952981862414,-17.182487402655077,0.5022111085830794,3.9260011670413513,-31.211231877283414,-0.017553906214282655,-0.5701375264877853,0.06043386474879366,0.3466935474756778,30.47577940807458,-23.592136551692718,0.9406996519576936
0,1780392047.6314392,2.495899924598093,-13.800297344439576,18.571858487211788,1.3527744587575798,0.0,-0.6174462338215831,0.21326399999999715,-2.5525816507017085,-0.14322384168712457,12.947641174930896,-17.19733537177988,0.4294268071299392,3.9220123099876067,-31.20846900560769,0.0006576632364265755,-0.6514805607163613,0.050535715313707444,0.3474231870179914,30.44485126116971,-23.63128011014625,0.9574430209228932
0,1780392047.6814392,2.495899924598093,-13.81608285452988,18.520814656868716,1.2271369083378494,0.0,-0.5102034177134109,0.21326399999999715,-2.3213019527083905,-0.1282636003567765,12.957896234924277,-17.209336041483823,0.3783829767868667,3.917362405269897,-31.206258500468607,0.019032644900683682,-0.7706277537874953,0.06289820699109554,0.3476647460482386,30.412530736823644,-23.673223150168674,0.9742717204519442
0,1780392047.731439,2.495899924598093,-13.828916987913484,18.51624049127891,1.1380504099392934,0.0,-0.4136722194588792,0.21326399999999715,-1.5456243897985575,-0.11222600244475114,12.966233932411342,-17.21909297646989,0.3738088111970619,3.911970823673052,-31.20445737738507,0.03937110387542919,-0.8767365301670317,0.06318437269097579,0.45569285166974943,30.37962035992805,-23.716564363533983,0.9930399693024201
0,1780392047.781439,2.495899924598093,-13.840026653096759,18.50977685081526,1.0903401632756202,0.0,-0.3388457696281519,0.21326399999999715,-0.6136052362685139,-0.09568272208184023,12.97345132876465,-17.227538913384393,0.36734517073341166,3.9060067879919558,-31.20339487382503,0.059827214459238665,-0.9447921042729812,0.06508495009717156,0.3481224289580717,30.34893853126571,-23.757902569480386,1.0120377545996684
0,1780392047.831439,2.495899924598093,-13.849835069988659,18.50470830625993,1.071478469732639,0.0,-0.27866166537107123,0.21326399999999715,-0.3107466361702625,-0.08096237721326063,12.979823368888228,-17.234995598075916,0.36227662617807965,3.8997559383835223,-31.203811158649927,0.07857351449590633,-0.9657601578356152,0.05079054247026715,0.3484178475526171,30.32365762104402,-23.7940919979013,1.029569691841247
0,1780392047.881439,2.495899924598093,-13.858943981439214,18.512070988958786,1.0595484873295178,0.0,-0.2306948412367975,0.21326399999999715,-0.24360801343924765,-0.06742364377951485,12.985740975152801,-17.241920495469493,0.36963930887693763,3.8934260235404983,-31.205630405284325,0.09554431254148499,-0.971493208313191,0.050445818182914604,0.24039301471323854,30.30509620678375,-23.8232075258539,1.0456383516297993
0,1780392047.931439,2.495899924598093,-13.867374677773878,18.537689597440064,1.0506151987701742,0.0,-0.18588149860514788,0.21326399999999715,-0.07668022658696277,-0.05324824507566889,12.991217978822837,-17.248329791178517,0.39525791735821514,3.887079365409811,-31.208563588942024,0.1089222270530037,-0.9735076092027912,0.04150035488073708,0.24050145327236735,30.293373933201206,-23.844633993083093,1.0584426800378948
0,1780392047.9814389,2.508915401192471,-13.875261424726999,18.546187520663633,1.040542425739857,0.0,-0.13947041416962652,0.21287529044058684,-0.16521045395776182,-0.03750480052118553,13.04771124053213,-17.210252522431848,0.4076958874315437,3.880756242907776,-31.212323315100914,0.12049373926441254,-0.967195814326471,0.04104134372261904,0.1683646610532055,30.288353443374437,-23.85810346600234,1.0697722523386304
0,1780392048.0314388,2.513739581511968,-13.882542833214293,18.54203805636384,1.0260672509413973,0.0,-0.07533085556533109,0.212731215423978,-0.19349372257328556,-0.017480288508685778,13.071460468158849,-17.19938152873734,0.40500613540041996,3.874461588481707,-31.216896497849834,0.130244371415833,-0.9655040297141846,0.023333184300686833,0.1320372589353213,30.289966053416297,-23.863705889485765,1.0796087083169237
0,1780392048.0814388,2.488806213703073,-13.889576510176406,18.52576310938816,1.0161770421622802,0.0,0.00018058777611675708,0.21347585495717775,-0.017394167041197617,0.00519936296523931,12.976864304906767,-17.2897445830306,0.3811194570268164,3.868188073209428,-31.222553583261316,0.136371277977827,-0.9650391901775365,0.017599317922087993,0.05964992747307611,30.29836126191723,-23.86169608638245,1.0861454346946875
0,1780392048.1314387,2.4416974892177095,-13.897038327407861,18.50975189807759,1.0245341360434994,0.0,0.08150735666826518,0.2148827655229418,0.2901006580993343,0.030551913899132553,12.776706233206125,-17.467048280416936,0.3492600463389479,3.861976833039518,-31.228754826199072,0.13886835815953802,-0.9556161132140543,0.0083277914228204,-0.012806098033620664,30.311822322822238,-23.853530576458432,1.0893048881865761
0,1780392048.1814387,2.383490692024859,-13.90530385653912,18.521872146399417,1.0425253535811625,0.0,0.16325920807775868,0.21662112203470327,0.4023957957158833,0.05549645648967965,12.619046459233632,-17.606033948925155,0.3504596372133264,3.8559232027378987,-31.23541451271699,0.13771532598813074,-0.9306739339732718,-0.004388543721540392,-0.08536406677714495,30.319534960171417,-23.85419070673461,1.08847202295234
0,1780392048.2314386,2.3231490321701935,-13.91492554110188,18.53288269104424,1.0680185422734925,0.0,0.23571438612025175,0.21842323660546914,0.507872114032047,0.07726756312343586,12.439504486949797,-17.76123927932438,0.34876097830084163,3.850100704569627,-31.242457446018015,0.13289570573817144,-0.8999798536453945,-0.0203124916383149,-0.1579235718573514,30.319528101123574,-23.866320251632086,1.0835226843045085
0,1780392048.2814386,2.270216563383816,-13.925949873595108,18.53701752790358,1.0932347957619384,0.0,0.294466929442856,0.22000407434669625,0.475011462106786,0.09434441892283127,12.226541967177486,-17.9394789322771,0.33676394280189825,3.8445416553706164,-31.249847246966336,0.12440702698195194,-0.863841440211645,-0.039118932243709485,-0.230293670410748,30.31278392046761,-23.88846943869724,1.0745096942763084
0,1780392048.3314385,2.235479155539045,-13.938630472578598,18.566400627127518,1.1167246561028832,0.0,0.33891818565850396,0.2210415133064212,0.5595276017196749,0.1049624115382764,12.157980649590504,-18.00717258458525,0.3617849338851613,3.8392372285269087,-31.25706868039382,0.11224607944973908,-0.8301940861800279,-0.05032489507445662,-0.23050631118130172,30.299836206945923,-23.91897194688132,1.0614837048721366
0,1780392048.3814385,2.227781190250687,-13.953739308131961,18.607685277668736,1.1559015002216588,0.0,0.38145276672325634,0.22127141443020218,0.890224493981627,0.1136928220264745,12.15340606842604,-18.029513024439694,0.4023968049544031,3.83417294887427,-31.263881216893452,0.09823088058908303,-0.7924685888537123,-0.052177075343130715,-0.30257797819546445,30.28131968552386,-23.95648193162589,1.046310227151099
0,1780392048.4314384,2.2463116132592043,-13.968789002367055,18.631191419478824,1.2162582965634698,0.0,0.42805736858682203,0.220717999999997,1.5061349764173402,0.12166274573788571,12.197024517729325,-18.015522928936388,0.42767454394703464,3.8293850824589226,-31.269748565816254,0.08236129655798097,-0.7386543502800543,-0.054789106894759076,-0.37430726934489156,30.25784789950252,-23.999173846263837,1.0290469535623794
0,1780392048.4814384,2.2463116132592043,-13.98711781397548,18.650055069642253,1.308388227601962,0.0,0.5132123389310603,0.220717999999997,2.049736330359306,0.13453799050744872,12.208058983135448,-18.03015802060601,0.44653819411046314,3.825007568352517,-31.274863567792337,0.06640204584295839,-0.656698335331607,-0.0511651783536193,-0.26658094996018183,30.23147716416324,-24.04447796139245,1.0115594329289106
0,1780392048.5314384,2.2463116132592043,-14.010052805970005,18.650623066442503,1.441601498502619,0.0,0.6516168535769619,0.220717999999997,2.8176242286068827,0.15397331336464593,12.221866500019793,-18.048471030606482,0.4471061909107128,3.8212291347269036,-31.279176244586075,0.05031405929730992,-0.5467139735749,-0.050783972744594466,-0.3378282550862726,30.2049915491863,-24.088436790265014,0.9939571938966347
0,1780392048.5814383,2.2463116132592043,-14.035936579014978,18.65562610257416,1.5643649827329393,0.0,0.8137510065471902,0.220717999999997,2.423955150616183,0.17590814658556572,12.23744926688687,-18.069138567562053,0.4521092270423708,3.8182435176555867,-31.282416416477858,0.035862001806452604,-0.4023360098953165,-0.0425540341221042,-0.23022811041084112,30.181526095486166,-24.126284789800206,0.9781807316929276
0,1780392048.6314383,2.2463116132592043,-14.067126371290106,18.678294368096306,1.6491736317253545,0.0,0.9778024054801094,0.220717999999997,1.3254943387440472,0.200411587750144,12.256226408102393,-18.09404282643354,0.47477749256451673,3.816095023402688,-31.28465424824073,0.026560612587456234,-0.2788641191556366,-0.035663754637439704,-0.15989691395396827,30.16324498702195,-24.15521486455488,0.9678564276790151
0,1780392048.6814382,2.2463116132592043,-14.102420976295456,18.705482408460835,1.6598685114836316,0.0,1.0920241013677172,0.220717999999997,-0.5284970879398845,0.22401734838900686,12.277474763220805,-18.122224674265887,0.5019655329290451,3.8145595886331845,-31.286757940213448,0.017075203538859718,-0.20955368407570563,-0.03779017615862604,-0.1606214514574819,30.149908319958165,-24.17708224434541,0.9576041650039677
0,1780392048.7314382,2.2463116132592043,-14.141598076577973,18.761532527102986,1.5529134048349207,0.0,1.1058052921144064,0.220717999999997,-2.842407988328866,0.23921136483520808,12.301060490818166,-18.153506596205712,0.5580156515711963,3.8131658331769622,-31.28857598685433,0.005735292993169772,-0.23312278313365345,-0.030101312843511696,-0.2330333683330994,30.13723578457828,-24.19752329447516,0.9455423063439845
0,1780392048.781438,2.2463116132592043,-14.17604881774412,18.82978660037817,1.3975554414426363,0.0,1.031747352935235,0.220717999999997,-3.7196255062229455,0.23925580048121908,12.321800815926775,-18.18101464014355,0.6262697248463809,3.811256806872944,-31.29041559652256,-0.005491038476222343,-0.371457578682328,-0.03366833323875189,-0.2341700483247672,30.1185899804493,-24.226131989332337,0.9332871934087832
0,1780392048.831438,2.2463116132592043,-14.210811625009914,18.848310178919494,1.2146378980962633,0.0,0.8801334953641083,0.220717999999997,-3.8373101986823817,0.22377451765629272,12.342729013694807,-18.208771860955096,0.6447933033877042,3.808345227506745,-31.29221529737684,-0.020137306436199154,-0.5480163968953627,-0.05613907599169586,-0.34105838339850264,30.087635629208766,-24.27137671634333,0.916982979765324
0,1780392048.881438,2.26058386978599,-14.246601401875262,18.853557442424286,1.0676539717144886,0.0,0.6947521301415184,0.22044813764535973,-2.279854509091767,0.19499724254157122,12.395273349106983,-18.213936076200305,0.6517654682748031,3.804298584978083,-31.2946160945455,-0.03987631396070279,-0.7280105678232023,-0.08459843457845456,-0.4479814133907678,30.041090581975883,-24.338607386444856,0.8947613774351737
0,1780392048.931438,2.2641668021344086,-14.27719610186577,18.877017240141367,1.0525441516722265,0.0,0.5600834111889034,0.2203803909258248,0.21651672681213496,0.16174468526629918,12.42252963883769,-18.231674529134754,0.6757469822421989,3.7993393614190794,-31.296769465204402,-0.0630173613716214,-0.8313582972781989,-0.08798205917136681,-0.5568425530921292,29.978589303133056,-24.426555888249837,0.868331864214289
0,1780392048.981438,2.23926548082443,-14.313552006916932,18.899772421562428,1.1369027694374851,0.0,0.4345469582953189,0.22085122952024605,2.0230442956676566,0.11775746682526884,12.39055178829015,-18.301377446185715,0.6955205902213883,3.794113259052514,-31.297827238477904,-0.089722204281653,-0.811652151928096,-0.07999501626808711,-0.5573937786923412,29.91470811070996,-24.513927970827478,0.8383358878711125
0,1780392049.0314379,2.1921298873459483,-14.355391324865007,18.907106028098934,1.2826977168888107,0.0,0.3064762131470851,0.22174247767147265,3.1355149624674477,0.0706942088843325,12.34222832471854,-18.38993436187352,0.699738114380736,3.7893053122390383,-31.297938391726856,-0.11468947982353761,-0.7019519626819564,-0.08391824985481967,-0.44757960814494024,29.86021337859718,-24.586679903995865,0.8106179241020572
0,1780392049.0814378,2.133923720099662,-14.403588735202504,18.89765582832848,1.449310264531238,0.0,0.166006103561088,0.22284305019257444,3.358349313198267,0.023992447372469076,12.12716194877298,-18.607921324527776,0.6733065541528802,3.7853745008752613,-31.297813581754294,-0.13609774566627708,-0.5377713796055444,-0.06604289249999157,-0.44331514461268406,29.819065786399168,-24.640993006502903,0.7871581098928577
0,1780392049.1314378,2.0735681671461705,-14.457892112248496,18.872263647243358,1.5777596618091454,0.0,-0.011298042442750747,0.2239842636793765,2.246959636849825,-0.017748730582004067,11.919330713434967,-18.821825257581686,0.6317732760892518,3.782523943581362,-31.297518483496802,-0.1556398068630962,-0.36403861215503674,-0.05848728869173762,-0.327137238443763,29.791094166064262,-24.677434668463004,0.7662393406749182
0,1780392049.1814377,2.0176684476078326,-14.520481869707016,18.87651290864457,1.664857117743586,0.0,-0.23103020054722323,0.22504122547864555,1.4112588357705547,-0.06214477377373715,11.72625991557181,-19.030351286055975,0.6207502521206969,3.7805914968925807,-31.29750630853079,-0.1694929781191048,-0.24727478537762781,-0.040651155386644724,-0.24525035844635693,29.773258276349875,-24.70090781420064,0.7515059645659878
0,1780392049.2314377,1.9859179064616401,-14.576606773872376,18.879887451655904,1.7066385730937705,0.0,-0.42486035904095676,0.22564157033502055,0.680308594391752,-0.09702992749773418,11.573335031918258,-19.19954292132849,0.6111129369143811,3.779272486700931,-31.297199475201758,-0.17943116285747873,-0.1730097409570811,-0.026016245093646632,-0.12822803109200243,29.761301605455948,-24.71612630318267,0.7409916211513203
0,1780392049.2814376,1.9771911792042158,-14.636526231297777,18.832168380846493,1.7212949590034292,0.0,-0.6211977290156978,0.22580657683988167,0.2306111715802149,-0.12986165159981009,11.569716710978884,-19.273525996050193,0.5610100352724636,3.7783141144662324,-31.296570427907003,-0.18367541471726456,-0.13561365330076897,-0.010321063194359877,-0.014242606744580985,29.7525232269421,-24.726621245152344,0.736341277461193
0,1780392049.3314376,1.9967370527747703,-14.695948963753528,18.780309430865056,1.7407736031322503,0.0,-0.7853294491371731,0.22543699999999697,0.4301503365607708,-0.15727241797248045,11.69305112048314,-19.26358071680204,0.5152183596386699,3.7775338701855263,-31.29538561596655,-0.18233819616226032,-0.12058021744970221,0.005767800346918102,0.09667792321395159,29.744986132100045,-24.7345611220801,0.7373556739119529
0,1780392049.3814375,1.9967370527747703,-14.752944935228161,18.751000637474295,1.7566020534889857,0.0,-0.9181957814935173,0.22543699999999697,0.21846017737342002,-0.18010192538290976,11.724498826855154,-19.31111578310342,0.4859095662479085,3.776892701984868,-31.293610103358862,-0.1755637081658845,-0.09612253655900628,0.016880745289780744,0.16899075266671432,29.738252358515386,-24.740467263366206,0.743870116230763
0,1780392049.4314375,1.9967370527747703,-14.80664933001279,18.723588908628187,1.7580988969494646,0.0,-1.0263490143307759,0.22543699999999697,-0.022550251244582663,-0.19660199759666178,11.75413039544462,-19.35590564983811,0.4584978374018007,3.776368414794389,-31.291735542483842,-0.1669911058110487,-0.08397527681762454,0.017792332567974203,0.16980768281204273,29.73247566155738,-24.74495151114707,0.7522335870411734
0,1780392049.4814374,1.9967370527747703,-14.856677891568639,18.698746011090947,1.7540204894823346,0.0,-1.0930475535788178,0.22543699999999697,-0.08915917514078864,-0.20591065126770952,11.781733811498729,-19.397629844180134,0.43365493986456016,3.7758915469613985,-31.28966617383699,-0.15663899022686856,-0.08188294133008985,0.028775512850543153,0.2407293494999263,29.726983207912582,-24.748739639709264,0.7623982280371875
0,1780392049.5314374,1.9967370527747703,-14.902444081600805,18.669831497259093,1.7498640312783071,0.0,-1.1085493208225932,0.22543699999999697,-0.07761542012197155,-0.20561975493172216,11.80698545067007,-19.43579918880669,0.4047404260327063,3.7754142647729667,-31.28734310153413,-0.14452712956885438,-0.08501077616051904,0.029678708270459795,0.24026518449021134,29.72133491539227,-24.752311833078537,0.7743250666849146
0,1780392049.5814373,1.9967370527747703,-14.944038109844024,18.640165605734907,1.7465507436719034,0.0,-1.0814730197075875,0.22543699999999697,-0.05921120115186788,-0.19860219794190842,11.829935086463262,-19.47048891931094,0.3750745345085207,3.774906325632718,-31.285245575412542,-0.13419495266326642,-0.08759456168847883,0.0305855824219132,0.24087577328746274,29.71567580567178,-24.75626792992128,0.7844632112679921
0,1780392049.6314373,2.004387257107172,-14.982585849303158,18.656915101400557,1.7458295255630645,0.0,-1.0148876872590142,0.225024297825957,0.008581628429893698,-0.18370694944035235,11.896162520826662,-19.47279513647599,0.3949150723047481,3.774383509640528,-31.283133047733585,-0.1238363183248814,-0.08923494729854953,0.031454833433822084,0.2412403035397831,29.709946076531736,-24.760289659330766,0.7946252252865769
0,1780392049.6814373,2.016882786619878,-15.01439342930735,18.694539069043035,1.7485020683035124,0.0,-0.9219060875346644,0.22435020704725286,0.057067244469574806,-0.16397607479979825,11.997306757205942,-19.44329432858266,0.43840280337585824,3.7738582967995655,-31.2810240043776,-0.11347433859043132,-0.08749589822352212,0.03222871738975604,0.24110147759012204,29.70426004401496,-24.76425778791662,0.8047928444971433
0,1780392049.7314372,1.994834726223331,-15.045202231831642,18.701208875997388,1.7526057047827248,0.0,-0.7918801839981561,0.22553962396524033,0.06423020281139177,-0.13861307608884924,11.875304219107687,-19.561767639205925,0.43541174377801184,3.773339227812558,-31.279183690248168,-0.10489065823657562,-0.0851412379506491,0.0227201872301811,0.17028982064616166,29.698893039672846,-24.768248966182647,0.8131875509379305
0,1780392049.7814372,1.9533130264088674,-15.070992134768318,18.694183672643035,1.7547627820533933,0.0,-0.6594018765564746,0.22777957665652807,0.03514518046123994,-0.11296995082072388,11.738631717276006,-19.681912081169422,0.41918090897025806,3.772838943828587,-31.277617681081843,-0.09807228119593603,-0.08083740531970993,0.023207240913394076,0.17080027610169995,29.693940384863254,-24.772147901097505,0.8198267216873445
0,1780392049.831437,1.896396028696941,-15.096242416391561,18.678403766080514,1.756720185316726,0.0,-0.5083429498242327,0.23085005264316957,0.03587406839419776,-0.08434657652705257,11.495102095262718,-19.86680309954684,0.38697285666559367,3.7723640623633328,-31.27607660572291,-0.0912581265051493,-0.07803179217922897,0.023531041890578572,0.17042833637503832,29.68924590824556,-24.77574861002887,0.8264734289460396
0,1780392049.881437,1.8333812656372073,-15.121173488629767,18.65503695177523,1.7588902735878373,0.0,-0.351003655040063,0.23424948206771687,0.037005396392197736,-0.05561527232516016,11.207217889630623,-20.071780296414637,0.34444347926664065,3.771905601541954,-31.274812026522547,-0.08625808254335299,-0.07615158860674723,0.013463330796818688,0.09842272975668885,29.684937298947148,-24.779298497199285,0.8313142728827674
0,1780392049.931437,1.7808038020755146,-15.1440847562998,18.624193905443445,1.75901961575588,0.0,-0.21244832247906198,0.23708585513366423,-0.008820761288446704,-0.03098035144920436,10.970787311380475,-20.23735876161336,0.29806104875903827,3.771464191342205,-31.273822657822,-0.08306437287384716,-0.0733884976026778,0.013524005310392353,0.09836319952267947,29.68101305963645,-24.782797621102787,0.83435698441513
0,1780392049.981437,1.7409958726694077,-15.16777494953667,18.565055110957836,1.757317452584856,0.0,-0.0863232596264466,0.23923335581418168,-0.046553625585711106,-0.009987900074086887,10.735980082936862,-20.39755696041525,0.22285864537944278,3.7710334662536,-31.273103583584,-0.08166835415709972,-0.07328841703521972,0.0032071407879611814,0.02659120233379017,29.677419993297654,-24.786307570041412,0.8356078174021255
0,1780392050.031437,1.727332037283173,-15.191661231892168,18.50701101972828,1.7554200595951988,0.0,0.007019234763644926,0.23997047267075236,-0.02713453316773999,0.0067044786034499634,10.692951184681608,-20.448689195449717,0.1616030609719985,3.7705999830002157,-31.272643369167813,-0.08204933157901362,-0.07473305154617764,0.0031124892052838238,0.027251168096533548,29.674053532776746,-24.789946190433227,0.8350828758374518
0,1780392050.0814369,1.747087976739219,-15.215672278981781,18.496736551046887,1.7547971342567068,0.0,0.08085438378084411,0.2389047077827245,-0.0019539890428625258,0.019451514251609285,10.788727737874376,-20.423000279402526,0.1563572007542966,3.770162309549679,-31.272184646933937,-0.08241077798707108,-0.07519270485994477,0.002942133229841154,0.02732002790451889,29.67070040101413,-24.793568701448493,0.8345782632049232
0,1780392050.1314368,1.7471752442703468,-15.239764398966287,18.500555693711206,1.7534681110909298,0.0,0.13272889369221186,0.23889999999999678,-0.03087192034483731,0.02756132753847248,10.80091717674836,-20.443787483483856,0.16020409940245983,3.769724023323059,-31.271735226249046,-0.08277990897053966,-0.07439766294985665,0.0027164917315526376,0.026951288484681844,29.667391927159834,-24.797147081433607,0.8340679702083493
0,1780392050.1814368,1.7471752442703468,-15.264293873215474,18.502061734203217,1.7513084073909368,0.0,0.16613988448868205,0.23889999999999678,-0.03166745430669954,0.03247483587390365,10.812874870432083,-20.465204968600176,0.16171013989447047,3.7692861692548147,-31.2712968750848,-0.08317406008519601,-0.07504760239219624,0.002455918009686895,0.02631732452692023,29.664136596605065,-24.800673213195395,0.8335349991803014
0,1780392050.2314367,1.7471752442703468,-15.289723035434664,18.50973631846694,1.7504979689105675,0.0,0.18391573778889642,0.23889999999999678,0.009232396349459278,0.035606220841429226,10.825271146412634,-20.48740800066753,0.16938472415819206,3.768842762717227,-31.271120427903554,-0.08537331185202834,-0.07541217912980552,-0.008075246759223576,-0.045329681277275116,29.661094460687863,-24.80435063527961,0.8311974109711393
0,1780392050.2814367,1.7471752442703468,-15.315839012330898,18.522975612873417,1.7515075731136382,0.0,0.19463896504956316,0.23889999999999678,0.01638728761384109,0.03692735611663365,10.83800223264807,-20.510210713061245,0.18262401856467037,3.768401307963664,-31.270945355030175,-0.08752929903159945,-0.07404932793428003,-0.008323271841124049,-0.045105290345375526,29.658108392153405,-24.80795614311845,0.8289059393635947
0,1780392050.3314366,1.7536767241515583,-15.342584905946126,18.532968045254606,1.751915661648136,0.0,0.19179781632746964,0.23854763544171798,0.005133296604570456,0.03543865686361955,10.886233687921656,-20.513863738916736,0.19482143359216764,3.767968762596015,-31.270781225007507,-0.08967754290043484,-0.07234635125982161,-0.008565582139118524,-0.044933168782139224,29.655229330953166,-24.8114391303393,0.8266271162127348
0,1780392050.3814366,1.7673208972698484,-15.369859238666763,18.550342554064017,1.7516614620550393,0.0,0.18029742556585437,0.23780815410489195,0.009503439794058502,0.032481415693074056,10.985167814710222,-20.489307945030486,0.2177034935451303,3.767543903988911,-31.270627231211378,-0.09181798730639779,-0.07122417441243183,-0.008788956463457754,-0.04471574043805788,29.652446555583985,-24.814812347177394,0.8243605047757079
0,1780392050.4314365,1.7467126328478138,-15.398085271093466,18.614110094575157,1.7524242556184275,0.0,0.15800540571405502,0.2389250724254344,0.02887733238530984,0.0277570360812585,10.875721118777673,-20.583348231346363,0.2736119197111293,3.767125065280687,-31.27048175503781,-0.09394686689104237,-0.06990095485293751,-0.008987029933513005,-0.044404286908319095,29.649746469035914,-24.818090938732382,0.8221092749468966
0,1780392050.4814365,1.7038033525132747,-15.427443095350371,18.664518259299772,1.754295837551715,0.0,0.12979633427964615,0.24125065212227165,0.04297292623284691,0.021705538278197937,10.73163550516109,-20.69643595289882,0.31507359475729757,3.766718533666778,-31.27034637425155,-0.09605873209777815,-0.0676270850738147,-0.009150341508777532,-0.043941395683987965,29.647166658528747,-24.821228624325574,0.8198805812967396
0,1780392050.5314364,1.648119949832657,-15.457853411068788,18.692570456298174,1.7544212075725927,0.0,0.09193862177048051,0.2442685584985905,0.0030485386914422185,0.013921993710997907,10.428105756691792,-20.892973739873685,0.32339861834928385,3.7663307371578703,-31.270223581190777,-0.098146085492405,-0.06467243931107614,-0.009271280020003374,-0.043286456220723885,29.64474413205933,-24.824181420331687,0.8176835522725558
0,1780392050.5814364,1.5860360414197017,-15.49106118564313,18.706965300561144,1.7536973372156088,0.0,0.046224021939054644,0.24763335687739849,-0.016265571018337442,0.0049612883032226635,10.023693738745648,-21.13415333569923,0.3114516253534596,3.7659584854195187,-31.27010842727833,-0.1001970474849303,-0.06372804391275709,-0.009343616299583631,-0.042386269604352114,29.642451518112374,-24.826976964989797,0.8155289355436341
0,1780392050.6314363,1.5314520037094652,-15.524852729384927,18.708264368967672,1.7543399431830347,0.0,-0.003750258276034611,0.25059168031886964,0.021242178281525113,-0.004280747053790087,9.79499547159381,-21.281251019772007,0.29887179808432407,3.7655934808881164,-31.269991534251158,-0.10219649358657623,-0.06374398712932565,-0.009365555625615415,-0.04120828400022703,29.640229546210175,-24.829677106882556,0.8134293978650802
0,1780392050.6814363,1.4917930486499016,-15.559418255286802,18.696744267204373,1.756107277475449,0.0,-0.05261203839949836,0.25274110021044643,0.03383027273488053,-0.012892137898615878,9.567309307912803,-21.424565845514056,0.272736857953344,3.7652405370603668,-31.269621242099166,-0.10235990745736068,-0.061870648633462436,0.0008993103018163726,0.03115009831651632,29.637904488724292,-24.83209496843761,0.8131706546582436
0,1780392050.7314363,1.477782825288287,-15.595055765085437,18.67198394229227,1.7629091271463415,0.0,-0.09652499229052162,0.2535004205892527,0.23231742235584515,-0.020464006721467937,9.479606303799535,-21.50305507793679,0.24167495701430397,3.7649021042020143,-31.26926573116697,-0.10253222120707894,-0.05941293789774381,0.0009173596498219773,0.03176422807714669,29.63570007892754,-24.834379611060974,0.8129082744413596
0,1780392050.7814362,1.4975898824603113,-15.63029189267984,18.61478692014957,1.7763774553312195,0.0,-0.13385705577521378,0.2524269257728813,0.20088869625215872,-0.0265898677697399,9.639220288412096,-21.469718609144383,0.19340650503221113,3.764609126423226,-31.268690003156003,-0.10087770004440255,-0.047114585228692066,0.0009005139389737438,0.031454434838614216,29.63359939803034,-24.836167565441713,0.8144858881673809
0,1780392050.8314362,1.497625414903548,-15.664600899034303,18.58674335559028,1.7730384080836237,0.0,-0.16358846661820697,0.25242499999999657,-0.23136888271641134,-0.03245307995627072,9.653720569266076,-21.50081407597986,0.16537855090779274,3.7643789992998307,-31.268176356745105,-0.09924952127122788,-0.036534757739099505,0.0008959146293415714,0.031364011868769526,29.631913763966043,-24.83751724860306,0.8160543491555323
0,1780392050.881436,1.497625414903548,-15.69768710013836,18.593465644584484,1.7182309619385112,0.0,-0.18465676495107713,0.25242499999999657,-1.538775183524574,-0.03771283936054624,9.667458817178007,-21.530913199684854,0.1721008399019972,3.764147477503173,-31.26766471033161,-0.09762060405256845,-0.04756413602294418,0.0009205615163488885,0.03147696860693299,29.630233601909516,-24.838862891534454,0.8176238003523144
0,1780392050.931436,1.497625414903548,-15.72837626090865,18.589077076223113,1.6169735456574483,0.0,-0.19234749342697616,0.25242499999999657,-2.0669548200885797,-0.04016246676088085,9.680201751839661,-21.558831691853907,0.1677122715406263,3.763672481309841,-31.266943694484446,-0.09592035448741631,-0.12341378490925985,0.0010384471069188588,0.03176617886597616,29.627083609910468,-24.841775907433636,0.8192039747180719
0,1780392050.981436,1.497625414903548,-15.75652130699171,18.589163506818558,1.5146467314758272,0.0,-0.1818122960637726,0.25242499999999657,-1.9676016225639608,-0.037920482920289905,9.691888304169005,-21.584435756251402,0.1677987021360714,3.7627019719008734,-31.26580111716859,-0.09407879241674033,-0.22455444710020633,0.0013050068924051013,0.03213000143720278,29.62106222891887,-24.84772842782202,0.8208082545447493
0,1780392051.031436,1.497625414903548,-15.782367881445545,18.594076568422718,1.442251394645655,0.0,-0.15238972132029777,0.25242499999999657,-1.23392114038145,-0.03074813257409332,9.702620471527965,-21.607948858870515,0.17271176374023156,3.7611824786327333,-31.264202666583323,-0.09208258337422492,-0.31948992982411656,0.0017211719712123647,0.03241571882834484,29.61219753961281,-24.856622927362558,0.8224546818613918
0,1780392051.081436,1.497625414903548,-15.807002223395557,18.614421970629298,1.4108307071572814,0.0,-0.10097902023778889,0.25242499999999657,-0.3236185235064441,-0.018560311630699922,9.712849288544223,-21.63035917135736,0.19305716594681144,3.7592366630282976,-31.262262842892795,-0.0899676945511354,-0.37678083499149506,0.002246060130163598,0.03257660706405259,29.60166534522378,-24.867114655615264,0.8241603635357899
0,1780392051.1314359,1.5039192992075374,-15.831201164832104,18.65366691286156,1.4339450437250383,0.0,-0.03145027210546686,0.25229733130717474,0.7884617962658345,-0.003035580538346228,9.766971731731346,-21.632185240159693,0.23496672974932764,3.757098408061938,-31.26018129296771,-0.08780383556895188,-0.38812384688975116,0.0027620370920715216,0.032398585989178094,29.59108414973444,-24.877428071799642,0.8259246804274607
0,1780392051.1814358,1.5177719830821863,-15.856454929390303,18.66613468309568,1.5127227194168318,0.0,0.04315237621412436,0.25201633566808596,1.913479888962531,0.013548813811749556,9.864356456431311,-21.614942559208124,0.2525954082243764,3.755048005866167,-31.258443136443745,-0.08748618758351956,-0.3440896127021275,0.002661527210247521,0.0326707911329395,29.582080249320448,-24.886250826145464,0.8259085067445211
0,1780392051.2314358,1.4965229437969005,-15.883700403394869,18.671246232210553,1.612538758309572,0.0,0.11624058856634145,0.2524473631446401,1.9683970645192592,0.028206818473201598,9.736650997438858,-21.703802716843867,0.24939411358936425,3.753398276646538,-31.257028042723363,-0.08727490619669664,-0.24471184533460966,0.002534963343892179,0.032356218883943556,29.575490350730337,-24.892470008139465,0.8258862414157129
0,1780392051.2814357,1.45426902921493,-15.912326823543143,18.692788649358686,1.6878816625957322,0.0,0.18594562018022645,0.25330446533793377,1.1769340657065976,0.04054242189775344,9.44305657729669,-21.865714897935693,0.25258155751956224,3.7523119464823282,-31.256056854809714,-0.08720489374377527,-0.14369350817625326,-0.002871148716178288,-0.004508690296390158,29.57144518496739,-24.896118206566552,0.8258195280931835
0,1780392051.3314357,1.3973792564809961,-15.944084374219488,18.711207818162574,1.7204552435482823,0.0,0.2567784725126711,0.2544584495183022,0.5170396867424162,0.05338522401107927,9.065514649691035,-22.058847128626674,0.24802268278103412,3.7516772049237095,-31.25570764589966,-0.08910144807564979,-0.08340412565725033,-0.0031510582981136947,-0.004586715341476585,29.569373956214566,-24.898227885049543,0.8238493561253462
0,1780392051.3814356,1.3364772580955715,-15.978681554582698,18.721819622414483,1.7435596585992605,0.0,0.32861253914233424,0.2556938199427596,0.37237278237227533,0.06668080909000347,8.676724536746457,-22.248880737211756,0.23542375188660358,3.751287005826221,-31.25555695912342,-0.09107375097939219,-0.056651403996587996,-0.0034263584107084607,-0.005100712843023473,29.56819513144421,-24.899507041416054,0.821834093512591
0,1780392051.4314356,1.2818206518311452,-16.016138847855114,18.72365730145024,1.7582251025718914,0.0,0.40087087606542327,0.25680250531713705,0.2827727950595691,0.07861673965950519,8.385720649178644,-22.396671122631936,0.22041086022586853,3.7510250626869346,-31.255772604363273,-0.0948824927734786,-0.036737836201980886,-0.013904072259438047,-0.07679851176501176,29.567673166814465,-24.900535179344125,0.8179974931914602
0,1780392051.4814355,1.241937685127326,-16.056216641014885,18.71765801184922,1.7587244050987885,0.0,0.4506725800636985,0.25761151386877285,-0.16725589150583492,0.08950492076580432,8.095390786915427,-22.541029733906086,0.1968341879719624,3.7508569972797243,-31.2560671731909,-0.0986882228609236,-0.022179657694516706,-0.014118603084834518,-0.07704357020922498,29.567469782087173,-24.901280097064216,0.8141743036422873
0,1780392051.5314355,1.2282302468744335,-16.09863539054053,18.73456522982418,1.742050428149218,0.0,0.5186242847307506,0.2578895632638934,-0.4090205156357827,0.10334873048453455,8.011488515273658,-22.614165934125076,0.20819350291249705,3.7507065789211893,-31.25664049501025,-0.10431495628943832,-0.030133078855101282,-0.014248011598575413,-0.07650376793152713,29.567538031418906,-24.902129366739647,0.8085322190117026
0,1780392051.5814354,1.2480760411095069,-16.142290648321023,18.755366253328667,1.729123058791649,0.0,0.587119444056701,0.2574869999999966,-0.09532022618955723,0.1159225567966484,8.16832610029019,-22.607029767590625,0.23711849971652654,3.750479680353522,-31.25714159084229,-0.10990588621853181,-0.04998859045348259,-0.01452811815389531,-0.07645277894096204,29.56736254430168,-24.903175881624158,0.8029186240106476
0,1780392051.6314354,1.2480760411095069,-16.187885694612596,18.74595277883252,1.7539339436494035,0.0,0.6542506093642229,0.2574869999999966,0.8561628312467754,0.12431158523634506,8.183157272132204,-22.650145247271634,0.22770502522038072,3.7501867075674666,-31.257581184277246,-0.11548679822488195,-0.05399832632079832,-0.01491158234952251,-0.07683116421827169,29.566988503807927,-24.904378684904465,0.7973093210313658
0,1780392051.6814353,1.2480760411095069,-16.23768432539623,18.74710744990005,1.8474376526765282,0.0,0.7227271558165148,0.2574869999999966,2.5556964797256203,0.12778696064241515,8.199355787337694,-22.69723571056371,0.22885969628790903,3.7500014876700516,-31.25813962955873,-0.12112027856372842,-0.010680294280782376,-0.015169193616173261,-0.07748288608038723,29.566983687138503,-24.90529809130667,0.7916584001041662
0,1780392051.7314353,1.2480760411095069,-16.299453262751353,18.761533170704688,2.0376759637587925,0.0,0.7746834683032395,0.2574869999999966,4.136181439403205,0.12367407237096362,8.219448007851168,-22.755645506803884,0.24328541709254736,3.7502852289298634,-31.25859173650994,-0.1238717360211794,0.11265225176458342,0.012068232972420977,0.15661470496261706,29.568028725227567,-24.90468530596565,0.7889338206258936
0,1780392051.7814353,1.2480760411095069,-16.362448132829496,18.779926142648236,2.233833518367856,0.0,0.7811992909380485,0.2574869999999966,4.173650935756652,0.11363494487840124,8.239939000169052,-22.815214566641945,0.26167838903609564,3.7514753276174226,-31.258950513241032,-0.117554729509731,0.31668897815245933,0.012557297201894014,0.15582859182633887,29.57138766676158,-24.900925544553953,0.7953736303884549
0,1780392051.8314352,1.2480760411095069,-16.442174846627108,18.80197320235241,2.4264060028524446,0.0,0.7288382795761816,0.2574869999999966,3.5812550831875445,0.09527022806621974,8.26587253218413,-22.890605552908138,0.2837254487402703,3.7537828724449454,-31.260431263008783,-0.11074120130057974,0.5191216377387479,0.022199570153251785,0.18865085923540062,29.579405829355608,-24.892967847131644,0.8024715991062781
0,1780392051.8814352,1.2480760411095069,-16.52442204696961,18.83882306290881,2.5502165989519407,0.0,0.6270875577974047,0.2574869999999966,2.1754051607121996,0.07336621899313062,8.292625928901913,-22.968379955691066,0.3205753092966681,3.7571195139889797,-31.262496422725064,-0.1020281678430437,0.6900838693895419,0.02486358462284265,0.20756802445181438,29.59300053807013,-24.87873416502753,0.8117040353575709
0,1780392051.931435,1.2480760411095069,-16.616915085525715,18.89311708840462,2.576987809340937,0.0,0.4899658577322026,0.2574869999999966,-0.10229858819825116,0.05583293098749525,8.322712095285937,-23.055843003737962,0.3748693347924785,3.7612003843028363,-31.264952426006644,-0.093093902964557,0.7894123486430645,0.022456833304317483,0.20046395834723757,29.612878170251403,-24.85696793493574,0.8214473297233607
0,1780392051.981435,1.2675426646750871,-16.703493653712112,18.923211452100997,2.5129164164106594,0.0,0.36265405194591616,0.25823425877266853,-1.8599997653433256,0.041076664641170345,8.504022761075843,-23.084300313783885,0.413508561199464,3.765512764583037,-31.26745353805984,-0.08506643013616833,0.7744531022956167,0.01796297804031355,0.17105536370002192,29.637750126184464,-24.82873837655943,0.8305375338566354
0,1780392052.031435,1.258121914299582,-16.79368923357368,18.938530298650594,2.3507968874211187,0.0,0.24748577126475887,0.2578726275766096,-3.6279259706920843,0.03058868338173953,8.45854886141154,-23.195867272079123,0.4246208835871137,3.7694914702324387,-31.269676118117488,-0.07885099849150201,0.6723510907551994,0.012967038925505905,0.12535664583670786,29.664208373048762,-24.797915661561234,0.8379228764825872
0,1780392052.081435,1.2243124426780532,-16.872124721106054,18.94937633546205,2.1629980042124726,0.0,0.18531748773515389,0.25657479468928435,-4.055261419621034,0.027879541446645003,8.228878638487622,-23.357051998622175,0.4214708489374388,3.772673937880055,-31.27139142868145,-0.07482393930866271,0.4836875586403161,0.008500083447298013,0.0760743651205017,29.68778353992679,-24.76994908059863,0.8430165873704434
0,1780392052.131435,1.1720241548373758,-16.948038324027383,18.95646993917332,1.9887221569196045,0.0,0.1712418781504526,0.2545676216597494,-3.4742131449359586,0.03014177780958258,7.855254072423049,-23.556839705743684,0.407006481131738,3.7747748741520764,-31.272474563252597,-0.07266358938715411,0.27616425586394344,0.0055027466801863024,0.04308059085388827,29.70450189798188,-24.749857897576973,0.8459448428947729
0,1780392052.1814349,1.1110814323387646,-17.02081658375357,18.96034320533521,1.8396855627778987,0.0,0.1869900160071482,0.25222823373948766,-2.828496489660873,0.03694666641213814,7.4711998616134405,-23.747075673322662,0.3895990379818528,3.77582268528208,-31.272940340558712,-0.0713425888215804,0.10005399282842942,0.006048055420142289,0.04449983022254681,29.713134633253645,-24.739316440187643,0.8476677731714837
0,1780392052.2314348,1.05283959843745,-17.089542552837326,18.967241287681116,1.709430365233655,0.0,0.2198703191939903,0.24999252392711874,-2.4298620146040184,0.04760026177880894,7.087308008042374,-23.923946843338463,0.375458975479507,3.7759877885709927,-31.272772795801483,-0.06941665074772407,-0.04159185448651617,-8.523525984562106e-05,0.036239328236621966,29.71432477571112,-24.73748035858226,0.8496581933054426
0,1780392052.2814348,1.0056943163015195,-17.15508608405145,18.96823008964272,1.6242205893011972,0.0,0.31171293636877306,0.24818277373867517,-1.3807418647528098,0.07008265275578049,6.742317785497898,-24.079006228583225,0.3574448422013248,3.775411721752255,-31.272685030297364,-0.07110075648575753,-0.16133393157358877,-0.010721934867437333,-0.036189785883772425,29.70966301540118,-24.743444651869876,0.8477504609549245
0,1780392052.3314347,0.9807476756484639,-17.21980206821886,18.985099452085173,1.595289560966616,0.0,0.4275164909212838,0.24722515538159898,-0.16482862243493607,0.09795726364958326,6.57364549748516,-24.18574119910129,0.36477945760498187,3.774300010398739,-31.272529842250478,-0.07446479118521276,-0.22792027200044634,-0.011477690119339655,-0.03627497113028246,29.700878724474286,-24.75469256152948,0.8439656408365561
0,1780392052.3814347,0.9854627772017863,-17.28645061968856,19.019950942167466,1.6197528397767764,0.0,0.5657106144280954,0.24740615240904393,0.8894043723641794,0.12608409761969458,6.623783625066759,-24.242447649577464,0.40143732038393054,3.7729795952800487,-31.272248723317198,-0.07780406628660241,-0.23326244499497872,-0.01242150890347809,-0.03730682282728718,29.690712718608236,-24.76753025107912,0.840145028739788
0,1780392052.4314346,0.9985102138774947,-17.355775087440094,19.05348235996344,1.6846272489050302,0.0,0.7371286183440742,0.24790699999999666,1.5530429784366426,0.15581127121615376,6.736576077952519,-24.286875562588197,0.4399569604914113,3.771780946191229,-31.27231335372545,-0.08300321406095978,-0.1848282466535158,-0.02376862692273902,-0.10960553901258566,29.682062488243503,-24.778943523958187,0.8345262723602014
0,1780392052.4814346,0.9985102138774947,-17.430731343860316,19.099105377478296,1.7803233632182542,0.0,0.9447959535322963,0.24790699999999666,2.131993600116337,0.18615265372916043,6.754104228171556,-24.35975357248441,0.4855799780062675,3.7709464390594416,-31.272898485091826,-0.09011349665792423,-0.10520310978956242,-0.024726400087017264,-0.11032041112762869,29.67665140107081,-24.786973885315142,0.8271335991511792
0,1780392052.5314345,0.9985102138774947,-17.5133836682223,19.157360999050756,1.899644925092759,0.0,1.1665640169716867,0.24790699999999666,2.684861430007327,0.21090723360155023,6.773432065853944,-24.440114268181762,0.5438355995787276,3.770646343002049,-31.274157726897926,-0.09915475474412405,0.0024449643402623955,-0.028348958807224024,-0.10053126541066897,29.675574761176627,-24.79045056505129,0.8179927462328074
0,1780392052.5814345,0.9985102138774947,-17.603513318478072,19.229229482033343,2.0388611046529865,0.0,1.4051131748207677,0.24790699999999666,2.903360390329597,0.23015202019960018,6.794508439252526,-24.5277449725016,0.6157040825613151,3.771008721580709,-31.27401947017868,-0.09628520412076025,0.12667327810003215,0.01608000573450479,0.1967574463845625,29.677974752723685,-24.787089554801497,0.82098269140308
0,1780392052.6314344,0.9985102138774947,-17.70406515774291,19.32339902195394,2.19649063994743,0.0,1.6104517710058852,0.24790699999999666,3.201070825085386,0.24451410812296936,6.818021990056794,-24.625508898916802,0.7098736224819113,3.7721381341685705,-31.273248194341843,-0.08477704183766965,0.26807867337561453,0.022317098914546283,0.24410168847785385,29.68536561500245,-24.776165496247447,0.8328757585926456
0,1780392052.6814344,0.9985102138774947,-17.81473958304278,19.430018032640938,2.3525053370963325,0.0,1.8476887342598827,0.24790699999999666,2.9947296252023046,0.2592958952380731,6.843902657591551,-24.733114751282795,0.8164926331689095,3.774112128259307,-31.272784962271736,-0.07166731780456548,0.42050471783806775,0.037075464509478406,0.324270536618379,29.699643877523936,-24.75672908460243,0.8466934026694721
0,1780392052.7314343,0.9985102138774947,-17.94187691329909,19.54140762473937,2.500680910481302,0.0,2.052968192715474,0.24790699999999666,2.666822528242398,0.26853489771543715,6.873633094110241,-24.856727056046967,0.9278822252673429,3.7769210275134246,-31.271900653819017,-0.05310661958958507,0.5591671742184964,0.05524328459898707,0.4445451450728553,29.72122082466339,-24.726999711058816,0.8663385934042873
0,1780392052.7814343,0.9985102138774947,-18.063833511432865,19.6510495521348,2.6244953907633852,0.0,2.188447352179104,0.24790699999999666,2.5274202107132444,0.269253364198726,6.902152042019102,-24.97530227031426,1.0375241526627725,3.7804720695469114,-31.270031685981984,-0.028599603668293838,0.6800686404986322,0.06845504688909355,0.5652530472160614,29.750307985358962,-24.685699352471328,0.89234634892117
0,1780392052.8314342,0.9985102138774947,-18.19843084967452,19.746118122636037,2.738606693883925,0.0,2.263177048194026,0.24790699999999666,2.1594220071081685,0.2664618020299681,6.9336269645466615,-25.10616774595097,1.1325927231640094,3.784686144434601,-31.266883942196685,0.0013013647035808873,0.7932025286810486,0.07678309806357454,0.6702135185371181,29.787548892952067,-24.631386913459632,0.924216221560922
0,1780392052.8814342,0.9985102138774947,-18.33760131509409,19.822842747682976,2.845623022160886,0.0,2.3085183742121087,0.24790699999999666,2.189214644553472,0.25816380014711193,6.966171290269811,-25.241479553670494,1.2093173482109485,3.789478050050795,-31.26215003464502,0.035841836147044503,0.8872169793218876,0.0809612098844458,0.7572651376981732,29.833501337065133,-24.562658902021628,0.9612434662728715
0,1780392052.9314342,0.9985102138774947,-18.47873212331452,19.872723833988502,2.9414868031869843,0.0,2.2661117166975586,0.24790699999999666,1.9484752663720073,0.24085186758777036,6.999174032471254,-25.378697351481627,1.259198434516474,3.794786791295788,-31.25553786075288,0.07400075583424481,0.9821503927239786,0.08106573301421978,0.8233910131865514,29.888875054749207,-24.47786822480453,1.0024653918337716
0,1780392052.981434,0.9985102138774947,-18.618867524284717,19.9148509617236,3.0431094238472225,0.0,2.1417694600698787,0.24790699999999666,2.0921852083265735,0.2178388464472047,7.031944003605352,-25.514947340828225,1.3013255622515736,3.8005699137373847,-31.246811547353868,0.1145167185888254,1.0648557734603206,0.07635873821380434,0.8586667544566401,29.95452810578075,-24.375175044567627,1.0466865175274247
0,1780392053.031434,0.9787063453434705,-18.7545029058496,19.951605275349287,3.14464541291803,0.0,1.9419544354316047,0.24714679551743515,2.200845411670293,0.19029776837645057,6.9060971634151525,-25.684087626347228,1.3305026249846428,3.8068025516867445,-31.23578221715786,0.15584817316453448,1.154381630806716,0.06759273875444644,0.8642467736800638,30.0241822821639,-24.262404107693282,1.0920464961884253
0,1780392053.081434,0.9923038976371296,-18.89189520027719,19.983974296477406,3.2501252283481215,0.0,1.7201964835822425,0.2476687602127544,1.986555389566678,0.16482472882630947,7.0461931772249615,-25.79227159288189,1.3680780165433895,3.813526989836985,-31.22223948106594,0.19661207094103927,1.2487041065556586,0.05537643360601951,0.8430866875530717,30.087374622647047,-24.153320798708027,1.1366085207044279
0,1780392053.131434,1.0319176200736537,-19.022633658704745,20.020731097788076,3.33348283835294,0.0,1.4661958679624927,0.2491893989362167,1.558930695255413,0.13600997847859864,7.398830932720857,-25.840112576170384,1.420204736736256,3.8206844846009407,-31.20604672105661,0.2357979040871001,1.3311923548740399,0.041841555167514255,0.8052403012014676,30.141187793809234,-24.0518537890196,1.1792078536340274
0,1780392053.181434,1.0919052114015826,-19.162512755903073,20.079155801086777,3.40129882427011,0.0,1.180506347413487,0.2514921225554536,1.1422944020986283,0.10616685045284643,7.939486396511112,-25.84038160564656,1.5028420511891198,3.8281458957346217,-31.187292413433596,0.2723311662855661,1.3915173872458817,0.02716803375959679,0.7409846556797065,30.182773836632236,-23.96231800557405,1.2186088246279052
0,1780392053.2314339,1.149651920397103,-19.282115245701664,20.146743632367468,3.442055428501818,0.0,0.937223846333166,0.2537088261735446,0.7256932928880453,0.08290801593743559,8.349332522556766,-25.846204929703568,1.5878211978788883,3.8357653121276063,-31.16628006706872,0.3049080308732304,1.4303986380724494,0.012911695480884998,0.6502448280542443,30.210221500854566,-23.88815528452005,1.2533865743240948
0,1780392053.2814338,1.204631093949052,-19.400013234503547,20.209784617225885,3.4621125843560145,0.0,0.7272578398820646,0.25581929333352965,0.29951318164338464,0.06408791486174362,8.867117731961812,-25.80822794537727,1.6741621396329904,3.843427425467666,-31.143393276983087,0.3327551944582483,1.4478684534115036,0.002121473460992774,0.5522330927156933,30.22278184149176,-23.83131679590337,1.282705707229134
0,1780392053.3314338,1.2472448536953484,-19.5189980099412,20.261200439135536,3.4714252451142484,0.0,0.5299908026554984,0.2574550934865289,0.17489640003237894,0.04547073825457318,9.259416468302732,-25.802608684628595,1.742600542545187,3.851022434310971,-31.119077752499443,0.35575132734069026,1.4438028707459087,-0.004727393218189674,0.4551350842947779,30.220548308315195,-23.792621068399864,1.306427431466827
0,1780392053.3814337,1.2681801616610635,-19.63949984238315,20.29821022345063,3.4801358886925318,0.0,0.3489286529344826,0.25825873015640477,0.20024731532264717,0.02761535126017583,9.488697008402177,-25.85026914424968,1.788796817680268,3.858496641772703,-31.093751052617595,0.37388156977583176,1.4336342404339433,-0.009058517100452489,0.3569071684818128,30.204301917537038,-23.771789877909068,1.3245588473139618
0,1780392053.4314337,1.2518243210408149,-19.765657982565457,20.302984692479626,3.4861211937061816,0.0,0.18779541309739767,0.2576308839689686,0.09057106527149655,0.013714122485856154,9.38039409426629,-26.021810777170593,1.7863378680093263,3.8658692472462057,-31.067705489024515,0.38715304595850997,1.4249507148718539,-0.01180572690639379,0.26005839043084067,30.1752955651871,-23.767582959046436,1.3371606234542632
0,1780392053.4814336,1.2480760411095069,-19.86920851419275,20.29984336449956,3.48938721156536,0.0,0.09326031027717621,0.2574869999999966,0.056441607500090765,0.0068978209792289035,9.380619184857762,-26.131269012599898,1.7815956108874182,3.8731768670890756,-31.041227384156798,0.39589012092155196,1.4110648578840153,-0.012828684511396944,0.1736733316576619,30.147431370136655,-23.761023080464653,1.3453120230349418
0,1780392053.5314336,1.2480760411095069,-19.982856935480267,20.295663156589445,3.4912837198962676,0.0,0.04147444149165043,0.2574869999999966,0.03539610706018636,0.0036658366715769945,9.417586781181932,-26.238736963558118,1.7774154029773044,3.8803977071969946,-31.014568280723108,0.40095515850705477,1.3957257705131192,-0.011615124698196866,0.10998927216351767,30.12730089288391,-23.743345638936248,1.3502298063558804
0,1780392053.5814335,1.2480760411095069,-20.097365640218978,20.292136970459488,3.4934043057942716,0.0,0.034480063575207866,0.2574869999999966,0.026532134118112623,0.004173455824132085,9.4548342107936,-26.347018413715848,1.7738892168473477,3.8875280838501336,-30.987886186259246,0.4034441179461248,1.3795803134917493,-0.00926516300142145,0.06753776346607632,30.114729386302464,-23.715071180340107,1.3529942385195515
0,1780392053.6314335,1.2282404448268398,-20.210992723236167,20.290174273636445,3.494100303208647,0.0,0.07044169392649893,0.2578893564028851,0.00021509862160123093,0.008252843767583761,9.317608604485628,-26.513593219149193,1.7638065691724627,3.8945695105992164,-30.96128677274062,0.4043993097114633,1.3632218907987121,-0.006243469332541517,0.04555795868830115,30.109490045320737,-23.676675101380248,1.3546319229736383
0,1780392053.6814334,1.2418034152396313,-20.32251863803128,20.29058783982128,3.4941192012802893,0.0,0.1377050317022028,0.25761423747477186,-0.0008053801102986015,0.015354134489198451,9.471538981004315,-26.579290520522246,1.7697083010669985,3.9015106555163888,-30.93482568385696,0.4048145699233001,1.3457329752665905,-0.002770275061612639,0.04289032538836765,30.11126512065902,-23.62864971239295,1.3561191847737133
0,1780392053.7314334,1.283592057227864,-20.439922253317803,20.296533578287825,3.4943460666642547,0.0,0.22849720160320652,0.2567665731327286,0.000829195297128214,0.024534733766705685,9.903412191521433,-26.55199410700348,1.7940396644959655,3.9083646220830164,-30.908502925514245,0.4055970327416887,1.3283987277896674,0.00097738177593348,0.05731438432794462,30.119759825191853,-23.57133862681827,1.3583491319220213
0,1780392053.7814333,1.3363444303982543,-20.54920709183724,20.326737743499105,3.4937640894964703,0.0,0.3312991540992677,0.255696514294557,0.0011022322013173845,0.03529975726055751,10.299542633972644,-26.521604184989535,1.840308279682084,3.915143120419504,-30.882263352978935,0.4075028415177435,1.3113536224118125,0.004778972347379758,0.08520691638545308,30.134674858187502,-23.504978041012045,1.3620666252582687
0,1780392053.8314333,1.3993162043954182,-20.666191975592966,20.35047319062474,3.4931710790321655,0.0,0.45550531441867603,0.2544191593762604,-0.025310869132111048,0.04661597658589069,10.863038297078688,-26.425483375691954,1.88813978574861,3.9218478330777877,-30.85602010442803,0.41111617487372776,1.2945052909369756,0.008548157351176583,0.1232912264285024,30.1556582682551,-23.42980687005607,1.3678438025734412
0,1780392053.8814332,1.4540754894322896,-20.773260748795042,20.35095949554011,3.4925805674190387,0.0,0.5662508246419585,0.25330839120785215,0.019211146151164527,0.05720842534013532,11.376103793314352,-26.325760826573692,1.9106744566058573,3.9284750979839984,-30.829682015520202,0.4168313037994511,1.2765169439462223,0.012113815955405444,0.16731187446710136,30.182096368689212,-23.34641555379074,1.376048846240682
0,1780392053.9314332,1.4970863457369625,-20.88308114919948,20.357258466846467,3.492098203848775,0.0,0.6747299113218109,0.2524359347824798,-0.025800070247958388,0.06759516643283522,11.815565892003676,-26.2504439927793,1.9356561488847497,3.935017845653896,-30.803135206569983,0.42480341173812697,1.2609239868351718,0.015222961529384182,0.21221580335945608,30.206088554417867,-23.265801852671174,1.3863984664336373
0,1780392053.9814332,1.5177251352797223,-20.988875603066795,20.373820216913757,3.4922518239379614,0.0,0.7800933074173149,0.25201728595528755,0.0016861741854851263,0.07759987699176767,12.031599225235645,-26.267339883757135,1.960265119763033,3.9414645662354033,-30.776278319842895,0.43503693407408806,1.2432227892852756,0.0180464143046205,0.2564677861711308,30.223947786829772,-23.193144689206903,1.3986906954868719
0,1780392054.031433,1.5030851922798305,-21.093049664720066,20.40029100641724,3.4913442447730105,0.0,0.8796084847391961,0.2523142508017175,-0.02098466244852796,0.08615910116000362,11.957268552241837,-26.416503339078982,1.98124917530426,3.947796385854559,-30.74902174538984,0.44746666177784533,1.227011266259187,0.020680057864947338,0.29891452944543595,30.23579139376635,-23.12822855895689,1.412868114626459
0,1780392054.081433,1.497625414903548,-21.182892133499468,20.435335762765497,3.4915374317726666,0.0,0.9430974679019646,0.25242499999999657,-0.010376858401813974,0.09089594636472595,11.945058060411887,-26.52090477735615,2.0139709580830107,3.9539922992639687,-30.721281407271466,0.46192487615831546,1.2097744347928354,0.02293876971395063,0.3367104692191095,30.241775276472453,-23.070772421577953,1.4287733510651233
0,1780392054.131433,1.4813812498007435,-21.26932319488191,20.47595903761293,3.4910368115374686,0.0,0.9725095935262149,0.25330539464331453,-0.007603357946981119,0.09197587626345118,11.823604285461956,-26.670650890446623,2.047239762469026,3.960051493981127,-30.693021593330887,0.47799759055266255,1.1933145689835303,0.02423072039351165,0.363409845218168,30.242213352693113,-23.020332207012896,1.446009420954928
0,1780392054.181433,1.4821055819877136,-21.34826293244777,20.508121300804103,3.4900574282593397,0.0,0.9650234204187553,0.2532661375824957,-0.042891057845436585,0.09038291009909911,11.862795904329403,-26.739594149158474,2.0797244276400626,3.96595911311438,-30.664236520577592,0.4950548444796703,1.1772651588979473,0.024480448287024496,0.37642173326569645,30.237390702510673,-22.97654015837224,1.4639612764387593
0,1780392054.231433,1.513021903947941,-21.420026543455304,20.56011653697997,3.4887236021716315,0.0,0.9364256608109176,0.25159054735839875,-0.02256278309912881,0.08653429273548417,12.177469137255496,-26.674991231909377,2.1449166372747115,3.971731924139915,-30.634976444150734,0.5124379775142711,1.1598035176161887,0.023962183692372793,0.3766204370749042,30.227733022333208,-22.93890702763173,1.481990030522172
0,1780392054.2814329,1.562636002013052,-21.48487573651601,20.605859728471067,3.4869490714040086,0.0,0.8766558856515053,0.248901582681351,-0.03726487350464292,0.07977100910673385,12.496180972094024,-26.596338113412628,2.20334826387694,3.977404015708964,-30.605301329378218,0.5295498678852248,1.143806531045198,0.022872990804616463,0.3657068826020568,30.213640224247225,-22.906984397237352,1.4995162375285602
0,1780392054.3314328,1.622226309321698,-21.54528858536696,20.604579991625798,3.4868781518097443,0.0,0.7818497385795814,0.245671931479447,-0.0036876761092530783,0.07096409547363529,13.0010141978041,-26.414868231310223,2.2240744472453002,3.983001145518567,-30.575283110332172,0.5458247680840986,1.1275904377397965,0.021077592071666654,0.3433778379939492,30.19541394501918,-22.880477282691384,1.5159861864857227
0,1780392054.3814328,1.6820164838034264,-21.60205085840363,20.588287492135162,3.48669838270678,0.0,0.6735561335564288,0.2424314479579105,0.012698650539374997,0.06075204791961215,13.560280998045489,-26.186581736340525,2.2328875197605846,3.9885434125059596,-30.545004059610807,0.5607432308509814,1.1135558935147205,0.018725650794153257,0.3116817562368168,30.173288576378262,-22.859198261858193,1.5308885317160268
0,1780392054.4314327,1.7329818357409854,-21.65696883443189,20.573999173981914,3.486889216829019,0.0,0.5530324640119586,0.23966924857390567,0.000950267979747762,0.04905494736220961,13.843463592792366,-26.094503029886514,2.229774202326901,3.9940457292485445,-30.51453508543933,0.5739065356607731,1.1007784441099508,0.015980022002335087,0.27320812985557813,30.149216527744343,-22.84042521961752,1.5439331908388505
0,1780392054.4814327,1.7626284936876702,-21.705668624699634,20.57998374453422,3.487852815037485,0.0,0.4305366069756786,0.23806247108282774,0.034829623614195185,0.036631610365110194,14.073955298328327,-26.021361778444575,2.2453160615636314,3.9995088188466177,-30.483985346655043,0.5850012834392144,1.0877851407867056,0.012834323570365139,0.228942769483577,30.128187355674754,-22.81706872678624,1.5550907969560823
0,1780392054.5314326,1.7634868192564253,-21.753001695093943,20.593935131129456,3.487944345277897,0.0,0.30432591560815125,0.23801595190328406,0.0015334398731815212,0.02536790158129944,14.104836007181772,-26.058271944729945,2.2596279818918497,4.004922629842199,-30.453456451583772,0.5937956333802843,1.076739409013673,0.009448906005450636,0.1811223535361007,30.110466768875586,-22.78891688796118,1.5641410571047807
0,1780392054.5814326,1.7342244488923642,-21.797240690396567,20.613950925493036,3.4888019173957794,0.0,0.19087384906912344,0.2395986508040548,0.0163213758939901,0.01495509644819219,13.91794091994985,-26.213605678870614,2.270013550618774,4.010265511370884,-30.423054220581545,0.6002528467683317,1.0641538050030237,0.00631072719202372,0.13470078953868325,30.09598770551135,-22.75624535239024,1.5710398024684693
0,1780392054.6314325,1.7293274684180748,-21.839077920330027,20.640010022568134,3.4890639863173902,0.0,0.10879062374275876,0.23986282603391246,0.00994066298880408,0.00825215865595551,13.913352254797175,-26.263949326670478,2.2949965407856823,4.015511824225442,-30.39288538854868,0.6044843014098573,1.052341649116882,0.0034476717241879846,0.09124630967342143,30.084620094503485,-22.719418825707905,1.5758874838235872
0,1780392054.6814325,1.7542884215071666,-21.88001227963375,20.711575071866868,3.490253744496349,0.0,0.0654809165426763,0.23851626858807443,0.005980131903722825,0.005225339823211525,14.090452007042312,-26.212193625797994,2.3736498490635647,4.020694345715367,-30.36300777097683,0.6068308878696742,1.0403105735079983,0.0015386731370462404,0.05742472370797145,30.076336456751896,-22.67856143360048,1.5790205315783936
0,1780392054.7314324,1.801411765640976,-21.922012948472187,20.77008364351941,3.490570981449018,0.0,0.051185303143109616,0.23597412647957058,0.024776466986396614,0.004676921039912048,14.535658854138461,-26.00469866761612,2.4523526179042676,4.025845331762804,-30.33345283729654,0.6078539350854673,1.0282812401142352,0.0007231899555301295,0.03592335603785572,30.071162369021433,-22.63366854984276,1.5810002923208026
0,1780392054.7814324,1.8596722403082824,-21.96619345222767,20.75757822719574,3.491475349735115,0.0,0.06542470091926991,0.23283117453854058,-0.005469436721320293,0.007062426193775781,14.831420467996438,-25.879723632987087,2.4516850330179096,4.0309907354939964,-30.304210520385563,0.6081271516947782,1.017452720509836,0.0007079847277377538,0.025221779066856603,30.069133231026004,-22.5846423911767,1.5824034117736083
0,1780392054.8314323,1.920792810876037,-22.012243399853816,20.732258719143378,3.4925528477230174,0.0,0.08953835755913714,0.22953393027474497,0.03325936265339187,0.008713984926793688,15.362252930947639,-25.6042278047479,2.450703942234437,4.036140719219229,-30.27526823058931,0.6081947620841301,1.0053988744211775,0.0015143951852205108,0.02537273175529288,30.070258089327794,-22.531413989120598,1.5837762998302747
0,1780392054.8814323,1.9728400779302364,-22.058586721203806,20.70336894630321,3.49251897223679,0.0,0.12589061583832792,0.2267261594842145,-0.012392509651643646,0.013963728164872914,15.605243954065699,-25.50265086840173,2.431217915584895,4.04129999054158,-30.246601510040744,0.6083762807981739,0.9955711708023831,0.0022563329541812702,0.028673847945026032,30.07452568751264,-22.473917697648446,1.585440371596321
0,1780392054.9314322,2.0066974474125745,-22.1044989346927,20.67409551495001,3.4937985841226173,0.0,0.2027281343952211,0.2248996710159975,0.022702025974962882,0.02202712235533028,15.86458766612416,-25.386650027705663,2.41310813833082,4.046456783762799,-30.218178944892138,0.6089906169343346,0.9837039136510939,0.0037775816468422624,0.04061768738707902,30.08182390020267,-22.412219776530772,1.5877115006799816
0,1780392054.9814322,2.014945562471935,-22.156899431216257,20.67119510845236,3.4935381406479786,0.0,0.31535875689384435,0.2244547136176294,-0.0010968194830149602,0.03324408963057806,15.972511656407189,-25.377391014418073,2.4141187983511827,4.051585664563443,-30.1899429538119,0.6104878143157135,0.9737600615139311,0.006128276930704908,0.061770836388360936,30.091897435935564,-22.34654956343215,1.5910300099662251
0,1780392055.0314322,1.9807215840083445,-22.196164389211614,20.68076078503675,3.49358313712183,0.0,0.4208697372345235,0.22573982332045905,-0.01622787008387365,0.04354908919566362,15.722141785158811,-25.590636806293613,2.4105036670732183,4.056653512882264,-30.16180303874999,0.613351790109312,0.9626807019503638,0.009394906141274076,0.09286183673307269,30.102378901629322,-22.280243023748053,1.5957457803433908
0,1780392055.081432,1.9812239987598024,-22.235992414950804,20.720559055494977,3.4923937356013397,0.0,0.5416428147960431,0.22573032357333928,-0.00954343842877511,0.054703775802104504,15.746881817689934,-25.6220453927749,2.450437166813611,4.06161504473159,-30.1337168593829,0.6178444027711629,0.9508466894361228,0.012613780032046414,0.12575272039348387,30.10950246288025,-22.21888181119951,1.6018988071505653
0,1780392055.131432,2.010978172195883,-22.270061288755574,20.776292639958758,3.491591168143336,0.0,0.6465433663458838,0.22516772639126945,-0.028620136873901074,0.06364455650016027,15.996592817173216,-25.497537794323144,2.517278822276271,4.066488342415474,-30.105628063038584,0.6240620429334647,0.939394863034053,0.01597107347951715,0.16058326956347724,30.113450926478546,-22.162142938196475,1.609596640267907
0,1780392055.181432,2.061806084447568,-22.302573837220027,20.7851216499945,3.4913831811626155,0.0,0.7196971083590435,0.22420666322261104,0.006843072889545545,0.06884741003685958,16.372728409480754,-25.279968903176513,2.5432705137403318,4.071277417855908,-30.077497640210176,0.6319252954050532,0.9271220455688157,0.018804416601902997,0.19124309098976994,30.114375146679517,-22.109773517204093,1.6187690115713007
0,1780392055.231432,2.1214441857880195,-22.32938387221787,20.79765358665403,3.4900452597525655,0.0,0.7315371354244924,0.22307901543799982,-0.015001827355924525,0.06790371262279456,16.657585669130626,-25.11219047652764,2.567895166569702,4.075990194610484,-30.049297574299203,0.6410672936960831,0.9168425406732907,0.020606009330375926,0.21247160181374627,30.11243760092937,-22.061515065585606,1.629058477465085
0,1780392055.281432,2.18386053693389,-22.35351092527448,20.811724709049276,3.4895858990548514,0.0,0.6809265189664401,0.22189883601392052,-0.014652676814635484,0.06272837855877672,17.110191629669714,-24.811541524143315,2.603470058314027,4.080634580936663,-30.02104445260576,0.6508172576815761,0.9057893376597077,0.020693150668383942,0.21755385533237961,30.10781668356143,-22.0171589156636,1.6398026221763704
0,1780392055.3314319,2.230372673819206,-22.371545919752542,20.787824583994272,3.4890410036684707,0.0,0.629186578847524,0.2210193762903984,0.013214796521605116,0.05643838058360492,17.215192583751815,-24.755420188518723,2.5827525717474735,4.085215205256527,-29.99280924869531,0.660401477545419,0.8950624633514462,0.019375363696144673,0.2078209672101957,30.10070524437885,-21.976567378180604,1.6502345220307921
0,1780392055.3814318,2.261631549754494,-22.387347630631513,20.754563277655947,3.488532944832504,0.0,0.5308773246323897,0.22042832792692618,-0.021355115163400676,0.045509141832153995,17.310887060671817,-24.70304268306012,2.5529176702665097,4.089736617817612,-29.96462298688371,0.6692833466329149,0.8859367253230248,0.017501104608148473,0.1903679233936066,30.091249802535604,-21.93959546021231,1.6598237317228897
0,1780392055.4314318,2.262638241778736,-22.39902444020966,20.75533884388539,3.487742351989389,0.0,0.40279241203345306,0.22040929321580346,-0.005059609552498418,0.03353476350014499,17.321334631939465,-24.709778981885965,2.5538386947198966,4.094201310100218,-29.936562371322644,0.6769536067034543,0.8752893666198827,0.014446327542775996,0.1610872405059678,30.079618092412765,-21.906144689427588,1.6680663319226676
0,1780392055.4814317,2.2268385955484784,-22.406248758854446,20.784572736640857,3.4861810968837097,0.0,0.2637474922133148,0.22129956519123972,-0.03455155794919241,0.02050509068906052,17.227973299841878,-24.78922372407116,2.5792080555167587,4.098606385734171,-29.90872117163984,0.6829836622958827,0.8655717388230904,0.01089795206428563,0.12564797735185368,30.065973889932508,-21.876149930917787,1.674538257423233
0,1780392055.5314317,2.235410445834438,-22.410788217835407,20.836522384967854,3.4868545759431138,0.0,0.12492411511420987,0.22104356533415995,0.01600924703341214,0.007982779975471874,17.250854419876358,-24.777703852806614,2.631900289492748,4.102943486658131,-29.881185913005346,0.6871320204199014,0.8544244059773357,0.007026920195097446,0.08632463574169369,30.050468980087196,-21.849547741368788,1.6790024773680505
0,1780392055.5814316,2.2739216517556784,-22.415813205733112,20.832794408302714,3.4871286584737398,0.0,-0.007332455763940227,0.21989342121323935,0.021001547921661323,-0.004100254589642561,17.375342672181425,-24.6898786173592,2.6332476712657815,4.107242854167156,-29.854007168893855,0.6893215173214009,0.8458712268918601,0.003234509832672552,0.04715578138530701,30.03327833939536,-21.82617037728808,1.6813883665315732
0,1780392055.6314316,2.3227289867233107,-22.421697991405125,20.835107653854795,3.4882466795156364,0.0,-0.09896101736840339,0.21843578133861097,0.020857064767594188,-0.011156440983731837,17.688290301385138,-24.455672533749027,2.6508174793912005,4.111533469005173,-29.82719817951093,0.689599050027299,0.837652419982028,-0.0004111668260347889,0.009460127154167122,30.014488977363932,-21.805913660512704,1.6817460363551575
0,1780392055.6814315,2.3832912974289986,-22.431070727718755,20.8430300948029,3.489135039681654,0.0,-0.15891201358671012,0.21662707699032427,0.046247350234674606,-0.01582175404392293,17.96739597212799,-24.245601580499073,2.6716106794505556,4.1158243634010585,-29.80077667060996,0.688312007534329,0.8295555194889632,-0.002845461890447303,-0.017706288379910534,29.994263999698507,-21.78856276474461,1.6804312846594147
0,1780392055.7314315,2.441531537537737,-22.444206987468164,20.853615780670353,3.490434843480374,0.0,-0.18091268607237865,0.21488772169983916,0.032038296227161894,-0.016664704679039223,18.210020330305642,-24.065017012092145,2.693067563457312,4.120125852568096,-29.774721908182478,0.6859315037329221,0.8228820476465896,-0.004426198903802014,-0.03622858460989323,29.975216571895906,-21.770080015611235,1.6780761216591573
0,1780392055.7814314,2.490150833679197,-22.461437770307576,20.825645226799452,3.4916318583966315,0.0,-0.16466259781488352,0.21343569763871895,0.042977479085965976,-0.014782084259086004,18.539404910412024,-23.811632786518523,2.6814244480544573,4.124437628594435,-29.749007684082905,0.6829473789206366,0.815663573971454,-0.004931932894065479,-0.0442548062348614,29.958366075873613,-21.748855594871813,1.6752345803907591
0,1780392055.8314314,2.5137122163956582,-22.479811276992148,20.787322747584078,3.492438195750852,0.0,-0.11990648992153041,0.21273203268811938,0.02328283978504033,-0.009757597891402394,18.691725822812753,-23.70519754738401,2.650282475435123,4.128752106032966,-29.723605044010096,0.6798394485366872,0.8091435287449658,-0.004567086511371209,-0.043349560333382955,29.943682128645847,-21.72487941269503,1.672386756615241
0,1780392055.8814313,2.489470127990847,-22.499685877963948,20.7687969604412,3.4924679942302443,0.0,-0.051539926184584625,0.21398000599293857,0.0076207723971697845,-0.0026194023133605583,18.560018270319738,-23.844315069754195,2.624362314525179,4.133051244003376,-29.6984772050145,0.6770589233233251,0.8017533561608606,-0.0032937058140388113,-0.03342404764801116,29.931090621703177,-21.698191849719738,1.6699822600851153
0,1780392055.9314313,2.484988741564878,-22.51907412362174,20.74646789585291,3.491975734369055,0.0,0.03537982965731425,0.21388315969762406,0.0024529785156625216,0.005807936655709994,18.54482485331612,-23.882671468648073,2.6006145161983625,4.13729158331339,-29.67360188416223,0.6749975935181141,0.7936072259203274,-0.001341618103792658,-0.01650713537678188,29.920430674354847,-21.668991050028335,1.6684060754631158
0,1780392055.9814312,2.5196579966156536,-22.539146383097176,20.783066874056438,3.491302856599164,0.0,0.1317126250942336,0.2119158381515696,-0.011682747772057106,0.015728024335778863,18.7662592377433,-23.719160909484422,2.6478601463904177,4.141488586572311,-29.648945385941023,0.6739356496228188,0.785272629679842,0.0010394101508931144,0.005003882706555544,29.911636243162732,-21.637307388006604,1.6679360605817628
0,1780392056.0314312,2.572236197047762,-22.559486023010393,20.828836805204162,3.4915195389081357,0.0,0.2357686543018155,0.20893226592276437,0.013368163254991784,0.025818169278309988,19.12126323552208,-23.432877474890233,2.7115032449974557,4.145666091454539,-29.62446845065347,0.674088913365817,0.7763621228130572,0.0038314683239354134,0.030526625067852396,29.904692211220144,-21.603081060472203,1.6687889010314763
0,1780392056.0814312,2.632809534832357,-22.579981292982104,20.880631574578626,3.4915388998759687,0.0,0.3483412122932066,0.20549500624223355,0.015132263682326402,0.03594074117860352,19.37097034520049,-23.23337191455674,2.774746785747869,4.149838075112305,-29.600110794749376,0.6755768066268337,0.7688636072567672,0.006736823204726,0.057382950533428886,29.899567350492703,-21.566236399210016,1.6710853718561998
0,1780392056.131431,2.6906425809428214,-22.599203245953245,20.937771004497552,3.4931311962431573,0.0,0.4605073727085224,0.20221324557214002,0.021213064182370917,0.04627762949489131,19.597976085320056,-23.0487573445494,2.84225063329459,4.154011965274385,-29.57580532741208,0.6784307668806115,0.7616182740127458,0.00965470945438326,0.08441999000107839,29.896219164065236,-21.52670042553619,1.6748582100870264
0,1780392056.181431,2.7383159363280427,-22.616894449573177,20.998707576599937,3.4945293076181616,0.0,0.5719520174247649,0.19950800085070897,0.042985694253335094,0.05635322052439188,19.888788397105287,-22.79591041996359,2.9181061152788175,4.158182110551898,-29.55150190252308,0.6826585142294648,0.7548261899538056,0.012604756462111863,0.11158921676756219,29.894569191222946,-21.484484860248553,1.6801138213561373
0,1780392056.231431,2.7644184164343337,-22.631495886665693,21.00636170459892,3.496001874707409,0.0,0.6664715808377807,0.19802680457339186,0.004958510211633004,0.063817457493105,19.969596466282802,-22.737805320213194,2.9289581817994055,4.162338073896751,-29.527139146809592,0.6882407339163494,0.7492442189886964,0.015494761016273832,0.13810877925172085,29.89449478520874,-21.43964772813648,1.6868296125989275
0,1780392056.281431,2.739092046771775,-22.638574897843124,20.99715549374924,3.4973312376982864,0.0,0.719854183646303,0.19847397753094745,0.02172507072225304,0.06819667063645979,19.906824385103548,-22.808626419482607,2.91670168801852,4.166453442326514,-29.50270997521946,0.6950046366196103,0.7418902304710795,0.01777106320895134,0.15937073978142052,29.895813042240395,-21.392440415776825,1.6948234395728665
0,1780392056.331431,2.7345817972924924,-22.63923256734524,20.994934906619875,3.497182975007254,0.0,0.7435811058063792,0.1991649007401462,-0.005803263915348777,0.06857952101810579,19.889338131900644,-22.826451506371193,2.9135777436682098,4.170491544107326,-29.478233876939562,0.702612912130407,0.7354761032758228,0.01920904248807079,0.1731550358714661,29.898260572394648,-21.343290478015895,1.7037424523665496
0,1780392056.3814309,2.7688984887983126,-22.634597199718204,21.049057376593286,3.498018876994417,0.0,0.7203130459026944,0.19896102433865973,0.013018585213234747,0.06555952802596818,19.97949762548761,-22.732489899986135,2.9719331439308014,4.174450267954521,-29.45374281940253,0.7106206146070964,0.7278188794942353,0.019556538134317333,0.17717653217718027,29.90174614282535,-21.29238278096467,1.7131350291381446
0,1780392056.4314308,2.8221421234582165,-22.62495287758769,21.10951788896997,3.4974887313547574,0.0,0.654836772254753,0.19864470245096608,-0.004216909107020691,0.05877750030680374,20.06827301306699,-22.63219324519815,3.035944337519485,4.178349151104191,-29.429280099706418,0.7185512750671146,0.7212670519347251,0.018905745964276383,0.17201936661444392,29.90592426202926,-21.240324001796694,1.7225005317314466
0,1780392056.4814308,2.8825380374603986,-22.61163547410497,21.169583828676323,3.4965497023784358,0.0,0.5475863443095866,0.19828588867635835,-0.01567660808489898,0.04730429335458451,20.28759255790704,-22.395814494658076,3.10758438676622,4.18219736785614,-29.404891830718725,0.7259347932496376,0.7140126140023207,0.017206815016129497,0.15737802953970179,29.908709368093994,-21.19047585707014,1.7312341390855215
0,1780392056.5314307,2.9428140096486843,-22.594883365565767,21.2284695302352,3.49570354600779,0.0,0.4143612850814955,0.19792778747934284,-0.006942051876234442,0.03455930427773628,20.566685140268785,-22.0870156623826,-3.100982085163775,4.186001392221233,-29.38066706359828,0.7322417135513568,0.7063335729897657,0.014259674949017389,0.13167649073316318,29.909958466686472,-21.143250946612365,1.7387914879710191
0,1780392056.5814307,2.987973044094589,-22.577616705057522,21.285289210261908,3.494264418987817,0.0,0.2853435160048762,0.19765949642232547,-0.0205629340255516,0.0223563226791921,20.62708214947567,-21.999348420829424,-3.041510843747819,4.189770003180509,-29.356670031955495,0.7370968168328571,0.6991678567492361,0.010770378040888587,0.1006844717814679,29.90983091628299,-21.0985388917699,1.744802872465848
0,1780392056.6314306,3.012931010210166,-22.55846785413055,21.308685184016838,3.4938652216592656,0.0,0.15705866736547452,0.197511220463986,-0.011946802746363007,0.010292195395144716,20.667317841435977,-21.929639840543086,-3.0157567189124315,4.193507737619574,-29.332950042666315,0.7403943569441429,0.691360652668559,0.0072995600702725795,0.06940796803025992,29.908439074260926,-21.056272823255952,1.749166106223325
0,1780392056.6814306,2.988880143470885,-22.538097614237774,21.294644052326245,3.4932448552588253,0.0,0.039170863580700474,0.19602953481483798,0.005955262684878095,0.00036270781097386086,20.600289937306492,-21.970191700039976,-3.0320860236243625,4.197217520414751,-29.309548897257063,0.7421470121919729,0.6840167370086269,0.003898421737622804,0.038753136732457324,29.90587414634313,-21.01640306632767,1.7518966101209603
0,1780392056.7314305,2.984105872375469,-22.516420210306904,21.27804967814915,3.4929790446684215,0.0,-0.04424226543745252,0.19675976782468427,-0.022688385071665547,-0.007049258791174901,20.575807333592504,-21.964393278347085,-3.0490353967635215,4.20092797611513,-29.286466656994886,0.7425040372001681,0.677645511350817,0.0009918511169908456,0.012371190139929173,29.902293052673464,-20.978694606168467,1.7531520654639525
0,1780392056.7814305,3.018984530532983,-22.495806918966615,21.2937689403321,3.4940089064437854,0.0,-0.10710649651626653,0.1994728827185591,0.03751262331288089,-0.011783518621397036,20.63717311456807,-21.870469594942804,-3.029965653762808,4.204603570273755,-29.263719580796554,0.7417323464178627,0.6698651796340902,-0.0012466492593106145,-0.00811721450149152,29.89758315215827,-20.94337050902721,1.7531918813644918
0,1780392056.8314304,3.071818681981319,-22.477862774608138,21.33279095642039,3.493983585404527,0.0,-0.13322213678420355,0.20358270605385964,-0.010558263245217844,-0.012938039563061431,20.75570833997736,-21.719344718256014,-2.9847893001278365,4.208217444902416,-29.24127835327211,0.7401473556119531,0.6650621432361709,-0.0027556281758100666,-0.02210445733311267,29.891670259358584,-20.910506647210283,1.7523286173446113
0,1780392056.8814304,3.136743194041488,-22.462047399044792,21.369083410985965,3.494391101756117,0.0,-0.13172966001510425,0.2086330052899286,-0.0031280330817060453,-0.012209280715149713,20.890978423149445,-21.55166460691469,-2.941824160962881,4.211749120934768,-29.219117297353602,0.7381267085521799,0.657790970974338,-0.0033399672396080306,-0.028018309637746118,29.88453690396027,-20.880094103415928,1.7509403315988372
0,1780392056.9314303,3.190442802104736,-22.451505136300817,21.402216435725762,3.4938518867840833,0.0,-0.11481112985189522,0.21281015011510163,-0.008109662774672207,-0.009783443864228428,21.00703089873848,-21.410584176519343,-2.9029612011824533,4.21517962085995,-29.197252468957476,0.7359968548513072,0.650808163515451,-0.0033116796717099655,-0.0283455549366681,29.87622880832995,-20.85210008860965,1.749355684040804
0,1780392056.9814303,3.237607839749112,-22.44275509151399,21.43201082388279,3.493946150016309,0.0,-0.07677584463770604,0.21647898867893722,-0.019240167014261282,-0.005549333871758704,21.112465202737834,-21.282279731339464,-2.867880084167684,4.21852208872224,-29.1756631604463,0.734001636387994,0.643521709913008,-0.002793788169217632,-0.024254747032635735,29.866861677240593,-20.82630830929135,1.7478262433017537
0,1780392057.0314302,3.2625818781098115,-22.43605694430556,21.432994277695478,3.4934082427652333,0.0,-0.02208345029136914,0.21842165043876233,0.0019195802276418,0.00034966501139536976,21.1573857700202,-21.222801157156816,-2.8647013897772062,4.221780654699455,-29.15433953897796,0.7323568848497879,0.6356433858076914,-0.001800531895500739,-0.016005312765072437,29.85652098845395,-20.80256957990844,1.7465734036901672
0,1780392057.0814302,3.244843697600809,-22.429903423750062,21.38812858347749,3.4930882119734337,0.0,0.0405273761510995,0.2182341532637472,-0.01838266446732831,0.006981029359568064,21.118305339016977,-21.256742815131034,-2.9110674150956655,4.224977131397009,-29.133245169632563,0.7312597444027733,0.628834777593719,-0.0003730965959162177,-0.004029881194635468,29.84529636305796,-20.780676139975267,1.7458010684772702
0,1780392057.1314301,3.226859756742067,-22.42240461415052,21.3523493268833,3.4930467144882362,0.0,0.1219971579681296,0.21728864082388974,0.006570156833219636,0.014797331054692817,21.0732546290486,-21.295121465628498,-2.9486624513018427,4.228135994007416,-29.11235196541545,0.7308424103957627,0.6210836610676517,0.0012877671183269253,0.009972707901084175,29.833261856363663,-20.76045969479261,1.7456466916037172
0,1780392057.18143,3.25186492225457,-22.414376800855432,21.325058524361374,3.492928145614964,0.0,0.20660283619409459,0.21693424007708426,-0.00848170382545523,0.022842709840963427,21.120994394990554,-21.230675280247702,-2.973509091516636,4.231264205127537,-29.091626286729113,0.7312145159711232,0.614666679798204,0.0032194359707525873,0.026195972295625168,29.820433714042704,-20.741833435872522,1.7462223577652072
0,1780392057.23143,3.302379239631478,-22.40545005234305,21.34100590026459,3.4925742512756632,0.0,0.2982015089099873,0.216218295533794,-0.01668768519697918,0.031059275851933958,21.20819611146398,-21.120827378950384,-2.953570010103846,4.234352849327395,-29.071033635419838,0.7324372022233145,0.6075599992560796,0.0052395060776874326,0.043131984884763774,29.806801281448603,-20.724751501811863,1.7475905312065727
0,1780392057.28143,3.357308213413756,-22.397174342566775,21.357721578866183,3.491229971336464,0.0,0.3886811996685971,0.21543978161754077,-0.042471999851688785,0.039385266426474795,21.414341833130457,-20.876564198882075,-2.925042872505699,4.237400943490004,-29.050570786157778,0.7345289648268927,0.6001217847400668,0.007287428929324808,0.060216527373089475,29.792396173189616,-20.709158606697507,1.7497718068917836
0,1780392057.33143,3.4209275955772425,-22.3865190266925,21.370789954253,3.489183193867521,0.0,0.4926058142068793,0.2145380976619289,-0.055453206598755474,0.04843560859485034,21.745616871103156,-20.475329136802017,-2.89158315432714,4.2404026192148905,-29.03024546586801,0.7374888677735569,0.5914833171750328,0.009327321663741641,0.0771070618621358,29.777763523028867,-20.694192255795052,1.7528004773594628
0,1780392057.38143,3.4703863590060577,-22.375159566418034,21.37967361164219,3.4885101199713615,0.0,0.5702535623133589,0.2138371135917981,-0.010327567351603227,0.05521036857650885,21.885076321049496,-20.290730941486224,-2.874584723330159,4.243351797732747,-29.010067880001717,0.741337152384379,0.5822899271713516,0.011461794084200002,0.09459252181998559,29.76378362660501,-20.6784534445549,1.7567539251655937
0,1780392057.4314299,3.505193263335606,-22.359288624492503,21.41004982367523,3.4877110467878656,0.0,0.6282830132980406,0.2133437918066569,-0.012752654103000548,0.06009012584068552,21.913409714192934,-20.23165906442879,-2.8429227008794236,4.24624964098695,-28.990003666464133,0.7459552080233869,0.5754657856281313,0.013185266592551738,0.10863164515832176,29.750412004525856,-20.66194787578827,1.7615125980077373
0,1780392057.4814298,3.500939586143973,-22.338812458451187,21.470696525243124,3.4897385652920945,0.0,0.6616220256041078,0.2129069407525552,0.04199970111058078,0.062494892722843136,21.88775594440292,-20.230542649374357,-2.782778973534839,4.249099876789004,-28.97001899727879,0.7511531924382822,0.5686281910365026,0.014439771207195735,0.11874755558276366,29.73759418843529,-20.644698214438343,1.7668849412176044
0,1780392057.5314298,3.4768156092775477,-22.310604074686072,21.485956765055672,3.4919894913019425,0.0,0.6622176190051327,0.21307323596405503,0.07025109852278616,0.06095633292387318,21.83952413833797,-20.2445301681734,-2.7682989811159047,4.251910392741564,-28.95007958143913,0.7567006530114391,0.5646330700483607,0.015143203585575792,0.12430740619503297,29.725285923973956,-20.62670965558132,1.7726393403009872
0,1780392057.5814297,3.5015040908784654,-22.27828383454153,21.460535554051063,3.4948539186039485,0.0,0.615692970594275,0.21366876016607092,0.03628165877377244,0.05515023957624429,21.842350180554,-20.19047166187457,-2.7928795732242833,4.25468860030096,-28.930137738464417,0.7622863989313915,0.5621396211786506,0.01501044027307233,0.12309330684397705,29.71343695068476,-20.607971544693115,1.7784638128301475
0,1780392057.6314297,3.5486196608081064,-22.240985440217408,21.451621039717434,3.4973110618196,0.0,0.530536591476652,0.21480526028132427,0.05653636129453684,0.04595727290220595,22.009210254709398,-19.927640447617307,-2.7900250602877534,4.257434586441414,-28.91023501167491,0.7675249008343172,0.5580305251743137,0.01387754379115319,0.11371533678880845,29.702063122027724,-20.58853581403562,1.7839716536118386
0,1780392057.6814296,3.6068546716542613,-22.20114560009037,21.473660180230077,3.498134900333007,0.0,0.41305609141267396,0.2162099784379182,-0.007607854338595656,0.03430812395046752,22.16788194516848,-19.665113086257172,-2.7569194013689824,4.260147171013035,-28.890425844346495,0.7720400330049162,0.5549774232084097,0.011894927590662047,0.09736053025000169,29.691188673539624,-20.56846529240389,1.7887854319287246
0,1780392057.7314296,3.6671451743800785,-22.16007793278,21.489238069087797,3.497657996904417,0.0,0.30461777849222166,0.2176642782245683,-0.007125932289689562,0.024270762288384266,22.249662438821193,-19.49457822248424,-2.735735917563538,4.262824340067918,-28.87079094464181,0.7755421151944875,0.5487322639410063,0.009247871887717134,0.07555405464989369,29.680857562888452,-20.54784081287908,1.7926140139193496
0,1780392057.7814295,3.7199591349196606,-22.118817977307828,21.49722903720661,3.4962948918545664,0.0,0.19196602345112995,0.21893823229813372,-0.041766205398740486,0.014304656696848238,22.319108869035933,-19.337863552286016,-2.7226160943239286,4.265461378414308,-28.851408820090708,0.7779890663398876,0.542507011281647,0.006739629442174011,0.05484632618341626,29.671103670547435,-20.52675532668833,1.795413409175021
0,1780392057.8314295,3.7547966495405527,-22.077358925523225,21.502301963604715,3.495279294209624,0.0,0.09852097789792984,0.2197785668083797,-0.02425158496578503,0.006367701043106203,22.313832244917975,-19.276894376619957,-2.7170821722326153,4.268058911254816,-28.83232675417192,0.7794220861328487,0.534564173660689,0.004307409798103934,0.03482886395065729,29.6619464776292,-20.505265727044147,1.7972235145178477
0,1780392057.8814294,3.7635318080456206,-22.035961716814572,21.55585685797964,3.49369694196772,0.0,0.024179867330254217,0.21998927228562623,-0.023618921473618645,-0.00014636038506124277,22.309695993783354,-19.214443690717577,-2.661795105328789,4.27062066428165,-28.81356526820678,0.7799752358424179,0.527531931869834,0.002277823805996773,0.01820511175237307,29.653392784080744,-20.483398503926786,1.7981776404662213
0,1780392057.9314294,3.727727551294864,-21.994146023624968,21.563521564513465,3.492392731874341,0.0,-0.03494028826782593,0.21917388400280421,-0.024499740289083975,-0.004918383090606909,22.224674888539443,-19.25617595289107,-2.6563632745337955,4.27315571092294,-28.79510806796421,0.7798132888217406,0.5205874502317358,0.0006214162439535939,0.00474113328361817,29.645437718465843,-20.46112887807646,1.7984409225277735
0,1780392057.9814293,3.7280284034445423,-21.95339249523074,21.542325187205066,3.491842711573042,0.0,-0.07029258004151953,0.21918024835868166,-0.0012541653023013626,-0.007333261360459184,22.192535836376734,-19.231116779576002,-2.677565361695926,4.275674103912851,-28.776949629997993,0.7791082463257517,0.5136891058588826,-0.0006247438432531878,-0.00529330876947573,29.638095034848572,-20.43842221032469,1.7981863214841898
0,1780392058.0314293,3.7585323444011642,-21.911471674248485,21.515726087807796,3.4926785624428196,0.0,-0.07804065509013898,0.21982554185623496,0.034053176796905005,-0.0067781672609729966,22.193284574643865,-19.161572751561543,-2.7030244858305963,4.278169314707403,-28.75905713649521,0.7780654308591899,0.508022108298996,-0.0013634799132804629,-0.011135159112654749,29.631304422925897,-20.415311991655432,1.7976173302452203
0,1780392058.0814292,3.809015139031486,-21.87177607050824,21.495838378088813,3.4947593802613652,0.0,-0.05736399680988251,0.22089347662438802,0.03308803303641354,-0.004175950779506853,22.501573573644073,-18.685997882489954,-2.6993915855802086,4.280639970480123,-28.74135856824791,0.7769328909976974,0.5041612923714972,-0.0014835497956223768,-0.011924432301644092,29.624986748725686,-20.391787584865618,1.7969809502422134
0,1780392058.1314292,3.868249038269915,-21.835900356777657,21.49026177326173,3.496826067754302,0.0,-0.014802640254286589,0.2221465360263728,0.051128608969041034,0.000995555882705216,22.664310384777657,-18.399963210616804,-2.6927108390024976,4.283083821342577,-28.723803506666798,0.7759248001179619,0.5002707572280067,-0.0011030383066175002,-0.008701410555119016,29.619077190058142,-20.36785637750745,1.7964900652624127
0,1780392058.1814291,3.9283194199053617,-21.802028482614993,21.49699074264036,3.4980042981226367,0.0,0.061636977745597364,0.22341729073705172,0.0123514929622985,0.008769709831766602,22.789930366890964,-18.164291176956265,-2.6765930495682646,4.285498247418138,-28.70635260353372,0.7752584827289217,0.4972864621066567,-0.00017966985043570995,-0.0011318619458189245,29.61351763329521,-20.343536088527273,1.7963605381131078
0,1780392058.231429,3.978036127299345,-21.769839997096046,21.503986989073113,3.49831363916292,0.0,0.15445740271735733,0.2244690193660416,0.015932600471158166,0.018111390451151295,22.92632173898982,-17.910949124821645,-2.6587552045831018,4.287877080910049,-28.688995774599157,0.7751584695756186,0.49236287491995534,0.0012947103492155984,0.010831715276816133,29.608258989974715,-20.318885882497575,1.7968144923825875
0,1780392058.281429,4.008862594977985,-21.737995321736705,21.559894081325588,3.496507401134741,0.0,0.2633120724860602,0.22512113573270554,-0.046550327739142375,0.028646356790499695,22.925506686794677,-17.85578886956581,-2.6021943029686128,4.29021493275065,-28.671737563257096,0.7757933232591023,0.48762376229830057,0.00315215243454857,0.02577515718201912,29.603264516494903,-20.293973053402496,1.7980180335666018
0,1780392058.331429,4.003490376215188,-21.703888158356598,21.600408749908073,3.494753521758904,0.0,0.3823615502081104,0.22514739568994022,-0.021118714253188047,0.03986416438137359,22.88949524181317,-17.84801322552937,-2.56207350823572,4.292505444673008,-28.654605544185802,0.777278566032078,0.47978577113524945,0.005254629247588411,0.04258406374130205,29.598510108736892,-20.268888698095697,1.800083774827753
0,1780392058.381429,3.9734498661869013,-21.665911234035207,21.617539014638854,3.494388942724042,0.0,0.5104759406593042,0.22481082914328154,0.020135011083823873,0.052702856499864024,22.83434283010014,-17.861314764071132,-2.5455016493141684,4.294747278592826,-28.63761147465053,0.7796724982800631,0.47326682153940236,0.007498104574912078,0.06037979890962834,29.593977742438568,-20.24368393351787,1.8030682252553785
0,1780392058.431429,3.9940130015521036,-21.622799849932328,21.6274604260987,3.495711201732322,0.0,0.6472228993343572,0.22479772893063837,0.02602307612232952,0.06560454311271718,22.814401310666724,-17.814150134584988,-2.535253932604661,4.296948262174133,-28.62067247428027,0.7830660727675767,0.46883166216269495,0.010014345224154977,0.08028768106625632,29.589611096347053,-20.21829101265446,1.8070630723498837
0,1780392058.4814289,4.0369211909776705,-21.575624839918294,21.619888151356413,3.4906513411826663,0.0,0.7715674433768889,0.22477039329355647,-0.15473832096261642,0.07735075098611435,22.869723234913735,-17.64918787741665,-2.5370585048764305,4.299108542832525,-28.60372871699945,0.7874968258158392,0.4646965562597029,0.01260968651256009,0.10068545338160878,29.585335361042972,-20.192716844515182,1.8121042982010422
0,1780392058.5314288,4.093993155766519,-21.523973846218933,21.610927853553182,3.479736559916579,0.0,0.869838589547445,0.22473403430153413,-0.22486112714435572,0.08555316423787873,23.040947872102127,-17.298675982025998,-2.530724548437256,4.301206337952421,-28.58692705757293,0.7928938588871643,0.451617851319961,0.014833951305640445,0.11795206282449568,29.581018741155845,-20.16746072876444,1.8181044603178087
0,1780392058.5814288,4.158698010170227,-21.463609917413418,21.612150607025526,3.4644991447486664,0.0,0.9414538559351753,0.22469281260373947,-0.23444172905296518,0.09175609154037326,23.101833817976,-17.094409889595358,-2.5230005253880243,4.303215159357668,-28.5705044554411,0.7989455987986247,0.43525323229087803,0.016285811135017373,0.12862155154481633,29.57666968274188,-20.142966775535534,1.8247397517504131
0,1780392058.6314287,4.209211479726889,-21.406354129694403,21.612109858021505,3.4561459957274585,0.0,0.9738715591553607,0.2246606318501343,-0.1454576377713309,0.09354455306068007,23.25036176875843,-16.753694054252957,-2.5082648311261764,4.305129401510004,-28.55454677286334,0.8053746137054931,0.41864619793487273,0.0171481800671044,0.13444948425031625,29.57232457775648,-20.1193428615707,1.8317303086401946
0,1780392058.6814287,4.249341999804209,-21.33852660950546,21.66145025017405,3.4486845038068337,0.0,0.9800351284220428,0.22463506579042802,-0.08687123668699348,0.0932177275875162,23.252157838001168,-16.62241132317735,-2.4555427706649304,4.30696392488947,-28.53900751347069,0.8118487460127772,0.40670978364999866,0.017422952483278197,0.1353268540497596,29.568006925074013,-20.096462643857848,1.838747602864058
0,1780392058.7314286,4.263012614453978,-21.264335465234762,21.74104095219543,3.448691833227371,0.0,0.9600492734689118,0.22462635661472627,0.06321795439046088,0.0903076661273872,23.211389281938967,-16.54732262852439,-2.3746042292047598,4.30873934861844,-28.523767311100414,0.8182058784060171,0.39785655380339774,0.017335424467194573,0.13346298589036806,29.563708658307554,-20.074110521547652,1.8456350642668333
0,1780392058.7814286,4.243572831875047,-21.18350278133563,21.792195758954055,3.454541954282205,0.0,0.9244330321714801,0.22463874116995086,0.15257432358961454,0.08613519631315808,23.1137701230111,-16.551415541457843,-2.325119273308971,4.310482845432244,-28.50865053820766,0.8243094905595303,0.3965818139377771,0.017071479207141114,0.1302673761513807,29.559408879763375,-20.051982469005093,1.8522639348622478
0,1780392058.8314285,4.236894055877694,-21.09422594418164,21.83571740953839,3.4670936382043274,0.0,0.8786173393115884,0.22442672209598286,0.2447876653386586,0.08122858988838264,23.032225194250465,-16.51350464146218,-2.281792139823711,4.312222641791589,-28.493442947012387,0.8301516442736356,0.3997761629479131,0.016641046901782273,0.1261601139764987,29.555062167363047,-20.029739303455656,1.858634644154602
0,1780392058.8814285,4.22302129728806,-20.9980462119557,21.871695898842898,3.4766817186935013,0.0,0.8227285113538056,0.223957231127659,0.20799371987068463,0.07612250297780451,22.933413657241218,-16.490293337170268,-2.2466957314684066,4.313981282299395,-28.47798189308346,0.8357286100730597,0.4075294889370406,0.016094162657687226,0.12162213416399892,29.550641954870596,-20.007109487627535,1.8647503699650931
0,1780392058.9314284,4.243550981248565,-20.897018710004676,21.898832907600802,3.481055922459201,0.0,0.7762186690760025,0.2246520101177008,0.08284390197494043,0.07221091374321453,22.870321185490482,-16.400399847963975,-2.2184830658293215,4.315766701155622,-28.462219782218796,0.8410506459185729,0.4133874086957245,0.015354137423651892,0.11601872984466505,29.546148876729646,-19.983998621711493,1.8706239768063968
0,1780392058.9814284,4.290429674251756,-20.78341699271943,21.915747654399073,3.484509936006812,0.0,0.728458299027899,0.22623850950278138,0.0586785196161911,0.06756210594825666,22.87308640643648,-16.1793277046497,-2.194715421556193,4.317552434880898,-28.4463103930788,0.8461290586965755,0.4129451783176327,0.01454135902431803,0.1100566968777204,29.541581881128867,-19.960705980090065,1.8762587017206673
0,1780392059.0314283,4.345989271082118,-20.676947188930804,21.918953112028348,3.490265390473755,0.0,0.674111240385083,0.22811879371208493,0.12168894662448025,0.06151839159954842,22.995066807961415,-15.768680557055541,-2.174173361063758,4.319317476452826,-28.430405519674792,0.8508718605363765,0.4112771959237427,0.013658932095465771,0.10326169082944295,29.53696308956169,-19.937489427929552,1.8815559336924625
0,1780392059.0814283,4.404333137394259,-20.56842148678427,21.90998673624419,3.493194373727211,0.0,0.6041663511213311,0.2300933049899725,0.021562484250443888,0.05496389841106722,23.132243648442014,-15.31189153043826,-2.1634483681576135,4.321066266763636,-28.41448162806373,0.8551924393449992,0.4127259368953769,0.012664770061290027,0.09538422764727793,29.532293039563903,-19.91430251348628,1.8864303133774385
0,1780392059.1314282,4.458662865832953,-20.453582678294747,21.948350139287975,3.494914328647744,0.0,0.5385299855089072,0.231931967188889,0.030024157040082107,0.04871229048446316,23.165803510261824,-15.014330614842358,-2.1142516270241103,4.322795521148228,-28.398583648564145,0.859059451558986,0.409146400431392,0.0114610689040186,0.0858844823177367,29.527591507082,-19.89119982999938,1.8908493207297852
0,1780392059.1814282,4.49871874929497,-20.3344687824577,21.992398798502876,3.4946679778302387,0.0,0.4769487083154017,0.23328756459167965,-0.036306741568238085,0.04309597679453817,23.10448049100702,-14.878037258353714,-2.0677404453558665,4.324497934738692,-28.382807755088002,0.862438254066908,0.4059839415489134,0.01025613152431527,0.07638085022255045,29.522901000036992,-19.868297999507,1.8947758061898705
0,1780392059.2314281,4.512576126190944,-20.214653595152726,22.007258605453934,3.492381306670869,0.0,0.4397693801023216,0.23375653500266774,-0.037593550189748914,0.04064635699288808,23.029758500445887,-14.76449716549352,-2.0503984632347567,4.326171337110584,-28.367212587498425,0.8653651359148,0.3995247952805653,0.00908541327303304,0.06721753261945973,29.518258024113866,-19.845650778820154,1.898245153171203
0,1780392059.281428,4.4928485059506995,-20.09264517272232,22.018905188000538,3.489657008222314,0.0,0.4212519237751537,0.23308889997755908,-0.06722457846040672,0.04028907817750545,22.88252964018388,-14.779973805116692,-2.0419329754234923,4.327813100095532,-28.351852852038018,0.8680011376472558,0.3930478519519117,0.008259272441867253,0.06109669593128128,29.513693178336275,-19.823314265486417,1.9014173288439506
0,1780392059.331428,4.49273326742456,-19.966759291118734,22.027741556023688,3.4890588917984218,0.0,0.43489924644673406,0.23308499999999688,0.010383237266518446,0.04327328868131412,22.77182150598164,-14.72004814024476,-2.0331082279583157,4.32942572671725,-28.336746658499294,0.8705038521275545,0.3851710792121202,0.0077553769677512095,0.05768162384902585,29.509232629444753,-19.801280578279794,1.9044505255972677
0,1780392059.381428,4.49273326742456,-19.839158629674507,22.03390055299446,3.4894334940490213,0.0,0.480846717003466,0.23308499999999688,0.016172230304481727,0.04758481617050864,22.659774463916424,-14.658995792497606,-2.026949230987544,4.33100785492646,-28.321829093537296,0.8730850684741744,0.3812222296832507,0.007715416182829197,0.05824182152517644,29.50481096277444,-19.77953333079668,1.9075558746012504
0,1780392059.431428,4.4764632366433155,-19.707930473126588,22.038009563049837,3.4922595143202497,0.0,0.5335413488432434,0.23225550042879456,0.05082780225179517,0.05202994667603212,22.52885478425173,-14.624965052351964,-2.0236768065260655,4.3325665285554145,-28.30700751102195,0.8758800534966706,0.3775910789799629,0.00798472986337309,0.0612810377515543,29.500383722512602,-19.75796658959255,1.9108707895334485
0,1780392059.481428,4.477217574543101,-19.57344836185604,22.042838680083783,3.494179949390638,0.0,0.5822270332874672,0.23229395905083572,0.049200076541567606,0.05658294018659329,22.411267321613995,-14.559700180273682,-2.0188384270880135,4.334110100834485,-28.29223693413126,0.8789265715691936,0.3757282406775722,0.008460092224200539,0.0656981008130416,29.495955166417808,-19.736485449596337,1.9144356897837174
0,1780392059.5314279,4.508212657423102,-19.435492243904786,22.072426173623974,3.4948387612755982,0.0,0.6467661581823688,0.23387419010903243,-0.006398406358330498,0.062667760375298,22.333908688743296,-14.413234689562781,-1.9861386218370747,4.335636249332251,-28.277480015544267,0.8822517720694361,0.373797214274465,0.00904278830032448,0.0707295291873784,29.491479317227498,-19.715094441630228,1.9182768352870525
0,1780392059.5814278,4.5575476290636985,-19.2957684795117,22.11787803165844,3.497207660444652,0.0,0.7115331206306568,0.2363894488919674,0.014196388228456494,0.06789417954303838,22.361495514798662,-14.064385130871322,-1.9266667002021514,4.337128578737347,-28.262782209639777,0.8859372274468136,0.36908610080404974,0.009706036764005973,0.07650009209459935,29.486904912599854,-19.693969749105083,1.9224700855536492
0,1780392059.6314278,4.617251851942828,-19.15338721537618,22.169174271870858,3.4981107799423485,0.0,0.7643277998603298,0.23943336613730481,-0.03863623846543643,0.07273400218455993,22.3070132703039,-13.860669299373694,-1.8703864498643803,4.338579113525586,-28.248179138176194,0.8899286346588928,0.36540305262108796,0.010394014897054337,0.08221320621544627,29.482216599744454,-19.673208169177364,1.9269581775989613
0,1780392059.6814277,4.6771604826217414,-19.00835827190152,22.21386589961442,3.499499712314003,0.0,0.8082554656629899,0.24248770476318848,0.05534225362714743,0.07660858843512841,22.348202515094066,-13.458803056403102,-1.8090738546896645,4.339982474932631,-28.233702201359776,0.8942027299628039,0.359088634451314,0.01096143416465963,0.0868955573708905,29.477408985883518,-19.652881660347774,1.9317157242288667
0,1780392059.7314277,4.726757097765013,-18.860249410489143,22.24539409391427,3.4942018072059606,0.0,0.8304776407320505,0.2450163029906639,-0.19595091423584088,0.07927339386974867,22.22412562656006,-13.375593769147814,-1.7791505380213124,4.341344493290322,-28.21931587918994,0.8986806402212437,0.3574604333036167,0.011577215613742248,0.09169284161957544,29.472480244259582,-19.632924608205077,1.9366655889515787
0,1780392059.7814276,4.757751318740328,-18.71122759616074,22.272762090699132,3.4575709264705377,0.0,0.8364916761108382,0.24659649010613074,-1.0591318090776412,0.07985704198315374,22.119471650031695,-13.251431806711539,-1.7499968067809988,4.342653680441059,-28.20517789364688,0.903312313042294,0.3433645347749918,0.011630702669209653,0.09222278403046888,29.467500215669396,-19.613530231364415,1.941753459009119
0,1780392059.8314276,4.7589442836130065,-18.565152725856155,22.296705618504596,3.383388715803885,0.0,0.819367321857825,0.24665731137092434,-1.675688741542044,0.07940360439749766,21.990654392031793,-13.182404581250458,-1.7258727268330922,4.343812338782434,-28.19240076472525,0.9077880097791571,0.28668259428047294,0.009700995045406537,0.07899917254391106,29.46288434844697,-19.596187414895212,1.94663498452812
0,1780392059.8814275,4.742285658789577,-18.412850595251864,22.31748821566057,3.2723456438186473,0.0,0.7858028141379277,0.2458079999999967,-2.2678443281372576,0.07885843798921169,21.832285393638344,-13.15881569623972,-1.7068611066916262,4.344692661503635,-28.18244829385935,0.9118421266180636,0.19992813086746547,0.009327689290303566,0.07867908620409701,29.45917862828335,-19.582859134100897,1.9509987496328058
0,1780392059.9314275,4.742285658789577,-18.268472585433578,22.33579783646397,3.1362915678283203,0.0,0.751997786966158,0.2458079999999967,-2.9208861294305524,0.07921689142454137,21.703069605723655,-13.094408477135996,-1.688551485888226,4.345181444695223,-28.176462990615196,0.9159622729217958,0.0848331936215002,0.008971826532338478,0.07853614328863893,29.456729594629223,-19.575215829395198,1.9552913104022256
0,1780392059.9814274,4.742285658789577,-18.130954118877984,22.355040586212844,2.9753317788258355,0.0,0.7281033599574617,0.2458079999999967,-3.264591694776576,0.08105063958401236,21.579992988784788,-13.033061309257718,-1.6693087361393495,4.345165202952611,-28.1756442163695,0.9202253183918057,-0.06133013836589972,0.008451894202133603,0.08773862115172136,29.455933638039927,-19.574954169467436,1.9595486211283148
0,1780392060.0314274,4.742285658789577,-17.99566101054862,22.39224972816085,2.8007075740799636,0.0,0.7067823544033793,0.2458079999999967,-3.5103355810897323,0.08421117511786777,21.45890802844901,-12.97270687659612,-1.6320995941913452,4.344609409519515,-28.18118887935213,0.9210438280852724,-0.22154756545745918,-0.007495083124642678,-0.02323197636374741,29.45763178053719,-19.583004946675693,1.9601711193317986
0,1780392060.0814273,4.742285658789577,-17.86872334698383,22.43813527546579,2.63308918240786,0.0,0.7013241115917203,0.2458079999999967,-3.395808215990853,0.08999415040622145,21.345301044710848,-12.916079818777398,-1.586214046886404,4.343475165512137,-28.193657035152505,0.918309085120832,-0.3932525799846171,-0.0087500375480689,-0.024520033221933184,29.46210410987133,-19.599989512753584,1.957037760467986
0,1780392060.1314273,4.742285658789577,-17.747295513958573,22.48011888308602,2.4752400795620484,0.0,0.718370232595752,0.2458079999999967,-3.2422473891702848,0.0986429320815282,21.236625262721056,-12.861910703572171,-1.5442304392661725,4.341728559699031,-28.212941456911967,0.9138756649253068,-0.5557562428443005,-0.026718851953737008,-0.13336974321803685,29.469098500069897,-19.626109613034913,1.9519941857924508
0,1780392060.1814272,4.742285658789577,-17.63345420188261,22.53082180965863,2.315369147409948,0.0,0.7378100452343106,0.2458079999999967,-3.4249343069670295,0.10853270040238808,21.134739283993053,-12.811125945289659,-1.4935275126935679,4.339427593681254,-28.238811174087463,0.9059578903260137,-0.7093324555887679,-0.037229838487088204,-0.17002322126600458,29.478776908916146,-19.66061318526787,1.9432793874516516
0,1780392060.2314272,4.742285658789577,-17.524976840087106,22.584915433712183,2.146832193417243,0.0,0.7524526420038615,0.2458079999999967,-3.3639331577356626,0.11861162621055722,21.03765394673875,-12.762734052246179,-1.4394338886400107,4.336546901027497,-28.271022057291873,0.8927595882078219,-0.8691691507467645,-0.04830110153994278,-0.3140753954656948,29.49084487473529,-19.703491077132746,1.9290941327719704
0,1780392060.2814271,4.742285658789577,-17.425152382864606,22.62505290690643,1.991564538198648,0.0,0.7599569549017797,0.2458079999999967,-3.103876253900433,0.12848097487904836,20.9483128073963,-12.71820223125535,-1.399296415445768,4.33304846612869,-28.30942560097164,0.8761011248082555,-1.0247518400468263,-0.06503367676323357,-0.31461848273625265,29.505042457822675,-19.754855792981203,1.9112533384127435
0,1780392060.331427,4.742285658789577,-17.330374751873844,22.654881905746002,1.8476457748530133,0.0,0.7592922890940779,0.2458079999999967,-2.8044563011651715,0.13832906562903943,20.863488489062966,-12.675921806050454,-1.3694674166061915,4.328962628492809,-28.353560263203587,0.855969293030916,-1.1635627105350606,-0.08301052452900051,-0.49486933501340896,29.521229130731705,-19.81399852260678,1.8897632399430568
0,1780392060.381427,4.742285658789577,-17.23673980045303,22.68465454880821,1.7009979289919275,0.0,0.7547835766915169,0.2458079999999967,-2.6444350316454197,0.14901666382738554,20.779686848914153,-12.63415113169695,-1.3396947735439824,4.32429455808082,-28.40240524279305,0.8287661092559606,-1.2860330263868525,-0.10233414773815509,-0.6032798212068204,29.53866488372244,-19.88012320532948,1.8610380110457818
0,1780392060.431427,4.742285658789577,-17.161771687413808,22.70763848526695,1.5937774620758451,0.0,0.7538846211403357,0.2458079999999967,-2.210395916106777,0.15894697960140441,20.71259170189673,-12.600707758371696,-1.316710837085246,4.319060837754814,-28.455212198654177,0.7962834771358613,-1.3977245397015765,-0.13218096647690153,-0.7116826965200277,29.556922771782666,-19.952440132662325,1.8268866536935384
0,1780392060.481427,4.742285658789577,-17.085908984895845,22.704507707726336,1.4979082546529776,0.0,0.7606663857934393,0.2458079999999967,-1.8358839899950223,0.16995587529506254,20.644695912977532,-12.566865307509374,-1.319841614625858,4.313268622071159,-28.510958597245352,0.7620713867153,-1.4878916659144223,-0.15274276325263864,-0.7138013681300635,29.575310333807145,-20.030070864805516,1.790874280189298
0,1780392060.531427,4.742285658789577,-17.013624869015064,22.69332464230733,1.4256375608060587,0.0,0.7759409462806717,0.2458079999999967,-1.421244691442609,0.1821686543271635,20.58000289636782,-12.53461926882861,-1.3310246800448624,4.307004846652182,-28.568765442234035,0.7260787358560794,-1.5563086972036584,-0.18402088028918206,-0.7520219926811036,29.5936718542862,-20.111529051766816,1.7529897646004429
0,1780392060.5814269,4.742285658789577,-16.943802430263116,22.690593869153275,1.3692409473346405,0.0,0.7955354277930602,0.2458079999999967,-1.1373800669937155,0.19395224056301122,20.51751303763647,-12.503471387536209,-1.3337554531989184,4.300333508000582,-28.627662688151272,0.6900297277691267,-1.6032876305991988,-0.21262171347867995,-0.755559621288634,29.611647275615987,-20.195504848256412,1.7149886072135647
0,1780392060.6314268,4.742285658789577,-16.877459248250975,22.707868577818036,1.3214290421837136,0.0,0.8166060368854432,0.2458079999999967,-1.0485894654556078,0.20509540952722524,20.458137052697655,-12.47387560722817,-1.3164807445341609,4.293338225640615,-28.686963119840378,0.6538642889977409,-1.6346158085501126,-0.24295941423551348,-0.75985776418249,29.629802665487823,-20.279726744776568,1.6768862775733933
0,1780392060.6814268,4.742285658789577,-16.81347707600878,22.73427270681396,1.2747962145719098,0.0,0.8270111447806886,0.2458079999999967,-1.0452519790758945,0.2140274583900935,20.40087413011565,-12.445333076467966,-1.2900766155382328,4.286066158107034,-28.746278437762182,0.6175340567868854,-1.660091791925676,-0.27468636133242696,-0.7648710173726678,29.64981035782567,-20.36072380326123,1.6387661005375458
0,1780392060.7314267,4.742285658789577,-16.752680897279483,22.7638369362608,1.2314814373568903,0.0,0.8204676393630781,0.2458079999999967,-0.9549462092659834,0.2152862491761821,20.34646261587885,-12.418211821582855,-1.260512386091392,4.278531416667873,-28.80545229062143,0.581002748740246,-1.6839287971389396,-0.3077053133941308,-0.7704835464329581,29.67208852659136,-20.437559677440085,1.600625685706607
0,1780392060.7814267,4.742285658789577,-16.69423631020234,22.799407409050016,1.1740261862970482,0.0,0.7852640568966139,0.2458079999999967,-1.1712522865118378,0.22293536347855103,20.29415573494853,-12.392139614810908,-1.2249419133021817,4.270749403795313,-28.864333727590473,0.544247374337663,-1.7016479672760443,-0.3418437527312946,-0.7762633759277378,29.696989580724576,-20.50942332659825,1.5624706920315248
0,1780392060.8314266,4.742285658789577,-16.63975445651629,22.81857948385463,1.119753010129106,0.0,0.806524413682568,0.2458079999999967,-1.013664351477711,0.2441513880808233,20.245395430938547,-12.36783518859011,-1.2057698384975666,4.262706866768682,-28.922916636712504,0.5072535867880479,-1.7285815922715124,-0.37725684555262995,-0.7825854688173589,29.72490446963566,-20.575720212634444,1.5243104971017187
0,1780392060.8814266,4.742285658789577,-16.58725082369669,22.8551786810436,1.0960547015922808,0.0,0.8947978072552918,0.2458079999999967,-0.29731730053734545,0.27551968426383533,20.198405599926836,-12.344413249286404,-1.1691706413085967,4.2543998530247,-28.981160462077813,0.4699746906539004,-1.7461315467693137,-0.4141488405068078,-0.7902665813450045,29.756256538889744,-20.635736810250094,1.4861257111851351
0,1780392060.9314265,4.742285658789577,-16.533110738921494,22.92032121401097,1.1255082996525743,0.0,1.0593116576379256,0.2458079999999967,0.7536775011022109,0.31402628861454585,20.149951173101037,-12.320261286623953,-1.1040281083412253,4.245950839097416,-29.038504166652142,0.43229640374785117,-1.726676838073448,-0.45182296716972514,-0.7999498378317986,29.791220865311157,-20.68816860949874,1.447837585531567
0,1780392060.9814265,4.742285658789577,-16.481851539882673,23.000200326437895,1.1913885116745864,0.0,1.2530296803026812,0.2458079999999967,1.5904839030577183,0.3497722801919446,20.104075088508836,-12.297394490858242,-1.0241489959143024,4.237606972571725,-29.09399645758304,0.39404521192745756,-1.6540521180452357,-0.48866876335347786,-0.8121406288688806,29.82946277094249,-20.731785190257227,1.4092921666449767
0,1780392061.0314264,4.742285658789577,-16.422935262837125,23.09390724058866,1.2878052654444434,0.0,1.4732757583102607,0.2458079999999967,1.901809279821391,0.38303976683980206,20.05134605332528,-12.27111186257417,-0.9304420817635375,4.229656064614922,-29.146962016598664,0.3533392476169639,-1.5366373573980316,-0.5301887608867475,-0.8604296459237462,29.86509126392388,-20.77481139671184,1.3682495089940119
0,1780392061.0814264,4.742285658789577,-16.36655739843996,23.200502981719204,1.3997151127358682,0.0,1.6719857527170143,0.2458079999999967,2.5546852736543113,0.4024075715911178,20.000888852964945,-12.245961623494143,-0.8238463406329899,4.222240478022114,-29.1968415335553,0.3117202266174939,-1.4055589351551154,-0.5626479174398816,-0.8772478210759667,29.893627697098545,-20.82338383879104,1.325987106931107
0,1780392061.1314263,4.742285658789577,-16.304933993860192,23.31905401475741,1.5601791258780016,0.0,1.8782965334061776,0.2458079999999967,3.46859743966865,0.4071825158650506,19.94573698609282,-12.218471342074682,-0.7052953075947883,4.215500055392965,-29.243449421357234,0.26905784440488123,-1.2422069605698316,-0.5895118732395347,-0.8955277410042879,29.916335740955795,-20.875089352187878,1.2824641256883762
0,1780392061.1814263,4.754976605555614,-16.24210019875783,23.44861372053314,1.7391540560423169,0.0,2.0592789462874994,0.24645502612072864,3.8350457523912285,0.4014820746401934,19.903859948518992,-12.161594210137242,-0.5745330630600911,4.209663424257269,-29.28648579687509,0.22524922605680553,-1.0340928899737893,-0.6084543183964762,-0.9142171049864838,29.934925212091713,-20.926593885988428,1.2376981143461805
0,1780392061.2314262,4.759553499271354,-16.174971455141133,23.588182914284097,1.927172979572758,0.0,2.2789690058974466,0.24668837118477246,3.477606092509258,0.4010952306058432,19.850555725980765,-12.118003656249275,-0.4343000306398892,4.204927929025556,-29.325864864890097,0.18024753857351117,-0.8092549357489036,-0.6172358379495553,-0.9325758580846893,29.95148599330576,-20.97438449113458,1.1917749356088168
0,1780392061.2814262,4.735188643582065,-16.11854406701359,23.7367009331213,2.0845696989808036,0.0,2.4650977286239315,0.2454461708706853,3.274174749446469,0.4000003454649445,19.7738589644016,-12.145474966621958,-0.2879119077978203,4.201279624672115,-29.361908407414344,0.13405239917538614,-0.604517443542955,-0.6151753793212545,-0.9513586349926353,29.967656149093827,-21.016464462482666,1.144781444290654
0,1780392061.3314261,4.688942059965816,-16.06731919166446,23.893061925087633,2.23297732979767,0.0,2.640596448487309,0.24308836824602967,3.0025557185063114,0.40000000596045915,19.72724890165393,-12.124156546095952,-0.12878005286815863,4.198613262309433,-29.39503768651593,0.08664751380567326,-0.4125920983850031,-0.6021191310549783,-0.9713725115824413,29.98443015209414,-21.052062681597107,1.0967444092685241
0,1780392061.381426,4.629794080265434,-16.025850296000698,24.05618711127013,2.359477159039282,0.0,2.7901882044680635,0.2400728101036626,2.1894885622382443,0.40000000596045915,19.553480219611732,-12.376525190386262,0.019111045655726855,4.196852066057571,-29.425566432561943,0.0379414081863132,-0.23729662307141586,-0.5778426370499933,-0.9943741051637695,30.0024586104496,-21.08075414832964,1.0475982106614117
0,1780392061.431426,4.570675144718019,-16.00187096955942,24.225046157148533,2.443151162963195,0.0,2.8891364896314506,0.23705873272754335,1.4299855788210012,0.40000000596045915,19.46683255018966,-12.491633662501378,0.1827909337915905,4.1958378996898205,-29.453817770075098,-0.01210737955982788,-0.10537898678723093,-0.5458795139358714,-1.0170098399882685,30.021737268403673,-21.103168705768514,0.997287862810933
0,1780392061.481426,4.516724365432797,-15.995469358384398,24.402594742035433,2.488255973498685,0.0,2.942474963300818,0.23430814492074548,0.7974575616064906,0.40000000596045915,19.327785092836958,-12.740299618730592,0.3459081335310259,4.195342539771615,-29.48009081719659,-0.063364268910723,-0.013902915768053067,-0.5089154963165968,-1.0375889710465858,30.04167472462424,-21.12081707197346,0.9459010551444864
0,1780392061.531426,4.482368251394433,-16.009433249566882,24.583986804985116,2.523822190083249,0.0,2.984533619224496,0.23255655746241996,0.7232705036320274,0.40000000596045915,19.28642579856434,-12.84575155265296,0.522422521297834,4.195161104147342,-29.50385639848432,-0.11800816175100559,0.04047728775608229,-0.43456161938842724,-1.1790868509282675,30.06094108588093,-21.134822610727866,0.8912092220833259
0,1780392061.581426,4.473201198251825,-16.043430798083264,24.751899099788332,2.5681524626799663,0.0,3.0369561668327023,0.23208919100483788,0.9018593971590199,0.40000000596045915,19.310415922726442,-12.872758141415147,0.6901450346261129,4.1952038779656675,-29.523558455124853,-0.18238972705623313,0.08855463820661603,-0.3390450966358003,-1.412706593939891,30.077817944513846,-21.14499535321427,0.8268389759297761
0,1780392061.6314259,4.49273326742456,-16.097314004635045,24.91307624222786,2.6280558971018344,0.0,3.1077946809885577,0.23308499999999688,1.069856094931898,0.400520300345424,19.374034269798656,-12.868657116521568,0.8522264582458554,4.1955287438448625,-29.53877667146649,-0.2599804995397572,0.14167244990972194,-0.24376789318710146,-1.5975352858782992,30.092218697387167,-21.150683449189597,0.7493338267830651
0,1780392061.6814258,4.49273326742456,-16.165247012674286,25.074965230556714,2.678422260765337,0.0,3.1673551786426546,0.23308499999999688,1.0618261347599516,0.400933781327241,19.43368672397278,-12.901160628520483,1.01411544657471,4.196161174768741,-29.551492508946783,-0.33760100859144204,0.19637914282993674,-0.19860960409682593,-1.3832853114574042,30.10591376196462,-21.152792533588453,0.6718782542229298
0,1780392061.7314258,4.49273326742456,-16.257063275593552,25.23673273160882,2.738406784256139,0.0,3.2467600328154886,0.23308499999999688,1.2510277585319507,0.40303925454443207,19.5143112329459,-12.94509142283726,1.1758829476268176,4.19706809190861,-29.563594370020823,-0.40176544706739126,0.24387292483036793,-0.15768888861929806,-1.1037646121741231,30.120299207107884,-21.152647670484576,0.6079463015903279
0,1780392061.7814257,4.49273326742456,-16.36515975340686,25.39622720098461,2.806835098307326,0.0,3.3556029082458183,0.23308499999999688,1.4508117560849154,0.4004884995365414,19.609231513605604,-12.996811717066183,1.3353774170026078,4.19827574535389,-29.57521684486987,-0.45120303414238894,0.2941944143865978,-0.11461334082843844,-0.7995462607546329,30.135536700967677,-21.150241532898193,0.558810910727769
0,1780392061.8314257,4.49273326742456,-16.489975019872446,25.551408830809592,2.8816772016538503,0.0,3.422743912051704,0.23308499999999688,1.5568675433535164,0.3919207850413786,19.718832680666665,-13.05653135304739,1.4905590468275882,4.19984173765666,-29.586392916630107,-0.4843409955479867,0.34728062377973273,-0.0650705450483196,-0.4567234769724687,30.151800449707732,-21.145354550224983,0.5260522572984834
0,1780392061.8814256,4.49273326742456,-16.62731759464205,25.70170487899538,2.9562283884384586,0.0,3.448220258674964,0.23308499999999688,1.357329328421627,0.3789635506775367,19.83943416563061,-13.122244857510594,1.6408550950133751,4.201819773454065,-29.596721459496468,-0.49783907604424593,0.39710436849510167,-0.004230523674730535,-0.028484064492771854,30.168815820142328,-21.137663989822798,0.5130130222281846
0,1780392061.9314256,4.49273326742456,-16.773621388106346,25.858118517201255,3.017411636494471,0.0,3.424528168664235,0.23308499999999688,1.228479559187029,0.3631998116181388,19.967904560023985,-13.192245984261916,1.7972687332192514,4.204217998338782,-29.605369013058695,-0.4884206263681268,0.43596811260012036,0.053435225260603354,0.40158744208558084,30.185683295704997,-21.127028856422132,0.5229574482145893
0,1780392061.9814255,4.49273326742456,-16.927104549964596,25.992343883833932,3.0825531741927747,0.0,3.3951905936021727,0.23308499999999688,1.4075729058650461,0.3438495070028603,20.10267920851239,-13.265682181731773,1.9314940998519283,4.20698904894639,-29.612912520588168,-0.46373408779014635,0.48332163754233604,0.07313979040942642,0.567650143236442,30.202442958684767,-21.11446618774667,0.5482103218605272
0,1780392062.0314255,4.49273326742456,-17.086957132017343,26.099617600226594,3.157987080187259,0.0,3.3261252313996637,0.23308499999999688,1.5052881456411666,0.3266249566304813,20.243046889861184,-13.342165918706993,2.03876781624459,4.210128405940212,-29.620602779116435,-0.43435347321477513,0.5441793696910602,0.08037453814209215,0.6372684988562165,30.219856879678357,-21.101112231327914,0.5781789068354737
0,1780392062.0814254,4.49273326742456,-17.23100362590402,26.190363757881105,3.227369080830664,0.0,3.223302636344369,0.23308499999999688,1.452291238814505,0.30515286324716245,20.369535133552006,-13.411087008433253,2.129513973899101,4.213676327122769,-29.62861107560019,-0.40238646139989376,0.6104846524129446,0.08378001901164991,0.6831963345003031,30.237875942209723,-21.087366375872715,0.610741825215583
0,1780392062.1314254,4.49273326742456,-17.373497854309456,26.273604212322525,3.287885312903551,0.0,2.9506914736098087,0.23308499999999688,1.1369566497126642,0.27019082243911624,20.494660321960012,-13.479265394705752,2.2127544283405207,4.217640315376807,-29.636837752040513,-0.36872327226748336,0.674299104912911,0.08418816264925684,0.7107304829031196,30.256041110063308,-21.0737753873141,0.6449847300096039
0,1780392062.1814253,4.49273326742456,-17.50726882030609,26.349143556962915,3.33159528737648,0.0,2.5398832266368876,0.23308499999999688,0.7601239469627025,0.22420482418541468,20.612125552033927,-13.543270012252886,2.2882937729809107,4.221965877435718,-29.64509896550246,-0.3349012467905932,0.7233691757547341,0.07933834657068653,0.6972042355560261,30.273626431505885,-21.061158987664115,0.679335705310582
0,1780392062.2314253,4.49273326742456,-17.62662623925988,26.41627925057453,3.3551659580306827,0.0,1.966897132058921,0.23308499999999688,0.3941468103120527,0.16566740098796504,20.716934144645784,-13.600378263618452,2.3554294665925255,4.226547576792272,-29.65324620653204,-0.3032109733236479,0.7545698484403598,0.0691197396424847,0.6339370368187306,30.289889902635117,-21.05043399517545,0.7114682913279986
0,1780392062.2814252,4.479817026212643,-17.735643468548467,26.474466769249474,3.362930814376575,0.0,1.4093181063253188,0.23242648762894588,0.06798148728332193,0.11615154097828033,20.79976829805515,-13.676179637536636,2.412826936494696,4.231267303400488,-29.661287535761023,-0.2762752350265396,0.7679776922082585,0.05368896557176188,0.5162411636383395,30.304356574217962,-21.042387264854256,0.7387327803391726
0,1780392062.3314252,4.474830121485918,-17.833950414646438,26.526261333740752,3.353581185483396,0.0,1.0141300024275792,0.23217223885781177,-0.2782000687461037,0.08876201561816228,20.88302604815244,-13.728832413003254,2.4645466853745717,4.236024430438897,-29.669233338384284,-0.2555416883020212,0.7644269579911288,0.038576091203430196,0.38641812543517007,30.316762703442794,-21.03747050867036,0.7596673802776932
0,1780392062.3814251,4.499810646242777,-17.926098813412278,26.626828364287654,3.3439144427498104,0.0,0.8462550322551531,0.23344582800173075,-0.18280614255127273,0.08225028904646178,20.990688903616597,-13.723850458318962,2.5668422669807818,4.240705451241205,-29.67692612102277,-0.2403037170263178,0.7428207729513631,0.0285098710955526,0.28799661702931656,30.327513560430013,-21.03473753738683,0.7750169276264351
0,1780392062.431425,4.546873755139085,-18.01255510099708,26.727782260575207,3.3406555504952817,0.0,0.8734533733600842,0.23584525976518717,-0.0637089608526376,0.08769626515917804,21.197145266669445,-13.521547696792926,2.680526002443763,4.245246801969938,-29.68419289721983,-0.22846385268168135,0.7255073099178809,0.02451265863569291,0.23897545019578545,30.338960704199792,-21.030072357401334,0.7870406929681573
0,1780392062.481425,4.604670512840719,-18.093575672650505,26.786695447917477,3.3378840591703436,0.0,0.9691778680574251,0.23879192817503742,-0.143324408518411,0.0969296841420835,21.349171309193512,-13.40558989033794,2.745833159273463,4.249666186018872,-29.69095476960091,-0.21782823551878083,0.7138047336465684,0.024683504118646032,0.22961801065062235,30.35120038693201,-21.023167150722074,0.7979424139672924
0,1780392062.531425,4.665178416832196,-18.170150756609374,26.833406376975322,3.3208913097509853,0.0,1.009620286013401,0.24187681972134814,-0.4477192614231333,0.09833244494332134,21.571945481240707,-13.13721794802408,2.8079728233147137,4.253963917228087,-29.697125169479552,-0.20702542186720319,0.6979533009640096,0.02658003166458384,0.23945038530947554,30.364047096092662,-21.01415273438015,0.8090864465026057
0,1780392062.581425,4.717868126321171,-18.240544746135676,26.86925984567277,3.284129731069124,0.0,0.9490060732438637,0.24456311405081288,-0.8846370604444127,0.09055029740430566,21.669822468995125,-13.098496570333662,2.8452354693359787,4.258082513992399,-29.702635572402883,-0.19599144030051852,0.667219519109257,0.026937275725170063,0.23880881808302207,30.37720643985624,-21.0033697359082,0.8205237032387975
0,1780392062.631425,4.753931996742634,-18.307267010384308,26.894912755170147,3.226454920400536,0.0,0.7527804045700991,0.24640176853479706,-1.1308085827503283,0.06805184376725781,21.75169441787046,-13.08378347788725,2.871631560689565,4.261920876547276,-29.707461811447907,-0.18563902614590022,0.6153678270713598,0.02461114101419226,0.21472851087717154,30.390254618477172,-20.99145312155032,0.8313191623895646
0,1780392062.6814249,4.761818302670205,-18.362780014413875,26.911101362466322,3.1716662965487963,0.0,0.5320723618537041,0.2468038382956503,-1.1301079255599664,0.048817900812844726,21.814478242673253,-13.0821563818777,2.888992030280921,4.2653934599044865,-29.711722055244536,-0.1774921166450829,0.5521128212940956,0.01871976740846577,0.15960792600302603,30.402837898582547,-20.979197589397522,0.8399227647967278
0,1780392062.7314248,4.735963701385893,-18.415291713045264,26.91861468560173,3.129305386163867,0.0,0.35481530224663305,0.2453811902559714,-0.711777031642685,0.03235018229607722,21.82960296993824,-13.169666055166646,2.894016354313436,4.268485824662769,-29.715541565024676,-0.17208586862617725,0.48951499362216044,0.013118232289078654,0.10717096299863349,30.414758614527685,-20.96716148421183,0.8457803764167382
0,1780392062.7814248,4.722150603477785,-18.4642738470844,26.918304602128334,3.1015614230629125,0.0,0.23700155106263937,0.24444863655370816,-0.4588835634640132,0.0225467661111231,21.869461454931866,-13.199495993263392,2.8939721335419826,4.27128189418121,-29.719069263433145,-0.1689733000282989,0.4483435753592314,0.008822002658199341,0.0682734085150834,30.42616143219145,-20.955395060490506,0.8493372928082135
0,1780392062.8314247,4.743723882724897,-18.51267016162937,26.911079719419337,3.0765367355637414,0.0,0.17014227239126894,0.24590509777375372,-0.544064526540943,0.010555134163195775,21.92299987591012,-13.200581004553882,2.8868195474543974,4.2738778659320715,-29.722412744250725,-0.1672602577186142,0.4201653372692848,0.006125758018697042,0.04511660350373434,30.437282483408136,-20.943721195743592,0.8514936866040475
0,1780392062.8814247,4.785106848861288,-18.556117332130732,26.89786628600918,3.037470615753719,0.0,0.08337967634571211,0.24869895607678313,-0.9789260481529155,-0.0015996659173709762,22.0359865260559,-13.070039975731149,2.8803882412061164,4.276278670707195,-29.725617585671415,-0.16662622933856008,0.38802555092270435,0.0039042701018620614,0.02621831632652948,30.448070752862886,-20.93231020269935,0.8525641338124164
0,1780392062.9314246,4.842316633044998,-18.60197869797031,26.879466752879416,2.9462947227680876,0.0,0.02170073504179174,0.25256131891538164,-2.223399551955064,-0.009790963654358966,22.222063681901012,-12.788854215211856,2.8768891008302013,4.278401342066315,-29.728592917199506,-0.16694203269794672,0.33459214622324757,0.002593385041114113,0.013168815357595157,30.458055388429617,-20.92175538248421,0.8526553196684654
0,1780392062.9814246,4.907682136651355,-18.650755948808754,26.8564054820935,2.7822319391108175,0.0,-0.0016886460858674432,0.25697429294871754,-3.40763688925666,-0.010331156461496436,22.441465957669713,-12.42837961579276,2.8728233724654153,4.280005405161981,-29.730980180473747,-0.16786547628118598,0.21993951379027926,0.003150335648313811,0.011038455944010683,30.465921188052565,-20.913515359535257,0.8520525849550524
0,1780392063.0314245,4.958161312670075,-18.691456143745473,26.8232892431594,2.591382079952814,0.0,-0.006107967103754404,0.26038225709959945,-4.4966225146082355,-0.004311990348113746,22.48213177419426,-12.437239657285524,2.8374643465774874,4.280766143821885,-29.732194605968147,-0.1686497012654864,0.04786262013567516,0.0038715713669603613,0.009586164084272894,30.46978249724239,-20.90954909890655,0.8514244172578231
0,1780392063.0814245,4.99760895454045,-18.73260074908971,26.781274227293462,2.355930908492052,0.0,-0.00890098520609781,0.2630454572532869,-5.026983650997125,0.010698094249828169,22.62929750092308,-12.207189084552034,2.8077689899006835,4.280404637706162,-29.731577513810553,-0.16841279240435236,-0.17612404670902979,0.006805970731658824,0.002882181610065567,30.467908632614222,-20.911421092876747,0.851586849467731
0,1780392063.1314244,5.0116091331492925,-18.773041362167664,26.74998262454236,2.08574281576575,0.0,-0.0009551466814779305,0.2639906411997757,-5.251626385102779,0.029998127720063696,22.71463473597137,-12.11190240699133,2.782202002498906,4.27872909495293,-29.72899120745525,-0.16783932744526453,-0.42352504539251956,0.006701301224031383,0.002429694670994039,30.459572192426542,-20.92004843556564,0.8518226337801234
0,1780392063.1814244,4.992191964347848,-18.806427434381146,26.728748433196444,1.8738937896160681,0.0,0.0,0.2626797439069513,-4.815917540430368,0.03732569285079314,22.678048899195623,-12.279916389062752,2.7530240152805625,4.275654025967919,-29.724573837792892,-0.16871700572557424,-0.6785318949334024,-0.0046103739194981045,-0.07002279404312768,30.445047453831627,-20.935231478723654,0.8503573678949641
0,1780392063.2314243,4.991825454613807,-18.83543265529375,26.71188268305451,1.553640438786915,0.0,0.0,0.26265499999999653,-7.462768858518519,0.03219088402690476,22.70332096542758,-12.294504997222516,2.7360080313630277,4.271201360162258,-29.718408304328996,-0.17105740015207305,-0.9088597717778919,-0.007450656256509099,-0.0704448670425663,30.4253494279062,-20.955452670795445,0.8472399130666468
0,1780392063.2814243,4.991825454613807,-18.858406146198355,26.698898974628328,1.1541158554551398,0.0,0.0,0.26265499999999653,-9.04596179017197,0.012072126927384555,22.724354283236373,-12.303745171804103,2.723024322936844,4.265092718461899,-29.71004359870018,-0.17477804447917578,-1.2672838697001947,-0.02351342920803606,-0.14261461116863283,30.40060149896106,-20.979624049467578,0.8425951861352221
0,1780392063.3314242,4.991825454613807,-18.874115981204124,26.690077020959347,0.7759497960757272,0.0,0.0,0.26265499999999653,-8.409576234745954,-0.02177418960656389,22.73873738042313,-12.310063829195094,2.7142023692678627,4.256775568610396,-29.697851860885127,-0.17791512998754744,-1.7001464800735013,-0.021064424177040946,-0.07029323494946223,30.370324052913627,-21.0053986310739,0.8384639567647745
0,1780392063.3814242,4.991825454613807,-18.884733921669543,26.685313227751575,0.44880325758079725,0.0,0.0,0.26265499999999653,-6.406264261829422,-0.06314694152224067,22.748458607258502,-12.314334474174771,2.7094385760600908,4.24614516148129,-29.68170809417333,-0.1768139199409351,-2.095358480053029,-0.008667476605391305,0.03866694896303072,30.338060343639544,-21.026810204421732,0.8387377579840587
0,1780392063.4314241,4.991825454613807,-18.889847403264973,26.682078248223075,0.2865956096751728,0.0,0.0,0.26265499999999653,-4.146067409720404,-0.09148303807891892,22.75314024158011,-12.316391169121903,2.7062035965315907,4.233601146399439,-29.662107788906308,-0.16974405536035775,-2.3852536526067896,0.015484986550313556,0.14836221456547916,30.30808397474744,-21.03793996595062,0.8453789428292535
0,1780392063.481424,4.991825454613807,-18.893697932719217,26.6470292514022,0.2082057105365165,0.0,0.0,0.26265499999999653,-1.594886913440391,-0.110439895309314,22.756665583465658,-12.31793989171424,2.6711545997107145,4.219757518171718,-29.64018459199186,-0.15683972325993478,-2.5583291130181998,0.05407310252065135,0.2583941584289104,30.264269248937307,-21.066893479186447,0.8571406948562892
0,1780392063.531424,4.991825454613807,-18.89752441034324,26.598784342046567,0.23723169011257111,0.0,0.0,0.26265499999999653,0.826795385767501,-0.11610861341481708,22.760168904762736,-12.319478940412816,2.6229096903550833,4.205289647874164,-29.617603543879653,-0.13466923874041337,-2.6010282267001523,0.1016648512244637,0.4762900810867526,30.20014608951253,-21.12698273181107,0.8769331194317411
0,1780392063.581424,4.991825454613807,-18.90352587633703,26.573326771699296,0.358493490902005,0.0,0.0,0.26265499999999653,3.1725456114493813,-0.12020757329892537,22.76566353081196,-12.321892791827839,2.5974521200078122,4.1908958361107125,-29.59558571732274,-0.10164078041972457,-2.5201787318849806,0.17643043253824414,0.6934809772378525,30.11766518958366,-21.216873509670773,0.9063947712847282
0,1780392063.631424,4.991825454613807,-18.91008090302947,26.566187279393322,0.4127967032838327,0.0,0.0,0.26265499999999653,0.451893346290405,-0.12280977513297218,22.771664967869988,-12.32452929105543,2.590312627701838,4.17723621322563,-29.575184941339927,-0.06153929476513964,-2.3232777667453792,0.23892154955074357,0.7312730354785009,30.02195505949207,-21.329748664130253,0.9420035418551347
0,1780392063.681424,4.991825454613807,-18.917467640914293,26.566570155494578,0.41552799352520325,0.0,0.0,0.26265499999999653,-0.2179009299028569,-0.1292923394292524,22.778427875873255,-12.32750031308807,2.5906955038030937,4.164230177850101,-29.5571550080273,-0.02150870183909559,-2.262761639400175,0.29159587951627725,0.733300581968675,29.929587569549188,-21.440585995200852,0.9776323777603526
0,1780392063.7314239,4.991825454613807,-18.924053820057132,26.57379861672054,0.3533270092282347,0.0,0.0,0.26265499999999653,-1.2977719421042364,-0.13865680316631016,22.78445783447346,-12.330149342151966,2.5979239650290573,4.151399116576633,-29.541124766990425,0.01858435458470531,-2.234499893212718,0.34268762875565484,0.7356173650997437,29.85624037937043,-21.524633735539986,1.014423709786385
0,1780392063.7814238,4.991825454613807,-18.929485291615215,26.58784379983535,0.27553550750185934,0.0,0.0,0.26265499999999653,-1.6107710535050004,-0.1485164457723384,22.789430603650118,-12.332333935936166,2.611969148143867,4.138499735865747,-29.52707979275134,0.05882336044600134,-2.258495150105188,0.39383352529413,0.7384328856833486,29.800882733818625,-21.584067584138666,1.052390840835578
0,1780392063.8314238,4.991825454613807,-18.93326882446895,26.608670274677092,0.19384149770400613,0.0,0.0,0.26265499999999653,-1.640558278848268,-0.15600262475031762,22.792894606978262,-12.333855711805967,2.6327956229856078,4.125342777396314,-29.515145773746042,0.0992852777835429,-2.2959242700307643,0.44633458653628977,0.7418312401832625,29.763776852834134,-21.619119646653193,1.0916173107013325
0,1780392063.8814237,4.991825454613807,-18.93568037917482,26.63514505090649,0.11438165572120633,0.0,0.0,0.26265499999999653,-1.5197854093134098,-0.15911412392803564,22.795102499403164,-12.334825663938528,2.659270399215007,4.111890954861112,-29.505468849779827,0.14000663604622376,-2.3324234808795374,0.5004815713533309,0.7457131568452291,29.745355483775022,-21.629626721822273,1.1321550760509185
0,1780392063.9314237,4.991825454613807,-18.936812710418838,26.63491508569437,0.04480832943448817,0.0,0.0,0.26265499999999653,-1.2571139645530989,-0.15961175566777075,22.796139202228137,-12.335281099223586,2.659040434002886,4.0981697798186625,-29.498154027960425,0.18099932175231181,-2.36037426692456,0.556116465279992,0.7498535743688969,29.721521052568768,-21.65272185507934,1.1725155679895858
0,1780392063.9814236,4.991825454613807,-18.936996115245798,26.619536249919687,-0.003481825160932938,0.0,0.0,0.26265499999999653,-0.8276919666671588,-0.15826167618908737,22.796307118024178,-12.335354866533361,2.643661598228203,4.084246125449318,-29.493226982790873,0.22225506869715916,-2.3727269516009404,0.612787288161237,0.7541063806906715,29.679830223919932,-21.70734188610272,1.2119197806680297
0,1780392064.0314236,4.991825454613807,-18.93666444076399,26.61893337908847,-0.02270006602478,0.0,0.0,0.26265499999999653,-0.25922678957018447,-0.15608984697907471,22.796003454344422,-12.33522146364179,2.643058727396987,4.070228656053098,-29.490583242476834,0.2637481202603986,-2.3613255349194726,0.6697281920550007,0.7583570725492044,29.619678438240445,-21.793816750150185,1.2503174854770087
0,1780392064.0814235,4.991825454613807,-18.93635162299895,26.61893337908847,-0.011816482036144538,0.0,0.0,0.26265499999999653,0.42240147326059996,-0.1535849131879422,22.795717054880985,-12.335095645115857,2.643058727396987,4.056265081104246,-29.489943165068066,0.3054379334475339,-2.3195497379720105,0.7258654678397487,0.7625391447213656,29.54105624583457,-21.911010767507115,1.2876953983249226
0,1780392064.1314235,4.991825454613807,-18.936382253166844,26.61893337908847,0.0007973892657814237,0.0,0.0,0.26265499999999653,-0.08985768380726944,-0.15143645675339626,22.79574509824882,-12.335107964884758,2.643058727396987,4.042532117246604,-29.490827879652397,0.34727353707857933,-2.242207786713893,0.7798658817344142,0.7666067613992233,29.455052596579247,-22.040783620310076,1.3247175869162753
0,1780392064.1814234,4.991825454613807,-18.936382253166844,26.61893337908847,0.0,0.0,0.0,0.26265499999999653,0.0,-0.14974891870621593,22.79574509824882,-12.335107964884758,2.643058727396987,4.029055422148363,-29.493114146690765,0.3892426328454217,-2.1891495692781433,0.8314672299282813,0.7705751732238318,29.389647107714666,-22.141462346889067,1.363073477804364
0,1780392064.2314234,4.991825454613807,-18.936382253166844,26.61893337908847,0.0,0.0,0.0,0.26265499999999653,0.0,-0.1482992189333157,22.79574509824882,-12.335107964884758,2.643058727396987,4.015781063398473,-29.496915048661396,0.4313554194370317,-2.1302194378133645,0.8809984587139269,0.7744799105158972,29.345596364604663,-22.212853299222107,1.4027951095647175
0,1780392064.2814233,4.991825454613807,-18.936382253166844,26.61893337908847,0.0,0.0,0.0,0.26265499999999653,0.0,-0.14752486957188016,22.79574509824882,-12.335107964884758,2.643058727396987,4.002723871350822,-29.50212946118097,0.47360511876255895,-2.0700283999551354,0.9282816171260595,0.7783337175427403,29.322182358350315,-22.25631302500702,1.4438233635075193
0,1780392064.3314233,4.991825454613807,-18.936382253166844,26.61893337908847,0.0,0.0,0.0,0.26265499999999653,0.0,-0.14802103116619095,22.79574509824882,-12.335107964884758,2.643058727396987,3.9898864105447314,-29.508698589217484,0.5159895368294367,-2.0086753898101786,0.973238857584337,0.7821777762960042,29.31854111600362,-22.2732495520693,1.486099590566007
0,1780392064.3814232,4.991825454613807,-18.936382253166844,26.61893337908847,0.0,0.0,0.0,0.26265499999999653,0.0,-0.1487571964217555,22.79574509824882,-12.335107964884758,2.643058727396987,3.977270962431789,-29.516564908852494,0.5585095537283848,-1.9462693437899727,1.0158070187210286,0.7860909869788741,29.31538209114036,-22.291777568394952,1.528468702547901
0,1780392064.4314232,4.991825454613807,-18.936382253166844,26.61893337908847,0.0,0.0,0.0,0.26265499999999653,0.0,-0.1493866696612945,22.79574509824882,-12.335107964884758,2.643058727396987,3.9648795746374907,-29.52567225033651,0.6011685919187952,-1.882902636908251,1.0559220257399817,0.7900935686352902,29.295860594113297,-22.336321805555098,1.5699292153868187
0,1780392064.4814231,4.991825454613807,-18.936382253166844,26.61893337908847,0.0,0.0,0.0,0.26265499999999653,0.0,-0.1494347510501101,22.79574509824882,-12.335107964884758,2.643058727396987,3.9527141607955762,-29.535965786435142,0.6439706138828041,-1.8186637755323312,1.0935196951071968,0.7941854558414168,29.26076552474317,-22.40542613050639,1.6105418958413118
0,1780392064.531423,4.991825454613807,-18.936382253166844,26.61893337908847,0.0,0.0,0.0,0.26265499999999653,0.0,-0.14922833193000748,22.79574509824882,-12.335107964884758,2.643058727396987,3.9407765723861434,-29.547391927431892,0.6869188501144725,-1.7536365929843096,1.128531843749752,0.7983367166896168,29.21081569333361,-22.497606874526113,1.6503663391861743
0,1780392064.581423,4.991825454613807,-18.936382253166844,26.61893337908847,0.0,0.0,0.0,0.26265499999999653,0.0,-0.14898436932005232,22.79574509824882,-12.335107964884758,2.643058727396987,3.929068634128222,-29.5598981949995,0.7300155348147217,-1.6879140232580778,1.160893261658791,0.8025371977312813,29.146674128734535,-22.611359448915284,1.6894607287198786
0,1780392064.631423,4.991825454613807,-18.936382253166844,26.61893337908847,0.0,0.0,0.0,0.26265499999999653,0.0,-0.1493008566770855,22.79574509824882,-12.335107964884758,2.643058727396987,3.9175921411796657,-29.57343312912637,0.7732627512141508,-1.6215954325960387,1.1905429185428467,0.806790740433132,29.08077330985801,-22.72847624039677,1.7285740460718397
0,1780392064.681423,4.991825454613807,-18.936382253166844,26.61893337908847,0.0,0.0,0.0,0.26265499999999653,0.0,-0.15005595753504442,22.79574509824882,-12.335107964884758,2.643058727396987,3.9063488401145774,-29.587946250890614,0.816663798610298,-1.5547914465707158,1.2174303903159716,0.8111417408659525,29.034331159032405,-22.819026275029614,1.768950066567755
0,1780392064.731423,4.991825454613807,-18.936382253166844,26.61893337908847,0.0,0.0,0.0,0.26265499999999653,0.0,-0.1509654740006307,22.79574509824882,-12.335107964884758,2.643058727396987,3.895340427049125,-29.603388006076123,0.8602240694274119,-1.4876102838672483,1.2415105111305773,0.815628998070544,29.00693128676381,-22.884041796149486,1.8105561774460748
0,1780392064.7814229,4.991825454613807,-18.936382253166844,26.61893337908847,0.0,0.0,0.0,0.26265499999999653,0.0,-0.15180942057741686,22.79574509824882,-12.335107964884758,2.643058727396987,3.8845685920687782,-29.619709574849203,0.9039504650112935,-1.420155330217573,1.2627401757859649,0.8202739781628374,28.997621845900806,-22.925108252481504,1.8533354784783391
0,1780392064.8314228,4.991825454613807,-18.936382253166844,26.61893337908847,0.0,0.0,0.0,0.26265499999999653,0.0,-0.15244307890368677,22.79574509824882,-12.335107964884758,2.643058727396987,3.874035067017667,-29.636862608099364,0.9478505963712367,-1.3525270978066573,1.2810771516850767,0.8250840189396322,29.005381922326638,-22.943732675309928,1.8972325391877565
0,1780392064.8814228,4.991825454613807,-18.936382253166844,26.61893337908847,0.0,0.0,0.0,0.26265499999999653,0.0,-0.1526755218780801,22.79574509824882,-12.335107964884758,2.643058727396987,3.863741663249115,-29.65479893086835,0.9919321765109759,-1.2848253097902291,1.296479656173032,0.8300566870639496,29.02905374380086,-22.941469239776627,1.9421880329664578
0,1780392064.9314227,4.991825454613807,-18.936382253166844,26.61893337908847,0.0,0.0,0.0,0.26265499999999653,0.0,-0.1526189383740965,22.79574509824882,-12.335107964884758,2.643058727396987,3.8536903048605797,-29.673470201317183,1.0362024186130823,-1.2171489070977382,1.3089049648425857,0.8351755864472741,29.047057510541933,-22.948389410037656,1.9869600995953904
0,1780392064.9814227,4.991825454613807,-18.936382253166844,26.61893337908847,0.0,0.0,0.0,0.26265499999999653,0.0,-0.1523474245075349,22.79574509824882,-12.335107964884758,2.643058727396987,3.843883044967063,-29.692827591241972,1.080667881815085,-1.1496018367085912,1.3183126197935824,0.8404323432730012,29.044283471024304,-22.985569678708806,2.030682511458833
0,1780392065.0314226,4.991825454613807,-18.936382253166844,26.61893337908847,0.0,0.0,0.0,0.26265499999999653,0.0,-0.15212347186790556,22.79574509824882,-12.335107964884758,2.643058727396987,3.8343220648440037,-29.712821513577605,1.125334817138036,-1.082292001312693,1.324664895160403,0.845824388775825,29.02215726036961,-23.050778912207473,2.073452908723956
0,1780392065.0814226,4.991825454613807,-18.936382253166844,26.61893337908847,0.0,0.0,0.0,0.26265499999999653,0.0,-0.1519791661167062,22.79574509824882,-12.335107964884758,2.643058727396987,3.8250096625695886,-29.73340139700578,1.1702098471307512,-1.0153339142863027,1.3279300643718068,0.8513704634924256,28.981999679102888,-23.14175339709968,2.1153680233655674
0,1780392065.1314225,4.991825454613807,-18.936382253166844,26.61893337908847,0.0,0.0,0.0,0.26265499999999653,0.0,-0.15176139383381598,22.79574509824882,-12.335107964884758,2.643058727396987,3.8159482415135226,-29.754515458089816,1.2153006149226018,-0.9488435496975832,1.328080727014331,0.8570938052204169,28.925052570496888,-23.256209997240788,2.156524412462275
0,1780392065.1814225,4.991825454613807,-18.936382253166844,26.61893337908847,0.0,0.0,0.0,0.26265499999999653,0.0,-0.15180705547792503,22.79574509824882,-12.335107964884758,2.643058727396987,3.8071403174818554,-29.776110341631615,1.2606156368894386,-0.8829350176470043,1.3250912534721346,0.8630073044409204,28.852502440043942,-23.391857422144408,2.197018399096369
0,1780392065.2314224,4.991825454613807,-18.936382253166844,26.61893337908847,0.0,0.0,0.0,0.26265499999999653,0.0,-0.15221640330383546,22.79574509824882,-12.335107964884758,2.643058727396987,3.7985885074190366,-29.79813085757585,1.3061648058701811,-0.817729367723626,1.3189439114218964,0.8691543325975456,28.766840446918895,-23.544608379409745,2.2370218815049974
0,1780392065.2814224,4.991825454613807,-18.936382253166844,26.61893337908847,0.0,0.0,0.0,0.26265499999999653,0.0,-0.15281926877414795,22.79574509824882,-12.335107964884758,2.643058727396987,3.7902955033100962,-29.820519817321316,1.3519604819403934,-0.7533486748242848,1.3096269947256727,0.8755911095300918,28.690408151593438,-23.684110060552626,2.2778126717135754
0,1780392065.3314223,4.991825454613807,-18.936382253166844,26.61893337908847,0.0,0.0,0.0,0.26265499999999653,0.0,-0.1535239685794282,22.79574509824882,-12.335107964884758,2.643058727396987,3.782264068884713,-29.843217686037274,1.3980175722548633,-0.6899107659355239,1.297130852600121,0.8823641238476311,28.630059475520188,-23.8016465151005,2.3197758535197224
0,1780392065.3814223,4.991825454613807,-18.936382253166844,26.61893337908847,0.0,0.0,0.0,0.26265499999999653,0.0,-0.15412070585475737,22.79574509824882,-12.335107964884758,2.643058727396987,3.774497042082601,-29.866162137260194,1.444353208682048,-0.6275314515185965,1.2814476870832656,0.8895167699694364,28.584761875957795,-23.899029498037443,2.362857182641104
0,1780392065.4314222,4.991825454613807,-18.936382253166844,26.61893337908847,0.0,0.0,0.0,0.26265499999999653,0.0,-0.1547768765550147,22.79574509824882,-12.335107964884758,2.643058727396987,3.7669973350149526,-29.88928755509409,1.4909863225351287,-0.5663230293441852,1.2625688562644097,0.897078526708021,28.55342507328602,-23.977984758965018,2.4070055529604826
0,1780392065.4814222,4.991825454613807,-18.936382253166844,26.61893337908847,0.0,0.0,0.0,0.26265499999999653,0.0,-0.1552892937734864,22.79574509824882,-12.335107964884758,2.643058727396987,3.7597679184922095,-29.91252463179499,1.5379378365690668,-0.5064021880093652,1.2404893664995273,0.9051004562372157,28.53491698983908,-24.040158945784984,2.452173303837826
0,1780392065.5314221,4.991825454613807,-18.936382253166844,26.61893337908847,0.0,0.0,0.0,0.26265499999999653,0.0,-0.15519690751808615,22.79574509824882,-12.335107964884758,2.643058727396987,3.7528118028633153,-29.93579994848852,1.5852309150245762,-0.44788256380941405,1.2152023917472103,0.913621805864212,28.528077634046113,-24.08712619004835,2.498316566066304
0,1780392065.581422,4.991825454613807,-18.936382253166844,26.61893337908847,0.0,0.0,0.0,0.26265499999999653,0.0,-0.15502085633664586,22.79574509824882,-12.335107964884758,2.643058727396987,3.746132041003261,-29.95903520444029,1.6328897237783435,-0.39087141141212584,1.1866936682534912,0.9226440765784817,28.531731028633065,-24.120393769905366,2.545394110795815
0,1780392065.631422,4.991825454613807,-18.936382253166844,26.61893337908847,0.0,0.0,0.0,0.26265499999999653,0.0,-0.15511250727432102,22.79574509824882,-12.335107964884758,2.643058727396987,3.739731697884871,-29.982146789314637,1.6809400345071612,-0.3354903963711372,1.1549551886294005,0.93223079415275,28.5446957554108,-24.141407349757984,2.593368031848388
0,1780392065.681422,4.991825454613807,-18.936382253166844,26.61893337908847,0.0,0.0,0.0,0.26265499999999653,0.0,-0.15522615600993508,22.79574509824882,-12.335107964884758,2.643058727396987,3.7336137887903678,-30.00504580554773,1.7294121064542383,-0.28186537429825725,1.1200469976342124,0.9424302860704009,28.563841492782558,-24.15408193188242,2.6421002827618505
0,1780392065.731422,4.991825454613807,-18.936382253166844,26.61893337908847,0.0,0.0,0.0,0.26265499999999653,0.0,-0.1554567077401273,22.79574509824882,-12.335107964884758,2.643058727396987,3.7277787765743136,-30.027640128020067,1.778318456736038,-0.2300732498745934,1.0827773852514302,0.9524436968672603,28.581220005389028,-24.16854419066541,2.6911738961809597
0,1780392065.781422,4.991825454613807,-18.936382253166844,26.61893337908847,0.0,0.0,0.0,0.26265499999999653,0.0,-0.15599445379586074,22.79574509824882,-12.335107964884758,2.643058727396987,3.722223380676547,-30.049838129685476,1.82764045080474,-0.18023586432204636,1.0434374742401686,0.9619835884728959,28.596315187080997,-24.185313170358988,2.7405463929045597
0,1780392065.8314219,4.991825454613807,-18.936382253166844,26.61893337908847,0.0,0.0,0.0,0.26265499999999653,0.0,-0.15682837384283374,22.79574509824882,-12.335107964884758,2.643058727396987,3.716943511975603,-30.071548654642534,1.877354693901225,-0.1324926960289379,1.002104135115138,0.9710166403996721,28.609340583044887,-24.203963313872443,2.7902103150438275
0,1780392065.8814218,4.991825454613807,-18.936382253166844,26.61893337908847,0.0,0.0,0.0,0.26265499999999653,0.0,-0.1576915468144938,22.79574509824882,-12.335107964884758,2.643058727396987,3.711934565481569,-30.092681268907917,1.9274359663238672,-0.08697857798316866,0.9588703172870393,0.9794974702199705,28.620490113672105,-24.224094393327576,2.8401552758227906
0,1780392065.9314218,4.991825454613807,-18.936382253166844,26.61893337908847,0.0,0.0,0.0,0.26265499999999653,0.0,-0.1584297262147867,22.79574509824882,-12.335107964884758,2.643058727396987,3.7071914017079655,-30.113146474302685,1.9778559129593178,-0.04381791351075199,0.9138416023953533,0.9873401575895439,28.62993837186707,-24.24533210188897,2.890366644009074
0,1780392065.9814217,4.991825454613807,-18.936382253166844,26.61893337908847,0.0,0.0,0.0,0.26265499999999653,0.0,-0.15887453607930546,22.79574509824882,-12.335107964884758,2.643058727396987,3.7027083270694545,-30.132855896679605,2.028581284897937,-0.0031271462490576954,0.8671385388285818,0.994428725795845,28.63784089528029,-24.267328470665955,2.9408237851397487
0,1780392066.0314217,4.991825454613807,-18.936382253166844,26.61893337908847,0.0,0.0,0.0,0.26265499999999653,0.0,-0.15937895273837213,22.79574509824882,-12.335107964884758,2.643058727396987,3.6985192838819914,-30.15156019105661,2.0802599449403267,0.03398329441301177,0.7990419592215822,1.036223777521897,28.644291619678295,-24.289552374229793,2.9921893687536594
0,1780392066.0814216,4.991825454613807,-18.936382253166844,26.61893337908847,0.0,0.0,0.0,0.26265499999999653,0.0,-0.1596198045988985,22.79574509824882,-12.335107964884758,2.643058727396987,3.6947018264577807,-30.168792438636096,2.1344207992204414,0.06855056810758103,0.7234179540977067,1.0914800702183645,28.64933812855911,-24.31117803545048,3.046012385399128
0,1780392066.1314216,4.991825454613807,-18.936382253166844,26.61893337908847,0.0,0.0,0.0,0.26265499999999653,0.0,-0.15978001157780966,22.79574509824882,-12.335107964884758,2.643058727396987,3.691256873837912,-30.184336560335208,2.191487327689712,0.10050515354173985,0.6432753287110704,1.1571535586963853,28.653082280792447,-24.33172051724827,3.1027310417772673
0,1780392066.1814215,4.991825454613807,-18.936382253166844,26.61893337908847,0.0,0.0,0.0,0.26265499999999653,0.0,-0.15993959329231405,22.79574509824882,-12.335107964884758,2.643058727396987,3.688187460301953,-30.19793323397667,2.252129656984966,0.12949401513834075,0.5572607580581789,1.2400672853752357,28.655573379418584,-24.35069314615065,-3.1201562524519737
0,1780392066.2314215,4.991825454613807,-18.936382253166844,26.618933379089455,0.0,0.0,0.0,0.26265499999999653,0.0,-0.1600645132153363,22.79574509824882,-12.335107964884758,2.643058727397971,3.685501361685746,-30.2092445237899,2.317534115223255,0.15506884111402583,0.462607374500914,1.3555807694105804,28.656789396308646,-24.367573916762975,-3.055079682456417
0,1780392066.2814214,4.991825454613807,-18.936382253166844,26.61893337908945,0.0,0.0,0.0,0.26265499999999653,0.0,-0.16025727131446924,22.79574509824882,-12.335107964884758,2.6430587273979675,3.683218604447115,-30.21775623000179,2.390178421146455,0.17654509222027928,0.3526119637195497,1.5435300320026477,28.656585734034252,-24.381712133646456,-2.9827335238558774
0,1780392066.3314214,4.991825454613807,-18.936382253166844,26.61893337908945,0.0,0.0,0.0,0.26265499999999653,0.0,-0.16057750895391365,22.79574509824882,-12.335107964884758,2.6430587273979675,3.6813611723533866,-30.2228055509187,2.4731811669027834,0.1921873267180213,0.2475181072043663,1.65156220437379,28.654689078652368,-24.392381264677887,-2.8999865909889078
0,1780392066.3814213,4.991825454613807,-18.936382253166844,26.61893337908945,0.0,0.0,0.0,0.26265499999999653,0.0,-0.16091562281772362,22.79574509824882,-12.335107964884758,2.6430587273979675,3.6797668426413446,-30.225631580745546,2.551747881869831,0.19980481114898724,0.19440115001088867,1.3609640403641228,28.651692331502442,-24.400839405839683,-2.82164891141782
0,1780392066.4314213,4.991825454613807,-18.936382253166844,26.61893337908945,0.0,0.0,0.0,0.26265499999999653,0.0,-0.16145101744635976,22.79574509824882,-12.335107964884758,2.6430587273979675,3.678323332059297,-30.227328935458136,2.6131298476872153,0.20024325692947892,0.1451807092522925,1.0098935866665395,28.64815735080024,-24.408148138830235,-2.760481851209864
0,1780392066.4814212,4.991825454613807,-18.936382253166844,26.618933379089448,0.0,0.0,0.0,0.26265499999999653,0.0,-0.16206594490849072,22.79574509824882,-12.335107964884758,2.643058727397964,3.67704365036591,-30.227546427171486,2.6558782149560667,0.19430556177967845,0.09115173770312346,0.6180266839104775,28.643895086737157,-24.413979182150893,-2.7179299881105354
0,1780392066.5314212,4.991825454613807,-18.936382253166844,26.618933379089448,0.0,0.0,0.0,0.26265499999999653,0.0,-0.16258566628743115,22.79574509824882,-12.335107964884758,2.643058727397964,3.6759619811407,-30.225701938443805,2.6768876399415875,0.1824379417826958,0.025364437768999673,0.13855728779411108,28.63860952961946,-24.417765870754007,-2.6970910506074492
0,1780392066.5814211,4.991825454613807,-18.936382253166844,26.618933379089448,0.0,0.0,0.0,0.26265499999999653,0.0,-0.1629860295582593,22.79574509824882,-12.335107964884758,2.643058727397964,3.675093191225855,-30.221473221527475,2.6754076701019986,0.17431823254507886,-0.009206604180600937,-0.12558784085425573,28.632142412114742,-24.419187794072094,-2.698710867039111
0,1780392066.631421,4.991825454613807,-18.936382253166844,26.618933379089444,0.0,0.0,0.0,0.26265499999999653,0.0,-0.16308440979451183,22.79574509824882,-12.335107964884758,2.6430587273979604,3.6742981076357486,-30.216529229849613,2.6672380233502757,0.17142507676577348,-0.01340223149884565,-0.16450726185582762,28.625334624426483,-24.419881992425097,-2.707010769542171
0,1780392066.681421,4.991825454613807,-18.936382253166844,26.618933379089444,0.0,0.0,0.0,0.26265499999999653,0.0,-0.1632853926908593,22.79574509824882,-12.335107964884758,2.6430587273979604,3.6735202940658103,-30.211547759979073,2.658755231794782,0.16909847109454315,-0.014464256514199626,-0.17464769676482644,28.618521692981275,-24.420520815985913,-2.7156230900053426
0,1780392066.731421,4.991825454613873,-18.936382253167086,26.61893337908944,0.0,0.0,0.0,0.2626549999999999,0.0,-0.16369805298285367,22.795745098249277,-12.335107964884315,2.6430587273979853,3.6727578700764245,-30.20655337377824,2.6502210577669505,0.16688782400743687,-0.015061364584642785,-0.17952250213341286,28.611726702133215,-24.42111462498847,-2.7242858046440714
0,1780392066.781421,4.991825454613873,-18.93638225316709,26.618933379089437,0.0,0.0,0.0,0.26265499999999997,0.0,-0.16417210628563178,22.795745098249277,-12.335107964884319,2.6430587273979818,3.672010716506652,-30.201547551887053,2.6416482272845787,0.16473776811835728,-0.015487519922761647,-0.18248378793253886,28.604995675407068,-24.42160682905357,-2.7329837684845844
0,1780392066.831421,4.991825454613875,-18.936382253167096,26.618933379089437,0.0,0.0,0.0,0.262655,0.0,-0.16501320106081827,22.79574509824929,-12.335107964884308,2.6430587273979818,3.671278707684167,-30.196531342906077,2.6330399307395513,0.16263257135384607,-0.015820003536334032,-0.18454586309543566,28.598334412326547,-24.421991770935083,-2.741713519579645
0,1780392066.8814209,4.991825454613876,-18.936382253167103,26.618933379089434,0.0,0.0,0.0,0.2626550000000001,0.0,-0.166140162809909,22.795745098249302,-12.335107964884303,2.643058727397978,3.670561898006477,-30.19150374446462,2.624379629090008,0.1605635503310875,-0.01610569774946703,-0.18626491107835805,28.591741023550238,-24.422270319422072,-2.750491658246853
0,1780392066.9314208,4.991825454613877,-18.936382253167114,26.61893337908943,0.0,0.0,0.0,0.26265500000000014,0.0,-0.16744820654491915,22.795745098249316,-12.335107964884301,2.6430587273979746,3.669860310622222,-30.186464048480484,2.615653288407966,0.15852650401386273,-0.01636933545964088,-0.18788913493475923,28.58521375850085,-24.422443640135963,-2.7593322836275807
