segment,time,s_meas,ey_meas,epsi_meas,vx_meas,vy_meas,wz_meas,curv,a,delta,x_meas,y_meas,psi_meas,s_pred,ey_pred,epsi_pred,vx_pred,vy_pred,wz_pred,x_pred,y_pred,psi_pred
0,1780387207.342223,8.005188106271714,-0.08333243889507917,1.9661139832745127,3.4600901652553357,0.0,0.6865729591315574,0.2451905852842807,0.10894939656848476,0.06533337417977506,4.949077486418484,-2.0628736724081786,-1.3510865174001907,8.005188106271714,-0.08333243889507917,1.9661139832745127,3.4600901652553357,0.0,0.6865729591315574,4.949077486418484,-2.0628736724081786,-1.3510865174001907
0,1780387207.392223,7.991501775989246,0.17498650702857185,2.358847226187849,3.458016289406719,0.0,0.7163360912120115,0.6203067057253127,0.037743710120057804,0.06894074057511158,4.914359796186133,-2.3191628525466155,-0.97604302527823,7.936873728559077,0.07454011957707628,2.0178398949006358,3.4204902582874053,-0.08147939004691088,0.7109304826345751,4.981835297023204,-2.2317543949704497,-1.3864028171973501
0,1780387207.4422228,7.817880311802608,0.3263538229242648,2.71515611229139,3.457572979095753,0.0,0.735397599268037,0.8789610521359533,0.007663963168635498,0.0708663655280537,4.985435710685051,-2.498885303121426,-0.8298222839532254,7.855048995151907,0.22576417553138478,2.104783033874342,3.31170458063726,-0.14535107516052925,0.7344861452067105,5.000067208728582,-2.3964393911533635,-1.3941102695544991
0,1780387207.4922228,7.489348267306971,0.40170717383465154,3.036775052049273,3.45833013502791,0.0,0.7461766832177718,1.0744732321100077,0.004159107294243703,0.07148711419910596,5.117741598397898,-2.671577568208468,-0.8456225803942505,7.740687351062228,0.36406535707253285,2.242483941034129,3.1608750094214066,-0.19311689153845893,0.7507350433511607,5.01612074090951,-2.555151225246657,-1.3762219540975096
0,1780387207.5422227,7.123783509708308,0.3945030843486712,3.325438455925635,3.459671669010834,0.0,0.7459029360415893,1.177752099263833,0.016315710126667077,0.07079486993820024,5.269697633751318,-2.855589439361064,-0.873506125571895,7.5541464424471565,0.48017995009609404,2.4806565698544443,2.9850542874789974,-0.2254285767562609,0.7570497303145911,5.039871457853423,-2.708177634704014,-1.3350576354813875
0,1780387207.5922227,6.802141067370545,0.3245104072141144,3.582880734384616,3.4607210338561276,0.0,0.7332072063554801,1.2393486871793535,0.024022306581924398,0.06887517297545497,5.4168264674438635,-3.0451128233215266,-0.8659390111551843,7.232101414047762,0.555310820817983,2.8977167226689087,2.803368156777661,-0.24315719632563962,0.7523903713697755,5.096735781452175,-2.8822937723148514,-1.2174077860511012
0,1780387207.6422226,6.585663514007636,0.2024043350782673,3.8108362978903516,3.4614822184566143,0.0,0.7059249494515432,1.243267787884009,0.008408884228179432,0.06595390678073988,5.569714654941373,-3.1976556985887674,-0.7797509971804626,6.7844470754156205,0.5607068901285082,-2.7934190761265922,2.6240299466412798,-0.24763254272772703,0.7365859383677715,5.191122158749624,-3.1155520712425417,-0.9741950312432044
0,1780387207.6922226,6.441282350313551,0.035377254284922964,4.01103955690698,3.4604750703219302,0.0,0.6739568778525298,1.1239092988016515,-0.021816799571556317,0.06304706257615407,5.745922447072633,-3.317926783926884,-0.6753867912949136,6.4493021222043465,0.5007886413766902,-2.340566475155535,2.454646518307997,-0.24056486458144982,0.7098658763257479,5.280506574639022,-3.3242716244161725,-0.739251950041929
0,1780387207.7422225,6.40199475376346,-0.14515783321846237,4.185224921898641,3.459113329919278,0.0,0.6510335246540936,0.9243853449615428,-0.035191802966213825,0.060669033013976845,5.927194258947297,-3.3542320581329546,-0.5129794939677108,6.280491312220295,0.413313390175134,-2.116226236896951,2.3087294552853344,-0.22420142514661012,0.6743249976290415,5.367511339266766,-3.4563775947645445,-0.5971776512362723
0,1780387207.7922225,6.376524123055858,-0.31714551976172134,4.335126803329469,3.457781510435022,0.0,0.618299551914136,0.8850114475249257,-0.024769923799961936,0.05783169852186659,6.099461340592772,-3.3794923681466353,-0.37011231869712446,6.186818003399951,0.3187052975945489,-1.99695320739039,2.1932362674598718,-0.20149155620615444,0.633066533438325,5.45652704057394,-3.5454870892906705,-0.507015620477056
0,1780387207.8422225,6.332066235213184,-0.4878724024629625,4.462479611663605,3.456627996690386,0.0,0.5864606524141434,0.7979721934275524,-0.011449762128431889,0.05522472868733557,6.269990936075887,-3.43461637048356,-0.26712206826108087,6.122761346391868,0.22289623253801222,-1.9097741001516466,2.089058633490381,-0.17530965488802003,0.5868410024238333,5.54675305425729,-3.6115672147609046,-0.44442239851160537
0,1780387207.8922224,6.277392560215022,-0.6604370118685017,4.569017757365184,3.4566149313574144,0.0,0.5512909946047687,0.7090664867716368,0.009804361429921665,0.05202747560487851,6.439631381122403,-3.5156105159395246,-0.19602670063190075,6.077895807616987,0.12789360177323977,-1.845872464297217,2.000220751940157,-0.1478143870775828,0.5379564676123832,5.63622387820618,-3.6621271564640736,-0.4117529729108895
0,1780387207.9422224,6.237654030982034,-0.8341702058269475,4.656475650898345,3.4585140983920692,0.0,0.5125085024415887,0.6444470511283551,0.03735309719452611,0.048355311817345016,6.610390664034646,-3.5725208681691654,-0.11828425874800885,6.045167499104132,0.03448709741694511,-1.7970643755862934,1.925864697946161,-0.12124128273205531,0.4874250099074618,5.724182266760879,-3.706975361751256,-0.37121295526486486
0,1780387207.9922223,6.22403303231893,-1.0091439368844661,4.726587702727227,3.460257978896176,0.0,0.48058847518942377,0.6222977349987334,0.04313525697418037,0.045686388010642606,6.78382126165586,-3.6019715090275755,-0.053090109535922636,6.020576868955915,-0.057079340079140464,-1.758159732611906,1.862717412704424,-0.09715596644034395,0.43671295501136975,5.81112576456938,-3.744837029665091,-0.33784651528888254
0,1780387208.0422223,6.243796776460588,-1.1810700427361662,4.781088323315965,3.46434147865157,0.0,0.45332905321327227,0.6544358643478173,0.16406672152165988,0.0428840836727667,6.957132495081934,-3.5857410644193513,0.008254977591274582,6.001894481176612,-0.14668147176629193,-1.7259121538855344,1.8048413837181234,-0.07603516489236367,0.3901809883347314,5.896752502492168,-3.777482293465756,-0.31076575326645806
0,1780387208.0922222,6.243844826956034,-1.3542336516623659,4.821711923128525,3.4727389627353324,0.0,0.4400156797609924,0.6545139999999913,0.02405050665018668,0.042386984242399894,7.129983948416262,-3.5961340872711967,0.04889293383459403,5.987819812237716,-0.23425171865477806,-1.6982993056084559,1.7526580300390617,-0.058332780796639234,0.34803909521267934,5.980914936936837,-3.8058404216676456,-0.2869695955340532
0,1780387208.1422222,6.243844826956034,-1.5280736535006758,4.855087063898442,3.4615997462990866,0.0,0.4509845095959341,0.6545139999999913,-0.29058643742785495,0.04424441073702053,7.303506633596125,-3.60663284753675,0.08226807460451013,5.97726832569642,-0.3195831870719239,-1.6748479378873946,1.695776802619089,-0.04333398533881203,0.3153839257619401,6.063344082726157,-3.830611405570382,-0.26607245138204316
0,1780387208.192222,6.243844826956034,-1.6993745952765482,4.870921889109177,3.441136210218455,0.0,0.48338783842490557,0.6545139999999913,-0.46432803833549585,0.04817904638947167,7.474494893354866,-3.616978265748613,0.09810289981524534,5.969499832002538,-0.4020674377273516,-1.6545316123183735,1.6255686049989835,-0.03037805126748927,0.29449844942445297,6.143376596977488,-3.8522622725588445,-0.24746846126577537
0,1780387208.242222,6.243844826956034,-1.8698890190632371,4.875543554751387,3.4147276151221346,0.0,0.5384311208264435,0.6545139999999913,-0.48982645256901314,0.05408204151461404,7.644698070785131,-3.627276183593899,0.10272456545745534,5.963961194840629,-0.4811127451051833,-1.6363954749170917,1.5492596544661918,-0.019095553507605098,0.28547156012580643,6.22036954268453,-3.871149154244857,-0.23046604345593114
0,1780387208.292222,6.2240337703711495,-2.0378773214213743,4.886106771269205,3.3792731590441365,0.0,0.593434479847357,0.6222989351568375,-0.7856435911106577,0.05986577640157078,7.810226671478638,-3.6711402241281927,0.10642924960004052,5.9602175934374255,-0.556524056444559,-1.6195736134351368,1.4742423119401882,-0.009298653184828459,0.28780549203001304,6.294076130492067,-3.887616606217875,-0.21436940113052572
0,1780387208.342222,6.237652616497767,-2.201830421590529,4.890882715630349,3.3375562336446545,0.0,0.6570781785938562,0.6444447510136593,-0.8257104814294517,0.06671364172096779,7.975391400206307,-3.657770243754559,0.11612234150287648,5.95790414532853,-0.6280329023290111,-1.603491903529062,1.3894415243842109,-0.0011755936201853136,0.2953422694506097,6.364180208644996,-3.9019530436781364,-0.19871929660289078
0,1780387208.392222,6.2775216661293625,-2.3602157724758595,4.891102652753098,3.2815789967125872,0.0,0.723878779045421,0.7092764278913499,-1.2484015840266134,0.07487463556698158,8.13706542709458,-3.6048603161830286,0.12609322623535846,5.956823240278265,-0.6953333254998987,-1.5876671342668212,1.3038466887238622,0.005830366318388837,0.3064631629966682,6.4303537942355655,-3.9142766492533285,-0.18309184875749818
0,1780387208.4422219,6.332191401383811,-2.5142344782739467,4.887997847555556,3.2094140574621544,0.0,0.7874881279452521,0.7981757280692133,-1.4541110574785776,0.08252603930918506,8.296059427513201,-3.4691098139772127,0.1584991371141271,5.956757509640135,-0.7578173680768987,-1.5718663361000231,1.1962121092892812,0.012246407333857607,0.3189583023060914,6.491964253072765,-3.9246887802585553,-0.16730296077758933
0,1780387208.4922218,6.392812523367179,-2.664039806731399,4.882799564955832,3.127354257512315,0.0,0.8343126538331304,0.8967526700506478,-1.7889351869826866,0.09005755770575656,8.446027010764087,-3.334266039474701,0.18212469837738432,5.957463612764805,-0.8146272146976952,-1.556172908504291,1.077369824120128,0.017920481835368776,0.3258054731947206,6.548125092337258,-3.93328937908309,-0.1514810551000858
0,1780387208.5422218,6.44979832237624,-2.809922339912566,4.876739069872029,3.01052424518569,0.0,0.8675132544795622,0.9894181572421099,-2.532563154548082,0.09692253241033501,8.589633348660106,-3.2218623255776317,0.19518589541641873,5.9586915952777515,-0.865048637236858,-1.5408961760848716,0.9420706691543954,0.022751549647775805,0.32282410062881195,6.598087779861836,-3.9402219536941727,-0.13597807978265042
0,1780387208.5922217,6.492517445823833,-2.9497697088518797,4.871047627222255,2.8768832365405523,0.0,0.8805218769471315,1.058884383135232,-2.833386800775773,0.1027041522173584,8.721698587962546,-3.062457338583401,0.2276594896242159,5.960197343282108,-0.9078050481386855,-1.5265509519977765,0.7727832028485372,0.026035647826568625,0.30209352716313714,6.640548011889485,-3.945543897348486,-0.12135057251946613
0,1780387208.6422217,6.513218459102327,-3.085093177459606,4.866956501924618,2.7309518902139023,0.0,0.8820764983635225,1.0925466202919585,-2.8616536444134124,0.10751276372402321,8.852567973915477,-2.9980497792504823,0.2347611072212814,5.9617483946019805,-0.9418468643826189,-1.5139490545508134,0.5951292684481677,0.02648662550348487,0.2584697013841064,6.6744255803323655,-3.949350084439714,-0.10845229533051715
0,1780387208.6922216,6.49977828793312,-3.2138236485422427,4.865696958897222,2.580406611869693,0.0,0.8705260129409975,1.070691350540749,-2.9880573598207056,0.1119669399080643,8.983465197687527,-3.0210929840504,0.22727410853554986,5.963148485618587,-0.9671742095420894,-1.5038699326509,0.42488155194960586,0.022996999736329772,0.19633555043612294,6.699681213433702,-3.9518766620643793,-0.09810075630057069
0,1780387208.7422216,6.493126023077998,-3.3337506393043155,4.8685002630581735,2.4278674596317855,0.0,0.8484014324767992,1.0598739999999858,-3.011890502516112,0.11583008140512815,9.104617774018465,-3.0338487253613384,0.22557143009677283,5.964247289526407,-0.9840909756598084,-1.496718341740689,0.258186892926616,0.016000301507368468,0.12947226703695203,6.7165836113724895,-3.9533611098217003,-0.09073212479203452
0,1780387208.7922215,6.493126023078083,-3.443429218090346,4.87659767932558,2.2744021235256047,0.0,0.8201077128127385,1.0598739999999998,-3.168066012601364,0.11966070245508541,9.214031875383753,-3.026236559641242,0.23366884636424246,5.964991633159159,-0.9928736827677573,-1.4912900347496387,0.09820706529460091,0.016230492796311693,0.13027086880590275,6.7253935821965065,-3.953922163854301,-0.08515517028926212
0,1780387208.8422215,6.493126023078084,-3.544844799868679,4.8912204726175466,2.1203812829255564,0.0,0.7892732836581469,1.059874,-3.259398591970024,0.12392125480952505,9.315202905019026,-3.0191978814999687,0.24829163965620893,5.965461576678239,-0.9936859482969357,-1.4853596346703886,-0.06084179143878418,0.013651681028075926,0.12633466072018937,6.726287265779874,-3.9534990469738904,-0.07913024673003255
0,1780387208.8922215,6.4931260230780845,-3.63638721141518,4.913599907852179,1.96896453839555,0.0,0.7593047830400522,1.0598740000000002,-3.1703500809122946,0.1287936541777707,9.406524572449761,-3.012844443893505,0.2706710748908421,5.965366464918381,-0.986760331287481,-1.482706575660595,-0.214461669553059,-0.0023659721193460756,0.013025996358891248,6.719436535407672,-3.9524769495572003,-0.07649636044090036
0,1780387208.9422214,6.4931260230780845,-3.721378830643606,4.9449672499475845,1.8170610177910171,0.0,0.7323548942170145,1.0598740000000004,-2.82010050501092,0.13465623555732625,9.491311244053177,-3.0069456594861754,0.3020384169862478,5.964559667810422,-0.9725617578034084,-1.48487202707715,-0.35580054221457924,-0.01904863307192684,-0.09681186103039106,6.705271789073963,-3.951101714747839,-0.07882358678876766
0,1780387208.9922214,6.493126023078085,-3.782716913435302,4.986553763821869,1.698961408667391,0.0,0.7158123641096876,1.0598740000000006,-2.278725213510654,0.14020850449601152,9.552501417033236,-3.0026885323760895,0.3436249308605319,5.96307721747863,-0.9520038765960374,-1.4917549422227616,-0.47323869672514757,-0.03291737278287188,-0.169010541586875,6.684703091145673,-3.9494679225834557,-0.08599974451407233
1,1780387209.0022137,38.19612673903325,-3.7932943754028976,0.7496352856979691,1.6862178461792483,0.0,0.7180913472995907,0.7955139999999996,-1.127083740275497,0.1443827530861299,3.523598967686264,-3.464179295852655,0.7711305262888515,38.19612673903325,-3.7932943754028976,0.7496352856979691,1.6862178461792483,0.0,0.7180913472995907,3.523598967686264,-3.464179295852655,0.7711305262888515
1,1780387209.0522137,38.19612673903324,-3.7939435127560146,0.6864691424144809,1.6298854011892734,0.0,0.7374784448539267,0.7955139999999996,-1.238978965802795,0.15076713474291514,3.523612919975345,-3.464828283246093,0.7079643830053621,38.210820086094095,-3.7372803709793363,0.7750796838494458,1.5604905885838538,0.0001792569899051647,0.7594562836858108,3.541994020725806,-3.407742439302874,0.7978888052981365
1,1780387209.1022136,38.19612673903323,-3.7917607354589915,0.6332453503982254,1.5731044936880247,0.0,0.750816634409536,0.7955139999999995,-1.2611092765567218,0.15761094950951038,3.5235660042652377,-3.4626460102007237,0.654740590989106,38.224147165965235,-3.684110703751632,0.803006911604935,1.4342229320384798,0.004332877023957239,0.7748956887407674,3.5544350345873874,-3.354273343462249,0.8259056739175952
1,1780387209.1522136,38.19612673903323,-3.7866989089978937,0.5898133110127284,1.5175393695890227,0.0,0.7595606811701285,0.7955139999999994,-1.2136344924066522,0.16492771218401944,3.523457207466255,-3.4575853530913356,0.6113085516036088,38.23607620262165,-3.633776166706722,0.8323164200132265,1.3120864486240702,0.012049941844991377,0.770973525985129,3.562269611234858,-3.303748975190274,0.8544062438763294
1,1780387209.2022135,38.19612673903324,-3.7791070902203354,0.5560224256215152,1.463208016906224,0.0,0.7662434349078003,0.7955139999999993,-1.1283845738864167,0.1728334725630977,3.5232940320615374,-3.449995288128598,0.5775176662123966,38.2466360832563,-3.5862180911798287,0.8621618383219154,1.197563531199253,0.02193120431627438,0.7533271314768243,3.5675472711832232,-3.256066581274575,0.8830721130274597
1,1780387209.2522135,38.19612673903273,-3.768958760567364,0.5317220955881116,1.4116240409047927,0.0,0.7742883764645366,0.7955139999999894,-1.0919528398641072,0.18141503313940432,3.5230759080713856,-3.439849302879727,0.5532173361789248,38.255903040680394,-3.5413536008849786,0.8919331600154985,1.0923481388968574,0.03232174994819083,0.7272779158170432,3.5735992302116113,-3.2110683000518168,0.9122009307460406
1,1780387209.3022134,38.18315931693436,-3.75716979597336,0.516761722276043,1.3585631406385268,0.0,0.7811862127945504,0.7849930139233158,-1.0674399150505423,0.1907164724447373,3.5035693606166163,-3.428459650643246,0.5365829914449849,38.26397019620299,-3.499158013002875,0.9212483227958632,0.9937305772083187,0.04184685295624975,0.6968695381301276,3.5801035299926403,-3.168733165009907,0.9413142891336328
1,1780387209.3522134,38.17838383450884,-3.7420428311651057,0.510990707048835,1.3088206754168008,0.0,0.7673970859248762,0.7811184748108277,-1.0254994856976798,0.19587561221690647,3.4982966667801163,-3.4134339532768387,0.530759021353941,38.271001538945306,-3.4596733661556347,0.9499009291012559,0.9013369486270787,0.04964456091493973,0.664564901783675,3.586671615882278,-3.1291085515060004,0.9700624191730505
1,1780387209.4022133,38.20311226142062,-3.724041840204624,0.5142584512700132,1.269423821450204,0.0,0.804182196854081,0.8011816325659493,-0.6837886662316491,0.2114906018189181,3.5320116857545893,-3.3947258488825,0.5365372349456772,38.277054580388736,-3.422944969482758,0.9774646586976719,0.8156270676333931,0.054243071512553385,0.6228826947110965,3.592957357982841,-3.092245035567624,0.9979108613627581
1,1780387209.4522133,38.249976126367166,-3.704807502964895,0.5264143563031032,1.234414905898066,0.0,0.8707592973811302,0.8392041529143554,-0.5893907709055638,0.23491649165903,3.5723208784076665,-3.374582431483761,0.5470424445739144,38.28215841020137,-3.388672592518452,1.0041178725790791,0.7491323944194206,0.05894112676534309,0.6006286262364046,3.598666007600817,-3.057847577438779,1.0249497131795255
1,1780387209.5022132,38.3079833065058,-3.685469860605401,0.5473078235116305,1.218723986268237,0.0,0.9762359601698675,0.8862676887471517,-0.06789837830763035,0.26377812451660043,3.632950025263109,-3.3539701514169176,0.5687589744114643,38.286389515804515,-3.3564796972696027,1.0309025745295228,0.6881981882221262,0.06416579550332972,0.6008709530837769,3.6036373272596376,-3.0255429639788267,1.0521550813834821
1,1780387209.5522132,38.36777636102623,-3.6664414607768134,0.5767882542591207,1.2266341503005533,0.0,1.1142910204666687,0.9347801756022132,0.3023590552616688,0.29500682046896715,3.5975283795415254,-3.335208254425799,0.5723812579163896,38.289889378988484,-3.325783357667421,1.0587604356938574,0.6531596439051345,0.07030504639305253,0.6238344057050759,3.607871130952585,-2.994748697011931,1.0804300738878982
1,1780387209.6022131,38.42041646283307,-3.64705399512201,0.6147050499090994,1.2687261366384985,0.0,1.2892984762193223,0.9774891869988515,1.075776660953751,0.3256209458805965,3.6556602061779913,-3.316107718539474,0.6117804442865804,38.292831481080796,-3.2956995252016177,1.0886726454628874,0.6354363975995103,0.07742299120770758,0.6671774378869019,3.6112134152067705,-2.964584690845961,1.1106617561684402
1,1780387209.652213,38.45504816659838,-3.625916858570219,0.6609076118250921,1.3420277191071883,0.0,1.477646138390562,1.0055872677401312,1.570910666831333,0.3533327405487725,3.696836290339339,-3.2950298994874365,0.6597705952574824,38.29539068321528,-3.2650580559164717,1.121510734404123,0.6537189004417799,0.08612455645975442,0.7352152380722592,3.6136402701856047,-2.933882159423918,1.1436658550455592
1,1780387209.702213,38.463881217133036,-3.600844557761697,0.7152453413706241,1.4426557354545135,0.0,1.6677956773069589,1.0127538734837183,2.13204162460811,0.37454247347516095,3.698155670945828,-3.2699594022221765,0.71201365515231,38.297705701791095,-3.2325574271361703,1.1584638522762702,0.6929272928315017,0.09602888653932451,0.8266614188796648,3.6154294648343717,-2.901333814158077,1.1806792019655976
1,1780387209.752213,38.44444685332273,-3.569297314794926,0.7775676399091929,1.5483492709885702,0.0,1.8116861241784572,0.9969859999999866,2.1454664878663197,0.38360721430468214,3.688663335231612,-3.2384055394075872,0.7770930987034652,38.29984908213736,-3.1971330342897626,1.2004562310287419,0.7560795461155804,0.10588799714841429,0.9343502640754453,3.616720287007846,-2.8658720054983564,1.2226511760478527
1,1780387209.802213,38.44444685332273,-3.5278654736675272,0.8311628792808482,1.6745194354151853,0.0,1.9779404378084426,0.9969859999999866,2.6641632653106373,0.39196358164000533,3.688682996346718,-3.1969737029451935,0.8306883380751202,38.30181609979125,-3.1582684759285833,1.247878517821225,0.817339856021607,0.11297499946141086,1.0365594053180949,3.6175617691170276,-2.826979253594927,1.269990292322217
1,1780387209.852213,38.44444685332273,-3.4738534874083746,0.8957031897697999,1.8210656243979915,0.0,2.159942819473654,0.9969859999999866,3.011440354020514,0.3982622473900874,3.688708627258839,-3.142961722767503,0.8952286485640721,38.303511813822624,-3.1154994217526735,1.300721407544728,0.9000888091311803,0.11837157039665533,1.1437230109363774,3.617933996854443,-2.7841915832066055,1.3227119771980869
1,1780387209.9022129,38.44444685332273,-3.4083818785979263,0.9732464673726694,1.9701188148990396,0.0,2.336824652745834,0.9969859999999866,2.9780807596963728,0.40143524144445886,3.688739696233859,-3.0774901213288093,0.9727719261669421,38.30484801953156,-3.068049533624468,1.3594604215339228,0.994583413979711,0.1213366707808242,1.2584799009407412,3.61783456666761,-2.7367324637907773,1.3813231911732515
1,1780387209.9522128,38.44444685332273,-3.329732673745207,1.0641508493025738,2.119415709700257,0.0,2.5069002298963867,0.9969859999999866,2.8209826586412325,0.40142324978593297,3.688777018520959,-2.9988409253315718,1.0636763080968459,38.305658241274756,-3.0158720915476787,1.4244296549677324,1.0819371584177908,0.12058759294108143,1.3708456128760993,3.6172285259252015,-2.6845558248900883,1.446201069811293
1,1780387210.0022128,38.44444685332273,-3.235578145558107,1.1686868187476198,2.2624649964095007,0.0,2.6754669447929893,0.9969859999999866,2.946283061356987,0.40065598133566965,3.6888216987226126,-2.9046864077457704,1.1682122775418922,38.305735385428974,-2.9595839868406886,1.4954455212957916,1.1566904162027425,0.11575468792672729,1.4706788428859017,3.6160529283775142,-2.628279976117907,1.5172076922686601
1,1780387210.0522127,38.44444685332273,-3.128988691312125,1.31402520877261,2.4019789150000523,0.0,2.8404484486482646,0.9969859999999866,2.5936713668889304,0.40000000596045915,3.68887227980885,-2.7980969655011934,1.313550667566882,38.30487462862159,-2.89966754243846,1.5720749232972642,1.2328352141619812,0.10726983772979962,1.558915511052342,3.6141719511935273,-2.5683903106229984,1.5939348588889946
1,1780387210.1022127,38.44444685332273,-3.0112658989322076,1.4846001434060443,2.5005446634994812,0.0,2.9570068937148206,0.9969859999999866,1.8306309185322531,0.40128739446456113,3.688928144122591,-2.6803741863762354,1.4841256022003169,38.302869302423666,-2.83694488956472,1.653970379978409,1.2866604028900568,0.09591574576911373,1.6345738525151001,3.6113120884878214,-2.5057153411485706,1.6760122683011183
1,1780387210.1522126,38.44444685332273,-2.8904868784194964,1.6319566071055307,2.565423318776003,0.0,3.033728831022325,0.9969859999999866,1.1670210050511045,0.40170036254052505,3.68898545874246,-2.559595179462599,1.631482065899803,38.299549653967006,-2.7733886264710246,1.7405503181391264,1.299125512984939,0.08418350915102905,1.6921705661125541,3.6070368140546414,-2.4422381651999348,1.7627525145318081
1,1780387210.2022126,38.44444685332273,-2.7555211742021433,1.781329277104664,2.6198724701984695,0.0,3.1170860108813185,0.9969859999999866,1.133153526942066,0.4020795187961893,3.6890495055280677,-2.4246294904416654,1.7808547358989362,38.29484140531653,-2.7113077730934356,1.8307802970712013,1.2776458908422976,0.07468640077048647,1.7247357221629138,3.6007509755499143,-2.3802815472942327,1.8529085870402593
1,1780387210.2522125,38.44444685332273,-2.6255414076250054,1.9149271205367007,2.6725662580787857,0.0,3.2037592709060605,0.9969859999999866,1.018332299835906,0.39937671682166925,3.6891111862809045,-2.2946497384995572,1.9144525793309732,38.28872210569187,-2.6520319617703256,1.9234780486775387,1.2549802821958016,0.06867302412379979,1.736220957121402,3.591717963964721,-2.321189056173279,1.9450016052479953
1,1780387210.3022125,38.44444685332273,-2.496052521888948,2.051168111243126,2.7371746934662053,0.0,3.2553711608405758,0.9969859999999866,1.2778193355904846,0.38932376673455044,3.6891726340905637,-2.165160867343259,2.0506935700373976,38.28119454047117,-2.5961723905338814,2.0176837231998386,1.227940546301498,0.06560521866166683,1.729795262318387,3.580978772372516,-2.2655438470660063,2.038432534103195
1,1780387210.3522124,38.46060711873842,-2.371564027128036,2.1898281633877543,2.8066661195031166,0.0,3.2414780846667126,1.0100974670397813,1.5086265119348625,0.3717721674118385,3.701083348245493,-2.0406824574643485,2.1875364708846305,38.27226410998172,-2.5439307992446234,2.1124426558511784,1.2160331860710505,0.06377266351991165,1.7049091710239355,3.5695841674615885,-2.213524360723634,2.1326480699596377
1,1780387210.4022124,38.45989082271065,-2.254350658531555,2.3306831911343364,2.8879138188486855,0.0,3.2114979945675364,1.0095163075403921,1.756399396530578,0.3493601401027197,3.7010413294023174,-1.923468713280559,2.3285714579859196,38.262003826992384,-2.4950940090832066,2.2069173545745766,1.216977440810654,0.061241837281799355,1.6625077238454617,3.5580376039495816,-2.1649098356069043,2.227001840375868
1,1780387210.4522123,38.42908957075032,-2.153311747785263,2.473509108646623,2.995967462370209,0.0,3.104139837457202,0.9845260249259782,2.2947853603168746,0.32193175735197865,3.6707042847659244,-1.8223981310167323,2.47151443459372,38.250298635813536,-2.4494680463065777,2.300295712688362,1.2318263090962112,0.057054608957369156,1.6056154076860785,3.5466905659265193,-2.1195046252346903,2.320899573409868
1,1780387210.5022123,38.37974309123875,-2.0722934523524086,2.618081830088365,3.0975995795159488,0.0,2.937001136647503,0.944489260491571,1.9741795362181516,0.2933812838426895,3.6127538725137094,-1.7411215071366124,2.6118570723285437,38.23679138754899,-2.4065763917788545,2.3919775984205547,1.2753668025091527,0.049992151571808766,1.5391448223506867,3.535697288144585,-2.076836820316225,2.4139922349506984
1,1780387210.5522122,38.338148998382906,-2.01467125502809,2.764177269623312,3.1900620971653226,0.0,2.724787467025551,0.9088242409176545,1.7938869955315169,0.2641678184482697,3.6031635000820175,-1.6834258588093256,2.773659784064022,38.22123961522671,-2.3665009713269116,2.4815369842597255,1.304896256392032,0.04072877335553671,1.4645388610843393,3.521524546536915,-2.037071938117883,2.504505600024997
1,1780387210.6022122,38.26711041991965,-1.9860161505411873,2.9115713414152147,3.2672865283445964,0.0,2.4874377674285095,0.8525074328270459,1.5484917752536138,0.23552802726776537,3.5529051760242085,-1.6558324530852082,2.9316487301638112,38.203779536715935,-2.329880452524971,2.5681934178002868,1.327675708273924,0.030796585360781246,1.3765372190878449,3.501760388327577,-2.0008924470535727,2.590531977882481
1,1780387210.6522121,38.178318135985265,-1.9863680003045732,3.0600399596278236,3.3257944745033354,0.0,2.187977283824331,0.784292258910756,1.1526622825886945,0.2012503858616624,3.4635304166127256,-1.6581033795180393,3.0798102426304688,38.18420624893822,-2.2971302313168422,2.6509346442607544,1.342116015348402,0.02148638808011205,1.2757795735641944,3.4758235735858367,-1.9686832194977062,2.6708192158321946
1,1780387210.702212,38.09273465752549,-2.0136320555898175,3.209359038424889,3.364933566998726,0.0,1.801436635141243,0.7201372501625359,0.2404034108915858,0.15976769107506558,3.433925917533809,-1.6864927651923634,-3.0265353350655992,38.16243939038672,-2.2685528411290306,2.7283416073306768,1.3425610355151518,0.01235633449183021,1.1494622852471252,3.459182017408288,-1.940436721245103,2.750734811310373
1,1780387210.752212,38.05047765915326,-2.0628086837258333,3.359304491970162,3.3903196769925557,0.0,1.361303200814482,0.6851690059410194,0.4315523195242484,0.11427127909575453,3.3907589992066742,-1.7376998740586542,-2.878180995121811,38.13896479539366,-2.2444396269651192,2.7981581719724637,1.3042581370127697,0.003729211699725947,0.9810415495802721,3.4614128798624986,-1.9162332079566342,2.832245337025838
1,1780387210.802212,38.002682453876524,-2.127648024573108,3.509652234427392,3.3803482265572224,0.0,0.8680531195627698,0.6521490210665021,-0.09089653101201725,0.06588507014147357,3.3494569326408494,-1.8045730540575704,-2.7261973048419534,38.1146833094399,-2.2244712099461066,2.858213537532854,1.280378253493922,-0.0038843780184883332,0.77620120797853,3.46153487952242,-1.8962639477725403,2.9035768268734294
1,1780387210.852212,37.945163880485644,-2.204792735920969,3.6601781799603303,3.3349577368265906,0.0,0.3803525740386701,0.6178969442733855,-0.9245419301022293,0.01845819854753221,3.3124892973723434,-1.8834890825888897,-2.568024806166795,38.089874386961725,-2.207959403323227,2.906885610737662,1.234497575360921,-0.010917825827165419,0.5473390991359434,3.4395349975572524,-1.8807716052005525,2.953849991044896
1,1780387210.902212,37.86934592050467,-2.2895195575262255,3.810658242732727,3.2525385461792977,0.0,-0.07284621087894064,0.5773372847239775,-2.1504453080437385,-0.026039427297677484,3.2771666936085286,-1.9710339100106018,-2.4019380369905665,38.06526500792671,-2.1944108927789845,2.9428911365070913,1.151240815162377,-0.016701670000619277,0.31071483025233926,3.410502138712481,-1.8685414146339487,2.9881161017945006
1,1780387210.9522119,37.76346587113043,-2.3784337755839955,3.9608683369083333,3.124913858047762,0.0,-0.45628753109294923,0.5243150627771717,-3.918714202538931,-0.06509674970150205,3.1855082278178637,-2.0668195388028856,-2.2484931912422406,38.04188284725856,-2.1833585416578334,2.965640672995404,1.0119837403406677,-0.021251144193338237,0.08766453501527291,3.3894262842960523,-1.8584391381070846,3.0121408674845798
2,1780387210.9824522,6.718941649715491,-2.3845908446169983,1.7012153903246972,3.0324164653600447,0.0,-0.7278698967517709,1.221326499999999,-2.561346943768153,-0.09522050667965279,8.082783596185307,-2.5515065895636004,-2.8041864341450813,6.718941649715491,-2.3845908446169983,1.7012153903246972,3.0324164653600447,0.0,-0.7278698967517709,8.082783596185307,-2.5515065895636004,-2.8041864341450813
2,1780387211.032452,6.763353163613571,-2.253414115316257,1.8432339699823084,2.8402257442931007,0.0,-1.0373083348721592,1.2530796167103118,-3.069940086642652,-0.1359180285684165,7.934454063108985,-2.487837491723174,-2.6406965817334314,6.714222952126939,-2.2418568403761427,1.6689406423918491,2.7246523983113473,0.05941331558599528,-0.7865208463720481,7.944973456152388,-2.589822828904302,-2.8384493412723675
2,1780387211.082452,6.7544447870070385,-2.131971691435026,1.9519388945802325,2.6846175195488997,0.0,-1.28487083790315,1.2467103512370437,-3.0209250899784905,-0.16955923435612816,7.821302751474006,-2.5377684921750467,-2.5386050195239767,6.710462250368106,-2.1145055482104285,1.6315178677975997,2.401165444133577,0.08925574015325152,-0.888438960955878,7.82184700586449,-2.623276461444276,-2.877729530798918
2,1780387211.132452,6.705201018219026,-2.0173081587089814,2.0290906753267186,2.5635644996713953,0.0,-1.4705859513503436,1.2115022936785973,-2.544917181663707,-0.1957926740743907,7.728916261827795,-2.653979865144046,-2.4831615843375783,6.707879473371934,-2.0024322458628108,1.5875652566741643,2.096135425085604,0.0993217920079821,-0.9878156119773733,7.713167593566038,-2.6511946045742536,-2.923098021587939
2,1780387211.182452,6.635538657693249,-1.9081842226483494,2.0764498234300164,2.472864305274053,0.0,-1.599121306163158,1.1616954559930561,-1.8448994996027723,-0.21473137043321727,7.651211509122003,-2.8432697011575208,-2.488463747411254,6.70664737815506,-1.9042407063827909,1.5374963899233585,1.8332842172492592,0.09402307606911456,-1.0653205904856486,7.617486192741775,-2.6734109066149885,-2.973882564516286
2,1780387211.232452,6.569313805657959,-1.8004005610192404,2.0957768500983747,2.4088164210999663,0.0,-1.6643114713511753,1.114346350519564,-1.1696628387196546,-0.22536985674304055,7.563114107041644,-3.002208258717124,-2.5125039997199767,6.706926359522115,-1.8177979772120838,1.4824331817360141,1.6230831420549046,0.07727192352221235,-1.1165406262490538,7.532668557877433,-2.6901039056576903,-3.028781446610455
2,1780387211.2824519,6.513473389860192,-1.6848281061821697,2.088832266540044,2.3681509531434637,0.0,-1.674227315417108,1.0744218560731935,-0.6513639238850687,-0.22725896916553417,7.456771684683341,-3.109831648962737,-2.543282183302707,6.708851089819511,-1.7408784263634347,1.4237161369900324,1.4619220590821542,0.053780848459745,-1.1398753074106456,7.456531817606944,-2.7017163776350737,-3.086401099088822
2,1780387211.3324518,6.4822727328201415,-1.5852673623882336,2.057376583963273,2.354285027033303,0.0,-1.640866009833325,1.0521141701270498,-0.17689013232747997,-0.2230777869171977,7.362017509413997,-3.180862301891228,-2.5949280872346536,6.712489256729693,-1.6716218762792732,1.3628972159350425,1.339808989979506,0.02851364940497252,-1.1311776313419153,7.387311401251133,-2.708953469227544,3.1378663433075555
2,1780387211.3824518,6.473693803135953,-1.4744081778997267,2.0031703135763115,2.353405165186048,0.0,-1.5757192070431323,1.0459804509267376,-0.0529200205817504,-0.2131665157460166,7.252574044936766,-3.2093610099107113,-2.6581534531196107,6.717797864077302,-1.6085078692474424,1.3017082826162554,1.2517833188674905,0.005533917698877511,-1.0899074066549164,7.323648916086115,-2.7128243980054574,3.0790448335504674
2,1780387211.4324517,6.493126023077998,-1.3587001329496222,1.9279739665874083,2.354664660667158,0.0,-1.4858645150463587,1.0598739999999858,0.018350356281103347,-0.2000978876879462,7.134329877368413,-3.170925736439934,-2.7149548663739926,6.7246071624943315,-1.5505455391800136,1.2418930788815956,1.1780380779277053,-0.0125887465537966,-1.01772952791016,7.2647683841203845,-2.714510740369404,3.0215603178459958
2,1780387211.4824517,6.493126023077998,-1.2419191891443087,1.8335480542048133,2.366229695369273,0.0,-1.3907904981670094,1.0598739999999858,0.35174537501313907,-0.18692834120098203,7.017830537529425,-3.179030836879778,-2.809380778756588,6.732610638179697,-1.497234632430194,1.1849772218101897,1.1136045649499626,-0.025464443189407993,-0.9231850423518704,7.2102707496065435,-2.7145573966210343,2.9668149853798544
2,1780387211.5324516,6.486533249074887,-1.1228184691764214,1.7216530876367764,2.3994156431795335,0.0,-1.323013589053954,1.0551603322145113,0.8342331588955536,-0.17586108062605443,6.899861503852307,-3.1999197261933916,-2.9266717894918894,6.741688093870966,-1.447817618244273,1.1318453204059864,1.0706540772640971,-0.03379302821432169,-0.8247325479325742,7.158945061483628,-2.710998072353341,2.917242379285655
2,1780387211.5824516,6.473099191589232,-1.0000632323535361,1.5940495780915462,2.4619715074136788,0.0,-1.2730893376827737,1.045555318608941,1.3792169200023454,-0.16571749119922216,6.778909085582665,-3.2347867597228044,-3.067894917083354,6.751832372226529,-1.401116186356093,1.0822043746581782,1.054646831494143,-0.038651704415206704,-0.7420851619039966,7.109452042469288,-2.703447285908852,2.873148801523314
2,1780387211.6324515,6.493651891433446,-0.872291890611695,1.452498036777373,2.5474424414626076,0.0,-1.244186244284527,1.0602499826630198,1.8625246129413002,-0.15653291106843084,6.649034245673567,-3.203820169588816,3.093145037470255,6.763191053300575,-1.3558550268132585,1.0349675137089749,1.0669531412960847,-0.04068394095223924,-0.6818026698713874,7.060293690558364,-2.691445244144685,2.834090501331424
2,1780387211.6824515,6.536052383524906,-0.7437739024756,1.298758974902505,2.649554026697588,0.0,-1.2146998346441944,1.0905652693034287,2.1979627691374293,-0.14750735250452204,6.516677124932448,-3.160171741616403,2.953356783324546,6.77581896338906,-1.3109654699295867,0.9886717893015051,1.101546018380713,-0.040661703437018526,-0.6427242317688731,7.01013603621995,-2.6746169241254174,2.7993268829216387
2,1780387211.7324514,6.586707999326238,-0.610910693731283,1.134592903675151,2.779794213767003,0.0,-1.2161871479386945,1.1190855757615303,2.504013557223563,-0.1419114960354153,6.376799413739245,-3.0971722419263,2.8282275032971063,6.789816903443499,-1.2658230800191441,0.9420613123930606,1.1490737287780997,-0.039013470208081366,-0.6178638480740724,6.95869096863922,-2.6551805445650545,2.766229335027946
2,1780387211.7824514,6.633603876125315,-0.47649353997025523,0.944193515094629,2.898614433584747,0.0,-1.2186206319386537,1.1366392644258745,2.397168765371544,-0.13569081505407604,6.23538182894243,-3.0558043063891276,2.661943961670705,6.805414698677899,-1.2201668206482068,0.8940748580395494,1.2071673574226534,-0.036892624511225096,-0.6083433664288729,6.906524245727221,-2.6366477835177373,2.7308802507507792
2,1780387211.8324513,6.696540829487238,-0.33406156025624195,0.7505982562336054,3.031431063192238,0.0,-1.2385710300939974,1.195360622219342,2.4213565018226393,-0.13235913745521188,6.08135674467166,-2.9990660399379587,2.51555270471591,6.822826497138029,-1.1742698908946125,0.8440784725928432,1.2558023542253514,-0.033848656222498795,-0.6033003263405492,6.854075626893259,-2.6194016497805443,2.691966642922746
2,1780387211.8824513,6.762362398833879,-0.21357078370496857,0.572682401171169,3.135882389241425,0.0,-1.23215839113001,1.3076023123210572,2.178525002568047,-0.128456867673298,5.947875184353698,-2.950944846432664,2.3711384482844604,6.841707168543815,-1.1287644840254836,0.7913844471045981,1.2991037263824148,-0.03090033357800999,-0.6039268142445752,6.802191630247324,-2.6038164574359737,2.648400372308803
2,1780387211.9324512,6.858591670436777,-0.09828272564249971,0.4009826931542673,3.2365027661881,0.0,-1.2325136838749944,1.473201566827928,1.8561696238739769,-0.12331767910349302,5.808617742627754,-2.8779297870551903,2.264788685257651,6.861461443387792,-1.0845281752872047,0.7354220213400335,1.3209141823379225,-0.02780606221114918,-0.6025822869630807,6.751675335501551,-2.5892530034390364,2.6002564063447906
2,1780387211.9824512,6.972353611721172,-0.013722396548456028,0.21335043410548993,3.320273394248991,0.0,-1.1893381983017155,1.6308517068419037,1.5314615085719305,-0.11487653540329869,5.690868671460531,-2.793623844658442,2.153879938391275,6.881330418652815,-1.042767445543911,0.6763070705834577,1.3152526114947984,-0.024807925960362767,-0.5920431346829772,6.703909333704097,-2.5759034102451577,2.547614827709296
2,1780387212.0324512,7.113967079815761,0.030238612686693218,0.026566168418934666,3.381243046135498,0.0,-1.110256504950873,1.8830071702831017,1.0431426867480105,-0.10376539574523452,5.591573236480036,-2.684915516447405,2.0981495625338766,6.901033339022711,-1.0045689202627548,0.615315676679749,1.2847352307012878,-0.021866106412701015,-0.5639430658312724,6.6583595299438345,-2.5584618974678683,2.497014653999978
2,1780387212.082451,7.282313313781062,0.02151273498648559,-0.15751419006627465,3.422967009060978,0.0,-0.9914071656878884,1.9504075098109483,0.7197995324393016,-0.08935294945359981,5.509592533890472,-2.5416724243414146,2.0448426443455965,6.919470059578088,-0.9708911866128557,0.5537011990332199,1.2183886133527613,-0.0194019900424956,-0.5144509475896372,6.615987930416399,-2.537463294133455,2.4503541199517542
2,1780387212.132451,7.4440132514203015,-0.042517042213733064,-0.3370347275110279,3.452499923700987,0.0,-0.8284177316883178,1.838369367270007,0.5764415130339201,-0.07301598094369455,5.451729294680497,-2.376644684259016,2.0144630178666034,6.937422614383447,-0.9421711928419872,0.494875404702384,1.1391991692427457,-0.01724723917773301,-0.44304300937990393,6.577516630853747,-2.514262284656345,2.4088774222634504
2,1780387212.182451,7.561908501219007,-0.1493704333206323,-0.5101395300762119,3.4561698089009716,0.0,-0.6454541487086867,1.5737093880272934,-0.12089820887239348,-0.054723425157077885,5.425801389580955,-2.2107580690283277,1.9655147998862645,6.955706899731204,-0.9179967564549107,0.44141574173857956,1.06671273475035,-0.015056849975254924,-0.35897914472325615,6.543684240849926,-2.4921627487788145,2.370572353289033
2,1780387212.232451,7.637648709609232,-0.2864712924640541,-0.6749726839227175,3.4613559833653222,0.0,-0.4475946403529314,1.3134530599174712,0.1407690824278804,-0.03699074086049826,5.430555818123313,-2.045157752593849,1.8807112136123596,6.9750605196291025,-0.8978097648146602,0.3955266716652521,0.9803704570908509,-0.012241793206710242,-0.26839860900344575,6.513684780433725,-2.4702112827871336,2.3377398703783276
2,1780387212.282451,7.700750849109398,-0.43885152104425973,-0.8296782752114318,3.463393213921903,0.0,-0.26482988442672756,1.0146182421690093,0.004055304293333102,-0.020812159794986483,5.435362538983249,-1.8692788309597423,1.7948490291949781,6.995573524285112,-0.8807674376884042,0.35759060953305344,0.925059776370348,-0.008985879010922316,-0.18376520505149985,6.484758531826325,-2.4436789146612483,2.3164996279121963
2,1780387212.3324509,7.763927936889328,-0.5968650130645091,-0.9724003901032452,3.4647859948351454,0.0,-0.10439050390359245,0.7835926541886685,0.022568626022087483,-0.006885725048593822,5.425729850815162,-1.685571143590093,1.7125531152422955,7.018160139895629,-0.8659304766695329,0.3275721434829362,0.8796192230774498,-0.005462844087032017,-0.11233498563761014,6.453239794751884,-2.407347682125031,2.313013922310817
2,1780387212.3824508,7.839293072616947,-0.7567783430398487,-1.1012831147590458,3.467434315529716,0.0,0.04507914173329975,0.6189676812652541,0.03919762570433723,0.00693927450778262,5.3718898957434735,-1.486775324741382,1.663937235688751,7.042706319267951,-0.8526725596741553,0.3044173085302653,0.8469701596743638,-0.0020293482938264413,-0.055296138100715105,6.419975077994289,-2.3666622574024614,2.3204726127602626
2,1780387212.4324508,7.8861922747575255,-0.9163926030044718,-1.2144705353397218,3.4720269180674177,0.0,0.16188960205089475,0.597878064311058,0.16846944514230672,0.01747912642372906,5.3424187226008115,-1.3061491637047506,1.6019664655005945,7.068908508499704,-0.8404945781677924,0.2868919458744892,0.8230582512308767,0.0015914726985066913,-0.006972723636243516,6.390247229218465,-2.333677181847737,2.322421467090873
2,1780387212.4824507,7.940274660555848,-1.0773290813854217,-1.310106738006163,3.472367757060377,0.0,0.25476377067084666,0.544362995996036,-0.30548821101980644,0.026496912021467384,5.272966482517933,-1.1172722368002677,1.5733067404945125,7.095004323813445,-0.8290822682486714,0.2720754709798099,0.8070436851281281,0.004637443485945644,0.03022618925981497,6.362007700798216,-2.30347962474105,2.3239494479997713
2,1780387212.5324507,7.99231252383733,-1.2459277897026084,-1.3863358089192577,3.4709523562654727,0.0,0.3414082615386254,0.4741231033094079,-0.4700599629479129,0.03390562147584681,5.185245639430231,-0.9243081564889213,1.5629981763073602,7.121209162757949,-0.8184074065134455,0.2602198463546097,0.7702098713810966,0.007197922260100898,0.05901916853097556,6.328825578713217,-2.2644832357578255,2.341086700615742
2,1780387212.5824506,8.015371384568308,-1.3981870458993975,-1.4413018342398938,3.465461646032649,0.0,0.40726552731754095,0.44299861431072046,-0.36803159369629745,0.03957620028020387,5.1504577312052975,-0.7634073567179978,1.5379566731141026,7.147292705775986,-0.8085099691206403,0.25147974410687723,0.7288421715979806,0.009215765921177734,0.0798501982258753,6.295315175060177,-2.2263853375267235,2.361454027202706
2,1780387212.6324506,7.999871641736109,-1.5619827029749227,-1.4731489001289626,3.4530484300196,0.0,0.46506166692386613,0.4639199243828706,0.18778602941614084,0.04489202113736137,5.223260090470117,-0.6098336275952896,1.4859259547048227,7.172634586857329,-0.7992753334453564,0.24471248729897166,0.6945934412360539,0.01068884777539995,0.09359417363155673,6.266851980660501,-2.1975151594541824,2.37225684205033
2,1780387212.6824505,7.934896828324074,-1.7192806629576323,-1.480021092747351,3.43341314151849,0.0,0.5092902129384741,0.5516219096989966,1.2910730787225142,0.049612824477560456,5.453831034665531,-0.5011404682613692,1.3963076290242746,7.197049042099024,-0.7904420031080224,0.2384539844261604,0.687861419003351,0.012071294373062166,0.10543830054547608,6.240119081934443,-2.171768164015069,2.380635167970169
3,1780387212.7022448,34.74879196869773,-1.781219579397653,2.877027088131133,3.3581809608259827,0.0,0.518559796377806,0.08802754648829429,-4.191361567996026,0.052314219236324,-0.31740402610546636,-1.5724627136695877,2.686983517388427,34.74879196869773,-1.781219579397653,2.877027088131133,3.3581809608259827,0.0,0.518559796377806,-0.31740402610546636,-1.5724627136695877,2.686983517388427
3,1780387212.7522447,34.57387725057197,-1.750608962532141,2.946144300711854,3.3230185679040893,0.0,0.522868259103407,0.04456833769021851,-1.2992481731133214,0.05366376271170538,-0.44289927222401193,-1.5183565430438297,2.779779002957782,34.612813437232234,-1.74035576559146,2.91547882291684,3.132675953661091,-0.05522865591035491,0.5381651429293574,-0.4266159536129177,-1.5107833568187725,2.7352474848834305
3,1780387212.8022447,34.413581242402756,-1.7242148252554326,3.0078925171295623,3.3191354554097714,0.0,0.562333345484148,0.019337432035979256,0.37365263881365507,0.05762061640911051,-0.5083729604844518,-1.4825584621490395,2.893586114169409,34.47296442713599,-1.7044475701361528,2.948960769501742,3.0575004102631818,-0.09525352306920251,0.5506079891203979,-0.47777687444944794,-1.4662576395861964,2.816557070288325
3,1780387212.8522446,34.25887132030433,-1.7023006355436572,3.0624827600324447,3.3398860245285755,0.0,0.6242661516506095,0.009151287381221142,1.0524877716764602,0.06306663970291583,-0.6598880641840468,-1.4436326108786293,2.9480248847848163,34.327926252581214,-1.6719769684208214,2.9797565503120387,3.0684496120153146,-0.12579701224110465,0.5682828149793037,-0.5803690072436971,-1.4217468789853611,2.8697520694551546
3,1780387212.9022446,34.11309244663282,-1.6862541075259678,3.110126052068689,3.372972282560904,0.0,0.6872948891342346,0.00929734835793076,1.0626710162686266,0.06819946976011836,-0.7842421664381468,-1.413252417555604,3.0067975365169666,34.178319121692596,-1.6425224506785276,3.010239996397922,3.1134725067008135,-0.1518408858464544,0.5954116025461648,-0.7281506339097201,-1.3753184012123776,2.8987857833712294
3,1780387212.9522445,33.95578376225393,-1.6762229566448938,3.1510334158864826,3.415896662903236,0.0,0.7306222889637889,0.014149846017006895,0.903359753499865,0.07105837811059096,-0.89994917932615,-1.3925647610543463,3.071612458170268,34.025841104839316,-1.6163149602104592,3.0423038551671695,3.157515530439459,-0.1766712207930102,0.6293088899817495,-0.8428290838443075,-1.3373016011403434,2.9520552629339143
3,1780387213.0022445,33.793765651968435,-1.6725509963173188,3.1854158741340135,3.4374930265653107,0.0,0.7449521655925502,0.02199597908856412,0.23368163791021446,0.07141333948496349,-1.0164791571065235,-1.3811501025433404,3.132862072255228,33.87192404438788,-1.5938640039203282,3.076821979275838,3.191389461835886,-0.20196589162154555,0.6631443819537094,-0.9554359123311729,-1.3059488008496185,3.010999634769668
3,1780387213.0522444,33.61293344267433,-1.6766143848563009,3.213484449459469,3.4447977512942822,0.0,0.7149292527243409,0.028630656018509074,0.143243427737554,0.06742702521620854,-1.142269807234852,-1.380625468296158,-3.0893512153230436,33.71842630364803,-1.5757630772347868,3.1140779187368564,3.1891863805932843,-0.22733036766619105,0.6908942278933171,-1.06567809565753,-1.2819997101592362,3.074850146489812
3,1780387213.1022444,33.452140099227314,-1.686722806389804,3.235450164511036,3.452235373750063,0.0,0.6501181814306725,0.030675139301168223,0.07589123610045345,0.059195842706629496,-1.250797099116268,-1.3903067867713115,-3.0362837950660406,33.566128069150835,-1.5625067359406153,-3.129842726800341,3.1804232668933605,-0.2518111250732552,0.7046726897311462,-1.172788092531567,-1.266042877290817,-3.140506712503215
3,1780387213.1522443,33.281635889112465,-1.7039786125113487,3.2515240419369027,3.462393142786471,0.0,0.5366266729756757,0.027939910490244257,0.20357019947268726,0.04709025048867887,-1.4135096919274959,-1.4109588498070824,-3.0157748201149186,33.41434991157164,-1.5543581235422044,-3.090096088177259,3.167490136795128,-0.27420345545557717,0.6991092333424258,-1.275024913777787,-1.2583052381314777,-3.068945864616359
3,1780387213.2022443,33.11035655676074,-1.7264050352524847,3.2619171043852564,3.469454697121848,0.0,0.3896793094890501,0.024316595490831337,0.11383798573294249,0.03175533405065247,-1.583749752250956,-1.4365284984841369,-3.0050062896974907,33.26212349580902,-1.55137626162473,-3.051634802558288,3.161513381431325,-0.2930539534204886,0.670302478354778,-1.441340537862727,-1.2587346772912174,-3.0395493022024818
3,1780387213.2522442,32.95274993666234,-1.7531070497396617,3.2668403745042847,3.470551645761365,0.0,0.20508621843260585,0.019908025791604268,0.007646019485625844,0.013041613809878764,-1.7110201426652776,-1.4668290840671032,-2.983055613718883,33.109346477389934,-1.5534505012246904,-3.0158314508042956,3.1524480093596954,-0.30656868449596447,0.6152477660841388,-1.586350187399397,-1.2635932982405973,-2.998782840967618
3,1780387213.3022442,32.79527825932702,-1.7818392170436277,3.266504874942175,3.470054468797351,0.0,-0.007943354022676805,0.015988658718935803,-0.01728982600926411,-0.007476799266253826,-1.8802074308146839,-1.50046041253802,-2.990544546507114,32.956165620879815,-1.560308462778001,-2.98424031823964,3.1403602684338794,-0.3126936758267776,0.529472359456677,-1.7164064431863106,-1.2741037302246294,-2.9524791609735863
3,1780387213.3522441,32.62990175960758,-1.8110060124072418,3.2611216283471145,3.4680411461047123,0.0,-0.21632882013625926,0.011643095417705722,-0.029448280387007843,-0.0275598220448915,-2.001056517280825,-1.5343585421601564,-2.9718137801607334,32.80288346989079,-1.5715482894304251,-2.95837101639343,3.1298943756812814,-0.30918224263342037,0.4113923817929914,-1.8810322849830745,-1.2901234511178825,-2.9341014762321094
3,1780387213.402244,32.453550398414585,-1.8387055329891921,3.250901657367291,3.467455732986268,0.0,-0.41372771612019965,0.006414383790608165,-0.010768569579399628,-0.04495988480027733,-2.135743036435398,-1.5704053948657355,-2.9602721426074563,32.64941194029745,-1.586658414664061,-2.939809528831079,3.1221490330047788,-0.2940020106555285,0.26467008168322037,-1.9969790001218954,-1.309542381661816,-2.8921724134551456
3,1780387213.452244,32.28113941807615,-1.8629358928051605,3.236055984650776,3.466677622273375,0.0,-0.5624227935411393,0.001037391360773914,-0.004179987159590276,-0.05859642423400312,-2.2726685396227744,-1.60587068931532,-2.957253003365752,32.49542107631487,-1.6050090762136247,-2.9298704574677936,3.1187974419163034,-0.2659782718357115,0.09920280336692203,-2.1185445947367865,-1.3349432554455434,-2.862703411218562
3,1780387213.502244,32.0998706827093,-1.8826046138983732,3.2198277619801914,3.4673484158858385,0.0,-0.6706749506866635,-0.004209573939307167,0.013614506164256421,-0.06754172945080805,-2.422997568633211,-1.6403794850672608,-2.9583728944903154,32.34065572596595,-1.625855929101161,-2.9291798766945165,3.1187843604225742,-0.22561992517058227,-0.07166714334250868,-2.2440451978550535,-1.3653942073674494,-2.8451000254198364
3,1780387213.552244,31.91254112378442,-1.8961600011726696,3.1986041844433117,3.469894634735466,0.0,-0.7353823021898055,-0.008928201751277148,-0.16164927750747274,-0.07261564677915458,-2.5856397493660834,-1.6721845770046775,-2.9678644180774114,32.184874714011904,-1.6483572081476354,-2.9375943516394463,3.121765584200917,-0.17509232544199352,-0.23222671054370903,-2.373839419048906,-1.3998972755258687,-2.839231736142002
3,1780387213.602244,31.74286165408507,-1.9034223266156107,3.1716346606596018,3.4800639210546764,0.0,-0.7685760496351518,-0.012720823153930512,0.11817786780775097,-0.07406787224650105,-2.738116577954399,-1.697988872273626,-2.9868307334208453,32.02814195399204,-1.6715560521694501,-2.954227561495351,3.1169063169203244,-0.11816573608949885,-0.37097466401659507,-2.508199439898046,-1.4373023672625793,-2.8442914945742883
3,1780387213.6522439,31.557819106594735,-1.903434553128148,3.1401856681501052,3.4692593309563753,0.0,-0.7776903135829917,-0.016189551173530475,-0.23615890688364938,-0.07425353515846489,-2.840165349911495,-1.7115879531308722,-2.975155010150017,31.870326066098702,-1.6945392792760434,-2.9776493829025745,3.1258106788531688,-0.05886642334272349,-0.4804252914256759,-2.6474749063140415,-1.4764742640685058,-2.8588132649079907
3,1780387213.7022438,31.377127123255814,-1.8964804261035961,3.1045265332387246,3.443609471219603,0.0,-0.7791310405572497,-0.01919599723590174,-0.42590172258025716,-0.07443248782329574,-3.067693905387954,-1.7401800590811873,-3.0363604094412304,31.711413027912553,-1.7163757256179981,-3.0064016219629455,3.1159587284385677,-0.0011815240038809752,-0.5625591531819868,-2.793737240850979,-1.5164492105382172,-2.8823558532702
3,1780387213.7522438,31.208789631691886,-1.8812947467677723,3.063590021853056,3.395888212576445,0.0,-0.7654967825447148,-0.02161610095878644,-0.9226129535030905,-0.07435642911704776,-3.2643031138685923,-1.7515652217648976,-3.0921302276109257,31.552101240772792,-1.7361024954311468,-3.039180926291195,3.0950788858719163,0.051862463753520716,-0.6230150018940094,-2.868528761522725,-1.5466772760591552,-2.868281950363172
3,1780387213.8022437,31.04705869414995,-1.8612061775413737,3.0196020508686354,3.3241758377207717,0.0,-0.7531281619531486,-0.024087227521043864,-1.4655078689559495,-0.07541993093975148,-3.457429258916977,-1.7545162647636783,3.1308348178457157,31.39341346935812,-1.7528801051350755,-3.0748968320746335,3.047627433093318,0.09843070314219926,-0.6658042548881051,-3.0686094602193266,-1.5952261123758649,-2.930679012742725
3,1780387213.8522437,30.88873369996766,-1.8347584803156554,2.972078352363021,3.233721405324875,0.0,-0.741947841965244,-0.026318201093793184,-1.7307810887384827,-0.07712212195749271,-3.650058989917742,-1.747749432473414,3.0656670330927627,31.23674996241171,-1.7660000965823832,-3.11279447441174,2.971336386666127,0.13677521048229632,-0.6968931286908573,-3.246666566918606,-1.6330242742029941,-2.982723473208026
3,1780387213.9022436,30.7340470592763,-1.80161115819542,2.921080736374703,3.143490879835993,0.0,-0.7550965552027511,-0.027584572776514042,-1.621525398787404,-0.08124841631515017,-3.8413137651556704,-1.7306337332399524,2.995718318119776,31.083386653800613,-1.7749609342599668,3.130893168163677,2.8802533680159472,0.16627776182406745,-0.7195913170527843,-3.424172603438158,-1.6639368545456776,-3.0372407701564565
3,1780387213.9522436,30.578765946408907,-1.7631676787233195,2.8690210072884805,3.0740492491703266,0.0,-0.786593790892014,-0.02798813835245044,-1.3042573385512042,-0.08696973482831057,-4.035571082291902,-1.7046392706850015,2.9229514246811164,30.934022899268854,-1.7794432125417565,3.0902243508186604,2.7931171184073276,0.18715635306178072,-0.7405332485424037,-3.600917095302111,-1.687435421473567,-3.094160367755938
3,1780387214.0022435,30.417520816185405,-1.7190484489360327,2.817226631930196,3.02404463641332,0.0,-0.8454636854753276,-0.028306048821263217,-0.6527180020825049,-0.09441085520439735,-4.239110645004513,-1.6691162032050486,2.8478294365703505,30.788602100204105,-1.779219587751175,3.048516967635857,2.7203867590993434,0.20114841105412182,-0.7632416393479211,-3.776388886338781,-1.7030932299788424,3.130035751756398
3,1780387214.0522435,30.25945136658404,-1.6674755645577741,2.7653538866938847,2.9888626806763767,0.0,-0.9018896197629449,-0.028517891406653194,-0.7478456054771783,-0.10159467503266911,-4.440565664419664,-1.6212598901504867,2.7708612684665797,30.646167866344065,-1.7740473907807808,3.0055883783940054,2.678852555475321,0.2107484009071698,-0.7910854015128106,-3.9514151087591363,-1.710604504891812,3.0687131411691304
3,1780387214.1022434,30.13272472534242,-1.613246980825884,2.7121924460821365,2.9666526066447645,0.0,-0.9548483819933477,-0.028896056735494155,-0.25599661870836043,-0.10811337385604942,-4.564964579339857,-1.5677045556901168,2.7193256709086384,30.506331772933585,-1.7637467866283971,2.961217669519261,2.631265429362294,0.21805788701558443,-0.8225177150133992,-4.125958070941506,-1.7096354153729973,3.0048902962258603
3,1780387214.1522434,29.974857376397587,-1.5508436073556573,2.6577516481006125,2.9704828621594284,0.0,-1.0080696555040338,-0.029860169803923718,0.1375945937905961,-0.11335745315700545,-4.7551556442152165,-1.50464905412133,2.6443267538352924,30.36886634249891,-1.748149604769222,2.9152515363119207,2.607084157925454,0.22446650634081225,-0.8557662382055486,-4.29971900320597,-1.6998618237046208,2.938494188935258
3,1780387214.2022433,29.829842699740823,-1.4731449939224461,2.602721657218167,2.9815443950953533,0.0,-1.0526640293653489,-0.03109338727633533,0.229589024452765,-0.11677339073627492,-4.927511424605531,-1.4229680230189008,2.569996225716862,30.232828306434204,-1.7269665160730578,2.8675270580284886,2.6015675056978362,0.23171688315322178,-0.889480349441774,-4.4794679886409705,-1.6808149854626282,2.8657344011249624
3,1780387214.2522433,29.699341233011264,-1.4007284216040823,2.5469009679201715,3.0055484719677077,0.0,-1.0734673155498013,-0.03214426598312637,0.6410284945235493,-0.1174183502127207,-5.080866435140855,-1.3440904633065265,2.496070359267957,30.09789782924364,-1.6999809493531948,2.8180314175519303,2.599744668265336,0.24063624783359674,-0.9213929682444959,-4.608843112742146,-1.6546125929920386,2.8194759829201654
3,1780387214.3022432,29.562225320006025,-1.3136714482802245,2.4904181362613222,3.056836227399947,0.0,-1.0850223456468708,-0.033104360129733806,1.173582332244659,-0.11632010497863975,-5.239280442314851,-1.2472538377597209,2.419777475250055,29.96387225354956,-1.666936328926238,2.766952935443541,2.617716775608067,0.2518674996957308,-0.9486762566459866,-4.770054658344085,-1.620542793190172,2.752114237022857
3,1780387214.3522432,29.439621010599364,-1.2158963813541028,2.433818613952355,3.1277893249912236,0.0,-1.0953098432068955,-0.033647749269997064,1.446083384913674,-0.11469578062831173,-5.377030186764216,-1.1381576233899022,2.344664906442148,29.83000917794926,-1.6273545718494202,2.714516190914038,2.6615904908501347,0.2662875943560198,-0.9712343517138337,-4.93235376452144,-1.5771016869118524,2.681813473988157
3,1780387214.4022431,29.29785335237961,-1.1089014445820156,2.376705982154792,3.200223842866078,0.0,-1.09891349576872,-0.03400347702852294,1.4421574927995242,-0.11217839799419875,-5.526918560282354,-1.015632634193367,2.2709173603547175,29.695866909423962,-1.5807478342358088,2.660962062896198,2.7182148497497116,0.2843421874403441,-0.9903131908535023,-5.094260047604153,-1.5236602486582822,2.6096391106134256
3,1780387214.452243,29.206723105168027,-0.9941607032677822,2.320505256955003,3.2667552067605112,0.0,-1.0862627497998814,-0.034152133081003296,1.2777075085450744,-0.10804705637197735,-5.580486965673366,-0.8955758215791467,2.2400395997676297,29.56164472205011,-1.526859721290583,2.6065004224179766,2.7736434692053424,0.3057669119604513,-1.005598736817921,-5.255037140148979,-1.4598601855132374,2.535774202888314
3,1780387214.502243,29.092412836404566,-0.8707070667713533,2.2656057028893777,3.32212363265405,0.0,-1.0552526599734005,-0.03394290118228645,1.0106558372728502,-0.10305967364771222,-5.6770248905508325,-0.7636571486277598,2.1937318859712605,29.428073103998383,-1.4657001404324352,2.5514161049598947,2.819812739958486,0.32967521129010446,-1.0153830793207657,-5.413337397218192,-1.3856993574592942,2.4605054987947046
3,1780387214.552243,28.986680070387994,-0.7394939972448238,2.2123965844942193,3.3694508364344573,0.0,-1.0063773259824491,-0.03328949876063969,0.9233655571527153,-0.09686841572709282,-5.762371610718304,-0.6271535085527137,2.1551225038044546,29.296187697297785,-1.3975114775085953,2.4960826019651012,2.851557602172983,0.3545812133292216,-1.0190410581624314,-5.558384842643918,-1.3025241700083434,2.3907723823076354
3,1780387214.602243,28.892205897816073,-0.5921518508014038,2.161267166305831,3.406811360869677,0.0,-0.9328547177619139,-0.032357978201021126,0.615612364238518,-0.0880643255156445,-5.848098443961163,-0.47507042944964745,2.1042992093077855,29.166904506402947,-1.32256193707775,2.4409148770182636,2.8779643892796374,0.3792498934680615,-1.015841992336558,-5.650684238918929,-1.2193272089792069,2.35732723719239
3,1780387214.652243,28.794207155623436,-0.45601277365286197,2.112606712860515,3.431014959703225,0.0,-0.8607032172554896,-0.03180612980047357,0.4780461537525461,-0.0809309684938094,-5.949841620673559,-0.33140747245892305,2.029825565620257,29.041061242835646,-1.2412460554260198,2.3863746672108928,2.8883485198453025,0.40252613629472195,-1.0033917676146393,-5.737390407751588,-1.1312168655917783,2.3286278170650743
3,1780387214.7022429,28.68560944058909,-0.30598351115765193,2.066804488694574,3.4517661525050447,0.0,-0.797791449529038,-0.03155552550293062,0.4122175603098991,-0.07562440343752246,-6.041732891420258,-0.17349643615035917,1.9969724327710114,28.919368798647277,-1.1540659053707578,2.3328149018527427,2.8914257058539357,0.42259273832890965,-0.9847990763897843,-5.844836962143963,-1.0379382959706125,2.2829019408853792
3,1780387214.7522428,28.60500973840654,-0.15072234356946612,2.024249758344312,3.466065279947121,0.0,-0.7621840359028533,-0.031666434890416734,0.22247520502583318,-0.07313337131471342,-6.109173098937057,-0.013896756133037952,1.9689021322252431,28.80228742873588,-1.0613671929561128,2.2804421041085323,2.8910106721958884,0.4385890100113431,-0.9629737434928201,-5.989215516523598,-0.9355616047592482,2.200144728339259
3,1780387214.8022428,28.54619817017365,-0.0018107133619113952,1.9853317863460314,3.4720137137789173,0.0,-0.7494189940650934,-0.03161594670860029,0.08429070101850974,-0.07212394263790678,-6.159642008473134,0.1384317875170912,1.9254812984113734,28.690288630758833,-0.9635826816420369,2.229299423912053,2.881036028876794,0.4499290108554647,-0.9413928804734899,-6.083571545847391,-0.8297771914239951,2.158820012316422
3,1780387214.8522427,28.4934100694279,0.16575558660076312,1.9504398372360345,3.4735941662059133,0.0,-0.7427671512464044,-0.03246272974137444,0.013614485452228174,-0.07153084896811923,-6.203832750139165,0.30850331084675187,1.8996289413875838,28.58392547756592,-0.8612550068213832,2.17938020145386,2.8641840618958128,0.456536329971362,-0.9212576906950345,-6.175995387939962,-0.7217170702974341,2.1165089231313505
3,1780387214.9022427,28.43347253801598,0.3278076962840441,1.9199631755506248,3.473784073709101,0.0,-0.7398470610035841,-0.03347910104873658,0.007752445983322057,-0.07046072503044691,-6.252643551817123,0.4735844934600075,1.8605972407786044,28.483498765331962,-0.7548453423428876,2.130535236161915,2.8441346624181616,0.4587762147109583,-0.9024306866644021,-6.262537764335918,-0.6102852593618961,2.077003885237909
3,1780387214.9522426,28.377118848317952,0.49156663707546294,1.894291065826105,3.4725430113949503,0.0,-0.7347235993546727,-0.034463369153338454,-0.004291945046758211,-0.06923714885698995,-6.298271970014633,0.6403928882313947,1.8330765939054485,28.389248010677274,-0.644700324870014,2.0827270642196707,2.8243744198059937,0.4572410267570219,-0.8839242445839618,-6.355424929507911,-0.4945010848997817,2.021905780666996
3,1780387215.0022426,28.315573229547823,0.6572828706730488,1.8738127725987779,3.4707762456367326,0.0,-0.7224530052152417,-0.03568745307076488,-0.014768644182373478,-0.06770859976583549,-6.349811667419112,0.8095848823931538,1.8129757135792666,28.301337157499436,-0.5311222747281195,2.035971767140081,2.8047671557912115,0.4524101893103996,-0.8653114060621464,-6.436033378712615,-0.3757740191524041,1.9755925020627574
3,1780387215.0522425,28.24361358500714,0.8269350419960197,1.8589175604049468,3.4693907504249815,0.0,-0.6972786815306754,-0.037244856161614534,-0.035094116759291104,-0.0656997975839683,-6.414927927731698,0.9833885235073727,1.8024381213156708,28.21987308881529,-0.41442760466826245,1.9902851755101096,2.7855934214837164,0.44469094702357537,-0.8460584110104891,-6.5075991753026035,-0.2547470126476269,1.93648182350916
3,1780387215.1022425,28.15850296945632,0.9994375207199802,1.849994693780914,3.4692659038595854,0.0,-0.6555721851787344,-0.0391603134180243,-0.07507750023817486,-0.06313084359178515,-6.500747256039031,1.1605322871602641,1.8040942655574588,28.144925177913848,-0.29494473035227375,1.945710394832279,2.766574591400041,0.4344237067663656,-0.8254725338397276,-6.573115038322256,-0.1319035184245742,1.901806197010445
4,1780387215.122202,49.153978629835926,1.0247862628213724,0.03714432743221893,3.4583903779272154,0.0,-0.7149916450775615,0.004586030100334447,0.6300167591586315,-0.06930441995677734,-0.5883297366745665,1.2662645216552197,-3.0196302213189448,49.153978629835926,1.0247862628213724,0.03714432743221893,3.4583903779272154,0.0,-0.7149916450775615,-0.5883297366745665,1.2662645216552197,-3.0196302213189448
4,1780387215.1722019,49.30523603779685,0.851536039800224,-0.049416358012170494,3.457850555595177,0.0,-0.7044992234597406,0.004719223546689772,-0.9251913440027811,-0.06674934431981129,-0.768511805432751,1.4262294744335042,-3.1234926603704527,49.32835608027903,1.0302213224027468,-0.0001850448585298814,3.4859037834406976,0.08600955720771743,-0.7449250592460419,-0.7824853764925688,1.2462287635755602,-3.0771398062491753
4,1780387215.2222018,49.39778344646702,0.6832136338654242,-0.12710477646259413,3.3774792501905253,0.0,-0.6842587793245195,0.004800718453142342,-2.2460839024080284,-0.06583334065288962,-0.8803414272796309,1.587966920819158,3.0701221960247116,49.502256100198004,1.0330461981278396,-0.03866981071058184,3.4321555357171993,0.1580105598557351,-0.7604520086154887,-0.9803156868964737,1.23288909155741,-3.1392404836835635
4,1780387215.2722018,49.441169948814455,0.51787207912001,-0.19672164627497254,3.225495141525438,0.0,-0.659485189550748,0.004838923509349916,-3.310775666801361,-0.06703678035444445,-0.9359228828710232,1.7506058994306193,2.994585909996035,49.67190754431868,1.0326232366269035,-0.0776864535700672,3.309452948611469,0.21396358510190977,-0.7664107718790497,-1.1771423288876774,1.2277841739146016,3.0785480805971126
4,1780387215.3222017,49.45054672367916,0.3691062275364447,-0.25906768580522643,3.0394342031681862,0.0,-0.6385375964362933,0.0048471804600458464,-4.047835904433328,-0.0702642526681513,-0.9531662404844159,1.8987043139380262,2.930924269503768,49.83411925852665,1.028692274313706,-0.11684988274063723,3.1312699501756485,0.25254056394652735,-0.7673204311464704,-1.3655016363384131,1.2315917060770345,3.0140162813390052
4,1780387215.3722017,49.44340084424273,0.2196024471002666,-0.31494361340927624,2.816005640005442,0.0,-0.6328357979253014,0.004840887979418752,-4.428987576585988,-0.07703846706281511,-0.9530418659825584,2.0483930976500293,2.8760517041184244,49.98642037495758,1.0212677348192856,-0.1559622445585278,2.9146625649505045,0.2735077029740692,-0.765988400027116,-1.4976953256194478,1.2388361327426805,2.994513418573426
4,1780387215.4222016,49.42762934927667,0.09058230908671927,-0.36515014744304286,2.6038598514632536,0.0,-0.6446638786879128,0.0048269999999999355,-4.540987136000102,-0.0860570666677243,-0.9434635953050353,2.1780619842987385,2.8280360546191954,50.127194789345126,1.0105165055853467,-0.1950126687514726,2.6779286489053593,0.27746002453633184,-0.7667411664325737,-1.6248425125892312,1.2490497676263872,2.969037700978916
4,1780387215.4722016,49.44748838545677,-0.032670229380791366,-0.4104880062624465,2.380685083582529,0.0,-0.6630806660250768,0.0048444873647894085,-4.423575582833643,-0.09716801918204468,-0.9695636464950956,2.300158221790927,2.779933844516166,50.255611387839224,0.9966714203963012,-0.23411052683747302,2.4350191688115164,0.2662899187182942,-0.769996347658801,-1.7575271160203587,1.2605229021935656,2.9259472497623475
4,1780387215.5222015,49.433866241226724,-0.14435774839018145,-0.4517579082234082,2.1697413493539,0.0,-0.6882153176964901,0.004832492049246135,-4.198607262861658,-0.1097856378206952,-0.9616841078895478,2.4123768200954,2.7405664988699865,50.3714748111915,0.9799834571832385,-0.27337940213085465,2.1978309695735656,0.242314835833868,-0.7755932620289411,-1.8919824498349167,1.2757784097954032,2.8680109244599894
4,1780387215.5722015,49.39397019111794,-0.2461811109258329,-0.4897605716818483,1.9835330009250396,0.0,-0.709010749925879,0.004797360596964956,-3.5755662502487904,-0.12243429461700582,-0.928338151535438,2.5161297562760616,2.7079727496243597,50.4750176109837,0.9607076950378837,-0.31290960458442507,1.972166783371333,0.20817486249146686,-0.7825156260889674,-2.013660810138151,1.296167743669,2.809594241884847
4,1780387215.6222014,49.33939114057446,-0.3377037759090204,-0.5252967149936874,1.8124358988487064,0.0,-0.7226182122370104,0.004749299666008336,-3.3129907531826404,-0.13561756146943146,-0.881384716204163,2.6106223052714492,2.6795349998636606,50.567117437734986,0.9389940852176298,-0.3527154497505256,1.7784352384381172,0.1673535655491056,-0.7887595677614786,-2.1341662296774797,1.3226985143682128,2.7389875492743503
4,1780387215.6722014,49.27840718874976,-0.42166927407815236,-0.5591670565148461,1.6601542500817157,0.0,-0.7260271123853027,0.004695598741039452,-2.8859277458598807,-0.14812956600429525,-0.829012521961904,2.69829293379332,2.6531953789778697,50.648748189314325,0.9150444332984781,-0.3927551948558885,1.5990087094674803,0.12327727933981275,-0.7933680203123133,-2.2269126277774385,1.3518122038437261,2.6853371725415585
4,1780387215.7222013,49.22125068355696,-0.4988063823217993,-0.5921723146012452,1.5411082302884873,0.0,-0.7361201235300487,0.004645268168733061,-2.1088808398245744,-0.16151817055889653,-0.7807796034946896,2.7792241078101183,2.6268486097168218,50.72071669249312,0.8891939109655036,-0.4328750631246434,1.4425603842463495,0.07947410645224959,-0.7933196817216255,-2.2825323629210446,1.38098274185825,2.661645366182235
4,1780387215.7722013,49.17830718570458,-0.5703830064042872,-0.6251132076088051,1.457706329599608,0.0,-0.7614305503532988,0.004607453211074992,-1.4596790013028973,-0.17506987020317247,-0.7462317027951171,2.8537934414489183,2.598695722869528,50.78450157686207,0.8615696063836331,-0.47290058162149373,1.3267692090011625,0.03978933100729394,-0.7913666415092524,-2.351207186454383,1.4120900935922394,2.614333529348282
4,1780387215.8222013,49.157663935734895,-0.6384214830345346,-0.6587904538934465,1.4086150256659196,0.0,-0.7961358818762634,0.004589275287464482,-0.7646356739819433,-0.18858845046151196,-0.7326558594822273,2.9232026646913183,2.5672319543014233,50.8418905212237,0.832159644957155,-0.5128648156416045,1.2452037205453916,0.007397923657876414,-0.792465219430776,-2.409168908292035,1.4447687272827259,2.5716502251277085
4,1780387215.8722012,49.17118613384666,-0.7044164063710425,-0.6940047718110655,1.3889774709982994,0.0,-0.8367757447688859,0.004601182592984825,-0.23198541620987376,-0.19901423349835956,-0.7506834004018484,2.9879168409393344,2.5305750269503804,50.894577132091,0.8008719045070289,-0.5530672488363102,1.1998236201712806,-0.016735222770837728,-0.8025109093008851,-2.4627688654094277,1.4792713015755554,2.527958579731793
4,1780387215.9222012,49.19729064346315,-0.7693038527321806,-0.7367710915799168,1.397427962476652,0.0,-0.8900166053017003,0.004660538030832775,0.3720743518139443,-0.209160877867665,-0.7798846456021603,3.0506335732601317,2.4849457697855106,50.94407132858509,0.7674933807167919,-0.5939308407063923,1.1822309826290627,-0.03293444240834717,-0.8202052815301252,-2.5123108704979416,1.515788558610427,2.4842709867125956
4,1780387215.972201,49.18868200838417,-0.8344469006104758,-0.7841055599417108,1.4334541158154517,0.0,-0.9540185935830235,0.004636900416846636,0.8671234682583984,-0.2178097289274198,-0.7773123685512243,3.1161965806266054,2.438566490920887,50.991659549554655,0.7316247847632736,-0.6359596928860589,1.1953531124923518,-0.043328412864276966,-0.8501909188851711,-2.5594556993497255,1.5547879719064477,2.439600740989949
4,1780387216.022201,49.153998037187876,-0.9003378018858853,-0.8380320841681975,1.4944987796274731,0.0,-1.0404779689986432,0.004541665072901555,1.406093347003875,-0.2280010672341457,-0.7514369074382735,3.184466470287893,2.3883766345535324,51.03842036973513,0.6926548470651384,-0.6797780579384844,1.2332936294702463,-0.04921545792919145,-0.892489985690108,-2.6052205123345202,1.5969292121574938,2.3933497802896646
4,1780387216.072201,49.10108065712827,-0.9679574033364831,-0.8995446386437969,1.5748432363410276,0.0,-1.1519833823110441,0.004396364384519416,1.73622710707019,-0.2397617450004847,-0.7096725958720771,3.2560114308183445,2.332279746276477,51.085178223871914,0.6498068934060904,-0.7261376401692785,1.2975928710083329,-0.051920551664104704,-0.9521803589408759,-2.65040218257895,1.6430311860810307,2.3447250735398164
4,1780387216.122201,49.06066484486917,-1.0361389723895265,-0.9681770716554947,1.6757252268608327,0.0,-1.292889296080178,0.004748541778424497,2.114125281633708,-0.25254993969345235,-0.6796605066564064,3.3272598380375644,2.2676097280012506,51.132401077654556,0.6022674741581833,-0.775945535302192,1.3772769055297926,-0.0516086674632496,-1.0299913258835234,-2.6954542028394974,1.6939350581152262,2.292735468967394
4,1780387216.172201,48.99337268409437,-1.1070320253457135,-1.0431704765611156,1.78818096976121,0.0,-1.458100841976694,0.0043620465316331816,2.2413726799347335,-0.26589651700079214,-0.6261124246002322,3.403717044784445,2.1987497958227618,51.18023502561055,0.5492415969704298,-0.8300647118989737,1.474227301277555,-0.04759861513641844,-1.123607250186911,-2.740377247133581,1.7504339920531282,2.236639813034646
4,1780387216.2222009,48.92443194519836,-1.177660320205878,-1.120233767232471,1.901304873838251,0.0,-1.6277425009992081,0.0037052963009237875,2.239828663396463,-0.2790613599053517,-0.5713735825982245,3.480395516354413,2.1274579337090387,51.228448447213275,0.4900565465437768,-0.8891434576585264,1.5754746407630147,-0.03881810532866117,-1.228418600594506,-2.7849888460005765,1.8131761375329565,2.17558710277548
4,1780387216.2722008,48.848561548675896,-1.2497506617227536,-1.1998005846830566,2.021787240376788,0.0,-1.797493627763911,0.002311803835517394,2.345770095801659,-0.2877943547104474,-0.5107085921889835,3.5595551219117185,2.053622819636149,51.276377474287806,0.4243880121704891,-0.9535446948598199,1.6741235882895436,-0.024338690810133325,-1.3373389257902846,-2.8284242638046604,1.8824442538615656,2.1095430076394486
4,1780387216.3222008,48.78370500860454,-1.3142850546682354,-1.2858611997760383,2.1325630163710914,0.0,-1.9350676377289031,7.966536268423825e-05,2.1735349206339136,-0.2925210574117355,-0.45886782381881924,3.630448143422286,1.9716921746767966,51.323264521022864,0.35198016774296564,-1.023163904597359,1.7754622893086311,-0.0027816136960025946,-1.4401512417747018,-2.8697889043071276,1.9582928881277084,2.039077154691384
4,1780387216.3722007,48.69669608268542,-1.3756187533567443,-1.3769581127308377,2.242689266825429,0.0,-2.037861170194361,-0.002849508929766483,2.1650598542826147,-0.29023227351380226,-0.3849156239269498,3.701066967588229,1.8845077104444208,51.36822228563001,0.2728366489112108,-1.0975084581249286,1.8653208557916625,0.026098723795106415,-1.530496834454135,-2.9134290474360616,2.0416031879131014,1.9458498005641358
4,1780387216.4222007,48.57974413879975,-1.4300428548376782,-1.4712771959394748,2.3507759526812833,0.0,-2.0956375057993597,-0.0058700010118064964,2.146912698993394,-0.2835333589327636,-0.3054647623131708,3.7666543265289603,1.8113174237907907,51.41031523338371,0.1871740799054335,-1.1757677134839561,1.9519218982573099,0.062134252936494626,-1.6022643110609045,-2.949453091767833,2.1315606992577387,1.8538036008622605
4,1780387216.4722006,48.45063645623046,-1.4761803706322143,-1.5662561245107784,2.462287900122629,0.0,-2.1007528255112735,-0.0086165020987806,2.1553183972816217,-0.26836901588562645,-0.23661398099274908,3.8242223178372674,1.7521304962401807,51.448753054313414,0.09514007153012084,-1.25703304295496,2.0344962289410367,0.10464782348992178,-1.6555341726684758,-2.97837188723449,2.2276462482908785,1.7615913250223967
4,1780387216.5222006,48.33873746069003,-1.5108180777390887,-1.6592205431704719,2.572856453597008,0.0,-2.05470037359979,-0.010372018405204303,2.280524973104323,-0.24991482615170504,-0.1288409365872026,3.8792026214182926,1.6566072815619695,51.48279565774569,-0.003052328064167581,-1.3403736748944681,2.1145483438351507,0.1531556595269069,-1.6887961427570788,-3.0000664617583475,2.3294249251158514,1.6692125409304568
4,1780387216.5722005,48.20790296795194,-1.5334516754463943,-1.7466998660287785,2.674064406033759,0.0,-1.940569555378384,-0.012067334241768363,1.9659963730079335,-0.22565071958411903,0.024249292868137762,3.927683065930839,1.550639836370479,51.51178129981303,-0.10728604074165672,-1.4249358867591837,2.197625332792315,0.20684244673608201,-1.7055008473438942,-3.014346758749985,2.4365688391778444,1.5778752741237936
4,1780387216.6222005,48.06776942276692,-1.5440896242104516,-1.821991597846357,2.772386180225659,0.0,-1.7705552032568463,-0.013830742985734912,1.9686564628613419,-0.1971114878879774,0.19342340988608972,3.963182223161791,1.4542924649696083,51.535022396829426,-0.2169769094123936,-1.5099382441699831,2.2619403538446634,0.26439340408058376,-1.7061695930266592,-3.0212206201876737,2.548336838003929,1.4883943834981643
4,1780387216.6722004,47.935038247815676,-1.5422022514097926,-1.8822877189874085,2.8759835650739256,0.0,-1.5462056703072051,-0.014976790194037607,2.113128680993221,-0.16406909086800664,0.356801691095264,3.9817188842468667,1.3734622590904948,51.55189125520411,-0.3313360712095189,-1.5946233859691348,2.3236858881448996,0.3240846515354324,-1.6918492620292511,-3.0206893246465847,2.663825405246156,1.4009734877176205
4,1780387216.7222004,47.76939978391148,-1.5288677408183005,-1.935015977872537,2.985080082442215,0.0,-1.280976903049094,-0.016511096358521077,2.2146845521923586,-0.1307865658337508,0.5631936768134198,3.989239801431756,1.294381088991523,51.56188279074758,-0.45010687132883687,-1.6782863996373285,2.390426476240847,0.3853755027902862,-1.6629428493808946,-3.0125110069958305,2.7826787680705065,1.315549973492688
4,1780387216.7722003,47.62684027490922,-1.5040678114791426,-1.9856542658247296,3.093819086681915,0.0,-0.9759525424194843,-0.017355520326550543,2.1561611030393806,-0.09449003957805252,0.7425103201924549,3.978054287316705,1.2204053360855047,51.56452242324522,-0.5731280509084691,-1.7602738123534358,2.4603778416548736,0.4475388665567701,-1.621362058783283,-2.99672549252119,2.904706229475713,1.2330593993132979
4,1780387216.8222003,47.45908390169557,-1.4708125702187882,-2.0322177378256754,3.1997611892516664,0.0,-0.6592451790856353,-0.017925298202230905,2.1207486845519767,-0.060114412550792064,0.9536020151106596,3.955412523850126,1.1456497926826499,51.559400708217886,-0.6999701969068771,-1.8399180988242252,2.5261732885760826,0.5096085694514191,-1.564721372830646,-2.973588710814647,3.0295018944283627,1.1543768919704345
4,1780387216.8722003,47.310649295809995,-1.4308147928022041,-2.0711266953712926,3.294805224667836,0.0,-0.3566584395027297,-0.01803680637697694,1.7867417007984967,-0.02867893417201027,1.1399630695356198,3.9197974145993486,1.0812087172366756,51.546204975640876,-0.8300290524717084,-1.9165125711635957,2.589494098286247,0.569542712354865,-1.4939951340301247,-2.9432545641962355,3.1564968834689475,1.0799855486142436
4,1780387216.9222002,47.160343885819294,-1.3895916720893984,-2.1033863995323836,3.3668020253092545,0.0,-0.10809425564459794,-0.01816230099196378,1.4485013063213443,-0.004190509146149834,1.3270856318827156,3.8781356496561252,1.0227689945009288,51.52482539824655,-0.962377056427887,-1.9894013677032616,2.6360860095261,0.6246601153052029,-1.410817439236447,-2.906472009355828,3.284907482784563,1.0107855128125305
4,1780387216.9722002,46.987475502796315,-1.3405982623557626,-2.130089744606871,3.424522945011686,0.0,0.10471563422168406,-0.01829175798869809,0.9258493316557578,0.013745408979717787,1.5675232745844963,3.820251297190218,0.9449559290586347,51.495391651101485,-1.0957503636925876,-2.0581394720289614,2.666400158105468,0.6715574811095022,-1.3217329524949817,-2.865384542140156,3.4138446867194934,0.9483700988271835
4,1780387217.0222,46.83003025502633,-1.2941971002172752,-2.1506554538457454,3.4576743678812507,0.0,0.2285487535574538,-0.01864176805080929,0.5477170790908772,0.023313796862800898,1.7450736529437474,3.760503772979171,0.9060829658580412,51.45827572430949,-1.2287154091978791,-2.1225775549763988,2.6719353286539786,0.7075768784024027,-1.2324868867673713,-2.822226650900927,3.542284450819463,0.8934122100946729
4,1780387217.0722,46.64249191510377,-1.2486502071821879,-2.1659745585062513,3.4716500240556964,0.0,0.26156738454823475,-0.018534135433402023,0.23814808281862754,0.025181393610273096,1.9594894680522736,3.69350368953379,0.8652864188442759,51.413991060977075,-1.359846264275525,-2.1828989041578253,2.660392217360916,0.730902757323495,-1.1502298645904383,-2.7787464139505644,3.669136671219121,0.84561988295652
4,1780387217.1222,46.46888831276317,-1.2049277851802003,-2.177207535031924,3.478532419112546,0.0,0.22687971275435823,-0.01780452280688281,0.0675055122346001,0.019248615865486353,2.1305027851258282,3.6315367641080094,0.8513995912440375,51.363070198550474,-1.487995903881704,-2.2395376212731875,2.6352969878080827,0.7413833105747965,-1.0794121786851254,-2.73882407129064,3.7937604924827038,0.8059942938721592
4,1780387217.1722,46.28414080216667,-1.1621315178044103,-2.1880112735705715,3.479603999514982,0.0,0.14396134529766505,-0.016373719861174474,-0.01141508418117117,0.010960893467482493,2.332086287987901,3.563462588773051,0.8205982455165133,51.30602659970606,-1.6122670839978568,-2.293089756359478,2.6033093996218706,0.7399384400046438,-1.0229127463497756,-2.7007468305062146,3.915319785252117,0.7715443878130817
4,1780387217.2222,46.10263792623786,-1.120097226923307,-2.19878631429087,3.476921339785615,0.0,0.04549245431279116,-0.014881937186580447,-0.043911759199396765,0.0007770984457822377,2.5078769966149363,3.49702219641737,0.8084408664778655,51.2433176964977,-1.7320314878980474,-2.3441177868468492,2.5688406216508817,0.728639894140427,-0.9773232392648712,-2.627569268502133,4.029726703154233,0.7196757178060538
4,1780387217.2721999,45.935311718447885,-1.0758645665167155,-2.208947299837945,3.47666385522441,0.0,-0.07393317824505334,-0.01375224980104686,-0.02032178427061094,-0.00998855587690861,2.6258794203498668,3.4397073922387547,0.8379295818436625,51.175308375873605,-1.846837977007393,-2.3930689656199977,2.534104156441037,0.7092131752608539,-0.9399740119738789,-2.556520335801217,4.139454095771242,0.6738126833026894
4,1780387217.3221998,45.7769204481647,-1.0350890328662965,-2.2192540342615104,3.4762537639641518,0.0,-0.18301871906705652,-0.012512615215186387,0.019688332116828675,-0.0205626452931694,2.7581472790271193,3.3892339235389177,0.8487877156923691,51.10225520504616,-1.956366722353405,-2.4402921539903053,2.501931720104773,0.6831648357942806,-0.9082086241916059,-2.481694914715066,4.243791045251026,0.6297710261706069
4,1780387217.3721998,45.591412220372206,-0.990232756930507,-2.230234316790643,3.4770331707114543,0.0,-0.3163712277659638,-0.010497416099655451,0.0083116898385681,-0.032982037242604796,2.927952035673916,3.3316656542505405,0.849853526091437,51.02442978351165,-2.060396051372235,-2.485987052868286,2.4731796620394584,0.6517414814912152,-0.879904543035919,-2.404375272548971,4.342677165457621,0.587847536718086
4,1780387217.4221997,45.430321646905035,-0.9422183101149398,-2.242829093366837,3.478581327033923,0.0,-0.43914441199110577,-0.008094091933678587,0.0459878405178925,-0.0441375149120847,3.064877101522332,3.276674361459133,0.8595818589307989,50.94228817466187,-2.158707548516458,-2.5302469956163463,2.445072279169181,0.6157564031764232,-0.8552239787889733,-2.3253798419713254,4.436013135525506,0.5480563171396895
4,1780387217.4721997,45.258008466729905,-0.8894263202468267,-2.2574787691093325,3.4791180866024187,0.0,-0.562230437536184,-0.00469725870962762,0.015435877664323075,-0.05551302897377973,3.212556248402838,3.2199292172679432,0.8702397670750468,50.85627406794824,-2.251116338309625,-2.5731681787799485,2.4201084831452433,0.5762411731580613,-0.833006428872727,-2.245287344027387,4.5237161935161545,0.5103008623111234
4,1780387217.5221996,45.088755996945345,-0.8336263791712785,-2.274298126967448,3.4785285359925044,0.0,-0.6677624843085783,-0.0007543944871658689,-0.027364443650681223,-0.06511829430823886,3.3592297706359386,3.1640019116144535,0.8795722660372185,50.76701438807698,-2.337472119326701,-2.6147736385058664,2.39472298009251,0.5340333360399189,-0.8137630285803328,-2.1640529265903568,4.605690457290896,0.47422448549931895
4,1780387217.5721996,44.92754749597655,-0.7716592633055238,-2.2932418929363867,3.4778240566606713,0.0,-0.7452411794290971,0.0034495192003127536,-0.004663833675081747,-0.07131195339938984,3.4964894109678384,3.1053743501739084,0.89259473254819,50.67517412165509,-2.4176251751807945,-2.655132080571848,2.3683260211321944,0.49010680865420786,-0.797236008147709,-2.042547758627877,4.6795104299267365,0.4232697603588407
4,1780387217.6221995,44.769759646963976,-0.7040301964225837,-2.3133274328400626,3.47588717531357,0.0,-0.7741956029228328,0.0074254021303212705,-0.030984131223138187,-0.07315153061680325,3.6339681900060654,3.046899627362164,0.9051662454052272,50.58130710916719,-2.491527895106714,-2.6943051134555063,2.3443716676597486,0.4456693544890781,-0.7821626771817076,-1.975139847043673,4.749558181258131,0.3965453728434496
4,1780387217.6721995,44.61778519685072,-0.6294610449396241,-2.3342086562595195,3.474767058595411,0.0,-0.7514846795404554,0.010708121093188777,-0.005828543664146828,-0.07001283322850098,3.7763374597823205,2.9844350449188295,0.9078226862779832,50.48582091327754,-2.5592230542205066,-2.732310191565988,2.3207256444956967,0.40200181551510084,-0.7659804203610412,-1.9411581391474344,4.815337342395901,0.3838949148722155
4,1780387217.7221994,44.450771931072566,-0.5459742787029295,-2.354342049471391,3.473435896255918,0.0,-0.6762785782323594,0.01386464237524263,0.009660397995632782,-0.06237293035073849,3.962260417176646,2.917784504895004,0.8669941165166648,50.38896996523198,-2.6208419678400228,-2.7690344597890277,2.300394794002551,0.3603345073278214,-0.7441220817075969,-1.8991980083204236,4.876618840259833,0.3687116454472279
4,1780387217.7721994,44.32664841930884,-0.46618214366156024,-2.3594105105612333,3.473915313316955,0.0,-0.5876244159902917,0.01580854890544375,0.0037156594747350703,-0.053218308551015975,4.109287098009988,2.8464867766215036,0.8258918169330229,50.29105995136759,-2.676638033963346,-2.8040507466404767,2.283222379803033,0.32161707626470754,-0.7106962509616871,-1.8576762173440173,4.932567800235688,0.3548423177855966
4,1780387217.8221993,44.18421851405477,-0.380199221048483,-2.3696835872190136,3.4747219499587456,0.0,-0.46282248288057926,0.018083290452182498,0.05675143508474584,-0.039718045506876375,4.239456486704865,2.76928273254061,0.8569458479332299,50.192117869121255,-2.726940953986501,-2.83682287453721,2.2683224851841133,0.2858993683508749,-0.6631034304915884,-1.75620886932764,4.9843801351068615,0.3208206093516761
4,1780387217.8721993,44.03608272481066,-0.2865593997538026,-2.396377330291651,3.4747981413529185,0.0,-0.29599446850971034,0.01995376933799691,0.017221121007697834,-0.025063086232974607,4.390102525589235,2.6896821402296225,0.8469507863445198,50.092480722488595,-2.7721936838671857,-2.8664246216507947,2.2587707181652594,0.2535164149710037,-0.5943610326033743,-1.6183962540666845,5.031977009183008,0.27717790220219385
4,1780387217.9221992,43.90502046612488,-0.1934059325994978,-2.4218307810335697,3.4755409027018147,0.0,-0.14850190990983025,0.02107988514565996,-0.0021435953133919286,-0.011453238510140847,4.530310933347496,2.610251819429413,0.8196654472485605,49.99230553802723,-2.812928712241608,-2.8918280594138137,2.249839057106287,0.22361019758831063,-0.504367102613769,-1.541686380533658,5.07278601792463,0.260086504710622
4,1780387217.9721992,43.741093987465725,-0.09736680444110274,-2.4452022836604757,3.4759343966670713,0.0,-0.016507161659498015,0.02142154983038584,0.026949317048773992,0.0010824249598316749,4.704292526011318,2.5302927676773845,0.7838054246134583,49.89169814961065,-2.8497093159861517,-2.9122065466902867,2.2422679399751457,0.19490795271479974,-0.3995491897788782,-1.4154018170770482,5.110160830439665,0.2305637698200611
4,1780387218.0221992,43.593102474616124,-0.0061692318832316725,-2.4668767629780284,3.4748774218677174,0.0,0.08547235789564042,0.02076552669945723,-0.022014222898511723,0.009827214370594969,4.859954295121805,2.4507257368256075,0.7391884549449452,49.79063045095362,-2.8831558198530356,-2.9270820341932966,2.2381409919313153,0.16693548536147929,-0.28712967183465055,-1.2899954334699966,5.142831097729565,0.20723175345698142
4,1780387218.072199,43.42201488571323,0.08664770393949833,-2.486263800208637,3.475292692613958,0.0,0.14746305165764156,0.021946632284559925,-0.0008504908987674725,0.01521301334987697,5.033575225053592,2.36597516821892,0.6822581078653354,49.689005527153334,-2.913882331664683,-2.9365258540369683,2.233124218355539,0.1391597009260594,-0.18044518638031531,-1.2434434584580871,5.173754378846736,0.21676472349830078
4,1780387218.122199,43.27560170297484,0.1777779380408348,-2.50166405820808,3.4743456770260877,0.0,0.17638632860805434,0.023936999909781178,-0.00570360187458013,0.017206400589729085,5.1745268307873005,2.2756655460307433,0.6224018988755442,49.58749825367518,-2.9424785472609254,-2.9409003455833527,2.2300108943703316,0.1121160565834077,-0.08874102914411157,-1.1907805209435447,5.2034210812047235,0.22887248624368617
4,1780387218.172199,43.13398838652811,0.26745797714846814,-2.5172059400409834,3.474090683516519,0.0,0.16471092914698665,0.028080864136395944,-0.027411445133276945,0.015447398830040102,5.299478255037846,2.180425482910495,0.5509507497233881,49.4864416496965,-2.969513222216838,-2.941052464247297,2.226977789309088,0.0866374785528947,-0.018286153511764477,-1.1354240770761435,5.232462563155518,0.2438413195451652
4,1780387218.222199,42.99311114564532,0.35487893924211106,-2.5403639767499047,3.4743018078555146,0.0,0.12835873979580673,0.033926810153463834,0.01596497082241426,0.012057265363606448,5.4086319801388685,2.080722670649451,0.45843520950243777,49.38657437973043,-2.9954780140517556,-2.9379743413855666,2.222624989855749,0.06339539253398496,0.026457467824071476,-1.0781430742119706,5.261348133132106,0.26073621488347065
4,1780387218.272199,42.849489409251284,0.44058566469827526,-2.540412834584825,3.4744891978368466,0.0,0.07128003200633307,0.04199711294578905,-0.011783010248964682,0.005911014349068102,5.505612769358862,1.9759974399388733,0.38432066524736186,49.28842357248908,-3.0208042294902073,-2.9327318605829102,2.219830137161156,0.043468338423663475,0.04862280922896202,-1.0191613438199933,5.290474743646362,0.27842606320391194
4,1780387218.3221989,42.70633321900115,0.5202518413703959,-2.515471643997305,3.47593715230099,0.0,0.007366930086543259,0.050609017675958455,0.019303499040268433,-0.0013443737633594215,5.574866818449167,1.8746788011915188,0.30626985309493904,49.19261380302695,-3.045834170213923,-2.926292247942916,2.2147020366577874,0.02694533321318383,0.048041981212716946,-0.9590119113483104,5.320108609439394,0.29594468259069373
4,1780387218.3721988,42.534002559192565,0.6073949590291025,-2.477651505343226,3.477211228720288,0.0,-0.09053092538003808,0.059656293235349864,0.026374835641594787,-0.010826568117307514,5.609533690084981,1.7654072362493678,0.17170921712795018,49.099289367589655,-3.0708075858934363,-2.919671547616737,2.2101002540523296,0.01420020859696618,0.02910094161940319,-0.8979239266958065,5.350418825030688,0.31233230946418367
4,1780387218.4221988,42.374967923584954,0.6891145116905448,-2.4287209061169723,3.478427622348327,0.0,-0.18439163624868793,0.06558660743273584,-0.0025620010988395697,-0.02135352521145688,5.598114589981153,1.6747321440567426,0.037764505219509026,49.00849904495206,-3.095865992757893,-2.9137866464355655,2.2047668781547505,0.004860940106751836,-0.007916758902377561,-0.8362703860388032,5.381454239391731,0.326804703378639
4,1780387218.4721987,42.19403541231428,0.7709332495248958,-2.371767092720577,3.4799149661928785,0.0,-0.29630349794231686,0.07170423123666052,0.02489325483009123,-0.031783970290304685,5.548555131841974,1.6093325571422636,-0.13719681337557388,48.91950550766996,-3.1210183300816694,-2.909726001444943,2.1972361834003777,-0.0010968823393061712,-0.05970283418197378,-0.7734904221655774,5.413218760620813,0.338356775929606
4,1780387218.5221987,42.038717157865975,0.8532421552731023,-2.309342482918891,3.479391352973724,0.0,-0.3912643715853001,0.07773725382086188,0.0006000149753012315,-0.04037407442108921,5.473459303649186,1.575260253116866,-0.2797987237650932,48.83233221580063,-3.14618941995299,-2.908095281910862,2.1902894218153888,-0.003692676888048669,-0.12102302851753824,-0.7098965905214643,5.445553363342256,0.3465040925927756
4,1780387218.5721986,42.169819827215655,0.9432292371655866,-2.241473369563261,3.478667189698607,0.0,-0.47024221632475643,0.08161908645756344,-0.037616627361429,-0.04696161849358133,5.408094645294663,1.5094789186331605,-0.040940815454612256,48.74692708779904,-3.1712585354004217,-2.9091840615351536,2.181346287322478,-0.0029472048384514625,-0.1838847458978149,-0.6463901714957174,5.47817015719481,0.35128853206493815
4,1780387218.6221986,41.97132549520231,1.0441385341263376,-2.164497111700173,3.4774746046792413,0.0,-0.5446243719350132,0.09142688522319106,0.0014740931597182483,-0.05280593441523539,5.290541716173899,1.517581110777469,-0.2275904655479959,48.662855058729434,-3.1960544622804004,-2.913079942564573,2.1699393185818554,0.0005447281640688396,-0.24245100064792885,-0.5756766732393158,5.511666776964837,0.35048580085812553
4,1780387218.6721985,41.21262879793945,1.1304795727316381,-2.0790365563957502,3.475733693038773,0.0,-0.5893803186325981,0.11277560270596887,-0.036095526907914996,-0.0554001726198346,5.208122583473296,1.7190422866284893,-1.0240398425479253,48.581318349139075,-3.2204103238765374,-2.9191775470448547,2.15923747487962,0.005671270989033193,-0.2959766073066366,-0.5594336667261742,5.538918442247848,0.3636681829063031
4,1780387218.7221985,40.12360125258407,1.1806163981319213,-1.9904090718527783,3.476461257405577,0.0,-0.6026703502950286,0.14123460485234662,0.020313163774596913,-0.055401779214636376,4.964572841114435,1.6190137243124907,-1.6548281554713506,48.50442589203719,-3.244209816471173,-2.926424408144893,2.1442239753666965,0.01218064767380244,-0.3378078509979061,-0.5560852395459228,5.563248247236604,0.37804542363077154
4,1780387218.7721984,38.943735579371925,1.177650060868622,-1.8974756304840166,3.4771340197991725,0.0,-0.5885581741788096,0.1728244111483066,0.023517356504160522,-0.05278424344151689,4.133523052373898,1.5199117441469134,-1.8501168487226183,48.432991605265585,-3.2674079292440137,-2.9339602229696946,2.128917544071193,0.01926345772552505,-0.3651712518089468,-0.5539598404279152,5.58710806300113,0.3905466656927077
4,1780387218.8221984,37.82162698034031,1.1203108519877196,-1.7972424508188096,3.47895356349429,0.0,-0.544498551332272,0.20683146870105168,0.030965934205835325,-0.04790153668850634,2.9869566353591708,1.4267629780165194,-1.724760438920747,48.366893833479125,-3.2900133534784177,-2.941095923053555,2.1104537237393877,0.02619810474516445,-0.37622395213037574,-0.48000374480182967,5.623842726955561,0.37936641657183046
4,1780387218.8721983,36.93268386507427,1.0091546707264705,-1.6932779173401673,3.4796864236530776,0.0,-0.51809564552613,0.233553174622369,0.015911496437270432,-0.05303775099088303,1.9767279076137156,1.1828975306821097,-1.483121377137795,48.30588991788705,-3.3120584272276097,-2.947144702955392,2.0889622063602595,0.03228051289128999,-0.3705598017891132,-0.39584176632618867,5.6610470950790805,0.3647321928326148
4,1780387218.9221983,36.47092093882078,0.8581166233289742,-1.587157837658667,3.493208930600955,0.0,-0.5188574696377724,0.25965492266680384,0.3553059140040295,-0.04376524648709633,1.6195996897806764,0.9660037370458454,-1.4549597388129532,48.24868534871454,-3.333485690647095,-2.952514880471666,2.0638782095719583,0.03423479731663088,-0.3778611875536056,-0.31484717293776915,5.69634444815298,0.3507820685757004
4,1780387218.9721982,36.608679698810526,0.6868260956596032,-1.478645641600122,3.500808930216821,0.0,-0.25575710679647423,0.28071909359336017,0.055605321027607,-0.01212432733523581,1.7606281690801908,0.8135535500133221,-1.320178243813363,48.194727849398255,-3.354387545892726,-2.9569026345510157,2.053553860593878,0.03774085474846098,-0.35922582037814316,-0.23874252295294568,5.729615701521089,0.3384907276216147
4,1780387219.0221982,37.01325695300882,0.5273384093029695,-1.3717921163761835,3.4885362106339075,0.0,0.18447909480542904,0.2907604117998435,-0.408807292866132,0.0366025452912943,2.1671050615697487,0.7297267957179224,-1.1826585430999523,48.14335261304504,-3.3751407034232557,-2.957986395061998,2.0269721922146458,0.045762111403974876,-0.26730718879589555,-0.1654864867649522,5.761673119856507,0.3297249868959762
4,1780387219.0721982,37.09773290530174,0.37168307487899843,-1.2657515527590104,3.4338101441508737,0.0,0.7292063486394222,0.31038776235178156,-1.4279280268988739,0.09267888502704506,2.2805342799986748,0.5932743492404073,-1.080053267839804,48.094030956957965,-3.39622600375945,-2.9520885419239464,1.9766435834189178,0.055708056546614704,-0.08337985058318897,-0.09473776117922278,5.793117529383329,0.32818752920366556
4,1780387219.122198,37.19753734885432,0.22169645102663815,-1.1641253748505531,3.3235847644345085,0.0,1.269445162752923,0.3337455028466718,-2.5792460070757954,0.14884936220135217,2.410370580345642,0.463301516943291,-0.9956463247582525,48.04845463701832,-3.4180671315008584,-2.935269438292159,1.8733091703608842,0.06254681451520917,0.17190118870904952,-0.02905645829854675,5.82409525984761,0.3380561693856299
4,1780387219.172198,37.26862347019527,0.07853096651401928,-1.0686020255355764,3.143340769494689,0.0,1.7279947249038483,0.3526922566798448,-3.937838649223129,0.20007010706019704,2.5085510199186345,0.33307007892633644,-0.949762158014229,48.00802932151858,-3.4407984298066108,-2.9055692915711355,1.7102161784872296,0.06422247911563156,0.45400191203049733,0.029342204135117622,5.854568363163229,0.36151637500451805
4,1780387219.222198,37.335623087176025,-0.04833997425760095,-0.9779591106356808,2.897358929277268,0.0,2.015218681587495,0.3689864832677753,-5.574883362429681,0.23652107260699057,2.5903609594069934,0.21528111820038015,-0.8536157768729411,47.973634863274405,-3.4641020274190337,-2.8636723142552287,1.4787084285343581,0.06384674300793775,0.7103913987408419,0.07882926439153354,5.884158381335544,0.3980996516870281
4,1780387219.272198,37.401251305263656,-0.15776274257975587,-0.8935673890736628,2.5955143267822196,0.0,2.0106482013120135,0.38972067902767304,-6.113525151926559,0.24477834359796258,2.6682741616832297,0.11454622735151856,-0.7743555954277119,47.94639451984991,-3.486877544250146,-2.813154978340915,1.1686880298218132,0.06602098580811742,0.8754947526682928,0.1178345079237168,5.911720020682965,0.4443759473415092
4,1780387219.322198,37.4847847544065,-0.25016417153832854,-0.8339263000374451,2.3025986370486353,0.0,1.6985645758636942,0.41684519304484746,-5.589683947861288,0.2335024588316353,2.7597194617144893,0.032397320420039344,-0.7247377964566724,47.92696636710498,-3.5074076216187358,-2.761184022306947,0.8408944057528156,0.06811296137909253,0.8610865479145543,0.14539155609319065,5.935551924452835,0.49329600678363406
4,1780387219.3721979,37.56656089508419,-0.32848571714705765,-0.7873805051581125,2.0676388683120464,0.0,1.4689010216631329,0.4442243371869494,-4.437235526587097,0.22209437195014373,2.8453819659867388,-0.03800566886098006,-0.6912487299872403,47.914519325981516,-3.5240104102823553,-2.717660140700891,0.55072388658545,0.061390713404460326,0.6451678403665432,0.16275285444748216,5.9542102244827255,0.5348603174068938
4,1780387219.4221978,37.60959297723226,-0.39624589226934787,-0.7476328499999284,1.8949573179648411,0.0,1.2672446457943514,0.4582978511803103,-2.970327943491286,0.2063468287573827,2.8949785574943996,-0.10123567783133858,-0.6508304329796526,47.907244373816866,-3.535717354684714,-2.689290200153366,0.3256480756298381,0.04330669667240983,0.37375112309425856,0.17271400221863936,5.96709256145199,0.5620845112087309
4,1780387219.4721978,37.64631863802816,-0.4568162616545149,-0.7278448136771838,1.7949155003504869,0.0,1.089338375692081,0.47184674381255143,-1.6003288636441917,0.18168633399196898,2.9297612609955306,-0.15891170509038255,-0.6478515154645961,47.9032400781979,-3.542802916401628,-2.674505000832581,0.17365132480051199,0.035132310779623276,0.28948057783800785,0.17813939147966612,5.974817071747319,0.5762389294638908
4,1780387219.5221977,37.711324575113615,-0.5133373758100076,-0.723972759074875,1.7530996271367112,0.0,0.8945350753123539,0.4987389866406852,-0.4728554898601814,0.1502122418395232,2.9965495517875507,-0.21065842093484405,-0.6489774535920825,47.901248097828876,-3.5470913189100517,-2.6633123308401787,0.09147906052943865,0.031574022561583925,0.2557063106585937,0.18075896170231642,5.979417727947017,0.5871177743452183
4,1780387219.5721977,37.77380882875587,-0.5707148731759206,-0.734143507787971,1.7581350820696338,0.0,0.711942514327015,0.5280903951029542,0.26544359783301036,0.11654480346252331,3.0623301423993476,-0.2632750292059331,-0.6606035655456752,47.90016004608679,-3.549993412472582,-2.6542571075637165,0.06677520413519483,0.027344361061577612,0.22026751268873632,0.18213032300174958,5.9824867965905115,0.596001571118097
4,1780387219.6221976,37.81039992749039,-0.6247122705158303,-0.7562937797128366,1.770538186515397,0.0,0.5363250505699854,0.5491793882817178,0.19760514951028413,0.08296749700405343,3.1024433406646867,-0.3144715980810699,-0.6833110041527242,47.89917773579334,-3.552545066880217,-2.6470692168570964,0.0788924381125457,0.02268630962890753,0.18183454396339865,0.1833767159415049,5.985189447769932,0.6030346890894016
4,1780387219.6721976,37.870353246147744,-0.6802475972118421,-0.7885375650850658,1.7602917737890915,0.0,0.31474617868597277,0.5791750650364852,-0.2577136309580577,0.043273648688968026,3.1646965960502063,-0.36569660658278125,-0.7179076936462656,47.89803716543665,-3.5551195050815743,-2.641626215666736,0.08706400503887562,0.018065585166825698,0.14206196026842247,0.18486694307611434,5.987941300549143,0.6082979747369697
4,1780387219.7221975,37.90390501035425,-0.736636485840525,-0.8219457229741114,1.7471841222688878,0.0,0.09372080989998648,0.5917869249532807,-0.2959824741978836,0.0046546925939000595,3.203402720426269,-0.41944671309970233,-0.7496002093373773,47.896947300160924,-3.5573619560129734,-2.6382536289180676,0.07226698238324233,0.012769558487596373,0.09561364209976667,0.18631532182558674,5.990354349409889,0.6114988279608005
4,1780387219.7721975,37.94560173958104,-0.7914402755760058,-0.8381524376911811,1.7372694112989473,0.0,-0.11428803803708767,0.6143282075825773,-0.1777840939975543,-0.03127434701167005,3.2350549191482605,-0.47225945398434915,-0.7834248573804898,47.89605541920662,-3.5589677462458678,-2.6370834230449907,0.05573642448703525,0.007563159137946835,0.049170824894324394,0.1875259215939019,5.992100931180902,0.612528491943162
4,1780387219.8221974,37.9904714638925,-0.8509641778350749,-0.8615966626249273,1.7300545318994542,0.0,-0.29335638702790556,0.6443604197793861,-0.13469808870692596,-0.06464933915391877,3.2755071549316526,-0.5299508252280296,-0.8158391253277895,47.895334128454095,-3.559997862762562,-2.6379700521915774,0.0452634816277261,0.002763951781001357,0.00498441973232544,0.18853424606219077,5.9932463665502445,0.6115281988284478
4,1780387219.8721974,38.025717148168674,-0.9129549298747651,-0.8980845583213625,1.7248305059056048,0.0,-0.4334181089944795,0.6737298719068565,-0.08755191241403788,-0.08981729480460761,3.315527311920269,-0.5901121373280651,-0.850157621559799,47.89472650192102,-3.560566424818995,-2.6407285506026215,0.03702922502899227,-0.0016133851340693235,-0.036915642633071226,0.1894160711879339,5.993913734027936,0.6086739456634973
4,1780387219.9221973,38.08390232462564,-0.9734345180831647,-0.9386914881627395,1.724091658915613,0.0,-0.53258094804557,0.7153122203347099,0.047030825634446424,-0.1079049390493284,3.374919037434211,-0.6479184124247912,-0.8924396129530159,47.894200755126825,-3.5607780097464627,-2.6449674396772633,0.03130905023259324,-0.00487604610096355,-0.07081989441054369,0.19020931317270456,5.994212372530619,0.6043522032959388
4,1780387219.9721973,38.14199021705033,-1.0400068885114706,-0.9927627345603923,1.7292846625370755,0.0,-0.6034125780324435,0.7568250442071133,0.12504801719192032,-0.11805839366568041,3.421294231943584,-0.7124694092463523,-0.9606906188673934,47.893706805420564,-3.560794787028677,-2.6502464972006123,0.03237719705142425,-0.007150070862669142,-0.09696953072925037,0.19097417937297773,5.994311934408285,0.5989953018978449
4,1780387220.0221972,38.18901640831629,-1.1109901916827696,-1.0585682793462434,1.735162074288702,0.0,-0.6562483514801413,0.7904325640176303,0.10626914070130607,-0.12653410842950824,3.457637062534066,-0.782669049226528,-1.0381539391848866,47.89318600667769,-3.5607970314778665,-2.6560918981705206,0.037259994937433885,-0.008451762665551863,-0.11447635851588087,0.19178229415100978,5.994401488829029,0.5930678241734348
4,1780387220.0721972,38.213870744778646,-1.1854073218275143,-1.1218645472713755,1.7381926023700331,0.0,-0.694456351040776,0.808194848875271,0.05258951073196866,-0.13286903966387506,3.4869769092541483,-0.8564603481941325,-1.0989423845056692,47.892623623725626,-3.5608290485841856,-2.662359711812939,0.04101074330135161,-0.009507232496819635,-0.12819404183556204,0.19265177496187225,5.994527542832184,0.5867113783354494
4,1780387220.1221972,38.20914211211596,-1.2623883380820142,-1.1777392784524072,1.740714565887866,0.0,-0.7172969756777479,0.8048155061811334,0.03448135849380909,-0.13515084369438887,3.483763235970967,-0.9335348273700492,-1.1550157504051317,47.8920376167852,-3.5608578885395965,-2.6689544509513317,0.04198087861208604,-0.010397481329178183,-0.1386192452971134,0.19355828684193116,5.994654315055062,0.580024281778722
4,1780387220.172197,38.19612673903273,-1.3407268667040144,-1.2275784483451602,1.743225599692382,0.0,-0.7196850411646835,0.7955139999999894,0.052469470151662985,-0.13467313357425947,3.4708844986523317,-1.012178364066552,-1.2060832077543469,47.89144066789567,-3.560868346156813,-2.6756872362672315,0.04208106924461851,-0.010955290416394542,-0.1448570149695995,0.19448377371315828,5.994764557367921,0.5731974123850234
4,1780387220.222197,38.19612673903273,-1.4195803137854999,-1.2723443390188525,1.7442638337280068,0.0,-0.7011793744899069,0.7955139999999894,0.005875702934608741,-0.12994792722494897,3.4725793419459787,-1.091013594914458,-1.2508490984280392,47.89083122951213,-3.5608803591058518,-2.6824054183759705,0.043114447929575146,-0.011226465383413597,-0.14784834842536834,0.1954285004860522,5.994878346196331,0.5663831755039936
4,1780387220.272197,38.19612673903273,-1.500351239170673,-1.304577274064586,1.7440668931261782,0.0,-0.6574381194678716,0.7955139999999894,0.0006035311411970629,-0.12038413042493136,3.47431539872317,-1.1717658611021236,-1.2830820334737727,47.89022565185776,-3.560909455591889,-2.6888840170552273,0.0418502750237357,-0.01118706555800036,-0.1476853550217995,0.1963654281430468,5.995008386593622,0.5598091282998716
4,1780387220.322197,38.19612673903273,-1.5818827956676875,-1.3148331432384404,1.7438332580935876,0.0,-0.5982438373049976,0.7955139999999894,-0.0020692785687194005,-0.10763705960884073,3.4760678041900706,-1.253278582685355,-1.293337902647627,47.88964207212066,-3.5609652420755027,-2.6948658621406194,0.040373515442606756,-0.01095093681405442,-0.14535568331916127,0.19726537979870162,5.995161207910771,0.553735299783396
4,1780387220.372197,38.19612673903273,-1.6643929180945702,-1.3227976863088644,1.7437487780507823,0.0,-0.5167768926699021,0.7955139999999894,-0.0004208310746099189,-0.09136514620531204,3.4778412425472887,-1.335769644136232,-1.301302445718051,47.88908498206229,-3.5610709474599913,-2.7001675175127873,0.03878051309978878,-0.010810842010209204,-0.14305432729588763,0.19811890843795438,5.995359168045589,0.5483458343204983
4,1780387220.4221969,38.19612673903273,-1.747291598357644,-1.337335289252345,1.7419110887398024,0.0,-0.42298317927536505,0.7955139999999894,-0.0440201266405853,-0.07287497854200617,3.4796230324055157,-1.4186491736610818,-1.3158400486615316,47.88855743016298,-3.5612560626716934,-2.7045877787125923,0.03727100744747775,-0.01102555706609348,-0.14246908664294675,0.1989181463372297,5.995631094210878,0.5438424171656608
4,1780387220.4721968,38.19612673903273,-1.8305830338682125,-1.3497890935637242,1.7395539762029992,0.0,-0.3222466296434125,0.7955139999999894,-0.038589965073537534,-0.053840602528028955,3.4814132639821698,-1.5019213677015486,-1.328293852972911,47.88807357036564,-3.5615147036811523,-2.7080373757880962,0.03369682989301289,-0.011046631881644701,-0.13963814406229325,0.19964176112252885,5.995968794111912,0.5403165496528963
4,1780387220.5221968,38.19612673903273,-1.914089595098482,-1.361316250152002,1.7388457650804918,0.0,-0.2206783414343978,0.7955139999999894,0.008194183813856337,-0.03503272859632431,3.4832081193818376,-1.5854086377647083,-1.3398210095611887,47.88764386517592,-3.5618248047619976,-2.710561723541167,0.03061591762627976,-0.009717083433726278,-0.12682609473018475,0.20027586699580907,5.996348604365929,0.5377244666082097
4,1780387220.5721967,38.19612673903273,-1.9982944916262426,-1.3688624312701743,1.7391254504079856,0.0,-0.12440951466338755,0.7955139999999894,0.005024219509181153,-0.01734816050440301,3.485017984510813,-1.6695940818002768,-1.347367190679361,47.88725200336813,-3.5622141508795684,-2.712155782265154,0.02996519248328586,-0.007421479136312529,-0.10742477387441891,0.20084283176753542,5.996800880161041,0.5360686369345622
4,1780387220.6221967,38.19612673903273,-2.08271066612997,-1.3742932958507699,1.7385017881623785,0.0,-0.03661268577180854,0.7955139999999894,-0.02482470051763196,-0.0020187804789692956,3.486832390760994,-1.7539907550036857,-1.3527980552599566,47.886884767025606,-3.562704736225681,-2.7128206623211835,0.02914576375146894,-0.004958652072609905,-0.0873671139257862,0.2013608456134413,5.997349698188261,0.5353458668981173
4,1780387220.6721966,38.18971917761499,-2.16670123465428,-1.3750456721514581,1.7380892703427402,0.0,0.034057521683149516,0.7903152901908977,-0.0006536383551975777,0.010270613443607114,3.480128698467793,-1.8381408445682865,-1.3545210757580837,47.886550215841986,-3.5632672762478874,-2.7126665443480547,0.026853852864179805,-0.0027092817901585757,-0.0694367179589448,0.2018205169139507,5.997964609476397,0.5354472465567035
4,1780387220.7221966,38.17607707010252,-2.2512335681291553,-1.3705226806047148,1.7392157881347567,0.0,0.08893004574271088,0.779246904963181,0.030806125566904922,0.01897778251256367,3.4667756477172844,-1.9229566461165397,-1.3506414027771885,47.886245388535556,-3.563880616292444,-2.7118511151374483,0.02581567320298699,-0.0008252382069533831,-0.054679618508183536,0.20222869372643643,5.998625078911988,0.5362146224975746
4,1780387220.7721965,38.19653397583284,-2.334434310977027,-1.3636759286310698,1.740323559467137,0.0,0.12508529475443386,0.7958444074372891,0.018120925203478917,0.025155108597844717,3.492775044636966,-2.0056447921696985,-1.3421271041015814,47.88594867516669,-3.564550864722174,-2.710551755054454,0.026361629144447816,0.0006116381031625441,-0.04359689591303374,0.2026182868395074,5.999340772256421,0.5374672078524538
4,1780387220.8221965,38.23926837664471,-2.4171885884895206,-1.357332764418563,1.7404552964456086,0.0,0.14594604859363225,0.830516529045259,-0.0012271003406742927,0.028332558402259546,3.5377215546942575,-2.0874072651112754,-1.335601869604508,47.885659978143856,-3.565270033716869,-2.70890518779186,0.026239761346444516,0.0017009568323997004,-0.03536786281128117,0.20299030102132487,6.000103765353828,0.5390682635878878
4,1780387220.8721964,38.295867646272356,-2.4995240093810804,-1.3581659289292107,1.7401465507661882,0.0,0.1528589929727996,0.876437770999526,5.769165548334676e-05,0.028943435352055943,3.5972064948227778,-2.1685243401202006,-1.335991411501925,47.885390471470174,-3.5660006179713726,-2.70707915302375,0.02513172774394483,0.002438067407773242,-0.030062167003828116,0.2033313634206665,6.000874914142701,0.5408518116223142
4,1780387220.9221964,38.3565062632392,-2.5833073836434655,-1.3682045275664803,1.7412381281789884,0.0,0.15357553719840264,0.9256362963484511,0.023777753473169818,0.028383715401481352,3.6006402776503434,-2.2520786339951213,-1.3688919597465943,47.885144301737554,-3.5667150967551438,-2.7052179870562565,0.02407783781789818,0.002873863173229371,-0.02729316848556402,0.20363794644890387,6.0016261691110575,0.5426741694493948
4,1780387220.9721963,38.410892323959416,-2.66744438858732,-1.37938032024241,1.7420136622714772,0.0,0.14527691566767972,0.9697618737578838,0.007905275351465256,0.026835716486247302,3.646335657449699,-2.336460543105346,-1.3833042223300902,47.88491294244892,-3.567417680549458,-2.703383389426126,0.02417132759786319,0.0031177826257263344,-0.02613425720638181,0.20392283970113173,6.002363133097878,0.5444722934354385
4,1780387221.0221963,38.45061200074162,-2.752951222564246,-1.3893984996182136,1.742320500370523,0.0,0.13446056993276037,1.0019880296758021,-0.004238549979906937,0.024775760321328406,3.6948322083331826,-2.4220623348890364,-1.3900125286344747,47.884692043916196,-3.568104564522163,-2.7016292302087668,0.023432023411642543,0.0032249579322766743,-0.026134374424764812,0.2041931980820204,6.003082745171699,0.5461916278336005
4,1780387221.0721962,38.4642605186228,-2.835591887896808,-1.4008737004264615,1.7405337127616982,0.0,0.12101761154798106,1.0130616158909922,-0.06220430816685578,0.02198470759142051,3.7006639310074427,-2.5047108442608206,-1.4042267389587875,47.88448558840415,-3.56875678032983,-2.6999920653811085,0.02209631676867055,0.0032431476645064746,-0.02690062214711582,0.2044448390715526,6.0037654853998195,0.5477962445242852
4,1780387221.1221962,38.44446761737525,-2.926940194839703,-1.413903635745767,1.7312004684088194,0.0,0.10246201694557656,0.9970028467028877,-0.22656512369897522,0.018312784563331325,3.6889909059025308,-2.596048502564448,-1.4143775002498011,47.884305722688715,-3.5693327164825557,-2.698529596113102,0.01798388044624586,0.0031992958288729473,-0.02826968235918487,0.20466328869657824,6.004367966443553,0.5492303573782502
4,1780387221.1721961,38.44444685332273,-3.011945339565498,-1.4285662058013213,1.7170300105309289,0.0,0.08061488800185872,0.9969859999999866,-0.33716337135188523,0.013910770633889546,3.6889278217000254,-2.6810536269330245,-1.4290407470070492,47.88420059151291,-3.5697117043467204,-2.6973434096835742,0.006064448685705831,0.0031319617971814983,-0.03009740509757114,0.20478650035710244,6.004762229315303,0.5503999694445776
4,1780387221.222196,38.44444685332273,-3.0959869525099926,-1.4449028977781793,1.7004414637592686,0.0,0.054451686311465006,0.9969859999999866,-0.2405636489810071,0.008685181852336117,3.6888879404931845,-2.765095230414881,-1.4453774389839071,47.88423650640927,-3.5697771590834972,-2.6977872945845225,-0.010657425591443734,0.00251557495935346,-0.044887719742075866,0.2047237537043145,6.004821368669683,0.5499617466827091
4,1780387221.272196,38.44444685332273,-3.1803809807147654,-1.4629143440873509,1.675039876929032,0.0,0.025651829809214398,0.9969859999999866,-0.5062961826824572,0.0031051033036223613,3.688847892050787,-2.8494892491173354,-1.4633888852930788,47.88440990274051,-3.569537782464736,-2.6983746502695873,-0.02187206076426547,0.0023964102450172143,-0.04492152088933109,0.20447966743155782,6.004554624084013,0.5494017275693981
4,1780387221.322196,38.44444685332273,-3.263259188659591,-1.4825515495944421,1.6461024433044498,0.0,-0.0018852711009741136,0.9969859999999866,-0.6664055537821829,-0.0019448501655190277,3.6888085629275364,-2.9323674477305164,-1.48302609080017,47.88475592907215,-3.56892047383451,-2.699131002242548,-0.04550361877888329,0.0023131173890817433,-0.04476360428301891,0.2040074212301205,6.003883469949933,0.5486999273733097
4,1780387221.372196,38.44444685332273,-3.342864594958374,-1.5037087372833382,1.609073301047576,0.0,-0.02307143389616433,0.9969859999999866,-0.8012687752860329,-0.006017568208799894,3.6887707868834667,-3.0119728450661545,-1.504183278489066,47.88536933113298,-3.5677245154998087,-2.7001418496062524,-0.0757963899966614,0.0022537497376840217,-0.04443815883171921,0.20318123639193325,6.002592579824605,0.547785782324727
4,1780387221.422196,38.44444685332273,-3.422449964088955,-1.5281718566906242,1.5708274266833249,0.0,-0.03932890188821367,0.9969859999999866,-0.6980765086095007,-0.008950304629912944,3.6887330203478585,-3.0915582052358466,-1.528646397896352,47.886309120072845,-3.5658286295117483,-2.701458628946329,-0.11119486003412302,0.0022106325902717773,-0.043983916616312145,0.2019226815585054,6.000551480127158,0.5466171554366337
4,1780387221.4721959,38.44444685332273,-3.498477750103652,-1.5583455290920427,1.5190503749381785,0.0,-0.04674148598490942,0.9969859999999866,-1.1236416413386259,-0.010499454120078817,3.688696942031968,-3.1675859826902193,-1.5588200702977706,47.88756760952825,-3.5632567107278135,-2.7030683153623363,-0.13983956469771455,0.0021688842919987666,-0.04344394491015403,0.20024179227070932,5.997785049095794,0.5452058543380343
4,1780387221.5221958,38.44444685332273,-3.5709557415415585,-1.582678054803679,1.4644571559848965,0.0,-0.050080175370993824,0.9969859999999866,-1.1528855670649212,-0.011804793789013108,3.6886625482398134,-3.24006396596749,-1.5831525960094068,47.88920999131977,-3.5598802521077877,-2.7050328596749713,-0.187848579663888,0.002146288251228226,-0.042868250772297514,0.19805193548072925,5.994154443944591,0.5435001966318831
4,1780387221.5721958,38.44444685332273,-3.6429011598292664,-1.593309196897685,1.4079334688016456,0.0,-0.056597182091963585,0.9969859999999866,-1.085105297757774,-0.01421796132035396,3.688628407175554,-3.312009376154527,-1.5937837381034128,47.8913293532282,-3.5555163940546057,-2.7074435188685544,-0.23495017608153937,0.002122168003873272,-0.04226632271180821,0.19522958983909272,5.989461979165382,0.5414235854313407
4,1780387221.6221957,38.44444685332273,-3.7113601514079324,-1.596103009126938,1.3581872668451516,0.0,-0.06714054746641279,0.9969859999999866,-0.935145993307756,-0.018115361114841612,3.688595920564367,-3.380468360025075,-1.5965775503326658,47.8938957868196,-3.550248283965346,-2.7102682533935143,-0.2764561508597366,0.002101622422197335,-0.04160120891492481,0.19181429870005023,5.983794811347394,0.5390033283549513
4,1780387221.6721957,38.44444685332273,-3.7780029255294716,-1.5929865351755113,1.315744157989567,0.0,-0.08402439930672795,0.9969859999999866,-0.8358747102244163,-0.023595703797041845,3.688564295823169,-3.4471111266429926,-1.5934610763812391,47.896837399907355,-3.544247827499775,-2.7134310393594,-0.3086301474418017,0.0020936717361539573,-0.040797766463332386,0.18790125758629117,5.977335342159821,0.5363040997867969
4,1780387221.7221956,38.44444685332273,-3.8424555839504295,-1.585089371652109,1.2886847509184416,0.0,-0.10874141705989966,0.9969859999999866,-0.37088348991543385,-0.030671058327181852,3.6885337103820772,-3.5115637778069244,-1.585563912857837,47.900078136055846,-3.537693211487998,-2.716849795046968,-0.33439779862228464,0.0021173532156822674,-0.03982619320629702,0.18359112163646663,5.970272980440623,0.5333959781207884
4,1780387221.7721956,38.44444685332273,-3.9045237065066507,-1.5736267101451444,1.252070974519854,0.0,-0.133176594742014,0.9969859999999866,-0.6897134104592686,-0.03759720535043464,3.6885042565014676,-3.573631893374605,-1.5741012513508723,47.903466680234345,-3.5309100490556458,-2.7203638669059425,-0.33623231379492735,0.0021696918629662914,-0.03868800526231892,0.17908438615090222,5.962956557817577,0.530415761719464
4,1780387221.8221955,38.44444685332273,-3.9662202127214807,-1.5618661065626491,1.2135364429157236,0.0,-0.15313400010910028,0.9969859999999866,-0.8213707202095166,-0.043282463188917396,3.6884749789681184,-3.6353283926427373,-1.562340647768377,47.90698420297181,-3.5242244628751904,-2.7221705376161176,-0.35315770823048787,0.013033629680742054,0.033680086090865154,0.17437534479041622,5.955713176925585,0.5291631929977108
4,1780387221.8721955,38.44444685332273,-4.024328851893053,-1.5655621404320303,1.1569215963845287,0.0,-0.15991977998352086,0.9969859999999866,-1.3590209737432448,-0.046658407269884065,3.6884474040254576,-3.6934370252715856,-1.5660366816377582,47.91071610284321,-3.517184439209405,-2.7241916842826406,-0.37602599983244467,0.013643159924053405,0.03427598721829746,0.16938217146805584,5.948078666339537,0.5277298364729139
4,1780387221.9221954,38.44444685332273,-4.079847199899313,-1.5751288854004075,1.0796005223570522,0.0,-0.15157559666808615,0.9969859999999866,-1.4705342663334147,-0.045607057681081156,3.6884210582826435,-3.748955367026776,-1.5756034266061354,47.91482134596015,-3.5094928597742068,-2.7265508779403342,-0.42400285542193444,0.014343501043067211,0.03504887409552093,0.1638939090527155,5.9397299798542935,0.5260171389956705
4,1780387221.9721954,38.44444685332273,-4.128485513339028,-1.5783489007929197,1.0045879334956813,0.0,-0.13062799398838773,0.9969859999999866,-1.5981688753856471,-0.03979576977349444,3.6883979773996054,-3.797593674990075,-1.5788234419986475,47.91946710142228,-3.5011295647527914,-2.7276098149442114,-0.4750709943671935,0.01589895012311339,0.03513212634055948,0.15765792711455423,5.9306173724113815,0.5256896959994872
4,1780387222.0221953,38.44444685332273,-4.178537631940539,-1.5811658134689899,0.9251290182554884,0.0,-0.09499819780321245,0.9969859999999866,-1.434685413547528,-0.029064847792876686,3.6883742256077863,-3.8476457879559853,-1.5816403546747178,47.92465158061651,-3.4915651860563095,-2.7310044676009952,-0.5298935598505128,0.01676388316636557,0.03581949973861044,0.1507403672934236,5.920213739263755,0.5231112087413852
4,1780387222.0721953,38.44444685332273,-4.2224075977905775,-1.5834651635051606,0.8654260321386695,0.0,-0.054626640789149784,0.9969859999999866,-1.1459367156400622,-0.015898390332181184,3.688353407502078,-3.891515748866498,-1.5839397047108885,47.93036607414443,-3.4811448146687938,-2.7349013152135213,-0.5740776455634042,0.017683842112001285,0.036190077091234195,0.14312130634173859,5.908862089853825,0.520113777614867
4,1780387222.1221952,38.44444685332273,-4.264961284913193,-1.5851310787481687,0.8515221086188204,0.0,-0.013718026145818341,0.9969859999999866,0.7448798032990949,-0.002767425402543453,3.6883332140248406,-3.9340694311977953,-1.5856056199538966,47.936478048941055,-3.4701640444904682,-2.739186476856917,-0.60203044083795,0.018608211976995692,0.03614577020059202,0.13497814773293754,5.8968781388806555,0.5167897183806964
4,1780387222.1721952,38.44444685332273,-4.3057916177050135,-1.586047769142713,0.8010764835008162,0.0,0.015012084841857927,0.9969859999999866,-1.8445612855495193,0.00994268685972462,3.6883138383502145,-3.9748997593923376,-1.586522310348441,47.94239795689313,-3.459477013855982,-2.7450797609383106,-0.5364716416869546,0.0081980602584726,-0.03581024286290829,0.1271248655842075,5.885214317704461,0.5118252694619256
4,1780387222.2221951,38.44444685332273,-4.3428110770716755,-1.586058767382824,0.7124064189595463,0.0,0.03303938074738069,0.9969859999999866,-1.5971723807642608,0.021420765137932455,3.6882962710919904,-4.011919214590805,-1.5865333085885518,47.94832015914099,-3.4487110397920384,-2.7527677642164625,-0.600356579168786,0.007087881312947422,-0.03554940268182952,0.11930499449797405,5.8734663647723195,0.5050643971458246
4,1780387222.272195,38.44444685332273,-4.375401723277056,-1.584981751057124,0.634355572518568,0.0,0.04663446412363339,0.9969859999999866,-1.4293208497340073,0.030317349076412536,3.6882808054880254,-4.044509857126653,-1.585456292262852,47.954859222940364,-3.437046722208246,-2.7610688657278604,-0.6490668421583997,0.005846698063486412,-0.035735727859683986,0.11067685903028501,5.860710159356685,0.49778459990844404
4,1780387222.322195,38.44444685332273,-4.405153228715429,-1.5826776245154262,0.5833456076857261,0.0,0.059458811504520676,0.9969859999999866,-0.714491296075793,0.03911192536838422,3.688266687173292,-4.074261359215164,-1.583152165721154,47.96186676514153,-3.4245393332378353,-2.7716420539562296,-0.6869162524734627,-0.0069036931891274895,-0.10775948221011278,0.10146854300374325,5.847025627166677,0.48830309349609813
4,1780387222.372195,38.44444685332273,-4.434118380232787,-1.57906868616422,0.5804986996569586,0.0,0.08368282405683049,0.9969859999999866,0.31616023372352947,0.05083041561772387,3.688252942015883,-4.103226507471201,-1.579543227369948,47.96909963032052,-3.411660498640949,-2.784236370821694,-0.6882939035538382,-0.010597996159235392,-0.10759980784133523,0.09200062422050653,5.832923987090109,0.47683253297453554
4,1780387222.422195,38.44444685332273,-4.464342987857911,-1.5741386061734697,0.6195684192347278,0.0,0.11943142768999665,0.9969859999999866,1.078906364976395,0.06370279295900999,3.6882385991946762,-4.133451111693195,-1.5746131473791976,47.976117968424305,-3.399421742632296,-2.7966174477809935,-0.6393168247380816,-0.014156167651923629,-0.10778547706648406,0.0828212888167621,5.8194895262294075,0.4655389428530494
4,1780387222.472195,38.44444685332273,-4.4977317279708995,-1.567931106709581,0.6899625708777399,0.0,0.16489782865508107,0.9969859999999866,1.6786162815499186,0.07943701410474557,3.68822275486228,-4.166839848046789,-1.5684056479153088,47.98245889546044,-3.3885022125452675,-2.8083388066240125,-0.555502150869121,-0.01733954896418782,-0.10823278342740063,0.07454347416421553,5.807482513144035,0.4547976305188586
4,1780387222.5221949,38.44444685332273,-4.535043787156584,-1.5605463680119545,0.7859785915684333,0.0,0.21950330266614326,0.9969859999999866,2.0646898384225114,0.09544796511623115,3.68820504875339,-4.204151903031335,-1.5610209092176823,47.98780500373619,-3.3795580496550577,-2.8208966602676933,-0.4464985694066448,-0.020872989952594203,-0.10809192574756517,0.06755229588410994,5.797614548898672,0.4430653047662201
4,1780387222.5721948,38.44444685332273,-4.577707908233291,-1.5521255640701694,0.868453192705843,0.0,0.2762979912781155,0.9969859999999866,1.0018487436576027,0.11284055776423389,3.688184802870693,-4.246816019304289,-1.5526001052758973,47.99191229461903,-3.3725431337476164,-2.8322109341543884,-0.32395181501503933,-0.023437664719303926,-0.1075724305015153,0.06220905100191615,5.7898876533033174,0.4323853192992919
4,1780387222.6221948,38.44444685332273,-4.620158385354189,-1.542808105298851,0.8523389068871053,0.0,0.3216866344866279,0.9969859999999866,-0.13493882648332456,0.13033359356893823,3.6881646583708525,-4.289266491645489,-1.5432826465045788,47.995036326903495,-3.3672549214797822,-2.840723378836188,-0.25922013484171463,-0.024955679970220076,-0.10806035767484978,0.05814524060657328,5.784055628367369,0.42435535042042893
4,1780387222.6721947,38.44444685332273,-4.664479942964213,-1.5327173890827914,0.8481410793000889,0.0,0.3679491800382462,0.9969859999999866,-0.2293376369805239,0.1476026639605095,3.688143625966254,-4.3335880442651415,-1.5331919302885193,47.99778333251005,-3.3625280107247755,-2.8488987767659704,-0.2530646785332763,-0.026324868512664943,-0.10908832804148359,0.05458572164359948,5.778849756199529,0.4166042231246063
4,1780387222.7221947,38.44444685332273,-4.703704790230255,-1.5219980650077698,0.8381556506972964,0.0,0.4034722568577014,0.9969859999999866,-0.15699333016711817,0.1616177026016087,3.6881250121606364,-4.372812887114674,-1.5224726062134977,48.00047259800587,-3.3576513061915154,-2.8588661166880756,-0.2517804323618086,-0.028004509041129347,-0.1095524752660304,0.0511359156076705,5.773504850092227,0.4070522567692052
4,1780387222.7721946,38.44444685332273,-4.7451362481479995,-1.5108206581238086,0.8354799710900328,0.0,0.4381815526598798,0.9969859999999866,-0.007025463243039459,0.17511912247050457,3.688105351227379,-4.414244340367457,-1.5112951993295365,48.00313656671218,-3.352853124961678,-2.8688410758302196,-0.24701316215751265,-0.029680368016791463,-0.11048337763135806,0.047718601489904644,5.768241444982236,0.397488784310295
4,1780387222.8221946,38.44444685332273,-4.786724128314724,-1.4993283701663322,0.8386523107750177,0.0,0.4681171010882821,0.9969859999999866,0.006210321234483132,0.1855710780252207,3.6880856160653215,-4.455832215851608,-1.4998029113720601,48.00571613504293,-3.3482015783459924,-2.8787871642885015,-0.23514489473259617,-0.03131319148874009,-0.11184826542887893,0.044414093933403176,5.76313834258168,0.3879411651114566
4,1780387222.8721945,38.44444685332273,-4.829671551266517,-1.487600228203199,0.8438509669987914,0.0,0.49295470593668983,0.9969859999999866,0.5272505921780278,0.19214173933031783,3.688065235744216,-4.49877963396775,-1.488074769408927,48.00818596480679,-3.343980882162043,-2.890470351593562,-0.22315837462993857,-0.02315013479309802,-0.18443418412310547,0.041224569856284865,5.758482443749349,0.3766395135323446
4,1780387222.9221945,38.44444685332273,-4.8698777455721345,-1.4756474600708067,0.8492648479823017,0.0,0.5098503556530257,0.9969859999999866,-0.7605638997429633,0.1961672918453162,3.6880461562490088,-4.538985823746364,-1.4761220012765346,48.010389279826384,-3.340078138982771,-2.9018902567700975,-0.18634133968889877,-0.025028750072645923,-0.18521021641856514,0.0383992790354285,5.7541916847163135,0.36555998811476087
4,1780387222.9721944,38.44444685332273,-4.9083458220030955,-1.4634165058509718,0.757052512953322,0.0,0.4613196945693854,0.9969859999999866,-2.010931076568745,0.1997832939902741,3.688027901562322,-4.577453895846024,-1.4638910470566997,48.01255209166092,-3.33624940081184,-2.913310844285823,-0.2141116404994989,-0.02683791542400914,-0.1861078662934186,0.03562829766149761,5.749981267110697,0.35447353686572036
4,1780387223.0221944,38.44444685332273,-4.942199887673461,-1.45083539258194,0.662137802700087,0.0,0.406663239389917,0.9969859999999866,-1.7343790586821728,0.20175080872181858,3.688011836413783,-4.611307957704603,-1.4513099337876678,48.01538706000244,-3.332048027844927,-2.9272500709028377,-0.30150016319031314,-0.029852642045939574,-0.18594397917313765,0.03189692586735288,5.7452718869585135,0.3409723096003514
4,1780387223.0721943,38.44444685332273,-4.9718821123444,-1.4378122788069896,0.5960808298812783,0.0,0.3688465619291491,0.9969859999999866,-1.1420239021178602,0.20288533843135861,3.6879977509756277,-4.640990179033481,-1.4382868200127175,48.0191188971324,-3.327048675429547,-2.942087254022601,-0.371101521103521,-0.03372594151931106,-0.18665159371960716,0.02692352499394457,5.739597372038877,0.32671172670210513
4,1780387223.1221943,38.44444685332273,-4.998720501700169,-1.4242437899118665,0.5549473477437756,0.0,0.3465569695209616,0.9969859999999866,-0.6559768980450723,0.20442970954915585,3.687985015054461,-4.667828565367389,-1.4247183311175944,48.023446991864745,-3.3213445947836235,-2.9593181293174626,-0.4062533213959405,-0.04882930075247729,-0.2579124594158798,0.021151012918793788,5.733106333634951,0.3101496294538375
4,1780387223.1721942,38.44444685332273,-5.024703035621644,-1.4100349752336692,0.544536866379705,0.0,0.34381743856143426,0.9969859999999866,-0.012057560656485902,0.20605619890783025,3.6879726852719488,-4.69381109636337,-1.410509516439397,48.02807065210932,-3.315504035120035,-2.976869165180246,-0.4178781221298435,-0.0540820347781529,-0.2589966772262636,0.014960622955774716,5.726419235287519,0.29331310332298166
4,1780387223.2221942,38.44444685332273,-5.050967573599154,-1.3950632948949557,0.5663620835140115,0.0,0.3610946317980923,0.9969859999999866,0.6551042601004288,0.20829913663800542,3.687960221666897,-4.720075631383633,-1.3955378361006836,48.03267139843458,-3.3100409545128238,-2.996233384652505,-0.3974358301388044,-0.049722029237752347,-0.331273432162018,0.008764635018896405,5.720107021286951,0.2746599098891416
4,1780387223.2721941,38.44444685332273,-5.079265019115079,-1.3791729663595085,0.6226220033585169,0.0,0.3973889433554069,0.9969859999999866,1.3783741644442058,0.20520527157277138,3.6879467933634866,-4.748373073713416,-1.3796475075652364,48.03690186420795,-3.305416583447201,-3.0152684307423208,-0.3476287885621453,-0.04510898697742473,-0.26041964802276607,0.003024769587086251,5.714695285348737,0.25627811516233123
4,1780387223.322194,38.44444685332273,-5.111046966047435,-1.3621795231816958,0.7098562183484469,0.0,0.4468178333268594,0.9969859999999866,2.0116290991316226,0.21396692247196542,3.687931711520635,-4.780155017067294,-1.3626540643874236,48.040395468685894,-3.3017745632693125,-3.0300394782715387,-0.2651418125574138,-0.038367411280673544,-0.19010711495735533,-0.001731059772872634,5.710399320157155,0.24204581493674127
4,1780387223.372194,38.44444685332273,-5.144045271063617,-1.3438739221387916,0.701169692854912,0.0,0.4742554189327221,0.9969859999999866,-0.4902373429705945,0.22619878066369759,3.6879160524657735,-4.813153318368043,-1.3443484633445195,48.04276292858542,-3.2987209901291124,-3.0437206292099934,-0.15374572872819797,-0.04040285993394631,-0.19038173938596073,-0.004873835594634834,5.706906452980638,0.2287293783866815
4,1780387223.422194,38.44444685332273,-5.17579213218314,-1.3075331775138288,0.6915876451415479,0.0,0.5067289563269199,0.9969859999999866,0.011501022270367534,0.24829032630657796,3.6879009872725854,-4.844900175913039,-1.3080077187195567,48.04459158867525,-3.295938413037144,-3.056886239831541,-0.16976877211644972,-0.04203019804309828,-0.1910731969849998,-0.007243625737583359,5.703787602709431,0.21584527348710036
4,1780387223.472194,38.44444685332273,-5.206935905144164,-1.2728649876902878,0.7130825920670637,0.0,0.5859176774858198,0.9969859999999866,0.4555097125578543,0.27640588176979414,3.687886208269568,-4.876043945367439,-1.2733395288960156,48.046470461970486,-3.2934146389236902,-3.071921975425174,-0.1604733905216671,-0.03389633956247009,-0.2633996995737907,-0.009720086552298057,5.700914923301761,0.20109858747985143
4,1780387223.522194,38.44444685332273,-5.241183758602516,-1.2831975693482665,0.755226964502378,0.0,0.7041371223181904,0.9969859999999866,0.7463798524481253,0.3083142762431845,3.6878699562525044,-4.910291794969665,-1.2836721105539943,48.048124348225265,-3.2909645651894683,-3.0867353653580816,-0.12993972659957098,-0.03586943510484783,-0.26464094694750057,-0.011868203214063289,5.698159256985049,0.1865394786865906
4,1780387223.5721939,38.44444685332273,-5.275932431568412,-1.2839753678751764,0.7986551389476436,0.0,0.8278958272897574,0.9969859999999866,0.7225640842429996,0.3373624583447383,3.6878534665759566,-4.945040464023045,-1.2844499090809043,48.04933376185375,-3.288379296760269,-3.10287586288245,-0.08351514133019555,-0.047276838062427246,-0.33456188872679377,-0.013333537193420453,5.695357158769349,0.17058483323040008
4,1780387223.6221938,38.44444685332273,-5.31069824121804,-1.2737008778172643,0.8470444164254726,0.0,0.9474516735840283,0.9969859999999866,0.9258629516451344,0.35973154852409495,3.6878369687673467,-4.979806269758228,-1.2741754190229921,48.05004647066005,-3.285895881949936,-3.1220939285887197,-0.0433643179501358,-0.04852779358118425,-0.3346693795154862,-0.014070154552794534,5.692754231624065,0.15147625378793173
4,1780387223.6721938,38.44444685332273,-5.347348560840175,-1.2529484125813515,0.9005138283947048,0.0,1.051373276419751,0.9969859999999866,1.0160391105922464,0.37306094411334195,3.6878195766811355,-5.016456585253733,-1.2534229537870794,48.050231536807246,-3.283212006376596,3.1407200525656958,0.006157393943216918,-0.056332473312873936,-0.332415770780366,-0.013992942386077234,5.690057057099194,0.13113335317302344
4,1780387223.7221937,38.44444685332273,-5.385089679151009,-1.222688494234747,0.9562583188798193,0.0,1.12316559807633,0.9969859999999866,1.2228421664431481,0.37986565425585456,3.6878016669660187,-5.054197699315117,-1.2231630354404748,48.05000056754452,-3.2821193023971427,3.13288551333073,0.0321577562937269,0.004986781773833715,0.10039317605985926,-0.013504732148435006,5.689019580415094,0.12326333771226894
4,1780387223.7721937,38.44444685332273,-5.425055857469847,-1.1842340242112197,1.011786916509905,0.0,1.2080119635443434,0.9969859999999866,1.1323898581071585,0.3883838967363299,3.687782701368283,-5.094163873133977,-1.1847085654169476,48.04940608257977,-3.283969875382682,-3.1367400818598146,0.0752026843301095,0.04436770178186681,0.3857697083113949,-0.012861623943514144,5.690971712427224,0.1367317253928153
4,1780387223.8221936,38.44444685332273,-5.459790704941679,-1.1405100296730462,1.0553034765548832,0.0,1.2505267545653107,0.9969859999999866,0.9525670160120316,0.392508849251244,3.6877662182525017,-5.12889871669485,-1.140984570878774,48.04827356645661,-3.2869615034934805,-3.114840945963133,0.1249254800999456,0.05087188155182857,0.4372450760225236,-0.011565252831942152,5.69416135857155,0.15845683285238543
4,1780387223.8721936,38.44444685332273,-5.497379304608887,-1.1143145617050993,1.1091817677415061,0.0,1.3129996991510866,0.9969859999999866,1.0621444445892472,0.3966168787217624,3.6877483809137632,-5.166487312129782,-1.1147891029108274,48.04662225942076,-3.290242648989717,-3.0915638052597276,0.1648816886459083,0.05347272622330382,0.457736451493657,-0.009531032964334663,5.697740327727822,0.18148010223529276
4,1780387223.9221935,38.44444685332273,-5.535746866744505,-1.073385293016444,1.1605582854357164,0.0,1.3724677935139928,0.9969859999999866,1.0523488333910718,0.39958025876800224,3.68773017392525,-5.204854869945416,-1.073859834222172,48.044498415853454,-3.2938622825152817,-3.0673864555241965,0.20852469333961,0.05491876343715826,0.4692985311373964,-0.0068329463900015375,5.70174765721493,0.20533071899707345
4,1780387223.9721935,38.44444685332273,-5.567581500176284,-1.005524954463893,1.2036262766067325,0.0,1.4233423818958906,0.9969859999999866,0.8934340377781524,0.4003305980461806,3.687715067080484,-5.236689499792785,-1.005999495669621,48.04190254695623,-3.2979067487580864,-3.0424637676455397,0.24960744813874508,0.055800328353197585,0.4763207664570856,-0.003481282285849041,5.706268376572279,0.2298537301780188
4,1780387224.0221934,38.44444685332273,-5.599485112170659,-0.9244425154698108,1.2375827833329471,0.0,1.4634974832790304,0.9969859999999866,0.6434708909404976,0.4013484728446569,3.6876999275025497,-5.268593108194984,-0.9249170566755387,48.038911985729534,-3.302431074876244,-3.0170267049122867,0.28094549713817596,0.05629526755898365,0.4797003850335975,0.00040322454768332294,5.7113413032657805,0.25482990065775013
4,1780387224.0721934,38.44444685332273,-5.627785827401467,-0.8336779512249839,1.2676816955542298,0.0,1.499090805098402,0.9969859999999866,0.6698506063256561,0.3995286953025331,3.687686497647525,-5.296893820239281,-0.8341524924307118,48.0356699490728,-3.3074490034359223,-2.991244927899004,0.2985123051261281,0.05667567970222551,0.4815714269697673,0.004606483171823161,5.716951525132078,0.28011148936602837
4,1780387224.1221933,38.44444685332273,-5.653199123537402,-0.7354576629465726,1.2867857451965872,0.0,1.5216822058099824,0.9969859999999866,0.3094700520288081,0.39718655738422054,3.687674437991788,-5.322307113513815,-0.7359322041523004,48.03225880637659,-3.312972352264302,-2.965161549946255,0.3155114410956811,0.05961216542842127,0.4962091972725431,0.009005288414327739,5.723094366582659,0.3056679826149278
4,1780387224.1721933,38.44444685332273,-5.673634343607486,-0.6154280875848852,1.3103977768641104,0.0,1.549604498674676,0.9969859999999866,0.6754558671426392,0.39629948304165946,3.6876647406381804,-5.342742331283002,-0.6159026287906131,48.02880161299634,-3.3190440663633587,-2.9381479746148846,0.3151651737379428,0.060243336763845565,0.49217922655503343,0.013409909825514377,5.729788162279915,0.33214725750373386
4,1780387224.2221932,38.431661917993154,-5.690748178431258,-0.47580447367383855,1.359616958818058,0.0,1.607808402194297,0.990162582151586,1.190419040911844,0.3954834241193566,3.667810925965692,-5.359835246316596,-0.4775196923827987,48.025293052229976,-3.325625729504362,-2.910940722511899,0.3316448957524791,0.06333235491476229,0.5051567757194301,0.01783315563572091,5.736995710030227,0.3588123066048885
4,1780387224.2721932,38.42673691621608,-5.70054064903078,-0.3315943186353819,1.4550173798159356,0.0,1.7221613764442518,0.9875340710044576,2.187128995151826,0.39546274733636133,3.6598274084649214,-5.369611909860494,-0.33384312033569064,48.02150539771075,-3.3331291195655437,-2.882066651561236,0.37125102265307236,0.06947853071643943,0.5392824478361908,0.022565819500220075,5.745169336060233,0.3871010849077141
4,1780387224.3221931,38.45153486766178,-5.704446142476138,-0.18715986614902388,1.5918391750220475,0.0,1.8930170174362213,1.0007689275083422,3.154461334055308,0.3990685933957496,3.6934883982913322,-5.373557003549302,-0.1878535570147668,48.01710098384322,-3.342328728360504,-2.849513435081968,0.4553569782496418,0.07984979383213434,0.6155582231407133,0.02802040112593379,5.755141696874501,0.4189737560247746
4,1780387224.372193,38.49830578122343,-5.703303674719979,-0.045546766047891096,1.7949271804658156,0.0,2.176776891444094,1.0257309220867887,4.436413563144955,0.40141999558639635,3.6118012205409653,-5.371316764204215,-0.06876551736030523,48.01173673257179,-3.3543931897832233,-2.8104834184848317,0.5796371924933753,0.09369291562613802,0.7421755236883334,0.03457284633109159,5.768136505575486,0.45717499494328884
4,1780387224.422193,38.556298048801764,-5.697238610536938,0.09028866566429905,2.049231782375894,0.0,2.481241815058941,1.056681839198421,5.416645644904632,0.3947965517741366,3.7347129571588726,-5.367770445179301,0.07844470968475381,48.00508008538731,-3.37078094848378,-2.7625034886945703,0.7571250486504065,0.10858876660382628,0.9118944301078018,0.042555661493150376,5.785661832419425,0.5041265875172556
4,1780387224.472193,38.61473001436658,-5.683213232261173,0.21620188032154658,2.3377860558423555,0.0,2.710807564237894,1.087867426491132,6.0926100854869025,0.37532246937035924,3.942775798919611,-5.353358562839366,0.23065829803854232,47.99689427241483,-3.393202293693266,-2.70373647995489,0.9713225433520317,0.11825863733334857,1.098229354624432,0.0521392062112318,5.809456234711351,0.5616292036755883
4,1780387224.522193,38.6685546575722,-5.656976507758446,0.3129728464737398,2.6425370138354953,0.0,2.8359539184040945,1.1165940505737306,5.766012048062047,0.3398946788309794,4.007945797812344,-5.326172597605573,0.32950273520856577,47.98715785188372,-3.42328295528739,-2.6340069749984205,1.2064250131062517,0.11614811866504776,1.2716637684235201,0.06319692152657985,5.841133193175773,0.62985505478348
4,1780387224.572193,38.703055933228136,-5.615487284278648,0.3952621913999627,2.8924002985378414,0.0,2.762047733166744,1.1350076454832603,4.804325926259581,0.29587631183024604,4.168537688174148,-5.280229587432137,0.4343801867239758,47.976180103788955,-3.461992663105007,-2.555082251706434,1.413210564492425,0.09805782767691285,1.3983914724763757,0.07520103757389301,5.881594766811839,0.707083753838444
4,1780387224.6221929,38.71170513051369,-5.557030778879703,0.4820105335848585,3.0955567517024716,0.0,2.5185497303860513,1.139623788280329,3.729567725929377,0.24465942049908365,4.200163887763374,-5.2204122656758924,0.5256799444678997,47.96452248087138,-3.5091058864044102,-2.470543875433863,1.5621464519082173,0.0661751426943532,1.4578438117072139,0.08740716523284997,5.930515065068938,0.7898142427161279
4,1780387224.6721928,38.692305393238136,-5.478161425330524,0.5828817116208614,3.233243437974825,0.0,2.0915232113938824,1.129269999999985,2.436074051923089,0.18832005505616015,4.111112198868157,-5.144851311614691,0.6144537910127372,47.95274261724349,-3.563460478423804,-2.3849348557873697,1.6511642725427298,0.02621093959490676,1.4365007059148611,0.09915851870429004,5.986640601227091,0.8735883029402061
4,1780387224.7221928,38.692305393238136,-5.381539840153854,0.6769487490337514,3.3174071257706546,0.0,1.5755997033910047,1.129269999999985,1.259689804645444,0.13343120442656725,4.108062161279901,-5.048277878452342,0.7085208284256272,47.941293390918766,-3.62313045101436,-2.3031673798894885,1.6737776370848203,-0.014262024436443609,1.3278459955462636,0.11001582233549922,6.047980034565866,0.9535645003827771
4,1780387224.7721927,38.692305393238136,-5.271849966364589,0.7576213466263673,3.3545642928146635,0.0,1.0827382493048097,1.129269999999985,0.5578083238979047,0.08920758403377099,4.104599599187833,-4.938642669346582,0.7891934260182429,47.93069969539256,-3.6856626781125414,-2.2298136870466188,1.6383586713681637,-0.046718863385293866,1.1422028603634975,0.11945035300927381,6.112006163465389,1.025253909130413
4,1780387224.8221927,38.692305393238136,-5.154978312409345,0.8229812296375376,3.3706636789118383,0.0,0.6320058173921652,1.129269999999985,0.2838508092025081,0.048288469648416446,4.100910331029861,-4.821829259163108,0.8545533090294137,47.92118421292464,-3.748899730822264,-2.168034512700879,1.571260197249792,-0.0644148672840106,0.915431563427612,0.12732431697917507,6.176538498802702,1.0855353319552172
4,1780387224.8721926,38.68586149054823,-5.033178863309448,0.8715319895763369,3.3877159309869573,0.0,0.24901035508508507,1.1267433157086972,0.3705537586018884,0.015232207502005629,4.064596472180915,-4.701031666274016,0.897930542701312,47.91275569976391,-3.811476089944386,-2.1194867656931873,1.4957224037637369,-0.0689327887227393,0.6644618387844714,0.1337351551517531,6.240221115037078,1.1327559647259555
4,1780387224.9221926,38.672294086444744,-4.907226039878781,0.9015525252146344,3.4067042985984126,0.0,-0.04405379465822466,1.1214234732977493,0.3407096510376411,-0.00988192612091491,4.007164683809993,-4.576323373350272,0.9196869704237765,47.905264857814004,-3.8728348579980167,-2.0844009768336313,1.4299683114279702,-0.06362073510521024,0.42144284816597266,0.13894683495173143,6.302529309863195,1.1666619212378517
4,1780387224.9721925,38.69275746189018,-4.780562300747625,0.885891914535567,3.42516347315313,0.0,-0.22671946821779754,1.1294472582263526,0.3892723222525541,-0.025169256219991026,4.091260627724941,-4.447530933749347,0.9178234670218322,47.898528088478976,-3.9327187142527884,-2.061486582942457,1.3676770739205764,-0.0533995446703479,0.21240175666971858,0.14325053245385388,6.363240975674639,1.18851496139842
4,1780387225.0221925,38.73539782476757,-4.658874749736271,0.8095542792214988,3.444987574060134,0.0,-0.3110268133360754,1.1461667433336884,0.38660281071920305,-0.030544325411474758,4.210359364047913,-4.320796662965853,0.858754037685661,47.89245370198841,-3.9908818930849885,-2.0483048318843617,1.3111809094722506,-0.04177463925434991,0.05680211363216528,0.14679450702167096,6.4221285641944945,1.2007394780241798
4,1780387225.0721924,38.79202829268077,-4.5464418820819,0.7745087353211555,3.464912071328817,0.0,-0.3308577160212564,1.1683718138585064,0.3861141184434548,-0.03110664057847783,4.297429495368901,-4.203693218821004,0.8316473746948763,47.886941491758336,-4.047169895536513,-2.0418197643636185,1.2568952843196666,-0.03066658581953704,-0.03887743453467288,0.14973481119772386,6.479056301202142,1.2063557068178774
4,1780387225.1221924,38.85236857656051,-4.444611524418141,0.7708959033115463,3.4804736767463855,0.0,-0.294474315185692,1.1920315205219014,0.2736352222396254,-0.026842767108158465,4.348889552540914,-4.0985759472641625,0.8273683371299985,47.881908195178,-4.101443895748821,-2.039271835559469,1.2043757500524932,-0.02169688720471711,-0.0879187094558013,0.15220226622929506,6.533900722584489,1.2081101209550091
4,1780387225.1721923,38.90673024223902,-4.354580025946213,0.7593016794306507,3.4879204055910633,0.0,-0.21193731166525437,1.2133469831115493,0.11032761503869185,-0.01822495147206482,4.367947964617548,-4.007444700379596,0.8088412365583011,47.87729357106046,-4.153516583898355,-2.0385421238507724,1.148049746828706,-0.014606295890755627,-0.1006165574463261,0.1543000067817707,6.586486112481602,1.2081117800714463
4,1780387225.2221923,38.946243518198735,-4.27400398488765,0.7370818452227832,3.4908876601375143,0.0,-0.10375405141833982,1.228840322857515,0.029155162118943735,-0.006519635150848728,4.393612692473476,-3.9255350253609085,0.7843228801695195,47.87306585002308,-4.203106953274627,-2.0380287208455847,1.0858994131812718,-0.0087000505709139,-0.08545111232287729,0.15609690112731084,6.636538550773148,1.2079570683519574
4,1780387225.2721922,38.959870919719016,-4.199673807581635,0.7039690546120967,3.488989915008426,0.0,0.030670380916354333,1.2341836905353436,-0.03697597953077225,0.007880593216534715,4.401037524506617,-3.85077431135198,0.7505718507399375,47.86919845699131,-4.250046702223034,-2.0365843419242617,1.0226410595794846,-0.003507720227640989,-0.0514451315908945,0.15763948532537048,6.683894871652207,1.2087893402175744
4,1780387225.3221922,38.940247613837606,-4.125786448398899,0.6606540229430776,3.4866410948622537,0.0,0.1672812054005386,1.2264893007998652,-0.071566313901094,0.021059329698915365,4.381786654337387,-3.777711716417817,0.7081771347426908,47.86565868149892,-4.294332244814158,-2.033460721153572,0.9596126271417895,0.001457514959873265,-0.0056464178526417635,0.15896896297159574,6.728556772402198,1.2113519233917316
4,1780387225.3721921,38.923995136061066,-4.0476513116933805,0.6109256641469347,3.4845582211207664,0.0,0.30866608313383936,1.2133965011767296,-0.013913476831228783,0.03404226991949046,4.365375726681352,-3.7002740503458793,0.659323052739496,47.86240965389901,-4.336039257558374,-2.0284224440160035,0.8989501835142429,0.0056858129572847724,0.03943314878833453,0.16012732214934555,6.770605527537516,1.2158745855511093
4,1780387225.422192,38.924741200716106,-3.963813412323468,0.5923194645544495,3.4835003228594164,0.0,0.42987821155003225,1.2139991912458181,-0.04010824916852706,0.044026285502554045,4.361889178277146,-3.616506752403612,0.6406724528665242,47.85942465752859,-4.375385646799889,-2.021584373785503,0.8451806409046171,0.009489901039188973,0.08038724523984506,0.16112695466436838,6.810262172322265,1.2222383855448022
4,1780387225.472192,38.95557068952721,-3.8780709254165195,0.5718864526313276,3.4831413638826136,0.0,0.5070409466085711,1.2389040391246138,0.011120540270876552,0.050266413712323536,4.382538905063105,-3.5296849473121306,0.6186903648328634,47.856713373994026,-4.4125612232469145,-2.0133130462582716,0.7932749131678697,0.012384793092043225,0.11086408212548263,0.1619232978474568,6.847713554182839,1.2300784696091158
4,1780387225.522192,39.00478076099474,-3.795702203448382,0.5392101294775844,3.4826151828341776,0.0,0.5457770251101863,1.2786571907747413,-0.0032402991172148614,0.05167968286433701,4.419428936740927,-3.4455448712427956,0.5837947509320425,47.854293833928956,-4.447687823110548,-2.004189701972106,0.7460307009114358,0.014135893541543036,0.12822086576563604,0.1624651552566681,6.88307750361711,1.2388166022838556
4,1780387225.572192,39.06409069128745,-3.719805526691435,0.5071169167823515,3.4836826171301842,0.0,0.5330465725654655,1.3265692661481732,0.013977664986344658,0.048870079715636436,4.472559797207481,-3.3672352506225076,0.5509645080158365,47.85215285409637,-4.480846674039429,-1.9948985642006256,0.6996262462717897,0.014490905814996194,0.13093747288665886,0.16275901217131772,6.916436877761194,1.2477665854449818
4,1780387225.622192,39.123461031519845,-3.651811688862184,0.4807494800674239,3.484567964258626,0.0,0.4738307159197073,1.374530142212648,0.03750067839601363,0.04157122861074303,4.532646783283811,-3.2965189462838933,0.5256263217869055,47.850263205822,-4.5120569081533874,-1.9860973746389627,0.655440833628786,0.01359913407324498,0.1212435193525104,0.16284264066128973,6.947815199073345,1.256266440889119
4,1780387225.6721919,39.17268659041526,-3.592366955380659,0.4642242140822295,3.4847784838530043,0.0,0.3776251497388266,1.4142958050022867,0.00048518480785198805,0.03104240896449268,4.590608471276148,-3.2343193116573157,0.512293452430657,47.84858443726423,-4.541374915623971,-1.9783370038278143,0.6138125981770215,0.011550566589927619,0.10120250560815071,0.16277392005106017,6.97727536029981,1.2637589263525033
4,1780387225.7221918,39.203592584107945,-3.539127640420597,0.43842055785448913,3.485804304439498,0.0,0.25317649143494925,1.4392624554769529,0.014980556385942184,0.01865450710277001,4.625959221893677,-3.1792794492413083,0.48848142308109344,47.8470766622907,-4.568807231625934,-1.972003479651133,0.572029099131776,0.008719950360418357,0.07482594928181611,0.16261608270498823,7.0048305751994295,1.269851707227991
4,1780387225.7721918,39.20438734080536,-3.4894297083225045,0.3960476108681531,3.4857517265142146,0.0,0.12118046111446201,1.4399044802205683,0.021074693168645835,0.005980044994720053,4.624441340794115,-3.1295952038859323,0.44615875936967386,47.8457025734834,-4.594379415467723,-1.9672706805305789,0.5331009649979236,0.005577385521176814,0.046614223870812696,0.16242713902526246,7.030512562249527,1.2743649898816019
4,1780387225.8221917,39.168932933345424,-3.4341623454598262,0.3434661731910058,3.486607402364783,0.0,-0.017394926472819844,1.446235964897113,-0.0224865580864132,-0.006296852626417943,4.578375345574628,-3.0765196424093464,0.3912783042888117,47.84442332113789,-4.61820132325598,-1.96408680198073,0.4971089754853472,0.002571102570467478,0.02052765038992206,0.1622603298382992,7.0544372088045115,1.2773444008554522
4,1780387225.8721917,39.17666111356565,-3.3782117591412604,0.28177366694589345,3.486704749829743,0.0,-0.1456038863488111,1.4384522038418575,-0.0014697014548759578,-0.017923551471297393,4.585194257399855,-3.0201762582005784,0.3301114630661184,47.84323342597548,-4.6403318468642505,-1.9622736975808899,0.46133206297641915,-6.0401785509303293e-05,-0.001632603103779228,0.16211704611723443,7.076663936827075,1.2789672319857681
4,1780387225.9221916,39.21189697272517,-3.3274080397241685,0.21223981450262813,3.4858084619172733,0.0,-0.2639881081153613,1.4029629294643662,-0.054624822747278486,-0.028192990318505202,4.62547612128536,-2.9673157427013503,0.26284757887755905,47.84211487408475,-4.660855343196787,-1.9616152409563214,0.42920890192934374,-0.002219360075489417,-0.019394258269659567,0.16201820789967208,7.097279695997358,1.2794467463445178
4,1780387225.9721916,39.262476556493525,-3.2931166991847123,0.13496647303001338,3.4872130766253293,0.0,-0.35878049116235494,1.3520195788814167,0.0038242468888565403,-0.036016385605360794,4.688506149282672,-2.9296540962428614,0.18990906329665602,47.84104452065857,-4.679864205227316,-1.9618698206916718,0.39745275000847935,-0.003792304230495351,-0.03221618503693559,0.16199331337219497,7.1163803399506875,1.2790208648073458
4,1780387226.0221915,39.32445756043243,-3.2723776753996257,0.05461504366964964,3.487328120736679,0.0,-0.42593575894113667,1.289592809463862,-0.011288153134543887,-0.04124497661855016,4.77033474606822,-2.904121527797012,0.11601365404872643,47.840007636976516,-4.697512447095149,-1.962750466724474,0.3716259683414742,-0.004760468327228419,-0.04015937456278507,0.1620515454628782,7.134121597294364,1.277974208104113
4,1780387226.0721915,39.38190605233896,-3.2697968990672086,0.00033123405079829235,3.487944348313637,0.0,-0.457899816356989,1.2317311497661427,-0.017136386266324317,-0.04280531385908796,4.855496789895179,-2.895930868952762,0.07031057484168146,47.83899038377734,-4.713992564092512,-1.96400158244742,0.347860854914326,-0.005153181378970052,-0.04377539674164177,0.16219707007101491,7.150697350983998,1.2765601620667777
4,1780387226.1221914,39.42912135264582,-3.280911127085354,-0.03508643244165932,3.4889843573484765,0.0,-0.45329573754477615,1.1841762784681185,0.028506341911194617,-0.04114511998886039,4.9127471270033976,-2.9029855390945616,0.037757984767148756,47.837995584273806,-4.72941558337944,-1.9653488531624757,0.32626117878995825,-0.005023444391457536,-0.04356755557413703,0.1624132575924378,7.166217539061407,1.2750534974180932
4,1780387226.1721914,39.43426734662664,-3.29950008308337,-0.0711372805395684,3.489070284716209,0.0,-0.3908562891630619,1.1932691115521952,-0.0001283792157914269,-0.034365793451530645,4.923512453926402,-2.920832360555715,0.003007799415844392,47.8370266554118,-4.743942345060932,-1.9665692758061741,0.30890610713338384,-0.0046036288156988394,-0.04150027217824739,0.1626775933330462,7.180841576528015,1.273677769020705
4,1780387226.2221913,39.443060041652075,-3.3227882953518955,-0.12320506979426046,3.4895098971774576,0.0,-0.3033384175986499,1.1747387772874518,-0.0010548138934378844,-0.025033724261830162,4.944486838774338,-2.9425969837491053,-0.04589655190385944,47.83612388842935,-4.7576762534448935,-1.967367936039126,0.2910158096026552,-0.004350855138508158,-0.040100595850273466,0.1629086031285285,7.194665339563212,1.2727343572362564
4,1780387226.2721913,39.46992158438686,-3.352255247215461,-0.17764057880248607,3.4889988555545997,0.0,-0.19020440692542262,1.1188597529608073,-0.006963483338985427,-0.014080971491616547,5.03018272554587,-2.964825855197999,-0.08336844631929718,47.83527146935031,-4.770642830226866,-1.9676731620908279,0.2743538535330724,-0.0048488062530115655,-0.04193617293809886,0.16313073064096334,7.207716935937306,1.2722924076951667
4,1780387226.3221912,39.52427646264768,-3.3918811067935764,-0.23161587420738222,3.4871949290696036,0.0,-0.06385276562811008,1.0248899686017565,-0.045683991325732615,-0.0023374844033079633,5.162914309542055,-2.9904471627619347,-0.11511802807460736,47.83444642588723,-4.782908288751751,-1.9674476991312344,0.25909280992215783,-0.005741516440316678,-0.04281260063226023,0.16337722500806806,7.2200662124584465,1.272385496600899
4,1780387226.3721912,39.5843215855337,-3.441763400207142,-0.2906609056646985,3.487006489779924,0.0,0.053464091080523704,0.92108277723361,0.001475135281746082,0.008174676775692509,5.271933531251339,-3.0273121233736693,-0.16139266184852508,47.83362528210661,-4.794508666663358,-1.9666949206091264,0.243961955476923,-0.006174951448129401,-0.036217547161637546,0.16368544202782054,7.2317530761633755,1.2730064862490416
4,1780387226.4221911,39.62893477283383,-3.500156397427088,-0.3527026633320289,3.4858042894104755,0.0,0.17351953369758005,0.8357333002838331,-0.01028031652169284,0.018879768087410535,5.367012056932289,-3.0732756530354317,-0.21093536018537806,47.8327919352902,-4.80554160226969,-1.9655004382767227,0.2331023920824268,-0.00596139304909151,-0.02228879742157728,0.16407393680934101,7.2428774616386455,1.2740671798742076
4,1780387226.472191,39.66600506994164,-3.561217714255171,-0.41335339955576533,3.4854658647557324,0.0,0.267882782952161,0.7684402751677376,-0.025862460965281015,0.02672462658494034,5.44884116389075,-3.1228916283138655,-0.26121648242810513,47.83194996402998,-4.816126360270404,-1.963830675476594,0.2230970478455766,-0.005437709242581383,-0.0050051175533637506,0.16452459156773186,7.253557418936209,1.275601727094429
4,1780387226.522191,39.71239391497858,-3.6281093215552027,-0.46599802522320743,3.485349102338133,0.0,0.34081172824124595,0.7041482959776447,0.005320912831610347,0.03252051626075537,5.555257021879921,-3.1735588802102543,-0.29977060784314036,47.831107698477524,-4.826285693071975,-1.9617979055595176,0.2134439118789755,-0.0050432978117616,0.010266261058589684,0.16502033878272826,7.263814129645893,1.2774991916565943
4,1780387226.572191,39.746383899668984,-3.694774055166194,-0.4754310536741696,3.484855789180288,0.0,0.3720870961072537,0.6759334770302484,-0.03214561818219463,0.03381400258242375,5.639919734776722,-3.2265340744748547,-0.2981768356036465,47.83025823036784,-4.836082050421963,-1.9594973002850633,0.20633681887120522,-0.004734022898735713,0.022374650810005402,0.16556706915898517,7.273710917601112,1.279663307313795
4,1780387226.622191,39.79692093832763,-3.758646996240832,-0.4741586534205723,3.4838236772935174,0.0,0.3608293143689789,0.6242191207533049,-0.03305551940273776,0.031720707914829116,5.760296358594514,-3.26895361812555,-0.28081416518675084,47.82942511519714,-4.845532226350479,-1.9571426796006213,0.19791361464481025,-0.004663202104929546,0.029180409859846854,0.16612117816106975,7.283260388984731,1.281884072491554
4,1780387226.672191,39.84132283886824,-3.8275630033414787,-0.4980021868245023,3.4827411284954275,0.0,0.30868408636693734,0.5680154510546673,-0.026302682641860354,0.025916454637523335,5.887534020128161,-3.3131767685161724,-0.285853618175814,47.828580804485185,-4.854613164521405,-1.954921656269684,0.19021731806790115,-0.004786780436926099,0.031537426847279434,0.16673349065023824,7.292444350040204,1.2839694493348972
4,1780387226.7221909,39.89518941056758,-3.899218801061843,-0.5203899323991983,3.481222460533814,0.0,0.21321240374710357,0.5092925564614758,-0.028201454693183668,0.016344620691809954,6.040146616619889,-3.351958688173115,-0.2858857142925322,47.827705937811984,-4.863355664689964,-1.953034254234332,0.1836013238531148,-0.005096063785667237,0.03034103237217511,0.16743524075948207,7.301296782100857,1.285716304051138
4,1780387226.7721908,39.96072597892222,-3.9744292422428265,-0.5460872879376812,3.481941560621905,0.0,0.09497316129440965,0.4518856846437302,0.022480958495710614,0.004459106455511584,6.222863343321617,-3.3833471026922415,-0.28518828512052874,47.82677837876569,-4.871786324797765,-1.951688743628468,0.17758669051408285,-0.005478555029706223,0.027031086155002087,0.16826311053284432,7.309847954965557,1.2869128115009438
4,1780387226.8221908,40.01866127564162,-4.051394090856604,-0.5755352150717862,3.482351154447795,0.0,-0.04738300228713236,0.41134134937192146,0.03093643792049602,-0.00906542282934451,6.396609341625783,-3.4145476365859118,-0.2894848620126491,47.82577229084032,-4.879982183397801,-1.9510164976798907,0.17471026351644167,-0.005687040790098458,0.023803914945782403,0.16925559306890126,7.3181789669524,1.2874234501007749
4,1780387226.8721907,40.04298464215954,-4.131821710439449,-0.604011671209052,3.4837564444274904,0.0,-0.18094232363404275,0.4004439902660775,0.007201351254280839,-0.022792560355784718,6.487223063588409,-3.4713151275905783,-0.3066850271422914,47.824683986083286,-4.888025310421589,-1.9511093383912708,0.17266233431354314,-0.005417445880698975,0.022827393957017498,0.17041150839027835,7.32637208979051,1.2871558081193637
4,1780387226.9221907,40.10317394041115,-4.215969073012633,-0.6311651709117291,3.485793733057942,0.0,-0.30964087162652165,0.3627593606241742,0.061885147175069974,-0.03440532464916231,6.678246340348551,-3.498300703522533,-0.3066640870897235,47.82355771981968,-4.895904258701506,-1.9519721592734407,0.16959615438963666,-0.004675228949937459,0.023936725772375083,0.17165350473353852,7.334408258120348,1.2861121023661841
4,1780387226.9721906,40.188413802378015,-4.31272614205371,-0.6681595939233989,3.486396367924508,0.0,-0.4392247975538057,0.31868578600087016,0.006532970422964187,-0.04633801593308307,7.001673707704381,-3.48299466728907,-0.29117938850308667,47.822334768277265,-4.903670239813802,-1.953474083220052,0.16963450577300954,-0.004181262690598495,0.02217995299780645,0.17308118936027828,7.342348506166284,1.284413781105636
4,1780387227.0221906,40.26461337252206,-4.405956964611857,-0.7021204018767098,3.486968415362025,0.0,-0.5383592705170739,0.2843889585543459,-0.002958592991093939,-0.05431819155565104,7.239852552405111,-3.484982317569155,-0.29232959358477295,47.82098216243559,-4.91133774131398,-1.9555939239078837,0.16728501950633132,-0.004615736196470091,0.013059608473498673,0.174752153864006,7.350212836128929,1.2820767406617293
4,1780387227.0721905,40.308860397313644,-4.510316409045413,-0.7300468979731063,3.487110875171981,0.0,-0.5928791959771748,0.2670026206345351,0.006959639466389795,-0.05721053622255523,7.3989023562560465,-3.5283694987153984,-0.301553457372147,47.819525333310146,-4.918859717041676,-1.9581437146616534,0.16477488998613696,-0.00533117672630435,0.002502171324693544,0.17662599264526752,7.357949947862723,1.2792930365540336
4,1780387227.1221905,40.35301412236935,-4.619682221874383,-0.7526137664602934,3.486845242338951,0.0,-0.5985467965215335,0.2567435612060038,-0.024839593126672534,-0.05536075348929702,7.564337918032278,-3.571643211441475,-0.3049952179812294,47.81801578692438,-4.9262636330749086,-1.9608745607525708,0.1629488052078002,-0.0057134380463732355,-0.004526814831378289,0.17860852717102732,7.365578270168395,1.2763198371949036
4,1780387227.1721904,40.432512563261874,-4.734310141721016,-0.7762798733628592,3.4874652060621583,0.0,-0.5572492510006581,0.2334715052495429,0.0025250677063690732,-0.04984116142380042,7.838064358176999,-3.5623085078306644,-0.2924670010095598,47.81649115724786,-4.933547021968072,-1.9635326210535904,0.1596672986284137,-0.005682508188594018,-0.007342521191991117,0.18063295560493398,7.373088865060609,1.2734170273903116
4,1780387227.2221904,40.51449105470631,-4.857593602938957,-0.8013025877941677,3.4868182761119377,0.0,-0.4778843413276704,0.2118666100074782,-0.01332025477506301,-0.04132132391123221,8.20610449597793,-3.4972201268330125,-0.2610266775142889,47.814916991423864,-4.940726030593927,-1.9659244449739033,0.15797736948394345,-0.0053622017699847075,-0.0068782337168706385,0.18275920204295626,7.380503648040108,1.2707725286141986
4,1780387227.2721903,40.56835287144454,-4.982819748807106,-0.8214862278426338,3.4864885000208763,0.0,-0.3530280358359886,0.19970563223722793,-0.033079525302827054,-0.028271950385937772,8.49001762089652,-3.4666977008685675,-0.23999238828343383,47.813301599147515,-4.947834511124509,-1.9678811782748704,0.15568136827433193,-0.004934984180325919,-0.004326799223920633,0.18496930444145937,7.38785484656748,1.2685565312495362
4,1780387227.3221903,40.59811553493699,-5.111912253727003,-0.8373238248198195,3.485227581162157,0.0,-0.19675588124723253,0.19432197758355482,0.003019580646174788,-0.013058567519790083,8.680515250785984,-3.494035182969762,-0.23344691694429986,47.81170574335202,-4.954855174876758,-1.969142895901762,0.15249886171788543,-0.004724496808545699,-0.0013149949589451454,0.18715638714477584,7.39511489632512,1.2670387131124565
4,1780387227.3721902,40.668349826802455,-5.24311728948939,-0.8529753152257882,3.483216261252622,0.0,-0.033966718265383396,0.18080878377403153,-0.06181142630242711,0.0020578839369563874,9.030441210296704,-3.4013389109102543,-0.19749024700429807,47.81016514037862,-4.961819089107494,-1.9695732130918715,0.15116714003702925,-0.005147802180700557,-0.0002838277389472356,0.18925352645845217,7.402308696798773,1.2663611887105635
4,1780387227.4221902,40.74233972039717,-5.376267992448661,-0.8669375400769251,3.4828076708385414,0.0,0.11806417428464538,0.16819893822574217,-0.0035185547132914018,0.016119452472157486,9.390454547889078,-3.280459442928391,-0.15839384580727822,47.80866020867122,-4.968696729024893,-1.9691873550558685,0.14673342838997902,-0.006068094678710299,-2.7613825160654603e-05,0.19129831223648952,7.409410212422649,1.2665055884294683
4,1780387227.4721901,40.793850605576054,-5.510533829143214,-0.8768163020209768,3.4819057586543107,0.0,0.26188063550674623,0.16039222137212847,0.002560399371080529,0.029510152365539558,9.666718407231796,-3.2144479641705814,-0.1317483788275906,47.80719402724949,-4.975480779012522,-1.968085323822266,0.1453504720147159,-0.0063756501798899684,0.006416586434108713,0.19328574196478482,7.416411669775847,1.2673724024055213
4,1780387227.52219,40.82460084520843,-5.642171619011158,-0.880121792347704,3.483045908444623,0.0,0.3878068216651507,0.15608807491673196,-0.004747940974680405,0.0408355567096739,9.8677262202865,-3.2058472985016695,-0.11328196326496176,47.80576617226646,-4.982245211973955,-1.966332998441089,0.14432217437884529,-0.005560735133091921,0.02035431718462083,0.19520947088230362,7.423386819690206,1.2688956817281332
4,1780387227.57219,40.89998353586941,-5.773207716361101,-0.8824635147576212,3.4841183977044787,0.0,0.48218441665044837,0.14761106193008272,0.0366193219613172,0.048141921337790806,10.228810628249189,-3.0255408961725547,-0.06194031642812181,47.80438657735771,-4.988987066044261,-1.9640008717459119,0.1429458870085069,-0.00433181454349457,0.03483492903091198,0.19705183721570935,7.430331079230367,1.2710065250145748
4,1780387227.62219,40.982859765730396,-5.903137678298146,-0.8902607725232068,3.484492612343461,0.0,0.5237183898248643,0.1402214528805312,-0.010520511938610266,0.050011136961938395,10.611123336019734,-2.7869020284189396,-0.010003773444232866,47.80301745345433,-4.995740191975896,-1.9612690486803144,0.14369918079747207,-0.003303331591998477,0.04531644318630138,0.19887729492175343,7.437284528097786,1.2735187647051864
4,1780387227.67219,41.040184011314835,-6.0396308767421285,-0.8972386885908462,3.4854292304723415,0.0,0.5004142520911968,0.13633475909117437,0.006723919497612391,0.04630361288056089,10.906952445587768,-2.6330476934241682,0.024378462119906352,47.80164313459557,-5.002488551804396,-1.9584174064376891,0.1421661982076099,-0.002757832410036822,0.050368858362090686,0.20071541859676806,7.444233828017082,1.2761500109330006
4,1780387227.72219,41.07913595818783,-6.157344629180425,-0.8985228407479044,3.4850039785016795,0.0,0.44331622657938474,0.13652227531385863,-0.008022884750830796,0.03952758071959744,11.095815937088158,-2.576373211867549,0.04264403727010979,47.80026124206816,-5.009186270744182,-1.9557493001185005,0.14154435035773422,-0.0027124030845744633,0.05052180119196616,0.20257474072161807,7.451133692749657,1.2785965274055426
4,1780387227.7721899,41.164958709467726,-6.282192660907273,-0.8999561690325196,3.4838566206179933,0.0,0.32394182817020595,0.13297912299119283,-0.034266588289979805,0.026351158873350402,11.500112373456012,-2.199987181473357,0.1139451014299313,47.79887264245279,-5.015828105176355,-1.9534391185702864,0.14019111211533697,-0.002950122476360406,0.0479248696346258,0.20445417852550285,7.457978745660954,1.2806840645449515
4,1780387227.8221898,41.25400640392284,-6.4058437176052845,-0.9072591051198703,3.4833639087334936,0.0,0.17280260798349872,0.12940151503422093,0.007610025595581204,0.010426105439033797,11.898323045629455,-1.7504193479244383,0.1852685352756951,47.79744199263424,-5.02234850560791,-1.9518485039662012,0.13754745683623007,-0.0032335653664950638,0.04397218322783189,0.2064232853857058,7.464709586358529,1.2820453144590465
4,1780387227.8721898,41.31140535743925,-6.530418565502018,-0.91951080061235,3.4828225217692466,0.0,-0.0018599406301268023,0.12837760963943678,-0.011181090198529735,-0.006702772159889112,12.182429292163906,-1.4506663984607853,0.22502731179711422,47.7959471490521,-5.028754277592753,-1.9511443927136483,0.13701542489670343,-0.0030790200743832092,0.04211281125945895,0.20852130250636797,7.4713366189056325,1.2825097931197833
4,1780387227.9221897,41.35204875324812,-6.655359251783719,-0.9278169922247956,3.483787882919996,0.0,-0.17601342647910753,0.1269229869062215,0.006679812352586776,-0.022071923385285144,12.435543567751317,-1.1751646824877946,0.26404993577516445,47.79438290638981,-5.035062887927807,-1.951396434701727,0.13556997268278304,-0.0023796448630695483,0.04283831778492602,0.21075610143682905,7.4778780240824885,1.2820070194396997
4,1780387227.9721897,41.43272233939296,-6.781851610945451,-0.93433915868236,3.4830195967130213,0.0,-0.3293151301851885,0.12158152005243508,-0.008703349529764395,-0.035196096075666455,12.76449293307601,-0.619977948728804,0.3397363610675441,47.79275445223259,-5.041275386919239,-1.9524702969425267,0.13505848816127827,-0.002175836193155254,0.038910619882637915,0.21311837391486432,7.484333906349711,1.2806721613081793
4,1780387228.0221896,41.5135401688451,-6.911117838440356,-0.9470784008354286,3.4823812432998875,0.0,-0.44851589777952594,0.114834867286193,-0.029648147991505426,-0.04448193092195493,13.060394142300282,0.009308503957634606,0.4150244438668613,47.79105106889759,-5.04740260061975,-1.9542042976141598,0.13380989781236927,-0.003017706003137219,0.02728027697808972,0.21562654557001198,7.490716731223786,1.2786651864806533
4,1780387228.0721896,41.55778500005589,-7.043745957767926,-0.9655590472561528,3.4803191740334967,0.0,-0.5363774609865366,0.10906467047483595,-0.018081475325984798,-0.05126502373773122,13.26484773705668,0.38611946127834007,0.4486367072835469,47.7892853884065,-5.053414551742425,-1.9564315902709477,0.1315607777855618,-0.0040412540526046726,0.015166170103733315,0.2182607137840863,7.496994468313442,1.2761549695103813
4,1780387228.1221895,41.602078601929854,-7.180095762985541,-0.9812817154038683,3.4791847034734156,0.0,-0.5737132377686093,0.10291201200487765,-0.026072433607100987,-0.05240241179118876,13.456054616659312,0.8004375472482602,0.48792620313663404,47.787471104173285,-5.059309157578661,-1.9590352729613325,0.1299415261401412,-0.004898687532990537,0.005081447867479131,0.22099644866055085,7.503162707095708,1.2732606096707775
4,1780387228.1721895,41.68277238074202,-7.3202973896963455,-0.9929139550454957,3.47909674116833,0.0,-0.5537297693059681,0.09550671680874256,0.029560886529942453,-0.04949992303981337,13.637519333748035,1.5882830735304587,0.575031122759901,47.785625678617286,-5.0651109205019065,-1.9617299268942634,0.12799134648417965,-0.005250823553771205,-0.00022732434083566708,0.22380006358063131,7.509242918312589,1.2702703258291868
4,1780387228.2221894,41.76232547092109,-7.46211065956519,-1.0072671751205553,3.480514394883142,0.0,-0.4950660261926617,0.08917868223323507,0.049369125125598115,-0.043254503440218736,13.740273504085117,2.414120446814185,0.6609105579687018,47.78374315720553,-5.070891453265444,-1.9642914397863682,0.12888600101676378,-0.005203152205228634,-0.0016506082053089654,0.22667586030584708,7.5153073435768665,1.2674072783974832
4,1780387228.2721894,41.82378195791666,-7.610792709870267,-1.0241603831952473,3.4842419218004035,0.0,-0.39351963407524637,0.08549012104493138,0.08815308626527332,-0.033061817332946934,13.798403400382988,3.08154739511988,0.7225675730813115,47.7818206661568,-5.076751673296532,-1.966529515323653,0.13080710611893526,-0.004905340535074065,-0.0002634570074965298,0.22962005481379177,7.521456905513466,1.2648613057072051
4,1780387228.3221893,41.84710687639054,-7.7578720791962645,-1.0367968191095256,3.487040221222278,0.0,-0.274393213178605,0.08416543436359432,0.06632667977027026,-0.020792141617619726,13.897148423362552,3.346651685930972,0.7383453825859445,47.77987639191107,-5.082774154962571,-1.9682182445753957,0.13466702735356234,-0.004561352910117684,0.002801355366456252,0.2325927386700129,7.527770860899857,1.2628612018637018
4,1780387228.3721893,41.90613237526936,-7.91144713882776,-1.045037822295943,3.4886259825718158,0.0,-0.12832808407209695,0.08103918073432699,0.030416804386475205,-0.007391496783358276,13.878613411286276,4.054476675610005,0.8108204193020994,47.77793467792296,-5.088985779316221,-1.969231036393344,0.13741157325464448,-0.00449914139967617,0.005494235849383425,0.23554893820060874,7.534272138028787,1.2615372176214779
4,1780387228.4221892,41.97207052005471,-8.063052953750791,-1.052755574179494,3.488221828121988,0.0,0.013932236003109399,0.07863141428385334,-0.008323174784025354,0.0061548217297908245,13.791199576608212,4.785569914170103,0.8850868431955616,47.776013546319604,-5.095324115109023,-1.9695006867498996,0.13836436411847444,-0.005007703338281028,0.006132092608408023,0.23846199901578563,7.540895684409163,1.2609593974813063
4,1780387228.4721892,42.02560402196828,-8.214519646398353,-1.0592440751110979,3.4856879080776255,0.0,0.15700377018394712,0.07771705472444693,-0.04850019367063787,0.018851013018370198,13.672535019732418,5.448134616019997,0.9526234825080291,47.77414952218314,-5.101703902519696,-1.9690236921462543,0.13740964989467777,-0.005890470107545286,0.006212753523642616,0.24127327865148196,7.547550728512018,1.261137120469674
4,1780387228.5221891,42.056652647595705,-8.365867483739207,-1.0585409209895769,3.4833997976721833,0.0,0.2818223566262944,0.07837838692493615,-0.030772820847420966,0.030869379394979787,13.635954039640893,5.860691420799077,0.9960899974762301,47.77237681956141,-5.108030252809719,-1.9678843843339295,0.13447373718879907,-0.006170261278730736,0.0117098886327639,0.24392881533551453,7.554137324548398,1.2619915786087477
4,1780387228.572189,42.10967552522615,-8.514985998275373,-1.0548287652525825,3.481319224849317,0.0,0.40528654342687215,0.07768963927342927,-0.018739176113098673,0.0418391681690375,13.428784635860383,6.521202280820147,1.073632298892674,47.770708678607335,-5.114273866240267,-1.9661479647805455,0.13241489746080928,-0.0054377654054232035,0.023599733576709078,0.24640662945870123,7.560624258805728,1.2634597365848768
4,1780387228.622189,42.18160274485821,-8.664738872720308,-1.0512081723107392,3.482175768426955,0.0,0.49601329665071986,0.07559528043903238,0.007695325694140113,0.04896338354169536,13.078768287747355,7.295076944050647,1.1662369198023477,47.7691239502806,-5.120467358622954,-1.9638479959395494,0.13094703952949782,-0.004224844355224916,0.03684841473425279,0.24874170949406949,7.56704750278032,1.265504665999087
4,1780387228.672189,42.25378079912194,-8.811930121548107,-1.0469470338530318,3.4836429797964996,0.0,0.5466025266529945,0.0726804655426414,0.06426430645112181,0.05248467171301301,12.572512605016087,8.127943071342635,1.2725453369839217,47.76758613503567,-5.126648260085803,-1.9611550238370616,0.1308162862841659,-0.0031877563345711207,0.04669604237249718,0.2509967224329912,7.5734503435582665,1.2679499699603642
4,1780387228.722189,42.288243630983345,-8.957092633552717,-1.03726552035395,3.485466327881362,0.0,0.5628184274629748,0.07038152435376607,-0.010726334085782531,0.05286679535096398,12.41689667507125,8.497988757020902,1.3204801919368396,47.76604522911127,-5.1329053546617915,-1.9582568137822882,0.13353849360600312,-0.0024924605547257885,0.052663826490140654,0.25325473254428676,7.579929233327748,1.2705998375456655
4,1780387228.772189,42.34130624002151,-9.095162174963102,-1.0237215330075562,3.4879568816168476,0.0,0.5403866531042469,0.06718318909032768,0.04866279253924309,0.049193242933462764,12.079013551765556,9.004802823852192,1.393878946001017,47.76449494266522,-5.139210699466495,-1.955325736116583,0.1325351809382691,-0.002133965417000873,0.055330629206116776,0.25552970486174564,7.586457335012886,1.273280882536751
4,1780387228.8221889,42.43862049912826,-9.250732551753785,-1.0127465265913225,3.4881745468181187,0.0,0.476951321086306,0.06259583392426522,-0.010039521038093746,0.04294424554411197,11.299425182343256,9.817464945394772,1.5159115158649108,47.76291300413924,-5.145537518555817,-1.9525833629326113,0.13453079529164694,-0.0021427964346115835,0.05472592952271207,0.257864666383048,7.593011498973738,1.2757679336941923
4,1780387228.8721888,42.513030087335856,-9.378289872760833,-1.0043664699080879,3.4884207273588475,0.0,0.41007138403714916,0.0593933799092143,-0.01597164093658876,0.03556457803188728,10.531503357612362,10.453912768878897,1.622544000284453,47.7612736739649,-5.151880382440252,-1.9501775217726633,0.13362043870566612,-0.002384312687336393,0.0520250518961991,0.2603072536543538,7.5995903592807945,1.2779089933210912
4,1780387228.9221888,42.56849544880623,-9.515202516144216,-0.9932247251682023,3.4890782219989553,0.0,0.31359306627765715,0.057390565158529465,0.00609264528136106,0.026320067356674463,10.159769069484511,10.80795437113943,1.6801973238340295,47.759598621855986,-5.158161198574204,-1.9481748671326171,0.13243149214383715,-0.0027239759987810223,0.048397847319369,0.26282490197897257,7.606112631278275,1.2796408899801053
4,1780387228.9721887,42.62789362699642,-9.650839383089457,-0.9821738229450977,3.497389932860745,0.0,0.21398482533194857,0.055078922934906835,0.20544335565628769,0.016686894412954536,9.517310095547202,11.252797998006981,1.7653730278395852,47.75787595073088,-5.164392802724381,-1.9466801403984608,0.13234894855030513,-0.0030269247703062544,0.044701666690272646,0.26543840461573287,7.612592933830011,1.2808569435715658
4,1780387229.0221887,42.71668465798475,-9.78481397664162,-0.9743314195018746,3.5017313018061187,0.0,0.11594003418425558,0.05097646639522642,-0.011107825981189798,0.007959545792122533,8.73919131286095,11.68191927638862,1.8545084514740715,47.75601851150442,-5.170829463861314,-1.9457165420999634,0.14222438930152226,-0.0031341661308646918,0.04201711504012368,0.26828576541796145,7.619298244527552,1.2815198199132878
4,1780387229.0721886,42.780503746415654,-9.92118748773575,-0.9704501905043696,3.4851691510706164,0.0,0.027080381030490402,0.048209004866046526,-0.4669892161618382,-7.8461701705082e-05,8.237520861989704,11.972442898223145,1.9091035602222384,47.75401761810512,-5.177451066450588,-1.945242847616225,0.1412844370283505,-0.0029469699915770533,0.04104587384441134,0.27138553364608015,7.626209733726686,1.2816692794835376
4,1780387229.1221886,42.85010786340756,-10.054700387106179,-0.9665033257854349,3.436186964805573,0.0,-0.03452505616599457,0.044063906627435284,-1.2822608254096917,-0.005884128872281772,7.758402648784944,12.226654458091511,1.9587197631683866,47.75212696618375,-5.183476236347072,-1.9452348813114049,0.11760428925538836,-0.0024911002854859157,0.04180388877136555,0.2743396227215168,7.6325090193761165,1.2813706009066994
4,1780387229.1721885,42.93169024414493,-10.185319900693758,-0.959275624201813,3.3342703718512383,0.0,-0.06279940319006455,0.038696769274881596,-2.32400947637811,-0.007530449544347198,7.364585735023571,12.438850845001255,2.000183104369345,47.7508218061882,-5.1874350770601305,-1.9455888019995353,0.05329411470530507,-0.0020613717338524773,0.0431134844782305,0.2763988814647953,7.636657439749102,1.280804840907269
4,1780387229.2221885,43.02624000193943,-10.311179825665345,-0.953841798026738,3.16988523938993,0.0,-0.05542520077471312,0.03260336186167438,-3.6578467416978997,-0.005065118404594274,6.736116674687223,12.66409586606576,2.0603783662578916,47.750830425494165,-5.187179503123989,-1.9446850361633097,-0.06289143926093485,-0.0016419908531400715,0.05453788548879052,0.2764047071704491,7.636401439310865,1.281710006151397
4,1780387229.2721884,43.08007795863981,-10.427249137015904,-0.9519769634095606,2.958427882197742,0.0,-0.0008167316811297856,0.027556883203746815,-4.530385930077601,0.001140061532306465,6.403071504399433,12.818765185891836,2.090649838679986,47.753169913438725,-5.179967613052076,-1.943875085096266,-0.24553601489080196,-0.0016017297283861837,0.05414109899947505,0.27272514545037085,7.628849933215204,1.2828995856961827
4,1780387229.3221884,43.13198139392148,-10.5378959840728,-0.9490974953455187,2.7022642997026236,0.0,0.0732884399689724,0.024533145299978378,-5.375726849993082,0.01209961694320998,6.103731573296382,12.955808127651427,2.118158722248947,47.75881790634621,-5.163240227473731,-1.9431644283098235,-0.4715681237821149,-0.001470074012504454,0.05340819627330701,0.2638148671180267,7.611296077907424,1.2845250613649863
4,1780387229.3721883,43.2149391379714,-10.635568942967359,-0.9412881483288411,2.4224340283533987,0.0,0.15698911667303703,0.021521107480967677,-5.678255348618667,0.02688904881925958,5.658923603043758,13.078945552220539,2.160743585042498,47.76853032887183,-5.135005788230602,-1.9425667055611107,-0.7396212591654489,-0.0012522779694809708,0.05261275798502209,0.24854772754254523,7.581624979070666,1.2866903733532054
4,1780387229.4221883,43.29000198507804,-10.721928562032174,-0.929506241922583,2.155702731560911,0.0,0.24839536337752036,0.020125250267134152,-5.186532203246242,0.04647753742592203,5.2989024190081695,13.174703644128154,2.1994336202170235,47.782675276351014,-5.093851504991255,-1.9438700824121593,-1.0221859775208948,-0.01788416611779992,-0.05617812120271723,0.226541061238838,7.538348573482943,1.2876576040472365
4,1780387229.4721882,43.337444128607856,-10.798359166929412,-0.916162647585621,1.9222533287895969,0.0,0.34888604945204976,0.021161713885987893,-4.32866868128492,0.06986579550437187,5.087956474529043,13.252190913121517,2.228008691272211,47.800750248021565,-5.039849061167316,-1.9506621440788938,-1.2794899150471266,-0.04094696595140174,-0.164679084796235,0.19885436320207556,7.481582751316151,1.2837620943691341
4,1780387229.5221882,43.375016999786304,-10.867111551120505,-0.899925568807772,1.7564705516811594,0.0,0.45090938985514784,0.02162268788109337,-2.874569175388956,0.09327073087888445,4.927217786402844,13.31961837292108,2.2555638145921577,47.822303132923984,-4.974722018645474,-1.9647671699923641,-1.4930496901011299,-0.05488483721160598,-0.3451427525403997,0.1663064567692003,7.413076587516216,1.2731156141385522
4,1780387229.5721881,43.41319512848707,-10.929966426131246,-0.8739102277673645,1.6506008668031749,0.0,0.5490514554501327,0.021645770730502417,-1.7968605732131664,0.11786437888680157,4.771339819439794,13.379481275217076,2.29227045362928,47.84716198186771,-4.901505616271653,-1.9879687222259779,-1.6324860776334085,-0.08524927773185755,-0.5253754122929614,0.12916341352669164,7.335842895995093,1.253900091086395
4,1780387229.622188,43.45871727912973,-10.988876530866229,-0.8392853761677974,1.5997354977974598,0.0,0.6549883933693625,0.02182700896062532,-0.6451510704749672,0.14158154167820503,4.59650863646382,13.433095407207931,2.338538136027779,47.87461021017974,-4.823286183394004,-2.0184427350876546,-1.716758286186221,-0.124925411868709,-0.6698458863449914,0.08876470567966877,7.253057529097834,1.2277872360911912
4,1780387229.672188,43.49237144954174,-11.045746445521472,-0.7986581278222024,1.6089866306537897,0.0,0.7713157990530091,0.022105180835563034,0.5737382120413979,0.16326156915366088,4.473345165348912,13.485056102506666,2.387091273202312,47.903686557992536,-4.742662811550285,-2.056186705634964,-1.7414945667063948,-0.17352092940240885,-0.7786850615049171,0.04665763193515893,7.1674514908223514,1.1946275616953388
4,1780387229.722188,43.53104120327011,-11.10122332625639,-0.7520857048754649,1.6626092584210561,0.0,0.8911079308211117,0.022612630383090436,1.2130470517984697,0.18229784628926596,4.33966295038216,13.534128468077364,2.4420156844402854,47.93364883433287,-4.6625159345926175,-2.097624848715045,-1.7044856857727293,-0.2178513803577401,-0.8167946951049081,0.003760343867149518,7.081996846809103,1.1579067132037473
4,1780387229.772188,43.58667161339463,-11.156890825793019,-0.6965201295826483,1.7364374314402513,0.0,1.0319291973821096,0.02305069671643189,1.6828508606920922,0.19991672264628035,4.16085311361115,13.579516083840733,2.508386602240524,47.96384963240053,-4.585062283696132,-2.139234686805518,-1.635078195155009,-0.25509255020452487,-0.8202617631563985,-0.03893480498357982,6.999028552951778,1.1210188408746218
4,1780387229.822188,43.664502824232265,-11.211777005627104,-0.6333809077528527,1.843309283971909,0.0,1.1951399147576303,0.02308509586438658,2.3523594579102896,0.21679419834509092,3.941848614994609,13.619275959051878,2.5838542952306076,47.993535324101096,-4.511469778894511,-2.181039355247881,-1.5410062655823722,-0.2891464060349737,-0.8245217762189486,-0.08026304841777548,6.919871016686178,1.0838075555653894
4,1780387229.8721879,43.73028741869064,-11.265773220152742,-0.5649833974129227,1.9709158793701054,0.0,1.3717278218411373,0.02287998052603986,2.6080074078406317,0.22961218421340868,3.7547193828102285,13.658270818159966,2.6627141128031386,48.02187818394406,-4.442862841199301,-2.223044888761914,-1.4124807511615214,-0.31876890703219146,-0.8294744246131085,-0.11924843418020054,6.845804609650964,1.0461804511547914
4,1780387229.9221878,43.79786289728285,-11.317595411779065,-0.49000334610282553,2.124170090820685,0.0,1.5577324986067493,0.022237760946649185,3.0925735445071934,0.240776526975958,3.6053519875608364,13.696878233697266,2.7445789678645944,48.04809108841395,-4.380082707514248,-2.265253317522104,-1.2703785289700562,-0.34285887992637615,-0.8348013945544674,-0.15481637396897702,6.777855580590003,1.0080164143434427
4,1780387229.9721878,43.85346039004735,-11.36592037709143,-0.409292758963294,2.285604690410413,0.0,1.7497385564146708,0.021397452043288058,3.0394526100495978,0.25004979752902773,3.4968570958885525,13.73506080951696,2.8295904379026995,48.07145515559002,-4.3237195405097815,-2.3076524483240837,-1.1035221769197348,-0.360465680326131,-0.8402746250525497,-0.1858991335998597,6.716813413877848,0.9691938991234785
4,1780387230.0221877,43.956786602594136,-11.408170903376245,-0.32679079712058273,2.4273179925699186,0.0,1.9177927242960433,0.020336875450804013,2.7759397120315334,0.2563324749946315,3.348141605586653,13.762673611489937,2.9157743404313967,48.09141035287023,-4.274028884796276,-2.350229856360659,-0.9390824747078157,-0.37091429075230364,-0.8456055346069428,-0.21180792767495132,6.663088571513638,0.9296490690236192
4,1780387230.0721877,44.075853676719724,-11.441542540735641,-0.24556273728673075,2.553802574700301,0.0,2.0531215830101663,0.019048774971080533,2.408044253555622,0.25855473947515917,3.2341926128849856,13.784645705603982,2.996310773009842,48.10796364435648,-4.2305622342713365,-2.392971881333517,-0.787844584813443,-0.3743107921905684,-0.8504447221673744,-0.23270326143008307,6.616260529945607,0.8894120570412927
4,1780387230.1221876,44.179871327305456,-11.464102635146217,-0.1626306463083377,2.662833146201756,0.0,2.111485992562545,0.0179198571049001,2.164894929761491,0.25387069684948144,3.29309565106199,13.812710469960397,3.064811960343815,48.12141215446402,-4.192624086187119,-2.43585303060085,-0.6552625693889875,-0.37110666891353933,-0.8543634208575335,-0.2491140330134048,6.575594859709252,0.8485597897921959
4,1780387230.1721876,44.274322062249304,-11.473090467979944,-0.07853731299295075,2.759384004114562,0.0,2.1205717970908156,0.016689532289850515,1.9084604662177058,0.2430112594449012,3.4303310361329737,13.83213248610177,3.1286094572775642,48.13206433818204,-4.159583822731205,-2.4788256099641366,-0.5352677342528743,-0.36170825735568435,-0.8566762299975491,-0.2615530520455499,6.540411987840299,0.8071902379981388
4,1780387230.2221875,44.40877887849732,-11.468265906444936,0.0025467115438898113,2.8676569736704343,0.0,2.056807981192935,0.01459098796677427,2.4145408282604905,0.22499935472810373,3.272000784180602,13.818628663874836,-3.0713612941703388,48.14019233402076,-4.130953398844002,-2.5218014108551476,-0.4287115297411845,-0.3464021731555256,-0.8566605870906365,-0.2704665203798235,6.51017589427518,0.7654355321349566
4,1780387230.2721875,44.526082875883056,-11.448155802861965,0.07742175724303824,2.975506355082803,0.0,1.9071023835449135,0.012576649291431862,2.245686575884233,0.1989522224970298,2.9229851866386154,13.770475791861983,-2.9760283911185352,48.145399965506556,-4.106830488947755,-2.5646340445014544,-0.2977106710354612,-0.3243413367170645,-0.8532249370007683,-0.27529390933811,6.485083431597557,0.7233845969524388
4,1780387230.3221874,44.65346869537748,-11.412968728755764,0.14695485274962292,3.0919166651844323,0.0,1.672002668704386,0.009942090030110495,2.4034593586199837,0.1663118287463133,2.7618758166124815,13.720040861904934,-2.903205848036989,48.147162397160045,-4.087383063222698,-2.6071356720761263,-0.17608354011293792,-0.2958415664087802,-0.8457231728465091,-0.27526927254006944,6.4654288985202495,0.6811474056040066
4,1780387230.3721874,44.803904204472076,-11.363801652997418,0.21244616606281347,3.2071246378813725,0.0,1.4008840175435417,0.006650913455765718,2.1852645536876953,0.13294291211895354,2.831748871114361,13.67641340199473,-2.8567256110749257,48.14522337218187,-4.072452657424283,-2.649118480828832,-0.047454423128774875,-0.2623948258592466,-0.8341204461843088,-0.2699966028377358,6.451114989626303,0.6388736612339816
4,1780387230.4221873,44.94771387188574,-11.302938281433718,0.2712795258643983,3.301522986770836,0.0,1.1122651820883043,0.002839998834282977,1.7090413863021374,0.10119154681232707,3.133672270395038,13.63035492239539,-2.8369708386938255,48.13995437873977,-4.062959615348035,-2.6938071453884382,0.06598499899457837,-0.169412975012124,-0.9122978661229366,-0.26021951403810084,6.442957584466032,0.5933940667731123
4,1780387230.4721873,45.121014954910535,-11.231966931353979,0.3220521115121303,3.376479178627902,0.0,0.8368156972026886,-0.0015163263985674739,1.3168142853383304,0.0732901342043544,3.255696085763825,13.561793806539388,-2.8122834174114164,48.132454109158225,-4.059494583776959,-2.7360960446299027,0.1512230016106123,-0.10021041235359267,-0.6226830948555867,-0.24776912050556754,6.441274423994118,0.549978392381016
4,1780387230.5221872,45.26888086470606,-11.153545031059357,0.3682527641637504,3.425073556752309,0.0,0.5803187149638983,-0.005254336053627209,0.8467017925462555,0.049245760048411046,3.362368648887402,13.482951163095304,-2.7888533606339028,48.122831804437716,-4.060294412252637,-2.7577634278825496,0.21344704630563788,-0.029093732500040978,-0.14218549134877484,-0.23254346635580603,6.444286603053457,0.5268632367470207
4,1780387230.5721872,45.426660919795715,-11.069564268924733,0.4110999738033437,3.4551641418005428,0.0,0.3798463478138398,-0.008422562417611933,0.47742149699994574,0.03197221707498393,3.4594448811331797,13.396330761631464,-2.7691504492631918,48.11171350097301,-4.064561701207908,-2.759085998069152,0.2550226949982074,-0.009004761097904795,0.010879049342626512,-0.21540039700009722,6.451051637951667,0.5238642207589841
4,1780387230.6221871,45.58790571076591,-10.982157697380286,0.447676908377434,3.4679301633291924,0.0,0.21210018924391177,-0.010793208580902694,0.16730393406246138,0.017368208683641796,3.5403341129806067,13.304806925571524,-2.75493869626424,48.09900258550239,-4.069783312163537,-2.7575939940974266,0.27897325106980725,-0.006635343231715706,0.028147200441246693,-0.19580784960088438,6.459094090668269,0.5234349258157769
4,1780387230.672187,45.75299590940037,-10.892499843297001,0.4781762197151166,3.479715442942756,0.0,0.10136722867700829,-0.01240084963277556,0.22121483870980754,0.007584570207702004,3.609573593647349,13.210007628279836,-2.7464717220833226,48.085334955730445,-4.07523379319059,-2.756801667817955,0.2874825700041396,-0.00660849357296184,0.02440784460041947,-0.17466717324114156,6.467541902418297,0.5221557226571072
4,1780387230.722187,45.92929714936272,-10.801405766771367,0.5031890968067778,3.4869209912039594,0.0,0.03883498174445612,-0.013791190763523184,0.08966589370629699,0.002337122384922863,3.5161256795146594,13.124413543152963,-2.7298158805251784,48.071061271153056,-4.0808082135314985,-2.7565734959175776,0.2987080243426637,-0.0067239056955855645,0.02002758744570823,-0.15251143255523664,6.476206697879039,0.5202127962325394
4,1780387230.772187,46.10188043990263,-10.709489285612896,0.5242995983132829,3.489510605480533,0.0,0.022205084957677822,-0.014913798181649162,0.0288409096712187,0.0020880232480435922,3.7932679994873704,12.99987495829536,-2.7516614218681053,48.05629359944158,-4.086495520914945,-2.756658157617235,0.30337992526570023,-0.006755517126759931,0.01616526936384865,-0.12949995788416724,6.485049158151969,0.5178705477242431
4,1780387230.822187,46.28161699444402,-10.61804421761778,0.5436627522630166,3.489289073084961,0.0,0.052381308873620434,-0.01653851297451876,-0.002491997822919364,0.005557402434051822,3.5902530538453106,12.935298772640525,-2.731092754481007,48.04129312213212,-4.09223476300269,-2.7567638365591494,0.3050343860344096,-0.00674336595229375,0.012961282613536696,-0.1060390456294027,6.493948395724923,0.5154597781263117
4,1780387230.872187,46.470499970429174,-10.5237820999781,0.5621968600957772,3.4896639006977157,0.0,0.12349789991231104,-0.0178606496070247,-0.020632996952448565,0.012738248217897262,3.1775719709137142,12.89138009475783,-2.6921913630477325,48.026150874671416,-4.098013603118744,-2.7567051542495475,0.30515526270339827,-0.006809021942823467,0.011060820706646926,-0.08227516494102227,6.502869832186871,0.5131804369515596
4,1780387230.9221869,46.64029155541846,-10.429031846357175,0.5792896274398147,3.4891673058186554,0.0,0.22032005434838242,-0.01853163056327166,0.005866893400498504,0.022247046792915,2.965883001747625,12.818555610782218,-2.6719954329065176,48.01096016611877,-4.103839870907011,-2.756286476431234,0.30439864352533,-0.006812169997486362,0.012139534740086791,-0.058397806857809875,6.511795218663359,0.5112519642762967
4,1780387230.9721868,46.82493319727789,-10.332439175843803,0.5974242048745485,3.488288856863729,0.0,0.33079923369066444,-0.018557964233706828,-0.043073563938156895,0.03305194320670718,2.523656258930207,12.765152859944378,-2.6297503163518012,47.99576305901906,-4.109737152832141,-2.7553882686320432,0.30497723418143957,-0.00633150526684327,0.01812801908798283,-0.034487094816799346,6.520737667430477,0.509802701155829
4,1780387231.0221868,47.006148160874105,-10.233171039307665,0.6181656273959454,3.4887261359290864,0.0,0.4288795000935094,-0.018356625615533417,0.018125711010095122,0.04322866157337101,2.094015329499969,12.697324331131801,-2.58544888499224,47.980638430699926,-4.115708373890295,-2.7539312481617073,0.30309434055883755,-0.0053819173202949,0.028228863439657012,-0.010670824890553043,6.529684411082667,0.5089240531245025
4,1780387231.0721867,47.1670663477912,-10.13003122453698,0.6420381263086927,3.4882495039072348,0.0,0.5311114806011107,-0.018220992001731915,-0.01662288091470987,0.052535673441822174,1.4427906975919034,12.61781857065978,-2.5137580704435027,47.96558942769427,-4.1217642099883856,-2.7519352334063587,0.3042468793199572,-0.004129394305901378,0.03975606258555574,0.013077474299809377,6.5386500865347115,0.5085886810040803
4,1780387231.1221867,47.33566249435467,-10.023144369133144,0.6677460372942894,3.4884895488298775,0.0,0.6198763286106621,-0.017972703909479606,-0.007326758532816077,0.06191962056474799,0.9790848221076073,12.510745427753726,-2.458757197347621,47.95057929860628,-4.127916923333452,-2.7494245717137984,0.3036460721476191,-0.00283794414985572,0.05052907281822052,0.0368404370749601,6.547657103570932,0.5087607179788733
4,1780387231.1721866,47.5013739794068,-9.91132391855591,0.694150073719912,3.487948276966344,0.0,0.7041245937779723,-0.01778435118948796,-0.0038906508021469798,0.06880319870520794,0.5339342223966813,12.385840579397202,-2.4039681790404197,47.93565297321693,-4.134162928324762,-2.746403736187011,0.30349156870217797,-0.0015316028648304644,0.061152967575833564,0.06054517145816224,6.556693252992326,0.5094428406047191
4,1780387231.2221866,47.65215183176666,-9.794910115272137,0.7235586643671029,3.4876211721156434,0.0,0.7713147825242225,-0.0173002244570402,-0.012727453743352274,0.0742470739685072,0.1422181529521941,12.247262880665584,-2.3493799381825657,47.920785521218114,-4.140498468024659,-2.742992548006234,0.30350684453938814,-0.00040956754338333855,0.06971621407543266,0.08422022667516543,6.565758264377886,0.5105145301367067
4,1780387231.2721865,47.7904221680932,-9.669966810045207,0.7560606577098687,3.487074698526267,0.0,0.8255460726417492,-0.016401483898835407,0.000746023826028707,0.07865659252119578,-0.20412408643819757,12.094184022424402,-2.2943559413492016,47.90600109003898,-4.146915994201248,-2.739266595306689,0.3030786521882485,0.0005081072159439963,0.07650695953077798,0.10779312095924959,6.574836779715483,0.5119122768100635
4,1780387231.3221865,47.931483891790855,-9.546365210603517,0.7890704599213298,3.4863632474647797,0.0,0.8499933684981641,-0.01496184333178671,-0.005648480940476803,0.08056200375670926,-0.5461158820533578,11.934794000273394,-2.2389238414787442,47.89131988719964,-4.153414239605504,-2.735282518805108,0.3033139686078445,0.0012988863933799976,0.082139825388681,0.13122894567220256,6.58392455283338,0.5135830935464831
4,1780387231.3721864,48.06686258400007,-9.413076801837853,0.8215010183832296,3.486060727946131,0.0,0.8540880766584815,-0.0134863576594505,-0.010902322262054868,0.07983873719260406,-0.8610696306087872,11.761195181987016,-2.185538681676324,47.87676067832661,-4.1599829483903,-2.7311567399142054,0.30322201645155733,0.0018619025099462544,0.08564299318093714,0.1545000052442821,6.593009381659574,0.5154130087985553
4,1780387231.4221864,48.17350838847578,-9.276137192719387,0.8560655487617479,3.48574285217651,0.0,0.8290412776842503,-0.01245730500524553,0.013618569352182884,0.07676582605016641,-1.0959382868324221,11.589133150333117,-2.1348906871929225,47.86233037522196,-4.16659994860469,-2.727035797502992,0.3028629754671954,0.0021526076977445617,0.0868380353659013,0.1776299425286178,6.6020725772481255,0.5172486427859919
4,1780387231.4721863,48.30422903497242,-9.134132511406008,0.8913597367102366,3.485171745347512,0.0,0.7735888430577554,-0.010956372275706968,-0.020068721135128524,0.07110460831432913,-1.3787845648317782,11.399546821546036,-2.080175670605497,47.84796747995109,-4.173257551821411,-2.723058975906729,0.30372329757513233,0.002309309903240704,0.08635905210306888,0.20073147722143425,6.611118684241417,0.5189384624334794
4,1780387231.5221863,48.42159920356025,-8.988642492054975,0.9244862626117567,3.484650669817849,0.0,0.6983424744177695,-0.00925274151962373,-0.009598827107797,0.06296047035373764,-1.6077045762211026,11.210464075339862,-2.031445074165457,47.83370189438674,-4.179930827176465,-2.7193530761204703,0.3028877950683693,0.002268108010342856,0.08396092197954626,0.22375682724691426,6.620118081397965,0.5203606282791178
4,1780387231.5721862,48.50932489470215,-8.839841225936633,0.9548831333237761,3.4836699922340997,0.0,0.6110545645326766,-0.007765523752583687,-0.013242895795727553,0.05439433927366446,-1.4547048857966545,11.086252346243098,-2.02539029528808,47.81956197910261,-4.186585293287388,-2.716077151448673,0.30254584270069607,0.002208005599060461,0.08098787626446022,0.24664177311658192,6.629030455608104,0.5213654834526142
4,1780387231.6221862,48.598686501682344,-8.687922641389031,0.9827188789547192,3.4835422975833428,0.0,0.5172846900252586,-0.005550460014463244,-0.005835271683821338,0.04515923332212708,-1.3798406838615576,10.944668799697524,-2.0137273359537904,47.80552192088449,-4.193213667806495,-2.713259598122083,0.3019883550473937,0.002288351703730954,0.07854706033033743,0.2693900827485321,6.637849937012984,0.5219299032534863
4,1780387231.6721861,48.694178904785815,-8.534055921878254,1.0082346486718319,3.483457633641234,0.0,0.4230435366938264,-0.0028001690300764335,0.004948783508879227,0.036750439401614904,-1.2364571128539539,10.808676466407379,-2.0137220886817717,47.791615713274815,-4.199804436851587,-2.710935859775972,0.30175324334962034,0.002723610017120957,0.07779976875719832,0.2919445146626194,6.64656083351141,0.5220241074049987
4,1780387231.722186,48.75316253808275,-8.378254197584608,1.031742800201334,3.4844543990274532,0.0,0.3352835202655764,-0.00024545468216588713,0.01998659432012173,0.028559874699674435,-1.2652019860518358,10.648265080302608,-1.991562523496134,47.777853494269586,-4.206363871417343,-2.7090517682349926,0.3020106414388729,0.0035800870263033627,0.0787944768468326,0.3142883984106855,6.655169442236048,0.5217034686214159
4,1780387231.772186,48.83638617685078,-8.221186950167114,1.052981364631215,3.4850479071307423,0.0,0.2640517675811642,0.0018213904404730944,0.016395762776729866,0.02285545410461753,-1.2838751753334836,10.487988673304297,-1.9758908399328177,47.764192244469996,-4.212900038471906,-2.707583039638609,0.3029976018796303,0.004642833559479737,0.07925914255720548,0.3365365315486883,6.663695385084113,0.5209747384869274
4,1780387231.822186,48.90833179473969,-8.06328485320036,1.0738726846916624,3.4855831743777848,0.0,0.21302510036455025,0.002827893380363105,-0.006921576519052713,0.018940688359596877,-1.294691969132067,10.327929575882708,-1.9603563472694912,47.750598517984365,-4.219433390730263,-2.7063721501605813,0.3038023685856976,0.005451002091370391,0.0763335636879602,0.35876294318756247,6.672166081129676,0.5199852383301318
4,1780387231.872186,49.00417745722603,-7.904481755635694,1.0942395319414264,3.4862178528566483,0.0,0.1846042310874665,0.0041180550339747135,0.01987179868704709,0.016868342046452475,-1.3102489600580964,10.166653706933467,-1.947971817349424,47.737047340197364,-4.22596016511887,-2.7053364884969477,0.30344537937982063,0.005950287763040515,0.07064138002164114,0.3810091209091195,6.680581269642525,0.5188136933949377
4,1780387231.922186,49.065484636133405,-7.745535013756118,1.1118330006755452,3.4864331489751335,0.0,0.17436336177896858,0.0048159165597903,-0.008572285015348586,0.01666065755686629,-1.3119513192209578,10.006796420423695,-1.9360270870070986,47.72355545785691,-4.232492096659026,-2.7043887780824196,0.3044142217949849,0.006357554817977346,0.06418300572101801,0.4032366310246321,6.688949443352121,0.5175523091365264
4,1780387231.9721859,49.1189646395924,-7.5853209599432,1.1267510101941127,3.4872068918485057,0.0,0.18130567025047362,0.004624669269682318,0.013813640302454461,0.01782203710404493,-1.310134115449693,9.846080745612499,-1.926414981111432,47.710097258465446,-4.239040349525202,-2.703432833595792,0.3039471737810539,0.0068297019579613835,0.058370100067746275,0.42543864239394363,6.697281433412956,0.5163047106817036
4,1780387232.0221858,49.19452203663812,-7.4240913212592625,1.1394419023436788,3.487215688687103,0.0,0.20313308639301125,0.004608389550476612,0.0003146493146119391,0.02012464455533343,-1.3120443042776342,9.684109552647332,-1.9217184267168086,47.69663385390915,-4.245610372427778,-2.702418371019852,0.3045969103571697,0.0074145161537104935,0.05359602448257311,0.4476727719538013,6.705587392363741,0.5151166018297015
4,1780387232.0721858,49.272218571732985,-7.2632719649015085,1.1495009035317179,3.487500218737958,0.0,0.22950377403606023,0.0047233626855826055,-0.0007345758958719108,0.022695284673189906,-1.3119642386384438,9.52282880800794,-1.9205835156626552,47.68316985738149,-4.252216812943064,-2.701271740992775,0.3045649991503442,0.008083353712722471,0.049754690571305354,0.4699302000729142,6.713881277680766,0.5140623770171553
4,1780387232.1221857,49.31494472968673,-7.101086244174816,1.159664839533833,3.4879221141288688,0.0,0.2611581252894212,0.004751005655842066,0.02615395130138952,0.025583242825579035,-1.3062199291369214,9.360653444541098,-1.9156115791915158,47.669730578967055,-4.258854944365774,-2.6999812226412767,0.3044726818503184,0.008805702737183771,0.04663230101582149,0.4921830955815272,6.722156316679918,0.513154468460133
4,1780387232.1721857,49.35518240053399,-6.938549834811677,1.1726106224769446,3.4881873572620066,0.0,0.2881671565986735,0.004761629101957472,-0.0004545155745981328,0.028201230006234524,-1.3002636942555328,9.198166218409504,-1.9077696315491874,47.6562851645446,-4.265543251783572,-2.698527989062044,0.30571835344094445,0.009514012069132062,0.04415173875286662,0.5145133148697045,6.730436779564441,0.5123994097693672
4,1780387232.2221856,49.42761060302276,-6.7740688786380305,1.185796411162181,3.4885020149032915,0.0,0.3156695169001484,0.0048276113431787865,0.011288414307168164,0.03075350990571698,-1.2974769429246777,9.033578775822328,-1.9042001127206403,47.6428337308989,-4.272283682030566,-2.696921076360057,0.30562878353991885,0.0101386363969252,0.042105799118441804,0.5369220873841561,6.738724161121771,0.5117879253624258
4,1780387232.2721856,49.499540583650216,-6.609927015097362,1.199059901528973,3.4878772003714373,0.0,0.34251438663254685,0.00489508802503433,0.0006890552922461327,0.032944625034661806,-1.2936431668766286,8.869437119923756,-1.9011172824168625,47.629396403104145,-4.279068479101321,-2.6951728146902045,0.30612040555616443,0.010696957220411037,0.040742006439619644,0.5593761179579573,6.747007976373833,0.5113110084282884
4,1780387232.3221855,49.5530218741469,-6.44486518818682,1.2161149293042808,3.4879707475470956,0.0,0.36773570696539915,0.004947301805061507,-0.005039897585553954,0.03536141507085984,-1.2891705201535608,8.704426653364743,-1.8919938673861423,47.61597251542417,-4.2858983128610495,-2.6933007589459717,0.30607757438329514,0.011160825753293753,0.03988701101335156,0.581868951493677,6.7552881780803,0.5109528385099047
4,1780387232.3721855,49.60051483725159,-6.277600717872958,1.2367558353834962,3.487659655161495,0.0,0.39563309444655903,0.004994462726018778,0.012176572099073316,0.03780310145554207,-1.2849738417460281,8.537213059078303,-1.8786948562772823,47.60258080212326,-4.292766722060402,-2.6912969371068676,0.3057435725513356,0.01156192705906699,0.03959945723655857,0.6043630246597327,6.763555779996279,0.5107259519815743
4,1780387232.4221854,49.64047503683627,-6.110419224855302,1.2577230716663304,3.487238373314444,0.0,0.4178066264247109,0.0050452687423207685,-0.010144189875249574,0.03965707605279056,-1.2818527692435269,8.370059613378757,-1.8640628778248558,47.589209617475284,-4.299681738551652,-2.6891608124595177,0.30626600140085053,0.011900307708986736,0.03992645000077561,0.6268778760174788,6.771819987431371,0.5106289686695167
4,1780387232.4721854,49.67040182944525,-5.941182110184951,1.2790951929747414,3.4871121848370192,0.0,0.4308082531957329,0.005078897151634056,0.017133268241544278,0.040292234266180824,-1.2792557510114393,8.200841885734185,-1.847600888967905,47.575864372737826,-4.306638957937616,-2.686920568438816,0.30567040618727176,0.012172910272231956,0.040423348899041645,0.6494030508727764,6.780075691775615,0.5106349963001264
4,1780387232.5221853,49.70409949833259,-5.772453363700786,1.2992376194759006,3.4863588664800145,0.0,0.43137991382530455,0.0050881684788898224,-0.008581780283883244,0.040146328009197776,-1.2768540371705053,8.032130262554087,-1.8332767894886395,47.56253446205613,-4.3136323282424645,-2.684647918219507,0.30643726170307845,0.012435111233415069,0.04117323878774418,0.6719352940501975,6.788316652898749,0.5106756560821788
4,1780387232.5721853,49.73169055909016,-5.60270321267351,1.3160171289848221,3.486467955174128,0.0,0.41599283231263506,0.005070736333905518,-0.0044285250010892355,0.03816317498246875,-1.278410550680873,7.862367058781038,-1.8208690111475787,47.54921521321467,-4.320659302619874,-2.6823790360732027,0.30592060627657236,0.012648998325900444,0.04165497502407314,0.6944758686054953,6.796540460651095,0.5107156106868782
4,1780387232.6221852,49.79006755544404,-5.4322585031115995,1.32859993137265,3.4858828309811107,0.0,0.3849239242295096,0.0050726056257914594,-0.015774283731016428,0.035263121186753954,-1.2717857076824508,7.691868733377859,-1.8201045140530523,47.53592094867238,-4.3276925628114515,-2.680220616820579,0.3056161589480823,0.012872401878606944,0.041604860279028814,0.7170015667461429,6.804718691187061,0.5106505461020232
4,1780387232.6721852,49.85297644142224,-5.252548580661463,1.3378486823596993,3.4853903014248946,0.0,0.34087461019458254,0.005074620033476977,-0.03321530990371427,0.030769809014194426,-1.3427038736609382,7.512842548014991,-1.8095735868584102,47.52265664747516,-4.334720319941747,-2.678219968143613,0.30475177252182484,0.013050566403388178,0.04057126636235498,0.7395135053172873,6.812839825548298,0.510431830543097
4,1780387232.7221851,49.90323043261543,-5.087900711276734,1.3481542239977564,3.4849225318803407,0.0,0.29282492602927773,0.0050762292183244495,-0.025813626697771336,0.026125639679603622,-1.434700767871709,7.348322400767355,-1.791252335523962,47.50944641049813,-4.341711806725065,-2.676464184031142,0.30302638620375816,0.013137381702082795,0.03783337618815047,0.7620150556482966,6.820873348971164,0.5099663036258715
4,1780387232.772185,49.938051684912466,-4.915328636786194,1.3582505761466863,3.484414179180111,0.0,0.24133064868085538,0.005077344230888347,-0.028278119405350924,0.021827697928637976,-1.4770689386826723,7.175616648245109,-1.779543799501381,47.49629834225375,-4.348655823500985,-2.6749640557294083,0.30167970665608856,0.013093091607136152,0.033629879463168935,0.7844974170577711,6.828807716150887,0.5092433730964618
4,1780387232.822185,49.94692840808729,-4.749930715706557,1.3661241072714163,3.4841628701298384,0.0,0.20136806275779154,0.005077628472758275,-0.01901483218084045,0.01802922134440495,-1.4858272385061653,7.010183786460798,-1.7715629218217472,47.48320681045253,-4.355554790098391,-2.673699954776539,0.30021319463543694,0.012921051142115699,0.02869363653827854,0.8069691968884624,6.83664579639086,0.5082818691348532
4,1780387232.872185,49.927301536436985,-4.569323248600296,1.3743297764889113,3.4843396387510976,0.0,0.15063920640935896,0.005076999999999931,0.0029147668710302116,0.013257772859758701,-1.4637701426938252,6.829657839985783,-1.7637347766838913,47.47016469225195,-4.362413268036342,-2.6726458737923973,0.2992088452360338,0.012660833421320352,0.023854624712834095,0.8294238894909619,6.844391961165281,0.5071108013512653
4,1780387232.922185,49.927301536436985,-4.396126084826218,1.3845432256201622,3.4848777530335115,0.0,0.11188007155279098,0.005076999999999931,-0.0014537864389717013,0.009168156928384014,-1.4631590869757793,6.65646175414579,-1.7535213275526405,47.45713496157412,-4.369242287996827,-2.671845285798545,0.2993017863356371,0.012196273854824307,0.018567959485726798,0.8518826779732819,6.852058220603573,0.5056901373455842
4,1780387232.972185,49.927301536436985,-4.22273724244283,1.3921469854774053,3.485464204401107,0.0,0.0737836778582664,0.005076999999999931,0.012422669128809684,0.005829254477729157,-1.462547354997755,6.483073990889444,-1.7459175676953973,47.44409914240549,-4.376053147795805,-2.6712658593388285,0.2991726766468153,0.011668201544773198,0.013698711538395896,0.8743752557364686,6.85965700247263,0.5040494644868794
4,1780387233.0221848,49.91448793847185,-4.05026964329745,1.3950283537326489,3.485246563943057,0.0,0.03541093008265693,0.005095258503540346,-0.018618176389313474,0.0022569994705626856,-1.4467456769613223,6.310656913458548,-1.743623738834665,47.43104785790159,-4.382853320449352,-2.6708692805743643,0.29973292059393974,0.011163839905828414,0.009575136550957517,0.8969175262228771,6.867196204572074,0.5022254939881545
4,1780387233.0721848,49.90931482367774,-3.8773973395186228,1.3967791728364052,3.4865701663083737,0.0,0.0007752724770676914,0.00510262983944772,0.019285114043793496,-0.0011520968690384376,-1.4398272747256808,6.137803204124464,-1.7421919402440351,47.41799903138612,-4.389629032574499,-2.6706650581897367,0.2987386222716731,0.01065364871712164,0.005596839909819427,0.919497510249962,6.874661490368849,0.5002074177910742
4,1780387233.1221848,49.933656173575706,-3.705960574229069,1.3996049875337724,3.4867299690540903,0.0,-0.01976908219558798,0.005067945075301104,0.00918767773998246,-0.001977507299716256,-1.4677615913096504,5.966275023936242,-1.738275296567809,47.40494390225584,-4.3963827018537325,-2.6706446572557985,0.29963716601329476,0.010152407367666734,0.0017935593960805712,0.9421561016898192,6.882056171509422,0.49799639026664266
4,1780387233.1721847,49.981055343787375,-3.5308491124084456,1.404521066419914,3.4873894851697353,0.0,-0.005326176514980144,0.005000404489161505,-0.003666050902164493,0.0002806790380593185,-1.5286913491501528,5.790851724310788,-1.729342748883992,47.391856703789784,-4.4031453886162835,-2.6706768363389384,0.3000262792290975,0.009828946855389601,-0.00026986548232126864,0.9649379615731648,6.889411908285853,0.49571916961712237
4,1780387233.2221847,50.039537625952526,-3.357521104935352,1.4128364765882873,3.4871778627726626,0.0,0.032992655527748285,0.004917071224073165,0.010056248543031925,0.004994561161674922,-1.568059739288633,5.617046640324546,-1.7263205535079995,47.37877032935715,-4.4099250847294424,-2.6705971389913286,0.2997671246108423,0.009750783285538836,-1.1016967568283826e-06,0.987785504143035,6.896734568242827,0.493545829219209
4,1780387233.2721846,50.10029971245702,-3.1831196082326385,1.425112733754998,3.4869506955995098,0.0,0.0880200346599619,0.004830489393225667,-0.01266501460656571,0.010389303724734053,-1.6467434420297433,5.442761114343821,-1.7082801810722095,47.36569219240828,-4.416741232761746,-2.6702690940459446,0.3001873439521878,0.009859695909370908,0.0021596952095571105,1.0106770672370837,6.904042725486737,0.4916160168870345
4,1780387233.3221846,50.15302152476799,-3.011173364603444,1.4418208974122477,3.4876893220492002,0.0,0.15081448933189412,0.0047553644049627255,0.02894758136514034,0.016938648136679234,-1.7513746731009112,5.268829084740698,-1.673858786557809,47.35263655375508,-4.423597023025097,-2.669651144568945,0.2994659858299969,0.01007796671591118,0.0052004515359500274,1.033581732998849,6.911338752046699,0.48997509571075426
4,1780387233.3721845,50.18790406231317,-2.838098543890209,1.4582011629701432,3.4878377693175566,0.0,0.2200457506523637,0.004705659167058411,-0.00433852960535931,0.023439275748840187,-1.7591396638684973,5.095503986377592,-1.6654518882781175,47.339589966667006,-4.430515002353491,-2.668677823898643,0.3008194576156994,0.010293768207672043,0.008768478070390929,1.056523044166725,6.9186455226939785,0.48868621140555213
4,1780387233.4221845,50.19669700911315,-2.6644077024036674,1.4702508818061621,3.4886593874192897,0.0,0.28757066090649863,0.0046931298173226894,-0.006323830324383835,0.02944127648448007,-1.7540772791450072,4.921871921482229,-1.6574328991005751,47.32654866540407,-4.437505776886175,-2.66734782235913,0.3005056095034764,0.010452343597510813,0.012123054534757458,1.0795069225794203,6.925973517077424,0.48775024008964607
4,1780387233.4721844,50.17713805044764,-2.484181128795614,1.4807898014472014,3.489952148964898,0.0,0.35329077086284416,0.004720999999999937,0.035073283302770056,0.03498140305707729,-1.75176249225908,4.741665155758225,-1.638943616609214,47.31355353199658,-4.4445482590910705,-2.6656868229583766,0.30009145880392496,0.01055988843202112,0.014879555278970455,1.1024418133267715,6.933300396557104,0.4871530578038703
4,1780387233.5221844,50.17713805044764,-2.315207175318468,1.4924563338996542,3.4905183833782525,0.0,0.40982305713689615,0.004720999999999937,-0.015353074665553341,0.04080540162883608,-1.7480691449570855,4.572731570762809,-1.6272770841567612,47.30056572520276,-4.451666924643917,-2.6637194889988973,0.3017480067818893,0.010532321340171404,0.01724444010855086,1.1253887635643944,6.940651640530872,0.48686497769762305
4,1780387233.5721843,50.17713805044764,-2.1408473348160917,1.5077612493497412,3.491990490074994,0.0,0.48325625651768345,0.004720999999999937,0.01578851598727912,0.04727730902738894,-1.7442580756576815,4.398413385449832,-1.6119721687066741,47.287598975654596,-4.4588653136618115,-2.6614229148588606,0.30089302934889123,0.01023818221720002,0.018137219906863535,1.1483237956234578,6.948030672295239,0.48691127487472663
4,1780387233.6221843,50.17713805044764,-1.9656295028939426,1.5292968214170792,3.4917457285020808,0.0,0.544703168418383,0.004720999999999937,0.0020906368980056697,0.05262109713086213,-1.7404282528153197,4.223237413694301,-1.5904365966393361,47.274678740257265,-4.466138705758338,-2.6587625088720213,0.30160952754156095,0.009665438547233366,0.017712670052258267,1.17120945829729,6.955432807513694,0.4873293011951958
4,1780387233.6721842,50.17713805044764,-1.7903313856071665,1.5556829353837507,3.4919037151927523,0.0,0.5861598441936052,0.004720999999999937,-0.015981115821923682,0.05557746134077089,-1.7365966751360211,4.047981175754604,-1.5640504826726647,47.26178625862911,-4.473496301048078,-2.6557984974243447,0.3016614164162293,0.008800797830678966,0.016209001802296237,1.1941435712717827,6.962867818587927,0.4880412000503984
4,1780387233.7221842,50.19657291332226,-1.6173649854741976,1.5848037737540799,3.4919550513314976,0.0,0.5965033867836752,0.004693306645364554,0.023278030721460657,0.055414056302944,-1.7394775733414618,3.8749309971916412,-1.5428261557892577,47.24894782861802,-4.4809056275004275,-2.6526669895786226,0.3008251709548268,0.007829675135281168,0.014289172782369953,1.2170943431943593,6.970302795553069,0.4889122354361759
4,1780387233.7721841,50.18806371886937,-1.4426425962461769,1.6134024387325097,3.491277338999495,0.0,0.5705146748156666,0.004705431667350322,-0.03282949784257208,0.052634009286989136,-1.7341687280180462,3.700271478103213,-1.510318539772845,47.23612629762376,-4.488358931395492,-2.6495467166528424,0.30195318766421414,0.00694526670584733,0.013291898212714051,1.2401280903567882,6.977729605523004,0.4897572661761247
4,1780387233.822184,50.153254936191196,-1.2688075431194348,1.6408522763960798,3.490666788932869,0.0,0.5227356411897828,0.004755031809597351,-0.003531983268184135,0.04729139782743647,-1.7064531567855858,3.527042427280533,-1.474835323110532,47.22333141021985,-4.4958296824011414,-2.6465762330981812,0.3002797820348726,0.006046397289153133,0.011888333575310842,1.2631889594992893,6.985121314112016,0.4904480791477188
4,1780387233.872184,50.10043756127131,-1.0962986962987538,1.666506156783474,3.4891068759907022,0.0,0.4528061717562151,0.004830292968063067,-0.017405313161406283,0.04000145246015166,-1.6298811349299533,3.356008302997544,-1.4667854594633927,47.21058088969727,-4.503280359403107,-2.643896283276886,0.30006825134280957,0.005197326876120662,0.00977656969112833,1.2860323555441646,6.992442187795463,0.49089427840408373
4,1780387233.922184,50.04006480658988,-0.9239741254928208,1.6897169499333176,3.4896729465511944,0.0,0.36532748079329225,0.0049163200276051795,-0.005779914847872294,0.031105506114806662,-1.5623522146847417,3.1835063803695514,-1.4497728754200945,47.19784999735396,-4.510703685741444,-2.641613424456107,0.2991556425359526,0.004400942505105416,0.007047996493219912,1.3086699219930817,6.999686972721301,0.49099192116522117
4,1780387233.972184,49.98179744934297,-0.7523013049397196,1.7098375258842367,3.4897103003245844,0.0,0.26947258053277096,0.004999347039337407,0.019602307317315017,0.022589043892794345,-1.5080720648248134,3.0123802285880634,-1.4238755972432549,47.18513249491741,-4.518081174226735,-2.6398179063942067,0.298812206486425,0.0037513856821483615,0.004044503688414299,1.3311119865797088,7.006839091280037,0.4906495127422299
4,1780387234.022184,49.93452221305162,-0.5805355497285941,1.7262207546748563,3.48995445834203,0.0,0.1809788683158665,0.005066711028089676,-0.007384676012584123,0.014558098586503141,-1.4570363038402834,2.840868270209654,-1.4116399152087513,47.17238699936786,-4.525430069557401,-2.638490974709918,0.2997258866943479,0.003331860189334143,0.001341820235267709,1.3536153260512271,7.0139142081038495,0.4898379452389672
4,1780387234.0721838,49.91590437635498,-0.4096186652485716,1.7382195063438022,3.49040828370646,0.0,0.10156617664439772,0.005102579081655302,0.016354472381348052,0.006914986579874625,-1.4374889855192245,2.6700173573765067,-1.4003534432879599,47.15961324989058,-4.532745244717087,-2.6376085850011455,0.2992808394342297,0.003233934876986228,-0.0006172942133339469,1.3769577639787458,7.020893737370175,0.48840960712124026
4,1780387234.1221838,49.934347786816566,-0.23903703688533434,1.7451866509296998,3.490182359549649,0.0,0.023479781216992034,0.005096339152105463,0.008099574158740904,-0.0003429413984828381,-1.4555864963111707,2.4993727895546938,-1.3926778633115378,47.146811386994386,-4.540019917809414,-2.6371525023688873,0.30001833104231673,0.0035515913145043846,-0.0015166284900745884,1.4012336436443655,7.027761130122892,0.48636260175530754
4,1780387234.1721838,49.92691758974714,-0.06774698853678918,1.7464750584711755,3.4903168594215077,0.0,-0.0461919174099513,0.005076987705629259,-0.008681008765631158,-0.0059144350347291605,-1.4475033105430213,2.3281109517920053,-1.3916029032882162,47.13396099856342,-4.5472589492418125,-2.6371029466699683,0.3003462197979827,0.004300976095935879,-0.0015586177515679897,1.4264930611120812,7.034510918553598,0.4837109752316038
4,1780387234.2221837,49.883935622455,0.10331467490869559,1.7414375990068534,3.489621280337525,0.0,-0.09585340055699597,0.005075611378518937,-0.004679227331739515,-0.009686795884135388,-1.4042558976415136,2.157144576296839,-1.3998905302888294,47.12109193796216,-4.554453398355951,-2.637361834253069,0.29984318235124446,0.005280225726243055,-0.001960448030082702,1.45173487598346,7.041148124120234,0.48076688006041035
4,1780387234.2721837,49.8242486282482,0.27448181990265064,1.7294271425753602,3.4886804500345763,0.0,-0.1253035260013604,0.005073700139144967,-0.020917888796867366,-0.0118298764370669,-1.3478747256739683,1.9856497118553051,-1.4241051539591396,47.10822375723705,-4.561604876320894,-2.6378213944017066,0.2995461957721552,0.006190422552629054,-0.0038153016454856277,1.474059872846915,7.047754313522833,0.47826945753904937
4,1780387234.3221836,49.75218836425118,0.4454197608789273,1.709796559215321,3.488684135276222,0.0,-0.13880471944708156,0.005071392694856972,0.01059256073295663,-0.012205566960323903,-1.2717931569780137,1.814240780438182,-1.430120890280672,47.09537474170236,-4.5687166374127814,-2.638389479844387,0.29843786345470596,0.006848085018883277,-0.006731654871809304,1.4932375783607867,7.054365677152644,0.4763544079108173
4,1780387234.3721836,49.69335611443836,0.616484295736573,1.6818987189653616,3.4885881688038274,0.0,-0.12929665964754633,0.005069508825283757,0.026903890484453553,-0.010778774000470552,-1.2069678999301259,1.6435747357755615,-1.4487603115401078,47.08253437672453,-4.575809893402198,-2.6389751103114185,0.29890151065789694,0.007284336047537095,-0.009211879783157179,1.509280117909478,7.06102469958145,0.4751093820714649
4,1780387234.4221835,49.66143315144974,0.7883390952775822,1.6450864918641073,3.48815775863557,0.0,-0.09572592891895146,0.005068486618945354,0.010769207707300225,-0.007656319431216392,-1.1688613154035095,1.4722262084417421,-1.4801078486850532,47.06965787904644,-4.58292621826277,-2.639486157355221,0.30017542640875855,0.00760909370099363,-0.010192000088116203,1.5270292108828076,7.067648789928938,0.4735765255522102
4,1780387234.4721835,49.674939004459496,0.9603353239306146,1.598712747950184,3.487104523509302,0.0,-0.033310143632755015,0.005068919090347117,-0.06043669933212205,-0.0026898259033800785,-1.1817264102610066,1.3000136189639706,-1.5287530366949484,47.05675208895962,-4.5900792036174805,-2.6398330501780953,0.30063664965034836,0.007878728755045283,-0.009487337160780583,1.5564619469708056,7.073915490672036,0.46967075911937917
5,1780387235.5421877,16.22819867569331,-2.38032972077688,1.8491280413452529,3.4931110664792118,0.0,0.11041880498919306,0.06282315551839464,-0.2230228840889783,0.015237220983491185,-0.033588758238405125,-2.2141928188535416,-1.7309022384720318,16.22819867569331,-2.38032972077688,1.8491280413452529,3.4931110664792118,0.0,0.11041880498919306,-0.033588758238405125,-2.2141928188535416,-1.7309022384720318
5,1780387235.5921876,16.230285463923344,-2.222812048488529,1.873024325618478,3.491372052365691,0.0,0.09890489180917164,0.06575228107703585,-0.09116473289419921,0.011397581262287357,-0.10367345916525705,-2.3553059464943433,-1.7063478072953835,16.186039509907864,-2.213046214505206,1.8577502193310602,3.47090189551335,-0.012491057362951677,0.12776739704954315,-0.07847438678889318,-2.3779297758916833,-1.7162746248324314
5,1780387235.6421876,16.209135821565653,-2.067437568221404,1.9044518129884282,3.490517955557527,0.0,0.1271770090480313,0.06934170778569895,-0.010595935803300933,0.012963568816424569,-0.1464672504045469,-2.5068774680839137,-1.6770231746832058,16.143178965561503,-2.046939271655178,1.8670330319129302,3.45477770889739,-0.025014973695127264,0.1306708076101341,-0.08928565782664677,-2.5561010400287003,-1.7177356489718978
5,1780387235.6921875,16.163887142518867,-1.9021436619450922,1.9427265985539435,3.4903709461776615,0.0,0.1965903639911121,0.07520635499895176,0.02968186815987187,0.019731865521062333,-0.18835726356456328,-2.6696128515241044,-1.631465005326139,16.09943920035043,-1.8818305473949426,1.8767666308958795,3.4419981278812477,-0.034745020407029585,0.13706331503005864,-0.07926730913785585,-2.74495324862915,-1.7326074441677557
5,1780387235.7421875,16.103549607086617,-1.7443245373437586,1.9871647774138634,3.4907132705932225,0.0,0.2930349480837141,0.08384475531526486,0.037309564279501446,0.029877465084811355,-0.1467531974451447,-2.8649209032757996,-1.621045003207655,16.05469297793513,-1.7177009550507312,1.8875881844589832,3.4300619259614322,-0.04193015567192174,0.16019556410497834,-0.10818607175393524,-2.914353965060481,-1.7251766206939854
5,1780387235.7921875,16.025735661518908,-1.5891428758846209,2.0370824446670275,3.4913273579208264,0.0,0.41091376364256443,0.09956982505517062,0.011188620852648011,0.04307753679390264,-0.1384023782512699,-3.043267567494179,-1.5773417298101329,16.008770528877697,-1.5546770764223337,1.9006184709101817,3.4167000040749085,-0.048809079131479444,0.20509120609555195,-0.13518129149912528,-3.0836573077804754,-1.7165688192175326
5,1780387235.8421874,15.94848325060457,-1.4351620076403702,2.0917956954122756,3.491995484275368,0.0,0.5596530400951367,0.11861394664367023,0.011721151513908748,0.0574081410973527,-0.10366965654476479,-3.235699679346952,-1.5514190009669395,15.9616750522793,-1.3930545832606702,1.9173631139387215,3.3987542561435937,-0.057794438467565226,0.2741915214220467,-0.14191378339203953,-3.262808692746992,-1.7206071981610078
5,1780387235.8921874,15.87129032786051,-1.2840038967048684,2.150620624748447,3.491657807165588,0.0,0.7057387332824319,0.1407344223204985,-0.02015973669415631,0.07150862827676885,-0.10083125071692589,-3.4100325502519606,-1.4996992901817876,15.913023716275225,-1.233240999850668,1.9391736487518303,3.3766848072413627,-0.0713399390436431,0.3635961918254198,-0.16548570870649182,-3.432231123874436,-1.7079663832875012
5,1780387235.9421873,15.790287711355251,-1.1372415355960308,2.2128733277743824,3.491447314005965,0.0,0.8395135892756789,0.16699284196737632,-0.0016550163733663015,0.08336883597021345,-0.06699089713033479,-3.5992099213474367,-1.4732483975340394,15.86232161587287,-1.0757408885376503,1.9671634362180246,3.3480048135338736,-0.09098427603179586,0.46614396676121717,-0.1922850355177158,-3.5975047473627915,-1.6854526503927802
5,1780387235.9921873,15.721399353618853,-0.9962785221258542,2.2778698995889206,3.4907178756434485,0.0,0.9466519883284852,0.1933699042719524,-0.027925547961075835,0.09231948543841849,-0.06325611818368815,-3.7676224538149548,-1.4298863004541218,15.809026577379322,-0.9211366668428247,2.002115287652126,3.3142508940896622,-0.11723313358061334,0.571275281152854,-0.2035256026743696,-3.7693484344012043,-1.6732422486761003
5,1780387236.0421872,15.622298411100742,-0.8616837209002616,2.344926435290901,3.490150779475916,0.0,1.0146008588401443,0.22601736802601244,-0.016912381770538953,0.09743899767624578,-0.051989541551552776,-3.934042078676223,-1.3624531289620947,15.752341070495767,-0.7700895167211658,2.044216291495223,3.272948088535073,-0.14916201334215792,0.6697784159925464,-0.21455035134548023,-3.9395756675793745,-1.65768445268254
5,1780387236.0921872,15.513281860880864,-0.7362619550463682,2.4133590299791647,3.4889529165158164,0.0,1.0363496364284148,0.25215488143495146,-0.021608869486558307,0.09749850370462902,-0.018985900317433135,-4.104826611661113,-1.3081512693205894,15.69166181357421,-0.6233659580323881,2.0936184265717497,3.224919823359038,-0.184947341296331,0.7536803512754553,-0.2383863924874065,-4.098183734673239,-1.6137708936362776
5,1780387236.142187,15.41352267875045,-0.6208167624686951,2.4824837787525507,3.4888811718300485,0.0,1.0261935962725048,0.2653957862276943,-0.010085825332230665,0.09514057516568937,0.013224521575771198,-4.2652688640482355,-1.2633640896221259,15.625867612262265,-0.4817598724338258,2.149531606980492,3.170744773927403,-0.22230137624670523,0.8160392466455997,-0.25898621470280636,-4.252650310478867,-1.557077929110811
5,1780387236.192187,15.275650937599499,-0.5169956093353867,2.551616776709898,3.4884530097949225,0.0,0.982719383527587,0.2758233659081649,-0.004104840846562246,0.0909144250467814,0.0624545292507207,-4.423617091903322,-1.1799487371730368,15.553774622789387,-0.34600874077988586,2.2105610847305925,3.1136107312727006,-0.25829882544475014,0.8575317655305631,-0.2674179540216329,-4.408661335303333,-1.5085360769492624
5,1780387236.242187,15.146659835097958,-0.4253300986992493,2.620074118950047,3.488656486705428,0.0,0.9288888864595348,0.2760632427347356,-0.013119916540543553,0.08524705224670803,0.12118867881581226,-4.573658230845666,-1.119226132192857,15.47464758116321,-0.216795862157978,2.2758663999262065,3.0541321586268113,-0.2907070807238462,0.8802378513983322,-0.2707251373218387,-4.560955232000286,-1.4489681507065395
5,1780387236.292187,15.023639827753625,-0.34653726287543274,2.687171900571742,3.4885592639559433,0.0,0.859452041390112,0.2558962626074786,0.005245922450274682,0.07868151307127125,0.17427154295068517,-4.703950963787597,-1.0353521779216361,15.38780726977389,-0.09477103391703676,2.344028613623154,2.9936760508169376,-0.31793753751853365,0.8865920322812034,-0.2647824990968748,-4.712537149045576,-1.3978136790569593
5,1780387236.342187,14.855768852037718,-0.2795403335433981,2.7464108054598975,3.489321882783191,0.0,0.7824125453079352,0.22556380780861765,0.010528576142086729,0.07130119131656434,0.2752227656720102,-4.849624340134325,-0.963480044220276,15.292974006606961,0.019634855317159347,2.4124446755716127,2.9371772235742597,-0.3390544750670151,0.8792168075645465,-0.2504964768816804,-4.859879299018124,-1.3199349977107921
5,1780387236.3921869,14.710139017734491,-0.22513680072331704,2.8038788604031644,3.490227304363867,0.0,0.692795759482524,0.18547962111784835,0.01133373220184234,0.062395867775275775,0.3673278506133415,-4.972404254072805,-0.8974879809224525,15.190688798780728,0.12627630759406377,2.4789876133052946,2.885882194807192,-0.3537288830650781,0.859942166080893,-0.22546088626665545,-5.00492735545904,-1.2589251599134261
5,1780387236.4421868,14.544497270639827,-0.18087252253106875,2.8592319128084878,3.490290465033439,0.0,0.599006242644771,0.14344757858928736,-0.015779137794609835,0.05340186063724806,0.47993421274168163,-5.091397097105691,-0.8034902389788421,15.082160610101234,0.225260787557157,2.541311974683331,2.8413869810945727,-0.3620494534992077,0.8285516384830833,-0.18984961653035293,-5.148550657928714,-1.1895141714210258
5,1780387236.4921868,14.382652372845302,-0.1458711114676185,2.9114929957095077,3.489399111266277,0.0,0.5069349182643688,0.10509568637298579,-0.016056407824513903,0.04513213584927617,0.6007801141570275,-5.199936970890695,-0.7306801313128126,14.968953332090036,0.31691440753255545,2.597901311098676,2.8028491594063434,-0.36393645293633614,0.7864400103650963,-0.14351099121232558,-5.288777671136271,-1.1226744303514646
5,1780387236.5421867,14.200771537263462,-0.11777246803412107,2.9599930596703325,3.4887197501324034,0.0,0.4324902109894366,0.06694718027964831,-0.02403175933035592,0.03862691433347261,0.7435257691460484,-5.30329088538676,-0.6233390550878575,14.85249892818154,0.40169376518391586,2.6481634842645523,2.771290491862873,-0.3594457858825139,0.7356683464653545,-0.08878205283569049,-5.425463624299119,-1.0620858182606199
5,1780387236.5921867,14.03333032448104,-0.09624684401245538,3.0032957477874613,3.4875223623543308,0.0,0.3822828877240301,0.03687350086803985,-0.021632648527510914,0.034984783260494555,0.8825844246442216,-5.387448129403372,-0.5211860321158586,14.734192022912206,0.48015583705209314,2.691436775556957,2.7463747966351733,-0.34883065895860055,0.679707232367365,-0.026450908015464097,-5.5580097305173455,-1.0071631304144741
5,1780387236.6421866,13.860985675808877,-0.07872101767278405,3.040078220829446,3.4873073478038794,0.0,0.35972327772495133,0.009750996474537737,-0.006090979222282223,0.033712092321119956,1.0340268032721904,-5.461456157940308,-0.4321400100156332,14.614760783689881,0.5528750117750171,2.7283988045800767,2.7274309230961507,-0.332624244181673,0.6238417046578285,0.04763063329363998,-5.688912880183536,-0.9473039230274551
5,1780387236.6921866,13.686199196950112,-0.06469097043642022,3.0696969934599636,3.4874760281526664,0.0,0.36289599464332295,-0.015571251158199843,0.01575255668266421,0.035129264102468596,1.19153087611511,-5.52157840955777,-0.30921653095690615,14.494888118146058,0.6204065400723381,2.759443245397323,2.714562276127278,-0.3120258094199947,0.5723191986815367,0.12549663464068006,-5.8117999236660225,-0.9005999634342459
5,1780387236.7421865,13.51321582541911,-0.05330459682965956,3.0911944785889616,3.4895339007012525,0.0,0.39303453055328497,-0.041130360817235395,0.034538651529744974,0.03866673686016946,1.3534367757479095,-5.562566337574198,-0.1820352450469933,14.375112821316321,0.6833192014863236,2.7851120611499223,2.7075672415717045,-0.28853089775030627,0.5300140126473512,0.21141944748749947,-5.932073806607146,-0.8537676491855279
5,1780387236.7921865,13.338706609277176,-0.044136804023016146,3.10598989568353,3.4915204462915406,0.0,0.4412554644784541,-0.06662226421141625,0.04593614560468548,0.043503140122222124,1.521292246635291,-5.583536376668565,-0.05522441363536501,14.255976071845827,0.7421958529593045,2.8059539618330973,2.7060079648972732,-0.26399133191747126,0.5004107214589474,0.31262983704175856,-6.049665165863354,-0.7979317270079633
5,1780387236.8421865,13.143074050890252,-0.03679207012049304,3.115041242067749,3.498399507038644,0.0,0.4994170615703977,-0.09977131269515357,0.1990868027281093,0.04882967315491064,1.712092732218936,-5.582786394918039,0.07316014936691762,14.13789132912983,0.7976281355773674,2.822709169685522,2.709202830990138,-0.24033882028529385,0.4849201424886758,0.42582289724012934,-6.164391412727709,-0.737991875861848
5,1780387236.8921864,12.974257236091123,-0.030844065400644344,3.1165449278976594,3.4999361439124703,0.0,0.5674086106238404,-0.12968930274466742,0.028549341485400323,0.05588999568720215,1.875777199631926,-5.561998063370476,0.187332939868607,14.02170427874108,0.8503180298207162,2.835312329616288,2.7250495809182875,-0.2194505989864534,0.48303971864930906,0.5436888412212757,-6.271367143141258,-0.6841695717287983
5,1780387236.9421864,12.799694625811089,-0.02592713761887689,3.1131072919177663,3.490879322246947,0.0,0.6500718332445646,-0.17081312040627525,-0.2879585041562961,0.06376704335717062,2.043633530774578,-5.523809181384321,0.27068550833070004,13.907426523850258,0.9009034854080332,2.844985158799968,2.736629146562402,-0.20224916194511827,0.4963272957978756,0.6645683535185682,-6.370068266228174,-0.6361586315466052
5,1780387236.9921863,12.610419792252282,-0.021763691700885324,3.1055769511677696,3.4681768707746543,0.0,0.7332459093740007,-0.2241177286561309,-0.46417989548252026,0.0719260545305562,2.219923184802615,-5.4623840159067525,0.36919778916089196,13.796735894224064,0.9498283317164328,2.8515914469065855,2.737862750612295,-0.18922109149591865,0.5232766803842664,0.7958598140598334,-6.465256505057344,-0.5823356925805143
5,1780387237.0421863,12.451576121217903,-0.017467022826876007,3.0926305779187913,3.4435137503599185,0.0,0.8064838872400657,-0.28108761355364736,-0.5099303836469186,0.0790082775022373,2.3635430892552565,-5.398446757703565,0.4403454445066095,13.69117418113536,0.9975981193827194,2.8550803919138215,2.737146463754846,-0.18066759915492542,0.5612150228195889,0.9326385963022203,-6.551858251186591,-0.52828696755914
5,1780387237.0921862,12.286283464783986,-0.011798446153887218,3.076174159571991,3.407480594419084,0.0,0.8624287612223456,-0.3429880617297526,-0.7790643034323356,0.0848090576582869,2.5093303364736372,-5.322322679627533,0.4881309107380978,13.591040215859987,1.0448124325777315,2.856140946375139,2.741382069603784,-0.1770307728943807,0.6054295324232702,1.0793957336584625,-6.631084010903212,-0.4684293386969607
5,1780387237.1421862,12.123673411342242,-0.004076314567074952,3.0577080447391083,3.360988699217679,0.0,0.9003725064550178,-0.40241047461329327,-1.042309595093995,0.0889503469431114,2.64809322252333,-5.238280912910123,0.5306952416410384,13.496659042805781,1.091982555605452,2.855241754494383,2.7399558976997516,-0.17810152575980473,0.6516573152052871,1.228079476045225,-6.701158946567672,-0.4100971622680696
5,1780387237.192186,11.975461312981372,0.007697423062421268,3.0388768407516538,3.2993773965037128,0.0,0.9216278036583274,-0.4499539424585818,-1.238938147296782,0.0922760450502454,2.7740567429444214,-5.159091517017245,0.5679632589995198,13.407874320952708,1.1394299786535838,2.8532420334653246,2.732644561919376,-0.1830841292360007,0.6956536649208902,1.387575873713816,-6.762655032430487,-0.34431937867870666
5,1780387237.242186,11.804669508816811,0.02436036359789814,3.0183207202462494,3.222209064887072,0.0,0.9242652426229953,-0.4875380280479641,-1.603515547341491,0.09454317965757228,2.9157620298710385,-5.06106081525435,0.5987465256282567,13.323851398198872,1.187306789771386,2.8512658073480655,2.7209266296092993,-0.19080219229893497,0.7358301156503136,1.519304381451454,-6.815108046324775,-0.303783123392499
5,1780387237.292186,11.662959850178263,0.04391011969489343,2.9963457689507718,3.133347665921601,0.0,0.911559408823336,-0.5071846596422682,-1.9815545300055422,0.09625401092261154,3.0340081083027908,-4.977955801670636,0.6227460091328347,13.244070049474782,1.2355267631806228,2.850066219858622,2.6947601561451306,-0.19995845224066094,0.7703852082251139,1.6743448198788746,-6.8610758277430275,-0.24351323587915186
5,1780387237.342186,11.502473208831116,0.06790535154824716,2.9749706771828697,3.019808519117197,0.0,0.8922963767112349,-0.5210171859056093,-2.3313437440756895,0.09786841364070735,3.1658990222381296,-4.879056859972774,0.6476654355959606,13.167754125722732,1.28372214782146,2.8506224577974013,2.6506043498980687,-0.20885517748498064,0.7985198654122289,1.8020667585764236,-6.900601732018144,-0.20448221410915224
5,1780387237.392186,11.360911009219356,0.09518018714447944,2.95531924391895,2.894755005369982,0.0,0.8697496255002536,-0.5255944206837032,-2.5691094278460356,0.09948820424307483,3.283785281273503,-4.790934529843404,0.6643851535347474,13.094897851186138,1.3313510498169434,2.8531727007428405,2.5886550919284685,-0.2158194982944693,0.820325831571203,1.9532477036206783,-6.93139407922493,-0.14547179399043308
5,1780387237.4421859,11.227512846656845,0.12585328431310774,2.9364091531931984,2.7629854078970277,0.0,0.8462011589367269,-0.5344223372899432,-2.637975112797832,0.10156180760259488,3.3975637772588265,-4.702738022060601,0.7090201578763788,13.02521923382866,1.3778167497269278,2.857997749132288,2.5130028238376116,-0.21955783662850106,0.8361167681205223,2.08321953081152,-6.956952214663994,-0.1004695055864171
5,1780387237.4921858,11.097032723863318,0.15731216693610833,2.917578996181367,2.6202012578682883,0.0,0.8174499296261345,-0.5298130535472895,-2.964055521827835,0.10322885208246389,3.5036904715619053,-4.61231350298705,0.7280272730646984,12.958996658620123,1.4225962663026237,2.8647226447599508,2.432531728670419,-0.21934679739815877,0.8471487140123258,2.207296178968197,-6.977260585397956,-0.05711600521313098
5,1780387237.5421858,10.983332102412614,0.18991757539581955,2.9007667497659555,2.46727029254091,0.0,0.7883067008493861,-0.5185238975684957,-3.182662300839445,0.10603349330089273,3.5981810548532684,-4.532386598231263,0.7440508214231185,12.895645267449595,1.4651395474623856,2.8736901623840625,2.3326731665070795,-0.214676330393278,0.8526737835879282,2.3181758243690256,-6.9945881885831005,-0.020098834270199095
5,1780387237.5921857,10.896032336105584,0.22185007085667274,2.8864833389849496,2.302370463124718,0.0,0.7571230089155223,-0.509220707864321,-3.3613098036789273,0.10917174330306417,3.676772381138903,-4.469268369716883,0.7692636020324937,12.83510840274297,1.5047999621235086,2.88500492069452,2.2178478983655623,-0.20459928055088192,0.8539100368542506,2.425526121432607,-7.006945890902953,0.01813818041834958
5,1780387237.6421857,10.806594220820589,0.25295607174137225,2.8740244864920603,2.133853034942453,0.0,0.7324686475458279,-0.48759889004467083,-3.433315165511231,0.11429425991351558,3.753851397186408,-4.397516209712825,0.8040543450200142,12.777704524769243,1.541008106578256,2.898426494531476,2.090354485115542,-0.188879890902129,0.850410496681031,2.5528911031844923,-7.006034671598749,0.07404308391600356
5,1780387237.6921856,10.711241142337926,0.28287658649726527,2.8646771155867805,1.9699497634535572,0.0,0.7063743253261645,-0.4594845982531405,-3.211228944770782,0.1196081445533139,3.8295851821633247,-4.314972389239115,0.8421438513898041,12.722996560842885,1.5732831096562692,2.9141667164803096,1.9543236445284418,-0.16745293553753277,0.8441137545328397,2.6537754596063046,-7.005476740324263,0.1160491416391709
5,1780387237.7421856,10.64599129475589,0.31075949234282724,2.858562369692229,1.8335600217070565,0.0,0.6955994170010537,-0.4335623971735683,-2.6328109847768206,0.12728748819989005,3.887449257014523,-4.255862059864771,0.8785537078029595,12.67064094302672,1.601325346771105,2.9321240778750095,1.824431381259181,-0.14157430918654149,0.8341936339147542,2.769084382526783,-6.991805151868386,0.1720058329536016
5,1780387237.7921855,10.576290872601168,0.3367267013378112,2.855318465755043,1.7284248955051509,0.0,0.7067055543977737,-0.41215498639312714,-1.9862004591643214,0.13791477580178602,3.94126438563055,-4.194697069139331,0.8985613169942042,12.620291204771043,1.6251456473328543,2.951832784810584,1.719474154497253,-0.11323151540939451,0.8252045113189014,2.855573181477879,-6.981726983308496,0.2124372001080448
5,1780387237.8421855,10.514079647142395,0.3606893240136022,2.8558945024276103,1.6490853055941235,0.0,0.7319155299246277,-0.395352036341849,-1.5365838609384497,0.14987186974640035,3.9897076185995823,-4.136411007990665,0.9269532415453767,12.571395207930514,1.6450022243461953,2.972961863662011,1.6439838592819689,-0.08508216633496841,0.824067056466681,2.9375903902104152,-6.967607989577809,0.25308463930007274
5,1780387237.8921854,10.424802342163282,0.38270595169716737,2.8605401445152356,1.5818620545515196,0.0,0.7652476740242643,-0.3724507100451246,-1.3082651519149433,0.16289052964572054,4.044319453685066,-4.048716743298512,0.9629838628759488,12.523467955303813,1.6612208332219511,2.995523256154504,1.5890311994700639,-0.05957306870737819,0.834168557429948,3.0306168343217186,-6.942196224312897,0.3041557402907209
5,1780387237.9421854,10.35804663948618,0.4037943536820757,2.8700577332979758,1.526348069522123,0.0,0.8009321078049633,-0.3563062328218489,-1.0545219715589418,0.1765946774143277,4.087670949844668,-3.983981664376802,0.9934867058641395,12.475801588673962,1.6740584174097548,3.020097387149356,1.543256740379018,-0.037786893183843207,0.8562061705859483,3.1210247369948583,-6.911229786628963,0.35693629350329115
5,1780387237.9921854,10.314222573717021,0.42301833050722887,2.884117758378985,1.4684403038397955,0.0,0.8344286823889621,-0.3482741558582446,-1.0863061128023042,0.19029016008405422,4.120358175568328,-3.9433719012192268,1.0187574319405481,12.428446526144558,1.6837036191914572,3.046933383706339,1.508525039244165,-0.019936027818244093,0.8889276887866263,3.196649362505925,-6.881949770920367,0.4035277802445827
5,1780387238.0421853,10.245150808609024,0.4380978562004489,2.9025669504856135,1.417263270330332,0.0,0.8587550370230495,-0.33388366691610344,-1.0874145696410709,0.20168544830259164,4.156659305552293,-3.87303843755111,1.0572382091047885,12.38171326574099,1.6902828755496961,3.076196089942913,1.4711440118429313,-0.005613283750512383,0.9285252494640402,3.260616576002333,-6.854082921501796,0.4462658561883037
5,1780387238.0921853,10.162908312212906,0.4524519047182819,2.925721549448948,1.362905788259115,0.0,0.8744073283194659,-0.31622075185211584,-0.996686507400096,0.2109784725505715,4.194186542336233,-3.789243478467072,1.0993865140915213,12.335395386780547,1.6938572353066383,3.1082287231647205,1.4322722045185126,0.005681920311517917,0.9669042643444153,3.316881943573223,-6.826265464012706,0.48795708576108465
5,1780387238.1421852,10.096058197333344,0.4649819488313104,2.9520641505616503,1.3200449577617128,0.0,0.8686243650953573,-0.3018459660479867,-0.7706609340918734,0.21665226965777912,4.223855683612796,-3.7241408107992924,1.1335539416944576,12.28935585879739,1.6944780651442006,-3.1402454293831985,1.3964028487349658,0.014617938196463825,0.9996211220356463,3.4002672063858546,-6.77753152445867,0.5525021337742366
5,1780387238.1921852,10.068639373195834,0.47556280738561024,2.98155251180583,1.269078962973586,0.0,0.8660319314588596,-0.2953760490915689,-0.9292758778636299,0.22523964693953977,4.241117391642009,-3.69887112584802,1.165801019771342,12.243602452800877,1.6922103227843233,-3.1034104513254936,1.3708674996589336,0.021266195801879963,1.0229393956895338,3.480001212924954,-6.724131731658211,0.618972310006658
5,1780387238.242185,10.017944987348379,0.48287547821067206,3.017659485479816,1.2346462184571803,0.0,0.9016950275835366,-0.28452483644703414,-0.601977924253822,0.24077083384007872,4.260760658383996,-3.6501124574559216,1.2047502569079018,12.198579071713198,1.687112041292247,-3.0649252969288634,1.336583353273088,0.027399718851942007,1.0445800369940488,3.5394381786393616,-6.6781867966722634,0.6751682759175095
5,1780387238.292185,9.952032263700511,0.48915073420989463,3.059646905795021,1.2268001249237985,0.0,0.9952703710500151,-0.27133302080671146,-0.05601004063893682,0.26427731631385526,4.283212385056242,-3.584491052160407,1.2532348533376068,12.15404396572827,1.6791473933686476,-3.024440156391114,1.3169154359842377,0.03449084123895331,1.077843707025192,3.585240135135105,-6.636936323461708,0.7255079469828996
5,1780387238.342185,9.89276903103623,0.49372662334249817,3.107041996277113,1.2499368760815823,0.0,1.148299721828262,-0.2603288228719252,0.6917021774001045,0.2947443814160315,4.301799578403682,-3.5261481052596064,1.3042895649107225,12.10930420914053,1.6681028118463186,-2.981117746856626,1.3220902178563159,0.042273677391652595,1.136700183765903,3.6286917685765343,-6.592866044965826,0.7784841187662508
5,1780387238.392185,9.873257381501205,0.49464337040278755,3.161907604711349,1.3047714104185908,0.0,1.3242760758217107,-0.257985664826704,1.3502661441782682,0.3234970029046421,4.307294341559731,-3.5068249565164162,1.3602815315517134,12.06356022874135,1.6535488748782232,-2.933799535229476,1.3618121831283279,0.0490432899478217,1.2287223359680477,3.678505989403941,-6.5389337690498435,0.8415911963086931
5,1780387238.442185,9.799948150622583,0.4923183213929985,3.22483225217964,1.3931751592680832,0.0,1.5345911707509445,-0.2440492604959924,1.979747344755972,0.35330958341482693,4.321440484900402,-3.4364872383185237,1.4199550254571873,12.016271712865313,1.6348921755598549,-2.8815998510517824,1.4324358995002584,0.051147044870303,1.3440357306631623,3.731107446561236,-6.476149135097237,0.9135368448221151
5,1780387238.4921849,9.710409379275616,0.48532443481016074,3.2949510031459743,1.509047066658523,0.0,1.7518898503540377,-0.2261626737736968,2.395237354831467,0.37762779957311327,4.334884654653344,-3.351077344841239,1.4831926122496215,11.965921336737733,1.6114037829957741,-2.823325840888139,1.531221067553419,0.045917575769569174,1.4753594918473674,3.783193057901879,-6.40555438053493,0.9928665312744496
5,1780387238.5421848,9.644234840244328,0.47236464007250367,3.3725029145119945,1.6328308661202415,0.0,1.9356669435488996,-0.21370005537362646,2.514649015057931,0.3925490471935567,4.337099751563641,-3.2895320326351594,1.548302931203736,11.911599721999007,1.5822792014720406,-2.75848650672675,1.647093053663497,0.02999978291961813,1.6061665407786545,3.8346090751595767,-6.325851288296117,1.0802171906262679
5,1780387238.5921848,9.571092788870933,0.4501230188457602,3.458804466992925,1.7590352141054872,0.0,2.082477779917149,-0.1971112602729845,2.2671512849588966,0.39584027371627345,4.332708705552777,-3.2194636704608492,1.6203632866509503,11.853442577713308,1.5468371762984652,-2.687637857512399,1.7655307044290551,0.001497184379118232,1.7207861226267842,3.878581272378297,-6.241585048324754,1.1702417279931545
5,1780387238.6421847,9.498358466531258,0.42102478455234493,3.554914142603466,1.8679299580407172,0.0,2.2160374994482765,-0.1788164923137918,2.2391127487183087,0.4002802878563419,4.322831086243978,-3.1468121653275936,1.703929748622567,11.791580030616705,1.504711002982507,-2.6114667941801946,1.867461162483235,-0.03892942854432914,1.8091638072368814,3.908273458950922,-6.159519659591737,1.2559932700050718
5,1780387238.6921847,9.422390020737007,0.37972191277090667,3.659992995747199,1.992325384715086,0.0,2.360307974891362,-0.16115563906797287,2.5191516778549836,0.40168832874602733,4.30219920296736,-3.072267346586915,1.7825955368726767,11.72651098494255,1.4556698848250211,-2.531016731222741,1.9622036078594856,-0.08928285551912926,1.869649988563982,3.952837497999538,-6.052534274078347,1.363432883220728
5,1780387238.7421846,9.327841189873167,0.3268314350816735,3.7715223733501095,2.114579433908097,0.0,2.5005928660443892,-0.13614627667267312,2.3816735843652874,0.4009522694323186,4.278135395866275,-2.978483453934836,1.8562421731341114,11.658564894709968,1.3992367706138635,-2.447537400906043,2.0644536787725483,-0.1488834344657248,1.903296039845657,3.978839627560557,-5.949667698969186,1.4621817732391094
5,1780387238.7921846,9.243096413795675,0.259372878272585,3.8910013486463497,2.249819281444571,0.0,2.6605128162492826,-0.11112527813598426,2.892001736885423,0.40017945103187186,4.241280874346734,-2.885259054647827,1.9393654269413432,11.587612444828695,1.3351065156481094,-2.361719800465675,2.1518846970658227,-0.21638477799542388,1.911653830961999,4.002607312897954,-5.836537686585561,1.5665347880998368
5,1780387238.8421845,9.147595458458136,0.17688164934340153,4.018489517410304,2.397417148609245,0.0,2.8350539540559323,-0.08299596103301779,2.862850095651735,0.40000000596045915,4.199017274916294,-2.7745747389864377,2.0192274804331083,11.514072472499645,1.2628228487491362,-2.274586602848463,2.2563653803200694,-0.2907590188777476,1.896954591612518,4.025390488620855,-5.7092774773969825,1.6795323955013695
5,1780387238.8921845,9.061740624696277,0.07808295164138612,4.151875062276723,2.529230079590133,0.0,2.9909286925802028,-0.05758166579011514,2.5160754723560417,0.40078889790959155,4.144627582076356,-2.661743882835004,2.0786836833467213,11.438154344166707,1.1819181119313,-2.186851579738312,2.3502448989192026,-0.370953837056371,1.8610710557442036,4.027337402883765,-5.5890115848159025,1.7780442974819035
5,1780387238.9421844,9.009461628143809,-0.03450358207640136,4.290142802462112,2.633297926104958,0.0,3.113993616814642,-0.04137647920479947,1.87851471542487,0.40218795565506443,4.073041457694839,-2.5611681469299605,2.1757615599645987,11.361335081709601,1.092829451900796,-2.0995461846963392,2.417956170135073,-0.45341916902111146,1.8049295925606825,4.03335983469571,-5.449297872801255,1.8925752193820404
5,1780387238.9921844,8.979500584271786,-0.16015043343942198,4.435467403372352,2.7182286935827,0.0,3.2328328306229595,-0.03171225069913418,1.638836984153947,0.4031983428374957,3.98122972321686,-2.4701372799854195,2.3182291080334725,11.285990498274085,0.9967922933034072,-2.014217420717224,2.4467459044134525,-0.5331927446639776,1.730140963566395,4.022967038043276,-5.314224079573574,1.9972931927000532
5,1780387239.0421844,8.945847395667474,-0.2939957891991374,4.590208976057722,2.7805334243836066,0.0,3.3256296356256243,-0.021392607528626796,1.1769348253184588,0.3984193400971335,3.890963379269105,-2.362494166532149,2.434124112829436,11.213936099191473,0.8950862142803921,-1.9321986384982375,2.458691365808827,-0.6059398923026527,1.639779461233531,4.018719774348053,-5.156787880187243,2.1302415656007136
5,1780387239.0921843,8.954570992508648,-0.4349943020452202,4.7529794127323814,2.8344212287387838,0.0,3.3630916501948906,-0.0240676707335663,1.0990773236306257,0.3892836498640567,3.765687064440268,-2.2964473679270623,2.6093819307840063,11.14611731617053,0.7889037656188462,-1.8541124950543422,2.444483796675938,-0.6680931907855678,1.5399159302682255,3.9820792443924793,-5.0285335459789895,2.223681986444449
5,1780387239.1421843,8.973075130311196,-0.5772310612397379,4.9229603905263986,2.8888524336353267,0.0,3.342666058792309,-0.03021631708453258,1.143140868246364,0.3718704950852477,3.629603095442814,-2.245681540785898,2.801180450421178,11.083874669903473,0.6792774352205592,-1.7811915494592572,2.4267571060407698,-0.717418385333771,1.4354819713887244,3.9379682866634194,-4.902255131149762,2.3161891807462753
5,1780387239.1921842,9.015272471245709,-0.7171146062315177,5.09910567068565,2.9586433550167652,0.0,3.273773252159441,-0.043333777141639516,1.5903080812078747,0.35099703165489887,3.4855796334915916,-2.2134848030891114,2.9853655320538035,11.027486225292796,0.5666116354269726,-1.7136580408407718,2.41375497352028,-0.7531598519887996,1.332977584920815,3.8835055256321342,-4.783156276870502,2.400429851416467
5,1780387239.2421842,9.079188801219038,-0.8525690319746992,5.278200449570294,3.0596501079857132,0.0,3.1775829096263153,-0.06370623178178629,2.2883590724802096,0.3236286861422334,3.312643682904367,-2.244059617550579,-3.058117235583407,10.977110294150364,0.45060747461390366,-1.6515998744648657,2.427644892677746,-0.7762624632672904,1.235922847427058,3.819125868588101,-4.670900889564198,2.4760729969830626
5,1780387239.292184,9.17916548120659,-0.978715571020602,5.457837761033741,3.157401051360592,0.0,3.0097614971462687,-0.0939042933163571,1.9667294280591985,0.29360029446691094,3.1290773203036624,-2.336419225071085,-2.8098793815851266,10.932749248542317,0.3300754592680527,-1.5947838123857199,2.482782753206064,-0.7886510263012626,1.1493406474309695,3.745067231662388,-4.564012063659567,2.5446727140743546
5,1780387239.342184,9.306068785914151,-1.0919130620932662,5.636207553188321,3.246296447216091,0.0,2.7627264761999126,-0.12939925073705566,1.7404424973086805,0.26393209848270527,2.9531883819931997,-2.470603083320904,-2.57033633651025,10.894478704139607,0.204694326649371,-1.5427383639807324,2.529879904466933,-0.791871326875357,1.0760317801928676,3.663050700448699,-4.458812564711524,2.624446159461333
5,1780387239.392184,9.466950226416325,-1.1874192924803657,5.80989547364093,3.3327397206715257,0.0,2.5085325069651208,-0.16925799262609584,1.8202209792382276,0.2318874867570435,2.7895832896390185,-2.6595350004513825,-2.3351118446910553,10.86231757777268,0.07521962114483222,-1.4945795647500015,2.574518874457658,-0.7869033095250207,1.016829885069391,3.569503111240181,-4.362673976363983,2.6929130416588274
5,1780387239.442184,9.649321408715592,-1.262258338315891,5.976807827656867,3.391457715499967,0.0,2.1933868092200655,-0.2082044325393453,1.1699451864424202,0.19508130862692513,2.6564148568052333,-2.8602963617555073,-2.1299961519100616,10.836364755398623,-0.05816071894806121,-1.4492167595586123,2.6327636431037282,-0.7754719093762427,0.9737302401065208,3.466665610788426,-4.273825572125643,2.7486479171407963
5,1780387239.492184,9.871303302235903,-1.3157842398354587,6.134038115935542,3.431016341429207,0.0,1.7848743532078626,-0.26560750958694396,0.48601857634905676,0.15352639182537883,2.5452966410277913,-3.0908732085656543,-1.9506562929119937,10.816850632672589,-0.1947875988455866,-1.4052408870153805,2.668161579167969,-0.7593043137026181,0.9482226948135499,3.356365626983455,-4.191149993815823,2.801993763835392
5,1780387239.5421839,10.176906996592516,-1.3427013818347333,6.279829973957298,3.419490053048074,0.0,1.3330027565814662,-0.3385443441002633,-0.6023186221772451,0.10934225884068294,2.4545329202100783,-3.346136487636363,-1.8319175350472152,10.804056408870755,-0.33314824520466135,-1.3614842950809403,2.6814796762931996,-0.7398557436444243,0.9382950413891024,3.2402240114268954,-4.115184719376935,2.8533229784730203
5,1780387239.5921838,10.524538497772369,-1.3376245861857712,6.412453820761367,3.359040463774222,0.0,0.8349011095016214,-0.4067823610692389,-1.445891185923165,0.0635520472584403,2.397448094007503,-3.545617566644832,-1.8038738562639516,10.798445462869411,-0.47133357071628695,-1.3165202558468172,2.6543207601137455,-0.7183368794062032,0.9363160033945114,3.1206394629185983,-4.045818345421293,2.901965231872693
5,1780387239.6421838,10.894545492717027,-1.3049181611610186,6.530184511110015,3.2655796342294643,0.0,0.3686996034554981,-0.4681973473323956,-2.2606107991724156,0.017796729627326653,2.372300422198708,-3.6759373623503055,-1.8690535298392401,10.801071348015544,-0.6072834930488312,-1.2688169754920129,2.5978640668572877,-0.6951395442937288,0.928949368507814,3.000194425909887,-3.982745412187739,2.9479200181201817
5,1780387239.6921837,11.268591950069823,-1.2435204711757297,6.634680677625044,3.1297537694938615,0.0,-0.12281708552357545,-0.5048613965541436,-2.848003180741204,-0.029320949472345856,2.3131332596424397,-3.866623673068152,-1.909173394819696,10.813925038284934,-0.7392154564525026,-1.2171151882866844,2.512213426114707,-0.6695858710114511,0.8983037687561051,2.8807678266910886,-3.9261728384782573,2.991751198732314
5,1780387239.7421837,11.588743445333412,-1.1647354987282144,6.725792883618332,2.976770195770401,0.0,-0.5449534758089103,-0.5118567832753863,-3.2788059932526274,-0.07402009981326527,2.2322892334229003,-4.0715490045363705,-1.9127711446468005,10.839785961143221,-0.8655101731375061,-1.1610573838241947,2.4055012685020616,-0.6396254231270846,0.822161672021223,2.762745146427833,-3.8784565976549867,3.0354357221620862
5,1780387239.7921836,11.860410126980632,-1.0700206091665445,6.800982864920824,2.8112617729933467,0.0,-0.8945570192046438,-0.4859699552388608,-3.214151335013794,-0.11397884718883529,2.1560494583401293,-4.271590646490507,-1.9086538389688368,10.880999570457048,-0.9847905545531831,-1.102384140160832,2.2820774190298674,-0.6013641590566584,0.6822950862512348,2.648057035378611,-3.8385481656602667,3.074455335769036
5,1780387239.8421836,12.05812081134139,-0.9732877650948452,6.86092516363974,2.668603800294854,0.0,-1.187988259101473,-0.434780961487813,-2.8096310803015916,-0.15177004063763366,2.125493511597632,-4.420336883729843,-1.9278157884878748,10.936799862287979,-1.096250141531756,-1.0465294300719021,2.1635575192757037,-0.550236721050904,0.4690806020052629,2.5454703606070463,-3.792402567211408,3.0909694395997285
5,1780387239.8921835,12.208205769720959,-0.8800429863280749,6.906423749225686,2.5619669875482165,0.0,-1.3984359786478242,-0.38139822846333854,-1.7658510105459266,-0.18071179893777384,2.0872735856194824,-4.561206937639131,-1.922798511022748,11.002402538395257,-1.2000138034329848,-1.00203652295892,2.065075985427327,-0.48382075516821754,0.17236568193092533,2.4325325046128383,-3.7751294671807356,3.1198862028930527
5,1780387239.9421835,12.348904389393022,-0.7906799146284252,6.936366902498718,2.47234228767425,0.0,-1.5206163520316838,-0.324623082224794,-1.7379460830707183,-0.1995629219977576,2.0704736164523405,-4.676936798765569,-1.9710030431531376,11.074384030329332,-1.2974408974003389,-0.9751411711128868,2.0185427352095973,-0.40129848790542605,-0.1902513220112954,2.326984535793911,-3.7567352203660844,3.1248199232284595
5,1780387239.9921834,12.459109087082357,-0.7083944132815359,6.95151728020614,2.408211134629612,0.0,-1.5677364425094242,-0.27655807399944027,-1.1419407858038855,-0.20962167152461855,2.0341413462779876,-4.791063494226747,-1.987147779457728,11.148189647380558,-1.389806759450042,-0.9703635547490599,1.9709299693876658,-0.3072425190309254,-0.5647519043725314,2.2268348967685005,-3.73783610062732,3.1067918323824877
5,1780387240.0421834,12.57641478385068,-0.6321092174010787,6.952320311911393,2.373765439997494,0.0,-1.556883008575012,-0.2323955545615101,-0.5251086559155599,-0.21141027807466434,2.0023788815912686,-4.891398094420547,-2.053259086471323,11.221148651489978,-1.4783109041019515,-0.9867115304551892,1.9478781210726448,-0.2139264867933423,-0.8773911901334626,2.12771296657283,-3.722518010769587,3.07253427921229
5,1780387240.0921834,12.67715043693749,-0.5607281823084715,6.939391187771024,2.354424980187039,0.0,-1.5055984691947009,-0.19902504260042442,-0.32025938316664104,-0.20487934682376543,1.9606190781745492,-4.986583884689838,-2.1086945777541493,11.291059139132065,-1.5650457779469178,-1.019986337993355,1.9478971351502923,-0.13237559386888303,-1.0864953573873104,2.0641597450765685,-3.6631338446122825,2.989131948210579
5,1780387240.1421833,12.792844658183757,-0.4961304150416851,6.91278717429836,2.350520721979814,0.0,-1.4375815019709322,-0.16655016920591034,-0.10768526100021057,-0.19600449313426022,1.90875604663497,-5.073337204213478,-2.206835033329911,11.357271608820758,-1.651653479348431,-1.0641902321529746,1.9505559237491827,-0.06486436703994936,-1.1987882939857413,1.971877584066199,-3.637533910055927,2.9291499318925
5,1780387240.1921833,12.883498561070944,-0.43646270126977926,6.872624113734062,2.3535055417267743,0.0,-1.3546108821787308,-0.14714857708240242,0.09749076464469147,-0.18418465582919857,1.8612493024464987,-5.148645122671228,-2.2989629335387303,11.418033144208561,-1.739096943878228,-1.1153556982959985,1.9564646149522036,-0.010545477012900005,-1.2483958156951973,1.8900383076637863,-3.5979108427851276,2.8568992706010956
5,1780387240.2421832,12.999505865118643,-0.38162862331976055,6.820453454292828,2.3661109386929704,0.0,-1.2888386142571353,-0.12311562817560973,0.37818387041505286,-0.17456164092216528,1.7823632198256654,-5.223156086487092,-2.40598135417161,11.474044747634617,-1.8280900173975287,-1.1697744795609415,1.9674996636413715,0.03328478821251546,-1.2575232970731889,1.8045202032008905,-3.5591397740535804,2.787729839868055
5,1780387240.2921832,13.097452010284668,-0.3314492423404222,6.757293228896992,2.4136335913485274,0.0,-1.252992536215954,-0.10739616924897132,1.1156838100782436,-0.16717068161594237,1.7145818179221253,-5.285808042666013,-2.526816750685896,11.523973687954026,-1.9192458866085467,-1.2262369173000152,1.9876348075868189,0.06824915494788639,-1.2480557016533476,1.711214089252932,-3.525194680410895,2.7256820626305194
5,1780387240.342183,13.228044853539915,-0.28568817956612286,6.684942931348157,2.478737590084119,0.0,-1.2367945283163648,-0.08506919083593803,1.348410046835508,-0.1614004959422669,1.6139900332849928,-5.3409263100614055,-2.680086269476851,11.568643309771137,-2.0136937364913376,-1.2834366734890954,2.041159148257798,0.09734219587634683,-1.234177807221577,1.6343626721280502,-3.4688400672030912,2.652328653814232
5,1780387240.392183,13.335403468573368,-0.24469004565680993,6.606151546207726,2.5687364371404358,0.0,-1.237639127129348,-0.06950169603739713,1.9564531378449836,-0.15601542573569444,1.5281665933733732,-5.383077223541519,-2.8367631062722154,11.607204405402587,-2.112438872912336,-1.3415201890831274,2.102513706788704,0.12348767335583904,-1.2225519392030435,1.559436491849514,-3.4041345996078096,2.579001539015753
5,1780387240.442183,13.469159484809186,-0.2090587856999442,6.524500421681339,2.6888796194830493,0.0,-1.2523825732445062,-0.049211984890601836,2.7399712434829007,-0.15207565958670732,1.410571837712495,-5.412538193234176,-2.9979366529500346,11.640139823735312,-2.2162937770736866,-1.40010330033012,2.1913306817396405,0.14923347575260015,-1.2146878766675397,1.4770039121378473,-3.33946575990509,2.5115289711957676
5,1780387240.492183,13.61856034068975,-0.17839181070386115,6.442971034122641,2.826653454748632,0.0,-1.2768724045538125,-0.026162419820956195,2.815919521924987,-0.14771915555730528,1.277090712096181,-5.423500108977971,3.1061402235349327,11.667023408685083,-2.3267064652289515,-1.4594447134558142,2.315676061818903,0.1775271385048349,-1.2142624546319791,1.3844806525490472,-3.275341009620148,2.449993691202617
5,1780387240.542183,13.749491435775251,-0.1561703318638445,6.362779407447273,2.9623257801768594,0.0,-1.315570537050045,-0.00649044691586537,2.634343390250349,-0.1453753613950938,1.1554913426378937,-5.417728828123409,2.959249476646601,11.687570489500255,-2.4444089010178014,-1.519699417856551,2.4394458541027824,0.21036602942607352,-1.2191998739271979,1.2922853078475747,-3.200727323113931,2.387265185590822
5,1780387240.5921829,13.913976047265445,-0.1420630904967702,6.284299538826902,3.092854178221253,0.0,-1.3781295956542197,0.018674578475660553,2.5004534677462367,-0.1459693722981138,1.0058822720694445,-5.384506935917795,2.802304424897738,11.701764600598537,-2.568870504426922,-1.5807868885063827,2.54941537261535,0.24728183761312403,-1.229047060070274,1.2021073208033584,-3.114759562690005,2.322781873008064
5,1780387240.6421828,14.06134085585213,-0.1388205395558421,6.208760559716744,3.2037036550351803,0.0,-1.4082338152000389,0.041189380393252456,2.120494580306433,-0.1453732912336314,0.8739019796551034,-5.337902544323828,2.6738528137753335,11.709395165469871,-2.699207261620093,-1.6427462617006843,2.6464927074272127,0.2875674820043712,-1.2440833356795562,1.111285249702693,-3.021267974452205,2.2584272249850272
5,1780387240.6921828,14.222857318804136,-0.1484004239365974,6.135614010648305,3.2983090329436964,0.0,-1.4306843130003453,0.07005881188637143,1.8015900262483149,-0.14233444410317037,0.7388952683691985,-5.267032602646649,2.5361343955103646,11.710766860254752,-2.8342077530123495,-1.7053970773267477,2.7183559513597544,0.33078683285533245,-1.2596848796505031,1.018298619315114,-2.923397540385993,2.195303584662881
5,1780387240.7421827,14.384382735829282,-0.17194927374420554,6.064497750074474,3.370728633020008,0.0,-1.4000562062966948,0.10371091245738916,1.2655475357259003,-0.1346878337271309,0.6118840073387998,-5.176285440973266,2.4216226636124514,11.706392793916141,-2.9723786524953746,-1.7683797924240392,2.7671282399641957,0.37574911264331934,-1.2717153801724406,0.9232179026504892,-2.823143493606443,2.1337836904769265
5,1780387240.7921827,14.532084686107263,-0.21001676615949508,5.9962640708127015,3.4187233022521615,0.0,-1.314850470211859,0.13910087023055043,0.8958277562159161,-0.12346260200084701,0.5051886487496686,-5.072289298980266,2.3336541192357263,11.697203004771167,-3.1119998579335486,-1.83112367895834,2.7816626403155116,0.4205973447263444,-1.2760201805184304,0.8276609826910284,-2.721338096128091,2.073686730872847
5,1780387240.8421826,14.705410883594759,-0.26260530814997346,5.93201235504118,3.454401996032822,0.0,-1.1668805288052233,0.18037987674307285,0.6091062939293406,-0.10570893953916333,0.39125523596171385,-4.943181259715325,2.2305311350152515,11.684248777201205,-3.251309359236712,-1.8929947352604746,2.770689041401763,0.46285669965929344,-1.2710177858416976,0.734258939119949,-2.617891549341676,2.014565523215106
5,1780387240.8921826,14.8452972874162,-0.33023531498058234,5.8716571851478,3.476304738241725,0.0,-0.9554349608784543,0.22133969143224538,0.279510684830099,-0.08256157488200574,0.3117626735653529,-4.812817189291677,2.160206307281756,11.668676200626425,-3.3889030377679266,-1.9532885014982784,2.7387727285428314,0.5006365726460614,-1.2536930572699794,0.6457282540908986,-2.512118646773998,1.9560577367937988
5,1780387240.9421825,15.00875578286784,-0.4097222006510715,5.81636629111725,3.48717535688542,0.0,-0.6984867224883318,0.2536825579388063,0.32113610422425,-0.05761822078028797,0.22039644761536598,-4.658621082975676,2.096778066719425,11.651370750118755,-3.5235179460254735,-2.0113057542938115,2.6852949802050246,0.5318665636139126,-1.221405383065632,0.562506195022991,-2.405345327385714,1.8988991495363639
5,1780387240.9921825,15.143470333026931,-0.5007030021855519,5.766390203785914,3.48265244938212,0.0,-0.44133159966953545,0.27623531158389075,-0.030473911550128893,-0.032364046364561166,0.16601565712090768,-4.5129932765417955,2.0276360351621907,11.63269323529458,-3.6544022305322095,-2.066387721083451,2.6313475500055765,0.5548650060059123,-1.1731015848921613,0.47752720835181073,-2.3054387742411655,1.8466406826158597
5,1780387241.0421824,15.267401560476408,-0.6002132283373656,5.721748411818281,3.4858648656814295,0.0,-0.18030415200676517,0.2795877188305861,0.0682594903811481,-0.008307524779300324,0.1151575221095136,-4.3587518220778625,1.9910868243641602,11.612836307194236,-3.7809318425606806,-2.1178633554706794,2.5598980548271504,0.5680189666522323,-1.1074114311057073,0.38871206197352004,-2.215323981529477,1.8006410774759205
5,1780387241.0921824,15.390558729428,-0.7106662670991533,5.683251788738157,3.4886286268511757,0.0,0.07793130560047605,0.27587645614132505,0.056876590930156845,0.01467782325717454,0.0813868897489391,-4.203126438486185,1.9404685374745387,11.59146949625885,-3.902695281878494,-2.1650927314299775,2.497124214657809,0.5699623904612496,-1.022775537848057,0.29573280155689385,-2.136046285686067,1.7616339417543276
5,1780387241.1421824,15.498060924501608,-0.8165765460706715,5.651520718557862,3.489301750550315,0.0,0.2860680387823026,0.2553971982324046,0.02827072019521941,0.03317087833412009,0.03778002136281172,-4.045999497596077,1.9299746780610008,11.568469856574032,-4.019778755649018,-2.207155058054405,2.4393365757648886,0.5601209984205461,-0.9153570353076051,0.20338248959441074,-2.0628980990994434,1.7286789212272629
5,1780387241.1921823,15.61202237897232,-0.929742600372121,5.627128198464662,3.4931103468020073,0.0,0.4458563428538157,0.22293941299031442,0.09112516142414004,0.04659566375887543,-0.005072217093424314,-3.8832306003005104,1.917499657880402,11.543154727607087,-4.132231594033756,-2.2431808524924204,2.3883149576539706,0.5372573620110604,-0.7855605460485022,0.1120133039781317,-1.9955539520247774,1.702650398840687
5,1780387241.2421823,15.721526898843685,-1.0424242779529758,5.612246646129059,3.5048670964257904,0.0,0.5498546407962094,0.18931930535937253,0.15391735449739477,0.054123785630820986,-0.038621023354940553,-3.728602431210355,1.904501539456266,11.514678238087647,-4.240269784075038,-2.2723355338517286,2.350277032222838,0.5007665432305772,-0.6350594554266924,0.029920073794148294,-1.9250675501442114,1.6816672953621747
5,1780387241.2921822,15.831673479292776,-1.1555115388764037,5.602683058705868,3.501309399673793,0.0,0.5980950510356563,0.1543972401303711,-0.13090869363862195,0.0573346438278729,-0.11516546663728822,-3.5495641685519583,1.938667410463669,11.482465448176448,-4.344261737173839,-2.29384953934764,2.325099774395936,0.45091005840246795,-0.46941166574779136,-0.03229443664847098,-1.8394657361486098,1.663113269392312
5,1780387241.3421822,15.945226839040078,-1.2649669999143318,5.598250234871497,3.4715859640554303,0.0,0.5968060264699652,0.12029385965012693,-0.8968386211082783,0.055753073862955534,-0.181568604380832,-3.387090061635992,1.9540574186173032,11.445902486379834,-4.444319217642644,-2.307345968657759,2.294948422418376,0.38933957882530157,-0.2966673657390243,-0.09725736691897024,-1.762493359469433,1.655257179098772
5,1780387241.392182,16.066831192866655,-1.371506315550371,5.598760973302152,3.4298700100778334,0.0,0.5526482222953726,0.09331608499262325,-0.8802184254700949,0.05119524825438786,-0.27682067698437784,-3.21697868736789,1.9865436238325973,11.404833899503704,-4.539877381295415,-2.3131124063393225,2.234635935486503,0.31883261609120617,-0.13330294216307892,-0.18400803577082714,-1.7157149183052982,1.664018646931794
5,1780387241.442182,16.17056424945751,-1.4736292313796364,5.604028072674039,3.394623229564057,0.0,0.49438307772232376,0.0763375451350441,-0.5910358773726376,0.045596733319044014,-0.3757589666022879,-3.0550778364580307,2.0310997962707464,11.359849841270721,-4.6307442164808785,-2.312058059504433,2.1809459368632016,0.24561778948549323,0.004518984349840938,-0.2690464158980306,-1.6745667830400066,1.6805153152949472
5,1780387241.492182,16.288520322972545,-1.5745482558098964,5.613864331663362,3.373150298622359,0.0,0.43001357315833516,0.06219476740714754,-0.3389779788730914,0.040410966102824436,-0.48742543744566946,-2.89393550578591,2.0732428294431084,11.311942680572393,-4.717809809616375,-2.30554300429829,2.144790992160058,0.17766902795953593,0.10591871185623226,-0.3357874441032602,-1.6185903286558885,1.6975895655644546
5,1780387241.542182,16.4164805154168,-1.6717116982415736,5.628082548946328,3.3657985583228145,0.0,0.3918874191683377,0.05085814432171912,-0.04994606729550628,0.037435983069010303,-0.6273223698803019,-2.734806705233786,2.1250558116445433,11.261300150356005,-4.802251570244626,-2.2954106786732607,2.122890318929376,0.1206549780391151,0.16993151802652418,-0.4451566114104888,-1.617979261454825,1.7330059141990954
5,1780387241.592182,16.55359898782935,-1.767653113021309,5.6464955231991425,3.3788495015565347,0.0,0.37275671203169863,0.03570128184433642,0.3928191560314491,0.036324285950427596,-0.8552909248484376,-2.5569971933276863,2.2222587348996896,11.208258585766037,-4.885232076452319,-2.283218209988859,2.116267662271398,0.07669466937584779,0.2074572297030837,-0.585492611856548,-1.6620374396934636,1.781202400600808
5,1780387241.6421819,16.684981069191473,-1.8623919506065671,5.66891605309801,3.4117732211815155,0.0,0.38060197661366424,0.021404752524261883,0.7757259037895885,0.037378146301753304,-1.0193157383205946,-2.413366605885461,2.2802370682468,11.151577416620585,-4.96800742133003,-2.2702150055135433,2.1328686543301654,0.04460010446122945,0.2302897237481292,-0.65241404048456,-1.6133497149171219,1.8059319450256321
5,1780387241.6921818,16.84688055803066,-1.9595539039849006,5.695156937319137,3.4482945526386364,0.0,0.40778994981752426,0.0001523832478713856,0.5464420055133694,0.03911114753358525,-1.3221269704542444,-2.25135390204366,2.394129882275653,11.090662077445401,-5.051814812590209,-2.256898781381611,2.169634269287514,0.021851009846527273,0.24918034433038416,-0.7413742260432876,-1.5933053371475365,1.8385784403123173
5,1780387241.7421818,16.987361795338032,-2.047786698642972,5.725030974538727,3.4689825810348895,0.0,0.4293878970820911,-0.02111990758760577,0.31645221112195265,0.04060154334960822,-1.5684203230130436,-2.1303575853216916,2.48360636168567,11.022617150084226,-5.13713581821412,-2.2439490677715495,2.196827595660904,0.00545481261059981,0.2673710436331793,-0.8313896565781982,-1.5734088534290804,1.8717525731917366
5,1780387241.7921817,17.1588957388039,-2.135826789522048,5.758350963432988,3.472400026800926,0.0,0.44362245651813703,-0.045659891232847014,0.18163692276693377,0.04178367802052528,-1.9319944422106208,-2.0219912531370925,2.6112812723203334,10.94595816656668,-5.223748643787307,-2.231753888577112,2.2145474117341304,-0.006816620313920829,0.2842164034450231,-0.9131282147134505,-1.5397829006521233,1.9020909820475786
5,1780387241.8421817,17.335021033703015,-2.2190200763530363,5.7949297026781235,3.475312024719347,0.0,0.44181058300820564,-0.07185786237236443,0.09270984078236916,0.04127249398229226,-2.2941513303127987,-1.9521599065206474,2.7320628067506725,10.856177316783064,-5.311419223530188,-2.2212460625612924,2.2280043193103687,-0.016321812987906997,0.29920018413445604,-1.0963547766540191,-1.670909813526725,1.9690562703070835
5,1780387241.8921816,17.512997089144662,-2.2967831206018188,5.834579990950339,3.4835996347631153,0.0,0.41399346781028606,-0.09984446915110326,0.0712237850331679,0.03793188709118136,-2.5479745704142216,-1.8970918524156364,2.8025196066356264,10.745421852950225,-5.399934782179997,-2.2139959690758606,2.23978900464657,-0.024231938460426955,0.30863911013697687,-1.2711934677225631,-1.8098761249139845,2.0352931603918014
5,1780387241.9421816,17.70204068485472,-2.373813023396503,5.877114626925841,3.5050563543043984,0.0,0.3457960484063445,-0.13176681217936087,0.14287258726825758,0.030111810547942843,-2.8777759653782806,-1.8657772351279749,2.9021519842392234,10.59538885696704,-5.489000849967672,-2.2135829082500305,2.2536173766639767,-0.03132796408427374,0.3072901282476955,-1.4487732589575333,-1.984215849650084,2.10594173316632
6,1780387241.9822068,27.46947240053782,-2.388219212048186,2.7206807073947683,3.497778575153988,0.0,0.3000135787315047,-0.05263055785953177,0.07239098167138672,0.025783886709857862,-6.951107831104455,-2.2329740989667193,2.8395116166049803,27.46947240053782,-2.388219212048186,2.7206807073947683,3.497778575153988,0.0,0.3000135787315047,-6.951107831104455,-2.2329740989667193,2.8395116166049803
6,1780387242.0322068,27.2728769485617,-2.315883656604354,2.7147910511166686,3.4947730325215516,0.0,0.1078126125361514,-0.05131219930421097,-0.008328639110441972,0.006711336893281841,-6.984073937676677,-2.1630681846167072,2.9079616260160535,27.28718885343959,-2.316199435112802,2.7262145747898847,3.510111886849235,-0.036867879007391365,0.30492255281151237,-6.986337136705887,-2.163824628480768,2.9121845229861902
6,1780387242.0822067,27.077033564219956,-2.2370719168598576,2.7008636342428014,3.4932508005377256,0.0,-0.07778309258829948,-0.05180388840724796,-0.036091049239502467,-0.011402067451043519,-6.9659546675993615,-2.0770421339780816,2.9969503098990096,27.106164605724008,-2.243209194676262,2.7309278776761516,3.517921220747844,-0.06948707921278137,0.25721298272191084,-6.973820951439604,-2.0857651077443244,3.009538612388031
6,1780387242.1322067,26.909153433129987,-2.162913227912806,2.6794946042015604,3.492979138855972,0.0,-0.23097885482651748,-0.05375263059864565,-0.025387792112932593,-0.02609682617043966,-6.922648470845576,-1.9820682633812474,3.0852380452136465,26.92568443010037,-2.1693142128188083,2.7321868688375073,3.524391521608366,-0.09139795162217897,0.17075082059618607,-6.931312214983551,-1.992668722758064,3.1247112910659887
6,1780387242.1822066,26.74828536125917,-2.08575211395231,2.6512801084213393,3.4932998641758513,0.0,-0.3721728344952815,-0.05681297861629796,0.00111373175239694,-0.03943968872308996,-6.8621106439769175,-1.8652057728872848,-3.100119881428622,26.74521948898394,-2.0943990221585795,2.7282178900880023,3.532016679922911,-0.0990052047634452,0.06292492526215065,-6.8544113676454055,-1.8707010832723612,-3.0198803247173114
6,1780387242.2322066,26.58305988783242,-2.001823430086143,2.6168162943305324,3.495189525926923,0.0,-0.5117412041521276,-0.06089651168988842,0.029926004113273466,-0.05242717214506157,-6.781437224458507,-1.7057538565173838,-2.9765726113474997,26.564456786804747,-2.018164953043601,2.7179422940760762,3.5419101174389076,-0.09218572664202675,-0.058267014629808475,-6.764002136375755,-1.712482934238732,-2.8616854970290007
6,1780387242.2822065,26.419775791086753,-1.9112919835581244,2.5766993093575334,3.49391990296278,0.0,-0.6479337735351756,-0.06510561763689483,0.07244429666845292,-0.06543386298524179,-6.755046755962608,-1.5558543955948527,-2.870491591571356,26.383247974071768,-1.9401240964869764,2.700597510890173,3.5541782788279095,-0.07207390296217338,-0.18885386193072118,-6.705171450310258,-1.5422419311959437,-2.7053162386858594
6,1780387242.3322065,26.266132476691944,-1.8146103535062041,2.531525300930737,3.505936395818314,0.0,-0.7818896669476494,-0.07008335122791262,0.1820949020868518,-0.07649738560308392,-6.715077267483598,-1.3410322518727065,-2.7277764962715025,26.201947724599123,-1.8596244898772862,2.675783420465133,3.569013210784892,-0.04008878380889875,-0.32596096287750487,-6.660486509928867,-1.336178594529465,-2.53149628975643
6,1780387242.3822064,26.11810437424233,-1.7110876459066047,2.4818904164785365,3.497794037506157,0.0,-0.8748494311618791,-0.0746845805768439,-0.36138641194843374,-0.08460929881155335,-6.768341804951559,-1.2179464037856462,-2.64547064421503,26.02070768808155,-1.7758612799340436,2.643255166820383,3.5892114907647223,0.0027618886312086033,-0.46145219743382093,-6.687634144587265,-1.1903696796030054,-2.3966926157533903
6,1780387242.4322064,25.941143985891514,-1.6007844991261322,2.428390803429326,3.4712004003722385,0.0,-0.9477279061177077,-0.08231681107151594,-0.7106498152926954,-0.09173255237615222,-6.847297229758274,-1.1144127071543752,-2.549008462163215,25.84099191709999,-1.6883524250344961,2.603511114286942,3.581213431919942,0.054557494036824965,-0.5859449323986645,-6.748332249755964,-1.0710702882841772,-2.2743735776092686
6,1780387242.4822063,25.799608691694527,-1.4833397725082866,2.3716226092114994,3.419508426013017,0.0,-0.9955563973105951,-0.0880437695910928,-1.1863157546264191,-0.09750722446958475,-6.950964810289968,-1.039846742642408,-2.480104685471191,25.6637739416375,-1.596935424339395,2.556726250969308,3.5543004188152176,0.1117813703424925,-0.6967526745157551,-6.836825974254786,-1.0389708284546786,-2.1994548271620946
6,1780387242.5322063,25.654680361332435,-1.3622258550423152,2.312181981253451,3.339695833379928,0.0,-1.0157400727028871,-0.09932212208631239,-1.7534158668477593,-0.100459758859348,-7.071343703112591,-1.0295104877297925,-2.437921822183527,25.491740407016945,-1.5015716738861435,2.504259293565764,3.50102314439398,0.17111207991404181,-0.7913077126939836,-6.933130473865873,-1.0216367783972689,-2.1285578669955196
6,1780387242.5822062,25.509513222270144,-1.2368844329865845,2.250665066983575,3.246453117178265,0.0,-0.9951237410165489,-0.11470203657095092,-1.866117748136254,-0.10008620923196257,-7.196445816478919,-1.0502912145490502,-2.4026916740258617,25.325569845738965,-1.402580310980898,2.446232018964678,3.4173510377449348,0.22921602441593242,-0.8654824321946504,-7.030880073986334,-1.0330831861394716,-2.0707254548191854
6,1780387242.6322062,25.413887666742212,-1.1103779396145792,2.1876680138302644,3.1599995864771935,0.0,-0.9574573458241795,-0.12962532376289385,-1.6528699786934544,-0.09984976668018533,-7.32043289644145,-1.0751432859490329,-2.3953516149965477,25.16632041401467,-1.3001635047391469,2.383318209299018,3.326691319830882,0.2831120264025846,-0.9172997776937435,-7.11541480680811,-1.1212096108485294,-2.065062000885181
6,1780387242.6822062,25.316702762265084,-0.9786003180433702,2.1237869692219586,3.0864624594221794,0.0,-0.9394217754217908,-0.14440950267953664,-1.4163240942310396,-0.10004231860441326,-7.445693205319658,-1.120904218938593,-2.3898284381750976,25.015492947770902,-1.194105824879605,2.3169583613172904,3.2453755267811686,0.3307771662847623,-0.9528436419622126,-7.202497565082788,-1.199785652290295,-2.0496336930441963
6,1780387242.732206,25.22667924953679,-0.8464337764172228,2.059618080586917,3.046935982017149,0.0,-0.9342372233571183,-0.15742483148899472,-0.5796577723519782,-0.10083243026842224,-7.563172294348638,-1.2018706512063893,-2.4140203503422395,24.874033551705114,-1.0840750621963438,2.24823270316129,3.1748474679322203,0.37191696542050573,-0.9775142338173399,-7.273898419995828,-1.3208964149002416,-2.070673744072833
6,1780387242.782206,25.14979378202707,-0.7113899323236987,1.9957574953536685,3.0193299765380344,0.0,-0.9229940695497965,-0.16660494299291387,-0.5136924520558247,-0.10043014885229853,-7.680523097920326,-1.286792609806047,-2.4467931694125813,24.7424691241563,-0.9692617033314851,2.1781609761347367,3.145274705661808,0.40798987530377795,-0.9959909667186059,-7.3461421097534565,-1.4421904290633378,-2.092032218086782
6,1780387242.832206,25.064909647063683,-0.5730272036556316,1.9328013609505619,2.999319555678548,0.0,-0.9139440769944182,-0.17521467984296193,-0.2682841450692618,-0.10019395494561022,-7.797199308319409,-1.380321500068722,-2.4646658373475248,24.62149615347765,-0.8491199908836773,2.1078563489026223,3.118020489720236,0.4406855081229232,-1.009357092438925,-7.412057739969163,-1.5815222372062703,-2.134962362682651
6,1780387242.882206,25.00824998706388,-0.4208001398170559,1.8713458248059909,2.9966112816944555,0.0,-0.9100449333654197,-0.17872716291951232,0.08859676189271168,-0.10004264250483651,-7.927915199098734,-1.467735768582822,-2.4927928257465943,24.511523843028222,-0.7237719742677591,2.037861144426822,3.1022286876527625,0.4704795742111971,-1.019277753008167,-7.4802398827007766,-1.721322938176039,-2.182649547829067
6,1780387242.932206,24.973509829204662,-0.2879499175243388,1.8119870343483497,3.0110573780097463,0.0,-0.9118653234853737,-0.18031055378574357,0.3329057446155169,-0.09948103681897792,-8.04175481247858,-1.5429912303840256,-2.542253057011644,24.412873804511378,-0.5930955657452787,1.9690648380646056,3.102970868639775,0.4983994603301966,-1.0270753884560238,-7.554254396254533,-1.858398072823268,-2.2299026061634466
6,1780387242.9822059,24.942294118053074,-0.13980379515912103,1.7553211370060324,3.0383761348417972,0.0,-0.9143598043962565,-0.18261803858586204,0.7123849452435302,-0.09887753142696501,-8.169828601332283,-1.6231050948701378,-2.59119045609052,24.32523552704903,-0.45700383737758254,1.9017508202784885,3.1145859858558578,0.5254867198287873,-1.0332689393691414,-7.63118959896161,-1.997825437893756,-2.2885228436801075
6,1780387243.0322058,24.94136643176358,0.011523679969904277,1.701944280207433,3.0915121092695688,0.0,-0.9245204246996577,-0.18268661373386652,1.1575220480450015,-0.0980702472772251,-8.310806635498846,-1.6781144392246958,-2.644304299444981,24.24809562900007,-0.3153476484261133,1.8358683793806687,3.1441334017811884,0.552729836969947,-1.0385180341993208,-7.715748506498002,-2.1351273501742667,-2.3534480454427325
6,1780387243.0822058,24.957757172167074,0.1678441811037163,1.6524526113809452,3.161602960700345,0.0,-0.942652880470545,-0.18147499999999758,1.4812281586167875,-0.09794668573972211,-8.462846212304028,-1.7181194521807324,-2.69789435832789,24.180988329401938,-0.1677000151616502,1.7715649045301713,3.1947197987752873,0.581428486538835,-1.043299860616319,-7.810344106888516,-2.2662744268714885,-2.4132758595155117
6,1780387243.1322057,24.957757172167074,0.32833433912148047,1.607442277954963,3.23589139943626,0.0,-0.9672521024742384,-0.18147499999999758,1.4528254871225414,-0.09856213915441003,-8.612932680114273,-1.774962596013661,-2.742904691753872,24.12343727706816,-0.013673605918788523,1.7088294253832874,3.260066379098354,0.6126986330493444,-1.0484426735387817,-7.914445906962507,-2.3935251313062844,-2.4754727281600912
6,1780387243.1822057,24.957757172167398,0.49207806487072514,1.567509427357881,3.302980575423838,0.0,-0.9938882978720859,-0.18147499999999994,1.2889017597275032,-0.09910478536683476,-8.766061804836639,-1.832958103460414,-2.7828375423510305,24.075101812793896,0.1465684707481642,1.6474907086512838,3.3225757245759917,0.6469584987277616,-1.0542614792637912,-8.028200451599337,-2.516410878634553,-2.5334613571447697
6,1780387243.2322056,24.957757172167405,0.658798677880382,1.5332502070180924,3.3600610015518493,0.0,-1.013041529999838,-0.18147499999999997,1.0065248460966583,-0.09902189908018148,-8.921974841666035,-1.89200797855724,-2.817096762690821,24.03571261459065,0.3122753662793263,1.5874784744554375,3.3752349796876753,0.6839369914065035,-1.0602471478276199,-8.149812227689619,-2.636249599271598,-2.5861340045754675
6,1780387243.2822056,24.95775717216742,0.8280453142403436,1.5052607643639913,3.407633040127273,0.0,-1.0241928117725851,-0.18147500000000003,0.7408163138086141,-0.09831185339208506,-9.08025015370867,-1.9519525322461913,-2.8450862053449253,24.00493032311585,0.482383041620682,1.5287420401774918,3.4119123716778494,0.7229439135039247,-1.0656373377751918,-8.277817224017284,-2.7533671227212912,-2.6364404584393926
6,1780387243.3322055,24.957757172167433,0.998555603697806,1.484137246823972,3.441774214897135,0.0,-1.0229679546747705,-0.18147500000000008,0.5822059617936821,-0.09668155264868415,-9.239707203200405,-2.012344652413132,-2.866209722884948,23.98232245088821,0.655708684852416,1.47124716112811,3.433278294059219,0.7630646501454922,-1.0698861521535135,-8.411789583424126,-2.8664342025720417,-2.6874646648833354
6,1780387243.3822055,24.957757172167458,1.169394203362136,1.4704758018264286,3.460846419591148,0.0,-1.0069944339130767,-0.18147500000000014,0.6033386022784528,-0.09398195985334834,-9.399471280362274,-2.0728530550022417,-2.879871167882497,23.967391394061636,0.8312408863104187,1.414969696924783,3.4446440639654288,0.8035453168638799,-1.0726716973724029,-8.551305777590505,-2.9744938145519115,-2.739382492699061
7,1780387243.4021688,52.889489284593104,1.1873552499253008,-1.4996831538959723,3.476719693066611,0.0,-0.972348362827094,0.039621634782608696,0.4437401691596438,-0.09150425690945765,-4.290769053587152,1.194175295555815,1.735686690555963,52.889489284593104,1.1873552499253008,-1.4996831538959723,3.476719693066611,0.0,-0.972348362827094,-4.290769053587152,1.194175295555815,1.735686690555963
7,1780387243.4521687,52.94915181048411,1.0126028473250752,-1.5571325262748785,3.4873974250571558,0.0,-0.9600982872841167,0.042892833772048354,0.23172633112256139,-0.0888758093192363,-4.357321196043741,1.3632071550837588,1.6873527933159398,52.901098489099475,1.0135710333935202,-1.5496163953080209,3.4862989106297166,0.1186695303853873,-1.0048248708544536,-4.316786367001911,1.3662706137834009,1.6875502681604626
7,1780387243.5021687,52.95160518401069,0.8386452955356689,-1.6103285463999442,3.4939420506166017,0.0,-0.919339028225702,0.043027348241240465,0.09268637169106259,-0.0842559321640118,-4.377321485193577,1.5360240485799967,1.634525343314567,52.90919703154233,0.8393942189341259,-1.600669255133698,3.478267948722652,0.21921338088063874,-1.0223533775467977,-4.3404272803807755,1.5389751853014904,1.637744127549503
7,1780387243.5521686,52.90961971131912,0.6641759339728073,-1.6596107398170472,3.496918194606822,0.0,-0.8574084052267296,0.040725353248760546,0.014796445773701821,-0.07821634134991928,-4.3577433326533175,1.7133361369733753,1.5788675637231826,52.912832085694376,0.6655029223697569,-1.6520345776830587,3.458046054504245,0.30466793408665505,-1.0257035562018861,-4.360485714305066,1.7117356496502296,1.5869366458881675
7,1780387243.6021686,52.843212564608635,0.49137100259431266,-1.705318632072065,3.4973492902845864,0.0,-0.7859131595416252,0.03708435769976685,-0.021100727617997573,-0.0716517137603659,-4.3134126801074055,1.8909460438951393,1.522775400577654,52.911449204978425,0.4924396424114301,-1.7030441584277451,3.4302951347552852,0.3768443041442119,-1.0172231825050289,-4.376039348646818,1.8841031953878702,1.5357149741314657
7,1780387243.6521685,52.77621331814064,0.31864258059066636,-1.7477917487108752,3.4975400053240575,0.0,-0.7186542857442486,0.033410898286776895,0.005380663471404812,-0.06555149987194259,-4.264973965819205,2.068181581624228,1.4695422619165335,52.90473796998238,0.32062741154596996,-1.753211057750793,3.3984100148450396,0.43692508447918466,-1.0000732081142567,-4.386356744053922,2.055720720431781,1.4845165477877416
7,1780387243.7021685,52.732017101074426,0.14709796163577601,-1.7873696152793555,3.494080126058512,0.0,-0.661155529540418,0.030936901787353966,-0.037870866232750086,-0.06036567586681554,-4.234949336391411,2.242339905325069,1.4226289593959978,52.89251125698237,0.15036350268539397,-1.8022252826229326,3.3664050109545305,0.4859070954328505,-0.9776689647023424,-4.390811206848454,2.2263335815302305,1.4336134004842345
7,1780387243.7521684,52.693967858028515,-0.02283075772497975,-1.8243917573233832,3.5003880191728416,0.0,-0.6159847393415133,0.02883156582331293,0.0010782731184490468,-0.05648086408108055,-4.20845067354316,2.41436050267933,1.3792276225149562,52.87467167047183,-0.018041052211033692,-1.8499105608054294,3.331315937268319,0.5247098218327839,-0.9526516251703641,-4.3888464926448325,2.3956496141567194,1.3831491013813846
7,1780387243.8021684,52.64822481455185,-0.19256024076235684,-1.8591977003888362,3.5026467390517313,0.0,-0.5877837223332263,0.026421311898548704,0.018609210406637967,-0.054624644289676894,-4.171801432855557,2.5865087754298655,1.3365955163919754,52.85118283213788,-0.1842884892724745,-1.8962086257305388,3.2977521590380467,0.5542487410262428,-0.9271107421773256,-4.379957580227491,2.563365412685415,1.3331503559263087
7,1780387243.8521683,52.614760464289695,-0.35982071684648104,-1.8921269700215921,3.4879442587643665,0.0,-0.5714980645576454,0.024770236237710797,-0.47046613242249924,-0.05375333445128071,-4.145346095589701,2.7553468238972263,1.297833146317796,52.8220258699478,-0.3481595484645273,-1.9411821716097417,3.2650502488770647,0.5755093952162643,-0.9032409114236605,-4.363661360046086,2.729232008891214,1.283537018432006
7,1780387243.9021683,52.563101108278595,-0.5243371505799123,-1.9235190917675284,3.439618027318506,0.0,-0.5749165270543487,0.022165879401888886,-1.2064863832562285,-0.05516963774191432,-4.0968988595178955,2.9221434312113552,1.2572938231114534,52.78745695973438,-0.5088271866706575,-1.9849296968989638,3.208081318340871,0.5888851603624039,-0.8813165428586613,-4.339727914442589,2.8923465119184883,1.2342364858957504
7,1780387243.9521682,52.522534662839355,-0.6832165052413697,-1.953713591172523,3.3374514978363283,0.0,-0.5780132446545514,0.019676930775569125,-2.384646553372286,-0.05767428067984157,-4.057583496354273,3.0825209642653713,1.2197701817000652,52.748126335677995,-0.6646232350139601,-2.027651296773983,3.114845453583681,0.5935775636473468,-0.8625985731745355,-4.3082864656572655,3.050915310301912,1.1850377242533945
7,1780387244.0021682,52.45700551445117,-0.8324523584697121,-1.9830499937824533,3.1940339622820013,0.0,-0.5890468024269376,0.016622904961501133,-3.195411850129106,-0.06297072712585985,-3.98681240335819,3.233637223612404,1.1783898572512301,52.705170728883104,-0.8131636517964896,-2.0695379349788117,2.963496028728372,0.5881797442897752,-0.8466219389799773,-4.27014985447978,3.202372232134909,1.1359644365848744
7,1780387244.0521681,52.38128099433198,-0.9758353481138787,-2.011867825143197,3.0045479877385657,0.0,-0.6201361922567697,0.013623853920188687,-3.9648097513261122,-0.07192900099335216,-3.8999553845550983,3.37813171662917,1.1352399072792192,52.659889629868175,-0.9520627809402858,-2.110809607828538,2.7726611135467447,0.5711736692521642,-0.8340729201452368,-4.226511310581964,3.3441463301170513,1.0870007199714955
7,1780387244.102168,52.31856728093356,-1.1042175184216427,-2.040506610800631,2.792799155135736,0.0,-0.6603423138871762,0.011580960740626041,-4.5192634335021,-0.08263915542660343,-3.8245401865300845,3.506470984880634,1.0944569997616584,52.61351792297718,-1.0794717210073432,-2.151679443188505,2.5444835370594276,0.5417673602659261,-0.8254770489655769,-4.1786643663869505,3.4742274901690595,1.0380629488334865
7,1780387244.152168,52.29323386378291,-1.2222482793502176,-2.0693058763005587,2.574234675515461,0.0,-0.7038770795979559,0.01097732968465126,-4.167902262619519,-0.09533988376987655,-3.792327964340471,3.6242124944883236,1.0606688801487891,52.56732352052514,-1.1938960055540941,-2.1922839116469865,2.289831427939458,0.49967208771266636,-0.819398264791792,-4.128273829829874,3.5909844775578,0.9892853680668985
7,1780387244.202168,52.23530815743521,-1.3292666829773796,-2.092612094234584,2.365758701500861,0.0,-0.7475208748924818,0.009271106561013176,-3.9725174289978264,-0.10967094519752818,-3.717816947984392,3.7299501518903173,1.0258125024285079,52.52195702497289,-1.295066429833051,-2.2326589288934624,2.0540994101146657,0.44581871077864427,-0.8147258880366174,-4.07637962810753,3.694082489331567,0.9407199369492112
7,1780387244.252168,52.16090772402078,-1.4261581401021601,-2.1193157293547356,2.173724441602599,0.0,-0.7838220004082748,0.007592845544062273,-3.7046390867585495,-0.12402046921884542,-3.619586925398428,3.8238651456509225,0.9839415883060738,52.477442211357555,-1.3835124483202472,-2.272902383708251,1.8298854608207722,0.38191776212578843,-0.810569955411617,-4.023433055056965,3.7840300952047334,0.8923348261648965
7,1780387244.302168,52.09089187674355,-1.5115519328342644,-2.1501873231310134,1.996793696583037,0.0,-0.8063468627973039,0.00635359305028168,-3.596729471171761,-0.13713468528127912,-3.5243564479690885,3.904999585595654,0.9384902512724382,52.43392144841334,-1.4596967870353579,-2.3130064172004587,1.621186273882546,0.3096598465553987,-0.8055315827482407,-3.96985613054429,3.8612781289355524,0.8441003625349639
7,1780387244.3521678,52.04462124144917,-1.5878161318816149,-2.1853677025414164,1.833083135962917,0.0,-0.8142524072607014,0.005989153140570957,-3.2370886242076673,-0.1490323743084925,-3.4585527345254743,3.977581596266881,0.8934832557275865,52.3916557361734,-1.5240461557186507,-2.352851714153141,1.4204684081485288,0.2312301875656399,-0.7968256289697996,-3.9163768608539553,3.92624699830127,0.7962399280376609
7,1780387244.4021678,52.01074293355358,-1.6567917311940292,-2.223985539303745,1.684779625668403,0.0,-0.8096292156118542,0.005662757590608984,-2.703548773730536,-0.16092551338452563,-3.408438796504329,4.043378176251694,0.8476153922254253,52.35090281132108,-1.57716478028358,-2.3920945170486045,1.2408796547302576,0.15063304530534827,-0.7786031057980799,-3.8636704173053844,3.979554761652502,0.7491652406991598
7,1780387244.4521677,51.94831337089929,-1.7220513822504975,-2.2644674094060644,1.5648004150932069,0.0,-0.8094830189501983,0.004872708947645219,-2.098051636283045,-0.17237197554811898,-3.3184150143746867,4.101907874311835,0.7936131106936544,52.31159529462015,-1.620232371362161,-2.4300868140151826,1.0917734848019307,0.0755323356769564,-0.7438600393909653,-3.811930994855349,4.0224073039842745,0.7035086196148628
7,1780387244.5021677,51.887361015765705,-1.7738798403884446,-2.3064690686264466,1.4832504332472687,0.0,-0.8138081954909798,0.004112270075461732,-1.57471172219284,-0.18130331439250597,-3.229634010146471,4.1459146077654605,0.7381659824390341,52.273552331156694,-1.654963158118849,-2.465991875326329,0.9772211726957518,0.016051794709592462,-0.6940393045431399,-3.7611624463390423,4.056543502312923,0.6600799522772123
7,1780387244.5521677,51.83331327416446,-1.8251585170161895,-2.351829147827652,1.4221843231292166,0.0,-0.8130286527080867,0.003449279384970153,-1.0992170848377205,-0.18721739719275743,-3.148964512104742,4.1891276447942944,0.6807186329773063,52.23670572674937,-1.6833659061290218,-2.499330272010436,0.8927736887512766,-0.021997146265686447,-0.6427688711727356,-3.7114843519929344,4.0839974258933545,0.6193755361348079
7,1780387244.6021676,51.80193128624587,-1.8735525752443467,-2.4009010515524634,1.3973497143249014,0.0,-0.8271145061705897,0.0030945206038625146,-0.27020064528174736,-0.19425559897001546,-3.0994358847015895,4.232231049409844,0.6246217000064669,52.200963390435376,-1.707329136352642,-2.5303248067555253,0.8348331838725405,-0.04186866744728809,-0.6016098647184933,-3.662851721551556,4.106679843196391,0.5811423613524997
7,1780387244.6521676,51.74829661521821,-1.9197919486629333,-2.454767211402139,1.4004003301728392,0.0,-0.8697715526897377,0.002445509492533019,0.31479585997725923,-0.20377098926112755,-3.0172718633695217,4.268725675753053,0.5583835058349398,52.165600976694755,-1.7285788889176823,-2.5598382935406185,0.8194598990011339,-0.05180740208312967,-0.5847042793451083,-3.614355526338325,4.126304525761918,0.5443853947100794
7,1780387244.7021675,51.670273821582015,-1.967519569484324,-2.5138622054532487,1.4401721738041113,0.0,-0.9456636847853022,0.0014411961720691452,1.0153260653545166,-0.21488665472449156,-2.8994544087089276,4.300646536947099,0.4816315630452861,52.12941453580475,-1.7484287418275635,-2.5893061417913104,0.8333916930100312,-0.05799144168906058,-0.5973071610912415,-3.564383180857316,4.144115689783883,0.5074331783647068
7,1780387244.7521675,51.62089590347924,-2.0068675933897024,-2.578864995652538,1.4987515327006247,0.0,-1.0423103205035729,0.0010642916478710938,1.499437233834413,-0.22680787997014173,-2.8198490186817042,4.328167874249894,0.40398450088232485,52.09110421019568,-1.767732491434645,-2.6201587886464432,0.8818813578898166,-0.06326701103364707,-0.6381048072870434,-3.5110979432431613,4.160836979711702,0.468563508416425
7,1780387244.8021674,51.56611460690373,-2.0497422449000076,-2.6512166136753335,1.5901737113708798,0.0,-1.1811782507530453,0.0002824537649740663,1.9391927182917728,-0.24252529638448442,-2.779548473759191,4.365262619153585,0.3418054074570893,52.04941528510837,-1.7870218322803353,-2.653704968865812,0.953818838246864,-0.06825505906580269,-0.7034959335433439,-3.4526749364655696,4.176807360277512,0.42617074754657125
7,1780387244.8521674,51.49475371577674,-2.090436657806263,-2.728442085373099,1.7035011415734573,0.0,-1.3517884939464628,-0.0013052670505013736,2.4226431659225787,-0.2596199091212048,-2.7311109557757933,4.399426534225638,0.27821983276052187,52.00322581759661,-1.8064483818484594,-2.6912509498824058,1.0465467508037722,-0.07328611506715764,-0.7956579334216096,-3.387571983409253,4.191930837713225,0.37873930485055674
7,1780387244.9021673,51.40570783976662,-2.1292876624213313,-2.8075061324518886,1.8291301784439513,0.0,-1.5507224312034542,-0.0035009556507604725,2.5807808275953286,-0.2771306450755945,-2.688718500505877,4.433303775128528,0.2233860544372166,51.9513200883903,-1.8259633837205074,-2.7340826274188537,1.1620246302417738,-0.07704123479392849,-0.9114911168718838,-3.313944466457325,4.205807677054502,0.3246578798901547
7,1780387244.9521673,51.29844659439634,-2.1626640077710366,-2.8895414263587207,1.9547285035159587,0.0,-1.7382190357752603,-0.006136716492082763,2.601041021428915,-0.2885661850665564,-2.65068488270453,4.463490418556248,0.17500539537933735,51.89277538786909,-1.8451872566681191,-2.7832952070130585,1.2837799942624843,-0.07769560753871331,-1.0446602094689301,-3.230325998342441,4.217621214729251,0.26254077958266286
7,1780387245.0021672,51.200331592270246,-2.190902630992943,-2.9775762099336553,2.0782266257535986,0.0,-1.912921718780776,-0.008920324895331767,2.496055757434888,-0.2971576011542891,-2.553940430968701,4.484298152071718,0.08845817985414728,51.82721283279178,-1.8634066298766507,-2.839347667490079,1.405305356146776,-0.07249848411450173,-1.177480296664705,-3.136205504512888,4.226201495691452,0.19183269773980127
7,1780387245.0521672,51.10012189766764,-2.2099540196484386,-3.069065029520575,2.186316736182371,0.0,-2.04823144772214,-0.009984244958657601,2.1571225935431504,-0.3005172537349637,-2.4616621804536862,4.49659317912276,0.0010973327649947962,51.75463814237788,-1.879736993627326,-2.9021099032775393,1.5200611093437912,-0.060760751558334866,-1.30342802599671,-3.0315017556856807,4.230168892413271,0.11254764095808101
7,1780387245.1021671,50.97673754686021,-2.219315952000191,-3.160345432191095,2.2918100579864724,0.0,-2.138035701929397,-0.0101877925518125,2.041357438566027,-0.2960401528486391,-2.3516522159717903,4.498437471093458,-0.08397128669178588,51.67586582029198,-1.8931641564303128,-2.970894093757019,1.61614916624445,-0.04223887811234278,-1.4129029576397212,-2.9187710493004055,4.228325941113067,0.02617924621872625
7,1780387245.152167,50.84326801894563,-2.215476972296547,-3.2478357317450754,2.3910765382735257,0.0,-2.177855167178301,-0.008047264691724922,2.0189457671648077,-0.2874657539011151,-2.2364642488650293,4.48750823917417,-0.16342129549018214,51.591758088900015,-1.9027554034395093,-3.044578518667877,1.7047721573956516,-0.017165705142753812,-1.497787228448535,-2.8157293990257943,4.222093417552044,-0.057365820362898834
7,1780387245.202167,50.735608501013196,-2.1987825741897367,-3.3343867342496205,2.490605383872496,0.0,-2.168829744927682,-0.004690806407225117,2.024283637661278,-0.2735127863960065,-2.1524749864507586,4.466251388349508,-0.23969738927966855,51.50316971088107,-1.9077472661575718,-3.12176332531843,1.7900388411231112,0.013500316873503487,-1.5598210888787816,-2.7603146225851494,4.219030651125733,-0.11706443519749277
7,1780387245.252167,50.60122152280252,-2.1669524683842654,-3.4206864965450494,2.590819411919497,0.0,-2.0844342675989944,-0.0014059029360190456,2.0647623129326536,-0.25224851854113756,-2.0064967412842165,4.426172017008664,-0.3321433483909648,51.41074660469953,-1.907473919274438,3.0820031988865413,1.8731278606282897,0.0492020382225849,-1.5994313608965534,-2.715492691640633,4.213101681455926,-0.17173437051903484
7,1780387245.302167,50.504890248076286,-2.121455080160353,-3.502407165315974,2.6977460351045863,0.0,-1.9684233418685382,0.001751521214082901,2.150362816170747,-0.22982078385163543,-1.9425906333799152,4.377401652639502,-0.3997557252550328,51.31488845140959,-1.9013627892541982,3.0015376841123818,1.9560134821525148,0.08954710199515944,-1.6149452789340393,-2.685876254903846,4.204129210405426,-0.21779406171519966
7,1780387245.352167,50.37516389110325,-2.0606212679595823,-3.5749442828985356,2.801195207279163,0.0,-1.8004255955991602,0.0038149084217643297,2.06300282902524,-0.20033290912596805,-1.8935908508636392,4.316384303887445,-0.4342651425530364,51.21591771871626,-1.8889007682606875,2.9210980116221954,2.0406879541143743,0.13326337129444257,-1.6117039201338859,-2.5910599582442724,4.18424661421931,-0.2967000250047427
7,1780387245.4021668,50.28023843483329,-1.9885063583112994,-3.6398462343648132,2.9065144321589216,0.0,-1.5783905382782164,0.004406085534286252,2.255097758386394,-0.16716190665949174,-1.8399568183791004,4.24464874945476,-0.47843598514734254,51.11413738641404,-1.8696812325773833,2.8416318118480746,2.1191537328064722,0.17976435193116944,-1.5856806415445082,-2.498717742149554,4.1581060285404705,-0.37203942837928494
7,1780387245.4521668,50.14145433843704,-1.8999891618719504,-3.6996196741067653,3.016070875765501,0.0,-1.2920591937070718,0.0050823607723820005,2.204325461816729,-0.13112372441443632,-1.7102896309279718,4.158335716235111,-0.5324984720901593,51.0096234585824,-1.8433370723057698,2.76416244609384,2.205953831732484,0.22782525141121404,-1.5360990820697729,-2.405710496656019,4.125214692995447,-0.44442068306122806
7,1780387245.5021667,50.043096052659905,-1.807201043093303,-3.751537347582663,3.115830464639907,0.0,-0.9849621678663819,0.00490469928521119,2.1771087791799535,-0.09481971044452653,-1.5635928180034382,4.066731974412241,-0.6098603746901974,50.90267860527621,-1.8095736142703862,2.6899174214671593,2.2895110683949964,0.275988206211375,-1.4611461825949077,-2.312008872320708,4.085371600789836,-0.5127053158122976
7,1780387245.5521667,49.89030555748698,-1.694175157213625,-3.7927233143495895,3.21926191291965,0.0,-0.6435039946639991,0.005092365269754967,2.0780026778190295,-0.05731206645702415,-1.4124015923145035,3.954629285136434,-0.6500986692433637,50.793647144333924,-1.7682668427928485,2.6200830200757856,2.371767906799894,0.3216512731978728,-1.3602309264487988,-2.216729239795778,4.038501487845406,-0.5762794735469026
7,1780387245.6021667,49.77219383566882,-1.579560317084292,-3.8260175499944844,3.309690311291182,0.0,-0.33337884853391475,0.005104186147114651,1.781141292662587,-0.026356905972309753,-1.2888132970458346,3.8392204494825313,-0.6867873681316619,50.68309932592216,-1.7194263044859708,2.556102249944553,2.4501507610320368,0.3621757832932186,-1.2289231930396896,-2.0985529136207037,3.9834457108267927,-0.6463475162814429
7,1780387245.6521666,49.64814334483659,-1.4700883456578135,-3.854648761492932,3.3798760157256793,0.0,-0.076104033686298,0.005031397137850096,1.4966659534925288,-0.00039568757468284,-1.1958062588104865,3.730526490943241,-0.6944807019640411,50.57171987636909,-1.6633292998785747,2.4992365656762185,2.5156263319620864,0.39278038843256624,-1.0756809878931313,-2.0086484089944237,3.9219969918016897,-0.6924499868516136
7,1780387245.7021666,49.531598396524295,-1.3509602011540884,-3.8781570716164615,3.439792089325445,0.0,0.152576050343882,0.004988620877467324,1.1500264240849343,0.017049910974117146,-1.101580000448394,3.6139759992564606,-0.6998575179325819,50.460322777015016,-1.6004697493579967,2.4504535518171195,2.5699171545339032,0.40995073803581356,-0.9046857864624142,-1.9591042853016662,3.856790462358854,-0.704588967907803
7,1780387245.7521665,49.38528973869444,-1.2171059235948123,-3.8954616696538236,3.479098650950748,0.0,0.2849515783511485,0.00482656121526583,0.5324968203944054,0.028796633851007926,-0.9755445331230532,3.4859378509062573,-0.696581859928119,50.349691947952216,-1.5314684461356296,2.41033512670462,2.6106876668300303,0.41061482051770976,-0.7276088172663886,-1.875167427635455,3.7872580532759748,-0.7278840765905046
7,1780387245.8021665,49.2805393822874,-1.107210394732818,-3.90697446681913,3.4940867247879734,0.0,0.3366092079386388,0.005167564768476355,0.352343788080705,0.032254637745506846,-0.8793323881380284,3.3819875169751388,-0.6948674718279442,50.24078277222624,-1.4573027023910434,2.3790195965496004,2.624879774711453,0.3939628136462049,-0.5505520962619551,-1.7801231263460715,3.714440118503439,-0.749521126475392
7,1780387245.8521664,49.148600068433765,-0.9895178583187234,-3.914541413272633,3.5013343633543714,0.0,0.30874530787543775,0.00471780619110558,0.1324338275345206,0.026599772955966484,-0.7541704751747054,3.273737227352814,-0.6875675739516014,50.13437790264706,-1.378883714574623,2.356202904963327,2.6340996389420956,0.36073740318332614,-0.3876408205157936,-1.6883483444726084,3.6376162142935295,-0.7609964475286151
7,1780387245.9021664,49.02247786803191,-0.8652124391506121,-3.913950263909499,3.502322293138545,0.0,0.21084080491874993,0.004085016676426454,0.01954525652498737,0.017579085332959446,-0.6286309200737185,3.16045638807239,-0.6746126039411031,50.030610655584354,-1.2968256190245717,2.3406480121629105,2.635578122884267,0.3144355469320411,-0.25685138008563707,-1.560356852923189,3.556371417453545,-0.7936950021986813
7,1780387245.9521663,48.90497290048504,-0.7582507997325977,-3.912586396448943,3.4996999437293055,0.0,0.08813953219706441,0.0023740698050492563,-0.03493568814606845,0.00579294454789188,-0.5087586224245794,3.065296767445979,-0.6633712068456408,49.92956773136506,-1.2117226669389327,2.330603603411843,2.633573683034993,0.26168698677369395,-0.16364911137061738,-1.454279890535575,3.4720697553599686,-0.8073870883850467
7,1780387246.0021663,48.7724967219719,-0.6364873382443471,-3.9115146966631418,3.499055291373852,0.0,-0.09000582157042765,-0.000588807521664605,0.03150120668775938,-0.010569608670824761,-0.3697828504499211,2.958448422480889,-0.6532186551993924,49.83101172276027,-1.1240578797892449,2.32397395685809,2.630077112983704,0.20878245243353713,-0.11238042689416278,-1.338730781039826,3.3841775753278536,-0.8288545295397327
7,1780387246.0521662,48.62937711225355,-0.5244303409349518,-3.911800050324131,3.4983304149190477,0.0,-0.2631453251299769,-0.0038765094881130333,0.041447888090346774,-0.02673786478638366,-0.2266060564759248,2.86302614035609,-0.630575128928232,49.73456393585634,-1.03412298235533,2.318378169259427,2.630382510601802,0.16042828418305136,-0.10927502126758255,-1.2593447662283208,3.293826478510522,-0.8189306946274533
7,1780387246.1021662,48.51224864461338,-0.414096992414505,-3.914507343203946,3.4997828987042037,0.0,-0.40514087751550715,-0.00677925578227846,0.04201583130758068,-0.04085164502342133,-0.1038342663781235,2.769504197011795,-0.6125983770757699,49.6399596475849,-0.9420930952686609,2.3116124340468076,2.631258958163197,0.12106277258278511,-0.1452540248043278,-1.1790543102602693,3.2027559196029514,-0.8100910829362906
7,1780387246.1521661,48.37634001145486,-0.29439363486026565,-3.920701461074623,3.5006901128036074,0.0,-0.5684148194548571,-0.009597687048357659,0.03877548163541535,-0.05707485736462778,0.043049734192591824,2.674212577454108,-0.5980788002574453,49.54711921213217,-0.8481435946081923,2.3021190646421488,2.632091571729801,0.09286576659304781,-0.206626172734029,-1.096664062050507,3.1110167301854275,-0.8050959369997113
7,1780387246.202166,48.246761446915386,-0.16416824514163383,-3.9314472897081987,3.5010877476709794,0.0,-0.7089453756526856,-0.011453016901736716,-0.0030867210408419853,-0.06988504365157926,0.19735945029906757,2.568689878766789,-0.6284346803616803,49.45605710112799,-0.7523667474355268,2.2886973538902904,2.6324656177794115,0.07503330659665103,-0.2914009748841938,-1.0123441787537182,3.0186275971606262,-0.8052723399950517
7,1780387246.252166,48.13806403071231,-0.04299678528173168,-3.947809714876707,3.500571277457361,0.0,-0.8014149131815549,-0.012603864852422252,-0.0369443864412614,-0.07782634924943664,0.3249377501188064,2.465810626883938,-0.6608923911152775,49.36698992860127,-0.6548128801198296,2.2706635003686912,2.6303376479700917,0.06768165550983482,-0.3846932000808239,-0.9266472306759654,2.925545244217959,-0.8112466861055911
7,1780387246.302166,48.016401550159614,0.09081180784529964,-3.970853622352185,3.4988923212865455,0.0,-0.8520223409516079,-0.013751346476224348,-0.04468289624887959,-0.08157270442805996,0.46318305722228487,2.349691926944832,-0.7024744986070921,49.28017443847103,-0.555528862312215,2.2480390098012464,2.6260717026205445,0.06968367309711765,-0.4721753655306376,-0.8401233697853064,2.8317009789762997,-0.8229955444752766
7,1780387246.352166,47.92945188766121,0.22849872230638715,-4.001643897906668,3.4968126422874373,0.0,-0.8462400336306619,-0.014865327684497127,-0.05967033433452911,-0.07872884376742174,0.5638522153604635,2.2231542988452317,-0.7467726777670434,49.19582803113096,-0.45451084825014026,2.2213523196951375,2.6209657687394823,0.07874764336482935,-0.5451668934838542,-0.7533049564213846,2.736961749889005,-0.8399532649962715
7,1780387246.402166,47.82929763235064,0.3713731289723684,-4.041245427312192,3.495698761449651,0.0,-0.7845726212099993,-0.016219915527950095,-0.006849974328157224,-0.07128322922063439,0.6737410818509678,2.0911102036613554,-0.8022391570456593,49.11415522353544,-0.35174383453755914,2.191636310444741,2.614830769749898,0.09282964244037384,-0.5924130319502003,-0.6667066733696632,2.6411765622849748,-0.8610418891185492
7,1780387246.4521658,47.7130976560075,0.5164841947457389,-4.090723096340793,3.4952228812977215,0.0,-0.6647192318276886,-0.017594149561975872,-4.1274000411431846e-05,-0.05856345048047036,0.7939421563915584,1.9560545024659692,-0.8704944481119661,49.03527775718737,-0.24717740517585735,2.1602657256133044,2.6112437938873803,0.10907492356023883,-0.6102727674996501,-0.5807690437818146,2.5441577193766265,-0.8847514342263296
7,1780387246.5021658,47.603166127062266,0.6629355700836581,-4.151141790764505,3.4949604907044134,0.0,-0.5142103335361186,-0.018532832989471885,-0.001309591719677369,-0.043434417143999024,0.9031353858447368,1.8168679176528022,-0.9490212800750202,48.95925570698546,-0.14077559486128716,2.128834357226836,2.608232990327623,0.12518178734716062,-0.5942926446124547,-0.49580027898030676,2.445744720733874,-0.9095180678241226
7,1780387246.5521657,47.50405304616147,0.8160586120643621,-4.223566396355367,3.4947870817877833,0.0,-0.33681825169154894,-0.018754918026053558,-0.0111906658052347,-0.026457356390286103,0.997846664265498,1.6684930641357756,-1.0380463388070424,48.886116850844246,-0.03260163249868486,2.0990070820221334,2.6056301063709655,0.1384179697344082,-0.5470159733154212,-0.41211372452830464,2.3458798200581854,-0.9335391762020699
7,1780387246.6021657,47.42679376974375,0.9685601457318994,-4.309061798885414,3.4945815167861642,0.0,-0.15309495404719076,-0.01804204926784217,-0.028489869670415002,-0.00971844081792703,1.0690220157943664,1.5185484770508784,-1.1366906571767084,48.815804009030444,0.0772185549265107,2.0723346276360175,2.6032537097671105,0.14685240001289981,-0.4710213712523911,-0.3298986417918383,2.2445883960778015,-0.9551528591555751
8,1780387246.64302,30.054804072907874,1.0579590816950606,-1.004655174513878,3.511247000246885,0.0,-0.2515448451210718,-0.029088958193979924,0.7370901523738408,-0.009997275788033208,-4.651236767455841,1.103346649466061,-1.0076381626148088,30.054804072907874,1.0579590816950606,-1.004655174513878,3.511247000246885,0.0,-0.2515448451210718,-4.651236767455841,1.103346649466061,-1.0076381626148088
8,1780387246.6930199,30.16638629547065,0.9090771169468508,-1.0021761129574474,3.4924703330572635,0.0,0.24606247732437625,-0.02817439056375388,-0.2075001628287636,0.02728485222619695,-4.5545807426802245,0.9548706394768279,-0.9892302978118859,30.14693850243583,0.9089290289128279,-1.013841820953529,3.553009144207892,0.03311727064171168,-0.2243758899852981,-4.572136299741654,0.9545038724396809,-1.0029745096857683
8,1780387246.7430198,30.27237823350558,0.7629692779351012,-0.9927220928558749,3.4873509009822157,0.0,0.408102342819824,-0.0278437562023898,-0.448839809992585,0.036915678431300857,-4.443442153410943,0.809223444611339,-0.9840457687495197,30.240201102296794,0.7592593094417363,-1.0192363386328536,3.5470173310696174,0.061293380342922255,-0.10146294429872381,-4.4687251790190885,0.8053995162876774,-1.019597326774571
8,1780387246.7930198,30.373436218076606,0.6208066400527413,-0.9769963253714375,3.4912599349233093,0.0,0.33895396589633814,-0.02790735431432369,-0.2263881574165384,0.028412826987054822,-4.350653515782841,0.6685518675405213,-0.9530330220089183,30.333920900868875,0.6103192834264171,-1.0185067140415605,3.529062033551867,0.06766126183936198,0.021299179306057014,-4.386002226350304,0.6573278393582759,-1.0009459746286171
8,1780387246.8430197,30.476183860477455,0.4756567562602287,-0.9557020216664122,3.498908391821265,0.0,0.16155341080633748,-0.028140859323985416,0.1876501552371224,0.01258517513563636,-4.251781161563227,0.5264678528638639,-0.9163817777570782,30.428003126114405,0.4620935787399877,-1.0129136514081805,3.522735185584877,0.05428313501390425,0.09440701328110895,-4.296094173390138,0.5113108069382383,-0.9807475111871793
8,1780387246.8930197,30.579338329694156,0.33347496450710623,-0.9295423929030755,3.5125032991406755,0.0,0.07619718922785333,-0.028241916135283172,0.33834067807012064,0.008837848340437836,-4.148044041258453,0.3889845245433286,-0.8755323902722596,30.522776699486172,0.3138429440634345,-1.0051634450073648,3.537318665420497,0.031265050684680454,0.10836908677843266,-4.20097193247005,0.36667754613912756,-0.9591391177442654
8,1780387246.9430196,30.683716676002554,0.1903963953424733,-0.8992206502437046,3.5189156008646734,0.0,0.1747014710706147,-0.028179180387932337,0.05462971193036824,0.022615845317396882,-4.038816044944074,0.25232680107223476,-0.8311152924656731,30.618691554042652,0.16500207309240084,-0.9970163137214563,3.5593631368146688,0.010742658630376007,0.10915859200187984,-4.1005502086453935,0.22293779972275116,-0.9375981307180545
8,1780387246.9930196,30.783772775501646,0.05258908165506533,-0.8654400048505762,3.5029593770634366,0.0,0.3939749267759649,-0.02748902427332863,-0.5492983845039974,0.04683897840458516,-3.930332371429803,0.12224309181859534,-0.7845204877336531,30.71598154176242,0.015914961022920893,-0.987817927850295,3.5669752778323036,-0.003297447869434344,0.1475549743194977,-3.994823483292071,0.0805087510276771,-0.9155065349743641
8,1780387247.0430195,30.891890419140427,-0.08540836471230902,-0.8289036678859671,3.439020579466075,0.0,0.6889527597695752,-0.026597064965918193,-1.5933241178399895,0.0803134321432936,-3.8103654904350015,-0.0057563618720935655,-0.7349490171071507,30.8145192349197,-0.13214131873190052,-0.9752652754733822,3.5434659913103266,-0.015821783478591228,0.24231020576138523,-3.884260521885906,-0.05929797664512505,-0.8905583738961367
8,1780387247.0930195,30.99590889865467,-0.21377905336285316,-0.7903148505121544,3.3131356789562925,0.0,1.0154248005680817,-0.025290225130997507,-2.8678706001883696,0.11754875283810069,-3.692318875637801,-0.12293565807733131,-0.6845886811676687,30.91368604295983,-0.2769815870463302,-0.9564239416654128,3.4655926760037916,-0.03306021997229175,0.3992641352121574,-3.7700033945087554,-0.19434646458811822,-0.8599579788800531
8,1780387247.1430194,31.10530849672287,-0.3304644505376798,-0.7503767638914147,3.122735412331995,0.0,1.3028603377530734,-0.023362896299403704,-4.235832839838074,0.15181363447463006,-3.567491373055113,-0.2263637306501258,-0.6330952274786763,31.012318678670958,-0.41564293055646895,-0.9287336421620465,3.3202122440441966,-0.06012528775992697,0.5995669772315082,-3.6539678770373136,-0.32184788240532514,-0.8212367425508056
8,1780387247.1930194,31.206086924671393,-0.4287309456716457,-0.7097926191860251,2.861902845975011,0.0,1.4448298876970085,-0.02148583552870837,-5.637433036299127,0.1709373793204857,-3.451743396048714,-0.3111428189002293,-0.5825845536010403,31.108762992923545,-0.5448540395297049,-0.8910540831266895,3.101267886490446,-0.09687579188220793,0.8066604897542363,-3.5387858386559548,-0.43885348779305433,-0.7734241854139436
8,1780387247.2430193,31.29178512935739,-0.512191169578509,-0.6692656275582622,2.565055445863389,0.0,1.3671629519468416,-0.01968898537895219,-6.057086232498476,0.16508803566573121,-3.3521888582542827,-0.38219179191468483,-0.5341715877826188,31.200898635855047,-0.6614125661406689,-0.8442268863088418,2.807244273936109,-0.13678223020218805,0.975847195776394,-3.427696040082664,-0.5426428286109063,-0.7175146767924123
8,1780387247.2930193,31.410903791752848,-0.5818826139177243,-0.6294990001704031,2.2832076638298937,0.0,1.0645657045339612,-0.01761348653966567,-5.115735453752131,0.14963341700591165,-3.2184069362943433,-0.4336780629236523,-0.4832129966184917,31.286943912911912,-0.7633815036137201,-0.7910505063528754,2.4892718503607525,-0.16990365707423344,1.0739393268947228,-3.323494173071815,-0.6317904381369631,-0.6564049482656427
8,1780387247.3430192,31.49514573657345,-0.6375604316897897,-0.5911959481847244,2.062039690711709,0.0,0.9014276172341054,-0.016229092655432067,-4.1319792623880085,0.1329622534109567,-3.1190875535844684,-0.4751504393225727,-0.43240795659464837,31.366811657121023,-0.85128446430004,-0.735040167853596,2.217072294716437,-0.18849160189402528,1.1042872502434546,-3.227001428051645,-0.7071295954647897,-0.5937708821508245
8,1780387247.3930192,31.57156515401811,-0.6838019739805358,-0.555059682763483,1.9117115317747773,0.0,0.7040740264749252,-0.015139147058408905,-2.671039029796149,0.10937977531216928,-3.0346699038111473,-0.5075603097024146,-0.39361330034071784,31.44168878362586,-0.9269766663160406,-0.6790734499441458,1.9943697021143272,-0.19105360584904807,1.082755155925422,-3.137690272894797,-0.7705927445722547,-0.5328312608766521
8,1780387247.4430192,31.67152491653544,-0.7280253668364058,-0.5264961535359687,1.8166852347838722,0.0,0.48324083416533853,-0.01390826833464464,-1.3582590332679605,0.07872673147724761,-2.953965105961155,-0.5404105936628284,-0.4001767555575584,31.513331209212897,-0.9927292102937346,-0.6256500046050792,1.8469773425947482,-0.18183137266064994,1.010769949083735,-3.0321988559311013,-0.8207161311712114,-0.45379628961720275
8,1780387247.493019,31.72840454951506,-0.7639601560370399,-0.5014160865212304,1.7874727944233084,0.0,0.3166305337395282,-0.013834913791813782,-0.3679194676124153,0.05087596803600961,-2.894118340830038,-0.5691664624481919,-0.3765797680752292,31.583903347543696,-1.0510824279852053,-0.5773785783515644,1.7687606899427795,-0.16684873174240356,0.8844982991035283,-2.968229186991782,-0.8688776974731506,-0.42053877787670446
8,1780387247.543019,31.816804270333993,-0.7996927535682885,-0.48137030394262115,1.7882807120162243,0.0,0.1651322667598224,-0.012650092897618193,0.10765673450872751,0.02318724227843338,-2.804825717260302,-0.5941247339353953,-0.36017197157313063,31.65533039143087,-1.1041829744565315,-0.5364250922917377,1.7435661785157153,-0.14884004355477934,0.7214791878980747,-2.9157028248942325,-0.9147551990573533,-0.4037749279402796
8,1780387247.593019,31.91376181807323,-0.8380679878830646,-0.4679925114304113,1.7862985646236473,0.0,0.0023039226894302697,-0.01041342714957467,-0.16904016560288793,-0.0076785758566429285,-2.7076965011714345,-0.6211554886912243,-0.3513386845474158,31.72858164189288,-1.153582426448116,-0.504348803981959,1.7451244458676325,-0.13032350749146215,0.5352817648126355,-2.8454264601179426,-0.9557342401109978,-0.3795095226185161
8,1780387247.643019,31.98150638595334,-0.8717661626148228,-0.4595554195350972,1.7739128962252297,0.0,-0.14536660393041717,-0.008396453898023886,-0.25804732575321637,-0.03582800961950097,-2.6397557862004972,-0.6472421266850452,-0.34668894297599184,31.80325201550504,-1.2001212706698112,-0.482294287796726,1.7350499761282792,-0.112887954168081,0.32961542791870246,-2.769348752209183,-0.9931943124996467,-0.3606620411674162
8,1780387247.693019,32.07190571411781,-0.9082108686350137,-0.4538404496956052,1.7664493134062178,0.0,-0.29286750303500475,-0.005652863263838122,-0.010990533206303499,-0.062729189711732,-2.5510957057399297,-0.674115896394328,-0.3468422622333449,31.87843353110341,-1.244375572442123,-0.4707360976749344,1.7218267781645293,-0.09571905830690446,0.12299463725247747,-2.6932924451302727,-1.028585232018228,-0.3523031223465618
8,1780387247.7430189,32.16516889677807,-0.9452655027964192,-0.4512567452159057,1.7752574563253685,0.0,-0.4282108659255155,-0.002431131049998792,0.15298689009483488,-0.08620637961157518,-2.460986962245282,-0.7020050925898587,-0.3512909979071983,31.953734765308003,-1.2872594352218463,-0.4695021841569358,1.721335418950277,-0.07990338254763486,-0.0745977944409128,-2.6184768113513606,-1.063005233336419,-0.3550128391240639
8,1780387247.7930188,32.24256838972909,-0.9844837024352108,-0.45736523706933274,1.7696149991787382,0.0,-0.5291679881429052,0.0006380015482037231,-0.22441262906716758,-0.10424417316551307,-2.386493717502473,-0.7341786861982702,-0.3639903668220241,32.02908082497376,-1.3298169851196056,-0.4778913660123405,1.7286946937367218,-0.06552211913276258,-0.25334586740738446,-2.5448408479576368,-1.0975322763140742,-0.3680164259543317
8,1780387247.8430188,32.33144190493256,-1.0250834932958313,-0.47812223769134576,1.7319016448796933,0.0,-0.586439569279268,0.0035589580559854225,-0.9981346095740834,-0.1149955090660277,-2.3027389050805813,-0.7674423886812378,-0.3931215349558026,32.10380087928029,-1.372641302370599,-0.4947070536559597,1.7164797297458332,-0.05190402016100384,-0.40434395768263426,-2.472928303728082,-1.1328546810758964,-0.39001492874157195
8,1780387247.8930187,32.37421787684164,-1.0673665274895414,-0.5090995704902266,1.641689020448658,0.0,-0.5938891573751286,0.004872757587291203,-2.0046108591569975,-0.12052297774968813,-2.2611400048057475,-0.8064166200927854,-0.42844230354883983,32.17627684941783,-1.4156048746553886,-0.5182730097181003,1.6648786724990965,-0.03888185776355055,-0.5170212983865827,-2.4042566779802725,-1.1690187366456404,-0.4192033794862082
8,1780387247.9430187,32.42095520456963,-1.1043826636292648,-0.5438986023662221,1.5272809582074345,0.0,-0.5706182297903776,0.0060397553263038875,-2.6466898519263737,-0.12291466092729281,-2.2170717109341016,-0.8400936730044902,-0.46824462146735035,32.2444871954283,-1.4579657393255145,-0.5464358994986034,1.5625081467664594,-0.02819786768984487,-0.5868120828286462,-2.340683534101218,-1.205442509481342,-0.4532314496212897
8,1780387247.9930186,32.497898226959606,-1.143468991029002,-0.5805000063995823,1.368131606578877,0.0,-0.5215186169979088,0.008164357326684048,-3.2151328926875156,-0.1256129134581415,-2.1473831512554824,-0.8743003432039802,-0.5136249826131327,32.30655740832091,-1.49880756504808,-0.5770317573577586,1.4278270956138,-0.02186490677413096,-0.614237830601193,-2.2836533104707892,-1.2412829717854492,-0.4895805137447691
8,1780387248.0430186,32.56126957828546,-1.1789148941011285,-0.6144829026735417,1.2233075696406865,0.0,-0.4774413160006815,0.009846583128296501,-2.823196449159999,-0.12855616248986707,-2.0908511389703355,-0.9062466721483655,-0.5553269215563201,32.36113148655381,-1.537262646716351,-0.6081878185212162,1.2646707020268995,-0.021148336823773813,-0.6070685660786944,-2.2342556791542028,-1.2756797197861003,-0.5261808326333837
8,1780387248.0930185,32.60487234998665,-1.2130356261494586,-0.6429893079648724,1.1026982891243284,0.0,-0.44735739383845674,0.010925012955388667,-2.0867834400222316,-0.136923936822931,-2.0520815630206966,-0.9382334746431734,-0.5894325065649308,32.408181945040155,-1.5729947498837407,-0.6383268649400788,1.1213747174113284,-0.024728285532579466,-0.5751273830922249,-2.192201655692862,-1.3081723233468552,-0.5612781262953757
8,1780387248.1430185,32.64634628433777,-1.2435622377652065,-0.6682192060635535,1.0614067973743164,0.0,-0.4690257806421035,0.012026457979453724,-0.19148445142731516,-0.15048012386109186,-2.0158666072516596,-0.9669575028545613,-0.6201695130877631,32.44904922235308,-1.606539470389639,-0.6668558281831123,1.015034682364869,-0.031146253873587146,-0.5445811654211407,-2.1561192561521496,-1.3391068683061198,-0.5943341965393132
8,1780387248.1930184,32.68464844968236,-1.2777332462093436,-0.6945192154310237,1.1227799961610574,0.0,-0.5714025337064791,0.013033526924553075,1.73054916675599,-0.169133010381178,-1.9827076796072984,-0.9996557993030011,-0.6517538877151803,32.486412153438344,-1.6396646628663236,-0.6945120015792163,1.0031894361052394,-0.03857953678189728,-0.5430591051035804,-2.123477881644007,-1.370012875421628,-0.6262880202109793
8,1780387248.2430184,32.73027884830521,-1.3163252212290621,-0.7278056548156788,1.2355636314107683,0.0,-0.7078404498570119,0.014192167555735184,2.507919865338544,-0.1882389984574899,-1.944145748712293,-1.0367563373136972,-0.6916417376997606,32.523847687642785,-1.6753111029614887,-0.7233900675699148,1.0864731407375137,-0.04627909985850441,-0.5922115488229772,-2.0911298065356756,-1.4035984489174227,-0.6596143549758136
8,1780387248.2930183,32.76362452759313,-1.3606471199277888,-0.7703716744103236,1.3371922779063408,0.0,-0.8298998014792239,0.01500031850528198,1.8240819135314184,-0.2043606563919083,-1.9149337012554881,-1.0801096231079517,-0.7384118458918651,32.56355999100976,-1.7158111462231724,-0.7559096645362957,1.2073411309359972,-0.05245916935839363,-0.6832713005740247,-2.057316749939986,-1.4420978938158953,-0.6970421803559339
8,1780387248.3430183,32.820371261953305,-1.412748888608375,-0.8166401721129015,1.403210421502884,0.0,-0.9159173005580663,0.016399174853722876,0.8189999629947448,-0.2143466502443991,-1.8729009536204329,-1.1311068697476858,-0.7962636792233537,32.605235335570896,-1.7614748887703182,-0.7935017107291582,1.2929697062228207,-0.05532976170367001,-0.7894742724947599,-2.0224441410468357,-1.4858714328262763,-0.7399924701164347
8,1780387248.3930182,32.878342488840815,-1.462745771732291,-0.8627328044488767,1.4072744878882146,0.0,-0.9300445569991554,0.01783664412392582,-0.39347204836362454,-0.21473280503765496,-1.8014877455305087,-1.1794874355234461,-0.8338505083986298,32.64695153982527,-1.8110313765288066,-0.8361602049161938,1.3278284667233473,-0.05452550240849195,-0.8823928973287436,-1.9881530611558675,-1.5337497166167853,-0.7881919076277426
8,1780387248.4430182,32.928920175737005,-1.5135954499062865,-0.9058599709611758,1.3627817114885232,0.0,-0.8841354216546108,0.019090781298084843,-1.292952302706352,-0.2061067046459625,-1.7341825589846718,-1.2280166517556148,-0.8668700826122056,32.68659879410509,-1.8625411025753575,-0.8824904836293257,1.3024136078347435,-0.05094067186774255,-0.9354471375692259,-1.9562779180147816,-1.5838680661972797,-0.8400049705898125
8,1780387248.4930182,32.947005790332284,-1.5645834159954277,-0.9436229502187927,1.2686740491118835,0.0,-0.7702518019055214,0.019573983099341653,-2.262579673689419,-0.18864993333785532,-1.7196456106654643,-1.2784909777506233,-0.908165751254046,32.72250013725831,-1.9139186408968785,-0.9299910639065354,1.2331254185952467,-0.04654032391902947,-0.9321351154187768,-1.9282613979767842,-1.6341691007278665,-0.8927546887980622
8,1780387248.543018,32.95648367039088,-1.6138547760135282,-0.9750958354911159,1.1596071535103605,0.0,-0.6325021677496484,0.019806826727809437,-2.1182980759670604,-0.1685002256142221,-1.7146323168564719,-1.3276207010872365,-0.9434860455118326,32.75358552433189,-1.9630666088208093,-0.9754878288783377,1.1171189799244696,-0.042551011609370075,-0.8613566073080525,-1.9033045190830244,-1.682469936910338,-0.9422981550925797
8,1780387248.593018,32.96810468851526,-1.6603658803431556,-0.9954596931100181,1.097988103284078,0.0,-0.5204606310449299,0.020029095771910414,-0.7919735600151749,-0.14664632034398425,-1.71005923577268,-1.3740200460777867,-0.9689791169740052,32.77977678755701,-2.008787636798932,-1.0159568462921715,1.009818908450484,-0.03991819600456366,-0.7420276284365281,-1.8832585808885371,-1.7275816794332388,-0.9865771862062549
8,1780387248.643018,33.01808382656771,-1.7059517859295696,-1.004966285885461,1.0652911920920198,0.0,-0.43180048048784253,0.021162367552318966,-0.5269081112542843,-0.12488025384305829,-1.6610648414938145,-1.4184863034384962,-0.9797632210435707,32.80256479648228,-2.052265864748239,-1.0499736928661938,0.9695641147392031,-0.0373436903651767,-0.615772778153114,-1.869517314268377,-1.7707031233095842,-1.0256223165416998
8,1780387248.693018,33.07625971321953,-1.7500127945729693,-1.0144947356800678,1.0496181379634475,0.0,-0.3565374798872379,0.022481499758512387,-0.2510494715898069,-0.1045074761483189,-1.5863062471649962,-1.4602747269261147,-0.9804309988723614,32.823326045161934,-2.0949193830140027,-1.0780544616231391,0.9427141507747225,-0.03387542022294414,-0.5056540733652072,-1.8567859775424274,-1.813091010402306,-1.0580305539908412
8,1780387248.743018,33.137708077670815,-1.7968741077361892,-1.0287799635199508,1.051317589117181,0.0,-0.2899743183478271,0.02387483505997014,0.23889029568789982,-0.0842067305883375,-1.567899820936888,-1.50686358679091,-1.0195567384800284,32.84268779535674,-2.1371384627346495,-1.1010863039803391,0.9296114142967413,-0.029716815293798528,-0.4132129788816282,-1.8363606745033698,-1.854915249741241,-1.0809585270583049
8,1780387248.7930179,33.187204654883786,-1.8436114307068852,-1.0420379057891132,1.0781154597808997,0.0,-0.2333913555914806,0.024997164823309034,0.6681832618979106,-0.06560914775769876,-1.4698482555118033,-1.551326339264501,-1.0066952778277551,32.861306534976656,-2.1796303308025697,-1.1198746746147146,0.9408782690492982,-0.024864982260405746,-0.3350863399027299,-1.8081970884693157,-1.8967997860718548,-1.095757130106028
8,1780387248.8430178,33.21779511171531,-1.8921706469957742,-1.0545813719519883,1.1228050731403985,0.0,-0.17689084971740932,0.025690800264572527,0.9324225399629809,-0.04700433258361084,-1.4695572971675097,-1.5998383074557339,-1.0361580032392386,32.87982968594507,-2.2233328095713074,-1.1351522912854914,0.9734155371584087,-0.01984024219237296,-0.2703523712245812,-1.7771271413136502,-1.9396875427978522,-1.1058607148627106
8,1780387248.8930178,33.21844985633158,-1.9433345446767623,-1.0667231714729732,1.1635888101189613,0.0,-0.11561735026147789,0.025705646530952947,0.7445416965293347,-0.028057648751418925,-1.4687621688094066,-1.6509962088916177,-1.048712587255232,32.898727784885565,-2.268966759458516,-1.1473960347868652,1.0190013172289913,-0.014431856514354195,-0.2113831654430018,-1.7453189758014187,-1.9843309355686043,-1.112996901090435
8,1780387248.9430177,33.202236043332206,-1.9965281294794817,-1.0787761138164655,1.1942118220685514,0.0,-0.052555559592287054,0.02533799999999966,0.5024982584090076,-0.008957631953976333,-1.4600542375969388,-1.7039935260422685,-1.048761919688455,32.918164808593076,-2.3165631287856483,-1.1567005572495392,1.0550668187429932,-0.008599515878767727,-0.15112948563147774,-1.7142531256712612,-2.0308176707483745,-1.1179797522971207
8,1780387248.9930177,33.18601699314017,-2.049284786765589,-1.0910530084468624,1.2057121066315624,0.0,0.01232032554942464,0.025015872993352013,0.06801003086670993,0.010899203833265262,-1.4636358710981658,-1.7569086013655189,-1.0556460092488327,32.93806738491603,-2.3655713164978955,-1.162894756229247,1.0789109403533164,-0.00257745187143128,-0.08652030381924103,-1.694578905999643,-2.0790983406277923,-1.1250669107139535
8,1780387249.0430176,33.18700667640016,-2.1036910929352963,-1.1038666648285618,1.199645298776769,0.0,0.08503018341835805,0.025035529120085418,-0.1775769230041854,0.03268176353834494,-1.4608259482867534,-1.8112495153516952,-1.0685096790342312,32.95825730861646,-2.41514541583319,-1.1657050401074716,1.0808860422392164,0.003561072159656087,-0.01605248565905988,-1.6896406254134422,-2.1285214264981986,-1.1349674431288324
8,1780387249.0930176,33.2181439686477,-2.156756214129277,-1.1175298924259607,1.1990437045693614,0.0,0.1764174815492361,0.02565394774682724,0.03117160029820637,0.058415105481128056,-1.464811094044711,-1.8643813187939942,-1.0993276641422485,32.97857297642341,-2.4644174382115756,-1.1647898314567429,1.070363794098981,0.010023777726559692,0.06158636515680441,-1.685772895858295,-2.1777162177748317,-1.14134049911263
8,1780387249.1430175,33.26788208400619,-2.2097876870714006,-1.1323555007034565,1.2084756075662264,0.0,0.276900722975314,0.02664179783835694,0.2440275640592622,0.08435681422884536,-1.424643211099993,-1.9169863934369464,-1.1189203994302401,32.999173515585575,-2.5132313854467943,-1.159700001259117,1.0698753989040801,0.01742823372217348,0.15025071965722503,-1.6677229556355528,-2.226142912543277,-1.1377194265557113
8,1780387249.1930175,33.327742005688776,-2.2632911902025166,-1.1486562991254468,1.2271567300884536,0.0,0.3731755559802254,0.02783067740660946,0.4406264309526982,0.10716349939423779,-1.352772648853299,-1.9693015899346942,-1.130227703133598,33.020446045161364,-2.5619386552946417,-1.1500606866423886,1.0795211030288459,0.02506408288133974,0.244809520352678,-1.6359029237319298,-2.2741099501940374,-1.1243776489894044
8,1780387249.2430174,33.392908464485714,-2.31783665513083,-1.166745097156329,1.2592568833354565,0.0,0.45907751762563653,0.02912495025596919,0.48944598074290335,0.12564463342938054,-1.266820094989313,-2.0218119731372473,-1.139771703560688,33.04275328712198,-2.6108738700409297,-1.1358246664314837,1.0985302621052084,0.03189928157877864,0.3374066216938607,-1.600271406860592,-2.3220667121411616,-1.1055143752974406
8,1780387249.2930174,33.453851112240855,-2.375048602259413,-1.1869347042605,1.3109374866181247,0.0,0.5418334633989559,0.030335333876841356,0.5749980825512746,0.14013760641108453,-1.2419650561039646,-2.078576726809138,-1.1758037797094916,33.066355625822915,-2.6601861992477533,-1.117259808884961,1.1196169161044798,0.03731136051503792,0.42231520550075574,-1.5635934480977298,-2.3702066877987997,-1.0825891642853573
8,1780387249.3430173,33.485928822357074,-2.4307641646237848,-1.2095379299023579,1.36783514895471,0.0,0.6073141620466689,0.03097243016901049,0.9698524505350801,0.14915549065770062,-1.2232585156122315,-2.134137971924927,-1.2041627725754833,33.091451391686554,-2.7098974341040747,-1.0948170310798155,1.1446943079713694,0.041194599321644695,0.4974489157598118,-1.5518608841440018,-2.419540916768961,-1.0657115829282766
8,1780387249.3930173,33.474669860034695,-2.489072451722936,-1.2348675835462999,1.4313047343978382,0.0,0.6547314037544134,0.030748815605399906,1.9168334039751385,0.15238585398782298,-1.228978345641658,-2.1924842753229923,-1.2273929985801815,33.118438269067816,-2.760414948900464,-1.0690606527511468,1.189357736917884,0.04310479764335725,0.5608532373544826,-1.5724985425057076,-2.4704800321540095,-1.0577419261439838
8,1780387249.4430172,33.40862231502444,-2.5476571385951665,-1.2632364746567233,1.4958180881441192,0.0,0.6787944170010534,0.029437043478260896,3.532734054998941,0.14933077482176463,-1.2548848357340834,-2.251401203380476,-1.2401784161215739,33.148230582226866,-2.813075319236218,-1.0405252930647415,1.2812234602461228,0.042416489702832384,0.6158137956887336,-1.5350112850019673,-2.5227539251620943,-1.0266825865608338
9,1780387249.460123,9.273919177368052,-2.5298713512607205,1.3341281060365,1.795850238987939,0.0,0.8836246848227292,-0.12034846822742468,4.840790269156457,0.1644554672133563,1.6272748832952608,-1.9112641521509102,-0.6030430357297396,9.273919177368052,-2.5298713512607205,1.3341281060365,1.795850238987939,0.0,0.8836246848227292,1.6272748832952608,-1.9112641521509102,-0.6030430357297396
9,1780387249.510123,9.210549644660851,-2.4520842276122123,1.348229357247254,1.6046603214232331,0.0,0.8996942769545946,-0.10322877454367413,-0.7717972926987327,0.18718634679357782,1.7516703728435727,-1.8101250254595502,-0.6197889154062768,9.303227985284105,-2.436147143032466,1.3836105922878774,2.042359103603662,-0.017857262107616536,0.9568291654653905,1.6935770688177971,-2.00116989339769,-0.540884912576499
9,1780387249.560123,9.19307889434358,-2.379769755693895,1.3593030143438123,1.451689232940112,0.0,0.8659759030257073,-0.09850893709057293,-3.3847233929005354,0.19266282150993155,1.8337957264503921,-1.8017642633343844,-0.6179641175662054,9.32653846725848,-2.3365295169275337,1.4365888052384301,2.0035354273028205,-0.036492276789111516,1.0587655166310173,1.7720441409899683,-2.0768178233893737,-0.4791431498318923
9,1780387249.610123,9.21637025063712,-2.3149112275842527,1.3675230994501255,1.3516357921730981,0.0,0.7900031404812816,-0.10480124931365452,-3.360108097198127,0.18212484505232987,1.8732327557742932,-1.8749933207559313,-0.5974844875239516,9.342538368297888,-2.2414342488918972,1.4929160265360357,1.8315051432632987,-0.049683567932468385,1.1222962450851919,1.852182107075632,-2.1352325039001103,-0.41751744935682655
9,1780387249.6601229,9.266230224723195,-2.2538413304695855,1.3730636346901435,1.3014553250594731,0.0,0.6857047220593615,-0.11827124738634594,-1.7407564143666399,0.16020899102080402,1.8905993415428832,-1.9955924029232386,-0.5676174800195701,9.351617450413414,-2.154365319499842,1.5501186866829988,1.6610484474562162,-0.05420848718383863,1.1216165592238325,1.9290408954900102,-2.179132393653054,-0.3572012459590601
9,1780387249.7101228,9.326684655288886,-2.192194960974852,1.3760986421878163,1.3007723298319214,0.0,0.5650881958852851,-0.13460340716246746,0.2693962647979633,0.1312042026749819,1.907789837737477,-2.125865129043781,-0.5395824178141138,9.35453475327921,-2.073476478948155,1.6049312409740795,1.5741467577615158,-0.053348055313038094,1.0575626825459887,2.003708175925177,-2.2106654794261975,-0.3013318888977361
9,1780387249.7601228,9.38755635330872,-2.126722804135425,1.3768021440670941,1.3679169532173008,0.0,0.4482015583647617,-0.15104829447013285,1.8355242807647676,0.09871642609763494,1.9332461727616157,-2.2523166359009448,-0.5155869842828773,9.351767734351775,-1.994326097508797,1.6545170020670454,1.5913582146602616,-0.05301103948866398,0.9491959707812668,2.080018215067899,-2.2322216588917376,-0.25274915939697706
9,1780387249.8101227,9.442804991158933,-2.055683023463974,1.375348162451927,1.4820377612851565,0.0,0.33150632457182766,-0.16597407529939012,2.4430421682889025,0.06591066167798529,1.969821177610189,-2.3709642243655225,-0.49477902224869386,9.34340982731698,-1.9124474097527309,1.6971101719130575,1.6906462275174283,-0.057007655562736945,0.8186851453216677,2.16190256586214,-2.2461727184156546,-0.21303596555352788
9,1780387249.8601227,9.48328409536041,-1.9783672100011767,1.3719107194662654,1.6080775116748427,0.0,0.22180684825257058,-0.17690977002391772,2.415556794553706,0.03541486729033499,2.0240371611029833,-2.459092344634069,-0.48419240774660954,9.329521443803246,-1.8250598724303673,1.7318317112137027,1.8238840647831944,-0.06526263358246598,0.6771084154548708,2.251745786145622,-2.2543388400607824,-0.18287175415745516
9,1780387249.9101226,9.498544635324702,-1.8955835148305034,1.366663837234059,1.6869248909754315,0.0,0.06962673096732505,-0.18103250469586862,1.1980107406528744,0.001764714658600391,2.0964811383980884,-2.506468530856879,-0.48426349703166327,9.310609517008206,-1.7313243030049266,1.7582599171540947,1.9588303073689601,-0.07485226994897054,0.5276856768278233,2.3504824299607887,-2.256964075528753,-0.16332114157773114
9,1780387249.9601226,9.480113337945149,-1.8105368318624848,1.3597815378792582,1.7310552991919106,0.0,-0.10169615854004743,-0.1760531691721239,0.7364012398544426,-0.030581312721483317,2.1865472081644977,-2.5013469684223426,-0.4974381080487271,9.288184366841124,-1.6326264901439727,1.7759190846487787,2.0350538232050357,-0.08314740367436532,0.3544201472478765,2.4562268603675568,-2.2556960352907303,-0.15491300818580145
9,1780387250.0101225,9.478613580906307,-1.725265828138391,1.351437843525813,1.7558791164132679,0.0,-0.2698206179090893,-0.17564799999999764,0.374272024438171,-0.06072871165329938,2.2690255349914565,-2.5231272685891746,-0.5063088439176253,9.264242760817696,-1.5309004535907078,1.784230979773488,2.088869583188705,-0.0862234252000727,0.16039142721299002,2.5658749503891873,-2.253778623302515,-0.15736803220020912
9,1780387250.0601225,9.467020531276134,-1.6373782546587896,1.3418067762976738,1.7660436827321107,0.0,-0.43557960517745864,-0.173092528662327,0.2131290426058864,-0.08947245487927083,2.358513413269002,-2.5305317435568524,-0.5199907935351713,9.239784286600216,-1.4270318345501494,1.7824676510219106,2.1252498083471636,-0.08253501182792355,-0.045209313156764686,2.6777951598646945,-2.2532072028675776,-0.17078507491112482
9,1780387250.1101224,9.460252882547945,-1.5506801841263185,1.3310623583187902,1.7714271942269169,0.0,-0.5620383165401779,-0.1716007268586588,0.07924468205332161,-0.11078200080103726,2.44456357610552,-2.5454419845557923,-0.5330810741705445,9.216072971296756,-1.3215348212179054,1.7705098114642777,2.153393914803421,-0.07231272072862546,-0.2551339194635037,2.7906088155614093,-2.256068346005888,-0.19465068698755905
9,1780387250.1601224,9.484453182583874,-1.46390386499582,1.3193786117131125,1.7702547033915539,0.0,-0.6558480581113107,-0.17693523115888027,-0.020525080967561577,-0.12627115286168528,2.5172048787647565,-2.60559031323586,-0.5363120711481106,9.19407685242596,-1.2146729147667394,1.7488364185577874,2.174340588844917,-0.05509810273095639,-0.4482518129794396,2.903310665618315,-2.26392462394484,-0.22789382126715818
9,1780387250.2101223,9.530566649826211,-1.378590429927644,1.306929558604544,1.767332721215554,0.0,-0.7141413246073237,-0.18710008403000822,-0.048655365144610725,-0.13448193108029405,2.5818969720361302,-2.6897110536348214,-0.5368387992508046,9.174490832964226,-1.1066575550245092,1.7185313020698327,2.1900085893038637,-0.032561907711122856,-0.6145633650969208,3.0148562695770424,-2.2783398519410314,-0.26833521523906123
9,1780387250.2601223,9.588610709688929,-1.2934198741272278,1.2997922587017698,1.7626911747771536,0.0,-0.7324656081898391,-0.19989481328874822,-0.07884732336556234,-0.1353940875979648,2.6453608108594935,-2.7799659688949614,-0.5348839435569035,9.158035414596664,-0.9975935403299656,1.681239869948067,2.2042247542235867,-0.00624066121955499,-0.7455530926053208,3.124495826255713,-2.3002954259080988,-0.3134203717358677
9,1780387250.3101223,9.648981108777306,-1.2091410840633137,1.2875836718418006,1.7582807972230268,0.0,-0.7226665500728768,-0.21320234059481127,-0.06780992622200704,-0.13392480042207147,2.707941054099593,-2.8732055261694067,-0.5360759780861102,9.145351725922646,-0.8875366471550774,1.6389915868062497,2.2171185224121017,0.022196208936395626,-0.837218738487601,3.232103330924687,-2.3295240188356843,-0.36122472292070373
9,1780387250.3601222,9.702370755885743,-1.1252043314273315,1.2700030862346674,1.7563595922757058,0.0,-0.6890344929987177,-0.22497109146419822,-0.046634224852970474,-0.1260931765966885,2.773272515000315,-2.957068556829451,-0.5434691276175925,9.136953603882736,-0.7765397215924434,1.5937314451404143,2.2306424477755207,0.050293328286379585,-0.8979714970880323,3.3377975666919615,-2.365361232088298,-0.4103779026594512
9,1780387250.4101222,9.718461118827916,-1.0428860124719534,1.250381947052147,1.75610189943253,0.0,-0.6383777192446981,-0.22925483829338886,-0.016850961949506756,-0.11440191762202834,2.84856066228244,-2.9956372247989513,-0.5599677097979434,9.133144740830877,-0.6646320510612331,1.5472452705201567,2.245553670455114,0.07757547820615458,-0.9257820449539238,3.4415381482469236,-2.4076591925062107,-0.4589114664407177
9,1780387250.460122,9.740802254122729,-0.9611499858408956,1.2308222331610257,1.7553979778609576,0.0,-0.5666698035039021,-0.23371143294324218,-0.017343538331667775,-0.09932307576664137,2.9221700046714747,-3.038884623663214,-0.5772322353793027,9.133975851698583,-0.5518575926162166,1.501212057218118,2.2618337763018013,0.10285221097045916,-0.9236268143225689,3.543335002247341,-2.4562052030377837,-0.504482837051599
9,1780387250.510122,9.759662101954016,-0.8805683843689122,1.2106494520276487,1.7549281395769154,0.0,-0.4778599741340026,-0.23643606492286,0.004057140371925608,-0.08150006805233,2.996008477226566,-3.07639169617898,-0.5971307988083714,9.1392825221343,-0.43830284226787536,1.4570789394105041,2.2784843572654627,0.12512581309936804,-0.8933835727939554,3.643583727435037,-2.509957914990726,-0.5458657093662773
9,1780387250.560122,9.814272477877633,-0.7997816114637687,1.195292293790589,1.7558898312872422,0.0,-0.37204830961170604,-0.24644048447204642,0.02096586866263858,-0.06128068792138112,3.0608929826773217,-3.1523132211140923,-0.6075412049317874,9.148768518140596,-0.324046160555939,1.4161663703974003,2.2969514147444694,0.14348330713378926,-0.836360030574413,3.7428162714818374,-2.5676671167149405,-0.58259186603496
9,1780387250.610122,9.874912126221593,-0.7192149524394671,1.190464603621402,1.7564973979058993,0.0,-0.26479073804428327,-0.25754944450185185,0.0007829869847095277,-0.041158376239187756,3.125268852468788,-3.230653869323831,-0.6112599295261303,9.162065513377962,-0.2090885667344251,1.3798329389279917,2.3184241760123028,0.15719362023085998,-0.7529361579610878,3.8414105465580817,-2.628623457266042,-0.6129796940036281
9,1780387250.660122,9.932425368878464,-0.6382704406927503,1.193554283795015,1.755886985513686,0.0,-0.15695051053604125,-0.26808565853521277,-0.02152379473547361,-0.022575800050583843,3.1912782947156115,-3.303173481459946,-0.611345972136629,9.178679724005855,-0.09340953136495649,1.349238173311381,2.3416092507600714,0.16514025321920203,-0.6478897553055634,3.9398905866492373,-2.691875270325059,-0.6355387517218309
9,1780387250.7101219,9.956465797525656,-0.5575498802701546,1.2034045849257278,1.756128673125285,0.0,-0.06958245597400022,-0.2718574355765143,0.013592364233974912,-0.007828295540726046,3.2644489324346755,-3.34423562550665,-0.6034181584914116,9.198042096217646,0.023014492314803625,1.3251959233598845,2.366638206967951,0.16652681710088946,-0.527924135848665,4.038873505828919,-2.756258653067609,-0.6494113329132389
9,1780387250.7601218,9.990612439958097,-0.4766798812031085,1.2155755531607995,1.7576714546762942,0.0,0.005621075816119484,-0.2785141619005769,0.03558893876444238,0.005046014184619108,3.3354569700931185,-3.3945721909663944,-0.5950446328184915,9.219595082500046,0.14029715914578322,1.3079156065988382,2.3956994912916123,0.16093487320773642,-0.40422922436598835,4.13897886648054,-2.820754338466207,-0.6554391366073187
9,1780387250.8101218,10.017514993069943,-0.39643539393393457,1.2267034205728697,1.758609266523098,0.0,0.06050075860812583,-0.2846668846200324,0.011447641961469615,0.014576681708520948,3.4071966557085553,-3.4388867749387027,-0.5861786434872096,9.242792557755104,0.2586393207948481,1.2974015534119925,2.4284995571815124,0.14952596859557474,-0.2812803614987104,4.240698627194301,-2.8847397998692728,-0.6543821981969407
9,1780387250.8601217,10.064072261562861,-0.3144507387060679,1.2353062852959007,1.7584377933473831,0.0,0.10177128539966424,-0.29494679147015845,-0.0043610166559323905,0.021687556792825823,3.475766431579,-3.502961879636293,-0.5800841401518086,9.267071827886685,0.3782165013438529,1.293261042961471,2.462497263680784,0.13320757563408195,-0.1668943656499149,4.344397312736472,-2.9477505509059525,-0.6470326989813864
9,1780387250.9101217,10.124458235599048,-0.2329136749019579,1.236608584630799,1.7586725700845962,0.0,0.12857441351531304,-0.3079386422528822,0.0029443753123127633,0.025826109522016045,3.540442328128874,-3.579809724342457,-0.5851668350547383,9.291843552996465,0.49919427062135735,1.2949066651945067,2.498356426411881,0.11349814186607382,-0.06502618517478996,4.450356599409893,-3.009436235050615,-0.6343369930261642
9,1780387250.9601216,10.182262435035808,-0.14909275805182215,1.249037982054375,1.7603975162562528,0.0,0.14814453975785924,-0.32037503241936593,0.03503767116466383,0.02881948116070745,3.6073765054070783,-3.655449195154033,-0.5805017973481998,9.316561054082367,0.6218084084506366,1.3015026448763205,2.5373152642268577,0.09169373415080964,0.01979742163210524,4.558758905186101,-3.0698561975263994,-0.6178226318542159
9,1780387251.0101216,10.22568089649575,-0.06665070212997803,1.2618006022480563,1.7607686711222106,0.0,0.1602454609026622,-0.32971637668856735,-0.026651700761394115,0.030467637364266314,3.675941101488087,-3.7177983477452794,-0.5780574224846813,9.340780346139915,0.7463589249891392,1.3120805902926556,2.580349946655059,0.06944954045030155,0.0891878435694224,4.669743191218685,-3.1293459998415707,-0.5989251007377145
9,1780387251.0601215,10.247375726434921,0.016234719804519668,1.2745702754476838,1.7587301786307081,0.0,0.16548568842509126,-0.3343839505387032,-0.02785893210199991,0.03127577217511547,3.7499873478546206,-3.760824211504735,-0.5714066452388709,9.364152373277674,0.8730397195928298,1.3256891286020167,2.622219824538402,0.047674718482328654,0.14398028454715645,4.783877729070655,-3.186741314001093,-0.5768958122142327
9,1780387251.1101215,10.237300223528544,0.09850496848099667,1.2870208318890535,1.7507504881144476,0.0,0.16582140299168113,-0.33221623804569733,-0.20819316533294638,0.031189440548312554,3.8319630589276548,-3.773203421009254,-0.5560585398733551,9.386439760628019,1.0019556097823965,1.3414514531267159,2.6652175755913765,0.027045387946604205,0.18622432059407543,4.901713494863973,-3.2406645983930527,-0.5514642128911333
9,1780387251.1601214,10.227989195974494,0.19170261037321795,1.2988261018079608,1.7365269297924957,0.0,0.16080576427870452,-0.33021299999999554,-0.2863487515000546,0.03033457159246494,3.924352611694502,-3.788817086709096,-0.5416616327366803,9.40750800262016,1.133000138658303,1.3585752843477525,2.6993408598315822,0.007924490793067118,0.21720035375531455,5.022811268509765,-3.2919196330937277,-0.5248203209084261
9,1780387251.2101214,10.227989195974494,0.26848082721858574,1.3096599154402018,1.715363124250308,0.0,0.15309566736985375,-0.33021299999999554,-0.49181354616572365,0.029089199070615943,3.998355538752847,-3.809273415039263,-0.5308278191044393,9.427173558198827,1.2659169339006824,1.3764756771118858,2.729576082824381,-0.009390664668822775,0.23806537419022006,5.146312138081288,-3.342128959933251,-0.49912288382491443
9,1780387251.2601213,10.227989195974494,0.3496042496274413,1.319196103021572,1.685402682796121,0.0,0.14392360225930162,-0.33021299999999554,-0.6504324283586885,0.027813572238401106,4.076546605931923,-3.830887453919648,-0.5212916315230691,9.44528116417768,1.4003966365623102,1.3946845529708742,2.749714842685639,-0.024586634552850768,0.2505408253250215,5.271841552175748,-3.3913335259960045,-0.4745990545665082
9,1780387251.3101213,10.20819350957553,0.4301430360280368,1.3271084947878673,1.6495480030696839,0.0,0.1344397906404148,-0.3259717376701435,-0.6812532495758999,0.026693996752195488,4.15999183406194,-3.831080821064975,-0.50814734617121,9.461750780169252,1.5360107867207404,1.41281064448982,2.761976935585114,-0.03740087959749741,0.25669679004681417,5.399192536224687,-3.438655549728754,-0.4508147737914019
9,1780387251.3601213,10.220462043733978,0.5081461633154379,1.3330709209748837,1.6130287776473198,0.0,0.12788799572046697,-0.32860029374645344,-0.6815947087924287,0.02614053421703193,4.2316302915737065,-3.8648743660172884,-0.5053821069554041,9.476638297930863,1.672509534974987,1.4305463458275955,2.772120670134038,-0.04779558327170699,0.2585667506815077,5.528102098282724,-3.484012257511659,-0.42789344531186346
9,1780387251.4101212,10.259348947574429,0.5855793790871089,1.3367572118184166,1.5718360829220466,0.0,0.12463779783573435,-0.3369318846324217,-0.8364635523757805,0.026343718972359254,4.294065730709385,-3.929054442537717,-0.5127889234184626,9.489870257179154,1.8098356548043988,1.4478265602867042,2.782636244745528,-0.0558952355472359,0.2587620438996066,5.658437826013955,-3.527567563310815,-0.4059490030836441
9,1780387251.4601212,10.316890966461928,0.6613153256027999,1.3378411975542617,1.5314881631089359,0.0,0.12458156127374907,-0.34926036833195856,-0.7995920016977158,0.027280161035254574,4.347485974547171,-4.015535766666834,-0.5281949089179281,9.501411627496317,1.9478152636290698,1.4646749922276232,2.7865614384133286,-0.06195699087429402,0.25960555343495173,5.789730173330424,-3.5702500868039193,-0.3853961631616736
9,1780387251.510121,10.38465724129349,0.7341155653124285,1.335996708418215,1.4893395741525315,0.0,0.12616493369891416,-0.36377941772912914,-0.7867728040426389,0.028583475734393647,4.392789368975315,-4.114299154256367,-0.548490876958156,9.511286021802164,2.086347418760051,1.4811864816794529,2.7940268380410167,-0.06643129615233129,0.2627796520783295,5.921688582515886,-3.612666974453634,-0.3662598040799887
9,1780387251.560121,10.444848042855126,0.8052792331240878,1.330897574646072,1.443771249614067,0.0,0.1291709894376273,-0.3766754080030669,-0.8534852665867024,0.030171974276969656,4.436249399071092,-4.208524283761789,-0.5734958139074364,9.519574657287928,2.225560014430615,1.4974945839448681,2.8042009930628584,-0.06997695762931666,0.26868697291028176,6.054451480195018,-3.654778074529386,-0.3481360010434402
9,1780387251.610121,10.484127372600497,0.8739207224364763,1.3222176264736287,1.394428809805873,0.0,0.13320611294044574,-0.38509107686310723,-1.05493169359753,0.03191324102766392,4.4839915210302355,-4.279317804039794,-0.5958837021451302,9.526395759884302,2.36545459245426,1.5137248136726154,2.8128946854027737,-0.07309138398327365,0.2773586510603011,6.188035976860501,-3.6965118561525836,-0.3306769134776557
9,1780387251.660121,10.492681705672755,0.9447128737930195,1.3096306941366809,1.3371209196289426,0.0,0.13815760423752657,-0.3869238585047822,-1.4593242499441796,0.03380636476773707,4.546657774122543,-4.314134153950483,-0.6114912903765424,9.531869501081877,2.5057411167421213,1.5299886520447785,2.8126385333038826,-0.07605250031186905,0.288334370913138,6.322176972300687,-3.7377274724286953,-0.31360022236364715
10,1780387251.6822374,2.7476229335481586,0.931189069771222,-1.666567797679584,1.3333559844628073,0.0,0.13075069072490167,0.20432999999999976,-0.3895479707005822,0.03408950626551103,3.5194638770846165,-5.867891662314184,-0.8960561199403196,2.7476229335481586,0.931189069771222,-1.666567797679584,1.3333559844628073,0.0,0.13075069072490167,3.5194638770846165,-5.867891662314184,-0.8960561199403196
10,1780387251.7322373,2.7476229335481577,0.8664362084893584,-1.6612731983370141,1.3000144239502196,0.0,0.14566811792758075,0.20432999999999982,-0.4587028910735214,0.038148458059224996,3.564564405968348,-5.914355361463047,-0.8907615205977497,2.740392683047265,0.8656179069016763,-1.6581521176835268,1.300181516322835,0.004232505337818516,0.14476467283906497,3.5606700258001682,-5.919271059553725,-0.8888098164877931
10,1780387251.7822373,2.7476229335481572,0.8036527442396884,-1.6558026364413676,1.264781701859024,0.0,0.15840803275260226,0.20432999999999987,-0.5835290129047072,0.04240095785187765,3.6082932449224665,-5.959405911147976,-0.8852909587021034,2.7343449051873803,0.801713872139071,-1.649261855057033,1.263912687302251,0.007131904539379598,0.15918344340555782,3.6014666732535545,-5.968716973045979,-0.8811135669476058
10,1780387251.8322372,2.7476229335481572,0.7418814984202572,-1.6501433861550878,1.2278177468699962,0.0,0.16958328642146206,0.20432999999999993,-0.7274568370214298,0.04687882793573242,3.6513170712231537,-6.003730139066045,-0.8796317084158236,2.729404296516986,0.7397118284853589,-1.6398757280552765,1.2217987930110765,0.009378984565845426,0.17342047168225377,3.6415876526352964,-6.0161636087157895,-0.8728488242640995
10,1780387251.8822372,2.7476229335481572,0.6823605128146748,-1.6442827216406177,1.1909158103124555,0.0,0.17959856942427693,0.20432999999999996,-0.8459360061423634,0.051413764769778235,3.692773585689869,-6.046439682914357,-0.8737710439013533,2.72552715079584,0.6799357772529391,-1.630007045962715,1.1729431899478868,0.011364056786748724,0.1869361131113883,3.6807553365015977,-6.061432030089988,-0.8639520702841779
10,1780387251.9322371,2.7476229335481217,0.624225576375695,-1.6382079170604003,1.1560991907056766,0.0,0.1896911199091513,0.20432999999999726,-0.639401933733094,0.055807181027510054,3.7332647134657635,-6.088154661114047,-0.8676962393211411,2.7226709816802126,0.6226985523451514,-1.619706071584936,1.118683960397188,0.013244996647925878,0.19887937672101094,3.718723331448694,-6.104328225087004,-0.8544187946464161
10,1780387251.982237,2.7476229335481217,0.5681892680038402,-1.631906246576879,1.1203224099483475,0.0,0.19928885159893933,0.20432999999999726,-0.7295344401503752,0.0603054999586203,3.772294141574918,-6.128363759554797,-0.8613945688376194,2.7207613172952865,0.5678741096594379,-1.6090474929068046,1.0752489995776795,0.015034022794490615,0.20920588904095375,3.755545363322474,-6.144977754866415,-0.8442979796555705
10,1780387252.032237,2.7476229335481217,0.5132315414916724,-1.6253649843524964,1.0871718878109151,0.0,0.2094268425727935,0.20432999999999726,-0.7410367117246016,0.06516949886166722,3.810572334737025,-6.167798916859297,-0.8548533066132373,2.7197252982889233,0.5153037350055909,-1.5980757145611446,1.027770330500028,0.016772796737308096,0.21834353854295596,3.7913066824429955,-6.183520399580385,-0.8336261516485486
10,1780387252.082237,2.7476229335481217,0.4602307115572638,-1.6185714045496962,1.0567126007119174,0.0,0.21943042328253462,0.20432999999999726,-0.6252891222803039,0.07010664785472363,3.847487544567113,-6.205829894455682,-0.8480597268104368,2.719505941160733,0.4651002634912768,-1.5868320574467936,0.9801996582933644,0.018535341239013566,0.22658272336972338,3.825917743860346,-6.21988656888216,-0.8224467437461422
10,1780387252.132237,2.7476229335481217,0.4085165158325171,-1.6115127813309211,1.025567050726331,0.0,0.2294590962188063,0.20432999999999726,-0.6084448090852986,0.07517045072954262,3.883506610471096,-6.242937642041084,-0.8410011035916618,2.7200380086824594,0.4171190418595446,-1.575349276457905,0.9388717969815867,0.020260849906326327,0.23409628534054003,3.8594624723246356,-6.2541963875025,-0.8108085687776514
10,1780387252.182237,2.7476229335481217,0.3584406549224227,-1.6041763888586142,0.9983049500511516,0.0,0.23769154278001972,0.20432999999999726,-0.5663755588724722,0.07970827891946923,3.918384572103133,-6.278869795306387,-0.8336647111193551,2.7212596702069933,0.3711817193056251,-1.5636398968516219,0.8988043417956129,0.021920871557354466,0.24111285762774026,3.8920480506696453,-6.286593780826816,-0.7987481556114084
10,1780387252.2322369,2.7476229335481217,0.30939189120050004,-1.5965495012952187,0.9732051542283264,0.0,0.24509945818429707,0.20432999999999726,-0.4573702704479473,0.08456919538374302,3.952547157989844,-6.314064950486925,-0.8260378235559593,2.723108375401621,0.32720192726749203,-1.5517560456329327,0.8612581990148755,0.023349624325434946,0.2463404707116804,3.923713919167246,-6.3171597514123485,-0.786348358566503
10,1780387252.2822368,2.7476229335481217,0.26148834009025773,-1.5886193928031778,0.9506949059312141,0.0,0.2536323768960043,0.20432999999999726,-0.373644458932982,0.08995822721527816,3.985912100445073,-6.348438353343361,-0.8181077150639187,2.7255296583734068,0.2849789645280392,-1.5397310493207652,0.8295193997928408,0.024727564166897264,0.2514926518294144,3.9545796407903624,-6.346056579810091,-0.7736754189149289
10,1780387252.3322368,2.7476229335481217,0.2149719019861592,-1.5803733375449343,0.9239440289078072,0.0,0.26130044756361936,0.20432999999999726,-0.5336391364830515,0.09527482319524291,4.018310915242618,-6.381816427188428,-0.8098616598056747,2.728487481578087,0.24426329310376768,-1.5275218548349254,0.8022549161718259,0.026159151020841345,0.2578572697762505,3.984806793690242,-6.373473728269921,-0.7607174818951705
10,1780387252.3822367,2.7476229335481217,0.16946350557471504,-1.5717986096829315,0.9062339708330094,0.0,0.2707344884389264,0.20432999999999726,-0.28362539451847524,0.1007532486603662,4.050007626494844,-6.414471176302977,-0.8012869319436722,2.7319367984086935,0.20514219747310547,-1.5151050567921347,0.7673223265923643,0.027441582356290885,0.2631510528408256,4.01431332709447,-6.3993676096728045,-0.7474869468818439
10,1780387252.4322367,2.7476229335481217,0.12490528050639103,-1.5628824833795565,0.8844378945245557,0.0,0.2793402164112057,0.20432999999999726,-0.39726855937391947,0.10632828206250429,4.08104254104409,-6.446444125809716,-0.7923708056402972,2.7358404433036037,0.16749275723400533,-1.5025248436801297,0.7451787310070767,0.02871981923278087,0.26873784202606144,4.043164155313976,-6.423845032438895,-0.7340629880862029
10,1780387252.4822366,2.7476229335481217,0.08143521642679702,-1.5558567830306866,0.8634497396459837,0.0,0.2879341186498452,0.20432999999999726,-0.2958611159811876,0.11195247186660774,4.1113195487590914,-6.477636260634215,-0.7853451052914275,2.740175593608443,0.1311386509197549,-1.4897363840031217,0.717609851447512,0.029918591649670465,0.2742235221724837,4.071467768820738,-6.447045141873551,-0.7204335398142812
10,1780387252.5322366,2.7476229335481217,0.0390072581037971,-1.5498041635430178,0.8514121532011687,0.0,0.29907992893875596,0.20432999999999726,-0.2518491147073197,0.11718809617423874,4.140870727223543,-6.508080627909958,-0.7792924858037584,2.744905677088043,0.09608705636834339,-1.4767671446184487,0.6953695564886887,0.031062456444239366,0.2794452796078891,4.099192323123599,-6.4689878115457695,-0.7066619732876349
10,1780387252.5822365,2.7476229335481217,-0.003144659962993882,-1.5439119750834216,0.8390560269649066,0.0,0.30847965476796596,0.20432999999999726,-0.3458218162762975,0.12265504610571358,4.170229642963202,-6.53832692129115,-0.7734002973441623,2.750014072351337,0.062150219874376536,-1.463626289852013,0.6755538673938125,0.03209250693516094,0.28425800095070763,4.12645265952833,-6.489822592788052,-0.6927897293048773
10,1780387252.6322365,2.7476229335481217,-0.04429567921754357,-1.5375208202914523,0.8237696348615287,0.0,0.31841798772334423,0.20432999999999726,-0.29061686178692914,0.12932316814832437,4.198891430191509,-6.5678550153469395,-0.767009142552193,2.7554638606327746,0.029384170578928615,-1.450321667631494,0.651280306492903,0.03300693653469285,0.28813700029179234,4.15317691057907,-6.509540964758485,-0.6788595138023599
10,1780387252.6822364,2.7476229335481217,-0.08811739472093337,-1.530045838140921,0.8198348203590339,0.0,0.33465261997021944,0.20432999999999726,-0.04810493842654065,0.1364209605001333,4.229413363997526,-6.599299479190375,-0.7595341604016617,2.7612240084633015,-0.002169555075698125,-1.4368478735985806,0.6299761624175271,0.03407956158993766,0.2931705382671431,4.179304895360467,-6.5281437898889045,-0.6648980690541477
10,1780387252.7322364,2.7476229335481217,-0.1266724917093732,-1.5209701298510272,0.815720214179564,0.0,0.3499419936176167,0.20432999999999726,-0.1486467444390122,0.14280849889852656,4.256267084913011,-6.626964857857244,-0.7504584521117676,2.7673294726197177,-0.032881786518106366,-1.42311663485031,0.6208869990859028,0.03547073151039827,0.3016948205658786,4.205110882833664,-6.5458822110729695,-0.6507831035982559
10,1780387252.7822363,2.7476229335481217,-0.1662014109888547,-1.509788715909075,0.8115150480764246,0.0,0.3652149480510252,0.20432999999999726,-0.11269390766890745,0.14948195207622703,4.283799075475509,-6.655329006973167,-0.7392770381698157,2.7737981931765243,-0.0629243789006567,-1.409016521919278,0.6068926832904448,0.03672092141894611,0.3099156998306397,4.230725771363357,-6.56286846198142,-0.6362759187996954
10,1780387252.8322363,2.7476229335481217,-0.20616005288179437,-1.4919288907783554,0.7977846527613803,0.0,0.3747352350393785,0.20432999999999726,-0.40112778966616647,0.15593513705572074,4.311630368906738,-6.684001505432022,-0.7214172130390963,2.780602179511915,-0.09221786092283359,-1.3945796716948227,0.5948227212581265,0.037954997917343455,0.3179865965019274,4.256074900959752,-6.579063663721427,-0.6214040936682825
10,1780387252.8822362,2.7476229335481217,-0.2449743338624253,-1.4683828937844252,0.7742196950725717,0.0,0.3795567995957704,0.20432999999999726,-0.4093694745085043,0.16380743110466284,4.338664612117216,-6.711852862707388,-0.6978712160451659,2.787665021962543,-0.12045506898128076,-1.3798628419174352,0.5686159500926126,0.03870961462963525,0.3214670219846607,4.280889347829336,-6.594300408924091,-0.6062283630960064
10,1780387252.9322362,2.7476229335481217,-0.2827480665741909,-1.4401412785350596,0.7657580666476661,0.0,0.3946572275379916,0.20432999999999726,-0.11542505653780098,0.17195999442552254,4.36497411087122,-6.7389575700161375,-0.6696296007958003,2.794878883144111,-0.14728722320422327,-1.3650451067308662,0.542300132556756,0.039367229500054175,0.32299766053366913,4.304847625113646,-6.60840463154839,-0.5909341600951534
10,1780387252.9822361,2.7476229335481217,-0.3202517884087361,-1.4082668580742894,0.7626227777927709,0.0,0.41552753660090974,0.20432999999999726,-0.0778205752526035,0.18071089034207197,4.391095546377887,-6.76586852983763,-0.6377551803350299,2.80228525940554,-0.17307473423026368,-1.3501372486922296,0.5307903308632629,0.04042827123490129,0.3282521388460263,4.328231261527256,-6.621604687557924,-0.5755289690419669
10,1780387253.032236,2.7476229335481217,-0.3587283135896314,-1.3738147062362065,0.8017715539639355,0.0,0.4789942180320468,0.20432999999999726,1.0824306684851062,0.19393738012084927,4.417894541834056,-6.79347752895995,-0.6033030284969474,2.8099749610202616,-0.19821346533889694,-1.334889383593872,0.5211778472483495,0.0418092822408595,0.3372961234834079,4.351382920861557,-6.634118531636398,-0.5597560128675703
10,1780387253.082236,2.7476229335481217,-0.3973408318136135,-1.3377702677403314,0.7866092043915024,0.0,0.5025023558755582,0.20432999999999726,-0.7764525818749588,0.20860328460112024,4.444788256782867,-6.821184110485816,-0.5672585900010718,2.8183496294043726,-0.22411395957807853,-1.3187643710624306,0.5686235055677747,0.046227727557578105,0.373908009036981,4.375582081024578,-6.64666624556495,-0.5430490204652463
10,1780387253.132236,2.7476229335481217,-0.43272599527241173,-1.3010384849531333,0.7100350639238701,0.0,0.4782612982589144,0.20432999999999726,-1.8771947604588175,0.2235354007594034,4.469434111113262,-6.846574889468171,-0.530526807213874,2.8273182766619613,-0.24984059915653045,-1.3008014253036073,0.5234789293026629,0.04868445744810288,0.3951833526973667,4.400110764721918,-6.658639718275149,-0.52445107328291
10,1780387253.182236,2.7476229335481217,-0.46294321788685755,-1.2644531339301945,0.5773569182630047,0.0,0.40647421108277526,0.20432999999999726,-2.9267275337412584,0.23708651255149765,4.490480481796046,-6.868257389868582,-0.4939414561909352,2.835777941141658,-0.27193044163044855,-1.282646029415231,0.42544469834978377,0.046141477764729155,0.3674028743014923,4.421773702955833,-6.6683217716967205,-0.5055156176534883
10,1780387253.232236,2.7476229335481217,-0.4848543284312822,-1.2288235805750578,0.4112391788699953,0.0,0.30019633993880934,0.20432999999999726,-3.4510096022933174,0.2473854919614328,4.50574162476982,-6.88397980318283,-0.45831190283579826,2.8426402733770106,-0.2880584265523515,-1.2667587660514115,0.2784612987739109,0.03543920414176417,0.2753199656650207,4.438154673880522,-6.674827387458478,-0.48874662976028116
10,1780387253.2822359,2.7476229335481217,-0.499367265813093,-1.194939451275509,0.26216350525421545,0.0,0.20172075955905325,0.20432999999999726,-2.5873832310932543,0.2584596729543641,4.515849921741085,-6.894393624949553,-0.42442777353624983,2.847033300519719,-0.2965970110767493,-1.2541664764639027,0.10401207969947926,0.03617529927135448,0.2764529556297521,4.447419792127701,-6.67768315388006,-0.47547281341495573
10,1780387253.3322358,2.7476229335481217,-0.5093323821154625,-1.1635442648896035,0.1888330647127552,0.0,0.16174748706720676,0.20432999999999726,-0.8519155099119613,0.26914368572558695,4.522790650022857,-6.90154413778699,-0.39303258715034417,2.8493583519014822,-0.2978119461619754,-1.240567158690644,-0.025247535643073693,0.03533429227225879,0.281136118468583,4.4500121564123045,-6.676831417061332,-0.46147580457694204
10,1780387253.3822358,2.728074650597935,-0.5177895225643872,-1.1369299588098438,0.19906409374263084,0.0,0.18383888667151382,0.2044678240302278,0.8372137386432521,0.27730406559010906,4.513212397575466,-6.92257498697062,-0.3702272648018532,2.8499851229158635,-0.295260949206919,-1.230608269452931,-0.06232898940397269,0.018360937892693843,0.1597554904030669,4.448689150199798,-6.6745526728501865,-0.45140532755306717
10,1780387253.4322357,2.7366180110368616,-0.5312750259677556,-1.110807903155897,0.35325783603651595,0.0,0.3198765630042549,0.20440758956511362,4.166353743598702,0.2768423166926356,4.529448323917149,-6.925646556047293,-0.3421877679190919,2.84993602818034,-0.29322244201986547,-1.2264652629664718,-0.015282067559905299,0.0018367983369543574,0.04291540659634829,4.447219897530092,-6.673138643239034,-0.4472711288538891
10,1780387253.4822357,2.7714220796995948,-0.5527977352676986,-1.0939721906168238,0.49490242710446036,0.0,0.44054147910743585,0.2041622055063837,1.4825238511135987,0.2842428025573137,4.570945514971605,-6.915334485557541,-0.321381847484441,2.8520663598888807,-0.2969577091693391,-1.222571974737585,0.1825916108267814,0.032520421240969856,0.30509288876693946,4.451443075715391,-6.674216924914194,-0.44298515166211727
10,1780387253.5322356,2.8242748462598795,-0.5768972425128653,-1.0924308605621507,0.5246245163136946,0.0,0.4687419778379953,0.20378957015448435,0.29365999161171136,0.2959065763153993,4.627011917553118,-6.8942065446635405,-0.31629738162507337,2.8575014852150087,-0.30639508181456276,-1.2083525682492804,0.2541441181841615,0.0339900313384033,0.31955740336662614,4.462180321382793,-6.676868954525516,-0.4276665024026185
10,1780387253.5822356,2.884843297779301,-0.6002081805930711,-1.0956353215451162,0.4824215313064047,0.0,0.4341952679080262,0.20336253581522798,-1.2308229929802121,0.3106676868832611,4.691563254607283,-6.863047300620422,-0.307296953798776,2.863817705681538,-0.3176576863019279,-1.1936552905659363,0.26565363980299267,0.03583297204354466,0.33428444576063404,4.474918427443942,-6.680096742896673,-0.4115160048392408
10,1780387253.6322355,2.9429067384911254,-0.6187479952417997,-1.098743894135444,0.36148722893812124,0.0,0.3258319815753213,0.2029531629087509,-2.8920937641436457,0.3303262311127778,4.751757589090657,-6.827966137689639,-0.2954444033093986,2.869901960481459,-0.3275414582783297,-1.1780973134806438,0.20108425977199168,0.03843354202061916,0.35143375912992775,4.486563918753952,-6.682452122970311,-0.394379491544846
10,1780387253.6822355,2.9902450327415635,-0.631356237652589,-1.0997165732589218,0.24551338577237078,0.0,0.2314976039770422,0.2026194070226478,-0.9542141129835864,0.35403482674186043,4.794886362826262,-6.801324207608367,-0.29359789050590424,2.874332641387711,-0.33238251884508363,-1.1611340073242906,0.05448812782733889,0.04228651179111907,0.373708307192232,4.493414003843965,-6.68245557413378,-0.3761563192012698
10,1780387253.7322354,3.0147972109374273,-0.6400840083244755,-1.1000267146232527,0.17310064284728263,0.0,0.1830298062365231,0.2024463033204702,-1.6204846085137428,0.3763106597840551,4.819221041236902,-6.788523913381489,-0.2915149706655846,2.877177772155976,-0.3325807382829539,-1.1425383593790202,0.0049595294932888445,0.05421959932724026,0.3835315237262848,4.495767683632822,-6.680382193956254,-0.3567026264130755
10,1780387253.7822354,3.0104597633622956,-0.6463412817979635,-1.0994113992017014,0.11793316057605,0.0,0.1484490292473403,0.2024768842419374,-0.37828248546265997,0.39460870774070217,4.8205336249189825,-6.796208508497741,-0.2913856327023163,2.8786441792814754,-0.330010793053702,-1.125013526453948,-0.06963253073711763,0.044115034080502234,0.27442841624693126,4.4950924945451245,-6.6774214100787805,-0.3387205737653032
10,1780387253.8322353,2.9973945170499245,-0.652999172959939,-1.0961278686177467,0.16967109050172888,0.0,0.21522922235626452,0.2025689999999973,1.3810483437534224,0.3991915123131833,4.81572647827319,-6.810860973571959,-0.28940203986520086,2.8785083153698636,-0.3259244836799077,-1.1134444633208913,-0.08010501633664228,0.027388502012018916,0.15147623194773407,4.492094614651332,-6.674640563187326,-0.3271943006215583
10,1780387253.8822353,2.9973945170499245,-0.6628122182243648,-1.0937389088927252,0.22579402317991523,0.0,0.2673767057216822,0.2025689999999973,0.23501362989720215,0.40200475502905525,4.822811749740232,-6.817650287646295,-0.2870130801401789,2.8783316058291057,-0.32369283530593135,-1.1078892537581142,-0.003440033661893674,0.01073119044654634,0.033475568096189526,4.490377710494346,-6.673201668018987,-0.3216946144445103
10,1780387253.9322352,2.9973945170499245,-0.6742562938681096,-1.093246134888724,0.2677465448880759,0.0,0.31673512130106457,0.2025689999999973,1.1242336429165958,0.4023577609177161,4.831074667156832,-6.82556805646751,-0.28652030613617807,2.878892121862403,-0.32341190205917425,-1.1034454188511287,-0.0017438895796029104,0.037449494399082725,0.1836707439602216,4.490615250044182,-6.672566056250291,-0.31707415188320276
10,1780387253.9822352,2.9973945170499245,-0.688235571661037,-1.0925495164287482,0.3378411904805793,0.0,0.3995124591740797,0.2025689999999973,1.5611439351091543,0.40005281955619376,4.841168065832486,-6.8352398458979176,-0.2858236876762019,2.8810409243215713,-0.3235479191371657,-1.0898459079187726,0.042649303120793215,0.06488236409054789,0.3910298358288792,4.492386799356083,-6.670982445849711,-0.3027837290248576
10,1780387254.0322351,2.9973945170499245,-0.7065830709034455,-1.0874230484586427,0.4480646604358395,0.0,0.529856678458422,0.2025689999999973,2.4496277143693996,0.40037625414540956,4.854415432920977,-6.847933859986178,-0.28069721970609685,2.885396382957357,-0.32564538432354045,-1.0683377141477504,0.12017132110331374,0.06568488487118102,0.4080161529209724,4.497281873263981,-6.669037288120336,-0.2798080088288888
10,1780387254.082235,2.9973945170499245,-0.7299360813340354,-1.0765496631279927,0.5788694602300213,0.0,0.6845392563656982,0.2025689999999973,2.774137978117873,0.3999236061818718,4.871276908030364,-6.864091017945013,-0.26982383437544666,2.8920761086598126,-0.33199071288209486,-1.0471428308846567,0.2411981880832607,0.06509225835726652,0.4160342333176056,4.507052306606506,-6.66819464364278,-0.2561878680521823
10,1780387254.132235,2.9973945170499245,-0.7619649522607457,-1.058195892928788,0.7792124945614657,0.0,0.9214539343050028,0.2025689999999973,3.4826066931323223,0.39925285735629,4.894402577909957,-6.886250710304339,-0.25147006417624196,2.901911700040388,-0.3437137226777788,-1.0264133679237135,0.3741847064899594,0.0687415132661767,0.4723932910331385,4.5231288494124815,-6.668582334733162,-0.2319862520779723
10,1780387254.182235,2.9973945170499245,-0.7962454138746987,-1.0300420179687126,0.8983289456822489,0.0,1.062314512506418,0.2025689999999973,2.403922608527562,0.3982008960426455,4.919153954267193,-6.909968202096014,-0.2233161892161668,2.916133445880524,-0.36100983547818666,-1.0012581921138772,0.5342189135555804,0.08566790688882872,0.6495247242500064,4.546447475568858,-6.6694752574744856,-0.20272994373622666
10,1780387254.232235,2.9775398857773774,-0.8363081174427573,-0.9909986960745822,1.041377724216229,0.0,1.2314761477441127,0.20204499919668795,2.6620611926547353,0.3975100959639993,4.93346102776321,-6.9529184280692276,-0.1857770824199516,2.9348387687434387,-0.3828717912068158,-0.9684189068069551,0.639565799898348,0.10018140963826172,0.807704799142388,4.576129639148159,-6.67027661460004,-0.16615169842712296
10,1780387254.282235,2.9911919625873713,-0.8782925518417539,-0.9385338295921875,1.1106976009027838,0.0,1.3134500297649756,0.20240530300274095,0.658875139938882,0.3972672280554896,4.97377883608608,-6.971547693407428,-0.13233896659501498,2.9576696350609977,-0.40816761161719267,-0.9290899344867265,0.7572603935466444,0.11111043175920762,0.9497875660887989,4.610736858326001,-6.6708324502949585,-0.12480461281991229
10,1780387254.3322349,3.0308737280650813,-0.9190367741558477,-0.8707691025033314,1.1450694078184747,0.0,1.354096242361271,0.20345257891039298,0.5278097734341902,0.3975091097552306,5.033312034761685,-6.968217257565393,-0.06029384851744091,2.983576611137348,-0.43481162390402717,-0.8840237555078367,0.7759553827495829,0.11674513891332672,1.0495581527867408,4.648290367023728,-6.670223088671145,-0.07840493203103494
10,1780387254.3822348,3.085829225260536,-0.9584685691308346,-0.7926447035109107,1.1695508461961999,0.0,1.3830466478899919,0.20490295712600354,0.5519467462731638,0.3982028936348268,5.103679205607232,-6.951168221889969,0.023978415460409686,3.0110760859717987,-0.46061946605438164,-0.8356516846838709,0.7898469203957577,0.11881678552685312,1.1029962817358536,4.686718033722145,-6.667420280893901,-0.027558517395267934
10,1780387254.4322348,3.1400969956752225,-0.9966724553495109,-0.7047041751494707,1.219007997802748,0.0,1.4415319612614366,0.2063129831955129,1.2447777601941932,0.3993790306173988,5.172351605722512,-6.93362323071324,0.11747637221235419,3.0400661163690006,-0.4854035521267523,-0.7855170878278295,0.8053138815904786,0.11980853509776156,1.1375769825335824,4.725795859224418,-6.662323630556347,0.026063679605614176
10,1780387254.4822347,3.18692810101047,-1.036333960822316,-0.6079695164812952,1.3141030208805529,0.0,1.5539861169114733,0.20750432747035036,2.1446196611716823,0.4008063190950964,5.236709765778527,-6.9224312176742515,0.2192020843395439,3.0711107963490316,-0.5096133625555787,-0.734057165889447,0.8542602338151601,0.12110835224219872,1.180347753455021,4.765913731753609,-6.6551337393623315,0.08102802044640134
10,1780387254.5322347,3.2471365566943593,-1.0712847268713046,-0.5042010758568061,1.4363545639559745,0.0,1.698554082810304,0.2091616974327292,2.856058942442709,0.4003989813179317,5.307799855023598,-6.896432001547126,0.3295543323433465,3.105553588286985,-0.5342147204681438,-0.6805359688448331,0.9454984546730755,0.12253731934108918,1.252049133722155,4.8086906261590325,-6.645516080996722,0.13809347622004742
10,1780387254.5822346,3.297686161715938,-1.1077925295830533,-0.39532389847780314,1.6249656725603907,0.0,1.9215952292115546,0.2106460317249254,3.954130960012311,0.4000281038549202,5.371608477608349,-6.880293739882966,0.4423003077250902,3.1448165104920824,-0.5599135789963251,-0.6237875895420233,1.069046945614645,0.12163567082877424,1.3510941388457314,4.855765859835088,-6.632695032766367,0.1988818776162109
10,1780387254.6322346,3.3363139578414183,-1.142053238610878,-0.28209297339953804,1.8763398915536134,0.0,2.2389581787826827,0.21186223863923984,5.3723531776343485,0.40171030448683825,5.427923158962888,-6.868754381517875,0.5622158778703579,3.190566985172277,-0.5872920536383275,-0.5628710715260787,1.2433223507127245,0.11508852522068262,1.4755224746123354,4.9088302969421145,-6.61559343079332,0.26470641717446153
10,1780387254.6822345,3.402674390239832,-1.171899414977542,-0.16730413416152892,2.1664543594115813,0.0,2.6079115311864753,0.2137451747382312,5.9893972564913005,0.4018953828536617,5.509146686339675,-6.820986108995891,0.6968902599662941,3.2451531182938567,-0.6170882725257093,-0.4970519126540336,1.4827280463741577,0.0970252418572922,1.6225758513266477,4.970076779098235,-6.592718145567156,0.3365219624558504
10,1780387254.7322345,3.497829897799689,-1.1917777008001844,-0.05338994706534446,2.445474044959392,0.0,2.9285940809027378,0.2164018600125016,5.517115387525295,0.39420844356862944,5.596602209408423,-6.747389328419514,0.8255782062422838,3.310416584941694,-0.6494168736992476,-0.42612897141702044,1.7459750439561068,0.059797355820121086,1.7708662204339347,5.0402352810238105,-6.563276002900192,0.41313718606237826
10,1780387254.7822344,3.609923603628502,-1.1994413623652191,0.05707406017441626,2.6883217653174984,0.0,3.1226708053664365,0.21967156404865942,4.564305107668291,0.37398119592868345,5.690483842992508,-6.643325558075164,0.959344839046052,3.3862787968621983,-0.6831864133491168,-0.35082012495142045,1.9777867093624497,2.6766951752806023e-05,1.8933454873977995,5.124366682796172,-6.518924441848275,0.507981792275817
10,1780387254.8322344,3.726131296838606,-1.1886116169056655,0.16200095529164285,2.88957323490716,0.0,3.164616058323633,0.22304269293938528,3.806575614134895,0.3480591479262934,5.761262735002503,-6.535078366613292,1.0748824359989069,3.4710147444707955,-0.716659324092438,-0.27255548850921407,2.1534944588123657,-0.07918081136240748,1.9760927416453824,5.213389114018095,-6.465193737516911,0.6059383327099512
10,1780387254.8822343,3.8422856796427682,-1.1593146711929145,0.2588847706911773,3.042164254843913,0.0,3.0506261596128987,0.22624209465868153,2.761147849814207,0.3105611930888779,5.833350097097183,-6.38996943808438,1.2086630675290069,3.5625647631504904,-0.748274770378259,-0.19291633940523134,2.2819329098586443,-0.17174564283983146,2.021330111322308,5.303753588724509,-6.4048364436283745,0.7024100175271211
10,1780387254.9322343,3.9647940768551835,-1.1091830424940357,0.3484171330434164,3.152748619542919,0.0,2.77368512241968,0.2296603108815822,2.0225126398886144,0.26860558411586405,5.875375865848288,-6.243536029450922,1.317165871057055,3.6587534465010236,-0.7768347898294866,-0.1131499129875273,2.349158606527458,-0.270968000064346,2.0364154795193627,5.391094656497815,-6.340410850073348,0.7933789506690165
10,1780387254.9822342,4.098326752580578,-1.0418386234616943,0.4241496441691791,3.2361032888664414,0.0,2.4089891492707833,0.23319840416852675,1.5043378871219977,0.22380028088229345,5.9077491476101684,-6.074976377751966,1.4156798159537942,3.7574211018666652,-0.8015065904438065,-0.03407449046061206,2.371258453770211,-0.37056701128007796,2.0315963523567584,5.474538418061087,-6.273044519024774,0.8797109588259016
10,1780387255.0322342,4.194036258048488,-0.9582373932010162,0.49466926907980985,3.3029582861889,0.0,2.0158850715987575,0.23426313784403804,1.3218937844993721,0.18441772379414773,5.898738184129726,-5.934811773414875,1.5035851900531858,3.85699940480254,-0.8218706440229949,0.043901165173201306,2.3603943357571273,-0.46666749695924525,2.016769863945585,5.567921560214993,-6.181010879380695,0.9946348477757985
10,1780387255.0822341,4.323863034362469,-0.8630934410595126,0.5715899132081386,3.3619010885652028,0.0,1.6677109433698107,0.23826623688710086,1.10364924423079,0.1498650951358325,5.896808275586023,-5.756514847295495,1.603722717991583,3.9567202763154126,-0.8377459499908215,0.12094583773138057,2.3342186127375824,-0.5576187516210949,2.001193764083594,5.646447639424381,-6.097392862974363,1.0883488865379487
10,1780387255.132234,4.423270612301955,-0.7584632171480654,0.6452593009377892,3.4044095510624968,0.0,1.3450739535455531,0.24293289308523616,0.7435366772615455,0.1185464829712824,5.868731869095099,-5.595490423355887,1.7096066844408435,4.05577016497475,-0.8491005730398025,0.19710779022807445,2.29103567024204,-0.643212600250967,1.9917561003031221,5.718600309387204,-6.011688103290657,1.179189928284627
10,1780387255.182234,4.544856102134182,-0.6472145299381917,0.7041181539325765,3.4300743957263466,0.0,1.0428331435407747,0.2495534994590771,0.4648341556036281,0.08887945913760678,5.835862494007932,-5.423024662743194,1.7890049007288251,4.153323446625986,-0.8560730577373155,0.27296540792062096,2.2240748062080593,-0.723289823726808,1.9934539953879353,5.784540291247387,-5.9238171011069145,1.2692337012247341
10,1780387255.232234,4.644046782546598,-0.5321892490723432,0.7418653254305325,3.449627302953692,0.0,0.7488955967921354,0.2552415163299617,0.4045714095828107,0.06364916625308581,5.783537598777577,-5.274164984367967,1.8417928906957295,4.248444297539118,-0.8589452996357462,0.3492363982802038,2.1374772881552153,-0.7979028522145405,2.0101658049578033,5.84657182289023,-5.830802167425243,1.3649248769665991
10,1780387255.282234,4.772252623632865,-0.41563468316036123,0.75632578148412,3.464809790318972,0.0,0.5261120569013331,0.2628301937173844,0.25324479969497904,0.04091639773232538,5.739192203651251,-5.1018229249376805,1.8689295390059968,4.340729625001018,-0.8579992409374917,0.4269731060413311,2.0419449467273108,-0.8679158802116309,2.044740881818474,5.903517769594024,-5.735239141050555,1.4647446611996688
10,1780387255.332234,4.872523505083731,-0.29892707935553936,0.7441321620952286,3.479622010552248,0.0,0.301019080134935,0.2681897540870264,0.31665985925096896,0.020869643006600307,5.6813687652686875,-4.952111429303808,1.8849453086023011,4.429744460688274,-0.8535522184067148,0.5070815348814932,1.9321635714965226,-0.9344066537240872,2.098541090564928,5.955622089580257,-5.634866153580326,1.572883370457891
10,1780387255.3822339,4.995691184646401,-0.18493205914328303,0.7008461472531251,3.495058714042491,0.0,0.13128723258318759,0.27582659174460195,0.3027023557517022,0.006231649648030986,5.629574975359014,-4.789272787316487,1.8592967553421893,4.515449667172209,-0.8459026757778173,0.5907801256674396,1.818179059274256,-0.9984222654139825,2.171489803257672,5.9940523821896825,-5.5485715743263695,1.6665253835448226
10,1780387255.4322338,5.127367793844408,-0.07288448822040287,0.6330060171310494,3.507907490858564,0.0,-0.02379389821376182,0.28789716988583386,0.22568370311287833,-0.007580772263801688,5.578129250031801,-4.621061078915102,1.8167682986189195,4.5976718967512,-0.8353262261083063,0.6788671509371511,1.6945465698860285,-1.060855837358409,2.2612091406593926,6.0292667311288355,-5.4590320020466425,1.7705382962084313
10,1780387255.4822338,5.263533428343793,0.02805814176419441,0.5483974907443845,3.5155497765514707,0.0,-0.13690851431665868,0.3015731009769319,0.13722296604611162,-0.016449024258792615,5.532581992917018,-4.456591020212416,1.7678750278002529,4.676043523066369,-0.8222779761849616,0.7719156093320114,1.5567622574869586,-1.1214671470166182,2.3645419165093795,6.059999497287425,-5.370047620579808,1.8815433192267177
10,1780387255.5322337,5.418900375339764,0.13286052789656266,0.4495138073735256,3.519209926953625,0.0,-0.21013360351325533,0.3225354049633988,0.03120534311871959,-0.021884362472806465,5.483741617172976,-4.277233359078472,1.6971402122164472,4.750368250778899,-0.8073593878590699,0.870494446182648,1.4031819757911335,-1.1791420706158207,2.4754742390736757,6.07951948537031,-5.297273115550985,1.9795437550228296
10,1780387255.5822337,5.577126602360682,0.22357925215263283,0.33470066320047565,3.5200135496872704,0.0,-0.24366193988676277,0.34053287915316965,0.007341814025918488,-0.02403704694596678,5.4425497971295105,-4.107227986290684,1.627350588787249,4.820261733998356,-0.791296677676525,0.9745260034840397,1.2322369013056653,-1.2316675322815633,2.586674871885628,6.1009643895760295,-5.216901194894217,2.098257281268486
10,1780387255.6322336,5.755091707045219,0.30413276109969567,0.20167237769231872,3.5192622996707854,0.0,-0.24410850268166562,0.3958573400349607,-0.018095623455506707,-0.02285998380174112,5.407641720163221,-3.9246764825435494,1.5336986734971916,4.885963202130971,-0.7748008682747117,1.084125212620127,1.0490215713679036,-1.2760678953294904,2.6903498526355714,6.121004214507682,-5.134945190680991,2.229628664463857
10,1780387255.6822336,5.949847926802447,0.372333616966008,0.05854075221696502,3.5188993072980708,0.0,-0.2143264229752825,0.48935054153248847,-0.013394957081756942,-0.018610234040981433,5.376318663732773,-3.744059759770254,1.461908918571929,4.946331393201795,-0.7585923173458287,1.1970451079791884,0.8535375332397199,-1.308865640603477,2.779635403677334,6.1312423441982,-5.072704537889781,2.343276092853884
10,1780387255.7322335,6.194369132359805,0.41559200588328865,-0.09299839617984397,3.5185482461831477,0.0,-0.1547861970156855,0.6964410399423648,-0.0007428710695027482,-0.012067911422805833,5.360482431338179,-3.53108444254129,1.3992327051547697,5.000765857529296,-0.7434704568175184,1.3112215061293453,0.6496430174444222,-1.3263566011575993,2.849763229844923,6.143945001852692,-5.007045034962419,2.471749700247517
10,1780387255.7822335,6.485421375160879,0.4251436535152144,-0.25124925045238244,3.5183734138920366,0.0,-0.07905655800675918,1.0064842785167718,-0.012420405684469144,-0.0040184701985823265,5.355118455902577,-3.2997053743759808,1.3826098622241245,5.047408481710528,-0.7302950447278983,1.4225290884111121,0.44028641413464886,-1.3251559538539681,2.8986135542083766,6.155378924239623,-4.946294840232121,2.6017200666324314
10,1780387255.8322334,6.750959484644526,0.3864679071732988,-0.4145159935549194,3.5182543482156414,0.0,0.010133390158303612,1.3554868413892713,0.0006234761708758083,0.003518958578564368,5.365155741291416,-3.0944567377871555,1.3758859277181328,5.086228422551365,-0.7199095493643872,1.529161777292348,0.2312565662221651,-1.3022790788810028,2.9275529194787255,6.1617074425243405,-4.903373768075334,2.712891592932845
10,1780387255.8822334,6.975723746808367,0.3038299243197459,-0.5811028084417321,3.5178263748279464,0.0,0.07381888938699281,1.6906193623973973,0.005797270748737603,0.010183929858400971,5.393786556737211,-2.905833216559258,1.3615402410197301,5.118682343656779,-0.7127629675438159,1.6321665217239563,0.03422429052022147,-1.2514214997241526,2.952740142859769,6.166997239855026,-4.871588006980044,2.814460919738128
10,1780387255.9322333,7.159018340808566,0.17237402813278607,-0.749313878067087,3.5174743898287666,0.0,0.1680274962891439,1.9371274707152715,-0.012018260895411088,0.01889235976478926,5.448357578727178,-2.7213560903793885,1.370078409916342,5.146397521494282,-0.7087409620569901,1.7328776824735703,-0.14118038102683553,-1.1885501688304605,2.942776006633686,6.175725238762809,-4.8393648412243655,2.9228097251220655
10,1780387255.9822333,7.288099565418264,0.03503973747553268,-0.9174533853852623,3.5175429774779996,0.0,0.24659662870147703,2.0535624493590707,0.025319635272985253,0.026129366046362183,5.495342726248691,-2.545125302317372,1.2894818930514527,5.171064164813945,-0.707350933134767,1.8317595648792082,-0.28964867868421346,-1.1056072109109734,2.923460435684836,6.186310492126457,-4.8087145997380345,3.0326086010537097
10,1780387256.0322332,7.370458081083953,-0.13807612395275395,-1.0838255133505255,3.5174708211545394,0.0,0.3344519129522072,2.0714069717635257,-0.009266769073812742,0.033501753863793476,5.575293956775547,-2.3687345745420134,1.21103304242369,5.193771294431874,-0.7079317939524868,1.9307285021454907,-0.4068447971930639,-1.0054828910954987,2.89958478563172,6.197508366961013,-4.7810288592343895,-3.1415019596312286
10,1780387256.0822332,7.414061874864424,-0.317678531007404,-1.2467344449171496,3.518645995498469,0.0,0.40338512611742017,2.00669771332785,0.04728422329889615,0.039878499235355844,5.672906286673208,-2.2095522525225997,1.0827206953933821,5.215114455397407,-0.7098725164396612,2.030778446322296,-0.4980485580227372,-0.8938921883962658,2.870102457882131,6.208806306208179,-4.75616797305997,-3.033134761408375
10,1780387256.1322331,7.449429748231386,-0.49321117327497105,-1.4044843630394084,3.518811049301182,0.0,0.4473499170229056,1.9463313763044023,0.007257363594603353,0.04297179266511767,5.766260506403562,-2.053781490309363,0.9522684844161606,5.23548532041047,-0.7127117223961728,2.1325764583363718,-0.5621695277932306,-0.7745627857437707,2.836394542673609,6.219197468294031,-4.7359557411847995,-2.9282731310419177
10,1780387256.182233,7.492534384626461,-0.6685406042775696,-1.5553794506715743,3.5195994565002224,0.0,0.4613216574906179,1.9212925214027328,0.02619469684657002,0.042892521929412994,5.836009871206293,-1.8781477095906431,0.8487835901767262,5.254745996008493,-0.7161818370006642,2.2359984284732954,-0.6060283714196504,-0.6508002820056384,2.799566465938894,6.228615358261744,-4.72021937538633,-2.8266030824147954
10,1780387256.232233,7.512777253464751,-0.8445623782160598,-1.6977238907679162,3.5202245893033726,0.0,0.430067288306148,1.9095337339954883,0.032952487876657624,0.038683691979568224,5.926168884790516,-1.722774304037995,0.7271507292534363,5.272613432643639,-0.7201858709745323,2.3406780927570736,-0.6277941981741928,-0.5255532246435414,2.760426106796428,6.2382758035893,-4.70548846986526,-2.722918841357723
10,1780387256.282233,7.504110791397427,-1.021137751247372,-1.8298218662827113,3.520517858282044,0.0,0.3471341035979739,1.914567955470554,0.015377251962576185,0.029988942651569497,6.055367439428457,-1.6012483362458019,0.5863255457083643,5.2889574441719605,-0.7246808587638291,2.446476324928886,-0.6298751630814958,-0.4067684481038561,2.683617022996315,6.248944981646435,-4.689358036945541,-2.6137093158801736
10,1780387256.332233,7.4555921913938095,-1.1959858404066137,-1.949977560170227,3.520249340293815,0.0,0.19818030341739723,1.9427517029076073,-0.042686084123724585,0.015786398027431,6.253069290922309,-1.5467908705601938,0.4132269103823134,5.303881123118116,-0.7291278791688738,2.547466119126555,-0.6154651323768418,-0.3153680991999606,2.463154222871933,6.259823819931049,-4.672215021860539,-2.5059973980161345
11,1780387256.362765,35.96497513528068,-1.2491214835727384,0.8299694003271199,3.476690241305974,0.0,0.7128650916371531,0.18232855852842808,0.25433097175863534,0.05881340732723241,1.2663046086391696,-1.1745309691808872,0.8600979163985683,35.96497513528068,-1.2491214835727384,0.8299694003271199,3.476690241305974,0.0,0.7128650916371531,1.2663046086391696,-1.1745309691808872,0.8600979163985683
11,1780387256.412765,35.9583218603081,-1.0858327195892163,0.6761760679892013,3.5493251120607567,0.0,-0.30363817856449576,0.18146054979144588,-0.181052494895431,-0.029749181579439954,1.2532169387111782,-1.0115567785379072,0.7049056573618007,36.06158975240933,-1.1216900166028727,0.8480821135381902,3.455090992160751,-0.08702119307088724,0.7159371024424469,1.3815300330606124,-1.0423677550321393,0.898311913580133
11,1780387256.462765,35.91752274183584,-0.9154354376324445,0.5444089131936583,3.5025951180844395,0.0,-1.1118486011798396,0.17613775891913297,-1.3521791101377485,-0.10838889309954605,1.1996971352046846,-0.8424187291448301,0.5645738287638613,36.1602973821342,-0.9965393988744,0.8598561570744172,3.410826242970777,-0.168804217182959,0.48175607764275186,1.4939374368346328,-0.9101981750783541,0.9303579104447683
11,1780387256.512765,35.85812015666199,-0.7568785610598957,0.43281478061222584,3.360841907728243,0.0,-1.6427465267604937,0.1683878969124315,-2.843725811698272,-0.1681671047401442,1.1275962023617063,-0.6848516197462853,0.44041743021410396,36.26082293235918,-0.8757314065704552,0.856133204572807,3.308135210038977,-0.21222249520872324,0.09224902533917195,1.6033603980103939,-0.7801537914096098,0.9469540694654253
11,1780387256.562765,35.791664319737414,-0.6043241959414689,0.33954051491663917,3.1522769047691646,0.0,-1.9701364033800088,0.1597178438465928,-4.378756249900258,-0.21319662938864553,1.0514373787056468,-0.5323422393143807,0.33300588657580654,36.36165556855452,-0.7622546947733915,0.8321226336089862,3.133798437023775,-0.202745671830175,-0.3565160442067622,1.7085889614507253,-0.6554514483680457,0.9429888283872359
11,1780387256.6127648,35.73002924903889,-0.46391799233352354,0.2627329607786333,2.89465301265966,0.0,-2.1255668480466756,0.15167672423394396,-5.690377470552455,-0.24362785507295825,0.9845912181108013,-0.39104817324486113,0.24297478389185345,36.4605178521686,-0.6592856095511486,0.7871766814734449,2.8856573367573475,-0.14903592773611368,-0.7891071190723538,1.8079836533229252,-0.5396930415998513,0.9173610377929551
11,1780387256.6627648,35.67401498693076,-0.32467804022863517,0.20053896286994322,2.583411408296463,0.0,-2.033228464824742,0.1443689143048836,-6.026581509574752,-0.2532896387275474,0.9274379951493764,-0.25029124604228475,0.16873839444853367,36.55474294625614,-0.5696212117108523,0.7240836941831943,2.572417586182225,-0.0743581387971461,-1.1390031418290123,1.8998587549609478,-0.43627847159573196,0.8723552952486751
11,1780387256.7127647,35.681455139234494,-0.20593840585816187,0.15110536586230428,2.309561763917404,0.0,-1.6769788598772266,0.14533958171765823,-5.162730891045629,-0.23285072487331188,0.9389804875936719,-0.13185248526466667,0.12091054840692372,36.64221210840441,-0.49467829421458065,0.6483848880991139,2.2414208629087637,-0.004106302900514114,-1.3613524424677128,1.9832361516723866,-0.3472516140070307,0.8131303481337708
11,1780387256.7627647,35.74423538569231,-0.09990545594984741,0.11257901442745144,2.0846202536905363,0.0,-1.449138427157048,0.15353010482992557,-4.23474518201393,-0.2201906329984716,1.0062911026696142,-0.02737127569778773,0.09586712933243158,36.722182534330145,-0.43373786678495185,0.5663132210023285,1.9535880005470958,0.04764546018526911,-1.441788085922248,2.0583452058338016,-0.2723378526121486,0.7458383269369193
11,1780387256.8127646,35.80173521516445,-0.0031839113888684073,0.0831067532371198,1.9282150914217933,0.0,-1.2093933038103177,0.16103172689761508,-2.7222199183019087,-0.19689616837268092,1.0654432209961748,0.06873020251168203,0.07872379524786233,36.795269211990075,-0.385056582400189,0.4829777782203779,1.7115008759989496,0.07391019700291046,-1.434495921535285,2.1265861592139177,-0.20994068116191655,0.6760113041313094
11,1780387256.8627646,35.862068303760466,0.08600718966938653,0.060835426963044226,1.8376732594822676,0.0,-0.9718979170717388,0.16890298552531421,-1.4238659565827303,-0.16651231223282142,1.1250640102713074,0.15804086469191647,0.06927672018857045,36.86316512811717,-0.34656743815157826,0.402241908611098,1.5472271574008842,0.08107336028846525,-1.3554777721792495,2.189889108545751,-0.1579312647688421,0.607422304018558
11,1780387256.9127645,35.91718843317008,0.17205380841593756,0.04391188027696025,1.8037608653591777,0.0,-0.7599054798895467,0.17609414388089545,-0.4075321767606861,-0.13108966567301406,1.1774473231407578,0.2448429387914198,0.06400661076178782,36.92812057417624,-0.3160851864666957,0.3270618472004556,1.4514451310768637,0.07730697508897995,-1.2165830916227798,2.249092849316731,-0.11406134628832648,0.5383993918234027
11,1780387256.9627645,35.94357861749191,0.25552109438126963,0.03048295785060251,1.801679660961965,0.0,-0.546239024978642,0.17951482144256004,0.039917435515997086,-0.08809321292327055,1.2007390317212596,0.3288643328911323,0.05611500401271563,36.99210322604817,-0.29186803590028493,0.25987814224074857,1.4102325732095011,0.06912069064685578,-1.03040492344634,2.3009360532677334,-0.07874588714135874,0.45106381112747984
11,1780387257.0127645,35.952780308089544,0.34117782983025247,0.01869550435570655,1.7988827748778158,0.0,-0.3162726239995275,0.18070815703461493,-0.1771921373731358,-0.04464529949009743,1.2070829682663713,0.41472011539071163,0.046260432593011824,37.05634983868942,-0.2725949736194116,0.20291778622673418,1.394878047607517,0.06155748879316123,-0.8039905133623153,2.361746695951614,-0.047293959462342716,0.3993604180005117
11,1780387257.0627644,35.95774365250378,0.42010301814583345,0.006696364464007232,1.785659855843295,0.0,-0.08798354575766124,0.1813976312918988,-0.2665911636907969,-0.0015808628242788803,1.2094310415988256,0.49374239962460403,0.03530441085904146,37.12076565241277,-0.2573095757515697,0.15776106349140706,1.3711137111257314,0.055076987110912884,-0.5582444445661454,2.416686923575693,-0.02124845568115405,0.33303455696169415
11,1780387257.1127644,36.00522825645932,0.501592124051664,-0.007367617152761135,1.773692497940983,0.0,0.12388631711847822,0.1876730586715555,-0.22891229843214095,0.03760778406294722,1.2495698728060953,0.5766254468553759,0.03119056026975109,37.184686777941565,-0.2451270016770675,0.12506032422706692,1.3443280953950767,0.05006802804288646,-0.31043196357964986,2.4751953606194204,0.0008159440500283832,0.2903089307402138
11,1780387257.1627643,36.06362334521733,0.5821532101328046,-0.07378615813087375,1.76364364309566,0.0,0.31128691835159766,0.19539038404237777,-0.17885829690607083,0.0698678341768175,1.2977683132948725,0.6594166606653664,-0.02313494611852862,37.2477280639558,-0.23510567883273106,0.10406007696402497,1.319609524247709,0.04658883716836058,-0.08098709262895895,2.5279385997251658,0.01943117756692736,0.23549564367769493
11,1780387257.2127643,36.12395053162769,0.6626358419097365,-0.1379615650977788,1.7582423031871293,0.0,0.4526447988172987,0.20336304982878292,-0.06837995675359321,0.09413017804105836,1.3457010572586294,0.7427577157968118,-0.07488223802818039,37.30979900161005,-0.22639861725643237,0.09331579771481291,1.296999081971119,0.04418518956588757,0.11415679469174078,2.5867760296415865,0.03537934248315869,0.21745623776524736
11,1780387257.2627642,36.175917363795065,0.7413717705300524,-0.19860187044809724,1.7579083045500383,0.0,0.5633742325913892,0.21023083547405202,0.017483228717460823,0.11150993409435711,1.3847359134067843,0.824350601335622,-0.12491302605170462,37.37096645775022,-0.21832119134056857,0.09089234487716302,1.279366746336451,0.04231732129930296,0.26829780483754817,2.645772660956181,0.05083908439678669,0.21178241500346306
11,1780387257.3127642,36.19133219304454,0.8238043657580035,-0.2581065571887084,1.7616427627262616,0.0,0.6293894258598208,0.21451015063429324,0.10111374133412632,0.12042188117780357,1.3914633746015272,0.9075243344956258,-0.18128318460935633,37.43139603466427,-0.2103555429896658,0.09483987338070055,1.2655477319157127,0.040741443285113636,0.3838228449987059,2.7046659381413294,0.06594417607829808,0.21504334640837808
11,1780387257.3627641,36.20735177218415,0.9062625588295056,-0.32098411090655143,1.7684615017980336,0.0,0.6678197001232491,0.21599615248079587,0.13574715909774837,0.12591557689849314,1.3981763722291498,0.9907644748912097,-0.240918932516331,37.491272101267995,-0.20215066919547617,0.1033433256442704,1.2557748437319205,0.03860380191165335,0.46060774892377854,2.760116659667713,0.08073042830432586,0.20844926759556337
11,1780387257.412764,35.85764862686361,1.0010399782397996,-0.38774903022644785,1.7752596041997273,0.0,0.6884047517818341,0.22094443581274548,0.12943261717482532,0.1276641858346867,1.1138602334154335,1.073013311692215,-0.3802465388518579,37.550739547484476,-0.1934708801000168,0.11492337283302856,1.2477119501556364,0.036579870384519375,0.5101328568380669,2.8163700325258754,0.09485044721051727,0.2094800593681776
11,1780387257.462764,36.17811382749475,1.0948649898299676,-0.46044249564172873,1.7800201471092474,0.0,0.6873256040494706,0.21717582090471005,0.07072007719520224,0.12578903525348462,1.3604127856489765,1.1770105276088803,-0.3863061052973049,37.60977311296287,-0.18417389359430417,0.12816534898486953,1.2391640721864159,0.034555005470755025,0.5375649830532613,2.874653689364043,0.10986017919648935,0.22492886487687347
11,1780387257.512764,36.99824956538435,1.1661637806386733,-0.5449319844743501,1.781594279506432,0.0,0.6664004787912694,0.20452994858877896,0.02017209634196394,0.12031679965087509,2.0313069874218193,1.3541532735287838,-0.35496505937549694,37.668384980538626,-0.1742005742894845,0.142550603293492,1.22816140928781,0.0323559931885604,0.5454668811264648,2.9278607403474632,0.12436468655425889,0.21494110190207527
11,1780387257.562764,38.08633144059078,1.2034650175489614,-0.6376825592501084,1.781633382068022,0.0,0.6218527390936451,0.1868462011209721,0.002283288593572733,0.11124873053287246,3.276374402571257,1.526750800078054,-0.591163327760956,37.726554953977335,-0.16353707166109327,0.15765507215871732,1.2157543290626907,0.02982224242155405,0.5351882255509597,2.985602811406117,0.1393102839686941,0.23310993637470734
11,1780387257.612764,39.280581601732486,1.1983216341374208,-0.7349808542860716,1.782026771436598,0.0,0.5521110084710458,0.1667156110066143,0.011230238717311328,0.09682667497249205,4.457790461800646,1.5558973007790091,-0.6782451534561686,37.78428885585784,-0.15220155318012116,0.1728753451448357,1.2039221553755017,0.026793572070077754,0.5078745144345923,3.042009444429057,0.1548745412092552,0.24626513455408805
11,1780387257.6627638,40.370528053294926,1.1530827059024027,-0.8357190819207592,1.7821579197751394,0.0,0.45866013477177064,0.14802267620226323,-0.004149416917797159,0.0788882003460739,5.073232305065649,1.6360100936901323,-0.38010364634094795,37.84165581803113,-0.14026031526683405,0.1873920384866974,1.194195417295191,0.022671470864263618,0.4608282372949963,3.0980276674397498,0.17092516981384098,0.2584816827110723
11,1780387257.7127638,41.17451181204862,1.073655284380096,-0.9358607511930244,1.780357617192319,0.0,0.3515028188865907,0.13269506918006208,-0.0396254735864939,0.0580381243425842,5.25622456151928,1.688768287100347,0.08606296848135653,37.898705774558366,-0.12783564346123438,0.20019201323340496,1.1851574339431623,0.017669956631421457,0.3968233782730137,3.154252881805354,0.18738778812759083,0.2728634204750877
11,1780387257.7627637,41.589323920604265,0.9752432506726233,-1.031350525537172,1.7790667261738202,0.0,0.23504663081486257,0.12423523719533928,-0.018198492788852858,0.0357950202789574,5.34299185011535,1.6295941564778345,0.42261800968794727,37.95542464538438,-0.11510610512170898,0.2103022290800478,1.175479143319831,0.011968399515601885,0.31855315983773985,3.207309287944751,0.20354496069756717,0.260164772520314
11,1780387257.8127637,41.38446359499961,0.8785738084931635,-1.1217107602795857,1.7789847158332284,0.0,0.1168302762208563,0.12695014182298006,0.010280952946515234,0.013727392151296498,5.436890969359791,1.6140905769190228,0.10431734798342474,38.011818427885,-0.1022818171464159,0.21675016396991564,1.1674529005594845,0.005944931989026728,0.23101811330300281,3.2628081862864837,0.21896288796944893,0.26469358560316536
11,1780387257.8627636,41.32066802010976,0.7895915903992349,-1.21121583259345,1.7786812740655527,0.0,0.0006569300107702631,0.12693670588178582,-0.01897969891827235,-0.00796846875611325,5.518039189070641,1.5772959460185425,-0.05686330911390636,38.06793843389003,-0.08959186354489382,0.21860679240734804,1.1606578794357627,2.2050942943588683e-05,0.14026306721023302,3.3180181189244573,0.23424654041007997,0.2638677084459067
11,1780387257.9127636,41.37884718242926,0.7018916430268147,-1.300056365248881,1.7775556988599186,0.0,-0.10167921350602085,0.12475418296206205,-0.02692958163681576,-0.025894875944253798,5.602547537027174,1.5526399244147173,-0.07940111622949875,38.12384666859034,-0.07729011880634432,0.21594959370640865,1.1523020626774796,-0.005701519801182578,0.049484787704900265,3.3730782150575758,0.24909994702481997,0.25818606221228446
11,1780387257.9627635,41.426044669247275,0.613642683807888,-1.3841032332257077,1.7773064119612723,0.0,-0.19338461339443277,0.12298362469640686,0.003193176771093784,-0.041751191029930905,5.691486223684306,1.5401240922543924,-0.11709565788825849,38.17954443241342,-0.06559695262634488,0.2091484033429265,1.1435866039282796,-0.010414931746303216,-0.03245800338070573,3.4267831951533143,0.26231649415939007,0.22889400904669177
11,1780387258.0127635,41.45080959932855,0.5260935811889138,-1.4604547928528349,1.7780713037659477,0.0,-0.2616011274175616,0.12205459744072182,0.019752675711793864,-0.052733895889504306,5.778137512611928,1.5243347289222522,-0.16700430213224138,38.2350805924659,-0.0546813978498288,0.19862966376112867,1.136399473026965,-0.014404785057142338,-0.10509874371664736,3.4822245651218937,0.2744506809011583,0.22081912908135282
11,1780387258.0627635,41.44580929046996,0.43721456506360007,-1.5236106917606556,1.7783885373616957,0.0,-0.31255082092895475,0.12224217815268938,-0.004915561130111912,-0.06001356789496246,5.862887530749301,1.4974521907157066,-0.23553616119210297,38.29051884959055,-0.04466634792157211,0.1849737615975089,1.1300913283812672,-0.017115115471231256,-0.162476530952773,3.5374089769298855,0.2856117228545986,0.2067230510522542
11,1780387258.1127634,41.43293878616866,0.3481094553861864,-1.5709410485608604,1.7781931338902213,0.0,-0.3339281095985724,0.12272499999999835,-0.005729294080097105,-0.06265339978972999,5.946147973184872,1.4648522740523404,-0.29663482102238437,38.34584278634762,-0.03564396714941594,0.16888939208541087,1.1225891239006907,-0.018720172224167657,-0.20439608067206486,3.5919177715001864,0.29556510814102266,0.1735146522855806
11,1780387258.1627634,41.43293878616866,0.26005653016374586,-1.5796500889781098,1.7787404323727245,0.0,-0.3407461000509968,0.12272499999999835,0.025096695671283073,-0.06273830518351257,6.030358959878661,1.4391262685270498,-0.30534386143963355,38.401006805271365,-0.027664111022381706,0.15119638214074183,1.1151415925135453,-0.019070714548270466,-0.22888838824745084,3.6467805211669564,0.3033433526693884,0.14625953089509114
11,1780387258.2127633,41.43293878616866,0.17299860778066573,-1.5806430730240157,1.779923812967007,0.0,-0.331705367493666,0.12272499999999835,0.022984909566465518,-0.06032825930436587,6.113618357847214,1.413690968262015,-0.3063368454855393,38.456029080722324,-0.020729693877646987,0.13268503529525733,1.109347207346676,-0.018657307790024537,-0.23975144213023142,3.7019130266905043,0.3101537448242766,0.13138462554059194
11,1780387258.2627633,41.43293878616866,0.08292539649897356,-1.591883928892856,1.7799952342835812,0.0,-0.3124880415283706,0.12272499999999835,-0.0077353584619303676,-0.05615063987852664,6.199761481173868,1.3873747053410537,-0.3175777013543799,38.51092259743166,-0.014819905134653824,0.11397784753768603,1.1035578467515128,-0.017617245399873378,-0.23899199441331487,3.7564108457330887,0.31530791199097996,0.08601026286909708
11,1780387258.3127632,41.43293878616866,-0.0077998168233510655,-1.5966760268945634,1.7794808987387485,0.0,-0.2818575052284476,0.12272499999999835,-0.01580848433821536,-0.049594598525721977,6.286528158289671,1.3608679500763408,-0.3223697993560872,38.56562296171802,-0.009900514355120005,0.09559516429007253,1.0963373661833127,-0.01614327294968777,-0.22900541055410223,3.8114498176299314,0.3190829333306132,0.08910003346876838
11,1780387258.3627632,41.43293878616866,-0.0928586931219301,-1.596328279808145,1.7798570897064308,0.0,-0.2469361964808504,0.12272499999999835,0.022789493225384802,-0.04307119011817883,6.367875732854323,1.3360167016242954,-0.32202205226966907,38.62005865061947,-0.005908890515453121,0.07801164080332113,1.0888280012470155,-0.014111874502048104,-0.20969696421558562,3.866036860800702,0.3234314492441712,0.09308528959307427
11,1780387258.412763,41.43293878616866,-0.18371221759997042,-1.5916639828728074,1.780701844745912,0.0,-0.20488434409279574,0.12272499999999835,0.021109012758553314,-0.035254316981440284,6.454765122634121,1.3094724582977997,-0.3173577553343314,38.6742465528477,-0.0027661121543970657,0.0615402053621632,1.0833149583765502,-0.012059752537054493,-0.1864168734154016,3.9201846375381253,0.32736651198141165,0.08062802813784575
11,1780387258.462763,41.43293878616866,-0.27348749215732165,-1.582702760939657,1.7802984439710334,0.0,-0.16257812820745488,0.12272499999999835,-0.0023577700360562955,-0.027368998129523286,6.540623308856577,1.2832432421364688,-0.3083965334011807,38.72821403575013,-0.00038620102666652714,0.0463850736543896,1.0777778755335667,-0.009766902144567418,-0.1588095343187752,3.974079345909243,0.3317030858363494,0.0949814808273719
11,1780387258.512763,41.43293878616866,-0.3667594226053753,-1.5692744315893885,1.779519057237693,0.0,-0.11306322408047204,0.12272499999999835,0.004565692794969968,-0.0182431576143544,6.629825584351943,1.2559924246082668,-0.29496820405091206,38.781914223444474,0.0013185727496625302,0.03270125562265713,1.0711111756647864,-0.007450208357048681,-0.1292048632299561,4.027624193113312,0.3360856736663896,0.08647812442554503
11,1780387258.562763,41.43293878616866,-0.44844541168648316,-1.5609913463551928,1.7798846099610504,0.0,-0.07013568408404987,0.12272499999999835,0.03738482011374222,-0.010643362165429025,6.707947438023479,1.232126616616872,-0.28668511881671677,38.83531426687363,0.0024471226913961707,0.020632367798776752,1.0648312902284227,-0.004860695823727595,-0.09625737795796244,4.080851940215851,0.34039698434543986,0.08102279301189519
11,1780387258.612763,41.43293878616866,-0.5393276524215497,-1.5800151094331134,1.7796487173524194,0.0,-0.024199427482896375,0.12272499999999835,0.007105830871594999,-0.0023631042815905404,6.79486429110824,1.2055739833977628,-0.3057088818946374,38.88845484100071,0.0030903073309883518,0.010187874621660598,1.0602077766796503,-0.0025997188767836413,-0.06528380926835728,4.133902340273685,0.34396143860890777,0.06118096392022698
11,1780387258.6627629,41.43293878616866,-0.634439061762567,-1.5849318853060794,1.7783248460809424,0.0,0.020577866214087727,0.12272499999999835,-0.029909945473175242,0.005613427639783905,6.885825785075764,1.1777857340460922,-0.310625657767603,38.94133243756853,0.003334606804134938,0.0013360242612772133,1.0540843472494168,-0.00026701880280210035,-0.03393854983200103,4.186715597940025,0.3467990324686552,0.04880771654090088
11,1780387258.7127628,41.43293878616866,-0.7177548865666793,-1.5783162246888163,1.7773816098756094,0.0,0.055112815968542075,0.12272499999999835,-0.017992986956009538,0.012430678378085277,6.965506361231944,1.1534437446818537,-0.30400999715033983,38.99385881573061,0.0032691006009100796,-0.005922508036163343,1.046128423789331,0.002013115986569862,-0.003237816160828584,4.239196924174124,0.3491621251831187,0.039101191996387286
11,1780387258.7627628,41.43293878616866,-0.8064022592502034,-1.5705855623836162,1.7775753108670018,0.0,0.09270046745344755,0.12272499999999835,0.0186534293045468,0.019359964866235174,7.050285858365437,1.1275440622613355,-0.29627933484514024,39.04600090440726,0.002970606686729461,-0.011681846246942573,1.0387934796698024,0.004000943252649822,0.024522279988037195,4.291304957813262,0.3511700380895047,0.032154206668407515
11,1780387258.8127627,41.43293878616866,-0.895424652200066,-1.5648914474057927,1.777352160434612,0.0,0.12833649506082007,0.12272499999999835,-0.0027993872827891,0.026418153453655942,7.135424012824382,1.1015348119483308,-0.29058521986731645,39.09781899544831,0.002511117663353967,-0.01604849501611394,1.0333041725630412,0.005958330364459212,0.051025530112831785,4.343092515146972,0.3529857511876954,0.028072591331094632
11,1780387258.8627627,41.43293878616866,-0.9851810802209328,-1.5616267073453638,1.7769723362695165,0.0,0.16611818009055723,0.12272499999999835,-0.01324151706103489,0.033809693395100426,7.221264174825279,1.0753111020901749,-0.2873204798068878,39.149332235764454,0.0019649340349993786,-0.01906450497895351,1.026747704942337,0.007962368248472664,0.07706483991351666,4.394573169571103,0.35475775641389695,0.0273502637302645
11,1780387258.9127626,41.43293878616866,-1.073562513058046,-1.5576794717934337,1.7777011341977165,0.0,0.20258316452019365,0.12272499999999835,0.021946365968204352,0.039783456460181374,7.305789335639895,1.0494891180532242,-0.2833732442549577,39.200501631006375,0.0014085510885005772,-0.020726961821623924,1.0196715224224842,0.010077404702569384,0.10337393006177148,4.445704106975105,0.3566668563692279,0.029142335704646527
11,1780387258.9627626,41.43293878616866,-1.1628493045696109,-1.5523154383805877,1.779570404023447,0.0,0.23018270089915854,0.12272499999999835,0.04863373671378959,0.043973509162439715,7.391180352382577,1.023402619666495,-0.2780092108421117,39.251359778469464,0.0009028008818984259,-0.02112067061248135,1.0143737304595815,0.011889093539566626,0.12673091116388982,4.496515888274445,0.35879046964989936,0.032735595959886954
11,1780387259.0127625,41.43293878616866,-1.2519635439821126,-1.546773976198301,1.78018162871621,0.0,0.2434938789741282,0.12272499999999835,0.0034847300543186274,0.0454017950199996,7.476406345845435,0.9973665350081307,-0.2724677486598246,39.301986046755225,0.0004842231341364867,-0.02046232687106997,1.0104414406687712,0.013199228773165804,0.14510450188098376,4.547081854933997,0.3612238839265004,0.038426386678950486
11,1780387259.0627625,41.43293878616866,-1.3413471342233874,-1.5412672148638238,1.7803890074848399,0.0,0.2426528220842778,0.12272499999999835,-0.009182456570981186,0.04442064201761345,7.561889937781035,0.9712517553956606,-0.2669609873253478,39.35236004562287,0.0001641994914449876,-0.019083776081461945,1.004318229621868,0.013723134332645411,0.15550083542886056,4.597377289470654,0.36402078728156584,0.046444776886328754
11,1780387259.1127625,41.43293878616866,-1.4282544107334025,-1.535989007582108,1.780651597441522,0.0,0.2274811361110349,0.12272499999999835,0.004843138386689824,0.040900297695891485,7.645005262880003,0.9458604686208424,-0.2616827800436319,39.40241329014121,-6.920288695900183e-05,-0.01739324275527787,0.9976484120823153,0.013490637639971879,0.15735954350941855,4.647326114043056,0.36724411096787957,0.05391330072921097
11,1780387259.1627624,41.43293878616866,-1.5183903078765781,-1.5311131308992838,1.7808160211526043,0.0,0.20510857523175766,0.12272499999999835,0.004507645742273169,0.03634023347994458,7.731208336949168,0.919525891069052,-0.2568069033608076,39.45215163064701,-0.0002505312145099515,-0.01582884123878392,0.9917701924911086,0.012495850440132327,0.15037897748006415,4.696946196303136,0.3707387453797619,0.0659994118868461
11,1780387259.2127624,41.43293878616866,-1.607134856133026,-1.5267941139218866,1.779746469067482,0.0,0.17256781305320906,0.12272499999999835,-0.029048257541226054,0.02956225821615209,7.816080769676313,0.8935978173222986,-0.2524878863834106,39.50159562790204,-0.00042335410605183834,-0.014746863652066455,0.9859407247476186,0.011106630148477126,0.13759782676872928,4.746174914820562,0.375422828087173,0.09737827289876844
11,1780387259.2627623,41.43293878616866,-1.7016475447708093,-1.5231696259807446,1.7826641955920413,0.0,0.12811687696213644,0.12272499999999835,-0.14812221008595505,0.020923114670191714,7.90646966641273,0.8659844933587465,-0.24886339844226857,39.55070570477418,-0.0006449795619244376,-0.014465923786795454,0.9785027375862909,0.009129117632903715,0.11786248490197902,4.794983441094124,0.38091932693397673,0.10590928419910473
11,1780387259.3127623,41.43293878616866,-1.7837527257054415,-1.5203542324864592,1.772991154533651,0.0,0.0833784853656543,0.12272499999999835,-0.08142207724272119,0.011948465809571927,7.984992421695541,0.8419962120717437,-0.24604800494798296,39.59929340012812,-0.0009885839957207672,-0.015305343117164583,0.9651860568599074,0.006594645307600238,0.0913413923420118,4.843235304878205,0.38671737708876786,0.11828746805907686
11,1780387259.3627622,41.43293878616866,-1.8720089200216379,-1.518441923354927,1.7649455017826232,0.0,0.025450605901983746,0.12272499999999835,-0.16789930524188593,0.0006898922429274136,8.069397808415294,0.8162108183794402,-0.24413569581645067,39.64729483547505,-0.0015285056457158856,-0.01749679313802499,0.9552615692914307,0.0038896245237909754,0.06163312328137195,4.890857898501897,0.39289418403176873,0.12930751235706728
11,1780387259.4127622,41.43293878616866,-1.9604389327211464,-1.5175098685503858,1.7592860601524063,0.0,-0.03430822101305329,0.12272499999999835,-0.1205925776130958,-0.010432417431999054,8.153969429448415,0.7903746409945087,-0.2432036410119096,39.694684165531974,-0.002352083862645269,-0.021262940354150217,0.9410552615517609,0.0006307593523744125,0.026421609173813428,4.937841776012664,0.399337013387562,0.13943891650941787
11,1780387259.462762,41.43293878616866,-2.0482253439803504,-1.5176149723439885,1.7550716127323331,0.0,-0.09108064493326037,0.12272499999999835,-0.05733388298344319,-0.020185960313061864,8.237925530756453,0.7647265015897755,-0.24330874480551223,39.74140910584829,-0.0035451035073613734,-0.02675530395693304,0.9292445724750963,-0.0027051874366971016,-0.010215691251190415,4.984151410016531,0.4059848258087842,0.1488830022544101
11,1780387259.512762,41.43293878616866,-2.1355752258962446,-1.5188010190896921,1.754360473381581,0.0,-0.13204663131631247,0.12272499999999835,-0.0017091025984367174,-0.02673433025489076,8.3214641494354,0.7392059008928087,-0.24449479155121612,39.78760207662851,-0.005175881560878804,-0.03393909399635353,0.9206169428232851,-0.005713649784115904,-0.04417537133879192,5.02993249431332,0.4128001407252783,0.15632899093188346
11,1780387259.562762,41.43293878616866,-2.2209532772302367,-1.521088071285926,1.7561292318026769,0.0,-0.15551196699957592,0.12272499999999835,0.044008859137584413,-0.029733879802266907,8.403116972742126,0.7142614005845208,-0.24678184374745005,39.83340500472156,-0.007282340775836203,-0.042546901944855886,0.9148065460544662,-0.007874103595293521,-0.0704168160015542,5.075361851981024,0.419798037466723,0.16576333110177632
11,1780387259.612762,41.43293878616866,-2.310901771792522,-1.524461364947169,1.7608133970588407,0.0,-0.16547643316428856,0.12272499999999835,0.1010174187606793,-0.03154210794536348,8.489140821008107,0.6879815755559345,-0.2501551374086928,39.87893874703226,-0.009870735733840449,-0.05213347336390495,0.9113338991773241,-0.008990149856350566,-0.08649691481528536,5.120539664831605,0.4271936504100953,0.1763875168129676
11,1780387259.662762,41.43293878616866,-2.3987375667323585,-1.5288698731857704,1.7697257969925109,0.0,-0.17275145981976703,0.12272499999999835,0.20672401980373292,-0.03313182619862294,8.573144151280566,0.6623190079554587,-0.25456364564729395,39.924325470327595,-0.01294357749342969,-0.06231895863028214,0.9107400610553875,-0.009589708070900815,-0.09629359356835537,5.165570204565006,0.43490770419400954,0.18333733414668618
11,1780387259.7127619,41.43293878616866,-2.4871208090999346,-1.5342219847848864,1.7671522194738152,0.0,-0.17867889090967445,0.12272499999999835,-0.19733625431090912,-0.03412430773819399,8.65767104267194,0.6364964952365754,-0.2599157572464099,39.96975963734135,-0.01652096612222353,-0.07291927836147938,0.9154225556960484,-0.01004967424126119,-0.10345601865131264,5.210708983430657,0.4429831034989869,0.19183110406872794
11,1780387259.7627618,41.43293878616866,-2.5757962345322984,-1.5403905646556688,1.7716170176347497,0.0,-0.1886828499662661,0.12272499999999835,0.01040178634032564,-0.036084347850504274,8.742477368552498,0.6105886167774836,-0.2660843371171926,40.01486132427431,-0.020582395346621464,-0.08376187947542135,0.8999431997422732,-0.01032361454089689,-0.10771397231232395,5.255573805869435,0.45139624413629137,0.20057327516080736
11,1780387259.8127618,41.43293878616866,-2.6643127130725266,-1.5472312273067508,1.7720006809300701,0.0,-0.19981011853923306,0.12272499999999835,0.0552633164914393,-0.03809734328488014,8.82713168273572,0.5847271770779785,-0.27292499976827456,40.05938137257106,-0.025111409212453976,-0.09475785627348277,0.894904588934716,-0.010810602144998193,-0.11254542030343491,5.2999421070922095,0.4601264083748159,0.2102182795004559
11,1780387259.8627617,41.43293878616866,-2.752909887734477,-1.5545988195481297,1.7730438971350257,0.0,-0.2109536276498771,0.12272499999999835,0.007664525926227911,-0.040075097271056355,8.911863172095295,0.5588421607753333,-0.2802925920096535,40.10362599803232,-0.03014357036729135,-0.10598123298976558,0.8921251004010801,-0.011389898366094718,-0.11807332333382985,5.3440894331587465,0.46921251213441273,0.2187390150137576
11,1780387259.9127617,41.43293878616866,-2.8413782244131105,-1.562350017857544,1.7742010089202687,0.0,-0.22446802713534345,0.12272499999999835,0.018804080534617254,-0.042475522905814696,8.996471444949897,0.5329947864551924,-0.288043790319068,40.1475830031863,-0.035686237541432894,-0.11745128363622337,0.8869850926495381,-0.011980047207089463,-0.12372792948339828,5.388242683988998,0.47882292932975906,0.2341319002415081
11,1780387259.9627616,41.43293878616866,-2.9301354007034033,-1.5703387287249384,1.7728644725406253,0.0,-0.2353674883594037,0.12272499999999835,-0.04243684179265893,-0.04415409954413755,9.081355954722607,0.5070630232356856,-0.2960325011864624,40.191198282590186,-0.0417430940206983,-0.12918548152824982,0.8824218261263794,-0.012670253247437707,-0.13016551787438557,5.432109719920868,0.4891321507048161,0.24929210472544927
11,1780387260.0127616,41.43293878616866,-3.0189365968668955,-1.5784176053750343,1.770990084785513,0.0,-0.24368562409500827,0.12272499999999835,-0.03578481730015996,-0.04559808268562154,9.166282563686764,0.4811183989386134,-0.3041113778365583,40.23440220053187,-0.048307580935749043,-0.1411550041160261,0.8748379993073021,-0.013206814654415975,-0.1353036448280241,5.475400359146953,0.49977806798227997,0.257173693264507
11,1780387260.0627615,41.43293878616866,-3.107699134208902,-1.586447235877822,1.7698988882603142,0.0,-0.25128592631161994,0.12272499999999835,0.008116779641600324,-0.04683375778260042,9.251172200596972,0.4551850694060551,-0.31214100833934566,40.277121699469326,-0.055364513557586655,-0.15328939430255328,0.8676356112682636,-0.013646114822386833,-0.1393421978241475,5.51821826628303,0.5105244173621315,0.2615775219296781
11,1780387260.1127615,41.43293878616866,-3.196081219060481,-1.5942960160203048,1.7702234550558487,0.0,-0.25520634740079173,0.12272499999999835,0.014741059080596128,-0.04756260790222395,9.335697984977259,0.4293628948731304,-0.3199897884818288,40.31941325526857,-0.06291668311286458,-0.16555030665838633,0.8626677532944103,-0.014020578213771277,-0.14266302288111413,5.560853265771647,0.5214795385863201,0.2675022793088022
11,1780387260.1627614,41.43293878616866,-3.284150485776099,-1.601851109298889,1.7699565119655978,0.0,-0.25410634645277846,0.12272499999999835,-0.003797597874287601,-0.04694312438401274,9.419924600149727,0.40363211493128626,-0.32754488176041274,40.36133308469586,-0.0709659716223081,-0.17789668510692813,0.8580669965264393,-0.0142641181198377,-0.1448205956848344,5.6032954822860415,0.5326657122910459,0.27347280026337195
11,1780387260.2127614,41.43293878616866,-3.3725810015115556,-1.6090295731213633,1.7698932119636213,0.0,-0.24277693068142137,0.12272499999999835,0.008109152861489149,-0.04441809386720814,9.504496702270256,0.37779579057672774,-0.3347233455828871,40.40286362460776,-0.0794910021015295,-0.1902114266154089,0.8525917130122312,-0.014157918611333689,-0.1438957958707165,5.645610669145149,0.5441734593488757,0.28089473917067354
11,1780387260.2627614,41.43293878616866,-3.461457447321154,-1.6157719209896977,1.7716704475151344,0.0,-0.22556988485320204,0.12272499999999835,0.052772110700974095,-0.040903125931711706,9.589495277576598,0.3518291809474634,-0.34146569345122124,40.4439987346601,-0.08845500375389863,-0.2022865975039947,0.8477762790226763,-0.01352427729318947,-0.13818371203069307,5.687512758025998,0.5558808685527232,0.2859691449527251
11,1780387260.3127613,41.43293878616866,-3.548616157225792,-1.6220283779321698,1.7739149458931955,0.0,-0.20515796959489518,0.12272499999999835,0.04647351604810668,-0.03707576592562526,9.672851065490349,0.3263644340702925,-0.3477221503936936,40.48481114624235,-0.09783149132030734,-0.21392985251388952,0.8452379537453865,-0.012542847032334893,-0.1290062609698167,5.729951713056583,0.5683693699583343,0.3001652486013162
11,1780387260.3627613,41.43293878616866,-3.6369824178065526,-1.627777011960487,1.7749373084488924,0.0,-0.18248479754228347,0.12272499999999835,0.005092070649256808,-0.03271129622325671,9.757361716046793,0.3005468828395179,-0.35347078442201063,40.52535059526709,-0.10759499169427252,-0.22502740366130425,0.8424101103914349,-0.01141245815601002,-0.11806741929443032,5.772940660259568,0.5823438283876081,0.3241252408607824
11,1780387260.4127612,41.43293878616866,-3.7235041464451424,-1.6354503604814363,1.7756216681042263,0.0,-0.15676362292786492,0.12272499999999835,0.012988097750531419,-0.028142693031880023,9.840108315557277,0.27526823975763204,-0.3611441329429601,40.56556424033314,-0.11769656887709964,-0.23548638200577976,0.8375436079855351,-0.010124492271724005,-0.10539310522055048,5.815200532614445,0.5971449439469675,0.3439253905754551
11,1780387260.4627612,41.43293878616866,-3.820395134453258,-1.6396550994252748,1.7772010412832597,0.0,-0.13166391947763179,0.12272499999999835,0.021124949683783825,-0.023357474619282323,9.932771741346793,0.24696005934737597,-0.3653488718867983,40.60541850926133,-0.12808913075957837,-0.24523643219071056,0.8331017293982285,-0.008758824538675537,-0.09173074741201687,5.857088609334747,0.6129147805166423,0.3641243619004313
11,1780387260.512761,41.43293878616866,-3.901774258613906,-1.6355970811008163,1.7778747756886537,0.0,-0.10932608528583042,0.12272499999999835,0.006222622653180789,-0.019156634490284104,10.010600119274411,0.22318390662432486,-0.36129085356234025,40.64494012293541,-0.13874026072627316,-0.25424168643544576,0.8290909501252699,-0.007332912413411951,-0.07741906305879942,5.898541555367494,0.6296365924724425,0.38427213458973375
11,1780387260.562761,41.43293878616866,-3.9893394982477166,-1.6295038459373192,1.7771378810743503,0.0,-0.08291287547007013,0.12272499999999835,-0.013746595540743024,-0.013992741341228248,10.09434469915081,0.1976003858843609,-0.3551976183988428,40.68412765603571,-0.14961695798487043,-0.2625184344410658,0.82435494270429,-0.006031477922783772,-0.0640535959869375,5.9395280138185305,0.6472808180906967,0.4043572718830406
11,1780387260.612761,41.43293878616866,-4.077269084412778,-1.6248055114414435,1.7761618385826725,0.0,-0.05039186703808554,0.12272499999999835,-0.003633040910104638,-0.007646727853418204,10.178437728335595,0.17191041574646482,-0.35049928390296703,40.72294909821795,-0.16067105510580776,-0.27003810003553985,0.8186500919050996,-0.004543201324856136,-0.04926996426794065,5.980010138846089,0.6658480764885919,0.42469353063840654
11,1780387260.662761,41.43293878616866,-4.1652305948816,-1.62307976136399,1.7764047304448398,0.0,-0.018075325401910317,0.12272499999999835,0.015262083290330915,-0.0015485400602630595,10.262561288898098,0.14621111843615675,-0.348773533825514,40.761406607386746,-0.1718504996224018,-0.2766929842848347,0.8134779760356349,-0.0027416531117353,-0.03187952908336765,6.019940263971883,0.6853392677487933,0.4453814364946438
11,1780387260.712761,41.43293878616866,-4.253302838243377,-1.6253983438775752,1.7759861763459703,0.0,0.01244813266473608,0.12272499999999835,-0.00985929889810886,0.003982036739927414,10.346790750839249,0.12047946882172278,-0.35109211633909876,40.79954751103902,-0.18312092498150268,-0.2824285810020615,0.8092669354065148,-0.0009261214892135761,-0.014183070545320853,6.059338596860447,0.7057967883886965,0.46667401638384565
11,1780387260.7627609,41.43293878616866,-4.341833065123855,-1.6329630376849407,1.7747442864550749,0.0,0.03933678977746939,0.12272499999999835,-0.01503560006335702,0.008502893751814074,10.431458213493062,0.09461401233485534,-0.35865681014646444,40.837375081352256,-0.19444627337956036,-0.287272608435289,0.8038173564455956,0.0007547806286148729,0.002431486942909518,6.098170508060107,0.7272288781067379,0.48860859394228395
11,1780387260.8127608,41.43293878616866,-4.429877137297692,-1.6486924726263381,1.7741741264868711,0.0,0.06022735167079471,0.12272499999999835,0.005317168203488464,0.012088576863834525,10.515660733415801,0.06889059336278525,-0.3743862450878619,40.87486245003064,-0.2057916427340716,-0.2913159126206759,0.7981352662338087,0.0021652300560169244,0.0166500534019018,6.136381909850625,0.7496251914342354,0.5111750356825713
11,1780387260.8627608,41.43293878616866,-4.518272642310396,-1.6662647285489343,1.7746818249880365,0.0,0.07576581628856591,0.12272499999999835,0.008874390458828606,0.014871380590027034,10.600199352406717,0.04306449792503675,-0.3919585010104578,40.912034275662386,-0.21714590520282645,-0.2946907954907485,0.7934989702317685,0.0032937693709803916,0.028182626758885963,6.173993666857316,0.7730310435262171,0.5345076427659485
11,1780387260.9127607,41.43293878616866,-4.605746606031752,-1.6787820340858919,1.7746576009642139,0.0,0.08788244385015932,0.12272499999999835,-0.008710126344725469,0.01721516041313841,10.683856638935055,0.017507644835490943,-0.40447580654741566,40.948923865569704,-0.228506116900406,-0.2975302573610814,0.7890678236034524,0.004171660259159083,0.03721766995357227,6.210907016477609,0.7973424592946696,0.5578120630717311
11,1780387260.9627607,41.43293878616866,-4.694576320951963,-1.6881737929044194,1.7742414849011716,0.0,0.09748663129944499,0.12272499999999835,0.007649525777687395,0.018687445360516728,10.768810522321232,-0.008445311651466891,-0.41386756536594316,40.985519919230924,-0.2398571247553523,-0.2999349931899289,0.7837871889337831,0.004888928853924401,0.044495316522832395,6.247295757069355,0.8227797710690044,0.5824045950405985
11,1780387261.0127606,41.43293878616866,-4.782596392893018,-1.6958036130396619,1.7752326719584877,0.0,0.10493710230156585,0.12272499999999835,0.028594277513179656,0.019864447170560264,10.85299008919297,-0.03416171858935879,-0.42149738550118565,41.02182489843027,-0.25119335596405606,-0.30200932303690786,0.7793576257710008,0.0053731257494958025,0.049516865230903,6.283160693541383,0.8495198767121651,0.608742104928579
11,1780387261.0627606,41.43293878616866,-4.870769382444563,-1.7017557936970835,1.7767339045254305,0.0,0.10901364947290677,0.12272499999999835,0.021900555322629866,0.02033001234188119,10.937315901550926,-0.05992280274021611,-0.4274495661586073,41.05788518541345,-0.26252517917344903,-0.30384303231902043,0.7760010185598173,0.0057377870379373905,0.05322832606475883,6.316901323134705,0.8751847893621889,0.6255822393232675
11,1780387261.1127605,41.43293878616866,-4.959101175287145,-1.7060988250076377,1.7766818103842799,0.0,0.10937410508415259,0.12272499999999835,-0.011642601588236521,0.02014711562053963,11.021793588270747,-0.08573028369540814,-0.43179259746916143,41.09371906028543,-0.2738579124102906,-0.30551745053120083,0.7723354754668874,0.005915836155548454,0.05517953988636271,6.350791467723474,0.9023575784203025,0.6466081988368977
11,1780387261.1627605,41.4332013413527,-5.047437786870744,-1.7089016652449482,1.7759631525774955,0.0,0.10648494705739055,0.12271515055074522,-0.004350706721515842,0.019177230035786846,11.106765125508222,-0.10993689508891125,-0.4343155468077633,41.12928071385907,-0.28518098245406764,-0.3071172188649087,0.7670253197904513,0.005901014062727906,0.055285220163953694,6.385331820911082,0.9325812674304506,0.6769117542391805
11,1780387261.2127604,41.45280013417772,-5.1352344794602836,-1.7102490069296363,1.7760080939043603,0.0,0.0975267685038447,0.12197992486453443,0.009633706956023936,0.017315027208684854,11.226667698960313,-0.013249558027182529,-0.4146541880016361,41.16453979343677,-0.2964934316452035,-0.3087386945620767,0.7621172354821295,0.005665534306011275,0.0533202897415757,6.418574081726403,0.963328360567353,0.7048132601473318
11,1780387261.2627604,41.43884252118278,-5.224412249862779,-1.710252695110584,1.778990383205517,0.0,0.08410940164840526,0.12250352831724147,0.13796505877451448,0.014563991379296601,11.28675780373418,-0.12606852304981908,-0.429643137674419,41.19952710596288,-0.3078170713543499,-0.3104703369249866,0.7579697075424316,0.005182553862378888,0.04909059239524303,6.450994825584553,0.9951872922834606,0.7329757208773389
11,1780387261.3127604,41.398830806007645,-5.313252803279796,-1.7090448909458034,1.782592181868113,0.0,0.06804212939554195,0.12400452080227631,-0.10188802719206269,0.011535396700839851,11.29302805882692,-0.3970272987521839,-0.4694448755418765,41.23438904997796,-0.3192249674590023,-0.3124863457172249,0.76022841400489,0.004455570870665747,0.042697275665428774,6.482792924691042,1.0284978827112914,0.7620656930513636
11,1780387261.3627603,41.34410996713212,-5.401011696606661,-1.7067525125127414,1.7623426954677792,0.0,0.05100589852970644,0.12605730878118346,-0.4447301889932314,0.008261331938070016,11.2479332924881,-0.7662509696304787,-0.5244178391528838,41.26897948525495,-0.3306931761533363,-0.314880058722387,0.7504612370621748,0.003596143415164516,0.03492784840215446,6.51368107391409,1.0629535512830737,0.7911857365837651
11,1780387261.4127603,41.28305865816251,-5.488830011748291,-1.7034723821003919,1.7498770632788698,0.0,0.03238249755366065,0.1283475769080011,-0.20402048235905573,0.004829463428711111,11.16132067713237,-1.174751326775096,-0.5849210893061656,41.30262221698962,-0.3420131884988593,-0.31764983681306314,0.7235886446666642,0.002640210397704295,0.02595336055626462,6.542869166341873,1.0973706164336448,0.81826414972201
11,1780387261.4627602,41.226066757580426,-5.576040720380874,-1.6992548253668227,1.7423935543233797,0.0,0.01588849038832034,0.13048556109855924,-0.148595331420177,0.002292211806804706,11.081383682355938,-1.5185816966290029,-0.6322369857702372,41.335200010891725,-0.35315758356041577,-0.3208267062095964,0.708797521573277,0.001654904853680384,0.01663391466318971,6.5712559873637355,1.1338552589534616,0.85041469390851
11,1780387261.5127602,41.18323885240223,-5.662932256942513,-1.6940995040060074,1.7371892158272753,0.0,0.01021364659102549,0.1320921996428176,-0.11550737932540447,0.002249670218221306,11.02962219879874,-1.7824751141191482,-0.6647521610982645,41.36705343830977,-0.3642447660713879,-0.32439006352981714,0.6967849752310461,0.0008728132645685921,0.00913218851370181,6.598356215034572,1.171761603093245,0.8842388711547517
11,1780387261.56276,41.1632537999742,-5.746624923717261,-1.687958289471696,1.7360716861034815,0.0,0.0176018911480893,0.13284191540421902,-0.2653015819012558,0.00441156335290884,11.040247430016837,-1.9252838794009157,-0.675477369109009,41.398295431114526,-0.3752931207284001,-0.3281395137497767,0.6864424228962324,0.0006760214347756745,0.006646830898879916,6.623189351852025,1.20798194422473,0.9109439023324395
11,1780387261.61276,41.176922078596704,-5.836305188804525,-1.6807472077207464,1.7382883339234685,0.0,0.03409844445905714,0.13232916599055525,0.0876051293104832,0.007787503922656927,11.158663929626819,-1.9041088887410986,-0.6567822710527498,41.428817027971995,-0.3862243648048522,-0.331769678523929,0.6686750480910969,0.0010775710374777996,0.009428411761361371,6.646730489561665,1.2447491680696383,0.9381565842918391
11,1780387261.66276,41.18313754689232,-5.923510109906339,-1.6723572529478532,1.752859839629357,0.0,0.05069852756433998,0.13209599999999821,0.5765294511561629,0.01031426203137474,11.252610821225964,-1.9172981680813077,-0.643096605906365,41.4588769920939,-0.3970890182162925,-0.3350660396653824,0.6686239659323246,0.001875758830389808,0.01585591115757817,6.669148583528289,1.2826621510497451,0.9670902981898983
11,1780387261.71276,41.18313754689232,-6.012187889200776,-1.6626605107755767,1.7823795195144738,0.0,0.05826245314134183,0.13209599999999821,0.5000877700530377,0.011093612289220022,11.328600417328202,-1.9630073556130445,-0.6333998637340885,41.48942147786102,-0.4082186945762919,-0.3381020986317491,0.692944151970307,0.002631449679667119,0.0223718661476031,6.690887137988002,1.3224603474780952,0.9973726662047637
11,1780387261.76276,41.18313754689232,-6.100696017097715,-1.6476517395543213,1.7781203155944272,0.0,0.055794188382676,0.13209599999999821,-0.21612659678111393,0.009728902188316369,11.40444463607349,-2.0086290958992032,-0.6183910925128329,41.520897320250214,-0.41979240044780486,-0.3410230722922818,0.7132980442582366,0.003020227760085259,0.026225113826349053,6.712107079134372,1.3647590778207954,1.029256372119069
11,1780387261.8127599,41.18313754689232,-6.187962724012488,-1.6338960103388578,1.724932274544762,0.0,0.043241666495524834,0.13209599999999821,-1.2236193187922486,0.006689333277969349,11.479225058682044,-2.053610942573556,-0.6046353632973696,41.55240353516939,-0.43150320041816076,-0.3439089898411516,0.6978328529879718,0.002807707766251203,0.024997594217140987,6.732195641383614,1.4091793911546922,1.0635243733473843
11,1780387261.8627598,41.18313754689232,-6.270977959959213,-1.630135044863399,1.6265688695451586,0.0,0.020812078715895944,0.13209599999999821,-2.3153355525870913,0.002244064269329492,11.550362318772628,-2.0964013576930096,-0.6008743978219107,41.58202011451701,-0.4426508716607146,-0.3467710840429734,0.6322654906152055,0.002039408800853808,0.018412246540919656,6.749856846847926,1.4531324296134824,1.0982355001142219
11,1780387261.9127598,41.18313754689232,-6.347489411524446,-1.6264867883161072,1.5038599734099052,0.0,0.005334145694711594,0.13209599999999821,-2.441496924635148,0.00038426529378732586,11.615926368164681,-2.1358393805635263,-0.5972261412746187,41.607442180583035,-0.4523586498373669,-0.34954931783707854,0.5127214433146126,0.0009201555587702783,0.008171145257030069,6.763808831949333,1.4908760911207688,1.1259118616284418
11,1780387261.9627597,41.18313754689232,-6.418665453541684,-1.6140748409347072,1.3920947354001918,0.0,0.00560966395046928,0.13209599999999821,-1.9654792902625267,0.003269853517535148,11.676918408426397,-2.1725272529732584,-0.584814193893219,41.6273827720492,-0.46007508802668073,-0.35200158065150067,0.3876741274142999,0.00039227226628081276,0.0028973224181131603,6.774058686038936,1.520773257006055,1.1469267256952698
11,1780387262.0127597,41.18313754689232,-6.489880599806752,-1.5962552336935953,1.3259702344457442,0.0,0.03823001300356023,0.13209599999999821,-0.7752148212002358,0.0124830496388688,11.73794395782673,-2.20923528176728,-0.5669945866521071,41.642308314169085,-0.46587927887401553,-0.35377102434119534,0.2871723708344514,0.000276067416554597,0.002359312952271592,6.781316909951154,1.5437202641481904,1.1633662203844795
11,1780387262.0627596,41.18313754689232,-6.552153315992482,-1.580565586074485,1.3332860996099607,0.0,0.08805929358128925,0.13209599999999821,0.5054622162368498,0.023892892892331524,11.79130657683674,-2.2413339121670455,-0.5513049390329967,41.65412678445054,-0.4704147741849169,-0.3546348215618176,0.24665764718089955,-0.000325428740301765,0.0009992962849136137,6.786714763921354,1.5622413007968416,1.1773084056523402
11,1780387262.1127596,41.18313754689232,-6.621500008281449,-1.5639391027089882,1.4156351743895315,0.0,0.1551769209564326,0.13209599999999821,1.9577965093269871,0.03779538977822691,11.8507310141647,-2.2770788415931356,-0.5346784556674997,41.66559133220551,-0.4747230541894307,-0.35482379660704044,0.2702529418014293,-0.0012567106023091946,0.0015451151687896896,6.7915991940405505,1.5803855447995039,1.1915596135104547
11,1780387262.1627595,41.18313754689232,-6.696204660032754,-1.5402600427275623,1.526447968758096,0.0,0.22649946819954586,0.13209599999999821,2.3928788494815145,0.051212544413241815,11.914746784053246,-2.3155855448908773,-0.5109993956860741,41.679708446036834,-0.47997980555690656,-0.3546983671988819,0.3659882114691195,0.0006224846195951297,0.021981475243403364,6.797206146838931,1.602879764749308,1.2094080854466025
11,1780387262.2127595,41.18313754689232,-6.776367945963677,-1.5096212174071049,1.6252468722163285,0.0,0.2947482733129311,0.13209599999999821,1.636813956723079,0.06361705403730686,11.983440156492055,-2.3569059151000875,-0.48036057036561663,41.698522597008846,-0.48700076682847854,-0.35429125292167285,0.482506075227819,0.007256667169999149,0.0653586536748285,6.804073125639765,1.6331086329253528,1.2333478319021225
11,1780387262.2627594,41.18313754689232,-6.859406023623337,-1.4861765057055987,1.6666212400335234,0.0,0.3508831978132009,0.13209599999999821,0.5532874883323093,0.07346873459985734,12.054596990060391,-2.399708104038737,-0.45691585866411044,41.72168248748225,-0.49547978100189266,-0.35266631360006695,0.5605067217782005,0.013110557258198319,0.1073228021454337,6.811376319764404,1.6707430588161993,1.2639320136158165
11,1780387262.3127594,41.18313754689232,-6.942461565021916,-1.4693918655876452,1.660972362609032,0.0,0.3954351703047732,0.13209599999999821,-0.2731130931074103,0.08211568467492776,12.125768788623086,-2.4425192947061576,-0.4401312185461572,41.74714115502059,-0.5045700928018628,-0.34957930309392227,0.5840478142679626,0.017046555674418644,0.13949047130849054,6.817888945930305,1.7126809571374602,1.2990080134459765
11,1780387262.3627594,41.18313754689232,-7.024250772582828,-1.4470547376302687,1.6224906211938548,0.0,0.4277819713366294,0.13209599999999821,-0.9363011858847082,0.09014953747157559,12.195855442771695,-2.4846777503668576,-0.4177940905887807,41.772778904568334,-0.5134657325073511,-0.3452159021930834,0.5663385901894098,0.019487029502309166,0.1600601835779172,6.822725474146198,1.7559570664603104,1.3367448531527746
11,1780387262.4127593,41.18313754689232,-7.1028866801139126,-1.4214370700434182,1.5613282293296744,0.0,0.4489051536388722,0.13209599999999821,-1.2519361638602375,0.09774373032313559,12.263239976980424,-2.5252108294839184,-0.39217642300193,41.79695275322059,-0.5215715014757185,-0.33993816471476546,0.5158244138882091,0.020566656363371665,0.16758449492844044,6.825598967320263,1.7973708523751386,1.3739840671394035
11,1780387262.4627593,41.18313754689232,-7.178300845104076,-1.3989473464387663,1.489598029121775,0.0,0.45686361605951975,0.13209599999999821,-1.5477158261849842,0.1028858609373383,12.327863741621197,-2.5640832531904167,-0.36968669939727805,41.81858752235262,-0.5285474065765228,-0.33423403676370134,0.4500658146498797,0.020343193800172833,0.1627213998856635,6.826930034328906,1.8336719759142561,1.4063779124337747
11,1780387262.5127592,41.18313754689232,-7.249743951977087,-1.3789453048332458,1.4087813443992447,0.0,0.446468659821669,0.13209599999999821,-1.644713046896612,0.10432947084288462,12.389084634597594,-2.6009087848612715,-0.34968465779175784,41.83701009825072,-0.5342517210651176,-0.32867302978995605,0.3702192680114451,0.01827227126274035,0.14312242117922247,6.827131559024783,1.8642995724726144,1.4338953303477258
11,1780387262.5627592,41.16368516006013,-7.316014117699556,-1.3606186355014243,1.3295033562161571,0.0,0.4221227608694182,0.1328257334374003,-1.6015858694996405,0.10273054031276757,12.372942498125127,-2.7540865860773884,-0.34777867711284305,41.85178436717976,-0.5386712690009821,-0.3239052835357805,0.2862242022675362,0.01471462656140314,0.11414277960701076,6.826526187801534,1.8894065719147222,1.4572042602350415
11,1780387262.612759,41.17200371305192,-7.378840499550143,-1.3440966629931053,1.2613293041385734,0.0,0.3870064961485506,0.13251367269538042,-1.380345050464674,0.09859228709323808,12.457686910045012,-2.7365711648219087,-0.3242896756975826,41.86286249015922,-0.5418446065933149,-0.31986397790673315,0.2045149003546675,0.014894420447145791,0.11463693603170189,6.825543555501826,1.9085552183402146,1.4757389271236807
11,1780387262.662759,41.205784877614306,-7.437957648214924,-1.3295473438672663,1.2000110567202062,0.0,0.3488895124004633,0.13124641199630946,-1.269034004226874,0.09301580702809682,12.636070233508438,-2.5522232957098354,-0.28060509027875025,41.87058342508992,-0.5438079236165018,-0.31560546798315814,0.13438479145249072,0.015206309506627843,0.11554959529518397,6.824409447532307,1.9220111817357313,1.4903841571728629
11,1780387262.712759,41.26045138729266,-7.49733671817779,-1.3171698422851639,1.1479738396636072,0.0,0.3126609192456523,0.1291956621134031,-0.9046448293001456,0.08738268984863887,12.890399510629779,-2.207975063470567,-0.21878194945305207,41.87532979131997,-0.5447391187248566,-0.3112570012103948,0.07027863005811326,0.015659198540241944,0.11675440086561972,6.823361913316873,1.9302640496398105,1.501199321072435
11,1780387262.762759,41.32095396696521,-7.5523299745704735,-1.3071606345072004,1.107246046631876,0.0,0.28395612877256354,0.12692597892146232,-0.8234266117515459,0.08274095519227943,13.148080591195043,-1.7946654561904454,-0.15249336436422567,41.8776391599619,-0.5448536976526568,-0.3068925170214074,0.024773867999463677,0.016096925707950238,0.11743740335598887,6.822501190440464,1.9342082383420225,1.5087312556962829
11,1780387262.812759,41.3778922887943,-7.6040667691335315,-1.299683022966552,1.0763833884226992,0.0,0.2641924108361534,0.12479000467487306,-0.6681401414403996,0.07990144430381724,13.40176318458969,-1.3041384782015677,-0.07996397008662459,41.87801259199589,-0.5443399433308048,-0.30252425576806186,-0.015626065073217135,0.004922098303519763,0.07233374423028205,6.821844312046264,1.9347172045353196,1.5136130025787988
11,1780387262.8627589,41.42606865273433,-7.656611896719932,-1.294850644860646,1.0436799241833572,0.0,0.24709792585345783,0.12298272498406818,-0.5293771601453882,0.07707803818553412,13.583110474478689,-0.9336134671620064,-0.027817920634668702,41.87659329489652,-0.5438885329944572,-0.3024218627937869,-0.047591874978611434,-0.01088101481563941,-0.038103121283041316,6.822006420920834,1.932201290562193,1.5117657251552474
11,1780387262.9127588,41.450907047614976,-7.706664484705478,-1.2927180776890437,1.0127921475380415,0.0,0.2305083717614781,0.12205094178274849,-0.6433014488076023,0.07398854618319421,13.696533253751394,-0.728954932116493,0.0008373337717468843,41.87373676002409,-0.5435083802613485,-0.3058101313869881,-0.07364680103724668,-0.011149512186131262,-0.038366556568297086,6.822828452182687,1.9272730027304696,1.5044692871877885
11,1780387262.9627588,41.445895010277944,-7.754558359450155,-1.2932838845967751,0.9775055743700146,0.0,0.21250501500872218,0.12223896247480513,-0.7731069895917742,0.07059349359766617,13.72966754844703,-0.7870424659455408,-0.005117322473280339,41.8695870520472,-0.5426968000919994,-0.30905378147595375,-0.10522565254774308,-0.011507420705168473,-0.03851653780993968,6.823730748417792,1.9200703364577558,1.4955856915041679
11,1780387263.0127587,41.43293878616866,-7.8007781410873225,-1.2964987388701044,0.9349569986784018,0.0,0.19736377898629467,0.12272499999999835,-0.8786802417464135,0.06973432856619474,13.73948207562673,-0.9159695646572559,-0.02219251133162814,41.86388310872137,-0.5413601075356892,-0.31211138842568875,-0.1430823521470513,-0.01197296919416724,-0.03854629229655791,6.824678321175537,1.9101601516085078,1.4848523043659805
11,1780387263.0627587,41.43293878616866,-7.8446974006321755,-1.3022749453398692,0.8848090748637775,0.0,0.18539839114417905,0.12272499999999835,-0.965327872597194,0.06459630308649848,13.781485043407637,-0.9288012464084672,-0.027968717801392984,41.856374610657504,-0.5394081709640477,-0.31494555890522946,-0.18596648740194224,-0.012574490752634549,-0.03854623849403474,6.825596508472458,1.8971806170452747,1.4721078063269193
11,1780387263.1127586,41.43293878616866,-7.884997343641253,-1.310506051288849,0.8651472262693956,0.0,0.16414965912314589,0.12272499999999835,-0.26779528362078814,0.060371963138446665,13.820026613218346,-0.940575489613918,-0.03619982375037267,41.846856677518424,-0.5367674807595939,-0.3175290871060521,-0.23290780569906042,-0.013302072868737526,-0.03837147291494249,6.826371811262442,1.8808853809609847,1.4572964634123649
11,1780387263.1627586,41.43293878616866,-7.927154397907329,-1.321076388502981,0.8328776819591168,0.0,0.14231869750774462,0.12272499999999835,-0.5651805332457317,0.0530889348196135,13.860344264527278,-0.9528923162070073,-0.046770160964504814,41.836082186207584,-0.5334277048280756,-0.31814806282872654,-0.24481054234073407,-0.013791461735870992,-0.03921405200536289,6.826614024107102,1.86263723845979,1.4432857645822468
11,1780387263.2127585,41.43293878616866,-7.966570548020194,-1.3338743535416202,0.8167169006092516,0.0,0.12081985613802866,0.12272499999999835,-0.18948692820756263,0.04542683071172471,13.898040603226868,-0.9644083458338211,-0.059568126003143984,41.824439242836505,-0.5298024716078672,-0.3186953690965413,-0.27146594993679707,-0.014275334056044649,-0.03978195093040411,6.826529102458946,1.8432427182958766,1.4288027787217992
11,1780387263.2627585,41.43293878616866,-8.005462345067642,-1.3487849951684703,0.8100957073165722,0.0,0.1004889270135912,0.12272499999999835,-0.06329149138031398,0.03739882856474865,13.935235467513166,-0.9757711777125302,-0.07447876762999428,41.812019790501,-0.525924444045501,-0.31916846154226164,-0.2792324049318712,-0.014745153299051432,-0.04007067584548817,6.826114892546177,1.8226557022781082,1.4135498020508672
11,1780387263.3127584,41.43293878616866,-8.044325422493694,-1.3710198976741623,0.817222890806644,0.0,0.08317295829858434,0.12272499999999835,0.190268106725635,0.03066171189436494,13.972402865276925,-0.9871256187156738,-0.09671367013568588,41.799385809084505,-0.5219898165638146,-0.3196222787643195,-0.2806616293972836,-0.015171488896752646,-0.04007633247442471,6.825428872094118,1.8014398000143732,1.3974001840287622
11,1780387263.3627584,41.43293878616866,-8.083731561185775,-1.3945536296912209,0.824719632422159,0.0,0.06918704452825258,0.12272499999999835,0.14514544038786042,0.02598298162754273,14.010089629375555,-0.9986387233531617,-0.12024740215274488,41.78696140207209,-0.51814531016955,-0.32009612010912214,-0.2694430487663782,-0.015539837038316002,-0.039851776872799956,6.824486210948285,1.78031275848093,1.3808315081510365
11,1780387263.4127584,41.43293878616866,-8.123384151292216,-1.3999203239394264,0.8263023943004617,0.0,0.06319650137494627,0.12272499999999835,-0.036615741205516805,0.025286631465613805,14.048012091683221,-1.010223832531458,-0.12561409640095,41.77497782977753,-0.5144688828190687,-0.3206088812371739,-0.2605420800907497,-0.01584966882241888,-0.039474534977474156,6.823305826910838,1.7597516152290114,1.3642822589676307
11,1780387263.4627583,41.43293878616866,-8.16256374500087,-1.4025907571862966,0.8186443183436911,0.0,0.06928076749065919,0.12272499999999835,-0.1467078977244458,0.02838006203864249,14.085482195443348,-1.021670748595646,-0.12828452964782056,41.76318043089397,-0.5108682708961224,-0.3211253159275236,-0.26075551107500705,-0.01613271225705713,-0.0390855564892154,6.821825404144916,1.7396875345347198,1.3481705697748687
11,1780387263.5127583,41.43293878616866,-8.201672759684932,-1.4129864744741814,0.821000935597038,0.0,0.07357934111753785,0.12272499999999835,0.2213087166872443,0.0326133560797258,14.12288479969354,-1.0330970439209766,-0.13868024693570513,41.7512430551327,-0.5072280593009811,-0.32160816628253963,-0.2664550927308152,-0.01642319803082745,-0.038814781306970095,6.819995761416035,1.7196272203505065,1.3322214767237917
11,1780387263.5627582,41.43293878616866,-8.24102180264025,-1.4163986018927803,0.817544040628267,0.0,0.0913110449748492,0.12272499999999835,-0.7086586003948374,0.03966316952409475,14.160516959265212,-1.0445934671678605,-0.14209237435430389,41.739453734800456,-0.503650966066426,-0.3220996161108749,-0.25377484387070176,-0.016715727627721683,-0.038697405615724455,6.817889657529439,1.7000558295092358,1.316761424207539
11,1780387263.6127582,41.43293878616866,-8.279688361586771,-1.4099250519500919,0.8085686227058116,0.0,0.10762613819627831,0.12272499999999835,-0.08336602835346049,0.04678427437698056,14.197496413073413,-1.055890492298931,-0.13561882441161544,41.7271839526001,-0.4999148314403027,-0.32253260347026824,-0.28752707073044026,-0.01705376773996787,-0.038824750565428424,6.815366397096077,1.679880292801971,1.3009526812566437
11,1780387263.662758,41.43293878616866,-8.318054997013032,-1.394657786907258,0.810889799958074,0.0,0.12718641335116007,0.12272499999999835,0.0743791338628803,0.0543849793990861,14.234189029669675,-1.0670998901976307,-0.12035155936878184,41.71409699914445,-0.4959051648176474,-0.3228779487950595,-0.28990227405934194,-0.017453467834735715,-0.039191371033888985,6.812305810019203,1.6584802141786397,1.2842299718143417
11,1780387263.712758,41.43293878616866,-8.356607680823515,-1.3785547026607783,0.8099695270237494,0.0,0.14779123234248343,0.12272499999999835,-0.05497286850960408,0.06275310315987744,14.271059576958965,-1.0783636449703173,-0.10424847512230206,41.70106836738706,-0.4919348545286693,-0.32325534240193354,-0.2843974725804061,-0.017881286598095035,-0.039805909101903875,6.808930740210876,1.6373019554836346,1.2675647514382815
11,1780387263.762758,41.43293878616866,-8.394791139529966,-1.3663268878175576,0.8059109812848055,0.0,0.16794709682412456,0.12272499999999835,-0.07192336964020318,0.06856275001614379,14.307577009229714,-1.0895195249956016,-0.0920206602790814,41.68812884321013,-0.488015631066016,-0.3236815020898307,-0.2853708914030872,-0.0183423371600118,-0.04068647113725688,6.805261020826667,1.6163925570277737,1.2509679575244093
11,1780387263.812758,41.43293878616866,-8.432870537244707,-1.3399789515522595,0.8046536668838405,0.0,0.1839632703235952,0.12272499999999835,0.01837580855378121,0.07908722711258294,14.343994920913655,-1.1006450020145013,-0.06567272401378332,41.67511500440672,-0.48409049799812576,-0.3241471778479186,-0.2871803124389816,-0.018833262393792686,-0.041737282743888604,6.801246102119967,1.5954702117041057,1.2341992449593784
11,1780387263.862758,41.43293878616866,-8.470771421594955,-1.3030834385209575,0.8081729582362361,0.0,0.21179017671076927,0.12272499999999835,0.24734790087341776,0.0904545746196626,14.380242108155178,-1.11171832363039,-0.028777210982481094,41.662108270076715,-0.4801899363180921,-0.32467509433409436,-0.2844720517408523,-0.01937583456071981,-0.04311315802418206,6.796915805473253,1.5746662060029235,1.217325877980329
11,1780387263.9127579,41.43293878616866,-8.508672483662638,-1.2674512790314076,0.8100970897389882,0.0,0.24493572697580654,0.12272499999999835,0.13135454839104593,0.1087702101979161,14.416489465359941,-1.1227916971691385,0.006854948507068581,41.649408272092444,-0.4766918065365779,-0.32711321511636093,-0.2703347806970827,-0.02027184623616402,-0.04368552101547277,6.792671154319237,1.5544495179164397,1.1988815208267107
11,1780387263.9627578,41.43293878616866,-8.547108894407282,-1.2396423220336925,0.8349597679382833,0.0,0.30814449941132027,0.12272499999999835,0.7494782158165364,0.12880374548664664,14.45324881282736,-1.1340214809916647,0.03466390550478371,41.63720101209068,-0.4733844988483053,-0.32965387493134735,-0.26205459880330345,-0.02119900670708696,-0.04486479705407501,6.788352158750883,1.535243785899984,1.1811899382338922
11,1780387264.0127578,41.43293878616866,-8.586768033358977,-1.2255708164141519,0.8643279801774363,0.0,0.3677424206072895,0.12272499999999835,0.7589570375174682,0.14502193247886166,14.491177538240073,-1.145608503515018,0.04873541112432456,41.62604456395055,-0.47047197840922783,-0.3323963693485372,-0.2229975540474124,-0.022086126675521317,-0.04668830378402963,6.784276720658381,1.5179385235994056,1.1649264529246643
11,1780387264.0627577,41.43293878616866,-8.62805966734701,-1.2114497332871803,0.9157595483076468,0.0,0.44139858371995855,0.12272499999999835,1.1541132316414286,0.1610972562843636,14.530667529419206,-1.1576724843701787,0.06285649425129591,41.61670998782562,-0.46796948487681733,-0.337236045254107,-0.18365861084878948,-0.013113516028132174,-0.1199092700217073,6.780634864162788,1.5036488392091327,1.149011250356585
11,1780387264.1127577,41.43293878616866,-8.671955507592791,-1.1936196232317746,0.9799257964194541,0.0,0.5238433742020807,0.12272499999999835,1.281373236458091,0.17552420168226382,14.572648099735435,-1.1704973238158585,0.0806866043067016,41.60950913878619,-0.46654790949918723,-0.3441276573710068,-0.12318856157998012,-0.024472985996779037,-0.19161519638053673,6.778232763608174,1.4926932258448535,1.133722660382051
11,1780387264.1627576,41.43263349436765,-8.718184526764137,-1.1711546213423898,1.0401615141618694,0.0,0.5959117692247311,0.12275927058536108,1.2107670023533412,0.18527370759754772,14.61594151709366,-1.187008785689227,0.1028262075805193,41.60500852841261,-0.466422354826881,-0.3531409914977388,-0.05828873701603607,-0.025227351017480828,-0.19161267053622413,6.7774462334193535,1.4858027812181014,1.1194941969960244
11,1780387264.2127576,41.413064372045355,-8.765756776701284,-1.143623015422288,1.101870527008038,0.0,0.6528460958598472,0.12495600588844927,1.2355436979192551,0.19109979293575496,14.601675854322615,-1.3894265541074813,0.11003072398767477,41.60329115467274,-0.4673772414703206,-0.3625023576992503,0.0010406838039570335,-0.01243055132764957,-0.15842407206584158,6.778133676536028,1.483067250500891,1.1081272556848667
11,1780387264.2627575,41.427033140514304,-8.8151174369323,-1.1073681468670837,1.155695795486498,0.0,0.6999839132473573,0.12338793930217,1.1311685340912043,0.19610272585380384,14.691530958915383,-1.2706970951331673,0.16067738458564484,41.60463469253109,-0.46737549624487307,-0.35909872645012975,0.055835826648641076,0.022676749649006796,0.09968539930213416,6.778338058194552,1.4851346014761857,1.113100690124786
11,1780387264.3127575,41.46707056187917,-8.865786377995242,-1.0613299943594388,1.1982797714472853,0.0,0.7254062481538464,0.11889353145350559,0.7947403152355588,0.19582724381330652,14.8568041666941,-0.8811656606095086,0.2497100060931583,41.608733303035756,-0.4674657957953147,-0.3493642585724728,0.1111106201653271,0.02732575445196066,0.14159805118586302,6.779035213892517,1.4914179261250589,1.1275889499698994
11,1780387264.3627574,41.522163162964674,-8.917244687595506,-1.0254081154277057,1.2329574238596106,0.0,0.7389465253150764,0.1127091017304833,0.7705046503653461,0.1957678070938866,15.042054486758763,-0.31413858110292314,0.34628429600018507,41.6149723637222,-0.46828921585805705,-0.3395437092494844,0.14999940121976182,0.02825200346302244,0.15370113275490788,6.780723366243074,1.5009394821183712,1.144665649255506
11,1780387264.4127574,41.582704911652286,-8.96881798289477,-0.9992306122620163,1.2638006037490537,0.0,0.7210631396930267,0.1059129769752502,0.49247755469537113,0.18203916297659395,15.209693971433214,0.39167578097039146,0.44662354517137626,41.622958244986144,-0.46968200646629743,-0.3298446612287318,0.18759146809749708,0.028535799844252845,0.16032827747062656,6.783126354403787,1.5131923302610193,1.1637923619691835
11,1780387264.4627573,41.639749456669875,-9.020598203077082,-0.9746330043987693,1.2887694114977966,0.0,0.6865344754200096,0.09950943143933445,0.5265210308173485,0.16867508211561835,15.32200724957507,1.0538737280539996,0.5393429492708952,41.6323510077165,-0.4715955110204786,-0.32094528647173526,0.21125116139805747,0.028351095029304448,0.1604478078309741,6.786086012761855,1.527725628933816,1.183982493769422
11,1780387264.5127573,41.68261947400189,-9.072534817126574,-0.9482964216759642,1.3157563415662084,0.0,0.6394084428503499,0.0946970500271164,0.5776635527576068,0.1522607165118478,15.38974406781449,1.5813966730440128,0.6194571524360759,41.642879789116805,-0.4739130994440045,-0.31282185339707835,0.23651677985760727,0.028318206038650574,0.15942991285839145,6.789387501847088,1.5441952768964888,1.205023649631472
11,1780387264.5627573,41.70291014204108,-9.123984456744381,-0.9221696366368533,1.3417973831789811,0.0,0.5799762775135191,0.09241931748138349,0.4826168445902131,0.13448571465618417,15.438766246982052,1.8329736199902513,0.6709521049316156,41.65463322322808,-0.4766802108156401,-0.30565667710174704,0.26422538980087573,0.028591576011690316,0.15782024510072118,6.7930067155408915,1.5628083374401558,1.2269253801392797
11,1780387264.6127572,41.68894058534702,-9.174747689950395,-0.8984776456650103,1.3649964240029882,0.0,0.5137704826554981,0.09398747255001337,0.4881873807617848,0.11678958022142907,15.491884433310847,1.6599906288018889,0.677187130552825,41.66754488222467,-0.4798788552454291,-0.2995082334867667,0.2871723480015353,0.02847540412031071,0.15078588247436625,6.796826078148439,1.5833913359715317,1.2493314333205943
11,1780387264.6627572,41.68247851695482,-9.224996845840316,-0.8738772549010018,1.3904050163325807,0.0,0.44838493595587614,0.09469822691614681,0.49959518793749685,0.10020161466461278,15.54219985013831,1.5791631891296714,0.6936997756343897,41.681484043422486,-0.4834647122818573,-0.29437480464993904,0.3104193232628905,0.02685480413168858,0.1363998813309783,6.800706879269914,1.605707879011973,1.2719565215842898
11,1780387264.712757,41.662876113385934,-9.275298053096426,-0.8512416110000383,1.4145213304210964,0.0,0.3822650152016784,0.09585479248072566,0.5025191832725975,0.0838715430818501,15.588653342619915,1.3311711268422064,0.6917258152105203,41.69648198831233,-0.48736667774115333,-0.289961493086885,0.33407780538030246,0.02456059155668642,0.12780604599495168,6.804490098259405,1.6298318149386788,1.2951281264833705
11,1780387264.762757,41.6768071355193,-9.325497491744674,-0.8352984842655025,1.4419097263743488,0.0,0.3210328361102348,0.09503284529337108,0.5518483903308368,0.0685420689646463,15.642212593759679,1.5068837453239146,0.7251705502656169,41.71254624717099,-0.49157440726701135,-0.2861642416007819,0.3577766577023756,0.021128290106814385,0.11766650011107903,6.8080663964128245,1.655820228198522,1.3190042054855766
11,1780387264.812757,41.71692992136195,-9.376343833746512,-0.8238531098781234,1.4694633598542233,0.0,0.2582030606617496,0.09266555230822679,0.5624886687179675,0.053556472724627276,15.685517606682968,2.016905801932694,0.7867984601754641,41.729737959048066,-0.4961365084718112,-0.28301578832436647,0.3838196714017734,0.01733821459901572,0.10509610589796507,6.811368610776893,1.683816391499656,1.3436679196894188
11,1780387264.862757,41.77184368780519,-9.427610662844554,-0.8161672829755883,1.497128897622197,0.0,0.19847353968904596,0.08942557354407259,0.5565648556841638,0.03948644319913511,15.683244666834865,2.7322763710191347,0.8645504446615044,41.74812775043904,-0.5011031587144134,-0.2805721915091235,0.41027978995068165,0.013639874056123429,0.08910475801406917,6.814305829694507,1.7140234638272929,1.3692726671525026
11,1780387264.912757,41.83258038452787,-9.479560173080772,-0.8106723650246954,1.527839713889648,0.0,0.1438731311830756,0.08584203483725766,0.6186273213829513,0.02723971107628815,15.618880868475982,3.5147819761614145,0.9465117226860418,41.76772166020438,-0.506499994762103,-0.2789081124273607,0.43634268560640804,0.010290036440969172,0.07093791496437293,6.816712043745707,1.746782811643956,1.3963541870246523
11,1780387264.9627569,41.88952491149342,-9.53269391010847,-0.8166989192780458,1.5601078789472067,0.0,0.09746401061389728,0.0824822387414302,0.674971832443872,0.01746129433190233,15.499903230605264,4.27675184603142,1.0154470240306948,41.78858476169082,-0.5123581549782271,-0.27805007991887454,0.46541938462039184,0.007397158427927469,0.05297050005125095,6.818392133617151,1.7822584676264344,1.4250177393237964
11,1780387265.0127568,41.932494956199605,-9.58669090574091,-0.8231585622441109,1.59532944974798,0.0,0.05885014716053378,0.0799469540330552,0.7063407248699263,0.009183766645148054,15.375731396260521,4.879055767865257,1.0685830471712405,41.810850882838295,-0.5187204583841305,-0.27795224418883757,0.49722717748061135,0.005008930168684083,0.03700975997056312,6.819311348121472,1.8196113618543215,1.4533421068489485
11,1780387265.0627568,41.933164653401874,-9.64167892844773,-0.8136966666798663,1.6225709385495788,0.0,0.029312036310646446,0.07907478703310093,0.5059668158302376,0.005766331611987339,15.425169413770298,4.90463975524676,1.078875910813455,41.8346091350188,-0.52562418604759,-0.2785882427858204,0.5305109539581132,0.0029757218453228696,0.02256904995286741,6.819407562933926,1.8587858464692364,1.4810517817839077
11,1780387265.1127567,41.92830333379762,-9.696307315182318,-0.7969155364757411,1.6463020561271422,0.0,0.02599908095578956,0.07972473601885789,0.45968995873615515,0.006880846323731317,15.497123511532816,4.860911069337841,1.0895332167767213,41.85964488858945,-0.5329957829427036,-0.2797544781011325,0.5536732904953087,0.0018249198940003678,0.01433014151115051,6.818129685930893,1.9012286768651094,1.5115866115929713
11,1780387265.1627567,41.956718441438206,-9.753511775661275,-0.774918582125752,1.679993811924092,0.0,0.04727968608952521,0.07954486750239066,0.8716463766134331,0.0124116090990306,15.437020718815635,5.210481855587903,1.144605685420368,41.88565637737662,-0.5407177408695475,-0.2811268609079782,0.5744096285491508,0.0017378144434169796,0.014068898259321323,6.815014269688448,1.9467911453376732,1.5456008337945706
11,1780387265.2127566,42.009524539045806,-9.812211444740507,-0.7486322568514263,1.750972814146951,0.0,0.09276566617005458,0.07867612540767552,1.649103086883223,0.020734389787774553,15.214965117113422,5.917267370602981,1.240999811768111,41.913081228788755,-0.5488672707778376,-0.28230054235677393,0.6156094595808884,0.0028357749409680857,0.023214930585351637,6.809592633049258,1.995932206618394,1.5835935710395308
11,1780387265.2627566,42.07008834358916,-9.874897536574034,-0.7192055266065868,1.86822108825719,0.0,0.1590497127287676,0.0776943153040584,2.690437417259254,0.03128349576916355,14.872120095660826,6.747794194998889,1.3553566917424806,41.94330203407042,-0.557801779421024,-0.28294138908926936,0.6954319038249087,0.005021476595408707,0.0417015864235597,6.802084927220766,2.047825050439492,1.6217165562924363
11,1780387265.3127565,42.10830631502309,-9.941341186325458,-0.6892316744144603,2.045255555108258,0.0,0.24366297926289585,0.07778283550779488,3.9425584578407116,0.04210803776103441,14.64752058317481,7.262414525469614,1.437752774050745,41.97841181672281,-0.5680836803416477,-0.28271624635648296,0.8268647566139433,0.00832011941019347,0.0716002274895825,6.791478643538885,2.1061557625687937,1.6632846418392662
11,1780387265.3627565,42.167435212796306,-10.013042495840265,-0.6697665487092791,2.280062870100059,0.0,0.34136338392457244,0.0763282808245532,5.266784504336515,0.0517252030103757,14.284780053902356,7.931652388665224,1.5272620486589332,42.021010947209014,-0.5804225638741612,-0.2813033582999158,1.020151251286625,0.012247469328990745,0.11343276802546262,6.772555088700999,2.1816107488292835,1.724280218053921
11,1780387265.4127564,42.23453736816317,-10.09794094670594,-0.6599275467591378,2.5849596441746154,0.0,0.4445382617923899,0.07371542667582408,6.061276702779035,0.058367023483960244,13.725890364823606,8.769132845011356,1.6302354407666169,42.07406780983307,-0.5956042235843305,-0.2782761168498116,1.278707511513285,0.015731996743579515,0.16670869718531456,6.741892318886812,2.2750804630065824,1.8023782008151024
11,1780387265.4627564,42.26450379793152,-10.187221385434132,-0.6551163893077714,2.8776492204614237,0.0,0.5243108199654387,0.07162976349738952,5.668142267574678,0.06175365543004249,13.472003918515535,9.178663057512397,1.6787809160896714,42.14002812999661,-0.6142352892940823,-0.2732513198453952,1.5759797789103258,0.016808723745561315,0.22676278549768397,6.698237482070981,2.3816396160833637,1.8863135914593645
11,1780387265.5127563,42.32156314761327,-10.28303193447502,-0.648126798802202,3.1235722198913574,0.0,0.6145906583994165,0.0682527437961831,4.650887458243165,0.0668819966889826,13.087036256651622,9.69371678329915,1.7423273456157649,42.21930601429668,-0.6363187805416531,-0.26605153467891274,1.852597156651909,0.013631720292660429,0.28675385946073034,6.627616469217776,2.5126374783443923,2.0022085375676664
11,1780387265.5627563,42.400198366416575,-10.381591999408535,-0.6269648170253485,3.3109902890940326,0.0,0.699530924439125,0.06462192186002744,3.3283734490989727,0.0707984410640829,12.239958848098567,10.531771099891783,1.8708663653907482,42.31033330599033,-0.6611855018959909,-0.25626796326687895,2.077478208956229,0.006562925496529059,0.3510087677577687,6.534793737278964,2.6473737625301292,2.1212055246812964
11,1780387265.6127563,42.49191768619922,-10.481365794115106,-0.5998448642490537,3.4314754811180674,0.0,0.7601906123728929,0.06055789752240113,2.035943509392421,0.07357492711403892,11.359109092345825,11.247558771751963,1.997618746845136,42.410461467555216,-0.6878006844264208,-0.24356468228135375,2.2355660021801618,-0.004649569819848748,0.41357678535920706,6.408365710080713,2.7881354640807965,2.2634334250974106
11,1780387265.6627562,42.59722645263888,-10.578086543130278,-0.5697368544216407,3.4934345216219604,0.0,0.7898705461774139,0.055820649911132975,0.9077858277715111,0.07422842875948933,10.302306191428809,11.920097549652773,2.1363938143863113,42.51675746026159,-0.7150269392182506,-0.2278533939848928,2.328563646072114,-0.019017224693404854,0.46989469994260213,6.260796382085019,2.9164382857606044,2.40370352112405
11,1780387265.7127562,42.66951764545579,-10.671124594063784,-0.5380607370872614,3.5110598135119973,0.0,0.7894992382817551,0.05311931644152704,0.17614136738716793,0.07320612322476637,9.387342944955595,12.397015572319907,2.258018710632836,42.62654404535144,-0.7418058595340514,-0.2093242552698631,2.364943417156757,-0.035023175008287444,0.5141428141884037,6.099381612767372,3.025484079591251,2.536401720852189
11,1780387265.762756,42.7822133488551,-10.758688961561784,-0.5064267950793901,3.5103752580533687,0.0,0.7635404195566772,0.04745063543592837,-0.025726286661593035,0.0697645010426693,8.438254899004871,12.785693652812752,2.374528761801873,42.737567408367354,-0.7673054408602541,-0.18873237017235311,2.364451368778227,-0.05068479378988824,0.5436520391073755,5.933880260065994,3.1115614660333692,2.6549957667943476
11,1780387265.812756,42.88779304038832,-10.841317862042633,-0.481847901939497,3.5144605584447146,0.0,0.7054359843163789,0.04030127409412307,0.07750684720798573,0.06325361351452345,7.596900106110041,13.062724691950438,2.471009165008507,42.84904068187172,-0.7910123614160016,-0.1665106491648336,2.3541335341855856,-0.06479175592667968,0.5559333518030997,5.771318515232146,3.178592287675953,2.7578698003322426
11,1780387265.862756,43.003714276486676,-10.91906786044759,-0.4722501780649088,3.515599078271499,0.0,0.6172340800640402,0.03370952907993016,-0.007784191089468872,0.053984256352040044,6.944893915742493,13.249534447252724,2.5318781215654234,42.961056487397364,-0.8126818260310541,-0.14341415813510316,2.3496617382791314,-0.07695507100512763,0.5488646000457211,5.623966532728985,3.2288049001037753,2.8335939715942446
11,1780387265.912756,43.10707987685292,-10.992696113923262,-0.46001041240384194,3.5131165702193075,0.0,0.5112567759987022,0.027864436758262175,-0.051385102088364554,0.04462222650800984,6.286994125836603,13.397364866227967,2.595868799238147,43.07366015827887,-0.8321859054499557,-0.12048715600993942,2.3417932565543627,-0.08673468773295225,0.5215538396485198,5.4642038018140715,3.269726132445316,2.9187807361097446
11,1780387265.962756,43.228023777014194,-11.062620288954248,-0.4406930329264629,3.5113206228711484,0.0,0.41200438407368944,0.023663771272729093,-0.03666996654529568,0.0353804583651373,5.60769845048668,13.508188921022882,2.666317388818861,43.186678998072246,-0.8494462184330822,-0.09867530436242244,2.332682636636392,-0.093064412174985,0.4792449520912308,5.309624620928841,3.298775214714559,2.992142030973354
11,1780387266.0127559,43.34816325680732,-11.129743116361556,-0.4193456973081737,3.5097446360088154,0.0,0.30664893758392703,0.022063077496028597,-0.0285591163740688,0.026354943243816112,5.039729199190845,13.583373547905419,2.7281189735590026,43.29995048229583,-0.8644721567662225,-0.07879265410617498,2.325200818976856,-0.09568375608981897,0.4262666481351555,5.161384215303772,3.3181770715144516,3.053443255245842
11,1780387266.0627558,43.4920471532518,-11.19455261599103,-0.399576478385358,3.508763935909874,0.0,0.22218028103465326,0.020848706772150966,-0.031169770132601745,0.01884536647084292,4.467922350585918,13.633767811633225,2.786099434697496,43.41325212565708,-0.8773658457148958,-0.06157122787091884,2.318819371029744,-0.09482130187178779,0.36601304805317497,5.0184181502024385,3.3299175660986204,3.104624738482162
11,1780387266.1127558,43.62445202262204,-11.258053445641625,-0.38048308777275225,3.5078039965647716,0.0,0.15956754146353958,0.02174987790757563,-0.006437246713963308,0.014059324350876184,4.045291965493711,13.673203291067491,2.8307854968611856,43.52653650445991,-0.8882905165630233,-0.047266137849761414,2.312971735119995,-0.09066170865680825,0.304213867420073,4.881009266850723,3.3355491660001917,-3.1372810757728717
11,1780387266.1627557,43.76612487568666,-11.320784907924594,-0.3600719829048195,3.5069244102236086,0.0,0.13312662212984827,0.021879788062484466,-0.031613854860087845,0.012568795078197519,3.670567172670837,13.70606464100809,2.8715027222685627,43.6396002752082,-0.8974426510756781,-0.03599685583697543,2.3087178036167697,-0.08357977677168749,0.2481772913486672,4.749468491019881,3.336516639599734,-3.1056633699738785
11,1780387266.2127557,43.898235425506236,-11.38291058147422,-0.3426764707378816,3.507138079341086,0.0,0.14123827995642943,0.0210853702858204,0.0002555895486509637,0.014022436166606271,3.424329965142203,13.744967332794742,2.898530110135076,43.752497045443164,-0.9050184050767013,-0.027209897399397054,2.3035397400402333,-0.07430023046014018,0.204649625944918,4.6213301531316775,3.3337615685556674,-3.0801757515131682
11,1780387266.2627556,44.02953241116853,-11.444383112027078,-0.32728700988748466,3.507146840483828,0.0,0.18046331067324858,0.020064818845376295,-0.006121717856750235,0.019029256718642078,3.2638897216446088,13.79052542790272,2.916000705945488,43.86531708414283,-0.9111791598967539,-0.0200739207963454,2.3002682408251376,-0.06394689510640754,0.17754313920704107,4.499977780714375,3.3285431630047295,-3.063689393196514
11,1780387266.3127556,44.15939800212562,-11.504424917013806,-0.3088975260677444,3.507658888851836,0.0,0.24212193437060334,0.018263159417903248,0.005551890378898703,0.025366201264025293,3.2697429670668186,13.851137476333754,2.9220607087992114,43.978110881058065,-0.9160345658661039,-0.013631566624146885,2.2968656718169376,-0.05345634234569769,0.17105103990269915,4.384689578043068,3.3218449607753993,-3.0544119864648707
11,1780387266.3627555,44.29451750820181,-11.56337925613614,-0.28841856700360474,3.508292847744987,0.0,0.3262953633189894,0.016309076233293605,-0.002762499416006367,0.03426659977699806,3.4750330626673094,13.925388978503827,2.912595791329185,44.09096414771779,-0.9196377142979785,-0.006840355416882105,2.294223669063351,-0.044259096368443655,0.18234298087945483,4.273708251740488,3.314215692794888,-3.049434112335653
11,1780387266.4127555,44.42719438887881,-11.619378536292814,-0.266018623460888,3.508059905773899,0.0,0.42675204861423355,0.014239245702707813,-0.0065619305913976675,0.043627215323213175,3.18911217385528,13.964295812733468,2.947943147401552,44.20389688450528,-0.9219741799632954,0.001231331359395682,2.2912297436094127,-0.03681535739903276,0.21236185728356718,4.177526627191317,3.3077747360173193,-3.0593472431087583
11,1780387266.4627554,44.5804816208079,-11.672607631517229,-0.24361356309237545,3.5074886759948676,0.0,0.5358866654959966,0.011553549355071104,-0.0210112616639606,0.05363927400169251,2.7329096403723563,13.978365248124334,2.996114330286579,44.316901203112224,-0.9229621809717515,0.011407355318621804,2.288042125064673,-0.0319585442587757,0.2563534032629415,4.094303117592436,3.3030598023184154,-3.0813112695828493
11,1780387266.5127554,44.737692159388445,-11.72124138973871,-0.22016006041837755,3.5073307058631094,0.0,0.6354743279584465,0.00809649526243113,0.005941705169098175,0.06261630557058614,2.7725125165191247,14.030357621982235,3.0023579713448614,44.43000634162908,-0.9224583262976812,0.024377470195658724,2.2840951826995357,-0.0298367141538748,0.3113587704769922,3.9590912961894387,3.2951218497977983,-3.0441206917322097
11,1780387266.5627553,44.9091106543042,-11.764996722249338,-0.19480782306891292,3.5070904993425733,0.0,0.7241076821645803,0.0038635145631769406,-0.00528828078503188,0.06990596268405358,2.8784368863561918,14.08127814465903,3.00381486686251,44.54328802624988,-0.9202636536018213,0.040615418358895816,2.281489997312503,-0.030702467481152785,0.3712016677070031,3.834837396818465,3.282162931318603,-3.0152776888546713
11,1780387266.6127553,45.06872807449536,-11.802612202321374,-0.16892441982206058,3.50738929098215,0.0,0.7733005474730408,-0.0004697511639301117,0.0198688886355462,0.07356256563714754,3.209107784341227,14.131948134691282,2.987952133359707,44.65681723865675,-0.9161451821147493,0.060299287695344095,2.2783672976964797,-0.03439527065788627,0.4301057464032179,3.7174480185848546,3.2668031911341577,-2.9904077456384313
11,1780387266.6627553,45.24383069822898,-11.833842602182306,-0.14308706167871954,3.507683680434618,0.0,0.7881328143766917,-0.004612820891141592,0.00689755793524746,0.07426267173045094,3.3531933047525744,14.163435570377542,2.9867762479785522,44.770581745057484,-0.9098671912052919,0.0831723169503169,2.2766211293085536,-0.04077264738093857,0.4796592330087007,3.6174193997746835,3.252071662454263,-2.9816123103939915
11,1780387266.7127552,45.42738198269948,-11.857979149512662,-0.11733556908442447,3.5074618277202747,0.0,0.7674450656135474,-0.008103308282707687,0.0018551630668437163,0.07145665553391169,3.4904187005105385,14.184137120390258,2.9854960519964386,44.88452442911288,-0.9012170863412996,0.10863889907422841,2.2743741914578215,-0.04893863821698966,0.5157672359540917,3.514272597320068,3.2362030782221374,-2.9671085763864453
11,1780387266.7627552,45.61291919546753,-11.875440226975215,-0.09161122178319175,3.5068665709439335,0.0,0.71019640786296,-0.010818174405157503,-0.01656564422994173,0.06494289565937629,3.611438404844817,14.19538121880841,2.9854492410166413,44.99849128195767,-0.8900259273031836,0.1358438648542406,2.272071627432,-0.058040913497767146,0.5343379805711489,3.4354261489742015,3.221911443728958,-2.9784602073505497
11,1780387266.812755,45.80824163825921,-11.886109643400326,-0.06611271232361428,3.5063383776237664,0.0,0.6331905238837219,-0.013091458713105875,-0.009148346520768258,0.056938804351135755,3.4429149121271396,14.218784040226486,3.008791565113359,45.1123060112372,-0.8761941749290982,0.16372941112395178,2.2691351968481777,-0.06719090285674702,0.5319417351888228,3.33834921232802,3.206353364471726,-2.9692273649236136
11,1780387266.862755,46.02450394385308,-11.890848390584397,-0.041379317550721516,3.5051269501550597,0.0,0.5191417001657047,-0.014768178203104181,-0.008940946775663898,0.045610343621747165,3.681559394623309,14.202835561199903,2.9952183774730283,45.22584487329314,-0.8596836020293213,0.19126392325086838,2.266923320770166,-0.07503382245819311,0.5112107573078303,3.2401126675364718,3.1898693954692505,-2.959325760008153
11,1780387266.912755,46.222659149670186,-11.8901433586852,-0.01821134127089021,3.505183503237171,0.0,0.4121140812279373,-0.01599489793556337,0.012621008572461786,0.035478189066557225,3.937638512065887,14.171373307946343,2.9800216463691687,45.339006395613815,-0.8405293023830437,0.21738807959725648,2.2652384722052057,-0.0812319423726546,0.46942054424614454,3.1410439364666947,3.1724497401352334,-2.950154019372615
11,1780387266.962755,46.45424458532706,-11.885437349604711,0.0029451190950562194,3.5046393467269294,0.0,0.28833395031267606,-0.017233604510896738,-0.0038624587643999483,0.0238763148771226,3.369206466882247,14.239999229071595,3.029860451955228,45.45173853017682,-0.8188228944702091,0.24123002520774062,2.265149977849388,-0.08438173309495323,0.4153926996061731,3.0411391054875043,3.15414365520383,-2.9425936513585933
11,1780387267.012755,46.68141488122136,-11.877495451116959,0.021678412706277468,3.5052426217304,0.0,0.17334184708452643,-0.017994474241700326,0.016084361937117323,0.013224466799707393,3.0701755240258874,14.264354351580408,3.0547140855039983,45.564034861988254,-0.7947159530821428,0.26216926433900634,2.2648930809568633,-0.08478060155151787,0.3487960719689263,2.940336872316957,3.1350612519177865,-2.937239501010164
11,1780387267.0627549,46.89029917898804,-11.867924984763173,0.03781058900468989,3.5055835549976546,0.0,0.07706845949981772,-0.018690766909630244,0.03081282981627575,0.004765052198863981,2.4852869087671725,14.308812061026881,3.1026529946761734,45.675868908581855,-0.7684180854117766,0.2796760648209671,2.2662517141542207,-0.08210817804284452,0.2754518316867043,2.8380798656691506,3.1154043398868825,-2.9338918514755656
11,1780387267.1127548,47.13242777731534,-11.855751475581522,0.05143295196148667,3.5062073609040367,0.0,-0.007413489765211178,-0.01862795884068544,0.011960481569083498,-0.0025364452901157266,1.583845912920848,14.341310485586982,-3.111273340658901,45.78730989624713,-0.7401553489619517,0.2936041308177444,2.2689121052985173,-0.07636444139374592,0.2028136979181539,2.723096598045113,3.0960543333624493,-2.9174558691635273
11,1780387267.1627548,47.38036018119034,-11.842534929336384,0.06290594994345958,3.5067557071653965,0.0,-0.06716821677150106,-0.017825088429340104,0.017019887346341696,-0.007337603403559863,0.8153568655443558,14.32734497403815,-3.0558622466329326,45.89834051447223,-0.7101923909934069,0.3039762778907322,2.2710393422649093,-0.06835702904202541,0.1336237358536435,2.6139739373962434,3.0737833110775172,-2.9123189484810794
11,1780387267.2127547,47.60284840202736,-11.83094644635485,0.07279028516396689,3.5069806867359676,0.0,-0.08586724727070363,-0.01666356435018172,0.005304600402684122,-0.00805805244877022,0.14831206377948725,14.287927610401736,-3.0083275007262102,46.008952519240445,-0.678812997553799,0.3110276997773642,2.273636184182883,-0.0585519981361952,0.07333332463555442,2.517854135743982,3.051388668318484,-2.9294429312558146
11,1780387267.2627547,47.818686412907105,-11.818658811524594,0.0812679560451382,3.5066824285265947,0.0,-0.0776787919089431,-0.015826100891979056,-0.003753182707269608,-0.006677614669732975,-0.4812473931390453,14.226314658778431,-2.9646152892249513,46.11917994500162,-0.6462727590643298,0.31537468313503947,2.2757047239306094,-0.047327916129896175,0.029812173218424116,2.426532441476728,3.029869239501041,-2.958279725871268
11,1780387267.3127546,48.03332722454393,-11.806383238183592,0.0888330343680381,3.506823055647661,0.0,-0.046098185495465925,-0.014482215024233152,0.012194025108324793,-0.003474999156840195,-1.0885960148914764,14.145285573773462,-2.9233576456214707,46.22908470706408,-0.612792751713618,0.31790150885552393,2.2773157152715866,-0.035988382856372556,0.0033609707919007407,2.3190049930709247,3.0107788503458255,-2.9652573369192874
11,1780387267.3627546,48.257377603025276,-11.793626276690635,0.09592619391735654,3.5062584272002755,0.0,-0.007903528865645068,-0.011692272395655153,-0.011448407130407855,0.0005036818174012521,-1.7005873671111191,14.042242536240986,-2.8826668692606177,46.33869430269913,-0.5785464611595803,0.31939199108513217,2.2795931387577273,-0.02549753192744706,-0.006603617453450139,2.1973962915322005,2.992546690785157,-2.9495681307363197
11,1780387267.4127545,48.44475341480188,-11.780803491404537,0.10270176210228266,3.506376241799581,0.0,0.04599954047097698,-0.007957974186544623,-0.0009774700361302041,0.005526692691576748,-2.0660606570436366,13.965145832647277,-2.860120463636903,46.44795300893544,-0.5436833965243251,0.3204290040147919,2.280356548686798,-0.01669045305489529,-0.0032304996846937747,2.0780457675056403,2.971974331176444,-2.936548921837871
11,1780387267.4627545,48.6050756632337,-11.767896627336675,0.11017506390531955,3.505625448181969,0.0,0.10751558621772517,-0.0043285579703521895,-0.0018881430120798529,0.010832993388518973,-1.8359760277114179,13.990695936934042,-2.8858989253053453,46.55682820420423,-0.5083223331458456,0.32153829997938077,2.28118604176847,-0.009825038495586282,0.011973744762099569,1.9598856858926759,2.9494049959099917,-2.9238267177566497
11,1780387267.5127544,48.80119598921625,-11.75202066463574,0.11887519387929502,3.5058395960402433,0.0,0.1726903089666475,-0.0005786773315020254,-0.008020687243316931,0.016931026620218146,-1.672498624921385,13.99739193688508,-2.9077333155843217,46.665365152981835,-0.4725286204326754,0.32324600196931197,2.2815178610263307,-0.0051337687504526075,0.03600564770597219,1.8522087571721593,2.924556677224188,-2.930608754306278
11,1780387267.5627544,48.967797715003314,-11.7366817654663,0.12878711776761262,3.5052345092909976,0.0,0.22410233611159655,0.0023146629060383007,0.002418252712881823,0.021949424770833004,-1.6909330811207999,13.979898274348429,-2.9102850316337956,46.77355967591492,-0.4363240588201278,0.3259623675163281,2.2810613779178213,-0.0024251198800821104,0.06809306759060191,1.7322815234600155,2.900369884330006,-2.9089240004498356
11,1780387267.6127543,49.14265644831981,-11.718470739203722,0.1402445574992237,3.5046469526613904,0.0,0.279555595621689,0.004552682825402516,-0.028667383756486274,0.027533924314251522,-1.6703920555810097,13.96349686557717,-2.9153497817735015,46.88145470100595,-0.3996860260121795,0.33004334760674414,2.280742242886032,-0.0019349000650824445,0.10290940324725795,1.615253209185741,2.873613686578232,-2.8894902592547904
11,1780387267.6627543,49.3221629036118,-11.69900411644975,0.15290761008298656,3.5039867154002833,0.0,0.3311986357471044,0.005452616599539056,-0.0015067550948844669,0.03278988061852796,-1.607605295239345,13.948682743609321,-2.923269155565169,46.989033411113844,-0.36255954808482904,0.3357119061321998,2.278523624346613,-0.0030322724546717143,0.14098378962383196,1.5008752570910042,2.8444846204115657,-2.8722730623035897
11,1780387267.7127542,49.48732706829877,-11.674843092324007,0.16645876627413325,3.5037563985835614,0.0,0.3890873380813932,0.005335716189539302,-0.0010650846820825371,0.038475046630612256,-1.51166039645556,13.929658322465723,-2.9319597392106456,47.096303610321016,-0.3248381000054532,0.3432244030735454,2.2774409717295367,-0.005534672326881707,0.18039188522331367,1.3783556872826852,2.8120422102463296,-2.825142691986689
11,1780387267.7627542,49.64971851241076,-11.648650037503653,0.18044724156757988,3.5043817346990496,0.0,0.43328920176850433,0.005102463206177225,0.016338231387688112,0.04213722870212926,-1.3834709201012907,13.907357943431764,-2.9428250392992603,47.2032720003527,-0.28636283707385285,0.35277288021529074,2.2762189783309204,-0.009007843677258107,0.22173807604073942,1.265018237807225,2.7755652093167322,-2.7968819212745526
11,1780387267.8127542,49.80652372441805,-11.619604903074947,0.19462919962818992,3.505052953385429,0.0,0.462374318178224,0.005107769611784053,0.015252288838314046,0.04411892231691971,-1.1972845950320479,13.878783938290049,-2.958116325994485,47.30989083741981,-0.24696937584821355,0.3643140946160628,2.275726893371635,-0.013757605172734912,0.25928124806480246,1.1534715403760942,2.7360287541390536,-2.7666675324974714
11,1780387267.862754,49.958099695627865,-11.58549584555633,0.2090915080176077,3.505386666631912,0.0,0.47461895694168793,0.005410095389730873,0.001144538487401802,0.04446012599287184,-1.5304383492075022,13.84562220946912,-2.928013507739404,47.416102950913896,-0.20651241063221623,0.37755238347586095,2.2750175432689854,-0.01947147129109404,0.28999580395899116,1.0439230000390332,2.69339499802338,-2.7350840299762367
11,1780387267.912754,50.10948929131605,-11.547755424742755,0.22316832248144228,3.5062068039094125,0.0,0.4575032101474261,0.005480441628479283,0.013974990211310786,0.04194820310131731,-1.7951467472202283,13.806216132045943,-2.9041080662188605,47.52181925226409,-0.16488283445444307,0.3920631905879106,2.2734242070644965,-0.025679374961913547,0.3119122833340485,0.9365296784009057,2.647659093886148,-2.7026107619574966
11,1780387267.962754,50.27182488863855,-11.506562532313144,0.23682754850203708,3.5065474456179073,0.0,0.41576063049482903,0.0042241871229170775,0.0028077042852215203,0.03738359697862229,-2.027570871708246,13.760856857136503,-2.8843031135616823,47.62699136800571,-0.12200176288956077,0.40731592419649854,2.2723950622131373,-0.03217833079368339,0.32068857011508867,0.831392365612867,2.598849235929167,-2.6697846994104215
11,1780387268.012754,50.44019823477226,-11.461825112086292,0.2496635877396918,3.507091493668486,0.0,0.35418939082166606,0.0013696611075136446,-0.0006109966882941603,0.031077796926997508,-1.8335208760654411,13.71734982617997,-2.9030081965961285,47.73160192697012,-0.0778238324723457,0.4227654605579305,2.270945726505003,-0.03831431745664978,0.31529873572405787,0.7285762884534126,2.5470255508490673,-2.6371604661052785
11,1780387268.062754,50.60161786700374,-11.414209935809607,0.26172855075199036,3.506922058022547,0.0,0.27717433345842624,-0.0026435932554065844,-0.012581974342792433,0.02376887299657257,-1.5158879211202536,13.660405801128467,-2.932972585581749,47.83561822162793,-0.03233607054287386,0.4378683439015605,2.2697168931262697,-0.04348453553381604,0.29574469908988754,0.6281534889244257,2.49228429443994,-2.605295771016243
11,1780387268.1127539,50.78254057414585,-11.364046825228238,0.27242789025378045,3.506281492379112,0.0,0.1936840834735549,-0.005875214014879445,-0.025361456768667374,0.015500901423151423,-1.6865291022469462,13.619624694192932,-2.9233893987521995,47.93900479565413,0.01444820269323057,0.4520805157244858,2.2684721844449114,-0.04711484014140316,0.2638225239340045,0.530187367783036,2.4347484436452635,-2.5747318965760586
11,1780387268.1627538,50.96736209248938,-11.31227278237493,0.28160947597097186,3.505680853517715,0.0,0.1137990594872409,-0.0079053009857628,-0.020441226644537024,0.008136696238504644,-1.7555356938105513,13.571834731849115,-2.9246836390114064,48.04172932256418,0.06246826700734197,0.4647326400364822,2.267136177450274,-0.04894349372964146,0.22083774260866929,0.43472322691619114,2.374587554598103,-2.5461618528727086
11,1780387268.2127538,51.13764651066231,-11.258974246998646,0.29037963885767193,3.505294376708409,0.0,0.038141579266052356,-0.008088403110052673,-0.014791652289908148,0.0008708514809650635,-1.8339699218722876,13.5238511148686,-2.924361469562533,48.143811654923,0.11162763623023882,0.475295071132503,2.266466669846093,-0.048486964256899225,0.17244664222869927,0.3417380981996787,2.311995310702937,-2.520109955809204
11,1780387268.2627537,51.32476224334303,-11.205455058783501,0.2979947731635272,3.504863976495641,0.0,-0.02376227760585879,-0.0061947933351858345,-0.010911106563661274,-0.004126625808977487,-1.9509217150733251,13.47914301136079,-2.923327398228454,48.24533620961941,0.16179353621523257,0.4833586534880716,2.266292818604006,-0.046050025544245636,0.12055067023479332,0.2511211719886486,2.247189037279956,-2.497024134551879
11,1780387268.3127537,51.50629362189811,-11.151933876693462,0.304993931802577,3.5051594789991225,0.0,-0.0628818723420537,-0.00258723619327253,0.006910899416220388,-0.007100940397696501,-1.494163948500166,13.376095698127974,-2.9741915384196496,48.346428741071506,0.21279597938318034,0.48872291505298326,2.266256715484789,-0.04149557519715437,0.07206267691019655,0.16259089633589077,2.1803850161073144,-2.4776368943004536
11,1780387268.3627536,51.67883955831696,-11.098766740891413,0.3130452594159823,3.506193845168447,0.0,-0.0763419437666221,0.0008355985104201515,0.033132381023583006,-0.00701660356125979,-1.604702040429111,13.33965923521622,-2.9722701454237512,48.447252016951424,0.264455316640289,0.4914985061468431,2.266818783168872,-0.03532317062443216,0.03114592093179739,0.07314288367936214,2.1113680692866876,-2.4721774877580147
11,1780387268.4127536,51.86769065717268,-11.044158835020895,0.3203553989905223,3.5075529765720637,0.0,-0.05562989458045733,0.0040006819370062814,0.031258388783841115,-0.003547964743603369,-2.2645064069831866,13.365918368622715,-2.9225749963704235,48.54795698952823,0.3166169770836197,0.4922313380665888,2.268372344577498,-0.027955540014430007,0.003318958776997307,-0.027399195128986392,2.0419717076066117,-2.50475842514872
11,1780387268.4627535,52.01979805621726,-10.994209638540793,0.32780217999031047,3.508948297893197,0.0,-0.0057859676387605075,0.005711447791628648,0.036117126534329795,0.0019014586370689579,-2.785733688875485,13.360029085391842,-2.881842943263587,48.64864744081061,0.3691599750320522,0.49172445182591096,2.269494617016424,-0.02002002627630222,-0.006829530183233077,-0.1255475683995767,1.974990988305647,-2.521753928135288
11,1780387268.5127535,52.18606451388721,-10.942042477441703,0.33687569438896486,3.5094821294974934,0.0,0.06667165757245072,0.008827758559545843,0.01091062465423647,0.00962280702420293,-3.336514713055828,13.335677816092016,-2.837886124824866,48.749329084046494,0.42200537744682737,0.4909952067705752,2.270647239702358,-0.012611767912467469,0.00020898519826108904,-0.2227113154738537,1.909970902109479,-2.5319505126942805
11,1780387268.5627534,52.31474813454448,-10.889767228327486,0.3453416166112697,3.5099771189357383,0.0,0.1554590838823128,0.011957178235989798,0.007634942707529901,0.018220106382166437,-3.747696548908309,13.291721816034578,-2.8036290781189788,48.85006111680324,0.4751099122868058,0.49077109735113034,2.2701311546334164,-0.006368326019893198,0.024816538892702206,-0.3197602883410713,1.8452958479815023,-2.5391012253890195
11,1780387268.6127534,52.45592274802128,-10.836109395092297,0.35503199206878605,3.5100385208379787,0.0,0.25510048666163526,0.017150616926858434,0.008689879939334517,0.02729054104198382,-4.18206921980082,13.235388719242941,-2.766915803638393,48.950817274608795,0.5284671929949749,0.49183993126881154,2.269011813677388,-0.002070853590224699,0.06363692474573462,-0.41806652723047305,1.7809764580870708,-2.545807733535557
11,1780387268.6627533,52.58076508061615,-10.781201761618698,0.36653685451861995,3.50965247147555,0.0,0.34027536896356136,0.02260215933409969,-0.013758294619439195,0.03485584199886503,-4.550691987479836,13.169013225740757,-2.7326820561121625,49.0516903660127,0.5821176222322085,0.4946128122991871,2.26723629894472,-8.185706223062892e-05,0.11329624196471627,-0.5180277821942131,1.717071688120972,-2.551934307516844
11,1780387268.7127533,52.70634851824728,-10.723770795400677,0.3777302173672569,3.5094427468761222,0.0,0.41563246542336724,0.029399456593304275,0.003587485583002063,0.04159095893114451,-4.906392767834571,13.092535695012051,-2.699755134108225,49.15265725218394,0.6361044329946113,0.4994088824251004,2.2635897869776356,-0.0008272894498613628,0.1664138910599432,-0.6198529209012966,1.6536685959753425,-2.5572269244534818
11,1780387268.7627532,52.83015814926908,-10.663810282266756,0.38918078838227926,3.5086205939164707,0.0,0.4776447751266954,0.0359897122767858,-0.01371331487843822,0.04665018911377897,-5.242070188145281,13.007424288494319,-2.6679878113194584,49.253778511289596,0.690490870126763,0.5061730954382844,2.2598721532679815,-0.003869289015984223,0.21964213602472277,-0.7238004110759928,1.590839247298013,-2.561737031128537
11,1780387268.8127532,52.94910077147137,-10.600372137176661,0.4009119919431856,3.508734140075762,0.0,0.5198041377154105,0.04244895142408452,-0.0019318446075151114,0.04972680962970648,-5.549972230677578,12.914777243430091,-2.6377956684750803,49.35502001308508,0.7453489120267043,0.5148142338696324,2.2543553914982186,-0.008836740150122549,0.26857585578871424,-0.8300298155428494,1.5286694908531073,-2.565545064389592
11,1780387268.8627532,53.07645832352087,-10.533452466095076,0.4109957198834029,3.5084931431654938,0.0,0.5383366127878443,0.04899210457453834,0.005149047982367304,0.05046190036640405,-5.864667186024105,12.811966837195278,-2.6090807417697985,49.45634449563413,0.8007453142897043,0.5250316059263747,2.248507051179192,-0.015201622785153267,0.30949197340692824,-0.9387278453993303,1.4672611691658275,-2.5689786408497177
11,1780387268.912753,53.177630080700794,-10.463017866305963,0.4185633434052151,3.5084406571633053,0.0,0.5285890535780614,0.054105849763499796,-0.0030945316230360153,0.04834915716918681,-6.100903161544997,12.710423149429865,-2.58759372290958,49.557769206318255,0.8567436536044155,0.5363249543785731,2.242111724126877,-0.022405335944194246,0.33904691223759326,-1.050093037576386,1.4067328970455688,-2.5725057146305317
11,1780387268.962753,53.27896479723448,-10.389072691910695,0.42268194673621706,3.5087885011188784,0.0,0.4841163325338711,0.059130278742336645,0.011887902061713557,0.04315349899436981,-6.3273896898206825,12.603328709130025,-2.5702357546950507,49.659170313148145,0.9133698012526561,0.5481836238683471,2.2346369969217235,-0.029917040064720443,0.35373845812889404,-1.164206335210791,1.3472555191028965,-2.576635961243946
11,1780387269.012753,53.38025122410425,-10.314363318184324,0.41962376467353846,3.5085628516546143,0.0,0.4098685880218954,0.06417051062517032,0.0078069952184682476,0.03581433204319751,-6.543695037365577,12.493929175079465,-2.5608022633077887,49.7605732987946,0.9706170248977184,0.5597927681365178,2.2273583093268283,-0.03717066660513548,0.3505979391236518,-1.280781461626578,1.2890350957485583,-2.5816526745270214
11,1780387269.062753,53.46041042744639,-10.234212954541388,0.41414308929126076,3.508473234434762,0.0,0.31324678446954785,0.06820823488829598,-0.0166020425685432,0.02544505039141284,-6.704073352258694,12.385820471910282,-2.556952338246545,49.86205734863538,1.0284311244405038,0.5702602732895898,2.219412215735561,-0.04335870480579433,0.3298586853523575,-1.3861438581078,1.2320016130803508,-2.574968036108033
11,1780387269.112753,53.55090209722861,-10.15442353137797,0.4112698674571911,3.508090249438006,0.0,0.1903012047084548,0.07285351618611974,0.00394272943714143,0.014424325296942507,-6.879738584540322,12.27363201921219,-2.5498136766100776,49.963588050454405,1.0866782035654003,0.5787513249835965,2.210015964992074,-0.04814966842570881,0.2893422941367102,-1.4784885840699786,1.1735524725510817,-2.557829045275837
11,1780387269.1627529,53.653960744407385,-10.074102558989216,0.4085005092813337,3.5071327874079863,0.0,0.08401430070398244,0.07817825032837677,-0.03409645829212131,0.005117247090307447,-7.072633939580384,12.15562774068388,-2.5418732047937236,50.06538093769692,1.1451889692431831,0.5843176047751113,2.201398659387638,-0.05066364443492202,0.23352514034278168,-1.5953049491186053,1.1145026982302912,-2.565640340589523
11,1780387269.2127528,53.720576675018776,-9.994277438956694,0.4092659048197322,3.507141958680791,0.0,-0.0240858179325097,0.08178686059978853,0.0004393494290305528,-0.004640451903171461,-7.186373164273747,12.051865454587265,-2.5346269324687776,50.167688050540164,1.2037485646692738,0.5863465236018794,2.1905637531777273,-0.05012725574619691,0.17155662850611125,-1.6588575409991682,1.0549006979349373,-2.531019760588407
11,1780387269.2627528,53.818905919318446,-9.910271423790315,0.413066181825425,3.5064155059040774,0.0,-0.12161087518096567,0.08691184099205637,-0.016383051515308274,-0.012654284947231831,-7.3483280122079435,11.932924092553455,-2.522367254947245,50.270488128812424,1.2621246930128818,0.5847262666488433,2.1813307724558095,-0.04724897374672084,0.10434410943523317,-1.7649840531603127,0.9948698850719084,-2.536407730277381
11,1780387269.3127527,53.9029094061789,-9.83766689281957,0.41787239198946613,3.507045245591401,0.0,-0.1819466907560098,0.0911275892508641,0.008313758083624802,-0.01723366402488427,-7.471590451870236,11.832365972542082,-2.511743133681187,50.374251924640426,1.3200696487351278,0.5791628391590455,2.170918438799425,-0.04210495674861831,0.03823561055917539,-1.8955313513941865,0.9356938519351738,-2.563164670984417
11,1780387269.3627527,53.9641523901077,-9.763159652742228,0.4224073660525693,3.5070864931824994,0.0,-0.21953290133409964,0.09440918232927013,0.008269968007332902,-0.01989846308318445,-7.313750631864699,11.788576844094964,-2.528343510973316,50.479093055307494,1.3773298893933996,0.5700177380163316,2.1614478703536952,-0.03482868401964191,-0.01809625928108167,-2.028664629520758,0.8797636093143424,-2.5928255189006624
11,1780387269.4127526,54.05681370088785,-9.69244550883663,0.4205692585400203,3.5072765629921543,0.0,-0.22571063524663262,0.09867894625301,-0.002186694030462016,-0.020057559055445373,-7.076437363247506,11.758660439056683,-2.5632002617938663,50.58510336232452,1.433685442716294,0.5579131412340379,2.15171901094397,-0.02649208966286444,-0.06271224182216978,-2.1785061748881165,0.8296149884687434,-2.634761586358527
11,1780387269.4627526,54.14623761746382,-9.624551372246538,0.4216811832602053,3.5067157137505442,0.0,-0.35831641369769873,0.10225044378128331,-0.013803827501816994,-0.03609663263266822,-7.132833671567959,11.680870759407732,-2.564322594244516,50.69263864391384,1.4889081564374294,0.5433591678016256,2.141064851764864,-0.01778710421758883,-0.09289496911270383,-2.2969913629726313,0.7812464667133816,-2.6549101455784188
11,1780387269.5127525,54.22493315880227,-9.55661573062727,0.4352930253453237,3.523804445598295,0.0,-0.34111646404419355,0.10458440408780836,0.3094732942373788,-0.02198529470163217,-6.921527228644217,11.642563870488255,-2.5801705976440585,50.801816419993806,1.5426351297295953,0.5259333291799551,2.1292364114722266,-0.013642048540310443,-0.1534015125951297,-2.4064796270312696,0.733031303859446,-2.670654107790879
11,1780387269.5627525,54.312530694014,-9.499292569330864,0.45874831953586837,3.52846254749305,0.0,0.00024727804295019036,0.10787740373723066,-0.013280182426735248,0.014957782305559048,-6.897261754605793,11.58764484074358,-2.5677437659880837,50.91293103213199,1.5948853961860938,0.5065186066578669,2.1335512774194227,-0.0033437829028778506,-0.1580522955918109,-2.530819840452632,0.6879364294275951,-2.6966898176841205
11,1780387269.6127524,54.40273607933124,-9.439483775378916,0.4898834227209438,3.5107674499317754,0.0,0.5238954658930097,0.11196828244802925,-0.5381476529160562,0.06874284796247711,-6.853640588320976,11.532105145892714,-2.5500800674351067,51.026049253244686,1.645891745809257,0.4888303759935839,2.121259450786514,0.012427995759254929,-0.06749787712660087,-2.6570656431302395,0.6450131250333306,-2.7206030733942335
11,1780387269.6627524,54.483342452463006,-9.377792914438952,0.5287927233442767,3.4484837641170816,0.0,1.1121845337245497,0.11620991066118573,-1.612878180358033,0.13257117622636294,-6.662004624607955,11.487484758633553,-2.5396148259997005,51.13986974654823,1.6956523426318706,0.47783945181085574,2.0810120408712933,0.0287463373112658,0.12512804448090825,-2.783122459986912,0.604042209161991,-2.7370016942653894
11,1780387269.7127523,54.567169495636946,-9.311648572729762,0.5754088849609336,3.3240175774258,0.0,1.71279339092473,0.12110069699763543,-2.8419081719729484,0.19680750455059876,-6.695814236218355,11.419086773250976,-2.4978425522881027,51.251630725457446,1.743940885789439,0.47827283461901837,1.983924084524596,0.040344347468657976,0.39470973870944526,-2.9069030148896724,0.564986593070828,-2.7416315013547568
11,1780387269.7627523,54.62183495907356,-9.238112998694628,0.6281263802152025,3.132062418491527,0.0,2.198950727640121,0.12503935638423158,-4.279412677992825,0.2529461925446539,-6.820772051501093,11.336080115188134,-2.4369337986489166,51.35741372935916,1.7902014425119268,0.49302686171334287,1.821685887294436,0.04515550488233001,0.6881281239210162,-3.0431185126389484,0.5297135368215942,-2.7421035075800404
11,1780387269.8127522,54.639172378619,-9.158577366981772,0.6830669613648164,2.8733911055231074,0.0,2.4234441661239283,0.12541793168238627,-5.596789979590216,0.28597575216920473,-6.7943484318463465,11.258296841912701,-2.3861135809355343,51.4522064771233,1.8335457603436247,0.5226253154242793,1.5848604754972562,0.04734014946145633,0.9478711250294787,-3.1967853773176187,0.5030105211032192,-2.742900621776082
11,1780387269.8627522,54.683481055116964,-9.075245716037514,0.747140520667344,2.576213662112202,0.0,2.3678425905903677,0.12937646043918874,-6.110637025597167,0.2925058450817728,-6.784332666212627,11.175484831382738,-2.3273629557132836,51.530488890785556,1.8726824803883433,0.5650314710636541,1.2832723821590968,0.05353397199555914,1.1149948016199032,-3.3135865069913697,0.4792247274348822,-2.719018190117076
11,1780387269.9127522,54.724383556310826,-8.99003207406269,0.8243883814602558,2.252440597172539,0.0,1.962693102697777,0.13484216950536115,-6.241871682386104,0.2887762160631882,-6.778417475123037,11.090468695887663,-2.254687384777174,51.59007911410685,1.9062582259641894,0.614148558020049,0.9623815668863847,0.06463159613793625,1.124081188768494,-3.398969692023577,0.45799754402979276,-2.681397757099375
11,1780387269.962752,54.76305232705278,-8.909446364267017,0.9048351533826302,1.9850588028035203,0.0,1.7751678468824328,0.14110268024288128,-5.117778942841414,0.2884220218158398,-6.766671559171848,11.010444068465118,-2.1793354527550095,51.63084536093463,1.9328959227938916,0.6608173554503152,0.6455259249991497,0.0713258568898838,0.9218514486348,-3.4507993468057228,0.4392442687539737,-2.6386478595021394
11,1780387270.012752,54.82337718340805,-8.832702019485838,0.982575961672176,1.8009015294763306,0.0,1.5701450404904729,0.1492205851855275,-3.1243714526639224,0.26739028114088254,-6.75159224198982,10.934392665731753,-2.1096346466612235,51.6556590582165,1.951881330067316,0.6955382899815081,0.3938699221908745,0.06285460790671027,0.5936057835456835,-3.464526647420828,0.42217749835587104,-2.5967850327272846
11,1780387270.062752,54.881067784540235,-8.756167505519787,1.0530599026405059,1.6941851031611304,0.0,1.3259901805730998,0.1569839988821494,-1.5354649813252685,0.23510512314790052,-6.732827943067642,10.85862774168386,-2.047452559969102,51.67047879811863,1.964199982885614,0.7144531500916944,0.24230675098918172,0.04366633532316401,0.37675521659070044,-3.47191956530691,0.4108261926081136,-2.5731786061669
11,1780387270.112752,54.92561608898964,-8.676539417930499,1.115884540954482,1.6620619978648952,0.0,1.0966585093435723,0.16297885610562285,-0.13958611057835546,0.19235602918362735,-6.715289577984949,10.77960347022414,-1.9914078912694069,51.679920455749205,1.9723699799015249,0.7265725807037153,0.16562128727412434,0.03859608564172991,0.32654182818590255,-3.4773800969274307,0.4033655508178777,-2.558460760688954
11,1780387270.162752,54.94404343094685,-8.603624427325387,1.1664622908138862,1.6819154862226244,0.0,0.8632989677293701,0.16545862015965132,0.692663918303109,0.14395280754955206,-6.706241594141508,10.706946446373147,-1.9437333827285348,51.68741525671838,1.9789772744804108,0.7364990898864838,0.15882883390047725,0.032868281031480234,0.2762877580359723,-3.4821269760899884,0.3973715959136175,-2.5466880318813763
11,1780387270.2127519,54.930066936522884,-8.52304558486825,1.1939719313836807,1.7226912872083697,0.0,0.597873018619813,0.16357780584826756,0.866204236637911,0.08595642051773814,-6.7085385131800175,10.626250433798631,-1.9140173105758769,51.69600070366589,1.9858154551722687,0.7435866577226315,0.19328024091742907,0.02635677360183023,0.2194115797219067,-3.4878972528767522,0.39128204366104247,-2.537720914869081
11,1780387270.2627518,54.92388571505418,-8.440270980138596,1.2058374319894258,1.7518776420952118,0.0,0.32832166638728644,0.16274599999999784,0.3623390384482979,0.03555284924997549,-6.707736465788536,10.543455079586511,-1.9011848593013871,51.70699709891902,1.9936608201573474,0.7472835809652079,0.23577774071492727,0.018857808853601554,0.15060757895221152,-3.495560549729973,0.38442987282987273,-2.5318359756284625
11,1780387270.3127518,54.92388571505418,-8.356245064786036,1.2109473936256165,1.7602091313688417,0.0,0.032459985814174835,0.16274599999999784,-0.19231845528322455,-0.0139863909500564,-6.704832238011547,10.459479369337327,-1.8960748976651964,51.71994868652607,2.0022112316056115,0.747789453864053,0.2523609373381083,0.012414698267659622,0.08573179607877408,-3.5042247231171006,0.3769869674651034,-2.528638234786966
11,1780387270.3627517,54.92388571505418,-8.273125946702928,1.2109160802728587,1.7577943251867871,0.0,-0.2797148456365318,0.16274599999999784,0.163539093823172,-0.06230347270771593,-6.701959352300955,10.376409914550337,-1.8961062110179543,51.73342790357238,2.010545241410253,0.7455032242527908,0.2408004746925157,0.006430430313680451,0.022146954568140087,-3.5128180379553307,0.3697313120560899,-2.527970401927689
11,1780387270.4127517,54.92388571505418,-8.189199703573111,1.2172995273779044,1.7641747132776862,0.0,-0.4905981173007428,0.16274599999999784,0.062321967270756035,-0.1061550484687441,-6.699058569542526,10.292533816970195,-1.8897227639129086,51.7471599844884,2.0184706967763155,0.7405754158292406,0.24669994307900855,0.0006744174814423878,-0.03967882725766003,-3.521132653670266,0.3628278341072537,-2.5297287514951403
11,1780387270.4627516,54.92388571505418,-8.106012558179518,1.2181793952377116,1.7705079920283193,0.0,-0.7080336050330298,0.16274599999999784,0.05939001413501466,-0.14504224154558784,-6.696183332571565,10.209396375518732,-1.8888428960531014,51.76147650211273,2.0261890576612296,0.7331460857828604,0.24723809410776276,-0.004773559341061022,-0.09562472774404007,-3.5295144718405247,0.35611714168444664,-2.533769743033389
11,1780387270.5127516,54.92388571505418,-8.023827728646605,1.2093380566865726,1.7732546355252485,0.0,-0.8802260533698819,0.16274599999999784,0.059784187307495434,-0.17097443846283247,-6.693342739121615,10.127260651048765,-1.8976842346042404,51.776210290458884,2.03360877533407,0.723486898540032,0.24744422775107563,-0.009985983759185395,-0.14384117136113864,-3.538149585093992,0.3497131655598076,-2.540003035061474
11,1780387270.5627515,54.923526309119715,-7.942460560871943,1.1959427673487308,1.774935707555015,0.0,-1.0035901357844834,0.1626514440529336,0.02862658394208749,-0.1906617852088323,-6.690616171287495,10.045939131294254,-1.911023467942309,51.791301901682836,2.0407720022080933,0.7121790163342676,0.24777331334407493,-0.013932449298043577,-0.17712050425982406,-3.5470290392302393,0.34357008910808107,-2.5478685387002287
11,1780387270.6127515,54.90401437421233,-7.863884592159104,1.1761597307057539,1.7744367743198222,0.0,-1.0748469081351184,0.15751805779721836,-0.011114065314188773,-0.20098141327288518,-6.692037166520358,9.96726068955722,-1.927798329914054,51.80666557289382,2.047683742866881,0.6996687539944482,0.24663366392617436,-0.017141277169375857,-0.2020098933798904,-3.5561022138827587,0.3376749297866337,-2.5569354727705207
11,1780387270.6627514,54.918015746790694,-7.7868507218407865,1.1457554231680758,1.7728770097348758,0.0,-1.103075238286341,0.16120167266658383,-0.046002535013522194,-0.20359471781814992,-6.686389707555129,9.890381868873945,-1.9603539881855065,51.821919725725394,2.054337374093354,0.6865884384965062,0.24377735671344808,-0.01931078960577096,-0.21742060795630863,-3.5650546004498014,0.3319970875354459,-2.56660224967211
11,1780387270.7127514,54.95757653917979,-7.713885800955565,1.1039978013149465,1.7722893824667179,0.0,-1.074944299109003,0.17160970389871621,-0.0040843550267284055,-0.19516515358874678,-6.675161124722619,9.817741815269558,-2.0083607957195464,51.83732671021477,2.06072536669151,0.6732074294594725,0.23934389831250996,-0.020600550962524358,-0.22528718411588244,-3.5740068707679513,0.32655793542590406,-2.57653000854226
11,1780387270.7627513,55.0127978637947,-7.642364319686748,1.0372459486399113,1.7724413008063007,0.0,-1.0087164435632179,0.18613785757215187,0.0020716783055344697,-0.18119935109358373,-6.658631948296707,9.746604985071787,-2.084228215394755,51.85316850256276,2.066930920962226,0.6599855974271653,0.23707808850184411,-0.021100602857964182,-0.2259826469718908,-3.5831205418494285,0.3212901889371542,-2.5861958493238824
11,1780387270.8127513,55.0737051746972,-7.574729600552996,0.9713769436014575,1.7718673405282146,0.0,-0.9083289871938391,0.20216193484298706,-0.014138477379174317,-0.15981497548148885,-6.637612893928468,9.679271822811893,-2.16073365840959,51.86973018766812,2.073034489871218,0.6471407380699761,0.23499527856143634,-0.021476534340825294,-0.22447294406360563,-3.592589078718433,0.3161304437208754,-2.5953342488344244
11,1780387270.8627512,55.13075098858659,-7.510423531961065,0.9163404602403717,1.769543407448491,0.0,-0.7626866619688558,0.2171700925862277,-0.058613666802558605,-0.13048090656364592,-6.615343173923518,9.61505828867702,-2.22624974744633,51.88709734382071,2.079082994827109,0.6350304878057229,0.2319178643788836,-0.02213068057852935,-0.22257747447684392,-3.602481704532659,0.31103426301954373,-2.603578304086623
11,1780387270.9127512,55.17345652300144,-7.449568848085102,0.8662304210658797,1.7686602540249259,0.0,-0.5938936678250368,0.22840547259588329,-0.012275746716606493,-0.09773881744526658,-6.597056247173302,9.554108982308637,-2.2845553781181067,51.905117300531,2.0850788701261633,0.6240245261171484,0.2267527783095733,-0.021342623021317193,-0.20692001125588683,-3.612719643008,0.3059869583936612,-2.6105944239612393
11,1780387270.9627512,55.19380993707588,-7.390763364018385,0.8324866053962985,1.7684433462642737,0.0,-0.41180563081755445,0.2337602432305015,-0.0053368790488011915,-0.06355972387097163,-6.5883778202612735,9.495202715442161,-2.3223005527056566,51.92355429080173,2.0910379598440434,0.614298900094878,0.22408701236555095,-0.017986049668588307,-0.17103403743343157,-3.6231625258429205,0.3009559616773889,-2.6162518937611825
11,1780387271.012751,55.17984792118159,-7.333932516575521,0.8124784283668288,1.7680846280592406,0.0,-0.21763252714237039,0.23008698269360234,0.005659219529825573,-0.02838161193926038,-6.59532699708922,9.438450115937542,-2.339559611928136,51.94204579747954,2.0970337618307644,0.6062500460472293,0.221658947601045,-0.013848117053205503,-0.12911417557949337,-3.6336158609715854,0.2958483685756259,-2.620231507608459
11,1780387271.062751,55.17365617898656,-7.278014048637446,0.7909942935512999,1.7683365504739916,0.0,-0.03267908070958374,0.22845799999999694,0.024584161482080834,0.004251695868090386,-6.5985487438325015,9.382560652693948,-2.3598305643151916,51.959906908158196,2.1031068732115763,0.6002968274487319,0.21968090025202075,-0.009544094580496225,-0.08521107313660059,-3.6437213278041565,0.2905942685824474,-2.622267866670997
11,1780387271.112751,55.157242260497725,-7.222106197077675,0.7811725661412169,1.7720900952349599,0.0,0.13167785049488806,0.2194792955018861,0.09319410105871259,0.03257164682217775,-6.60568392246251,9.32670580334938,-2.366463027322599,51.97733957706957,2.1092858521534112,0.5962569333110168,0.2185119560679354,-0.005629391012309922,-0.04314210971490013,-3.6536225846122914,0.2851804667798672,-2.6225141531015526
11,1780387271.162751,55.158383495962255,-7.165084104732856,0.7947640569811104,1.7743281107961584,0.0,0.26766566174471706,0.2201035715396727,-0.00507180982655933,0.05710031997574134,-6.605592092034756,9.269682066844993,-2.3530917233349404,51.99403229535248,2.1156252610029402,0.594102878797564,0.22073909570806782,-0.0024010549214690197,-0.004910090298536465,-3.6631550970593993,0.2795428703138141,-2.621064868635873
11,1780387271.212751,55.190221548722,-7.1061319792225035,0.8169609679884905,1.782949836904434,0.0,0.3702025113589565,0.237519551015835,-0.047612277100457616,0.07313701463579453,-6.593578279107093,9.210614662376688,-2.337117855625955,52.01059351113915,2.122094231067644,0.5933123666837585,0.21796779686294143,0.0002252834156980933,0.029753211004475026,-3.6726323389100224,0.2737388162559844,-2.6183040182648156
11,1780387271.2627509,55.23949042631865,-7.04835099621542,0.8430041663315412,1.7537348125037162,0.0,0.4315141344679052,0.2644705007963315,-0.9741296460339962,0.08615107968740801,-6.573946989999063,9.152481697495158,-2.3209528635657,52.027965876518955,2.128554065229064,0.5929729380981459,0.2129284424574327,0.0018154494395969973,0.055657140715700444,-3.682517459865087,0.26793880562162764,-2.614923861741725
11,1780387271.3127508,55.301281553579805,-6.988207581192954,0.8713279652164424,1.72040666840529,0.0,0.46268799194761073,0.298271343213105,-0.9052675821401245,0.09087143400819538,-6.545947776476481,9.091508187886365,-2.305672153080006,52.044868247305985,2.1343060567637395,0.593010045640527,0.16164650510468997,0.0031873047316497956,0.07670724170171449,-3.6920658419977523,0.26279152679064177,-2.6112714970872783
11,1780387271.3627508,55.36287568305399,-6.929267822051371,0.9062625501026785,1.647339666849381,0.0,0.44643549434657676,0.3319644243468463,-1.5142271958192144,0.08946108285797416,-6.509753648445223,9.030924523947137,-2.28515648631688,52.059494246881016,2.138718912965765,0.5934632069182775,0.11429434755383766,0.003887266060811668,0.08857510291584757,-3.7002745510847697,0.25887280759037434,-2.6076954526729894
11,1780387271.4127507,55.40818077788332,-6.87903106802144,0.9386127617961576,1.5802238344101827,0.0,0.4192744266584981,0.35674711465982584,-1.288727789555357,0.08726158581465827,-6.503692677308295,8.980376867346184,-2.2606381486297,52.068924595099865,2.141395032674211,0.5951065306799035,0.03735377529028219,0.004121456611281402,0.09325616451987839,-3.705560837884375,0.2565020247539769,-2.6040466083283063
11,1780387271.4627507,55.43895586457653,-6.826146705159079,0.9493085990486263,1.5265474115531839,0.0,0.39221442681971025,0.3735816328469277,-0.7725170657743761,0.08324823053519362,-6.58687585808756,8.931924781769826,-2.242693950573253,52.06811110237755,2.142084917859248,0.6000628362334095,-0.027496987659583277,0.01327830957901411,0.09228594832477253,-3.705157779724456,0.25578773087959306,-2.5992630379823165
11,1780387271.5127506,55.439525741854126,-6.773976608052263,0.9357140740553002,1.504718456423797,0.0,0.37517304433573473,0.37389336582399474,0.012121446986480683,0.07883694885716969,-6.591019856715771,8.879897297602458,-2.2561486365705257,52.05830201249977,2.1408986406159998,0.6064324050497323,-0.06394682833502716,-0.00248921519640671,-0.020072472815569814,-3.699757083901361,0.2566582648086251,-2.594980286645587
11,1780387271.5627506,55.423357407129316,-6.721082910582172,0.9250964871126707,1.5160273933303592,0.0,0.3547406278193242,0.36504899999999507,0.6830606373767354,0.07516007656436391,-6.548800083321269,8.824717084984432,-2.2710469273728844,52.047318818525994,2.1385868244151616,0.607720328626574,-0.061342145677483875,-0.012890102106773856,-0.0928062707516364,-3.6936617067270063,0.25860215896613603,-2.5960373600002002
11,1780387271.6127505,55.423357407129316,-6.668325112805488,0.9204634626495143,1.56763562949229,0.0,0.3600390852663717,0.36504899999999507,1.3232579278164698,0.07446788498135165,-6.551676634171322,8.772037765688786,-2.2756799518360404,52.04078215351097,2.1367986899933284,0.6072747973507462,-0.026348513188538564,-0.012988277257713928,-0.09358955906370614,-3.690007111210607,0.2601637874761731,-2.597880390463045
11,1780387271.6627505,55.423357407129316,-6.607613521458642,0.913825890768624,1.6327591633367724,0.0,0.37078206150661785,0.36504899999999507,1.1708394235754007,0.07410187388965742,-6.554986855352958,8.711416484280399,-2.282317523716931,52.04268259690827,2.136719401539655,0.6072040085768085,0.037622549857911594,0.019368729441807064,0.060767758051853,-3.6910321813316456,0.26030827016596847,-2.597544820446969
11,1780387271.7127504,55.423357407129316,-6.545970369956118,0.9074860376862282,1.693512452638496,0.0,0.386178155090171,0.36504899999999507,1.4426897762688613,0.07393047948086773,-6.558347868650083,8.649865028434256,-2.2886573767993266,52.053765420351034,2.139056503055584,0.6071454786358856,0.0949263571064714,0.01931101905519071,0.06654967767099612,-3.697184607135138,0.2583484387854935,-2.595234828154176
11,1780387271.7627504,55.423357407129316,-6.480299822806297,0.9147472162088417,1.737241110848783,0.0,0.38378152601812743,0.36504899999999507,0.4790649711563558,0.07152633591098834,-6.561928470498303,8.584292167787785,-2.2813961982767132,52.07692019788182,2.1431909338972615,0.6026758775322754,0.16466739052374646,0.01934028799804625,0.07038251331038994,-3.710019895862186,0.25495638669809795,-2.594782179805451
11,1780387271.8127503,55.423357407129316,-6.4137322326129675,0.9359134658533182,1.7552103276171862,0.0,0.37290372388695664,0.36504899999999507,0.35399582512794986,0.06967941129278112,-6.565557982461011,8.517823598470704,-2.2602299486322366,52.10905707990674,2.148548335335577,0.5948006418111849,0.18541047453737255,0.01942171628829743,0.07240157898717818,-3.7278983592500428,0.25053060519185744,-2.595893106326044
11,1780387271.8627503,55.40381192518127,-6.346295599314868,0.9636061471496205,1.7680268344996455,0.0,0.3657763385585024,0.34108387526200595,0.1877073290796388,0.06852802534514785,-6.527863240543313,8.448148605373948,-2.235986865436267,52.14513588331687,2.1543185840629353,0.5853902634063046,0.19959251066862646,0.019447850540628128,0.0730329921172293,-3.74806241462986,0.2456691947291798,-2.597794089481102
11,1780387271.9127502,55.41250886897049,-6.276215026662245,0.9943607936492906,1.7694545549072231,0.0,0.36453214206746026,0.3517473801733621,-0.018830309070508366,0.06764108508508988,-6.546410965549559,8.379020958140819,-2.204306123588438,52.17623315545481,2.160293557628053,0.5784837780645309,0.20552587870299818,0.019429004128496106,0.07293113339478063,-3.765553216558257,0.24036147482892734,-2.5982929692554393
11,1780387271.9627502,55.44717282603739,-6.203083087281655,1.0114273012952057,1.7660938552200085,0.0,0.34917061645772984,0.3942495838656886,-0.08669883416201213,0.06308482564464563,-6.638486650803737,8.310652818610809,-2.178636977560383,52.21092593469199,2.166217924209584,0.5699342396000167,0.20101520702051515,0.019387444516098883,0.07247717874985328,-3.7850949192051653,0.23505250297288782,-2.599756465533387
11,1780387272.0127501,55.50057618047385,-6.128346559779978,1.0196524884182614,1.76284023274782,0.0,0.3230228459374942,0.45972855511332705,-0.059112457700791037,0.05860865026328731,-6.757702450694649,8.241019714051319,-2.160245894442312,52.26700526217909,2.17183203489408,0.5512410720786067,0.19282603668284518,0.019125966306394928,0.06990152852430916,-3.8168384024346422,0.23014911857966958,-2.60717542173625
11,1780387272.06275,55.5610496328283,-6.054460613326589,1.0221842978276996,1.7623723175912875,0.0,0.29333846764803106,0.533876321480189,0.021494597272039784,0.05177515481958274,-6.912000338626895,8.171872069320738,-2.142672556693878,56.5139829801154,2.1677732326537726,-1.3980357988872432,0.18556032615218426,0.018692928274314794,0.0660776988617174,-7.946683100723686,-0.064773050179316,1.770725656265177
11,1780387272.11275,55.618484885118654,-5.982798865995074,1.010763420091335,1.7652105200187898,0.0,0.24723784325954892,0.6042988871224921,0.0806374426691826,0.04220394890074889,-7.069144334935081,8.102573866681297,-2.1377029829647203,56.501242445055595,2.1587785803618744,-1.3884113095402255,0.18178724261076654,0.017969400010958533,0.060051573512958416,-7.93508753693522,-0.05546240302890748,1.7799349462166072
11,1780387272.16275,55.66605856703653,-5.91058690975479,1.005209873256676,1.769300359127366,0.0,0.18986126632736788,0.6626299748100737,0.07084239246236113,0.030770097980646147,-7.222419048541392,8.03009263609947,-2.1254569510983394,56.494773158700546,2.1499158206848414,-1.382177622021286,0.1804182992098037,0.016843007847115163,0.05100193939751694,-7.929325303335455,-0.04644292408043693,1.7859510248038273
11,1780387272.21275,55.690788357151696,-5.84159065058521,1.0122060468361782,1.7712160703143727,0.0,0.1306693471180885,0.6929516883615607,0.026987018117898855,0.02039170332572194,-7.306337940778049,7.9597284455982305,-2.1081973581132276,56.49026334157455,2.1411424639674563,-1.3774644152165496,0.17809603820272912,0.015355757227717912,0.03938343154009892,-7.925380323274894,-0.03756209091055496,1.7905098315554797
11,1780387272.26275,55.6856646656938,-5.774569855228756,1.0203129304836187,1.7726116604129265,0.0,0.08256624901313883,0.6866694229646931,0.035499274165606144,0.012979641620760918,-7.290720829869782,7.893012542420179,-2.10166226039627,56.48645872353122,2.132538323740667,-1.373665342288019,0.17341469799376585,0.013854632119836903,0.028017818051583057,-7.922085347844089,-0.02886824082880235,1.794176921515569
11,1780387272.3127499,55.67289478106958,-5.707576905399221,1.0468186663018122,1.7738385321617292,0.0,0.05264400232812723,0.6710119999999911,0.022071776445301516,0.00860166818972599,-7.246230226464485,7.826766675750486,-2.08048506182672,56.482642738430386,2.1241470260071753,-1.3703003573087538,0.16934360952063265,0.012643269988031058,0.019204790854746356,-7.918775375570656,-0.02038738196173595,1.797407942121417
11,1780387272.3627498,55.67289478106958,-5.639151549808284,1.0727439214761865,1.7735091857061835,0.0,0.037569167494430136,0.6710119999999911,-0.027913906145569024,0.005929010176906285,-7.245252534929345,7.758348305359133,-2.054559806652346,56.47859086050767,2.1159660240509703,-1.3670914366674807,0.16486343017715702,0.011792683275300175,0.013336007804209092,-7.915243064104976,-0.012111589066317485,1.8004728772420737
11,1780387272.4127498,55.67289478106958,-5.57063452678901,1.0880259353941117,1.7712212075094107,0.0,0.026330891319083227,0.6710119999999911,-0.048085297211066025,0.005202317874417765,-7.244273533609725,7.68983827689731,-2.0392777927344206,56.474611913148316,2.108063643014061,-1.364086428688539,0.15806476006853842,0.011201607038765654,0.009460780448956638,-7.911772307984037,-0.004116643211953708,1.8033347473807426
11,1780387272.4627497,55.67289478106958,-5.50214427787192,1.098329445787038,1.7697816734843486,0.0,0.023718655247906496,0.6710119999999911,0.0012839161169401377,0.005255676017109637,-7.243294914850237,7.621355019804437,-2.0289742823414945,56.47072028467497,2.1005170452863737,-1.3611880716957863,0.15049183903595648,0.010855612261899726,0.007455425305849295,-7.908374177732253,0.0035200065270903913,1.8060915150480552
11,1780387272.5127497,55.67289478106958,-5.433526880789662,1.0918022887097438,1.7826571364443193,0.0,0.026238081861248062,0.6710119999999911,0.30116032293901224,0.005606233807407179,-7.2423144793419185,7.552744627526312,-2.0355014394187885,56.46688724335855,2.093279802201906,-1.3583307622195755,0.145592190868805,0.010669127665247649,0.006577017875894072,-7.905022028742366,0.010845515026918662,1.8088084469084187
11,1780387272.5627496,55.67289478106958,-5.365158930262909,1.0646046574492032,1.7886873705682786,0.0,0.03151322938647645,0.6710119999999911,-0.008829954168322607,0.006635615591387007,-7.241337608035549,7.484383656338949,-2.0626990706793293,56.46287967421262,2.0859209629355107,-1.3553397273568883,0.1555968271851299,0.01058022656264559,0.00632889696268365,-7.901511516686259,0.018296184394656745,1.8116518803223443
11,1780387272.6127496,55.67289478106958,-5.295785355828524,1.0623299230940084,1.7465631609847518,0.0,0.04165552645025813,0.6710119999999911,-1.1364669574725945,0.009137819689768194,-7.240346367933086,7.4150171639030305,-2.064973805034524,56.45868731585637,2.0784624171361674,-1.3521712597578102,0.15002630309716428,0.010583023519457004,0.006707541763560417,-7.8978326390432985,0.025850296087326807,1.8146650302055995
11,1780387272.6627495,55.67289478106958,-5.229605752244479,1.0698276062839396,1.676674109402633,0.0,0.04790544236528871,0.6710119999999911,-1.3846400801273353,0.009848057648305292,-7.239400764689022,7.34884431626107,-2.057476121844593,56.45527154269887,2.072640129421292,-1.349391596740887,0.08918833306900592,0.010719596816340667,0.008038132600559298,-7.894828537291218,0.031750089545875326,1.8173174580951335
11,1780387272.7127495,55.67289478106958,-5.166801161551512,1.0616526222784803,1.6238735706556642,0.0,0.0405031528346461,0.6710119999999911,-0.9320148322320042,0.007253687907598539,-7.238503385111551,7.286046136972136,-2.065651105850052,56.453648412632795,2.070038912177429,-1.3477761350175779,0.01815574017651682,0.010866626839414036,0.00913598034531911,-7.893396808318558,0.03438804948772711,1.8188722427859174
11,1780387272.7627494,55.67289478106958,-5.103890285564922,1.045169901313531,1.5793814791880638,0.0,0.017428656711357418,0.6710119999999911,-0.8730094767544956,0.001955641413374258,-7.2376044868831215,7.223141683239708,-2.0821338268150016,56.45304700871214,2.0703563343562803,-1.3469558889620121,-0.028269065457804506,0.011098337952823025,0.008073658692931076,-7.892834245222501,0.03408461977466537,1.81966997129277
11,1780387272.8127494,55.67289478106958,-5.043551579058403,1.0223452017824957,1.5566823091554973,0.0,-0.016841255819080757,0.6710119999999911,-0.24159957963576054,-0.006264393934068185,-7.236742340941996,7.162809136407539,-2.104958526346037,56.45373065249413,2.0728268966101084,-1.3470190502559625,-0.07026033936400941,0.010917720408127586,0.007750079788283535,-7.893402797166057,0.031599039489556,1.8196324052538824
11,1780387272.8627493,55.6726033136106,-4.982617182118381,0.9934518322327706,1.5683585563209934,0.0,-0.06549044258379913,0.6702349414647597,0.5779923311858746,-0.016372564953535736,-7.234857188284665,7.1018953833792,-2.1339970273695457,56.4551530461823,2.07654931286045,-1.347586781426688,-0.07981957282930849,0.010792474025545359,0.0077178709245441,-7.8946210896629045,0.02784488395223672,1.8191178484076227
11,1780387272.9127493,55.65308345879946,-4.924325975945111,0.9587060740368052,1.6203188572041625,0.0,-0.11645152120648603,0.6181945873178707,1.4344415102188206,-0.02595033272580891,-7.169970683881451,7.044223654274761,-2.177788779039256,56.45627456653686,2.0797427199877605,-1.3479445876300478,-0.04876525060598219,0.010716889805007823,0.00803223838207957,-7.895575059808792,0.02462648688823066,1.8188018932194847
11,1780387272.9627492,55.669548948395466,-4.850252849524792,0.9194598088617645,1.6929268177090175,0.0,-0.15703821424166026,0.6620919378908379,1.4133260345570084,-0.03277555511074694,-7.222537755790634,6.969684091879398,-2.209513501681844,56.45582523902217,2.080416593679784,-1.3472491158207769,0.02335425032238496,0.013414545904222485,-0.007498125047631069,-7.895143780758175,0.02396324708853914,1.819480605776726
11,1780387273.0127492,55.706794239427225,-4.782111686977795,0.8856065532634473,1.729565284952691,0.0,-0.17853656401054843,0.7613886875004205,0.7105360936327343,-0.035194399310048176,-7.313381498887694,6.8998164752681355,-2.2319752865643245,56.45473563245201,2.0775554318198286,-1.3480341706570564,0.0920181432083496,0.007300063688515814,-0.03150441868695821,-7.894210930266464,0.02684874675062554,1.8186548658207364
11,1780387273.0627491,55.76568252441273,-4.7021322516962805,0.8735466121711845,1.7443281734157468,0.0,-0.1970705864463281,0.9183861260264903,0.33030427190705003,-0.03748141736911775,-7.3603059779466955,6.818749232318693,-2.2461685740009836,56.45317104111891,2.0722452073113398,-1.3487059613510697,0.12342874950288371,0.00574662485751011,-0.03598507458141109,-7.892901335480599,0.0321934747220749,1.8179245444483332
11,1780387273.112749,55.822188937745274,-4.634541360222357,0.8633150429550498,1.7642686747753558,0.0,-0.21166673531228386,1.0690334433271478,0.49723782794253524,-0.039408268406014905,-7.42286777399786,6.749710504082991,-2.2547709108209824,56.45193186032499,2.0659085684762855,-1.349564695837186,0.1340329318276848,0.00492230530771878,-0.038807004296876724,-7.891917111244963,0.0385567217375824,1.817019360742032
11,1780387273.162749,55.882836565340504,-4.561155405768783,0.8490347217539029,1.7794153171319582,0.0,-0.21875828787854276,1.2307213272157418,0.08071801737804336,-0.03983926073845376,-7.484577851675781,6.674836371080976,-2.268436192252372,56.45089562692094,2.05888699071256,-1.350560031775386,0.15127447850535355,0.004391978779132914,-0.041074367232105884,-7.891136736404609,0.04559998092986284,1.815985120384978
11,1780387273.212749,55.921697351806436,-4.505513704803742,0.8370688587810403,1.7768693885859383,0.0,-0.21727507219269032,1.334325022513725,0.008284405268131675,-0.03942241536361137,-7.525329928401624,6.618181071667136,-2.2796816217009477,56.45004331756361,2.0515719700412056,-1.3516416527622732,0.14617429920331843,0.004076485415601476,-0.04229716870983644,-7.8905329165976035,0.052932336795370016,1.8148714576105656
11,1780387273.262749,55.94200477583892,-4.45221369701183,0.8277359721580116,1.7764856357968426,0.0,-0.2084862043698892,1.388465053199739,-0.008100868087343607,-0.03687669865711631,-7.545378821135248,6.564363104577243,-2.2887737142094435,56.4493384081652,2.04460125125889,-1.352812263515353,0.13715817190032345,0.003917822407396016,-0.042660653811727914,-7.890056146655368,0.05991709580058879,1.8136743173668988
11,1780387273.312749,55.92809726852554,-4.408079531864339,0.8104555210961176,1.7740202471423405,0.0,-0.18416025271323586,1.3513873385911104,-0.050917699933541206,-0.03166107093166858,-7.529859182307475,6.520603827625528,-2.3061698002909585,56.448721381065376,2.0380858003362987,-1.3539338652246042,0.12758594672655482,0.003953292512445301,-0.04163701456791899,-7.889648846685651,0.06644470085126386,1.8125294720449316
11,1780387273.3627489,55.92191114508206,-4.361930219922664,0.8011728862881419,1.771005552313417,0.0,-0.14449590075136665,1.334894999999982,-0.08741930030031736,-0.023977356342121177,-7.521997980204474,6.474636059600135,-2.31557280512409,56.448118715251866,2.0320726416418724,-1.3548195029231582,0.11680142217794869,0.004186920140006146,-0.039038058675627235,-7.889242061602497,0.07246983253377781,1.811621112262002
11,1780387273.4127488,55.92191114508206,-4.316192410800079,0.8240466455096237,1.7690530037867256,0.0,-0.0890113280879662,1.334894999999982,-0.023583607704153284,-0.013826445932682655,-7.520861651522371,6.4289123683617815,-2.292699045902608,56.44754077039719,2.026619520198966,-1.3553318536869858,0.10503442893726368,0.004547615869123729,-0.03532235418020768,-7.888843963030605,0.0779345259996469,1.8110869533895064
11,1780387273.4627488,55.92191114508206,-4.269692730526413,0.8508630059938626,1.7782931538196196,0.0,-0.03417908469743484,1.334894999999982,0.534067357324511,-0.003588484133942014,-7.519706394604361,6.382427041139027,-2.265882685418369,56.446977511954074,2.021660430807359,-1.355306383380162,0.09709940051382089,0.004886150713129732,-0.031467374876561524,-7.888446969802581,0.0829049963272408,1.8110911527407119
11,1780387273.5127487,55.92191114508206,-4.223494628835069,0.8776753260990673,1.7921737217216083,0.0,0.022063180463774354,1.334894999999982,0.17179546884810934,0.00612594432966033,-7.518558630226976,6.336243199410369,-2.2390703653131645,56.44632690880822,2.0164265342126297,-1.3545958672315814,0.11663862733068392,0.005016180601538027,-0.028709480969058947,-7.887975948807578,0.08815218212315612,1.8117770785244813
11,1780387273.5627487,55.92191114508206,-4.177074537571376,0.9040360836181263,1.7919870970413991,0.0,0.08222137187359974,1.334894999999982,-0.2701449851027029,0.016651115961417357,-7.517405350650612,6.289837436630857,-2.2127096077941055,56.44556100152865,2.010720124808421,-1.3531861210577862,0.11739448755285355,0.004810016508949978,-0.02786604930454311,-7.887409915399415,0.09387436311393227,1.8131578475378465
11,1780387273.6127486,55.92191114508206,-4.130994265120929,0.9297840496643807,1.7380661708470317,0.0,0.13046619220735137,1.334894999999982,-1.6341150723177498,0.026218010305613416,-7.516260513670682,6.243771387772758,-2.186961641747851,56.444801517142245,2.0055276703165155,-1.3511914879331453,0.09674182939842008,0.004306160568276541,-0.02875840998116229,-7.88683684124439,0.09908258567392547,1.8151237158245932
11,1780387273.6627486,55.92191114508206,-4.087073265716931,0.9662675995251476,1.6244630272285236,0.0,0.16741401462713668,1.334894999999982,-2.7359078743362653,0.03846244161390488,-7.515169322546166,6.199863945458547,-2.1504780918870843,56.44433661508176,2.00295981099702,-1.3490621003984513,0.011470418358438053,0.004108660244671606,-0.028563907224348387,-7.886470845732664,0.10166027633706287,1.8172354805072626
11,1780387273.7127485,55.92191114508206,-4.044299359219327,0.9899027716463076,1.4867969352901598,0.0,0.21180135518915066,1.334894999999982,-2.8097264925449337,0.05480964950611048,-7.514106630263103,6.157103241977695,-2.126842919765924,56.44456137614095,2.005740393829226,-1.3491356080029742,-0.12158812668654272,0.004745031826628954,-0.032819368955879,-7.886609764697258,0.09887541118123622,1.8171704942575202
11,1780387273.7627485,55.92191114508206,-4.0072382066404435,0.9721721546195103,1.3728902645417502,0.0,0.26353259018283964,1.334894999999982,-2.239488061740112,0.0717943593625757,-7.513185867955616,6.120053529060476,-2.1445735367927217,56.445932184485706,2.014750957581248,-1.3543952276440996,-0.24910014228525046,-0.0062416192929791075,-0.10444375327043841,-7.887652933631564,0.08983627666750849,1.8119627880824485
11,1780387273.8127484,55.92191114508206,-3.970259839835978,0.9521971448569813,1.3024817271498128,0.0,0.3306403361688936,1.334894999999982,-1.1354840732598253,0.08974143852629747,-7.512267162411487,6.083086576364199,-2.1645485465552508,56.44811454881034,2.0290679900313684,-1.3625066647970459,-0.341291086472114,-0.007758950663883542,-0.10365279024638312,-7.88931286700701,0.0754736522183066,1.8039337932353687
11,1780387273.8627484,55.92191114508206,-3.933410807292612,0.9372861782596197,1.2943835418538387,0.0,0.4085656120963337,1.334894999999982,0.3600267438381838,0.10689772285061201,-7.511351670100203,6.04624891800743,-2.179459513152612,56.45061662808471,2.0464396682149895,-1.3710320408604733,-0.37411647224594546,-0.009679644060918683,-0.1039571597129863,-7.891189833065739,0.05804985293383336,1.7955026268307348
11,1780387273.9127483,55.92191114508206,-3.8937263395629245,0.9171157532803281,1.3609431771414977,0.0,0.4920449739660892,1.334894999999982,1.6475431384908312,0.12120335151889225,-7.510365733087034,6.0065766996777885,-2.1996299381319036,56.45302971812767,2.063589131404211,-1.3794681380920526,-0.33247528101576124,-0.011592906380159135,-0.10479970323155909,-7.8929876832583075,0.040850101799307925,1.7871570744916099
11,1780387273.9627483,55.92191114508206,-3.8507319893408845,0.8910597937247626,1.4596920671235172,0.0,0.5733248690572119,1.334894999999982,2.151592461947303,0.13155316017957272,-7.509297564010665,5.96359562051684,-2.225685897687469,56.45500504344811,2.0772284415169784,-1.38736113572881,-0.23124243350655665,-0.013098129437561615,-0.10567824361557929,-7.894467560166662,0.027169396968563575,1.7793379662120081
11,1780387274.0127482,55.92191114508206,-3.7989179110296565,0.8598885837991462,1.5541202936328544,0.0,0.6432034404678866,1.334894999999982,1.4602650318596468,0.1378598312263215,-7.508010274032172,5.911797535651149,-2.2568571076130857,56.456385722602036,2.085457236663838,-1.3945085303294775,-0.11215713923053906,-0.014036720889843578,-0.10683024879660957,-7.895533813873962,0.01891119940463737,1.7722420948271145
11,1780387274.0627482,55.92191114508206,-3.7504708922266956,0.8401607400023363,1.591356682907067,0.0,0.6819022461412247,1.334894999999982,0.532406550783546,0.1422374515596626,-7.506806636645856,5.863365470983858,-2.2765849514098955,56.457272942973624,2.0888547998054263,-1.4010584823157062,-0.034192316874632034,-0.014467610979299545,-0.10816073776240964,-7.896266260463366,0.01549411649166954,1.7657251982234898
11,1780387274.1127481,55.90560487501767,-3.6942747240844893,0.8485353625327281,1.6028585251282848,0.0,0.7079577257386392,1.3558071570704826,0.12770758292569168,0.14587950489256726,-7.487855941667941,5.807619863848229,-2.268549663990231,56.45790911609033,2.089659636121454,-1.407341937441059,-0.006135492398351334,-0.014629518305255213,-0.1095978049172381,-7.8968324992542716,0.01467475063496071,1.7594654194882953
11,1780387274.162748,55.90644435547397,-3.637108907591629,0.8536945396468847,1.599571933550225,0.0,0.7218824168656444,1.354730556039675,-0.20390380983328868,0.14856662910331853,-7.487353166153748,5.750449192522737,-2.2633743003838473,56.45845481933558,2.0896189280690978,-1.4135893604202714,-0.0008587326274603459,-0.0009754147900787706,-0.07385489758395655,-7.897336665624487,0.014702751422305926,1.7532382888117723
11,1780387274.212748,55.93784968944501,-3.5806377046507776,0.8552525363390326,1.5856221383179878,0.0,0.7206405110409141,1.3144544368376476,-0.322472440847934,0.1485455160990791,-7.519322497546378,5.693166550378068,-2.2612691956641804,56.45878344164733,2.089762432898169,-1.419537611030486,-0.008366083228987884,-0.01662378995244443,-0.1823033675407918,-7.897636049445645,0.01455164248375862,1.747302250610657
11,1780387274.262748,55.985940381731865,-3.5298195568304567,0.8593824550479247,1.5634155634117037,0.0,0.6937590142417135,1.2527799946285714,-0.5212369919386356,0.1425892999802004,-7.564202968488448,5.641218818563118,-2.2576837728219563,56.459467931171595,2.090371952328893,-1.4295250781552673,-0.02327637830518987,-0.016786602303731305,-0.18163710615389944,-7.898251815596783,0.013926371032703333,1.7373402024271538
11,1780387274.312748,56.046266762555334,-3.480752745345631,0.86614120692501,1.5158905835308931,0.0,0.6462403575616386,1.1754137578194301,-0.8978728650073621,0.1384554296829502,-7.634727488252231,5.59023913159739,-2.2476422130976372,56.46029044428476,2.0919508087114527,-1.4396062409530945,-0.046963255690590865,-0.017087229907140566,-0.180790460280169,-7.898970359681401,0.012328835359319612,1.727289551337055
11,1780387274.362748,56.10536832653766,-3.4360824780446477,0.8707258984419952,1.4769018817570854,0.0,0.619503900157385,1.099618300965704,-0.7225191029194222,0.13792200218570425,-7.618569680184375,5.545899085816513,-2.2645994068532964,56.46117337631394,2.095209631328549,-1.4478657479355972,-0.0877327045667126,-0.017646438604165385,-0.18094865280391895,-7.899702040348179,0.009050438137666372,1.7190627574690378
11,1780387274.4127479,56.15506648602451,-3.392885567146691,0.8779586724444242,1.4551734296773555,0.0,0.6137083387932823,1.0358823446004597,-0.2569760614394534,0.13934717324731163,-7.690275081908691,5.502027881150441,-2.250799738844062,56.462326717379334,2.1002363055087114,-1.4563630077444913,-0.11803898512220132,-0.018446454006546743,-0.18108570573850616,-7.900638081684767,0.003998407012544725,1.7106081673848061
11,1780387274.4627478,56.18510864861784,-3.3505611080535713,0.9042371878353063,1.476862129880012,0.0,0.6312341205208101,0.9973544396652089,0.9347504778414952,0.14082525096190088,-7.722550194182196,5.459266799642823,-2.2236917645567345,56.46369188872004,2.1061777012894023,-1.4650143933360826,-0.12444730691185765,-0.019379577685199063,-0.18126901222553768,-7.9017458949870125,-0.001973055076266217,1.702007197473808
11,1780387274.5127478,56.1861959065929,-3.2975927764899997,0.9397059405236253,1.5926689941983674,0.0,0.6811301861613113,0.9959600736047511,2.7071827982401655,0.14084067907539902,-7.722976041367762,5.406287693420701,-2.188204083561556,56.465041930328795,2.1109869126005174,-1.4736086352279831,-0.07264166223329713,-0.02018105846122815,-0.18149921617948195,-7.902868211136216,-0.006812398154960153,1.6934627154505808
11,1780387274.5627477,56.17033895282709,-3.238284330281734,0.9750115898975565,1.7508291209845153,0.0,0.7293526715827048,1.0162959999999865,3.447346835146347,0.13706217345912586,-7.705823561248455,5.347206868199416,-2.153048384930811,56.46598693014515,2.11111996392019,-1.4818090010794833,0.061238307640175516,-0.003997052387782321,-0.11286811320237847,-7.90373612741863,-0.006967625997454263,1.6852971229934504
11,1780387274.6127477,56.17033895282709,-3.170701620766374,1.0084428454092778,1.9320187347464581,0.0,0.7541667146270585,1.0162959999999865,3.5490715206366286,0.1279219349333142,-7.704909014065375,5.279630346915116,-2.1196171294190895,56.46494738775286,2.1041146360319094,-1.4768844732786746,0.22383395635729111,0.014091041354015708,0.04001816440965242,-7.9029561000527275,5.9869702814463466e-05,1.6901833958904744
11,1780387274.6627476,56.17033895282709,-3.0948405857191124,1.0391825446615632,2.0969059842544326,0.0,0.7577345385213289,1.0162959999999865,3.16416823200671,0.11596935330183282,-7.7038824423815,5.203776258106274,-2.088877430166804,56.46281683168139,2.0890604305914904,-1.467986565111714,0.3851562495243849,0.017062150571411264,0.09666515432863221,-7.901373811575299,0.015159202071093336,1.6990027212612766
11,1780387274.7127476,56.17033895282709,-3.011283104875933,1.0632320227807537,2.1929742242595647,0.0,0.7381883199311194,1.0162959999999865,1.281560539409261,0.10813573186415082,-7.702751720348034,5.1202264282288805,-2.0648279520476134,56.45967820160528,2.066674402889957,-1.4573532785416214,0.5193088956150411,0.02350999746682988,0.17414580494229198,-7.899044732247728,0.0376114462538486,1.7095198055809346
11,1780387274.7627475,56.17033895282709,-2.924601142690909,1.0697333977901566,2.194444623594112,0.0,0.7399683556485579,1.0162959999999865,-0.552350770190227,0.11204715111523425,-7.701578717002819,5.033552403103714,-2.0583265770382106,56.45557974016323,2.0401362666302862,-1.443627423234112,0.5557088356194122,0.025465237523897705,0.2014153923317175,-7.89592946640246,0.0642365484650913,1.7230931371016567
11,1780387274.8127475,56.17033895282709,-2.8385798395662856,1.0718331805026626,2.089821803804126,0.0,0.7336484826451928,1.0162959999999865,-2.4558377679257237,0.11699111010806454,-7.700414653871559,4.947538976545503,-2.0562267943257044,56.45100954552936,2.014145849913401,-1.4285076833534494,0.5011924975520541,0.02548706481889296,0.20478954100423938,-7.892358289608665,0.0903245665110437,1.7380417485574764
11,1780387274.8627474,56.17033895282709,-2.7556783689943396,1.0960042222868547,1.9524038165275754,0.0,0.708658318649426,1.0162959999999865,-2.662724104519094,0.12175320927050946,-7.699292809143396,4.864645096871566,-2.0320557525415124,56.446741861718486,1.9931518254302831,-1.4142687303828907,0.35724710293149564,0.020860336808063335,0.16422707730364125,-7.888936213872595,0.11141023527040739,1.752119901630227
11,1780387274.9127474,56.17033895282709,-2.6762499358609064,1.1341573763551003,1.8276449374824975,0.0,0.7214031710443783,1.0162959999999865,-2.4000794842466315,0.1342537746357451,-7.698217962480698,4.785223936626427,-1.993902598473267,56.44354149019769,1.9793444388528718,-1.403525718296661,0.210401804275474,0.015945003238718225,0.12395421077457522,-7.886319012474086,0.12528659763907823,1.7627416956038626
11,1780387274.9627473,56.17033895282709,-2.600440486195139,1.154685197801174,1.7034990125001281,0.0,0.748354144715945,1.0162959999999865,-2.549611596357799,0.14948206235531505,-7.697192088863913,4.709421428475649,-1.9733747770271932,56.44133051168696,1.9723377354241634,-1.3940496533964544,0.08306628518025608,0.01586771076587264,0.12631675295854167,-7.88444732086846,0.1323415415819067,1.7721337000594701
11,1780387275.0127473,56.17033895282709,-2.5289642157406047,1.1780647475575778,1.5830983354233041,0.0,0.773071750888471,1.0162959999999865,-2.2453669897618673,0.16662238330601953,-7.696224852979617,4.637951702767249,-1.9499952272707894,56.44007007981575,1.971679559382394,-1.384759974989136,-0.04599774414915064,0.020800322771349883,0.17567038148486805,-7.883298137411755,0.13302815359877185,1.781375341521441
11,1780387275.0627472,56.17033895282709,-2.460874613638455,1.2029949918810008,1.4836414223148957,0.0,0.7984599734718014,1.0162959999999865,-1.7424577755618933,0.18469847955756238,-7.695303446391361,4.569868335309931,-1.9250649829473665,56.440248145108086,1.97666628665553,-1.3799886454984231,-0.15040863196696164,0.00457946713732435,0.05973747497439211,-7.88334035344435,0.12803888722901413,1.7861534624509483
11,1780387275.1127472,56.17033895282709,-2.39497318286574,1.2169926276920842,1.4121207035873407,0.0,0.8509483811070637,1.0162959999999865,-1.3074136322434955,0.2061011337886275,-7.694411650718973,4.503972938821484,-1.9110673471362831,56.442043382843735,1.9858893725367421,-1.3825631137232288,-0.2249982262759574,-0.011704689101324425,-0.052476316728316694,-7.884772902185333,0.11877778925155025,1.7836473710668503
11,1780387275.1627471,56.15718942796397,-2.3299393764541283,1.2226474062458434,1.3452172747648832,0.0,0.9095128356707042,1.0360776627804722,-1.3821992043923137,0.22536851466521707,-7.679130682478537,4.439136974726431,-1.9059502247999962,56.44511702984513,1.9980117564650566,-1.3919613777558033,-0.27433057860135873,-0.028869052914067814,-0.16130781886282541,-7.887314175247793,0.10658899192824944,1.7743657794920598
11,1780387275.212747,56.15262900164251,-2.26806125151652,1.226687798366601,1.2705951133933335,0.0,0.933706393552578,1.0429382008276944,-1.6130388160984694,0.24338018430820194,-7.672925756351178,4.377333297152733,-1.9022805778130585,56.449102811398866,2.0124626785362363,-1.4077285323091402,-0.32522957742509867,-0.04241364292783763,-0.23209056390830463,-7.890638445787494,0.09205112968079332,1.7587491759456126
11,1780387275.262747,56.177816274008144,-2.2101254333534075,1.2373721765403158,1.214215083250711,0.0,0.962530400193551,1.005047392339655,-0.8481024143370206,0.2623801207028119,-7.699475170710557,4.319039589509256,-1.89064783889456,56.45355478023025,2.0296902734924647,-1.4258005192338818,-0.38672254847814047,-0.04722187651740563,-0.23336948303964788,-7.894321174674619,0.07472619104060296,1.7408443540780123
11,1780387275.312747,56.22495870562872,-2.154436998738596,1.2797525266933039,1.2094160689443358,0.0,1.054812515461599,0.9341280477490381,0.2790524661054964,0.291129073840958,-7.7494907536825774,4.262634447865619,-1.846580695630895,56.45844871991854,2.048957670453321,-1.4477400845172452,-0.4056923038718116,-0.05368778938515495,-0.3758953634050698,-7.89835701030638,0.05535120525915671,1.719087337991473
11,1780387275.362747,56.28321146803073,-2.0977166518897556,1.3369646710760537,1.2521387286482977,0.0,1.226021753901848,0.846494729141445,1.1392837459974396,0.3233960304563119,-7.812855526372031,4.204843267672415,-1.7865147151586156,56.463869164237465,2.0679312014030296,-1.4733873258933907,-0.37242466269087693,-0.0616552938526392,-0.3759319226576941,-7.9028820573106975,0.03625691566099487,1.6936408044477016
11,1780387275.412747,56.35021443916321,-2.0377095764283357,1.4002140259080937,1.344144377078041,0.0,1.4450288814010361,0.745697917543268,2.068408553971294,0.35412778972566855,-7.884607582331927,4.14342186256596,-1.7203945463293475,56.47001755591138,2.0843519255078755,-1.499170620562877,-0.29998876683943265,-0.06824485682256491,-0.37568385057108017,-7.908140371089145,0.019696459555524015,1.6680832883717374
11,1780387275.4627469,56.41594806410702,-1.9711579001943316,1.4798857855754828,1.4669299831607348,0.0,1.681265246569858,0.6468106637821458,2.6648222759698923,0.37958887464355046,-7.954099103928693,4.07530330219815,-1.638098964096823,56.47673696694166,2.0963312559607075,-1.524816200828832,-0.1862530030412175,-0.06282801523895093,-0.4473761851497363,-7.914038994115865,0.007561024757929413,1.6426816365022008
11,1780387275.5127468,56.42966560245109,-1.8924506517730924,1.5735233389377592,1.6465251248533974,0.0,1.9525855870926676,0.6261745023599343,3.733528786890231,0.3976190924588982,-7.966966994071126,3.9962663260413036,-1.5439263960168088,56.4855919665469,2.102111283473936,-1.5529652853307143,-0.04789165216085384,-0.06548888984353385,-0.44678256378887754,-7.922081144043094,0.001569383416173853,1.6148466895222953
11,1780387275.5627468,56.39493264182519,-1.8019716106142318,1.6770653593167733,1.8406060531870567,0.0,2.206498778350248,0.6784254940589951,3.8026781547246395,0.40504974616619416,-7.927606227871831,3.906686118921563,-1.4417461194155037,56.49213294356426,2.100221890570624,-1.5739308956430724,0.11819536915468884,-0.021099677242410075,-0.0811878320446488,-7.928193747322904,0.0032984310803487737,1.594107629027933
11,1780387275.6127467,56.31873131773496,-1.7013597796734177,1.7914397744461932,2.0188285225928713,0.0,2.396296857220299,0.7930599703819743,3.4378244895265677,0.4010702302955798,-7.843781466431123,3.8078322566041063,-1.3305162426526553,56.49019666803664,2.090405434707669,-1.5670282925045071,0.27587766130204944,0.038033938959817826,0.3441106088983743,-7.9266568461622295,0.013158915070601296,1.6009436549505773
11,1780387275.6627467,56.25786999016324,-1.5977458085084442,1.9196385785718442,2.1608215618087754,0.0,2.5552689970408515,0.8846175187290563,2.6857810480264392,0.40144500346593487,-7.776707416691023,3.7054306284318885,-1.204939355725343,56.48531443742405,2.07303935369852,-1.5416465854626935,0.4225283400165163,0.06456002559558088,0.5248680352634093,-7.9225860031245,0.030638067497437138,1.6261556737623177
11,1780387275.7127466,56.2034157007933,-1.4952760728679846,2.0666689739956383,2.301033911651187,0.0,2.721076427365942,0.96653655386381,2.836326027873711,0.4002314121423224,-7.716259568583315,3.603890319964435,-1.060756108466682,56.47929440149395,2.0495366965565283,-1.5062244874220665,0.5260398099743722,0.08564441427502353,0.6772822941333673,-7.9176199677552255,0.05427839470224782,1.6613649557353112
11,1780387275.7627466,56.17710081807112,-1.3978251420802268,2.235669455689916,2.4355548386035455,0.0,2.8801534933161834,1.0090060101956824,2.6201755737139885,0.40000000596045915,-7.68772727811722,3.5068239305689186,-0.8923561288743325,56.4718919210733,2.0210920768298464,-1.4618151818459195,0.6316236238330881,0.10004685455005925,0.8131277143017938,-7.911499006246655,0.08289087708933973,1.705507158504088
11,1780387275.8127465,56.16819675637101,-1.305770787711077,2.4274680872693466,2.5704194787869175,0.0,3.0396370156710653,1.023434075882363,2.5927837537381375,0.40000000596045915,-7.6774861632938265,3.414899829356717,-0.7006256758745097,56.462304324219,1.9882900098160736,-1.4083138438553733,0.7209261491488048,0.11030420969034876,0.9375977834215103,-7.903458067625444,0.11590918052038868,1.7586565034732713
11,1780387275.8627465,56.16281713066294,-1.2287826241197752,2.644764084204205,2.666384071129385,0.0,3.153119476213113,1.0259424443390062,1.6814750689664528,0.40000000596045915,-7.6708501203036175,3.3379937988007873,-0.48350685741544597,56.449567441916884,1.9519581413137996,-1.3455369656620177,0.80429428807562,0.11725038343998564,1.0504613540442764,-7.892574296278935,0.15252621847893377,1.820958237865014
11,1780387275.9127464,56.115925517858344,-1.1727776508145216,2.879665980326186,2.743075045200851,0.0,3.243810013488964,1.086079113754301,1.6503470742411892,0.40000000596045915,-7.615359652272716,3.282569618303761,-0.2553033193683856,56.432912036710455,1.9137904416598852,-1.2735808113465985,0.8398327766930072,0.12077520415153029,1.1376365221129388,-7.878087822363668,0.19106170222983487,1.892280105612688
11,1780387275.9627464,56.057658981552294,-1.1426125258166304,3.117793111638364,2.7949328658678767,0.0,3.3051342263469814,1.1608036800944157,0.9385254512702915,0.40000000596045915,-7.577324658236803,3.2528019186373225,0.0007024269597000199,56.414138638363525,1.875441458827624,-1.1946944720221893,0.8703230909094657,0.12207676405050699,1.19885063029854,-7.861621431794519,0.22981532579779596,1.9704351682139531
11,1780387276.0127463,55.99764838565413,-1.1449641326154802,3.350419874156277,2.826628855935211,0.0,3.342616164782369,1.2377649350203508,0.6819395107419342,0.4008298598234097,-7.518062207403041,3.2567749059766973,0.23391366166747085,56.39409630340443,1.8383461216404393,-1.110500772421383,0.8622951298273905,0.12197399717139487,1.2317351391500506,-7.843907286951429,0.26733063011697067,2.053840016328369
11,1780387276.0627463,55.96487898170456,-1.1758464409269298,3.5681287030465323,2.8546183590638816,0.0,3.3763291716882455,1.356782480567693,0.5004145504231062,0.40071944363173495,-7.485747852219336,3.2884629579225626,0.4513419977362716,56.37347075477219,1.8040263537502441,-1.0231592900434539,0.8401199639307703,0.12139336722914289,1.2354169442064649,-7.825543173654257,0.30206927639459513,2.1403633194682
11,1780387276.1127462,55.92170271919189,-1.2418936930244675,3.7554184355364826,2.898938474245856,0.0,3.434162154421197,1.3774491749170341,1.1067484451739649,0.40080966511474314,-7.444268368781806,3.355567915794876,0.6386680751758913,56.35386938454252,1.7732346573617856,-0.9352195233882776,0.806865422649942,0.12045246965687777,1.2140767444386862,-7.808029897639094,0.33324532651763583,2.2275086775340736
11,1780387276.1627462,55.87840544588598,-1.3379149891440074,3.931017062376399,2.9558529631384665,0.0,3.527738598386484,1.2951938400650538,0.8640172947328776,0.3996284299039702,-7.402320876610364,3.452642414541982,0.8134829589809542,56.33279230887173,1.7456968969660953,-0.8460833622198871,0.8043966365274501,0.1200609885447257,1.1930126811928239,-7.789089009172049,0.36118101476477626,2.3157569258410113
11,1780387276.2127461,55.83784507376748,-1.4607938689803144,4.098802383411677,3.0284908291805315,0.0,3.586964993476436,1.1107730398073017,1.698423238183712,0.39484475369529715,-7.364086598331106,3.5764671159416714,0.9808290583430104,56.30698769409155,1.721223965409793,-0.7534392104910133,0.7935636457772489,0.11963700861708541,1.1761278340418992,-7.765713075010156,0.38611895905824123,2.4072806126854482
11,1780387276.262746,55.764772923373734,-1.6008875840011978,4.2615321410587494,3.108579349280839,0.0,3.6625283095074703,0.9159611100281636,1.4526760059981305,0.3864823898491075,-7.291516494776213,3.7182674204991883,1.1417931270435862,56.26825275684534,1.6995238682565157,-0.65185836727589,0.830552728543611,0.11922805284138374,1.1747229469850993,-7.730191924281386,0.40847285346153983,2.507218210074761
11,1780387276.312746,55.727264064577334,-1.7538713842913005,4.434418641355521,3.1810076696947407,0.0,3.623307943456923,0.8159616830705024,1.432562924688685,0.37048253836956974,-7.259731708779736,3.871991996710011,1.3160323291259513,56.19811279617339,1.6808907256080365,-0.5287381352131328,0.8612199260167069,0.11801123488330613,1.1848702712026538,-7.666273504340316,0.42811248331127416,2.6268356326563653
11,1780387276.362746,55.72327415230715,-1.9095391621157745,4.611140913972361,3.24399747576938,0.0,3.5412998876409616,0.8053244908595691,1.1365458858552702,0.351882788888218,-7.260141915640054,4.027692822186414,1.493166811089667,56.08320168682528,1.666901775209683,-0.37590574427057266,0.8944941190249753,0.11445980966738145,1.1841666439623622,-7.5555172113721705,0.44327754103572836,2.7772964262407793
11,1780387276.412746,55.75525767587886,-2.069394210581333,4.784294766032362,3.29669836244992,0.0,3.3816475991098156,0.8905932548766018,0.9980013707203412,0.3286033782748519,-7.29205819348188,4.186873442398097,1.66446724411513,55.95085931331857,1.6591545054018813,-0.21068709226588656,0.9131349852601816,0.10912254733493926,1.1670808783443078,-7.401018932956554,0.45469373885385655,2.9559502299938494
11,1780387276.462746,55.81760821069621,-2.2179553227592175,4.9738838154168,3.3361851319166935,0.0,3.211033856653629,1.0568211261665015,0.7264832706851769,0.30787141911605015,-7.361404174808411,4.333901644168948,1.8557602496989913,55.85408123469393,1.6579925764589254,-0.06739950455593169,0.9214850285585153,0.10195692169915828,1.1244498353286447,-7.3064128056203845,0.45817184145014056,3.0979624621116963
11,1780387276.5127459,55.887971586393554,-2.3718701061252445,5.1357011426787595,3.3708880457712755,0.0,3.0294902687934604,1.24441140415217,0.7499874406667154,0.2844589282760743,-7.437092269133679,4.486059441581785,2.0183083106576323,55.79335937294648,1.6625125975426813,0.05130052177306821,0.9093348454170309,0.09477425334224152,1.0636457910608244,-7.2469264316041615,0.45504716810792556,-3.0673207650762397
11,1780387276.5627458,55.92813189466598,-2.517780240169875,5.263805820189019,3.3814811174515347,0.0,2.8437002082941083,1.3514796526287416,-0.07334658490412134,0.26418458326180755,-7.482704366619232,4.630892781758087,2.1471810534523605,55.75210141304293,1.6716087513640183,0.1535466638648404,0.8914855868645152,0.08721466398251024,0.9823646140324099,-7.207426443932295,0.44682657038594287,-2.966245402419254
11,1780387276.6127458,55.94169027523743,-2.6554574989410464,5.357690741052767,3.36337319424597,0.0,2.670818820100001,1.387626587809518,-0.37045864554583213,0.24299097005916442,-7.5000005280480915,4.768179999973965,2.2411808136790388,55.71945408224555,1.6841791414403902,0.24413116487247422,0.8309726898186265,0.08005221658162875,0.8822251620188596,-7.170807471701812,0.4350831749227795,-2.8734599279624278
11,1780387276.6627457,55.92191114508206,-2.782651998598213,5.4305039926249075,3.3302185694682955,0.0,2.4069295286044494,1.334894999999982,-0.9058819543982969,0.21973294669758572,-7.482761751483941,4.895845313900911,2.313758301212676,55.69191396559873,1.698930591403633,0.3231793291612539,0.759431550855103,0.07251479503864257,0.7607630578630007,-7.147184547886332,0.4208868508427399,-2.7969222161602745
11,1780387276.7127457,55.92191114508206,-2.8894246341284195,5.4849527372543925,3.2581383097575274,0.0,1.9309542201631544,1.334894999999982,-1.7628500904483384,0.1931872769884695,-7.48541445415038,5.002584991934104,2.3682070458421602,55.6666674073785,1.7145632602679495,0.39118037750322543,0.6692286551578124,0.06361237538126792,0.623512254982966,-7.139218535652461,0.40539637704567477,-2.7391948795145193
11,1780387276.7627456,55.92191114508206,-2.983670579690601,5.519609998235014,3.136891488693819,0.0,1.3727312610066185,1.334894999999982,-2.8214375157090994,0.1618963569609002,-7.487755938650153,5.096801846611211,2.4028643068227815,55.64623108974337,1.7294635373167335,0.44535320923204935,0.5439032604338542,0.051816683998908014,0.46697147955046503,-7.134007726571197,0.39052805734501184,-2.693922311584602
11,1780387276.8127456,55.90607132384219,-3.0587797645373107,5.5364150767598606,2.9743552043299695,0.0,0.8402263156658545,1.3552089545971304,-3.672570115196385,0.12874677411593377,-7.472776785422979,5.1723036359617165,2.419339026901561,55.631361769346455,1.7416343072080864,0.4835622537724644,0.375611836474963,0.035945436556467494,0.2924880334675882,-7.128388521493601,0.37835418375264873,-2.661040879790625
11,1780387276.8627455,55.90845253376626,-3.1339372791344893,5.5384188018350615,2.7446005721289137,0.0,0.3265726123171858,1.3521551454946505,-4.471971367576019,0.09046523377949801,-7.4771453726185415,5.247376560524189,2.4213892477693157,55.62289914425606,1.7492013134531519,0.5043965311460221,0.17514542826179555,0.02504218564836954,0.1841355179793131,-7.124497224415605,0.37077011841952423,-2.642807092794449
11,1780387276.9127455,55.9377809875383,-3.193467159478062,5.5251242824591476,2.522060995235873,0.0,0.04392339110774441,1.3145425443606165,-4.9970429956540965,0.05878370727032651,-7.5095469612971115,5.306119428144235,2.4086021901488515,55.62119034812996,1.7512946501549298,0.5120006227711178,-0.051133224389222964,0.013502468721133087,0.06664551455741874,-7.123657265540929,0.3686718266684361,-2.6356924244742874
11,1780387276.9627454,55.987197997363296,-3.2569351018932307,5.4988557788232555,2.26078615562401,0.0,-0.1195609170694224,1.2511671515004363,-5.442009399537594,0.02759538377086563,-7.558875080269457,5.368382945333386,2.381822442153929,55.62700191546376,1.747255166335931,0.5058219422801251,-0.28881241888118625,-0.0020469544923541905,-0.04421777762149563,-7.1264546402532485,0.37272610209926227,-2.640160029881205
11,1780387277.0127454,56.04671701674793,-3.319589023401507,5.458163562676748,1.9785614598321324,0.0,-0.0953377531861177,1.174836324331582,-5.469208304105224,0.0038468147262893018,-7.630390714200572,5.429133711304904,2.344288047417339,55.642255319322125,1.7371048233113453,0.48453194589053306,-0.535050445280122,-0.0029413930933745412,-0.04411723028918886,-7.1326531626423195,0.38288885115727367,-2.6562627754207666
11,1780387277.0627453,56.105929693717385,-3.381342820060664,5.407213464140685,1.7394465983342222,0.0,0.0,1.098898369393963,-5.200568067954077,-0.009627943836884685,-7.618692712421354,5.4911575884556605,2.271859983283056,55.67046297185669,1.7222365305998975,0.4510020009853841,-0.7701182963984977,-0.002944780940977066,-0.0440438980867338,-7.1397345140185235,0.3977162974443782,-2.6775190220031573
11,1780387277.1127453,56.155217747011754,-3.4365660182874675,5.3541794198516675,1.409289214426335,0.0,0.0,1.0356883582681244,-7.101685840928747,-0.013594136516906222,-7.691028623386645,5.545702257174203,2.225433144739691,55.715754797614494,1.7042118172849972,0.40264192296912693,-0.9818841682345809,0.008801602389633645,0.028068470668992984,-7.166275094722605,0.41515400503817146,-2.714741779969166
11,1780387277.1627452,56.18586757151313,-3.48122171060476,5.304114417521433,1.0369548155365114,0.0,0.0,0.9963811505728539,-7.49945208573159,-0.01428153875795332,-7.7251397788967004,5.589904209369769,2.1761985310240277,55.78595872219682,1.6843517110159083,0.3331424957009892,-1.2783656269607482,0.012688958646065882,0.02802565877258465,-7.239450352986396,0.4333732070356351,-2.785730745327177
11,1780387277.2127452,56.18636691152143,-3.5111596378623724,5.25963095402947,0.7035377743325221,0.0,0.0,0.9957407664357177,-6.2169259594269635,-0.014224387112595825,-7.726079990976724,5.619832074618385,2.131724033385357,55.88908785246792,1.6650377186669243,0.2335962871007693,-1.582002009538547,0.01753837840718419,0.028107059938365573,-7.340495892135278,0.45030732030533027,-2.8837788815911174
11,1780387277.2627451,56.17033895282709,-3.528097159260536,5.219074658244389,0.43383791560746754,0.0,0.0,1.0162959999999865,-5.119015786710301,-0.014797525145157185,-7.709745385458578,5.636993160379639,2.091014683416022,56.01775765212656,1.6515672322648562,0.10868904442763494,-1.8083674838564807,0.023160159698079195,0.028242153359491668,-7.464237814586512,0.4606980035600654,-3.0055281066505044
11,1780387277.312745,56.17033895282709,-3.5378482048710578,5.179388153122317,0.22164355678860417,0.0,0.0,1.0162959999999865,-3.9442435732047327,-0.017566347541518243,-7.709877339198804,5.646743313132745,2.05132817829395,56.15732674179592,1.6486311558994364,-0.029936635549325796,-1.9682607669149612,0.013787460011923967,0.13649419997865264,-7.627551849663297,0.4609007921542818,3.1246607318499295
11,1780387277.362745,56.17033895282709,-3.541988914777964,5.136810284669176,0.07785633540220745,0.0,0.0,1.0162959999999865,-2.4423131425376132,-0.023203005392396107,-7.709933372385524,5.650883643894307,2.008750309840808,56.30445659677415,1.6601326027666474,-0.1726408514439255,-2.0628579603920705,0.027504965115614413,0.13644738393620776,-7.764531881646685,0.4472439659212162,2.987969918198454
11,1780387277.412745,56.17033895282709,-3.5430683213349115,5.08170903947924,0.018030515317289643,0.0,0.0,1.0162959999999865,-0.748417817431322,-0.02802906488003721,-7.7099479792018695,5.6519629516150705,1.9536490646508735,56.447598458125846,1.6864421977592232,-0.3076908517779189,-2.079377565664148,0.038783986175178184,0.20832973093082974,-7.897342388683583,0.41800568082072465,2.8587301328758787
11,1780387277.462745,56.17033895282709,-3.543913953169199,5.02227028254137,0.03509340006530503,0.0,0.0,1.0162959999999865,0.7334228623227748,-0.030902831291903864,-7.709959422516551,5.652808506018825,1.8942103077130028,56.57696644278326,1.7249363074099506,-0.4287497497908399,-2.0129170932062266,0.02919863959549841,0.2083561161751918,-8.017686570623642,0.3762340018239272,2.7423227007720037
11,1780387277.512745,56.17033895282709,-3.545442550312213,4.970739722563051,0.032822516653568945,0.0,0.0,1.0162959999999865,-0.7499339291920238,-0.030466834960511446,-7.709980107899265,5.654336963195384,1.8426797477346835,56.68689897740858,1.771601298037552,-0.5282540676790761,-1.8769743789967253,0.052785035440242226,0.20820498416524358,-8.115372903389288,0.3265028504068084,2.648927497917751
11,1780387277.5627449,56.17033895282709,-3.5457013784651443,4.913607514878935,-0.003807849404856077,0.0,0.0,1.0162959999999865,-0.5986229000196065,-0.030552100324469807,-7.709983610430606,5.654595767648637,1.7855475400505672,56.77949811449574,1.823520530518899,-0.6119514556350012,-1.8205229201979147,0.04106008974176356,0.20821971463889477,-8.239445777878005,0.2716638773350222,2.546936309621948
11,1780387277.6127448,56.17033895282709,-3.5452622976138346,4.857616161093244,-0.014058594722183045,0.0,0.0,1.0162959999999865,0.01147271277479689,-0.029494612281279173,-7.709977668671854,5.654156727001897,1.729556186264876,56.85931462667601,1.8789281352283256,-0.6826579567832631,-1.7596141469424902,0.03392748680091881,0.17217752468003283,-8.306433938229816,0.21478789179790936,2.4825387328197515
11,1780387277.6627448,56.17033895282709,-3.5450435112029557,4.828423742150728,0.0,0.0,0.0,1.0162959999999865,0.3965274607855256,-0.02803526879032656,-7.7099747079960075,5.653937960624262,1.7003637673223615,56.927357639478046,1.9362351496308927,-0.7414028818850276,-1.6716772486500255,0.031154261702879264,0.244091887262273,-8.364826905291437,0.1559520111903656,2.4280688589586
11,1780387277.7127447,56.17033895282709,-3.5450435112029557,4.81401571668664,0.0,0.0,0.0,1.0162959999999865,0.0,-0.02545212272628836,-7.7099747079960075,5.653937960624262,1.6859557418582725,56.98476089857838,1.9936332306454845,-0.7911447199005779,-1.5696984382249979,0.029671834791138822,0.1360112861294534,-8.414357965605449,0.09707071681214718,2.381462017713112
11,1780387277.7627447,56.17033895282709,-3.5450435112029557,4.809566521308204,0.0,0.0,0.0,1.0162959999999865,0.0,-0.02340579357497945,-7.7099747079960075,5.653937960624262,1.6815065464798362,57.03379679346961,2.050062878208884,-0.8323825173885671,-1.4916917854584413,0.03249610771038238,0.20785831424155993,-8.45662168834681,0.03924769026978314,2.342662890597575
11,1780387277.8127446,56.17033895282709,-3.5450435112029557,4.814247719015644,0.0,0.0,0.0,1.0162959999999865,0.0,-0.02110715327707579,-7.7099747079960075,5.653937960624262,1.6861877441872775,57.07603315384597,2.105630717754824,-0.8667226063633291,-1.417922356365227,0.029471213913781262,0.09948773503952398,-8.492284489206227,-0.017585524179544176,2.310551406563004
11,1780387277.8627446,56.17033895282709,-3.5450435112029557,4.82801277974798,0.0,0.0,0.0,1.0162959999999865,0.0,-0.019479594261367236,-7.7099747079960075,5.653937960624262,1.6999528049196133,57.113047744413855,2.1596107481492877,-0.8993644516144546,-1.3477959448032122,0.015748148506098993,0.09953593775592147,-8.524529039335892,-0.07277735291456944,2.2792161193108527
11,1780387277.9127445,56.17033895282709,-3.5450435112029557,4.851012861658908,0.0,0.0,0.0,1.0162959999999865,0.0,-0.017778110438294335,-7.7099747079960075,5.653937960624262,1.7229528868305408,57.14547132021756,2.212052982733555,-0.9273407435256518,-1.2809498076353474,0.022279619964630584,0.0994776204234885,-8.552420920825437,-0.1262982605040528,2.252402356095361
11,1780387277.9627445,56.17033895282709,-3.5450435112029557,4.880524822510074,0.0,0.0,0.0,1.0162959999999865,0.0,-0.016303457588820607,-7.7099747079960075,5.653937960624262,1.752464847681706,57.17393452904816,2.2629126699140403,-0.9530915477159976,-1.217638547870526,0.015933933154153604,0.027559007833769855,-8.570650180857475,-0.17792162742633,2.230309790060982
11,1780387278.0127444,56.17033895282709,-3.5450435112029557,4.880243127969722,0.0,0.0,0.0,1.0162959999999865,0.0,-0.014923290146270977,-7.7099747079960075,5.653937960624262,1.7521831531413543,57.1989256745994,2.3121912578321466,-0.9753025234800639,-1.1572760259652504,0.01960441639708234,0.027594679204076527,-8.59353689214447,-0.22821706094170535,2.2081085607385216
11,1780387278.0627444,56.17033895282709,-3.5450435112029557,4.880134454019712,0.0,0.0,0.0,1.0162959999999865,0.0,-0.01374518302103567,-7.7099747079960075,5.653937960624262,1.7520744791913447,57.22128877282663,2.359515337474875,-0.9948496796498949,-1.0998860334903149,0.012878555913362136,0.09961522482574463,-8.629421811112925,-0.2769708865125837,2.1819799519851415
11,1780387278.1127443,56.17033895282709,-3.5450435112029557,4.880134454019712,0.0,0.0,0.0,1.0162959999999865,0.0,-0.012622942603313737,-7.7099747079960075,5.653937960624262,1.7520744791913447,57.24113519727579,2.405128417207659,-1.0118501159977225,-1.0453636616984836,0.016252900437520403,0.09952955434570528,-8.667375551860218,-0.3237850557430866,2.1567747373888952
11,1780387278.1627443,56.17033895282709,-3.5450435112029557,4.880134454019712,0.0,0.0,0.0,1.0162959999999865,0.0,-0.011785313173604688,-7.7099747079960075,5.653937960624262,1.7520744791913447,57.25912251963884,2.4487417604419415,-1.0269589468651663,-0.9936931754689095,0.009183878284855035,0.027322900736988176,-8.698758706184991,-0.36816374095397464,2.1357102980098457
11,1780387278.2127442,56.17033895282709,-3.5450435112029557,4.880134454019712,0.0,0.0,0.0,1.0162959999999865,0.0,-0.011065488908904233,-7.7099747079960075,5.653937960624262,1.7520744791913447,57.27538205262107,2.490507098245125,-1.0421138989459462,-0.9444525884729368,0.01052231826806938,0.02745433579994898,-8.724531711237907,-0.4104245220434546,2.11638026575889
11,1780387278.2627442,56.17033895282709,-3.5450435112029557,4.880134454019712,0.0,0.0,0.0,1.0162959999999865,0.0,-0.010079855810763124,-7.7099747079960075,5.653937960624262,1.7520744791913447,57.29001089546069,2.530570741425884,-1.0556060065043602,-0.8976501121989181,0.011780614781532561,0.027546224713806786,-8.747125160993562,-0.45083608275196774,2.0994722435645716
11,1780387278.3127441,56.17033895282709,-3.5450435112029557,4.880134454019712,0.0,0.0,0.0,1.0162959999999865,0.0,-0.008770057545440474,-7.7099747079960075,5.653937960624262,1.7520744791913447,57.30321831000657,2.568957892131852,-1.0676501574902941,-0.853165089366269,0.012957611148288733,0.027589124585405026,-8.767826676062453,-0.48947285101823423,2.084308841836857
11,1780387278.362744,56.17033895282709,-3.5450435112029557,4.880134454019712,0.0,0.0,0.0,1.0162959999999865,0.0,-0.0073257818681296185,-7.7099747079960075,5.653937960624262,1.7520744791913447,57.31518054458448,2.6057035252789684,-1.0784282072026166,-0.8108828476629096,0.01405163460491298,0.02757173382210299,-8.786843968238289,-0.5263899487435979,2.070676762365153
11,1780387278.412744,56.17033895282709,-3.5450435112029557,4.880134454019712,0.0,0.0,0.0,1.0162959999999865,0.0,-0.0061163968326000545,-7.7099747079960075,5.653937960624262,1.7520744791913447,57.32604690080494,2.640849609028549,-1.088095023728446,-0.7706943658033786,0.015061866151118182,0.027489330126315777,-8.804333956450074,-0.5616452478626184,2.0584016890609327
11,1780387278.462744,56.17033895282709,-3.5450435112029557,4.880134454019712,0.0,0.0,0.0,1.0162959999999865,0.0,-0.005278776626379936,-7.7099747079960075,5.653937960624262,1.7520744791913447,57.33594453569143,2.6744430188491823,-1.096782887477103,-0.7324959861018211,0.015989604616021225,0.027349812531505324,-8.820166436476548,-0.5952983571061212,2.047433091549598
11,1780387278.512744,56.17033895282709,-3.5450435112029557,4.880134454019712,0.0,0.0,0.0,1.0162959999999865,0.0,-0.004422567527018045,-7.7099747079960075,5.653937960624262,1.7520744791913447,57.345113990837284,2.706421540815282,-1.1065279890979371,-0.6962786113257297,0.005345046203326776,-0.044405315511020685,-8.834661539700653,-0.6273003605415122,2.0356892159637052
11,1780387278.562744,56.17033895282709,-3.5450435112029557,4.880134454019712,0.0,0.0,0.0,1.0162959999999865,0.0,-0.003778787505569056,-7.7099747079960075,5.653937960624262,1.7520744791913447,57.35351269528747,2.7369546880242552,-1.115463400121644,-0.6617948367431563,0.004998027924594259,-0.04415536422614807,-8.847788267754106,-0.657830247347853,2.0250193788000566
11,1780387278.6127439,56.17033895282709,-3.5450435112029557,4.880134454019712,0.0,0.0,0.0,1.0162959999999865,0.0,-0.0030414424687867487,-7.7099747079960075,5.653937960624262,1.7520744791913447,57.361223829499295,2.7660937932538343,-1.1236873575677828,-0.6290187757448675,0.00467229260852961,-0.04392579372173254,-8.859712268576464,-0.6869471003255447,2.0152840869232254
11,1780387278.6627438,56.17033895282709,-3.5450435112029557,4.880134454019712,0.0,0.0,0.0,1.0162959999999865,0.0,-0.002073431339223884,-7.7099747079960075,5.653937960624262,1.7520744791913447,57.36831864278406,2.7938913397656018,-1.1312733287056531,-0.5978658508661546,0.004365194709340796,-0.04371960840949793,-8.870573370851965,-0.7147091032825013,2.006376148526865
11,1780387278.7127438,56.17033895282709,-3.5450435112029557,4.880134454019712,0.0,0.0,0.0,1.0162959999999865,0.0,-0.0009991524851375437,-7.7099747079960075,5.653937960624262,1.7520744791913447,57.374859265134816,2.8203997858136707,-1.1382857749505026,-0.5682556525130753,0.004073497218870289,-0.04354437649132782,-8.880492861685529,-0.7411729142972936,1.9982027320596965
11,1780387278.7627437,56.17033895282709,-3.5450435112029557,4.880134454019712,0.0,0.0,0.0,1.0162959999999865,0.0,7.805758197077791e-05,-7.7099747079960075,5.653937960624262,1.7520744791913447,57.3809000926833,2.845671085688063,-1.1447815654618516,-0.5401117640260829,0.0037946498320314513,-0.04340329487608861,-8.889617680256634,-0.7663932851618429,1.9906684814598812
11,1780387278.8127437,56.17033895282709,-3.5450435112029557,4.880134454019712,0.0,0.0,0.0,1.0162959999999865,0.0,0.0006401199184286727,-7.7099747079960075,5.653937960624262,1.7520744791913447,57.38648892624715,2.8697563660730276,-1.1508109340547534,-0.5133615642743617,0.0035268030085321696,-0.04329594423862785,-8.898048766438764,-0.7904233319132952,1.9837001944829087
11,1780387278.8627436,56.17033895282709,-3.5450435112029557,4.880134454019712,0.0,0.0,0.0,1.0162959999999865,0.0,0.0007847754234337991,-7.7099747079960075,5.653937960624262,1.7520744791913447,57.39166788105227,2.8927056539290312,-1.156417872475145,-0.48793610723071035,0.003271042139974323,-0.04320428934469833,-8.905852654528209,-0.8133146702791842,1.9772419360724198
11,1780387278.9127436,56.17033895282709,-3.5450435112029557,4.880134454019712,0.0,0.0,0.0,1.0162959999999865,0.0,0.0007855759685874699,-7.7099747079960075,5.653937960624262,1.7520744791913447,57.396474179914364,2.9145677842630775,-1.1616405842838042,-0.4637698502155656,0.0030284915479755112,-0.04311386026203481,-8.913087836477988,-0.8351173526714972,1.9712452885843446
11,1780387278.9627435,56.17033895282709,-3.5450435112029557,4.880134454019712,0.0,0.0,0.0,1.0162959999999865,0.0,0.0007160089032019536,-7.7099747079960075,5.653937960624262,1.7520744791913447,57.40094084765252,2.93539026610084,-1.1665125179987426,-0.4408004539234619,0.002799229193641634,-0.04301970521622303,-8.919805954715153,-0.8558798186527414,1.965668026477358
11,1780387279.0127435,56.17033895282709,-3.5450435112029557,4.880134454019712,0.0,0.0,0.0,1.0162959999999865,0.0,0.0007356280165871654,-7.7099747079960075,5.653937960624262,1.7520744791913447,57.405097286450086,2.9552191466928344,-1.1710632547918423,-0.4189686544547435,0.00258308278276154,-0.04291947068744812,-8.92605278185738,-0.8756488235371425,1.9604729929617424
11,1780387279.0627434,56.17033895282709,-3.5450435112029557,4.880134454019712,0.0,0.0,0.0,1.0162959999999865,0.0,0.0009689162727368786,-7.7099747079960075,5.653937960624262,1.7520744791913447,57.40896976460601,2.974098950300887,-1.1753192071113325,-0.3982180987367672,0.002379120378340351,-0.04281628725104811,-8.931869044568256,-0.894469426443464,1.955627208650748
11,1780387279.1127434,56.17033895282709,-3.5450435112029557,4.880134454019712,0.0,0.0,0.0,1.0162959999999865,0.0,0.0012112051234447548,-7.7099747079960075,5.653937960624262,1.7520744791913447,57.41258183220802,2.992072625987168,-1.1793042826799902,-0.37849520641112955,0.0021857426447914664,-0.04271746823722071,-8.93729111749532,-0.912384975974613,1.951101049310635
11,1780387279.1627433,56.17033895282709,-3.5450435112029557,4.880134454019712,0.0,0.0,0.0,1.0162959999999865,0.0,0.0014832802426189206,-7.7099747079960075,5.653937960624262,1.7520744791913447,57.415954649950805,3.0091814976359634,-1.1830401454649875,-0.35974908172622694,0.0020023286983233213,-0.042623224621028064,-8.942351572707606,-0.9294370899538738,1.9468678581139702
11,1780387279.2127433,56.17033895282709,-3.5450435112029557,4.880134454019712,0.0,0.0,0.0,1.0162959999999865,0.0,-0.00032222916099502715,-7.7099747079960075,5.653937960624262,1.7520744791913447,57.41910727716978,3.0254653027899097,-1.1865463480424328,-0.34193134617805654,0.0018282005594899334,-0.04253446545251885,-8.947079656734537,-0.9456657173291183,1.942903707037762
11,1780387279.2627432,56.17033895282709,-3.5450435112029557,4.880134454019712,0.0,0.0,0.0,1.0162959999999865,0.0,-0.0014740891886827097,-7.7099747079960075,5.653937960624262,1.7520744791913447,57.42205676274543,3.040962041705843,-1.1898386498665077,-0.32499632344092066,0.0016734489826287305,-0.042380479545236396,-8.951501470884875,-0.9611090081001818,1.939189012286823
11,1780387279.3127432,56.17033895282709,-3.5450435112029557,4.880134454019712,0.0,0.0,0.0,1.0162959999999865,0.0,0.0003733469046091389,-7.7099747079960075,5.653937960624262,1.7520744791913447,57.42481851532769,3.055708565916915,-1.1929299762246586,-0.3089001815055445,0.001535033076477943,-0.042185405925721814,-8.955640553435453,-0.9758039134916854,1.935707477703387
11,1780387279.3627431,56.17033895282709,-3.5450435112029557,4.880134454019712,0.0,0.0,0.0,1.0162959999999865,0.0,0.005528403903511163,-7.7099747079960075,5.653937960624262,1.7520744791913447,57.427406745588435,3.069740319710995,-1.1958352183807741,-0.2936009822543993,0.0013974967044140898,-0.04203144699265117,-8.959517943865954,-0.9897859417490289,1.9324413919000154
11,1780387279.412743,56.17033895282709,-3.5450435112029557,4.880134454019712,0.0,0.0,0.0,1.0162959999999865,0.0,0.01214504267958322,-7.7099747079960075,5.653937960624262,1.7520744791913447,57.429834688136914,3.0830910204956807,-1.1985739629898873,-0.27905866442098937,0.001244489352052141,-0.042047820849582675,-8.9631527785352,-1.0030888436425047,1.9293687518987044
11,1780387279.462743,56.17033895282709,-3.5450435112029557,4.880134454019712,0.0,0.0,0.0,1.0162959999999865,0.0,0.020280400233437964,-7.7099747079960075,5.653937960624262,1.7520744791913447,57.43211459903694,3.0957925057409064,-1.2011687507308564,-0.2652351671092151,0.0010668325685128943,-0.04228944790186062,-8.966563825145832,-1.0157444469530525,1.926464488580998
11,1780387279.512743,56.17033895282709,-3.5450435112029557,4.880134454019712,0.0,0.0,0.0,1.0162959999999865,0.0,0.027816933193282163,-7.7099747079960075,5.653937960624262,1.7520744791913447,57.434368051663164,3.107778226972412,-1.2055569169929763,-0.25208885643949064,0.0005693779953663886,-0.04163852662607856,-8.969922875673808,-1.0276839598573106,1.9217743044487356
11,1780387279.562743,56.17033895282709,-3.5450435112029557,4.880134454019712,0.0,0.0,0.0,1.0162959999999865,0.0,0.033663458031031476,-7.7099747079960075,5.653937960624262,1.7520744791913447,57.43649049066606,3.1191759624364597,-1.209786159617955,-0.23959366115710332,8.39583745628887e-05,-0.04126619825774294,-8.973083862292714,-1.0390373493638574,1.9172641179664645
11,1780387279.612743,56.17033895282709,-3.5450435112029557,4.880134454019712,0.0,0.0,0.0,1.0162959999999865,0.0,0.036271961036268105,-7.7099747079960075,5.653937960624262,1.7520744791913447,57.43849185814609,3.1300132544578005,-1.2138788563114715,-0.22771691556825163,-0.0003863154931722078,-0.04110576718980668,-8.976061942787224,-1.0498321062276164,1.9129096269831347
11,1780387279.6627429,56.17033895282709,-3.5450435112029557,4.880134454019712,0.0,0.0,0.0,1.0162959999999865,0.0,0.03595210616249014,-7.7099747079960075,5.653937960624262,1.7520744791913447,57.44038107068034,3.1403168316076546,-1.217851817702374,-0.21642790437227827,-0.0008293670034450161,-0.0410397444429381,-8.978870703100098,-1.0600949031492841,1.9086923237550897
11,1780387279.7127428,56.17033895282709,-3.5450435112029557,4.880134454019712,0.0,0.0,0.0,1.0162959999999865,0.0,0.03646946476664074,-7.7099747079960075,5.653937960624262,1.7520744791913447,57.442166004223836,3.1501124673927077,-1.2217152916288654,-0.20569763376523967,-0.0012335467530099967,-0.04096498815416291,-8.981522155848596,-1.069851458404179,1.9046004769089766
11,1780387279.7627428,56.17033895282709,-3.5450435112029557,4.880134454019712,0.0,0.0,0.0,1.0162959999999865,0.0,0.037170409845492414,-7.7099747079960075,5.653937960624262,1.7520744791913447,57.44385371160145,3.1594244070606012,-1.2254767016685046,-0.1954984513460674,-0.0016054218553362201,-0.04091040153107673,-8.984027055272142,-1.0791259619356244,1.9006253515868545
11,1780387279.8127427,56.17033895282709,-3.5450435112029557,4.880134454019712,0.0,0.0,0.0,1.0162959999999865,0.0,0.03773782436493449,-7.7099747079960075,5.653937960624262,1.7520744791913447,57.445450752426,3.16827582362755,-1.229143856500859,-0.18580408287202416,-0.001948257209976108,-0.040881618373556715,-8.986395379018894,-1.0879415271945905,1.8967579479542351
11,1780387279.8627427,56.17033895282709,-3.5450435112029557,4.880134454019712,0.0,0.0,0.0,1.0162959999999865,0.0,0.038115872475190334,-7.7099747079960075,5.653937960624262,1.7520744791913447,57.44696318505599,3.1766888631167127,-1.2327240731282112,-0.17658955794944714,-0.0022635798355392094,-0.040873248647491645,-8.98863632691413,-1.0963202388246365,1.8929898711464963
11,1780387279.9127426,56.17033895282709,-3.5450435112029557,4.880134454019712,0.0,0.0,0.0,1.0162959999999865,0.0,0.0385139927200263,-7.7099747079960075,5.653937960624262,1.7520744791913447,57.44839658832356,3.1846846702269986,-1.2362238706561792,-0.16783114291470555,-0.002552459473589395,-0.04087816362122322,-8.99075836031688,-1.1042831798203134,1.8893136277653406
11,1780387279.9627426,56.17033895282709,-3.5450435112029557,4.880134454019712,0.0,0.0,0.0,1.0162959999999865,0.0,0.038736976319053554,-7.7099747079960075,5.653937960624262,1.7520744791913447,57.44975610638328,3.1922833900259278,-1.2396491468918238,-0.15950627247222532,-0.002816854597096477,-0.04089662299595765,-8.99276927223434,-1.1118504339026103,1.8857224376204176
11,1780387280.0127425,56.17033895282709,-3.5450435112029557,4.880134454019712,0.0,0.0,0.0,1.0162959999999865,0.0,0.03914250270298325,-7.7099747079960075,5.653937960624262,1.7520744791913447,57.451046496290026,3.199504258398294,-1.2430052597311376,-0.151593501731055,-0.0030576250579165956,-0.04092220220442981,-8.994676261464651,-1.1190411763041452,1.8822101412627408
11,1780387280.0627425,56.17033895282709,-3.5450435112029557,4.880134454019712,0.0,0.0,0.0,1.0162959999999865,0.0,0.03934725298632735,-7.7099747079960075,5.653937960624262,1.7520744791913447,57.452272158266545,3.206365566020894,-1.2462971801972917,-0.144072437540376,-0.003277290735189249,-0.040960912753445974,-8.996485979661362,-1.1258736382584162,1.8787710387522676
11,1780387280.1127424,56.17033895282709,-3.5450435112029557,4.880134454019712,0.0,0.0,0.0,1.0162959999999865,0.0,0.039566011363863986,-7.7099747079960075,5.653937960624262,1.7520744791913447,57.4534371804795,3.2128847908957687,-1.2495295453126114,-0.13692370278540902,-0.0034763680310458617,-0.041005466274721146,-8.9982046004134,-1.132365239508935,1.8753998274915045
11,1780387280.1627424,56.17033895282709,-3.5450435112029557,4.880134454019712,0.0,0.0,0.0,1.0162959999999865,0.0,0.03992817520423916,-7.7099747079960075,5.653937960624262,1.7520744791913447,57.45454534473582,3.219078567530773,-1.2527064973327084,-0.1301288752223482,-0.0036563339676945017,-0.041056151071125604,-8.999837830886447,-1.138532558223866,1.8720917589276356
11,1780387280.2127423,56.17033895282709,-3.5450435112029557,4.880134454019712,0.0,0.0,0.0,1.0162959999999865,0.0,0.03997088716893992,-7.7099747079960075,5.653937960624262,1.7520744791913447,57.45560017075927,3.2249627202162268,-1.2558320317509417,-0.12367043949501637,-0.00381922392508732,-0.041117671870168286,-9.001390977293969,-1.1443913639882197,1.8688422823262867
11,1780387280.2627423,56.17033895282709,-3.5450435112029557,4.880134454019712,0.0,0.0,0.0,1.0162959999999865,0.0,0.039933948273632454,-7.7099747079960075,5.653937960624262,1.7520744791913447,57.45660493314836,3.230552385589753,-1.2589097493959245,-0.11753175632900313,-0.003964692189460811,-0.04117875451977624,-9.00286897356563,-1.1499567405845532,1.8656472881305088
11,1780387280.3127422,56.17033895282709,-3.5450435112029557,4.880134454019712,0.0,0.0,0.0,1.0162959999999865,0.0,0.039556597726100505,-7.7099747079960075,5.653937960624262,1.7520744791913447,57.45756265569081,3.2358619660754977,-1.2619426368541646,-0.11169700786862992,-0.004093498479771149,-0.04123668351545734,-9.00427637568438,-1.1552430401173406,1.8625033259323578
11,1780387280.3627422,56.17033895282709,-3.5450435112029557,4.880134454019712,0.0,0.0,0.0,1.0162959999999865,0.0,0.03885275151685607,-7.7099747079960075,5.653937960624262,1.7520744791913447,57.45847613932754,3.240905225056289,-1.2649331082093178,-0.10615116462349351,-0.004205041597269979,-0.041279910833241416,-9.005617404461374,-1.1602639779929453,1.8594075574520197
11,1780387280.4127421,56.17033895282709,-3.5450435112029557,4.880134454019712,0.0,0.0,0.0,1.0162959999999865,0.0,0.037787229101859256,-7.7099747079960075,5.653937960624262,1.7520744791913447,57.45934796105284,3.24569529151275,-1.267882792778933,-0.10087994158753301,-0.004298730482721922,-0.04129772949003007,-9.006895946490616,-1.1650326379952571,1.8563579671490267
11,1780387280.462742,56.17033895282709,-3.5450435112029557,4.880134454019712,0.0,0.0,0.0,1.0162959999999865,0.0,0.03624271744449551,-7.7099747079960075,5.653937960624262,1.7520744791913447,57.460180489784385,3.2502446951314687,-1.2707925523127028,-0.09586975911812246,-0.004373756280745374,-0.04127856714657632,-9.008115578709997,-1.1695615073736598,1.8533533416064252
11,1780387280.512742,56.17033895282709,-3.5450435112029557,4.880134454019712,0.0,0.0,0.0,1.0162959999999865,0.0,0.03503153386281462,-7.7099747079960075,5.653937960624262,1.7520744791913447,57.460975894755535,3.2545654089311604,-1.273662379396743,-0.0911077029948235,-0.004428698852965248,-0.04120720325460752,-9.009279582582087,-1.1738625195757715,1.8503933687636804
11,1780387280.562742,56.17033895282709,-3.5450435112029557,4.880134454019712,0.0,0.0,0.0,1.0162959999999865,0.0,0.03428791544316072,-7.7099747079960075,5.653937960624262,1.7520744791913447,57.46173617647662,3.2586687327752912,-1.2764920092130745,-0.08658151323018277,-0.004466144894174702,-0.04109668754201402,-9.010390986113256,-1.1779469373073055,1.8474780214172313
11,1780387280.612742,56.17033895282709,-3.5450435112029557,4.880134454019712,0.0,0.0,0.0,1.0162959999999865,0.0,0.03409644489169845,-7.7099747079960075,5.653937960624262,1.7520744791913447,57.46246323938652,3.262565372993077,-1.2792818322721318,-0.08227954713047331,-0.004489319487252104,-0.0409642513156493,-9.011452665806898,-1.1818254306160592,1.8446066353016226
11,1780387280.662742,56.17033895282709,-3.5450435112029557,4.880134454019712,0.0,0.0,0.0,1.0162959999999865,0.0,0.03442780362181244,-7.7099747079960075,5.653937960624262,1.7520744791913447,57.46315891249011,3.2662654694197792,-1.2820330804135622,-0.07819074162315744,-0.004501821990675401,-0.040829475415169535,-9.012467376130987,-1.1855081036028916,1.8417777200203993
11,1780387280.7127419,56.17033895282709,-3.5450435112029557,4.880134454019712,0.0,0.0,0.0,1.0162959999999865,0.0,0.03454361751034606,-7.7099747079960075,5.653937960624262,1.7520744791913447,57.46382496165129,3.2697786351710016,-1.2847478611167713,-0.0743045708631704,-0.004507044551979064,-0.04071031755442134,-9.013437767662337,-1.1890045340401483,1.8389889227172418
11,1780387280.7627418,56.17033895282709,-3.5450435112029557,4.880134454019712,0.0,0.0,0.0,1.0162959999999865,0.0,0.03470487904668783,-7.7099747079960075,5.653937960624262,1.7520744791913447,57.46446307031824,3.2731140979718103,-1.2874284772656381,-0.07061099085235331,-0.004504657883007425,-0.04059890509621052,-9.01436636398417,-1.1923239152785676,1.8362377098646112
11,1780387280.8127418,56.17033895282709,-3.5450435112029557,4.880134454019712,0.0,0.0,0.0,1.0162959999999865,0.0,0.035063748223753174,-7.7099747079960075,5.653937960624262,1.7520744791913447,57.46507480420639,3.276280611604501,-1.290076938362037,-0.06710046818581737,-0.004495575763782759,-0.040496544309853305,-9.015255512800367,-1.195474968697373,1.8335218593576013
11,1780387280.8627417,56.17033895282709,-3.5450435112029557,4.880134454019712,0.0,0.0,0.0,1.0162959999999865,0.0,0.03514733956822155,-7.7099747079960075,5.653937960624262,1.7520744791913447,57.465661641940294,3.279286477002969,-1.2926953541593393,-0.06376394400407573,-0.004481411171553397,-0.040409705699747125,-9.016107428817097,-1.198465964167112,1.8308390629187299
11,1780387280.9127417,56.17033895282709,-3.5450435112029557,4.880134454019712,0.0,0.0,0.0,1.0162959999999865,0.0,0.03522514071626443,-7.7099747079960075,5.653937960624262,1.7520744791913447,57.46622497642741,3.282139652962755,-1.2952856788028704,-0.060592789483948174,-0.004461386816006123,-0.04032847727746669,-9.01692419825902,-1.2013048308089256,1.8281871813186292
11,1780387280.9627416,56.17033895282709,-3.5450435112029557,4.880134454019712,0.0,0.0,0.0,1.0162959999999865,0.0,0.035190030049362435,-7.7099747079960075,5.653937960624262,1.7520744791913447,57.46676609756384,3.2848476871627152,-1.2978494945026562,-0.05757881652646821,-0.0044360262077487245,-0.04025248086096812,-9.017707754784066,-1.2039990885443848,1.8255644621363665
11,1780387281.0127416,56.17033895282709,-3.5450435112029557,4.880134454019712,0.0,0.0,0.0,1.0162959999999865,0.0,0.035114081525201325,-7.7099747079960075,5.653937960624262,1.7520744791913447,57.46728621340733,3.2874177768455692,-1.300388194068027,-0.05471423945566054,-0.004405287164709267,-0.04017768592435937,-9.018459909952277,-1.2065559083292277,1.822969354489441
11,1780387281.0627415,56.17033895282709,-3.5450435112029557,4.880134454019712,0.0,0.0,0.0,1.0162959999999865,0.0,0.03503085045495437,-7.7099747079960075,5.653937960624262,1.7520744791913447,57.467786450702384,3.289856764386995,-1.302902948286721,-0.05199166188889864,-0.004369455156193523,-0.040102655568876884,-9.01918235438269,-1.2089821077820617,1.8204005412324733
11,1780387281.1127415,56.17033895282709,-3.5450435112029557,4.880134454019712,0.0,0.0,0.0,1.0162959999999865,0.0,0.034810661640668684,-7.7099747079960075,5.653937960624262,1.7520744791913447,57.46826786601339,3.292171155374573,-1.3053948133633084,-0.04940405489538919,-0.004328951973657746,-0.04002714655048792,-9.019876673645292,-1.2112841690486542,1.8178568299870932
11,1780387281.1627414,56.17033895282709,-3.5450435112029557,4.880134454019712,0.0,0.0,0.0,1.0162959999999865,0.0,0.034894614314643926,-7.7099747079960075,5.653937960624262,1.7520744791913447,57.46873144823216,3.294367158389006,-1.3078646586392026,-0.046944733898779734,-0.004283532482936005,-0.039946487471921754,-9.02054435279595,-1.2134682785697213,1.8153372248653277
11,1780387281.2127414,56.17033895282709,-3.5450435112029557,4.880134454019712,0.0,0.0,0.0,1.0162959999999865,0.0,0.0350022669588184,-7.7099747079960075,5.653937960624262,1.7520744791913447,57.46917812890153,3.296450617383042,-1.3103134262722167,-0.04460735908774799,-0.004235104621589222,-0.039871244711498645,-9.02118678947048,-1.2155402592636775,1.8128406654265063
11,1780387281.2627413,56.17033895282709,-3.5450435112029557,4.880134454019712,0.0,0.0,0.0,1.0162959999999865,0.0,0.03530587406112423,-7.7099747079960075,5.653937960624262,1.7520744791913447,57.46960880613789,3.298427114135184,-1.3127423149230795,-0.042385890425507944,-0.004184144930554738,-0.039802056116014346,-9.021805328399077,-1.2175056724083175,1.810365840219771
11,1780387281.3127413,56.17033895282709,-3.5450435112029557,4.880134454019712,0.0,0.0,0.0,1.0162959999999865,0.0,0.03532211121273348,-7.7099747079960075,5.653937960624262,1.7520744791913447,57.47002433449579,3.300301928023705,-1.3151526512988765,-0.04027458957946764,-0.004131947370679401,-0.039745431790991013,-9.022401247181993,-1.2193697777087076,1.80791131614839
11,1780387281.3627412,56.17033895282709,-3.5450435112029557,4.880134454019712,0.0,0.0,0.0,1.0162959999999865,0.0,0.035159644500784674,-7.7099747079960075,5.653937960624262,1.7520744791913447,57.47042552315589,3.3020801431086673,-1.317545640907445,-0.038267988439025076,-0.0040773877006389046,-0.03969114224919555,-9.022975756061921,-1.221137640439002,1.8054757877353333
11,1780387281.4127412,56.17033895282709,-3.5450435112029557,4.880134454019712,0.0,0.0,0.0,1.0162959999999865,0.0,0.034867868027985936,-7.7099747079960075,5.653937960624262,1.7520744791913447,57.47081311042535,3.3037665956945226,-1.3199220027565879,-0.036360898262191195,-0.004019879551839343,-0.03963299985778878,-9.023529962805227,-1.222814079684193,1.8030584449546883
11,1780387281.4627411,56.17033895282709,-3.5450435112029557,4.880134454019712,0.0,0.0,0.0,1.0162959999999865,0.0,0.034630116562560216,-7.7099747079960075,5.653937960624262,1.7520744791913447,57.47118777634057,3.305365888373469,-1.3222821324957779,-0.03454839119892064,-0.003959076844950975,-0.039566702939147255,-9.024064890269367,-1.2244036820966544,1.8006588085769728
11,1780387281.512741,56.17033895282709,-3.5450435112029557,4.880134454019712,0.0,0.0,0.0,1.0162959999999865,0.0,0.03417087605379724,-7.7099747079960075,5.653937960624262,1.7520744791913447,57.471550155380015,3.3068823768610227,-1.3246263178115627,-0.032825789050886754,-0.00389552867572873,-0.03949435763041033,-9.024581493536028,-1.2259107884409959,1.7982765132846463
11,1780387281.562741,56.17033895282709,-3.5450435112029557,4.880134454019712,0.0,0.0,0.0,1.0162959999999865,0.0,0.033986525976546514,-7.7099747079960075,5.653937960624262,1.7520744791913447,57.471900841752145,3.3083202424603195,-1.3269546834857715,-0.031188637526654215,-0.0038284101620761576,-0.03940857889055784,-9.025080668577193,-1.2273395659347681,1.7959113619346798
11,1780387281.612741,56.17033895282709,-3.5450435112029557,4.880134454019712,0.0,0.0,0.0,1.0162959999999865,0.0,0.03406448777739149,-7.7099747079960075,5.653937960624262,1.7520744791913447,57.47224039074195,3.3096833964852634,-1.3292673578649659,-0.029632718484316978,-0.003759339584364365,-0.039319195653874844,-9.025563252447235,-1.2286939126738017,1.7935631588391487
11,1780387281.662741,56.17033895282709,-3.5450435112029557,4.880134454019712,0.0,0.0,0.0,1.0162959999999865,0.0,0.03418443172531638,-7.7099747079960075,5.653937960624262,1.7520744791913447,57.472569353200996,3.3109755422266245,-1.3315649383071981,-0.02815401710038372,-0.003689827940867216,-0.03923529494133235,-9.026030070977681,-1.2299775187331625,1.791231240622916
11,1780387281.712741,56.17033895282709,-3.5450435112029557,4.880134454019712,0.0,0.0,0.0,1.0162959999999865,0.0,0.034397107732385634,-7.7099747079960075,5.653937960624262,1.7520744791913447,57.47288826809266,3.312200218743171,-1.3338482767467574,-0.02674870618830686,-0.0036202606055343984,-0.03915813873909499,-9.026481929610025,-1.2311939101498761,1.7889146913832992
11,1780387281.7627409,56.17033895282709,-3.5450435112029557,4.880134454019712,0.0,0.0,0.0,1.0162959999999865,0.0,0.03464735412059629,-7.7099747079960075,5.653937960624262,1.7520744791913447,57.47319765106171,3.313360780104802,-1.3361183050847216,-0.02541314790276778,-0.003551251392308887,-0.03909068492270405,-9.026919597707877,-1.2323464284704038,1.7866125184288908
11,1780387281.8127408,56.17033895282709,-3.5450435112029557,4.880134454019712,0.0,0.0,0.0,1.0162959999999865,0.0,0.034871117862446094,-7.7099747079960075,5.653937960624262,1.7520744791913447,57.473497997371624,3.314460417950714,-1.3383760348509177,-0.024143881206264154,-0.0034831182721569843,-0.0390339106484898,-9.027343813021162,-1.2334382532421277,1.7843236522470232
11,1780387281.8627408,56.17033895282709,-3.5450435112029557,4.880134454019712,0.0,0.0,0.0,1.0162959999999865,0.0,0.03493498678073285,-7.7099747079960075,5.653937960624262,1.7520744791913447,57.47378977745532,3.3155021742356205,-1.3406224479584374,-0.02293761482887805,-0.0034158472162928353,-0.038986571185342905,-9.027755276037759,-1.2344724148808024,1.782047056150308
11,1780387281.9127407,56.17033895282709,-3.5450435112029557,4.880134454019712,0.0,0.0,0.0,1.0162959999999865,0.0,0.03480556871808283,-7.7099747079960075,5.653937960624262,1.7520744791913447,57.474073429535366,3.3164889633072594,-1.342858323111505,-0.021791220259249275,-0.0033487614628644664,-0.038942898225702564,-9.028154640594446,-1.2354518169420419,1.7797819005701685
11,1780387281.9627407,56.17033895282709,-3.5450435112029557,4.880134454019712,0.0,0.0,0.0,1.0162959999999865,0.0,0.03463824908535395,-7.7099747079960075,5.653937960624262,1.7520744791913447,57.47434935145512,3.3174235704947774,-1.345084086788915,-0.020701727451566287,-0.0032810293513785074,-0.038896164511498466,-9.028542503009222,-1.2363792349283154,1.777527712850751
11,1780387282.0127406,56.17033895282709,-3.5450435112029557,4.880134454019712,0.0,0.0,0.0,1.0162959999999865,0.0,0.034384288937283944,-7.7099747079960075,5.653937960624262,1.7520744791913447,57.47461790593288,3.318308630788787,-1.3472999259437461,-0.01966631846909318,-0.00321259429101203,-0.038845170941157234,-9.028919408851705,-1.2372572948495852,1.7752842639422948
11,1780387282.0627406,56.17033895282709,-3.5450435112029557,4.880134454019712,0.0,0.0,0.0,1.0162959999999865,0.0,0.03395254155444614,-7.7099747079960075,5.653937960624262,1.7520744791913447,57.47487943056621,3.319146658711316,-1.3495059030415253,-0.018682314857261708,-0.0031431567733881467,-0.03878708946535121,-9.029285867024436,-1.2380885028417996,1.7730514522799883
11,1780387282.1127405,56.17033895282709,-3.5450435112029557,4.880134454019712,0.0,0.0,0.0,1.0162959999999865,0.0,0.033751431425184934,-7.7099747079960075,5.653937960624262,1.7520744791913447,57.47513423272533,3.3199400635967713,-1.3517018358911195,-0.017747170594936114,-0.0030719738541500593,-0.03871606422572235,-9.02964234329139,-1.2388752605826436,1.7708294244316036
11,1780387282.1627405,56.17033895282709,-3.5450435112029557,4.880134454019712,0.0,0.0,0.0,1.0162959999999865,0.0,0.03361038256848193,-7.7099747079960075,5.653937960624262,1.7520744791913447,57.47538259981796,3.3206910821896725,-1.3538875686004044,-0.01685847389662827,-0.0030003164922964786,-0.03864039465161418,-9.029989272824526,-1.239619797646394,1.7686183030475569
11,1780387282.2127404,56.17033895282709,-3.5450435112029557,4.880134454019712,0.0,0.0,0.0,1.0162959999999865,0.0,0.033861331462795734,-7.7099747079960075,5.653937960624262,1.7520744791913447,57.47562482050912,3.321401853582433,-1.3560632152186056,-0.01601392609594818,-0.002928582762841599,-0.03856228270702117,-9.03032709008451,-1.2403242458908328,1.766417941021726
11,1780387282.2627404,56.17033895282709,-3.5450435112029557,4.880134454019712,0.0,0.0,0.0,1.0162959999999865,0.0,0.034148497160907516,-7.7099747079960075,5.653937960624262,1.7520744791913447,57.47586118616889,3.3220743559133408,-1.3582292731325287,-0.015211345383667025,-0.002858779008259383,-0.03849521368412915,-9.03065622954665,-1.240990576132463,1.7642278079353293
11,1780387282.3127403,56.17033895282709,-3.5450435112029557,4.880134454019712,0.0,0.0,0.0,1.0162959999999865,0.0,0.03479624421167886,-7.7099747079960075,5.653937960624262,1.7520744791913447,57.47609199950436,3.322710502297508,-1.3603866230533075,-0.014448644950542077,-0.0027911110259029623,-0.038440076046031633,-9.030977139072077,-1.2416206938412215,1.7620469891824948
11,1780387282.3627403,56.17033895282709,-3.5450435112029557,4.880134454019712,0.0,0.0,0.0,1.0162959999999865,0.0,0.03523180149279822,-7.7099747079960075,5.653937960624262,1.7520744791913447,57.476317563612916,3.323312058758247,-1.3625364555650152,-0.013723841066239036,-0.002727359258624879,-0.038408823499541174,-9.03129026368023,-1.2422163573689815,1.7598742605289548
11,1780387282.4127402,56.17033895282709,-3.5450435112029557,4.880134454019712,0.0,0.0,0.0,1.0162959999999865,0.0,0.03553389401128869,-7.7099747079960075,5.653937960624262,1.7520744791913447,57.47653818207488,3.3238807723859924,-1.364680080496176,-0.013035039296639944,-0.002666447584035056,-0.038393440942379724,-9.031596048133341,-1.242779306085008,1.7577082787191056
11,1780387282.4627402,56.17033895282709,-3.5450435112029557,4.880134454019712,0.0,0.0,0.0,1.0162959999999865,0.0,0.03551047458895184,-7.7099747079960075,5.653937960624262,1.7520744791913447,57.47675412562333,3.3244183034002726,-1.3668184445363227,-0.012380445853592171,-0.0026077090729347313,-0.038388860435972345,-9.031894891120924,-1.2433111933087022,1.7555480672175179
11,1780387282.5127401,56.17033895282709,-3.5450435112029557,4.880134454019712,0.0,0.0,0.0,1.0162959999999865,0.0,0.03538213689880561,-7.7099747079960075,5.653937960624262,1.7520744791913447,57.47696563144896,3.3249262669300967,-1.3689520537531406,-0.01175836197868213,-0.0025495519971486624,-0.038383607410621405,-9.03218714522169,-1.2438136281054337,1.7533930937246298
11,1780387282.56274,56.17033895282709,-3.5450435112029557,4.880134454019712,0.0,0.0,0.0,1.0162959999999865,0.0,0.03496020189934689,-7.7099747079960075,5.653937960624262,1.7520744791913447,57.47717290047978,3.325406181873875,-1.371080993344283,-0.01116717744147154,-0.0024915044460103093,-0.03837411548313115,-9.0324731123748,-1.2442881242308603,1.751243250663454
11,1780387282.61274,56.17033895282709,-3.5450435112029557,4.880134454019712,0.0,0.0,0.0,1.0162959999999865,0.0,0.03421169098826398,-7.7099747079960075,5.653937960624262,1.7520744791913447,57.477376105797276,3.325859526577426,-1.373204990106114,-0.010605364696491527,-0.0024321829665808997,-0.03835047884120213,-9.032753056269321,-1.2447361555868546,1.7490987918283514
11,1780387282.66274,56.17033895282709,-3.5450435112029557,4.880134454019712,0.0,0.0,0.0,1.0162959999999865,0.0,0.03349950582149483,-7.7099747079960075,5.653937960624262,1.7520744791913447,57.477575380546064,3.32628772672257,-1.375323215447068,-0.010071473834298236,-0.0023700806120127635,-0.03830197769812248,-9.033027186219309,-1.2451591444242691,1.7469605305081837
11,1780387282.71274,56.17033895282709,-3.5450435112029557,4.880134454019712,0.0,0.0,0.0,1.0162959999999865,0.0,0.0328786918009956,-7.7099747079960075,5.653937960624262,1.7520744791913447,57.47777083089303,3.326692098296409,-1.377434583063208,-0.009564128495807005,-0.0023055062599014746,-0.03823064308705332,-9.033295683930792,-1.245558403790188,1.7448295373198057
11,1780387282.76274,56.17033895282709,-3.5450435112029557,4.880134454019712,0.0,0.0,0.0,1.0162959999999865,0.0,0.032232985081785556,-7.7099747079960075,5.653937960624262,1.7520744791913447,57.47796256208928,3.327073880969345,-1.3795381509198164,-0.009082020685033375,-0.002239027786871998,-0.0381403244324527,-9.033558723212609,-1.24593517053367,1.7427067403225864
11,1780387282.8127398,56.17033895282709,-3.5450435112029557,4.880134454019712,0.0,0.0,0.0,1.0162959999999865,0.0,0.032012124168902076,-7.7099747079960075,5.653937960624262,1.7520744791913447,57.47815067777366,3.3274342653415268,-1.381633069393926,-0.008623904875551402,-0.0021706270886779687,-0.038030772875203886,-9.03381646791543,-1.2462906325991274,1.7405929774388875
11,1780387282.8627398,56.17033895282709,-3.5450435112029557,4.880134454019712,0.0,0.0,0.0,1.0162959999999865,0.0,0.03196239451520805,-7.7099747079960075,5.653937960624262,1.7520744791913447,57.4783352899561,3.3277743147937047,-1.3837188547519537,-0.008188605094834276,-0.0021024826991338313,-0.037917129463574235,-9.034069090492759,-1.246625850504211,1.7384887199376031
11,1780387282.9127398,56.17033895282709,-3.5450435112029557,4.880134454019712,0.0,0.0,0.0,1.0162959999999865,0.0,0.031998808527955294,-7.7099747079960075,5.653937960624262,1.7520744791913447,57.47851653751625,3.3280950568119536,-1.3857955874044645,-0.007774993840310271,-0.0020354671593532593,-0.037805377495504576,-9.034316798391316,-1.246941848169167,1.7363938723339807
11,1780387282.9627397,56.17033895282709,-3.5450435112029557,4.880134454019712,0.0,0.0,0.0,1.0162959999999865,0.0,0.03208972764605116,-7.7099747079960075,5.653937960624262,1.7520744791913447,57.47869456636124,3.328397472003094,-1.3878635795228957,-0.007381995095584817,-0.0019700094027857882,-0.03769840362983093,-9.034559807363724,-1.247239602445958,1.734308106765166
11,1780387283.0127397,56.17033895282709,-3.5450435112029557,4.880134454019712,0.0,0.0,0.0,1.0162959999999865,0.0,0.031670383324644176,-7.7099747079960075,5.653937960624262,1.7520744791913447,57.47886952282736,3.3286824926013945,-1.3899232597611104,-0.00700858406979418,-0.0019063684293295093,-0.037597920769393986,-9.034798332640777,-1.2475200417961783,1.7322309789272854
11,1780387283.0627396,56.17033895282709,-3.5450435112029557,4.880134454019712,0.0,0.0,0.0,1.0162959999999865,0.0,0.031120135867793403,-7.7099747079960075,5.653937960624262,1.7520744791913447,57.47904153011809,3.328951087651645,-1.3919746533063027,-0.006653779058013735,-0.001842034241984842,-0.03748627200426911,-9.035032559221513,-1.2477841320689942,1.730162450367862
11,1780387283.1127396,56.17033895282709,-3.5450435112029557,4.880134454019712,0.0,0.0,0.0,1.0162959999999865,0.0,0.03037142046105702,-7.7099747079960075,5.653937960624262,1.7520744791913447,57.47921066857881,3.329204144761288,-1.3940171845235982,-0.00631665850372304,-0.001776423582780191,-0.03735933501890979,-9.035262613362844,-1.2480327587893383,1.728103087788261
11,1780387283.1627395,56.17033895282709,-3.5450435112029557,4.880134454019712,0.0,0.0,0.0,1.0162959999999865,0.0,0.029611833378323918,-7.7099747079960075,5.653937960624262,1.7520744791913447,57.479376998166295,3.3294425233558416,-1.3960499983966568,-0.005996345134036204,-0.0017086395269291764,-0.03721080733939453,-9.035488593578194,-1.2482667798245024,1.7260537393462991
11,1780387283.2127395,56.17033895282709,-3.5450435112029557,4.880134454019712,0.0,0.0,0.0,1.0162959999999865,0.0,0.02908595831335202,-7.7099747079960075,5.653937960624262,1.7520744791913447,57.479540562305324,3.329667020326781,-1.3980720671873945,-0.005692010305764367,-0.0016387276073670605,-0.037041002500862286,-9.035710575128178,-1.2484869909404321,1.7240154276020014
11,1780387283.2627394,56.17033895282709,-3.5450435112029557,4.880134454019712,0.0,0.0,0.0,1.0162959999999865,0.0,0.028774167622924247,-7.7099747079960075,5.653937960624262,1.7520744791913447,57.479701409733416,3.329878355650854,-1.4000825856250134,-0.005402874548994669,-0.001567925674801111,-0.036858589672841016,-9.035928638812402,-1.2486941108581981,1.7219889521532652
11,1780387283.3127394,56.17033895282709,-3.5450435112029557,4.880134454019712,0.0,0.0,0.0,1.0162959999999865,0.0,0.028744071400521425,-7.7099747079960075,5.653937960624262,1.7520744791913447,57.47985960882001,3.330077205069812,-1.4020811791143384,-0.005128194786725994,-0.0014973368477504535,-0.036671291833150085,-9.03614289063218,-1.248888813555407,1.7199746800109565
11,1780387283.3627393,56.17033895282709,-3.5450435112029557,4.880134454019712,0.0,0.0,0.0,1.0162959999999865,0.0,0.028999603429418343,-7.7099747079960075,5.653937960624262,1.7520744791913447,57.480015248497,3.3302641903243537,-1.4040679299408705,-0.0048672644913811125,-0.0014283592354669024,-0.036488899317143886,-9.036353462803369,-1.2490717184766642,1.7179725193104147
11,1780387283.4127393,56.17033895282709,-3.5450435112029557,4.880134454019712,0.0,0.0,0.0,1.0162959999999865,0.0,0.02921837288964449,-7.7099747079960075,5.653937960624262,1.7520744791913447,57.48016844202034,3.3304398886508078,-1.4060434301743414,-0.004619406917373883,-0.0013623654725057114,-0.03632102600142464,-9.036560518907482,-1.2492433999294739,1.715981866044645
11,1780387283.4627392,56.17033895282709,-3.5450435112029557,4.880134454019712,0.0,0.0,0.0,1.0162959999999865,0.0,0.03284668931191279,-7.7099747079960075,5.653937960624262,1.7520744791913447,57.48031931374637,3.3306048841280456,-1.4080084903354,-0.004383963363403252,-0.0012991096113103143,-0.03616595392602363,-9.036764237289145,-1.2494044387640812,1.7140018967137527
11,1780387283.5127392,56.17033895282709,-3.5450435112029557,4.880134454019712,0.0,0.0,0.0,1.0162959999999865,0.0,0.041137549760610154,-7.7099747079960075,5.653937960624262,1.7520744791913447,57.48046811560384,3.3307592136573545,-1.4099668025614993,-0.004160334727778182,-0.0012551779661015043,-0.03613987856827041,-9.036964954911744,-1.2495548654267683,1.7120288936688706
11,1780387283.5627391,56.17033895282709,-3.5450435112029557,4.880134454019716,0.0,0.0,0.0,1.0162959999999865,0.0,0.03649177960725171,-7.7099747079960075,5.653937960624262,1.7520744791913483,57.48061548154065,3.330902562219931,-1.411929157702735,-0.00394743985887714,-0.0012527436599283396,-0.03639807594614593,-9.037163508906426,-1.2496943485439012,1.7100520029866484
11,1780387283.612739,56.17033895282709,-3.5450435112029557,4.880134454019729,0.0,0.0,0.0,1.0162959999999865,0.0,0.0036424464010888797,-7.7099747079960075,5.653937960624262,1.7520744791913625,57.48076180038126,3.331037080941778,-1.4138993581415085,-0.0037453437132235166,-0.001227394315609612,-0.03648925263341725,-9.0373604585546,-1.249825028765088,1.7080673835925486
11,1780387283.662739,56.17033895282709,-3.5450435112029557,4.880134454019742,0.0,0.0,0.0,1.0162959999999865,0.0,-0.04202420328375833,-7.7099747079960075,5.653937960624262,1.752074479191375,57.48079897447982,3.3312083960955037,-1.4139340649389545,-0.0035594034693479963,-0.00120524523119669,-0.03661779397085826,-9.037413181414468,-1.249995341959918,1.708029015594338
11,1780387283.712739,56.17033895282709,-3.5450435112029557,4.880134454019748,0.0,0.0,0.0,1.0162959999999865,0.0,-0.09253213913951783,-7.7099747079960075,5.653937960624262,1.7520744791913803,57.48072712362236,3.3313956095825876,-1.41205562166399,-0.0029763824629076285,0.009159593030038014,0.03565123415512981,-9.037321446523787,-1.250184392131687,1.7099145360843861
11,1780387283.762739,56.17033895282709,-3.5450435112029557,4.880134454019749,0.0,0.0,0.0,1.0162959999999865,0.0,-0.13879961788821818,-7.7099747079960075,5.653937960624262,1.752074479191382,57.48054507830228,3.331599588995449,-1.4082397355404552,-0.002795624820721795,0.009318890575620884,0.03651692590662567,-9.037083662471035,-1.2503930751667256,1.7137483677433663
11,1780387283.812739,56.17033895282709,-3.5450435112029557,4.880134454019744,0.0,0.0,0.0,1.0162959999999865,0.0,-0.17305284252150926,-7.7099747079960075,5.653937960624262,1.7520744791913767,57.48025103776181,3.331799419774171,-1.4024779870459876,-0.0012014976370703573,0.019726220292923417,0.10913589144190548,-9.036696894846449,-1.2506005220583485,1.7195391453016597
11,1780387283.8627388,56.17033895282709,-3.5450435112029557,4.880134454019921,0.0,0.0,0.0,1.0162959999999865,0.0,-0.18869703267135932,-7.7099747079960075,5.653937960624262,1.7520744791915543,57.48004425349489,3.331994974865166,-1.3982467225385546,-0.00578890246777157,-0.00477541029928687,-0.11018303104441861,-9.03642586220517,-1.250801418096191,1.7237908565880016
11,1780387283.9127388,56.17033895282709,-3.5450435112029557,4.8801344540199185,0.0,0.0,0.0,1.0162959999999865,0.0,-0.18032946290607274,-7.7099747079960075,5.653937960624262,1.7520744791915508,57.480044641303245,3.332204400818887,-1.3999758061281458,-0.002508373927369894,0.011309199501679683,0.0037578769608812013,-9.03643047285518,-1.2510107939255257,1.722061734627231
11,1780387283.9627388,56.17033895282709,-3.5450435112029557,4.880134454019911,0.0,0.0,0.0,1.0162959999999865,0.0,-0.1676566175024595,-7.7099747079960075,5.653937960624262,1.7520744791915437,57.479707709275175,3.332396623418196,-1.3957645191013375,-0.0022279701579618356,0.014376932260927679,-0.003603897291552632,-9.035986174540609,-1.2512117352179546,1.7263063940513454
11,1780387284.0127387,56.17033895282709,-3.5450435112029557,4.8801344540199,0.0,0.0,0.0,1.0162959999999865,0.0,-0.16594021420590085,-7.7099747079960075,5.653937960624262,1.752074479191533,57.47930859088081,3.332610198538813,-1.391857303997813,-0.0019761052614697674,0.01644650384709407,-0.0049131512714125376,-9.035459278417555,-1.2514356277559338,1.7302532319343822
11,1780387284.0627387,56.17033895282709,-3.5450435112029557,4.880134454019883,0.0,0.0,0.0,1.0162959999999865,0.0,-0.1678921744270226,-7.7099747079960075,5.653937960624262,1.7520744791915153,57.4789713296857,3.332788547062892,-1.386306020915117,-0.0017079827259136424,0.007593076496135954,0.0696937113768265,-9.035013731992263,-1.2516226838827929,1.7358380737696635
11,1780387284.1127386,56.17033895282709,-3.5450435112029557,4.880134454019861,0.0,0.0,0.0,1.0162959999999865,0.0,-0.16834302198826256,-7.7099747079960075,5.653937960624262,1.752074479191494,57.47860268212871,3.3329738948685184,-1.3806248295636754,-0.0014660990665702621,0.004476198677932582,0.10379220340079134,-9.034526253078523,-1.2518175396778983,1.7415560275054158
11,1780387284.1627386,56.17033895282709,-3.5450435112029557,4.880134454019832,0.0,0.0,0.0,1.0162959999999865,0.0,-0.16827213948506584,-7.7099747079960075,5.653937960624262,1.7520744791914655,57.47829663773213,3.3331240133721036,-1.373329254373732,-0.0012310080225959163,0.00297652256157418,0.12625260959018808,-9.034121260660173,-1.251975542849177,1.7488821860788537
11,1780387284.2127385,56.17033895282709,-3.5450435112029557,4.880134454019796,0.0,0.0,0.0,1.0162959999999865,0.0,-0.16806588952476048,-7.7099747079960075,5.653937960624262,1.7520744791914282,57.478276040012474,3.333243637550109,-1.3710234472160374,-0.00567949946870714,-0.02138387970358311,-0.09155603068530418,-9.034096118443188,-1.2520956768173876,1.7511900536744713
11,1780387284.2627385,56.17033895282709,-3.5450435112029557,4.880134454019752,0.0,0.0,0.0,1.0162959999999865,0.0,-0.16743770465615126,-7.7099747079960075,5.653937960624262,1.7520744791913856,57.4785088974214,3.333343695619739,-1.37387857943313,-0.0026803138081019,-0.004960670215357892,0.022749813695709012,-9.034408450208902,-1.2521896965809751,1.7483116434908315
11,1780387284.3127384,56.17033895282709,-3.5450435112029557,4.880134454019701,0.0,0.0,0.0,1.0162959999999865,0.0,-0.16706596267852777,-7.7099747079960075,5.653937960624262,1.752074479191334,57.478398621322164,3.333463793160792,-1.3707686535607717,-0.0023748267146305032,-0.006296926351629663,0.052155954493409346,-9.034263797728944,-1.2523126228830566,1.7514325891060736
11,1780387284.3627384,56.17033895282779,-3.5450435112030014,4.8801344540196405,0.0,0.0,0.0,1.0162959999999999,0.0,-0.16664456438880731,-7.709974707996738,5.653937960624297,1.7520744791912808,57.47831432247422,3.3335577600893633,-1.3662387522765909,-0.002101977744277825,-0.006544227436578503,0.07231457675868093,-9.034153243528351,-1.2524087510783666,1.7559709193396218
11,1780387284.4127383,56.1703389528278,-3.5450435112030028,4.88013445401957,0.0,0.0,0.0,1.016296,0.0,-0.16629141353643961,-7.709974707996745,5.653937960624299,1.7520744791912106,57.47813027347037,3.3336878259962157,-1.3623881776220246,-0.0018262410535097523,0.004173807519902023,0.014344569801040895,-9.033910360863715,-1.2525435475414288,1.7598399121437867
11,1780387284.4627383,56.170338952827805,-3.5450435112030036,4.88013445401949,0.0,0.0,0.0,1.0162960000000003,0.0,-0.166045451829804,-7.7099747079967536,5.653937960624299,1.7520744791911316,57.477938474321206,3.333809942075435,-1.35780868646462,-0.0015877952744314603,0.009191360016796594,-0.0047670957935822406,-9.033656911301923,-1.2526705926155088,1.7644386193424104
11,1780387284.5127382,56.17033895282783,-3.5450435112030054,4.8801344540194,0.0,0.0,0.0,1.016296000000001,0.0,-0.1659584667350744,-7.709974707996775,5.653937960624301,1.752074479191041,57.477644937957244,3.333975269854858,-1.3540664701866643,-0.0013652265588953612,0.012525520146309033,-0.013105911341368133,-9.03326845012337,-1.2528434614216732,1.7682102886543323
11,1780387284.5627382,56.17033895282784,-3.5450435112030063,4.880134454019299,0.0,0.0,0.0,1.0162960000000016,0.0,-0.16599048703011865,-7.709974707996791,5.653937960624301,1.7520744791909397,57.47728368369955,3.3341681175484266,-1.3506658659122301,-0.0011595245860932398,0.0147846033250086,-0.014752839727006395,-9.032789893585075,-1.2530455812344443,1.771647218733599
