4.360000000000114895e-01,-7.505840000000006285e+00,1.093930065551868523e-02
4.859720329507966063e-01,-7.507213493869713261e+00,1.076119835966580195e-02
5.359459425399570875e-01,-7.508516050135725095e+00,1.338417671739364385e-02
5.859240270823840024e-01,-7.509561487550612924e+00,1.795445847450295729e-02
6.358956801294708416e-01,-7.510866988854147053e+00,2.287399809005377649e-02
6.858612452775367796e-01,-7.512809883193199312e+00,2.589310036076854574e-02
7.358347966482593483e-01,-7.513975934307758564e+00,2.470496904272482738e-02
7.858149415912037972e-01,-7.514860255578412307e+00,1.812535005528369964e-02
8.358001003151775965e-01,-7.515463428967031234e+00,7.015100085589291538e-03
8.857830215025077614e-01,-7.516216973094884679e+00,-5.895084583128443190e-03
9.357641548884441107e-01,-7.517496555873606212e+00,-1.704709011636141441e-02
9.857516208611359909e-01,-7.517887606645757614e+00,-2.330706620373021107e-02
1.035729911939600401e+00,-7.518802023385390498e+00,-2.317920703063839141e-02
1.085693541623827141e+00,-7.521173919409875452e+00,-1.744172446737215360e-02
1.135668744265498686e+00,-7.522242153266731179e+00,-8.380257815107729907e-03
1.185642285164925536e+00,-7.523370401469193780e+00,1.893272495878561834e-03
1.235615501395567861e+00,-7.524951163526679920e+00,1.244285220608948653e-02
1.285589543521220346e+00,-7.526012922186325227e+00,2.332846583160119378e-02
1.335565460123273374e+00,-7.527441327623300538e+00,3.499211156883348661e-02
1.385544095948463061e+00,-7.528264687749622652e+00,4.768351225370665025e-02
1.435516328928410967e+00,-7.529800633154591694e+00,6.104781580010774922e-02
1.485494299615587765e+00,-7.531035917830262605e+00,7.421741897481913541e-02
1.535477832085062833e+00,-7.531496380749060471e+00,8.639813246029297289e-02
1.585465567519049435e+00,-7.532074619868097898e+00,9.735966944909892062e-02
1.635455456331789792e+00,-7.531808684777757001e+00,1.074116964497324883e-01
1.685446108297251611e+00,-7.532023906411436265e+00,1.170115466189417114e-01
1.735436682056674007e+00,-7.532146715973933482e+00,1.264678465422585107e-01
1.785423965598086804e+00,-7.531662284276340102e+00,1.361431035428415093e-01
1.835402277489314837e+00,-7.530107201630451996e+00,1.469690047518295850e-01
1.885377491477182366e+00,-7.528809365522027619e+00,1.605475703021024547e-01
1.935345090693154635e+00,-7.527204674504957893e+00,1.784874820701203846e-01
1.985300797257422145e+00,-7.525217435243327202e+00,2.013765014393299191e-01
2.035238900922421212e+00,-7.522775668021600914e+00,2.280192667558818276e-01
2.085152152958993810e+00,-7.519813421756862404e+00,2.554006229913788339e-01
2.135031645049086713e+00,-7.516269266415974037e+00,2.795215103373882015e-01
2.184866879955047914e+00,-7.512086293293533501e+00,2.967663313724131502e-01
2.234602383275841930e+00,-7.506794140322397446e+00,3.051533092677277126e-01
2.284217790061435327e+00,-7.499955252324994603e+00,3.049231712250050075e-01
2.333758864438438607e+00,-7.492969676301848736e+00,2.982789157547034442e-01
2.383645670212465095e+00,-7.485322670311943760e+00,2.885552800925472727e-01
2.432927146435784671e+00,-7.476912725518637615e+00,2.793269879979066728e-01
2.482073986326561954e+00,-7.467682332074625506e+00,2.737190239719728968e-01
2.531065699441757744e+00,-7.457595836485353402e+00,2.738410286357471080e-01
2.579978247347062048e+00,-7.447068467379462930e+00,2.803033817796529714e-01
2.629259348923655093e+00,-7.436681263712973333e+00,2.920424683246822806e-01
2.677889028543418259e+00,-7.425124473260323654e+00,3.067258942009245537e-01
2.726320894346971446e+00,-7.412704686292203249e+00,3.216377295405727366e-01
2.774535817523865688e+00,-7.399408410828616667e+00,3.345917099585876686e-01
2.822532502744017791e+00,-7.385288407224486207e+00,3.444986379926637809e-01
2.870741364438422316e+00,-7.370383267416769968e+00,3.514531275182261050e-01
2.918202179738742519e+00,-7.354628702108769289e+00,3.563405395277152166e-01
2.965368526754715184e+00,-7.337958646712568367e+00,3.601361037953376698e-01
3.012238696616648781e+00,-7.320419654311252522e+00,3.632687702083008396e-01
3.059262047826530662e+00,-7.302099764781357472e+00,3.654054447313313525e-01
3.105487409332813975e+00,-7.282976691447966999e+00,3.657409208442495840e-01
3.151348657973508161e+00,-7.262947053633798333e+00,3.635156854655601233e-01
3.196779381612203430e+00,-7.242088673618754413e+00,3.583955344362249607e-01
3.241848192959010611e+00,-7.220288502712122636e+00,3.506116714744847429e-01
3.286510099489183379e+00,-7.197626580030527244e+00,3.409297385061117458e-01
3.330822256720805896e+00,-7.174249670806460699e+00,3.304209699730172867e-01
3.375221807872984314e+00,-7.150196933342000349e+00,3.200808264222125277e-01
3.418725043949514042e+00,-7.125390354942441107e+00,3.105248952176036803e-01
3.461829424524881293e+00,-7.099863857128946520e+00,3.018940532818104594e-01
3.505013236499743723e+00,-7.073722033724449965e+00,2.939487373616961885e-01
3.547347772692279300e+00,-7.046979712552606578e+00,2.863274463830488559e-01
3.589293614293821655e+00,-7.019784230439121586e+00,2.788231261210006307e-01
3.631331501075852231e+00,-6.991894926719204761e+00,2.714803978669599882e-01
3.672421040563899286e+00,-6.963314563222372300e+00,2.645813995276209973e-01
3.713127619486953357e+00,-6.934169241848582743e+00,2.586384987654854473e-01
3.753970664822656733e+00,-6.904595478547634890e+00,2.542497037339304100e-01
3.794476142981483946e+00,-6.874631004273687118e+00,2.517699278162502385e-01
3.834129714450800641e+00,-6.844175991085097444e+00,2.510893060457015658e-01
3.873349867964992033e+00,-6.813178620491842530e+00,2.516696726333247924e-01
3.912156524554784909e+00,-6.781631825511250433e+00,2.526266364695681221e-01
3.951145261832420541e+00,-6.749767827605473336e+00,2.527835573896647370e-01
3.989724335211150663e+00,-6.717476884469174792e+00,2.509494238183845871e-01
4.027321543203660426e+00,-6.684109503061161028e+00,2.464117596167225144e-01
4.064478116549406828e+00,-6.650666279245035284e+00,2.391912384755199572e-01
4.101615275553740503e+00,-6.616723940061239873e+00,2.298411758325535348e-01
4.137900742110222296e+00,-6.582387787046022787e+00,2.190871551672972928e-01
4.174263620285159959e+00,-6.547672523778908626e+00,2.075198522401432710e-01
4.209783971054890550e+00,-6.512593846456670832e+00,1.953684230169937808e-01
4.245120561625662425e+00,-6.477232902958481198e+00,1.826337905394988803e-01
4.280388422631149936e+00,-6.441466859522744670e+00,1.696636444418621603e-01
4.314830328004080506e+00,-6.405378676250841785e+00,1.574787942791680551e-01
4.349431281518162606e+00,-6.369030357525668151e+00,1.475054006567203257e-01
4.383630489980291145e+00,-6.332568148001604058e+00,1.412342620886633815e-01
4.417594623764045103e+00,-6.295687201466609650e+00,1.398260973487985004e-01
4.472938849087573665e+00,-6.234998391490358394e+00,1.432363473251152819e-01
4.506348236552227604e+00,-6.197811123567812608e+00,1.495767220049211421e-01
4.517916148876669702e+00,-6.184320600803258294e+00,1.559050730993060685e-01
4.550848782293170913e+00,-6.146710476019266345e+00,1.598025788190919894e-01
4.583556037571145936e+00,-6.108900409349096172e+00,1.601359396948071889e-01
4.615921862531353170e+00,-6.070366270306492673e+00,1.570002070829215335e-01
4.647936979578895844e+00,-6.032030454520869611e+00,1.516013184420907656e-01
4.679551943672374037e+00,-5.993306137377804710e+00,1.457108608010540540e-01
4.710413394573616408e+00,-5.954439423221273842e+00,1.406876096885109340e-01
4.741559651562790911e+00,-5.915464714680184422e+00,1.370793941990443576e-01
4.772441670691836890e+00,-5.876342127402980786e+00,1.349454000365650219e-01
4.802999504094914940e+00,-5.836533804617606513e+00,1.342571737565512180e-01
4.833259507601094462e+00,-5.796741686547971284e+00,1.350130173921826049e-01
4.863314264488341365e+00,-5.757041221772876582e+00,1.371440627736261464e-01
4.893058747920429497e+00,-5.717167317006007998e+00,1.405652685266461643e-01
4.922464690490944150e+00,-5.676609555346299629e+00,1.454461514606327222e-01
4.951536650084448432e+00,-5.636300950383075659e+00,1.522930224653106790e-01
4.980519790680586922e+00,-5.595569444459563613e+00,1.616038554071538291e-01
5.009067096039771627e+00,-5.554946578810790569e+00,1.733512846517671901e-01
5.037264822665382447e+00,-5.513646404748731022e+00,1.866275019194024443e-01
5.065107691099704823e+00,-5.472593487099166154e+00,1.996178912907888015e-01
5.092584594804991482e+00,-5.430859340042769823e+00,2.099955456786326002e-01
5.119784311779319808e+00,-5.388915983504299234e+00,2.156924524244019648e-01
5.146296466759474164e+00,-5.347048919749584961e+00,2.157870030953180362e-01
5.171668161002725306e+00,-5.304305776526259564e+00,2.109870898608443290e-01
5.197032929201075291e+00,-5.261254018508124020e+00,2.032330948783192537e-01
5.222029049585890093e+00,-5.218475919617342029e+00,1.946801411492805889e-01
5.246655750189100686e+00,-5.175045906272575991e+00,1.869307013330669398e-01
5.271017299738592676e+00,-5.131392881783213511e+00,1.808801782109379364e-01
5.294925771056544939e+00,-5.088050440289356047e+00,1.768602869353533003e-01
5.318307607038772922e+00,-5.043984437891625205e+00,1.749211554098927535e-01
5.341152058475691966e+00,-4.999630502194142068e+00,1.751800682490463335e-01
5.363710590455810667e+00,-4.955123797588381507e+00,1.778078897909021738e-01
5.386559076219966435e+00,-4.911032142970231718e+00,1.825509965205239227e-01
5.408620847775150509e+00,-4.866353497865117284e+00,1.884798298559514362e-01
5.430081101496230467e+00,-4.821373848015668706e+00,1.944240125235885963e-01
5.450949193705472595e+00,-4.776104524315914368e+00,1.996115288456811743e-01
5.471661134097399071e+00,-4.730606331278820242e+00,2.039209814129498144e-01
5.492285212087477220e+00,-4.685022774627234377e+00,2.077588363798516802e-01
5.511765174307352133e+00,-4.639144869100789492e+00,2.117085798026842325e-01
5.530813018316345087e+00,-4.593072854053376730e+00,2.159954445691100455e-01
5.549905383311948270e+00,-4.546830725960990804e+00,2.201877360314054566e-01
5.567996160060441291e+00,-4.500374802377793415e+00,2.236192104641940848e-01
5.585654199675276210e+00,-4.454229766979365124e+00,2.261915904212480899e-01
5.603280453450199872e+00,-4.407466435217558320e+00,2.287595781520568028e-01
5.619117090915910495e+00,-4.360399463228294081e+00,2.328440692620627750e-01
5.635143945591963188e+00,-4.313084829522400909e+00,2.398856878189120356e-01
5.650919337158957667e+00,-4.265696773730352831e+00,2.504036136810978141e-01
5.666378253735503634e+00,-4.218214074486171583e+00,2.636583026090045245e-01
5.681342343762839420e+00,-4.170145637218292123e+00,2.781777612453210646e-01
5.694846911920878441e+00,-4.121842311543445270e+00,2.926863040002427585e-01
5.707659441511703236e+00,-4.073521665635716715e+00,3.067070515253621510e-01
5.719915113694645115e+00,-4.024816862285438113e+00,3.205677457248126694e-01
5.731597832112880653e+00,-3.976023171219376540e+00,3.348963424272473066e-01
5.742688884936072213e+00,-3.927578306914047523e+00,3.498821058059276012e-01
5.752813157172623981e+00,-3.878482404213103418e+00,3.648611940099568129e-01
5.761326884053680430e+00,-3.829213213943450711e+00,3.786048344262302745e-01
5.769343163705457300e+00,-3.779820445316941502e+00,3.899857122241586760e-01
5.776603377720287646e+00,-3.730352189239964922e+00,3.985317969825566409e-01
5.782955793380875065e+00,-3.681233806040618006e+00,4.048078870870888135e-01
5.787595366902209548e+00,-3.631517343622804983e+00,4.105384563190199176e-01
5.791466159216307474e+00,-3.581721137844237735e+00,4.181590264188446149e-01
5.794421457394239638e+00,-3.531894876061627553e+00,4.299430140159500868e-01
5.796463644593142561e+00,-3.482055092201234103e+00,4.472535512631537480e-01
5.797596215022878141e+00,-3.432215258339765818e+00,4.700896009807895570e-01
5.797813881117557244e+00,-3.382393387499476045e+00,4.969307902153810019e-01
5.796498510489680456e+00,-3.332421050491007453e+00,5.251735644424055938e-01
5.793393831185373877e+00,-3.282694795579585989e+00,5.521254339450911708e-01
5.789662133214889650e+00,-3.233492196315165046e+00,5.758989298767190901e-01
5.784432561310515197e+00,-3.183960742921014830e+00,5.958318261226721591e-01
5.777159223671013422e+00,-3.134638661076952548e+00,6.126414453881658950e-01
5.768722119617926580e+00,-3.085584015945976866e+00,6.283553306986726650e-01
5.758348457614728133e+00,-3.037052932237822578e+00,6.457612500736286121e-01
5.747137142157489720e+00,-2.988160719732698478e+00,6.674208454192434026e-01
5.733988947834870231e+00,-2.939700060224310185e+00,6.946718679629576565e-01
5.718932323773211479e+00,-2.891832311256791410e+00,7.269051717611254571e-01
5.702855070720314501e+00,-2.844504050821373919e+00,7.612744195706185879e-01
5.684903935707970923e+00,-2.797760748042083634e+00,7.932293063055937399e-01
5.665171533577847640e+00,-2.751790132041556092e+00,8.181458124776230800e-01
5.642850066077619076e+00,-2.706817715771225874e+00,8.333893816896286166e-01
5.619007550152308461e+00,-2.662917199705647775e+00,8.395868255074139253e-01
5.592832894392428145e+00,-2.620141572458500878e+00,8.404538189011988569e-01
5.565353844654807425e+00,-2.578538933346439688e+00,8.413609459907973598e-01
5.535750810894826124e+00,-2.538145063869160722e+00,8.472260028021798561e-01
5.505714856552355485e+00,-2.498818111204185399e+00,8.606465879222641169e-01
5.473374554032862882e+00,-2.460649367358519690e+00,8.812144598150722929e-01
5.439922701096930879e+00,-2.423920005523954035e+00,9.062525746504740409e-01
5.404468701232843841e+00,-2.388725878620474585e+00,9.324082632862650266e-01
5.367297728875470852e+00,-2.355358899751560209e+00,9.572875937625189291e-01
5.328529841660094135e+00,-2.323867564693911092e+00,9.804138003344179397e-01
5.288891406650852112e+00,-2.294146861905972834e+00,1.003176823397565087e+00
5.247466398494816886e+00,-2.266361074231514117e+00,1.028046354958610298e+00
5.204640743249147938e+00,-2.240787980894502596e+00,1.057546889760364817e+00
5.160550952071017328e+00,-2.217458384346347344e+00,1.093262074081193358e+00
5.115814248371224338e+00,-2.196299325162298643e+00,1.135133983664760260e+00
5.070047841380459275e+00,-2.177507203280416803e+00,1.181389712077677068e+00
5.022857698414768812e+00,-2.161351227598324876e+00,1.229114721957321521e+00
4.975219240011242050e+00,-2.148033085187847302e+00,1.275146036536997762e+00
4.926334746918246132e+00,-2.137898125351958445e+00,1.316953483348166865e+00
4.876853389961773644e+00,-2.130898803731911428e+00,1.353203084592573768e+00
4.827443001310373738e+00,-2.127142169884438605e+00,1.383734858698455694e+00
4.777385663827582896e+00,-2.126759990451490445e+00,1.408925680073977560e+00
4.727403977875396457e+00,-2.129776249246875697e+00,1.428802933041602108e+00
4.677983398425773487e+00,-2.136208019024786520e+00,1.442514040900422900e+00
4.629231801756309217e+00,-2.146113523754893837e+00,1.448462040061571532e+00
4.580787716571079748e+00,-2.159425410675972046e+00,1.444804022432895962e+00
4.533908702487256193e+00,-2.176175179658822678e+00,1.429967375268168084e+00
4.488365673995954097e+00,-2.196339205502672698e+00,1.403196963409876874e+00
4.443989758214028640e+00,-2.219733759609125556e+00,1.364923607354050938e+00
4.401110126038057402e+00,-2.246062849173727560e+00,1.316555030979315255e+00
4.359952817645669221e+00,-2.274988202026711814e+00,1.259985437003682929e+00
4.321299282063616687e+00,-2.306636828554106788e+00,1.197434821692600071e+00
4.284611890870700712e+00,-2.340636750503338526e+00,1.131453137849721013e+00
4.248708228934964026e+00,-2.376437904954738833e+00,1.064709498008608701e+00
4.215639990039130147e+00,-2.414040934260270888e+00,9.997398657383665954e-01
4.184263834271201077e+00,-2.453565380692018127e+00,9.386278670402399271e-01
4.154657509638173707e+00,-2.494328892817114340e+00,8.822750341628943227e-01
4.126667782759884773e+00,-2.536196944326158498e+00,8.296954422913930260e-01
4.100902125301762347e+00,-2.579154222891129944e+00,7.782289437472008631e-01
4.075629591127379214e+00,-2.622915610681502141e+00,7.247416210382370272e-01
4.052966144291359818e+00,-2.667546159981556642e+00,6.671738332482078926e-01
4.032215887725981496e+00,-2.713090719690832042e+00,6.057415881405867619e-01
4.012602181956811620e+00,-2.759318628689461761e+00,5.430834177085062109e-01
3.994755783005921934e+00,-2.806042409063172371e+00,4.830309341172359661e-01
3.976813936957522166e+00,-2.853026236355480805e+00,4.286728512737414398e-01
3.960100681295295910e+00,-2.900228805377889074e+00,3.809769723186864909e-01
3.944269347038082074e+00,-2.947686154385373847e+00,3.387384811592078493e-01
3.929321913166106128e+00,-2.995867344399778531e+00,2.996367694345881127e-01
3.915171670393294612e+00,-3.044291007633902701e+00,2.615666779121050278e-01
3.901691802941734011e+00,-3.092903158059014945e+00,2.234669626406812493e-01
3.888706961186338518e+00,-3.141644886328682773e+00,1.853144581607942543e-01
3.876066594240973551e+00,-3.189972570474560509e+00,1.475419397408369859e-01
3.863750756839076317e+00,-3.238804598559338999e+00,1.104930651014288806e-01
3.851762256837940157e+00,-3.288134932799946508e+00,7.431970913624855180e-02
3.839998561293519685e+00,-3.337010776526801337e+00,3.919238282310289617e-02
3.828360636025365693e+00,-3.386330817273034199e+00,5.440871090883846357e-03
3.816752894232706694e+00,-3.434955409314113695e+00,-2.659293748922231942e-02
3.804935678482699757e+00,-3.483227901526008363e+00,-5.689181885445550313e-02
3.792989580180174514e+00,-3.532314746853223664e+00,-8.598440010965788249e-02
3.780846147019401471e+00,-3.580838489906263966e+00,-1.148393537622757893e-01
3.768434809197829249e+00,-3.629705328524167385e+00,-1.445095912697367257e-01
3.755685694659676610e+00,-3.677969838644773226e+00,-1.757646525161489781e-01
3.742542647470098238e+00,-3.726541281098818548e+00,-2.088679949922674917e-01
3.729003592303293146e+00,-3.774663650318977215e+00,-2.435293122867126236e-01
3.714897515606156997e+00,-3.822883808119153404e+00,-2.790117799482970118e-01
3.700079828238878488e+00,-3.870376520433017387e+00,-3.143333901420456988e-01
3.684505107215797270e+00,-3.917554762642530441e+00,-3.484203657906221885e-01
3.668156746330903939e+00,-3.964833865340007257e+00,-3.801034008107734286e-01
3.650958933396567740e+00,-4.011740269340180021e+00,-4.080465655447756967e-01
3.632741004047054467e+00,-4.057759329958385841e+00,-4.307901558112027796e-01
3.613383327671974676e+00,-4.103849231210998205e+00,-4.469622694199751334e-01
3.592942238162893265e+00,-4.149368053891417496e+00,-4.555948304533499194e-01
3.571426893593583785e+00,-4.194331221328274850e+00,-4.564447621115798603e-01
3.548784531153752475e+00,-4.239178645470163431e+00,-4.501778814953089070e-01
3.524970471597383082e+00,-4.282984840315863018e+00,-4.383052451521896042e-01
3.500020867869539032e+00,-4.326665079853709628e+00,-4.228506724903524638e-01
3.474070152673466527e+00,-4.369771407281392683e+00,-4.058568522284564661e-01
3.447770452175875189e+00,-4.412371459001157348e+00,-3.890174794640702260e-01
3.420512911332683093e+00,-4.454276560661792672e+00,-3.736669457967470853e-01
3.392124291394707392e+00,-4.495810650915389672e+00,-3.609133288084007685e-01
3.363418590691763299e+00,-4.536801753522197167e+00,-3.515457550068996073e-01
3.333974373311046957e+00,-4.576801778004556454e+00,-3.457701303932907422e-01
3.303875100244229479e+00,-4.616777950043955414e+00,-3.430418644903981962e-01
3.273220478502761210e+00,-4.656296745193196251e+00,-3.420620578267174472e-01
3.242007585949121307e+00,-4.695342485777795893e+00,-3.410039866233223194e-01
3.209938434656518069e+00,-4.733690897305701029e+00,-3.380649587573626991e-01
3.176693816858119579e+00,-4.771420189443580817e+00,-3.320371235487426520e-01
3.143281556797762111e+00,-4.808591607317114658e+00,-3.224598228133429001e-01
3.109303330732010817e+00,-4.845215721436838763e+00,-3.094946706982436568e-01
3.074766411014574707e+00,-4.881280442548773024e+00,-2.939832742137864496e-01
3.039680293432292846e+00,-4.916779639035675054e+00,-2.777001235798531309e-01
3.004019414497186791e+00,-4.951813203410520003e+00,-2.634302919056852876e-01
2.967839092276250756e+00,-4.986164845095141906e+00,-2.545866506035118215e-01
2.931270856282021775e+00,-5.020069592565234551e+00,-2.542212991955718482e-01
2.894442289318329475e+00,-5.054087502361297446e+00,-2.636145335276962598e-01
2.857384378700287275e+00,-5.087751947205634728e+00,-2.812793080518051769e-01
2.820028891772003110e+00,-5.120986227948334246e+00,-3.033489223512838562e-01
2.781751396537174514e+00,-5.153631782007877860e+00,-3.253431635011757028e-01
2.743137809998752008e+00,-5.185381248815815525e+00,-3.441866314900748902e-01
2.704017072971066860e+00,-5.215951513077552448e+00,-3.592495707278937633e-01
2.664306907384668577e+00,-5.245729744104625780e+00,-3.719537119099313727e-01
2.623624434737184430e+00,-5.275265158536631915e+00,-3.843671230052211896e-01
2.582989075471776808e+00,-5.304172731213451897e+00,-3.977514107314326086e-01
2.541964854546147734e+00,-5.332426540007853433e+00,-4.119889251564640698e-01
2.500401737387991652e+00,-5.359353240527461537e+00,-4.261656026146599108e-01
2.457735210186525521e+00,-5.385402526529466272e+00,-4.397354459812304328e-01
2.414271874930614459e+00,-5.410023412057089587e+00,-4.532501917145894121e-01
2.370883386324078579e+00,-5.434421569418860898e+00,-4.680145234244155183e-01
2.327073879355824104e+00,-5.457945280501801832e+00,-4.850265106813643201e-01
2.282236554977845167e+00,-5.480339513562356046e+00,-5.041187919499557912e-01
2.237256361345021372e+00,-5.501021397713031114e+00,-5.237776240115041837e-01
2.191277849753079821e+00,-5.520994117282477021e+00,-5.415781657893803391e-01
2.145307199990546643e+00,-5.539854718586648019e+00,-5.551608590921091047e-01
2.098852202576885428e+00,-5.556952344802135180e+00,-5.634712647352507764e-01
2.051408107669630443e+00,-5.573064370575800730e+00,-5.675163663299912509e-01
2.003940044913882446e+00,-5.587226270624542579e+00,-5.700892574522833378e-01
1.955669932977607939e+00,-5.600223064293032849e+00,-5.746387370475686263e-01
1.906984326436736987e+00,-5.612123738613374435e+00,-5.838256080377866031e-01
1.858493769309238042e+00,-5.622845153153051001e+00,-5.983073671713975417e-01
1.809763214572051471e+00,-5.632232333456719253e+00,-6.162890234837995473e-01
1.760319346703771881e+00,-5.640170207372840139e+00,-6.342152014224082812e-01
1.710600687612326309e+00,-5.646376228546063913e+00,-6.484229695540620897e-01
1.661145186374624494e+00,-5.650327484392102306e+00,-6.568225643519275403e-01
1.611106485495673146e+00,-5.653239941226102516e+00,-6.595174645759607213e-01
1.561465549748010107e+00,-5.654438794559267123e+00,-6.581869699746962787e-01
1.511344647312087508e+00,-5.653358720972695650e+00,-6.548960870406927981e-01
1.461232631185539255e+00,-5.651243207375283184e+00,-6.509451269939982021e-01
1.411664347990727819e+00,-5.647752839289995386e+00,-6.462016695033211411e-01
1.361779977804126407e+00,-5.642641707679644902e+00,-6.393251523259428915e-01
1.312572769642632142e+00,-5.635321762772447229e+00,-6.286129075933132304e-01
1.263164098093738863e+00,-5.626811600285003934e+00,-6.126735887365120092e-01
1.214024019681403832e+00,-5.616322797369199371e+00,-5.907179417907526542e-01
1.165178684317851321e+00,-5.604890257525673825e+00,-5.628221420351765536e-01
1.116659470395656495e+00,-5.591649534007137490e+00,-5.301599754118941910e-01
1.068995753298884743e+00,-5.577540390709465612e+00,-4.949428991278133627e-01
1.021308829796765627e+00,-5.561631695280995658e+00,-4.600708490167881859e-01
9.740541196985221806e-01,-5.544469351685608949e+00,-4.284927053782179862e-01
9.271058400690986856e-01,-5.526946490163100023e+00,-4.022198443804249623e-01
8.803686958350152025e-01,-5.508878365759744433e+00,-3.814726390325785532e-01
8.339502030245544706e-01,-5.489578184336361133e+00,-3.647368104259574029e-01
7.881689692002165071e-01,-5.469500825067706629e+00,-3.497195577745700890e-01
7.425581350221170940e-01,-5.448398638266729321e+00,-3.343906416310370444e-01
6.972832062439600076e-01,-5.426639827270980376e+00,-3.175335119741062861e-01
6.524351027670534098e-01,-5.404077345832607904e+00,-2.987880469322878318e-01
6.079032800074442022e-01,-5.380466509303460043e+00,-2.783277615424856188e-01
5.636349395825219766e-01,-5.357299432484200707e+00,-2.564727539749641072e-01
5.196756866449763201e-01,-5.332656824375458626e+00,-2.336592678833779024e-01
4.760805184787280098e-01,-5.307874784887923525e+00,-2.107109081060133393e-01
4.328176639023575412e-01,-5.282104687780155849e+00,-1.888563851583106301e-01
3.900229015916578668e-01,-5.256265183433822763e+00,-1.692537436134462225e-01
3.471603855223848178e-01,-5.230342066646252341e+00,-1.524019412612234448e-01
3.044060302785647210e-01,-5.204272750765234434e+00,-1.379106268731822016e-01
2.618341014795477761e-01,-5.177941134610945184e+00,-1.247969268511727597e-01
2.195302643421213062e-01,-5.150781835194142566e+00,-1.121526750691191898e-01
1.775046472830164035e-01,-5.123218875399671468e+00,-9.971752748649073683e-02
1.356226508077638115e-01,-5.095963885953034733e+00,-8.787242214402751772e-02
9.376056939200072549e-02,-5.068638939252203102e+00,-7.704596232789029386e-02
5.190383939049691975e-02,-5.041383401021994892e+00,-6.711190418645993083e-02
1.024678380702859215e-02,-5.013372664542343315e+00,-5.733760439641048118e-02
-3.127718668153178783e-02,-4.985201099440175199e+00,-4.688426703970900028e-02
-7.276357805011812729e-02,-4.957503979420007312e+00,-3.540735551828282784e-02
-1.142445314845588200e-01,-4.929405785819980679e+00,-2.331980848623615293e-02
-1.555720425304301102e-01,-4.901278802867366835e+00,-1.149306805496153397e-02
-1.968446352305477376e-01,-4.872914530902491492e+00,-4.869032024254497850e-04
-2.381563154471564303e-01,-4.844647447282113717e+00,1.022071165418719785e-02
-2.795747757556164004e-01,-4.817071479453844063e+00,2.235309472182360827e-02
-3.210743106541862346e-01,-4.789223551676400348e+00,3.801447302031842751e-02
-3.625046136329057589e-01,-4.761248210522875723e+00,5.840268558608946448e-02
-4.038222317086042068e-01,-4.732737383588613511e+00,8.301153625515898804e-02
-4.452353832154303248e-01,-4.704902002437220787e+00,1.098431456596426908e-01
-4.867734653713364779e-01,-4.677293428995407787e+00,1.363400984733952881e-01
-5.285248880770314628e-01,-4.650048953235643268e+00,1.605139271259174438e-01
-5.705809049319374715e-01,-4.623803644325292339e+00,1.818207143370318690e-01
-6.130319249526468006e-01,-4.597403151817974987e+00,2.012214844013702209e-01
-6.554652891495953426e-01,-4.570929005220583541e+00,2.203196002775202333e-01
-6.982055739613337586e-01,-4.545491613792801644e+00,2.403734008752158868e-01
-7.412867365634632222e-01,-4.520665659358845012e+00,2.618220240201517002e-01
-7.846573066929678486e-01,-4.496374753156041848e+00,2.840249260167533873e-01
-8.282845739308866140e-01,-4.472142897720129184e+00,3.050666394773520196e-01
-8.722359741020275781e-01,-4.449032749173953860e+00,3.221767064731071994e-01
-9.166493017337216109e-01,-4.426831105119559240e+00,3.328527008736537618e-01
-9.616360977424993628e-01,-4.405031461129288672e+00,3.360132035990222032e-01
-1.006787890267098584e+00,-4.383943589785342709e+00,3.327851651352507489e-01
-1.052483861805289633e+00,-4.364581565656495243e+00,3.266801638019191101e-01
-1.098527031957408084e+00,-4.346041344677518126e+00,3.225337707062853609e-01
-1.144770682523077898e+00,-4.327084885733102126e+00,3.243707997857083747e-01
-1.191256079643753463e+00,-4.309204817953039779e+00,3.337266524434847614e-01
-1.237953587819913714e+00,-4.291839063072435678e+00,3.495176599145214391e-01
-1.284859578343666708e+00,-4.274574889139097778e+00,3.691332907761328275e-01
-1.332149006687383119e+00,-4.259367222925661167e+00,3.899528668709386636e-01
-1.379890616550317084e+00,-4.245553623082430228e+00,4.104230401524888161e-01
-1.427881248294910588e+00,-4.231663248885614514e+00,4.299329695805357843e-01
-1.476061125016550513e+00,-4.218905542084437243e+00,4.478319165491836951e-01
-1.524496631978913719e+00,-4.207076511586480549e+00,4.628674742706320178e-01
-1.573190572962196221e+00,-4.196340945478922890e+00,4.736940824925711668e-01
-1.622208344685222237e+00,-4.187619557012967952e+00,4.799470031916904245e-01
-1.671503966782054595e+00,-4.179926523169767094e+00,4.828916380099036454e-01
-1.720973484099757478e+00,-4.173304356023452399e+00,4.848952702682532423e-01
-1.770585322459724997e+00,-4.167702229006762238e+00,4.877736951836761925e-01
-1.820316388533660845e+00,-4.163176305172099134e+00,4.910300409202370542e-01
-1.870146996032226117e+00,-4.159759560396747879e+00,4.913210070969440402e-01
-1.920053719318261631e+00,-4.157429042624194437e+00,4.838550477398844141e-01
-1.970023421740824565e+00,-4.157036405462902096e+00,4.650777879728643649e-01
-2.020011820389513879e+00,-4.157627652491155956e+00,4.349207194053833492e-01
-2.069977094203818702e+00,-4.160097989282349751e+00,3.971595113000013777e-01
-2.119884942264629313e+00,-4.163425633911083779e+00,3.577604261743925762e-01
-2.169740313658008013e+00,-4.167519592219704805e+00,3.221759862237887351e-01
-2.219569221918233914e+00,-4.171473818006997014e+00,2.929183479664118073e-01
-2.269368370767299137e+00,-4.176219248877522716e+00,2.687272021553679391e-01
-2.319097629914844916e+00,-4.181641558673472758e+00,2.460124141352892091e-01
-2.368707449330353043e+00,-4.188559198612193946e+00,2.217294526545107447e-01
-2.418195042432270903e+00,-4.195911591449008604e+00,1.956794640063356239e-01
-2.467669075676640844e+00,-4.202867977867152049e+00,1.709316559039324723e-01
-2.517066925883953310e+00,-4.211256156053610589e+00,1.526223821768632471e-01
-2.566327062672421722e+00,-4.219995581087333747e+00,1.457492835236379458e-01
-2.615597714177289479e+00,-4.228178453388626856e+00,1.525464395068212020e-01
-2.664951855040790463e+00,-4.235856373857983748e+00,1.708083162280240874e-01
-2.714247995294353899e+00,-4.244806687029892167e+00,1.944713718305894901e-01
-2.763366482880426300e+00,-4.254104270580412184e+00,2.159196829326099354e-01
-2.812395472949533737e+00,-4.263990486757785803e+00,2.284627214044628873e-01
-2.861305759771016088e+00,-4.274883643389522092e+00,2.282395229785117441e-01
-2.910018558754164708e+00,-4.286163374841752471e+00,2.152982139421149022e-01
-2.958548404439975243e+00,-4.299073775065878067e+00,1.932679561037876637e-01
-3.007005957770879867e+00,-4.311294190325744680e+00,1.676022029283719128e-01
-3.055309302199510135e+00,-4.324526179722623098e+00,1.434356559052353264e-01
-3.103547973832300411e+00,-4.337997360255541501e+00,1.239921622372575638e-01
-3.151762825462944395e+00,-4.351055859562550587e+00,1.098080780144052165e-01
-3.199903675504915057e+00,-4.364744984737191302e+00,9.902613313028948983e-02
-3.247969068962314410e+00,-4.378633967534398153e+00,8.877876495997556738e-02
-3.295967328598110591e+00,-4.392744079419633962e+00,7.678909408091234845e-02
-3.343903141425340841e+00,-4.407056285370188675e+00,6.221402200466930044e-02
-3.391713191286569895e+00,-4.421772567252414632e+00,4.563918072782342100e-02
-3.439437573423910877e+00,-4.437194453263483496e+00,2.846440621478104824e-02
-3.487214097531268209e+00,-4.451451323265558813e+00,1.185224651609665357e-02
-3.535065700976474545e+00,-4.465888014518725413e+00,-4.168699869262573049e-03
-3.582891905382574294e+00,-4.480396707670017520e+00,-2.069944805285161421e-02
-3.630638470517496330e+00,-4.495588018184580648e+00,-3.921179751987393519e-02
-3.678363761923481690e+00,-4.510345933375502270e+00,-6.079018868985614638e-02
-3.726176925551928587e+00,-4.524751431370802379e+00,-8.568887000642416707e-02
-3.774082315351183770e+00,-4.538784469218298590e+00,-1.130495017817651077e-01
-3.822011952991394512e+00,-4.553162370812711579e+00,-1.408698098032042656e-01
-3.869983752738662020e+00,-4.566895174583724959e+00,-1.665390976127974765e-01
-3.918025315655201180e+00,-4.580813419141203546e+00,-1.878868273088905028e-01
-3.966260945796999948e+00,-4.593047779297605437e+00,-2.041070359400052880e-01
-4.014709626427122480e+00,-4.605335472751831638e+00,-2.159317595556887459e-01
-4.063349476984875253e+00,-4.616878077885630205e+00,-2.251243737261880151e-01
-4.112058586677615146e+00,-4.627577318765980330e+00,-2.337772509015678124e-01
-4.160826776323326648e+00,-4.638454582053110897e+00,-2.436153575880529443e-01
-4.209673125755123202e+00,-4.648912572167809287e+00,-2.554684963791281627e-01
-4.258691552545744941e+00,-4.658467582469167922e+00,-2.693565300975039323e-01
-4.307888166764931803e+00,-4.666583568894141720e+00,-2.851227172397343690e-01
-4.357199045986295260e+00,-4.674486073677464049e+00,-3.027168058046477706e-01
-4.406561067133271337e+00,-4.682028955459838215e+00,-3.217262280432335864e-01
-4.456020102193570587e+00,-4.689352363456446682e+00,-3.409083455883481495e-01
-4.505626553800052392e+00,-4.694624177363315276e+00,-3.584086560689782597e-01
-4.555338182960886328e+00,-4.699438951219462979e+00,-3.724418325256398377e-01
-4.605136992595461720e+00,-4.703277533798699395e+00,-3.820522207790874591e-01
-4.655010289254912337e+00,-4.706080586736510085e+00,-3.877238272976324396e-01
-4.704939222534289200e+00,-4.707904842427872438e+00,-3.913538169521745824e-01
-4.754904731944724183e+00,-4.708720560461516769e+00,-3.952926649158752803e-01
-4.804885908293834440e+00,-4.708381810332792128e+00,-4.010233420428986895e-01
-4.854867738614945694e+00,-4.707207123822792383e+00,-4.083641633775820234e-01
-4.905270815256758787e+00,-4.705764456420720165e+00,-4.156056852483329123e-01
-4.955136421226558063e+00,-4.702724955269190765e+00,-4.204808400575852367e-01
-5.004926816554589486e+00,-4.698400354772201304e+00,-4.214410735559792065e-01
-5.054614524955927557e+00,-4.692875019858984587e+00,-4.184919265645579700e-01
-5.104174005457728036e+00,-4.686191940640049403e+00,-4.131022044598184340e-01
-5.154064030742983249e+00,-4.678622551877038127e+00,-4.073070890131585409e-01
-5.203347352554694716e+00,-4.670724362533430707e+00,-4.026644026011619859e-01
-5.252441048128798862e+00,-4.661238768841252877e+00,-3.997647609761943999e-01
-5.301351211566234234e+00,-4.650714500858473599e+00,-3.984189216281098234e-01
-5.350083312497563526e+00,-4.639791994333164915e+00,-3.982186699573054267e-01
-5.398559282520105640e+00,-4.627304770142110613e+00,-3.991286515230930698e-01
-5.446788787706606350e+00,-4.613789868905767477e+00,-4.015911313475918898e-01
-5.495251687280646280e+00,-4.599992219379949177e+00,-4.058414711769915972e-01
-5.542941820333773251e+00,-4.584779665226504264e+00,-4.110981497182429889e-01
-5.590298623147290868e+00,-4.568467993560158646e+00,-4.155543746008154016e-01
-5.637377456344605520e+00,-4.551793272105790322e+00,-4.171922650098260354e-01
-5.684132375544074023e+00,-4.533758593738684617e+00,-4.148247515287101228e-01
-5.730449211273306531e+00,-4.514555438240290819e+00,-4.088289158540623358e-01
-5.776301146803602293e+00,-4.494199574155340215e+00,-4.011233168354235157e-01
-5.821672007923662129e+00,-4.472730637782198926e+00,-3.942080862995798185e-01
-5.866625189924469908e+00,-4.450862407673360721e+00,-3.897030955855722567e-01
-5.911881180384457757e+00,-4.428715967107000218e+00,-3.872756863131052163e-01
-5.956156527673238443e+00,-4.405153402633802173e+00,-3.846740938571232005e-01
-5.999921393632638100e+00,-4.380605807408691987e+00,-3.788246900198997680e-01
-6.043163913412645805e+00,-4.355104816989022076e+00,-3.672816434931217011e-01
-6.085929167936729556e+00,-4.328767466619978244e+00,-3.493031530456310874e-01
-6.128689460664653588e+00,-4.301694890568411367e+00,-3.261932657948035663e-01
-6.170490547696168449e+00,-4.273874095385882477e+00,-3.008427301399596576e-01
-6.211752946918165819e+00,-4.245223908465776574e+00,-2.766443518934454393e-01
-6.252534760812679338e+00,-4.216312078775018790e+00,-2.562396135630508609e-01
-6.293164122997980670e+00,-4.187235776464266479e+00,-2.406450832471755952e-01
-6.333931941566341095e+00,-4.157306414672863326e+00,-2.290434222915123941e-01
-6.374345891910037309e+00,-4.126965388963730774e+00,-2.191694841164752716e-01
-6.414371807738997511e+00,-4.096178542680946499e+00,-2.082081186188190491e-01
-6.453504809762918626e+00,-4.064862839361416569e+00,-1.940680247341820264e-01
-6.492328136092423208e+00,-4.033369635424855382e+00,-1.764797531901945715e-01
-6.530844781581209624e+00,-4.001770428265973401e+00,-1.572602285368609465e-01
-6.569473065479831675e+00,-3.969345698210110740e+00,-1.396820418762031724e-01
-6.607309698537180864e+00,-3.936560648625765158e+00,-1.272943996696144775e-01
-6.645381733732374840e+00,-3.904035282019120423e+00,-1.225217377660694773e-01
-6.683314710106889933e+00,-3.871475028130189955e+00,-1.255906026541260823e-01
-6.721328443548596709e+00,-3.839010601519372567e+00,-1.344801718652331168e-01
-6.758614842137664169e+00,-3.805845978479979852e+00,-1.459094619469266108e-01
-6.796066381793845146e+00,-3.772380017249665762e+00,-1.566040120929769186e-01
-6.832986434213888849e+00,-3.738675587852923421e+00,-1.642335351888155881e-01
-6.869385210211544468e+00,-3.704598480145599559e+00,-1.679157366599289825e-01
-6.905950296218454021e+00,-3.670238973615310041e+00,-1.682318940347239111e-01
-6.942180480685905763e+00,-3.635101289961601978e+00,-1.666735344536406371e-01
-6.978070246516566044e+00,-3.600110064293557510e+00,-1.647758623288708701e-01
-7.013461348172842058e+00,-3.564803598400934970e+00,-1.634462728653570951e-01
-7.048263758969036452e+00,-3.529218749998503046e+00,-1.627391863367799452e-01
-7.083331378383315169e+00,-3.493473564773250661e+00,-1.620084830258388953e-01
-7.118141192970329101e+00,-3.457542548870322197e+00,-1.603817897345198029e-01
-7.152618966773840015e+00,-3.420863489352431230e+00,-1.574641071586269370e-01
-7.186484996135105163e+00,-3.384091625561516103e+00,-1.538101755039074925e-01
-7.219675402729820668e+00,-3.347115570441279608e+00,-1.506717841889859688e-01
-7.253097364080039355e+00,-3.309963549671057326e+00,-1.491668952429222039e-01
-7.286321059392499855e+00,-3.272698345647498730e+00,-1.495373025132834266e-01
-7.319343366385260730e+00,-3.235166946026123203e+00,-1.509873250475948225e-01
-7.352093595007825222e+00,-3.197548205784397357e+00,-1.521757367792155313e-01
-7.384396978124624589e+00,-3.159115027370539508e+00,-1.521120372290091505e-01
-7.415837249529101172e+00,-3.120813911172235056e+00,-1.508785114756494294e-01
-7.447425102867316404e+00,-3.082288016816059351e+00,-1.496058385449993422e-01
-7.478896685464793137e+00,-3.043447084237434819e+00,-1.497831987956385613e-01
-7.510063104373740472e+00,-3.004643118929834156e+00,-1.525349764548937226e-01
-7.540912826363483923e+00,-2.965154629306185452e+00,-1.582474152004277879e-01
-7.571438273827353349e+00,-2.925907235354272551e+00,-1.664798279544226767e-01
-7.601688742693699652e+00,-2.886107922179107277e+00,-1.760957071170788091e-01
-7.631555175790962764e+00,-2.845924017232298819e+00,-1.856009176355622736e-01
-7.661076570059766055e+00,-2.805976420700469376e+00,-1.935177369091801436e-01
-7.690245236692007325e+00,-2.765335074087283296e+00,-1.986737026854357990e-01
-7.718985785234520058e+00,-2.724878746861886469e+00,-2.004737019956191746e-01
-7.746732749879419622e+00,-2.683593663481032454e+00,-1.990324138051685066e-01
-7.774433038350600178e+00,-2.641979183120906516e+00,-1.948398501608849254e-01
-7.801764275171286123e+00,-2.600571238112280081e+00,-1.880978960476865358e-01
-7.828741632515747284e+00,-2.558496855152700089e+00,-1.784050197562216666e-01
-7.855359028678858380e+00,-2.516681712821598804e+00,-1.651475262790752518e-01
-7.881561542558688238e+00,-2.474169521571623065e+00,-1.482958298189888113e-01
-7.907248856989329333e+00,-2.431337521057044704e+00,-1.291377671732340249e-01
-7.932577463048523292e+00,-2.388238296843293362e+00,-1.105452078822087292e-01
-7.957581027896999615e+00,-2.344994882376501444e+00,-9.637693072968572805e-02
-7.983025677243009710e+00,-2.302243835824356655e+00,-9.009266651279229654e-02
-8.008311764210798600e+00,-2.258997327611826478e+00,-9.340716401116923306e-02
-8.033359468860314934e+00,-2.215640693653633253e+00,-1.058393453090394065e-01
-8.058167231762823235e+00,-2.172172722862863115e+00,-1.252252483667843086e-01
-8.082798914737825413e+00,-2.129121277831408587e+00,-1.487449882611020513e-01
-8.107256368109769795e+00,-2.085521829740839994e+00,-1.740519805721947311e-01
-8.131170168243595953e+00,-2.041660457788213812e+00,-2.000865133672889706e-01
-8.154536453405984986e+00,-1.997089220141497368e+00,-2.270850007690031480e-01
-8.177425619338926310e+00,-1.952773614489197396e+00,-2.557204574815847287e-01
-8.199857967903184885e+00,-1.908295375638372482e+00,-2.860201631258942334e-01
-8.221770051863650508e+00,-1.863626238420340142e+00,-3.168890740546005946e-01
-8.243028686086670831e+00,-1.818213442739355479e+00,-3.464986989640407855e-01
-8.263452389477953020e+00,-1.772585562726726405e+00,-3.731698114875726668e-01
-8.282910017613232867e+00,-1.726427013201078386e+00,-3.962020565934659677e-01
-8.300814022298549588e+00,-1.680317873828133912e+00,-4.162113408849844598e-01
-8.318156838707738032e+00,-1.633378761658717870e+00,-4.346986575427833066e-01
-8.334600262502089407e+00,-1.586158918415767172e+00,-4.530411639218395181e-01
-8.350166804762439554e+00,-1.539176174663224206e+00,-4.716926095638054872e-01
-8.364718093885636918e+00,-1.491476746515449481e+00,-4.903328586721536486e-01
-8.377390554115661914e+00,-1.443404994284369414e+00,-5.087707134264178865e-01
-8.389091110852236355e+00,-1.395430551023839616e+00,-5.276280592766960931e-01
-8.399672346981875037e+00,-1.346573774496501397e+00,-5.481312385720762403e-01
-8.408950678517669530e+00,-1.297614720764683316e+00,-5.712346369288197057e-01
-8.416926449709158931e+00,-1.248449608037231817e+00,-5.967442284087735027e-01
-8.423568227807633590e+00,-1.199108891731988313e+00,-6.230005796879066748e-01
-8.428845625125260810e+00,-1.149622375684075326e+00,-6.474655341767081573e-01
-8.432396582775815830e+00,-1.100000793711424008e+00,-6.681523572849870085e-01
-8.433519904571152637e+00,-1.050287081809363698e+00,-6.850506267016656103e-01
-8.433347663485847079e+00,-1.000549359136636562e+00,-7.003537025092697599e-01
-8.431548070381403193e+00,-9.508506456672931595e-01,-7.172018736189672561e-01
-8.428087989026792570e+00,-9.012460489783403750e-01,-7.379518186487329379e-01
-8.422935264897711605e+00,-8.517934285137476191e-01,-7.631223185550087829e-01
-8.416063206406617425e+00,-8.025535655851321337e-01,-7.913540844917955619e-01
-8.407450661531367331e+00,-7.535913081240181999e-01,-8.201906667465852507e-01
-8.396720325228855586e+00,-7.050551443224271075e-01,-8.474289159766544843e-01
-8.383173614855865097e+00,-6.570855713441310364e-01,-8.724256486409425193e-01
-8.368084620761269576e+00,-6.096888877740000989e-01,-8.964033219869782521e-01
-8.351120293369890035e+00,-5.629293543384636944e-01,-9.214064479038310829e-01
-8.332472289828812606e+00,-5.170775123276341034e-01,-9.487372741141381072e-01
-8.310830007131922770e+00,-4.720474393908162258e-01,-9.779057532465459390e-01
-8.287419619676878568e+00,-4.281108569343877179e-01,-1.006416883721764188e+00
-8.262184287282449802e+00,-3.851989623378847538e-01,-1.030334971312024450e+00
-8.234984889497239280e+00,-3.435131436213383349e-01,-1.045612667791977479e+00
-8.204938252740586080e+00,-3.034701893663327432e-01,-1.049723224482360218e+00
-8.172416309663672607e+00,-2.653241676092293888e-01,-1.042570192530976048e+00
-8.137829028964164380e+00,-2.289497382010764470e-01,-1.026076115418023571e+00
-8.102333728201866592e+00,-1.940162003510290667e-01,-1.002966486075979935e+00
-8.064501447521447375e+00,-1.609408407782174644e-01,-9.756672513464857976e-01
-8.025575694833893436e+00,-1.296968970165556234e-01,-9.457300969570263671e-01
-7.984695541291040755e+00,-1.003968290907206740e-01,-9.137738779773312281e-01
-7.942417052044289605e+00,-7.306698914765585862e-02,-8.798673197096340548e-01
-7.899471120316442274e+00,-4.754218968255563560e-02,-8.440811202942452018e-01
-7.855061847716070744e+00,-2.378419468516912438e-02,-8.067520198022998246e-01
-7.810234486988097302e+00,-1.743285733743826782e-03,-7.683490036102368359e-01
-7.764103305122842968e+00,1.847598918127513201e-02,-7.293248335276714123e-01
-7.717205917224590372e+00,3.691617184654294448e-02,-6.902016531371270025e-01
-7.669710459965490834e+00,5.382088511096072558e-02,-6.516650980569456131e-01
-7.622196972535378201e+00,6.926666898689859408e-02,-6.143636952961618602e-01
-7.573774653162972825e+00,8.318718916804845875e-02,-5.784083093550217436e-01
-7.524953869966523712e+00,9.567534630215202007e-02,-5.428541645173713404e-01
-7.475828364502810075e+00,1.069260750884630795e-01,-5.057268181868415091e-01
-7.426940616981186238e+00,1.169950411526108347e-01,-4.650278743375841906e-01
-7.377391845155512939e+00,1.258623787153991813e-01,-4.203378620679864563e-01
-7.327662850731881505e+00,1.336068988848873040e-01,-3.739569081765675151e-01
-7.277749048457314629e+00,1.399688125968538976e-01,-3.307807283981355484e-01
-7.227728796431004632e+00,1.449109474416814258e-01,-2.967190267168067774e-01
-7.178190062814358896e+00,1.504888972982758588e-01,-2.761084692731765600e-01
-7.128233280212782574e+00,1.558734527244922674e-01,-2.694563067898700370e-01
-7.078269923111531803e+00,1.608031044800535270e-01,-2.730465800626177275e-01
-7.028275891058844316e+00,1.645050329872748129e-01,-2.806449270966295262e-01
-6.978249181242516030e+00,1.673313624598247173e-01,-2.860891001254517452e-01
-6.928212206355707004e+00,1.693393144996044875e-01,-2.853710105426351396e-01
-6.878183352986837029e+00,1.705860405646721922e-01,-2.774358917924974466e-01
-6.828176412093716507e+00,1.711248152102080589e-01,-2.635682195808372597e-01
-6.778204314867204872e+00,1.710088138741978625e-01,-2.459102683612752471e-01
-6.728218953095769450e+00,1.702855617639986718e-01,-2.261063649395403941e-01
-6.678797555012984333e+00,1.689880503259297839e-01,-2.047759767682838239e-01
-6.629002343232866856e+00,1.671690219784727205e-01,-1.817479909738824451e-01
-6.579273508022164485e+00,1.648841302324504099e-01,-1.565771804563832470e-01
-6.529616622936666559e+00,1.621907573854315388e-01,-1.290131256605359655e-01
-6.480032177567101925e+00,1.591441015690078231e-01,-9.937758979775807022e-02
-6.430522585919102418e+00,1.558060350033940722e-01,-6.882997839377641425e-02
-6.381084522032441697e+00,1.522648338493031162e-01,-3.937793490544987118e-02
-6.331220516132404441e+00,1.486378129886816168e-01,-1.348765146560886724e-02
-6.281358516730165320e+00,1.450284740123919391e-01,6.607284745818719010e-03
-6.231491761866234214e+00,1.415357977265330192e-01,1.959913681389793480e-02
-6.181613666459995216e+00,1.382591924225735625e-01,2.553021345254121235e-02
-6.131718386796618958e+00,1.353023766567318376e-01,2.577073950075758207e-02
-6.081819156154587347e+00,1.324586383583934435e-01,2.240882377363656933e-02
-6.031922445975792080e+00,1.291351553871038504e-01,1.717157895209950672e-02
-5.982025041388592257e+00,1.263136900396375495e-01,1.048375772302694020e-02
-5.932123763374896441e+00,1.231189609287923759e-01,1.339245401165970861e-03
-5.882215544358782466e+00,1.205337712325444954e-01,-1.191566111167690310e-02
-5.832315549406892785e+00,1.173775279960693751e-01,-3.033483358564943722e-02
-5.782414408064173728e+00,1.142368085153364632e-01,-5.312403903038848824e-02
-5.732499860226472066e+00,1.118210652398410332e-01,-7.688865407177353228e-02
-5.682586282798284039e+00,1.089568865282650734e-01,-9.604097675748284046e-02
-5.632700308351996199e+00,1.056549456968003398e-01,-1.045573943263940903e-01
-5.582853324915271642e+00,1.013597201089346811e-01,-9.823413674449249511e-02
-5.533046366091214807e+00,9.705892867935972390e-02,-7.626010109169978346e-02
-5.483275640676211538e+00,9.191553821220566078e-02,-4.154213838761799948e-02
-5.433530173945851693e+00,8.705419406331316168e-02,1.875623460990111897e-04
-5.383798519343264921e+00,8.167484451092832387e-02,4.216524347544910872e-02
-5.334048296272053236e+00,7.697563951208152844e-02,7.863357415930846694e-02
-5.284262903690608582e+00,7.264598476447048370e-02,1.062476243596497671e-01
-5.234445575633130510e+00,6.868092001924175349e-02,1.243387961008792647e-01
-5.184599323277784499e+00,6.507674260030515967e-02,1.342422572835370864e-01
-5.134727055721992173e+00,6.182893780427356489e-02,1.382704776996943885e-01
-5.084831578246937767e+00,5.893394062618462215e-02,1.387848913271997608e-01
-5.034915641483689974e+00,5.638877528685526386e-02,1.375781058548262992e-01
-4.984981956016796723e+00,5.418665177557357993e-02,1.356532188650615700e-01
-4.935033128748424147e+00,5.232494236713680635e-02,1.333146008928134396e-01
-4.885071672979242940e+00,5.079779941172191116e-02,1.303529380885171118e-01
-4.835100022355558025e+00,4.960010120294366942e-02,1.262066008619379953e-01
-4.785120505181329698e+00,4.872483129394034052e-02,1.202243978090587612e-01
-4.735135327160364227e+00,4.816724839833952387e-02,1.121444390301814947e-01
-4.685146578545988483e+00,4.792153408703470063e-02,1.025957451683636723e-01
-4.635156250536438094e+00,4.798322591449100116e-02,9.324302824106928123e-02
-4.585166245116387707e+00,4.834688417052390719e-02,8.640725661019595105e-02
-4.535178382641387174e+00,4.900772010616805119e-02,8.426934341534357553e-02
-4.485190518791346115e+00,4.971078580533472291e-02,8.790065087569555458e-02
-4.435201535144116747e+00,4.986301089637379391e-02,9.659474887483497640e-02
-4.385215278069387601e+00,5.068926353732905454e-02,1.080476148472321457e-01
-4.335235358792004945e+00,5.189581587185898570e-02,1.193552361028561715e-01
-4.285264473703255916e+00,5.347363019489748126e-02,1.281391776146300343e-01
-4.235305114824057249e+00,5.541366568311367757e-02,1.332119624132769298e-01
-4.185359553402564714e+00,5.770648015010415577e-02,1.346640052501345552e-01
-4.135429886065608684e+00,6.034147816640711426e-02,1.334612984504229549e-01
-4.085518091568774324e+00,6.331325145592980874e-02,1.307831978354721814e-01
-4.035625937243371375e+00,6.661163887215870716e-02,1.275011748648259002e-01
-3.985755020271799065e+00,7.022731293654427276e-02,1.240484426158830755e-01
-3.935906780415767692e+00,7.415365824968311870e-02,1.205667369759254037e-01
-3.886082474516749485e+00,7.837926633988878677e-02,1.170813123192371019e-01
-3.836283221118578446e+00,8.289798076375021196e-02,1.135926873958372496e-01
-3.786509925464177861e+00,8.769854746807581591e-02,1.101027739340574713e-01
-3.736763359300703691e+00,9.277239540159953890e-02,1.066212209503398928e-01
-3.687044211827314122e+00,9.811213897596360312e-02,1.031832133799523293e-01
-3.637353011990716922e+00,1.037081729542865816e-01,9.988887571752121108e-02
-3.587690106103043952e+00,1.095519718097630602e-01,9.692815801764396999e-02
-3.538055715448451100e+00,1.156335886887163156e-01,9.446263799826996876e-02
-3.488449950954418011e+00,1.219457512577246661e-01,9.221378365050805770e-02
-3.438872770116675248e+00,1.284779692937672024e-01,8.886211456954047627e-02
-3.389324032022024369e+00,1.352229394448087874e-01,8.181575069285020041e-02
-3.339803423391614956e+00,1.421709966739097553e-01,6.791762122426045489e-02
-3.290310457842129388e+00,1.493115596112275512e-01,4.497631698679694506e-02
-3.240844674278024584e+00,1.566369929816247009e-01,1.333988448482835258e-02
-3.191439768701037849e+00,1.643565547377932035e-01,-2.332144753900077319e-02
-3.142106549238389057e+00,1.730222546639694770e-01,-5.865772140202674123e-02
-3.092744967480388407e+00,1.805722323962797304e-01,-8.587118831896732585e-02
-3.043267148377651665e+00,1.872931980682288611e-01,-1.005866119442551526e-01
-2.993692416946672541e+00,1.932528709974246084e-01,-1.025911477488361812e-01
-2.944075143837687314e+00,1.993099751064661973e-01,-9.545141967512693615e-02
-2.894446314851861324e+00,2.052652830708012743e-01,-8.456699286094919443e-02
-2.844804333989729095e+00,2.111033297347777449e-01,-7.489428209673403003e-02
-2.795147782901851841e+00,2.168108016647742886e-01,-6.933985265453398994e-02
-2.745475382352363880e+00,2.223726443310685141e-01,-6.839079094299940764e-02
-2.695786009672413108e+00,2.277756585730159600e-01,-7.091556573516584472e-02
-2.646078722925448989e+00,2.330071394860695477e-01,-7.538437353205483527e-02
-2.596352633551973987e+00,2.380521146175116343e-01,-8.067546490192767372e-02
-2.546606958110231300e+00,2.428961668249307593e-01,-8.623093491491734541e-02
-2.496841145362940217e+00,2.475265403993471836e-01,-9.185612907982143582e-02
-2.447054808015940441e+00,2.519288665227996660e-01,-9.750323731098163582e-02
-2.397247695078902119e+00,2.560882298655222655e-01,-1.031537659611419105e-01
-2.347419782618302531e+00,2.599914839325805360e-01,-1.087573760525550742e-01
-2.297571244654203149e+00,2.636232796813828827e-01,-1.141425337435285903e-01
-2.247702478941236315e+00,2.669697478455201889e-01,-1.188386413771399946e-01
-2.197814148966636072e+00,2.700173819142959175e-01,-1.218335293625425753e-01
-2.147907125181835575e+00,2.727500595713925335e-01,-1.214530749681743127e-01
-2.097982554224056884e+00,2.751548556729819239e-01,-1.156454010179690933e-01
-2.048041878735054944e+00,2.772168080581955962e-01,-1.027710540894763297e-01
-1.998086818190418557e+00,2.789233360100737968e-01,-8.261408318934519712e-02
-1.948119357040174915e+00,2.802569543370694305e-01,-5.709612023676482323e-02
-1.898141808259587560e+00,2.812052618120723935e-01,-3.020559940183891595e-02
-1.848158706653411754e+00,2.818900680737641551e-01,-6.892845041027117342e-03
-1.798178739045413366e+00,2.831494510029983758e-01,8.721803854920254576e-03
-1.748207179572679681e+00,2.847005917468123926e-01,1.475833232256081734e-02
-1.698242468414761230e+00,2.864220237550796355e-01,1.169572250803218791e-02
-1.648281464070710634e+00,2.881967227579593782e-01,1.379634496945159961e-03
-1.598320906069269132e+00,2.899242993172208571e-01,-1.422864616504483301e-02
-1.548355426802575874e+00,2.914909227894852961e-01,-3.390951698297552802e-02
-1.498380755893949035e+00,2.923173520307855711e-01,-5.719954031504901476e-02
-1.448411794070137315e+00,2.942626225925941696e-01,-8.347427894332705434e-02
-1.398451580349244994e+00,2.960587816841346864e-01,-1.109609684076939135e-01
-1.348480605081593842e+00,2.971168553077978558e-01,-1.367882265688078192e-01
-1.298497207306807510e+00,2.976813875729344971e-01,-1.580188556472456873e-01
-1.248508035048699893e+00,2.977442265497014517e-01,-1.727324946526127836e-01
-1.198518171190385173e+00,2.973168125046923294e-01,-1.805784510855152070e-01
-1.148532367240469254e+00,2.964119793739907749e-01,-1.826925078658676871e-01
-1.098555044781192258e+00,2.950396076599020034e-01,-1.810134752894756727e-01
-1.048590306875406553e+00,2.932120123258998845e-01,-1.773734870008734088e-01
-9.986419351117395982e-01,2.909403804809072014e-01,-1.729448905305416007e-01
-9.487133984627682537e-01,2.882363833268923869e-01,-1.682265458691380444e-01
-8.988078463142399332e-01,2.851125189508545432e-01,-1.632535015886192320e-01
-8.489281292642069099e-01,2.815796884826644586e-01,-1.577030677251557711e-01
-7.990767873724420323e-01,2.776515636616325722e-01,-1.508754215785185204e-01
-7.492560805148584802e-01,2.733381643878898259e-01,-1.417869334211540600e-01
-6.994679475862405349e-01,2.686544832163342278e-01,-1.296110579573226673e-01
-6.497140693374904297e-01,2.636108256136395767e-01,-1.144015182419549359e-01
-5.999959537118753072e-01,2.582190629317082653e-01,-9.770022438318874680e-02
-5.503148303616005599e-01,2.524914544256606774e-01,-8.261370880994174659e-02
-5.006717266989471060e-01,2.464384441009368487e-01,-7.315543537119068018e-02
-4.510516674942650628e-01,2.401988689087648510e-01,-7.291814870957130656e-02
-4.014093599867551987e-01,2.346416518892944225e-01,-8.350397121467643957e-02
-3.517513430440166733e-01,2.287903660901680070e-01,-1.034234385227676967e-01
-3.021133332161061169e-01,2.227760398917171258e-01,-1.279901908433605795e-01
-2.525069712950129830e-01,2.165145497907987604e-01,-1.502625803462705467e-01
-2.029719683478480308e-01,2.092760393229076143e-01,-1.627518907205611487e-01
-1.535043067530934557e-01,2.020568521106591575e-01,-1.594327871117640627e-01
-1.041123150137952535e-01,1.939106236718739495e-01,-1.374699595892126536e-01
-5.484265349150185820e-02,1.850778968109647593e-01,-9.812103926674395349e-02
-5.685092147214465541e-03,1.756740993446292975e-01,-4.648953770157453896e-02
4.338633548172765586e-02,1.658722231702540739e-01,9.878164680243177800e-03
9.246504159344937079e-02,1.566016254048854250e-01,6.311320516258875357e-02
1.416262867779025658e-01,1.477674833096873641e-01,1.070378958965097771e-01
1.908666119574473630e-01,1.393728988883626840e-01,1.383137433440694841e-01
2.401824028209531559e-01,1.314199594305369700e-01,1.565290647923314460e-01
2.895700332025473722e-01,1.239125250999100203e-01,1.635843915845158481e-01
3.390258468916743650e-01,1.168531714794616150e-01,1.628188326146018106e-01
3.885460321775656700e-01,1.102443498290153201e-01,1.581523097227014452e-01
4.381267034785649717e-01,1.040883423408409669e-01,1.533988007519446473e-01
4.877639065838093035e-01,9.838725869149644865e-02,1.517437452029118672e-01
5.374522588084676977e-01,9.312960708622863848e-02,1.551950487827201408e-01
5.871443524000490299e-01,8.747142762184711984e-02,1.640426293916927014e-01
6.368467986655952373e-01,8.239934810460169956e-02,1.767905198603022532e-01
6.866071798811271831e-01,7.789344342602966265e-02,1.908495038394068810e-01
7.364189685076270031e-01,7.395322380415425556e-02,2.036089723157591680e-01
7.862755980457349914e-01,7.057789350126864036e-02,2.132946124471404026e-01
8.361704971276319176e-01,6.776535046999576650e-02,2.193389059868390556e-01
8.860971986321931615e-01,6.551616753829048179e-02,2.222387328281388574e-01
9.360492872702778078e-01,6.382861037028231266e-02,2.230235260060629832e-01
9.860203322905809475e-01,6.269965399048249566e-02,2.226719917393408243e-01
1.036003999106516194e+00,6.212797640704703639e-02,2.218112231166945447e-01
1.085994645076296949e+00,6.211037521826323626e-02,2.207342339405457821e-01
1.135981830403258286e+00,6.264428917911768480e-02,2.195437728688856838e-01
1.185963174396992281e+00,6.372871745950359212e-02,2.182684735169571344e-01
1.235932732453636662e+00,6.535828127256682052e-02,2.169166612045673181e-01
1.285884634000640014e+00,6.752882055883802082e-02,2.154929183683385041e-01
1.335813126045735544e+00,7.023942713249731185e-02,2.140008358548873835e-01
1.385712636795415342e+00,7.348296759010697343e-02,2.124432860357851061e-01
1.435577631812438471e+00,7.725757281104694840e-02,2.108216120620811651e-01
1.485402825949708960e+00,8.155818703810790993e-02,2.091347093082120134e-01
1.535182997304426866e+00,8.637903479669351015e-02,2.073781794414953639e-01
1.584913068909459488e+00,9.171815640477554155e-02,2.055433034102545908e-01
1.634588221411253262e+00,9.756745334629091104e-02,2.036143118180924472e-01
1.684203686877316253e+00,1.039236068630877696e-01,2.015578497599580521e-01
1.733754921830279017e+00,1.107806570878837604e-01,1.992798215254890093e-01
1.783237498237771668e+00,1.181333480164861172e-01,1.964962577615079198e-01
1.832647271661324684e+00,1.259760465819841357e-01,1.924621368021528500e-01
1.881980386409105366e+00,1.343008986602658439e-01,1.856047318990327322e-01
1.931233264974608232e+00,1.431015830669002398e-01,1.733158815680424791e-01
1.980402754638683760e+00,1.523691643990918720e-01,1.522741226113206170e-01
2.029485845224455964e+00,1.620956974063743061e-01,1.194429947073072235e-01
2.078479556168021603e+00,1.722746486915784914e-01,7.346241141698685306e-02
2.127380668084553950e+00,1.828998707817568459e-01,1.585571167964273595e-02
2.176185220559517575e+00,1.939704608506644945e-01,-4.857585065984802025e-02
2.224971992273681920e+00,2.051234209535159891e-01,-1.125693622757056450e-01
2.273843632349179522e+00,2.153893663527286506e-01,-1.681691229581488700e-01
2.322835903805063218e+00,2.250130392372424737e-01,-2.086373228250105738e-01
2.371963570961807211e+00,2.338770810702577307e-01,-2.299370416794899452e-01
2.421237915038253696e+00,2.418542926877806920e-01,-2.316491188645053434e-01
2.470616691497796058e+00,2.491434945847297300e-01,-2.170277861570371336e-01
2.520078051899850902e+00,2.563167466157549867e-01,-1.920104728833739172e-01
2.569654758611890522e+00,2.621899834642347216e-01,-1.636882222824840305e-01
2.619323051463527285e+00,2.673202049557268367e-01,-1.386829858987074782e-01
2.668995887899718422e+00,2.728549580738297564e-01,-1.213517763368790608e-01
2.718634391901087799e+00,2.791638898869255314e-01,-1.124151548619140989e-01
2.768301592214601925e+00,2.847687017241113949e-01,-1.092805550287730132e-01
2.818027242797982446e+00,2.893919931230755083e-01,-1.080414420654316893e-01
2.867777184611850050e+00,2.942666385663130768e-01,-1.056450563010355725e-01
2.917559229354597328e+00,2.987802152271825662e-01,-1.011618546525853563e-01
2.967384072623229230e+00,3.023547608377636919e-01,-9.593429993394086974e-02
3.017225370245855576e+00,3.062136988328365561e-01,-9.252158563491420795e-02
3.067069665937485201e+00,3.100214039251554254e-01,-9.293376591292860922e-02
3.116918835903223162e+00,3.137521133488050395e-01,-9.740055278839629405e-02
3.166774670043124296e+00,3.173798717614264575e-01,-1.044157985010362305e-01
3.216655846999803448e+00,3.206143059390722527e-01,-1.117630623339900681e-01
3.266569579471130247e+00,3.228661036162741027e-01,-1.177459386894801202e-01
3.316497246388603770e+00,3.253526026509678815e-01,-1.218105882009074686e-01
3.366428888177741108e+00,3.277439207680972189e-01,-1.242365560322313961e-01
3.416376053231600540e+00,3.297475853028268844e-01,-1.253956038834354303e-01
3.466342558374149618e+00,3.307654178114018961e-01,-1.250964285956129574e-01
3.516317171989732149e+00,3.320121414503232060e-01,-1.220525114712309178e-01
3.566293834174694144e+00,3.331579795808448097e-01,-1.137624771039510707e-01
3.616276832405562747e+00,3.339109096109105224e-01,-9.731969965332430694e-02
3.666265867162682213e+00,3.336674959129251050e-01,-7.084763634768190266e-02
3.716256722260817380e+00,3.336420180364889632e-01,-3.472487432668274615e-02
3.766245450137803097e+00,3.332366819436174410e-01,7.763824611783095436e-03
3.816232834249553285e+00,3.321424319856234320e-01,5.057950767900531996e-02
3.866221971154841341e+00,3.322861653062769705e-01,8.632587534691710252e-02
3.916212704854076243e+00,3.322017662838288032e-01,1.086178857840493089e-01
3.966201078602155317e+00,3.325632907350630774e-01,1.143170193986742661e-01
4.016179306371304492e+00,3.341704992451060008e-01,1.046965191629616321e-01
4.066143123844396357e+00,3.359772407441674602e-01,8.509833647966971726e-02
4.116097053867031619e+00,3.381849127601572746e-01,6.307740537568759520e-02
4.166052149180583086e+00,3.399760373387756829e-01,4.583806909195044937e-02
4.216011728773700007e+00,3.416833009205042515e-01,3.825878278876841676e-02
4.266408293683349839e+00,3.433731434816458261e-01,4.224750670331186425e-02
4.316748970103940763e+00,3.451103289536732177e-01,5.723925970202062979e-02
4.367031634353486957e+00,3.469660458867398489e-01,8.117925330974684606e-02
4.416821555240953323e+00,3.490071103559557741e-01,1.113862447364867420e-01
4.467041733968921235e+00,3.512789389447572574e-01,1.449941139578508065e-01
4.517199445476928865e+00,3.538219901049890481e-01,1.790414735094038035e-01
4.567292523965715390e+00,3.566814110721843178e-01,2.105824171234473019e-01
4.617309927838319616e+00,3.600160807693395526e-01,2.372054029370623263e-01
4.667222146449033993e+00,3.646853901980597890e-01,2.578563171599401738e-01
4.716575774157254486e+00,3.698417067276720260e-01,2.733069122077356750e-01
4.766312738781818936e+00,3.756371159427174256e-01,2.857831788465541312e-01
4.815883348851551560e+00,3.821026542282148775e-01,2.979720461021629352e-01
4.865410827896188728e+00,3.892185918758324092e-01,3.119818196766566132e-01
4.914794757574505901e+00,3.970637643759986624e-01,3.287035120721194525e-01
4.964016893932946317e+00,4.056826009973071301e-01,3.478048581711012388e-01
5.013059557448642956e+00,4.151162029228001593e-01,3.682848333071406799e-01
5.061890899481386263e+00,4.254648430795175962e-01,3.891522627780423793e-01
5.110041652425912240e+00,4.368104649287740671e-01,4.097347832385605515e-01
5.158419150598042791e+00,4.491488709739392959e-01,4.294938904096828325e-01
5.206511223543005329e+00,4.624826609364234287e-01,4.476593450476235025e-01
5.254285008558232661e+00,4.768535193023466512e-01,4.631025565832670443e-01
5.301704167346960261e+00,4.923047848798365322e-01,4.746624594925096807e-01
5.348706701062212687e+00,5.089417226367998204e-01,4.818780739526368762e-01
5.394780823685412230e+00,5.268896747192666208e-01,4.857966255511967368e-01
5.440851680057699369e+00,5.460539296813089472e-01,4.892584640108240124e-01
5.486890089515545021e+00,5.662846501830933743e-01,4.962296942968189017e-01
5.531926715902867997e+00,5.876117127595599232e-01,5.103869792961762686e-01
5.576885258824072267e+00,6.099840881171691986e-01,5.335986235699962110e-01
5.621278938612112697e+00,6.333298561424574036e-01,5.649449495501336349e-01
5.665069258246802519e+00,6.576814466110345592e-01,6.007592051623725782e-01
5.708131265817252498e+00,6.831944164725967106e-01,6.358315384641509693e-01
5.750248486151348537e+00,7.105961885483640383e-01,6.652861258815798706e-01
5.791279857672002152e+00,7.395127711437430307e-01,6.861948971724731727e-01
5.831203300800027023e+00,7.698570422723693962e-01,6.982233588953139503e-01
5.869995615523294852e+00,8.015593895205377351e-01,7.032508995650091910e-01
5.907628207898363293e+00,8.345553164846564176e-01,7.043533287344171390e-01
5.944072419403632956e+00,8.687926762461173347e-01,7.046559238957240678e-01
5.979291984462316023e+00,9.042233641344950001e-01,7.065355463962401661e-01
6.013249475318104942e+00,9.408050394473745914e-01,7.114266732237085611e-01
6.045960490264057796e+00,9.786047693562098804e-01,7.201011564938212262e-01
6.077278518106432159e+00,1.017416077496875459e+00,7.330589997016788706e-01
6.107179098801737815e+00,1.057277833689069801e+00,7.507485723241724695e-01
6.135598695711212081e+00,1.098163016184122043e+00,7.735408192221444601e-01
6.162464411618348237e+00,1.140041913139487662e+00,8.015509354812401233e-01
6.187693877707393320e+00,1.182887094000731221e+00,8.344837249450945960e-01
6.211195515696689817e+00,1.226668432234706785e+00,8.716210555482725164e-01
6.232864641832922104e+00,1.271352259578697463e+00,9.119431142725623607e-01
6.252584559821600330e+00,1.316900859129180201e+00,9.543398212146710913e-01
6.269951273960516325e+00,1.363446472379830299e+00,9.978472115170256007e-01
6.285083395517848004e+00,1.410720108408814788e+00,1.041750580728213693e+00
6.297877696407903514e+00,1.458667227458801285e+00,1.085466165982930331e+00
6.308179751909152699e+00,1.507200127678170576e+00,1.128376830286651478e+00
6.315793359006977248e+00,1.556220347374351443e+00,1.169823316068747232e+00
6.320536335551961926e+00,1.606091481946454014e+00,1.209208607692205950e+00
6.322343227193764292e+00,1.655723752384131275e+00,1.246102196426861042e+00
6.321096258452831407e+00,1.705378203662337944e+00,1.280328954045180323e+00
6.316752964517569069e+00,1.755355509798375291e+00,1.311956529715759601e+00
6.309287460926731761e+00,1.804301766950237029e+00,1.341064440474570407e+00
6.298638868961906390e+00,1.853347994787299058e+00,1.367442896007011521e+00
6.284794788223070583e+00,1.901102344869018745e+00,1.390487252316053635e+00
6.267689095198928584e+00,1.947809965347521599e+00,1.409244293240143886e+00
6.247490953154269278e+00,1.993774731655273191e+00,1.422458634570054947e+00
6.224134277613725175e+00,2.037784492431672145e+00,1.428775290669147102e+00
6.197615253007327851e+00,2.079852762152724743e+00,1.427169876618781474e+00
6.168285418126438380e+00,2.120690500861933891e+00,1.417244411453150832e+00
6.136244399434946928e+00,2.158989470530563004e+00,1.399170273788115759e+00
6.101460108448708120e+00,2.194843343049780682e+00,1.373433137659745951e+00
6.064326532989213980e+00,2.228287962682182322e+00,1.340409613607561834e+00
6.025086552501931259e+00,2.259795939928819664e+00,1.299852991127767643e+00
5.983863048608694335e+00,2.288145326519205991e+00,1.250803772362556465e+00
5.941030530227960682e+00,2.314490847982030086e+00,1.192268814719441572e+00
5.896662407197273303e+00,2.337659301015228230e+00,1.124271961463088054e+00
5.850965460095186366e+00,2.358104386176553380e+00,1.048578619715066385e+00
5.804222786499054543e+00,2.376507386809419309e+00,9.686721404753424469e-01
5.756449700787137580e+00,2.392173428680230529e+00,8.889425151822065718e-01
5.708282761786274584e+00,2.406187020023554446e+00,8.133850279035818032e-01
5.659675357064394952e+00,2.418439319742497151e+00,7.444167571037852982e-01
5.610713248196869785e+00,2.428983932752462049e+00,6.824465962869120661e-01
5.560970573389562688e+00,2.437823169208213070e+00,6.263423887404004908e-01
5.510960825135010843e+00,2.445064980115240871e+00,5.742933261342009210e-01
5.460763648922723590e+00,2.450905349414274070e+00,5.245275372762542299e-01
5.410927108578779787e+00,2.455475220349056187e+00,4.757938130636812368e-01
5.360567284366978491e+00,2.458850190437364081e+00,4.277255521748930533e-01
5.310155809647865155e+00,2.461134224555572736e+00,3.810155856611079361e-01
5.259722246361797637e+00,2.462435778021422550e+00,3.372607838026059901e-01
5.209289654726358521e+00,2.462852437189098520e+00,2.984934417658637873e-01
5.158877375952044986e+00,2.462471641717295157e+00,2.664960153177682867e-01
5.108987098506265312e+00,2.461589665936132043e+00,2.420101427934971683e-01
5.058697868757219496e+00,2.460832945701854957e+00,2.241801121393347529e-01
5.008455896305803456e+00,2.459120507364127128e+00,2.106970434573121886e-01
4.958270336456727101e+00,2.456792154868098432e+00,1.986464026384504589e-01
4.908146799027293561e+00,2.453916680118839899e+00,1.854968992391698157e-01
4.858091784096147947e+00,2.450559960834117756e+00,1.697229686419259864e-01
4.808106208255302327e+00,2.446782577672821368e+00,1.509345175720089027e-01
4.758289183768813047e+00,2.442618075916403342e+00,1.295641891642479171e-01
4.708901014181719802e+00,2.438093729434137380e+00,1.062770650248758275e-01
4.659147484641326997e+00,2.433310747976529242e+00,8.143856623095180325e-02
4.609463218134088436e+00,2.428331547494424925e+00,5.492362672263935430e-02
4.559842953095687434e+00,2.423217357818263196e+00,2.629717787145054164e-02
4.510283488615989711e+00,2.418032032449723090e+00,-4.739029836483407351e-03
4.460782203813751678e+00,2.412814700951500413e+00,-3.768118638154823591e-02
4.411827887092565348e+00,2.407617578554489768e+00,-7.047973682305729015e-02
4.362482665894104272e+00,2.402568037809846402e+00,-9.915791420816809365e-02
4.312678241449845018e+00,2.397801149492895689e+00,-1.183370117332062654e-01
4.263332861989847622e+00,2.393420079583687965e+00,-1.227982529799934580e-01
4.213512687319722616e+00,2.389554622502524595e+00,-1.096160829726267744e-01
4.163647393290334620e+00,2.386338197572353437e+00,-8.001604746861365469e-02
4.113737401682252326e+00,2.383888622259739520e+00,-4.000975848055651762e-02
4.063803731819476184e+00,2.381918429413367733e+00,8.321471275826322709e-04
4.013879869463004901e+00,2.378891447111996627e+00,3.221832004952161072e-02
3.963976253240459879e+00,2.375991210514747820e+00,4.639285537699749246e-02
3.914105417894645278e+00,2.372162672541918482e+00,4.042672455151775229e-02
3.864267629259524384e+00,2.367925211728035606e+00,1.670667233286470682e-02
3.814440880548438884e+00,2.364038706906683274e+00,-1.841371546328524414e-02
3.764621294706321120e+00,2.359629600739072686e+00,-5.707776323540414420e-02
3.714790431422913652e+00,2.355853694856561376e+00,-9.240871842141329395e-02
3.664927960873100687e+00,2.352493149781228254e+00,-1.201157656100564630e-01
3.615037664885707436e+00,2.349542372298842885e+00,-1.388516287081796863e-01
3.565123210963934142e+00,2.346997168038214454e+00,-1.495316712244525725e-01
3.515188157330630503e+00,2.344851724034606733e+00,-1.542265371626695136e-01
3.465235934539241835e+00,2.343102597076031302e+00,-1.551810290791746649e-01
3.415269862947408086e+00,2.341745321558793336e+00,-1.541929053923882520e-01
3.365293179405977053e+00,2.340773593357683424e+00,-1.523815902681177614e-01
3.315308996249789697e+00,2.340183273056750224e+00,-1.502805978079932991e-01
3.265320301330621344e+00,2.339969403203686404e+00,-1.480766601556696982e-01
3.215329969543889277e+00,2.340125885494088287e+00,-1.458073513365830964e-01
3.165340748579871022e+00,2.340646721196462110e+00,-1.434362770837260548e-01
3.115355256559403596e+00,2.341526019754528676e+00,-1.408108851035708708e-01
3.065375992064384825e+00,2.342758778307825196e+00,-1.375340409169152622e-01
3.015405325597163788e+00,2.344339241869709767e+00,-1.328428773314533629e-01
2.965445484056557834e+00,2.346259944089333693e+00,-1.256908937375373070e-01
2.915498568833753357e+00,2.348515577603020432e+00,-1.151971803568443559e-01
2.865566561632257869e+00,2.351099520363487017e+00,-1.013398566914435472e-01
2.815651347434872775e+00,2.354005995974427279e+00,-8.551658220375681074e-02
2.765754740975043369e+00,2.357230896778032658e+00,-7.063739728109620641e-02
2.715878445298256949e+00,2.360767328426939926e+00,-6.056982657675320791e-02
2.666009698130750394e+00,2.364414990597751398e+00,-5.890593673298976513e-02
2.616126985802458726e+00,2.367360860255024235e+00,-6.746275058392758872e-02
2.566239312331168865e+00,2.370660884828128090e+00,-8.532706292890891719e-02
2.516363166003324103e+00,2.374131284268932163e+00,-1.089383542852210285e-01
2.466498481864656700e+00,2.377762036182915040e+00,-1.330233867046885787e-01
2.416658793422730156e+00,2.381711451094716381e+00,-1.519166846903556578e-01
2.366864968812005365e+00,2.386644976659715311e+00,-1.608056647486667545e-01
2.317116709769931227e+00,2.391570317633195941e+00,-1.565661512885570261e-01
2.267430973742759370e+00,2.397514231771446624e+00,-1.381584060001177505e-01
2.217814949851086403e+00,2.404010043312108991e+00,-1.066899353555052360e-01
2.168230570314384487e+00,2.410266567657451731e+00,-6.518295053162292962e-02
2.118692608166492519e+00,2.417304674512877227e+00,-1.813796185122512269e-02
2.069209962449521711e+00,2.424689567752523089e+00,2.912250336558082700e-02
2.019714032326486830e+00,2.431489827567844486e+00,7.150755349596300825e-02
1.970162105618741943e+00,2.437884202758558772e+00,1.053799557039258733e-01
1.920558043321270780e+00,2.443878949709334947e+00,1.292653959030958533e-01
1.870905612958668973e+00,2.449476337278370330e+00,1.437527429883315444e-01
1.821208384308346417e+00,2.454678782135749415e+00,1.508504607130914110e-01
1.771469971382516384e+00,2.459492360459039517e+00,1.531098218277120449e-01
1.721693894454576323e+00,2.463919233386177687e+00,1.527803364166519517e-01
1.671883561440464572e+00,2.467964971466353852e+00,1.513364885781729730e-01
1.622042298113373526e+00,2.471632381756897701e+00,1.495037460799380769e-01
1.572173356608498773e+00,2.474927738354667284e+00,1.475561819733683666e-01
1.522279908631517298e+00,2.477855769132129460e+00,1.456071248408345453e-01
1.472364949433952797e+00,2.480419745325188607e+00,1.438153537428699114e-01
1.422431397679846832e+00,2.482625433358578881e+00,1.425603863763985624e-01
1.372482105877738112e+00,2.484478985162308362e+00,1.425810754854777151e-01
1.322519779655760397e+00,2.485983890795833595e+00,1.449287726163914214e-01
1.272547022987752463e+00,2.487146857544748180e+00,1.505776607438450154e-01
1.222566339209719688e+00,2.487972452363926390e+00,1.598044646847606165e-01
1.172580113075790686e+00,2.488466547808175999e+00,1.717158693001209491e-01
1.122590620675483430e+00,2.488634192509324272e+00,1.842343096718777329e-01
1.072600025685688241e+00,2.488481705024973234e+00,1.946140911953555264e-01
1.022612616764304594e+00,2.487883477129219312e+00,2.003981046408708222e-01
9.726393083231767989e-01,2.485977400097701295e+00,2.004288740968186711e-01
9.226888424352954754e-01,2.483767789456810426e+00,1.952439948685253945e-01
8.727568171445880818e-01,2.481143070994246802e+00,1.865344305266950498e-01
8.228465612951607611e-01,2.478103738841310300e+00,1.761252280273624127e-01
7.729613065903637725e-01,2.474655687300570062e+00,1.652186916191554222e-01
7.231041743842948621e-01,2.470801308520612416e+00,1.543014795031098230e-01
6.732782393411071986e-01,2.466543894803631787e+00,1.436463475905491449e-01
6.234864139343040401e-01,2.461889266073177929e+00,1.339760277816938461e-01
5.737315708992868357e-01,2.456839158236167719e+00,1.267405076221156945e-01
5.240165302652886048e-01,2.451397989206224537e+00,1.237053007848572667e-01
4.743323353231585493e-01,2.445670808982404409e+00,1.259667185019366920e-01
4.246452264672633259e-01,2.440405439461732051e+00,1.329299340187855283e-01
3.749719607781784037e-01,2.434532446810644402e+00,1.419468400987800027e-01
3.253558536695939640e-01,2.428177853134450892e+00,1.488904924290622711e-01
2.758006683094065270e-01,2.421349886862993017e+00,1.492930880158810647e-01
2.263099888176145491e-01,2.414055039078377263e+00,1.395272613445355248e-01
1.768871039820831825e-01,2.406303450414071676e+00,1.177664633599917743e-01
1.275351231022512355e-01,2.398101062790212623e+00,8.457779722297500968e-02
7.825702685373592260e-02,2.389456879274284518e+00,4.297234220954541939e-02
2.904349873175959829e-02,2.380443125360073964e+00,-2.139507147118879706e-03
-2.017656656032773554e-02,2.371961642817186799e+00,-4.493792637645395438e-02
-6.941369164210531295e-02,2.363145826839767594e+00,-7.992421154100440295e-02
-1.186856584675954895e-01,2.355030210526571466e+00,-1.032097363589888628e-01
-1.680657705867278917e-01,2.347632129131863366e+00,-1.134965912203316080e-01
-2.174989655284436108e-01,2.340150472892869260e+00,-1.122845068963998910e-01
-2.669926678879792625e-01,2.333581408979943816e+00,-1.031965237439295829e-01
-3.165497986246241791e-01,2.327047179711254188e+00,-9.075563159815455694e-02
-3.661174648724732084e-01,2.320600903586097274e+00,-7.906198861817761991e-02
-4.156976492306818649e-01,2.314259945408768004e+00,-7.082065733433481891e-02
-4.652922418125677861e-01,2.308039703328933712e+00,-6.704939782740633458e-02
-5.149029701056118125e-01,2.301956678484682328e+00,-6.741332746051892366e-02
-5.645315013193461517e-01,2.296027415312023479e+00,-7.084428982868778979e-02
-6.141793650476305988e-01,2.290268537490403489e+00,-7.613931857110198265e-02
-6.638587991672140198e-01,2.284697053472337203e+00,-8.236004446322658934e-02
-7.135497888878135075e-01,2.279329457311563445e+00,-8.895555479410020838e-02
-7.632635942114953664e-01,2.274181612564309063e+00,-9.567420166035965623e-02
-8.130010201663091518e-01,2.269272118913352898e+00,-1.024192497123002643e-01
-8.627626211633515618e-01,2.264617400516755197e+00,-1.091478093285652151e-01
-9.125487129897054128e-01,2.260234537511177422e+00,-1.158178089853772880e-01
-9.623593466080433423e-01,2.256140685391960332e+00,-1.223331561752128288e-01
-1.012194245667737968e+00,2.252352498207308429e+00,-1.284228952285851322e-01
-1.062052854250899792e+00,2.248886385334379234e+00,-1.334130742836014960e-01
-1.111934273608371493e+00,2.245759783453607383e+00,-1.359758212438685054e-01
-1.161837249336048927e+00,2.242987425154288950e+00,-1.341256338848685337e-01
-1.211760190159434591e+00,2.240585501307462479e+00,-1.257570392811668269e-01
-1.261701203088317458e+00,2.238568387695426765e+00,-1.096669012972206342e-01
-1.311658106274071978e+00,2.236953708915692118e+00,-8.655133848390653140e-02
-1.361628374124860263e+00,2.235758700497315843e+00,-5.934014230569918669e-02
-1.411609077325785666e+00,2.235005165924164316e+00,-3.250325999282861061e-02
-1.461591402035012033e+00,2.234301165368989928e+00,-1.048722369499948195e-02
-1.511566952064698821e+00,2.232849926421778264e+00,3.935383678822695734e-03
-1.561536550888044772e+00,2.231250381358165669e+00,1.046828322876928140e-02
-1.611503428172318841e+00,2.229624449042944434e+00,1.086620259443866338e-02
-1.661469562863141514e+00,2.228036615511399532e+00,7.537150296185160872e-03
-1.711446554720662094e+00,2.226844177361954280e+00,1.869958159481191831e-03
-1.761422329020879474e+00,2.226039386667082454e+00,-6.622230730244346546e-03
-1.811381764706683661e+00,2.223768962237443247e+00,-1.973939720108846760e-02
-1.861349715518054060e+00,2.222189956632789176e+00,-3.927842962395682036e-02
-1.911324378023498083e+00,2.221286061037222481e+00,-6.582194595991287811e-02
-1.961291371478858458e+00,2.219602541454944955e+00,-9.777057416662074396e-02
-2.011258918862542266e+00,2.217887626698042070e+00,-1.310445847350292514e-01
-2.061236886713710081e+00,2.217046554689654059e+00,-1.601590093016003191e-01
-2.111222256667038888e+00,2.216652192632597718e+00,-1.801625734506460408e-01
-2.161210986842275528e+00,2.216688534524170251e+00,-1.881827737763651920e-01
-2.211193835153331566e+00,2.217552142625682343e+00,-1.841974556774943206e-01
-2.261160441718757852e+00,2.219639625625024593e+00,-1.710522744025587960e-01
-2.311119254940799728e+00,2.221550849274054329e+00,-1.533913108934226721e-01
-2.361067215125365326e+00,2.223745739337212868e+00,-1.357886151808286312e-01
-2.411002822466127515e+00,2.226221914613020658e+00,-1.212643284818469419e-01
-2.460924765605106757e+00,2.228972034843229366e+00,-1.108869921199533426e-01
-2.510831882620268463e+00,2.231988821094658348e+00,-1.042247008261828756e-01
-2.560723246902520955e+00,2.235264233115474397e+00,-1.002376114068267571e-01
-2.610598139430055920e+00,2.238786810775170721e+00,-9.829943358062107062e-02
-2.660455884630726242e+00,2.242549037964128189e+00,-9.890475934042497475e-02
-2.710295880368454036e+00,2.246543077732271243e+00,-1.036714412852472317e-01
-2.760117559313696844e+00,2.250761422546538881e+00,-1.145789161217576901e-01
-2.809920446266269245e+00,2.255197517570023180e+00,-1.327393154920060159e-01
-2.859704272047179696e+00,2.259842531958634382e+00,-1.571859028141641135e-01
-2.909469103668484546e+00,2.264686316716399972e+00,-1.841502379806126133e-01
-2.959215482433283473e+00,2.269714564254472933e+00,-2.072235957161062125e-01
-3.008901045454322798e+00,2.275299115685110785e+00,-2.187120956210388822e-01
-3.058474960742006754e+00,2.282228610150823123e+00,-2.120045954050353842e-01
-3.107935187532218979e+00,2.289927672737501751e+00,-1.839479331606739265e-01
-3.157286795715274152e+00,2.298282783648743610e+00,-1.360227093939953558e-01
-3.206538178405466510e+00,2.307185842732708991e+00,-7.385691093410755304e-02
-3.255700162410005039e+00,2.316538408740129285e+00,-5.427992710332790391e-03
-3.304850817237142024e+00,2.325903996097054005e+00,6.130868951146899865e-02
-3.354069519006253053e+00,2.334405245965088582e+00,1.203964351621837070e-01
-3.403365349982727217e+00,2.342460517296585998e+00,1.686419814291482688e-01
-3.452733355367476609e+00,2.350077580215315987e+00,2.051399132335140485e-01
-3.502168841102199170e+00,2.357260079323475477e+00,2.302704826252308656e-01
-3.551667322951364891e+00,2.364014551309641110e+00,2.449318807582947510e-01
-3.601268064591710338e+00,2.369981030369507913e+00,2.503620593882212031e-01
-3.650977752984944757e+00,2.374509957477397126e+00,2.483708451880291546e-01
-3.700754482414795099e+00,2.378828623469608772e+00,2.414296692573233150e-01
-3.750578103334790470e+00,2.382610532678291371e+00,2.322898889812260725e-01
-3.800442641664769194e+00,2.385857992300803421e+00,2.233468802056458313e-01
-3.850342086353371052e+00,2.388575299754971848e+00,2.161137297554547587e-01
-3.900270526704673557e+00,2.390765245081837520e+00,2.110114925336568914e-01
-3.950222141492141681e+00,2.392431008945516080e+00,2.075873387804723913e-01
-4.000191219191141734e+00,2.393579454700695219e+00,2.050616605906630807e-01
-4.050172219597239831e+00,2.394215062798967342e+00,2.028228047538693235e-01
-4.100159782427155619e+00,2.394343787656554756e+00,2.005835460876794485e-01
-4.150148718789235858e+00,2.393970646784139511e+00,1.982747102993760724e-01
-4.200134023112933157e+00,2.393102486597725065e+00,1.959042585510560597e-01
-4.250110852760135671e+00,2.391745495733476279e+00,1.934867198234473396e-01
-4.300074543752183232e+00,2.389903473541282963e+00,1.910288797258542504e-01
-4.350020625331744384e+00,2.387585377767095007e+00,1.885331228151385652e-01
-4.399944800155461522e+00,2.384795592203380110e+00,1.860013472025871251e-01
-4.449842949113794965e+00,2.381541997007266875e+00,1.834359558053901829e-01
-4.499711161448967545e+00,2.377829949412523902e+00,1.808401663673392945e-01
-4.549545696571653863e+00,2.373668197737894836e+00,1.782174193662743600e-01
-4.599342989064832743e+00,2.369060946579431004e+00,1.755707842190864509e-01
-4.649099690002314489e+00,2.364017832121340756e+00,1.729029242295088975e-01
-4.698812574891832128e+00,2.358543510742265870e+00,1.702163210810893612e-01
-4.748478686212046718e+00,2.352646438458339428e+00,1.675130265042094890e-01
-4.798095172459675872e+00,2.346334036680981061e+00,1.647939939807196996e-01
-4.847659348122297374e+00,2.339611160864695449e+00,1.620583941580949205e-01
-4.897168807757896758e+00,2.332487996052059476e+00,1.593016056010597425e-01
-4.946621271108663898e+00,2.324970403558690890e+00,1.565068941037173755e-01
-4.996014535922242317e+00,2.317065644301893990e+00,1.536108822991827660e-01
-5.045346589365871992e+00,2.308779681096053693e+00,1.503970673878406439e-01
-5.094615726476066087e+00,2.300121852054555660e+00,1.462607075588812366e-01
-5.143820403895831284e+00,2.291099454979477201e+00,1.398657708326213334e-01
-5.192959183391079314e+00,2.281719412889169796e+00,1.289095051926321678e-01
-5.242030885140346541e+00,2.271989618801578459e+00,1.103672694470185511e-01
-5.291034509879267489e+00,2.261919044857251926e+00,8.143813427996125787e-02
-5.339969004985540835e+00,2.251513641045182368e+00,4.096081279933525693e-02
-5.388833182472996697e+00,2.240779614845806123e+00,-9.358877225722596685e-03
-5.437625709615548253e+00,2.229721074353975041e+00,-6.468531593068706231e-02
-5.486393042552726307e+00,2.218551935127514696e+00,-1.181910663262316641e-01
-5.535236577103386679e+00,2.208229069683593337e+00,-1.632664672831588837e-01
-5.584223613022409438e+00,2.198651612364983521e+00,-1.957644992437874154e-01
-5.633367268744118306e+00,2.189944864618463605e+00,-2.151428584732758276e-01
-5.682647718079742560e+00,2.182061021700512526e+00,-2.238992540860434699e-01
-5.731997024420556919e+00,2.174159163062586941e+00,-2.256608777209245797e-01
-5.781397793426752862e+00,2.166599121911944259e+00,-2.231808840450175135e-01
-5.830898050131494870e+00,2.160214077937951949e+00,-2.173841989876487690e-01
-5.880479490091424566e+00,2.153996784865393366e+00,-2.076303935371047182e-01
-5.930118180916850612e+00,2.148262408221910391e+00,-1.927953582440183056e-01
-5.979841944467440662e+00,2.143735940604557300e+00,-1.726811933067131100e-01
-6.029625224268085226e+00,2.139325634867129011e+00,-1.489379458118389732e-01
-6.079434178908914355e+00,2.135217895898555263e+00,-1.248387199783140833e-01
-6.129268951846299274e+00,2.131435043439150689e+00,-1.042410352602372303e-01
-6.179129215594000080e+00,2.128000062819079830e+00,-9.049476092584701759e-02
-6.229004779822573390e+00,2.124790186375273393e+00,-8.553933208357419882e-02
-6.278871841783675301e+00,2.120975794472045095e+00,-8.930502337827403436e-02
-6.328737671557032485e+00,2.117593344237031161e+00,-9.983256293290160288e-02
-6.378624358804442451e+00,2.114529056415371144e+00,-1.141708955441696344e-01
-6.428531101995305086e+00,2.111802214858466975e+00,-1.294559539973622053e-01
-6.478456766044100590e+00,2.109433935122726034e+00,-1.436347368301079674e-01
-6.528399804057355205e+00,2.107443478011806093e+00,-1.557268006461179077e-01
-6.578358218683086456e+00,2.105851924703616262e+00,-1.656050102126896961e-01
-6.628329531278240871e+00,2.104676950195211838e+00,-1.733048078320766905e-01
-6.678310797343145033e+00,2.103941840449071954e+00,-1.781503102355529722e-01
-6.728298552077117911e+00,2.103663537944711948e+00,-1.781822082397397644e-01
-6.778288795176689696e+00,2.103864168666090606e+00,-1.702601461577242237e-01
-6.828276985257391019e+00,2.104561926937717153e+00,-1.509091659847818789e-01
-6.878258023653563313e+00,2.105775449469662775e+00,-1.176695568813322240e-01
-6.928226225669805949e+00,2.107524491724513283e+00,-7.052834927925386022e-02
-6.978175278913303359e+00,2.109829288434482919e+00,-1.293272694307070515e-02
-7.028105889949054053e+00,2.112569045375142451e+00,4.820448714886932384e-02
-7.078038934191395626e+00,2.114768009371925217e+00,1.039013130486314967e-01
-7.127991892488877212e+00,2.116451351832371763e+00,1.455566313075743190e-01
-7.177963178234655572e+00,2.117519701219080730e+00,1.674220935998417259e-01
-7.227947881973643796e+00,2.117868464598472666e+00,1.681351004551403794e-01
-7.277936994534210946e+00,2.117388645500124511e+00,1.508447416208474612e-01
-7.327920523777299522e+00,2.116110179655340318e+00,1.218532835914588608e-01
-7.377897639587541967e+00,2.114918331787507100e+00,8.825113991581777506e-02
-7.427873960411343290e+00,2.113694520141674360e+00,5.571009763720500413e-02
-7.477849536779923589e+00,2.112442222689061566e+00,2.753372871713588230e-02
-7.527824421344723405e+00,2.111163264679220219e+00,5.044720366576785353e-03
-7.577798671151356302e+00,2.109861455969166855e+00,-1.144087336986515137e-02
-7.627772335341120424e+00,2.108537642535900147e+00,-2.176788987223556709e-02
-7.677745467378393585e+00,2.107195210612701430e+00,-2.562690829285970903e-02
-7.727720859191068214e+00,2.105957438569660667e+00,-2.293902850006129118e-02
-7.777704682551068061e+00,2.105561942299935652e+00,-1.459364024364232654e-02
-7.827692074394786204e+00,2.104910448838154480e+00,-2.730958494650092497e-03
-7.877677941449558574e+00,2.104144550554991611e+00,9.827524697840529094e-03
-7.927662111084698537e+00,2.103270506194029110e+00,2.054715379183533197e-02
-7.977644448583468773e+00,2.102294355565504702e+00,2.790956659514374008e-02
-8.027624844813150418e+00,2.101221023118934994e+00,3.164529722347882851e-02
-8.077603219220915065e+00,2.100055740040151164e+00,3.246890537596370391e-02
-8.127579536453652054e+00,2.098805412275975613e+00,3.147744543105529536e-02
-8.177553788759629683e+00,2.097474815395539594e+00,2.956522623844602335e-02
-8.227525988304456916e+00,2.096069900797566277e+00,2.711829054981275411e-02
-8.277496178052187403e+00,2.094595805968808122e+00,2.391711046948764505e-02
-8.327464433625562990e+00,2.093059456298341559e+00,1.905392772276674751e-02
-8.377430840559549452e+00,2.091464842040110739e+00,1.090893726657493970e-02
-8.427395502945968175e+00,2.089818399607224819e+00,-2.540550183289860212e-03
-8.477358566066241607e+00,2.088126274230255319e+00,-2.293037520429769272e-02
-8.527320189067870260e+00,2.086394499444075734e+00,-5.048198630504033974e-02
-8.577280530318974527e+00,2.084628654125868508e+00,-8.322883417373121151e-02
-8.627239727181487794e+00,2.082832376548623188e+00,-1.169509769497623641e-01
-8.677201528903447425e+00,2.081126408147299323e+00,-1.460697467041120190e-01
-8.727177046079150458e+00,2.080372074487367939e+00,-1.653268963670398439e-01
-8.777165119369934487e+00,2.080331043931441748e+00,-1.714900515467437381e-01
-8.827589638042709907e+00,2.080894652791387855e+00,-1.642034330259780905e-01
-8.877518320285400222e+00,2.081952969671943876e+00,-1.456923628765826317e-01
-8.927874328009728799e+00,2.083404317868483346e+00,-1.196681587296926780e-01
-8.978166605602760697e+00,2.085143737908280670e+00,-8.999114817004098821e-02
-9.028398604721523668e+00,2.087084616040584706e+00,-5.962759213004673736e-02
-9.078571731710535886e+00,2.089150250633409200e+00,-3.025628609846475400e-02
-9.128517683865460697e+00,2.091269692756831944e+00,-2.475856212056409128e-03
-9.178638030365881662e+00,2.093372956920120487e+00,2.375187919438677062e-02
-9.228710105854080581e+00,2.095405190522100725e+00,4.873791927786388228e-02
-9.278739206091151104e+00,2.097305174797931215e+00,7.286695099249358709e-02
-9.328727721277784823e+00,2.099017175975424365e+00,9.651741979851691244e-02
-9.378678026866170470e+00,2.100486637229138864e+00,1.200394966128542351e-01
-9.428592810177404360e+00,2.101656060992089792e+00,1.437544811123925570e-01
-9.478473872478966555e+00,2.102471661467721020e+00,1.679654783429766485e-01
-9.528320442147965252e+00,2.102876471683003956e+00,1.929958511330248649e-01
-9.578130948525933164e+00,2.102810966771261114e+00,2.192806884124099964e-01
-9.627904230746031189e+00,2.102215654066199146e+00,2.475211519211362732e-01
-9.677634208782919245e+00,2.101026921477779474e+00,2.788243230517967741e-01
-9.727314482865406120e+00,2.099177980786072428e+00,3.146260821798408380e-01
-9.776934843259391883e+00,2.096598004426474038e+00,3.562163831506349743e-01
-9.826483156733099023e+00,2.093211225301248479e+00,4.040131558147231905e-01
-9.875940079131410698e+00,2.088934623272987956e+00,4.570564356468653777e-01
-9.925285680117859499e+00,2.083681127760029561e+00,5.131218605220752016e-01
-9.974488378748388229e+00,2.077355741179327975e+00,5.694982628605359531e-01
-1.002348656340724453e+01,2.069689853721993877e+00,6.241707658685284876e-01
-1.007215434825388911e+01,2.059679832983960068e+00,6.768415757520717113e-01
-1.012043810948725486e+01,2.048294687358946486e+00,7.290651460277849383e-01
-1.016831959130754903e+01,2.035314580384874006e+00,7.832430480382377436e-01
-1.021617063943250514e+01,2.020705257200654081e+00,8.410856463884034406e-01
-1.026292976810717050e+01,2.004253483277272263e+00,9.025207018202145992e-01
-1.030858083819077642e+01,1.985891659435978340e+00,9.656547178467372872e-01
-1.035369999946868802e+01,1.965213228544942847e+00,1.027680961157714457e+00
-1.039772342268019223e+01,1.942235577375042599e+00,1.086056138503320723e+00
-1.044044777615884279e+01,1.916859346988143198e+00,1.139197505289514911e+00
-1.048165414468488343e+01,1.889019150031375549e+00,1.186343775295706449e+00
-1.052096591368407097e+01,1.858778242526327062e+00,1.226671710433251627e+00
-1.055921578688431595e+01,1.826296476569162941e+00,1.258216890460497339e+00
-1.059497294531491107e+01,1.791566763312398836e+00,1.277518059763813829e+00
-1.062836601842832707e+01,1.754488480896170488e+00,1.280568839941021553e+00
-1.065921255566044223e+01,1.715175975338020242e+00,1.264616481957556049e+00
-1.068747241281660187e+01,1.673867187356604669e+00,1.229690694279699681e+00
-1.071305336013577580e+01,1.630789824582036918e+00,1.179034799185123772e+00
-1.073602797415129118e+01,1.585987270213499389e+00,1.118277730613384202e+00
-1.075631950589434105e+01,1.540043466645051762e+00,1.053656894747705852e+00
-1.077429212508938150e+01,1.493103204995545941e+00,9.899555414710844436e-01
-1.079082330657950628e+01,1.445463929905017819e+00,9.291021995588348847e-01
-1.080470126777436590e+01,1.397133081831967383e+00,8.702116785687907807e-01
-1.081639728377770915e+01,1.347850157139811600e+00,8.109839161972737243e-01
-1.082599602808555517e+01,1.298430293746344999e+00,7.495558199784065900e-01
-1.083369811017298545e+01,1.248668667601840809e+00,6.858451746749550937e-01
-1.083965727289185388e+01,1.198663313954678733e+00,6.218720289276489233e-01
-1.084402188787995058e+01,1.148492449872793975e+00,5.609820581383457849e-01
-1.084693072439911177e+01,1.098221257778667415e+00,5.063252561769142623e-01
-1.084875189523121186e+01,1.047906822539442118e+00,4.593339918698385316e-01
-1.085022707390993446e+01,9.975880978162851020e-01,4.190894022346742243e-01
-1.085020964445185143e+01,9.472805697013696458e-01,3.830633635578458152e-01
-1.084911469219871449e+01,8.965106484958317301e-01,3.487348818946413576e-01
-1.084706164441926823e+01,8.462268186146495452e-01,3.149382662592623006e-01
-1.084414287046566372e+01,7.960103590308637012e-01,2.822215446071374978e-01
-1.084044666430047599e+01,7.458734935321450488e-01,2.522147531049660496e-01
-1.083622053738091395e+01,6.958106941626829300e-01,2.263053107094105676e-01
-1.083216741112718573e+01,6.458081102886144009e-01,2.043220628148900708e-01
-1.082727534564283900e+01,5.958798079166640616e-01,1.842602769186003908e-01
-1.082181013110065138e+01,5.460498230648775930e-01,1.633565836216857858e-01
-1.081584360666333211e+01,4.963205628406458514e-01,1.395796122003346851e-01
-1.080944379990678250e+01,4.466904196352325940e-01,1.124585635595703459e-01
-1.080273070677363201e+01,3.971523669188623540e-01,8.303539355585511095e-02
-1.079564721323220233e+01,3.476643273672050949e-01,5.323625814349912388e-02
-1.078865335359543920e+01,2.982140566681650284e-01,2.492988271153599375e-02
-1.078224479459184693e+01,2.487987158916995512e-01,-8.391875516817799306e-04
-1.077526198515309375e+01,1.994506042248076483e-01,-2.385756391094163292e-02
-1.076815961503187680e+01,1.501762721033488290e-01,-4.411969859845992631e-02
-1.076123394681126655e+01,1.009378275260095492e-01,-6.133763810671280514e-02
-1.075515221230312157e+01,5.170370135142698942e-02,-7.482502703184266968e-02
-1.074885883123256569e+01,2.495321698318786474e-03,-8.348289198872951844e-02
-1.074273974750922811e+01,-4.667160009765924933e-02,-8.599295017772778937e-02
-1.073696657628843809e+01,-9.630791970700625093e-02,-8.139358344505781551e-02
-1.073149200488089505e+01,-1.459722085315657836e-01,-6.960252660507772193e-02
-1.072582993702191345e+01,-1.956625808473575479e-01,-5.159463893878524915e-02
-1.072164225347991007e+01,-2.454092123637203748e-01,-2.946858753345899667e-02
-1.071672912387512611e+01,-2.951749750366916558e-01,-6.308456875829259423e-03
-1.071150197377230029e+01,-3.449086833265866403e-01,1.446915161361218317e-02
-1.070615242823349433e+01,-3.946288332047407366e-01,2.993075751838530918e-02
-1.070137353740989639e+01,-4.443618222988336974e-01,3.813128394474985666e-02
-1.069604275111011837e+01,-4.940870876561156422e-01,3.847008782181149389e-02
-1.069038310224655675e+01,-5.437757998065251286e-01,3.199197638912010949e-02
-1.068441829134837562e+01,-5.934285250966313541e-01,2.122939494501162316e-02
-1.067832947597732129e+01,-6.430651966127189922e-01,9.433622115570763911e-03
-1.067282235253873068e+01,-6.927178146809396253e-01,-3.990973199583537612e-04
-1.066694264456137375e+01,-7.423826553009185147e-01,-6.325551632901410537e-03
-1.066159063250910322e+01,-7.920564171313824176e-01,-7.953689088930650936e-03
-1.065581390344169677e+01,-8.417360746591349141e-01,-6.495976984710951328e-03
-1.065051609947875022e+01,-8.914188582336564082e-01,-4.202295542854602405e-03
-1.064474746632402002e+01,-9.411021629401048472e-01,-3.281552879331042522e-03
-1.063941270212134782e+01,-9.907834977025977707e-01,-4.813332083621827372e-03
-1.063356674812914093e+01,-1.040460544451958569e+00,-8.197221842051358523e-03
-1.062811534984028583e+01,-1.090131028982426642e+00,-1.133241762104096953e-02
-1.062211560905743113e+01,-1.139792763893886729e+00,-1.135738971516123304e-02
-1.061660229177451242e+01,-1.189457901806118656e+00,-5.694816343099074439e-03
-1.061135335014409975e+01,-1.239156660301311774e+00,6.887975008028329044e-03
-1.060630239970555522e+01,-1.288880227956274549e+00,2.572906809453691726e-02
-1.060126943736213079e+01,-1.338608919095164884e+00,4.866709548974675059e-02
-1.059546488778738471e+01,-1.388305341759250133e+00,7.306777059437251365e-02
-1.058992366180100575e+01,-1.437980041313927870e+00,9.662490081232770478e-02
-1.058432499876972521e+01,-1.487651320689233447e+00,1.176433023814538043e-01
-1.057775242743064936e+01,-1.537268850225499861e+00,1.351329441597279579e-01
-1.057114041213967859e+01,-1.586830155776923323e+00,1.488422074359435909e-01
-1.056432089566536803e+01,-1.636367400875048839e+00,1.591684126572162905e-01
-1.055715300097884857e+01,-1.685859003399444056e+00,1.671745579465676590e-01
-1.054884555834614268e+01,-1.735249151927667155e+00,1.746465093808021729e-01
-1.054041933839168443e+01,-1.784544853711380608e+00,1.836250889192057867e-01
-1.053171435757630547e+01,-1.833796914065600969e+00,1.953667445293323368e-01
-1.052269355917782434e+01,-1.882996787315967868e+00,2.095147119350934395e-01
-1.051332009980574078e+01,-1.932135782804964341e+00,2.240944166071833221e-01
-1.050350319845701108e+01,-1.981192773398756213e+00,2.363521913812615671e-01
-1.049232408126923666e+01,-2.030075070304516061e+00,2.440835760671404009e-01
-1.048067814029828249e+01,-2.078760218099940271e+00,2.467416583007733255e-01
-1.046847080477093250e+01,-2.127315198455800527e+00,2.456408377218724515e-01
-1.045568192008459363e+01,-2.175728121218778899e+00,2.433038675222518044e-01
-1.044232149524256670e+01,-2.223900296570149315e+00,2.425002192659772571e-01
-1.042844569273696997e+01,-2.272020563843104135e+00,2.453296972148381605e-01
-1.041405355775207120e+01,-2.320431223050430702e+00,2.525462068896883738e-01
-1.039903676557019807e+01,-2.368166529280910648e+00,2.634037096532501621e-01
-1.038337879387509410e+01,-2.415704486379973481e+00,2.760268775383023510e-01
-1.036717181785698472e+01,-2.463068025154335317e+00,2.879490744461813412e-01
-1.035044623006287878e+01,-2.510693731170419607e+00,2.966845786994162792e-01
-1.033288955665600994e+01,-2.557532419911688670e+00,3.004957613003548800e-01
-1.031388851989744992e+01,-2.604018163304228750e+00,2.990928812408052417e-01
-1.029456483608999662e+01,-2.650643934567488813e+00,2.936954684174044039e-01
-1.027461970931223334e+01,-2.696525571381443775e+00,2.864717378568076289e-01
-1.025398884712952530e+01,-2.742115649385577392e+00,2.798329876593125265e-01
-1.023279565948415382e+01,-2.787893810537350969e+00,2.757558175962538383e-01
-1.021110538967881176e+01,-2.832933596824516620e+00,2.751845601210869408e-01
-1.018867794825628970e+01,-2.877633852122126079e+00,2.778061973344312374e-01
-1.016569646606820143e+01,-2.922065611409451424e+00,2.822877688686717956e-01
-1.014219533143418950e+01,-2.966670485148171110e+00,2.867332296454844220e-01
-1.011811109481809545e+01,-3.010477650579372000e+00,2.892506612844196745e-01
-1.009334120464186846e+01,-3.053912991493378914e+00,2.886512142859351537e-01
-1.006733422036025871e+01,-3.097364709083363365e+00,2.850687141103856459e-01
-1.004106094649149128e+01,-3.139894271523382407e+00,2.800916153792215590e-01
-1.001423876653400669e+01,-3.182099784027089484e+00,2.761397421028784493e-01
-9.986923409173902755e+00,-3.224434985158430855e+00,2.752597558531597599e-01
-9.959032999306893785e+00,-3.265907876849616365e+00,2.779834692103259619e-01
-9.930604592211945914e+00,-3.307025557163422391e+00,2.828900390017867750e-01
-9.901734513145981964e+00,-3.348277469353690972e+00,2.870973096720463302e-01
-9.872429496859673748e+00,-3.388777662996112827e+00,2.875344897854723025e-01
-9.842320311982350134e+00,-3.428639296185789664e+00,2.824825764614589674e-01
-9.810977610616603783e+00,-3.467942522957184082e+00,2.724955059560646431e-01
-9.779473684914313125e+00,-3.506783864422580166e+00,2.600561986034758410e-01
-9.747507048610346558e+00,-3.545251359309467887e+00,2.482248265703742851e-01
-9.715188429160010131e+00,-3.583860833459346917e+00,2.391648814569421189e-01
-9.682567423971111253e+00,-3.621741298703959000e+00,2.333278502857726588e-01
-9.649461821982935561e+00,-3.659179204504120264e+00,2.295940508902484523e-01
-9.615917470514464327e+00,-3.696226193476142452e+00,2.261405778370786379e-01
-9.581947398575547226e+00,-3.732882480492219823e+00,2.214217720857946936e-01
-9.547070958700102139e+00,-3.769582731673712495e+00,2.147069570859528043e-01
-9.512237765766997200e+00,-3.805439614173288465e+00,2.060699281851991471e-01
-9.476978182853823540e+00,-3.840850764395009609e+00,1.960704435285970382e-01
-9.441460482164558243e+00,-3.875999179507302994e+00,1.854320579674979819e-01
-9.405658974885472645e+00,-3.911282316930938308e+00,1.749522129021646444e-01
-9.369025265576981454e+00,-3.945713024021025195e+00,1.656090773947081207e-01
-9.332499706281423002e+00,-3.979844519399792002e+00,1.584838232026516691e-01
-9.295734642332192266e+00,-4.014096572048813094e+00,1.543152639107863711e-01
-9.258776328018729629e+00,-4.047632860582076830e+00,1.530259280777116759e-01
-9.221639153114040255e+00,-4.081390527366800747e+00,1.536208177985542711e-01
-9.184290779078406075e+00,-4.114619688831564481e+00,1.545390092478146626e-01
-9.146677573924044680e+00,-4.147330270764101101e+00,1.543078222649235387e-01
-9.108816085470220258e+00,-4.179737888344452479e+00,1.521124784263875318e-01
-9.070229699532550427e+00,-4.212285847014810791e+00,1.478940155655786570e-01
-9.031848866769980333e+00,-4.244047654782112211e+00,1.420443372194421794e-01
-8.993108098281648921e+00,-4.275642488044907985e+00,1.350504920386211838e-01
-8.954367776068290041e+00,-4.306943410123320604e+00,1.272484385031577570e-01
-8.915477533445184122e+00,-4.338465557398558659e+00,1.187910473988952609e-01
-8.875892152559984538e+00,-4.369211571850269316e+00,1.099299294292860191e-01
-8.836296157105127946e+00,-4.399727816479605202e+00,1.013003746661166882e-01
-8.796781241524975314e+00,-4.429979308120532977e+00,9.373631552589925531e-02
-8.757228487033584585e+00,-4.460582001654969098e+00,8.777276939638715969e-02
-8.717599805287392201e+00,-4.490558324238707044e+00,8.340251792448702406e-02
-8.677843611375209321e+00,-4.520329654985744128e+00,8.020517646711788906e-02
-8.637735133319605296e+00,-4.550169176878195998e+00,7.758488566741271464e-02
-8.597295424817305687e+00,-4.580078116898937957e+00,7.504067439904532621e-02
-8.557220223831132344e+00,-4.609361298634615522e+00,7.244459922115450978e-02
-8.516590251026546099e+00,-4.638951688929722650e+00,7.008171595104943641e-02
-8.476047540806046499e+00,-4.668198510867409112e+00,6.833797148595870119e-02
-8.435702064863015437e+00,-4.697045870034256332e+00,6.733754625570863295e-02
-8.394819913586475835e+00,-4.726224611185235069e+00,6.686838055981075835e-02
-8.354335674440632076e+00,-4.754814357386125678e+00,6.657068753379477566e-02
-8.313329292963587136e+00,-4.783752173354862691e+00,6.615533269063085531e-02
-8.272364906427913667e+00,-4.812405399819056129e+00,6.554887570374003103e-02
-8.231551781971809589e+00,-4.840457382042554713e+00,6.494409582360094468e-02
-8.190251944328030831e+00,-4.868470397333656052e+00,6.466119945815257397e-02
-8.149404421048902947e+00,-4.896895401899982403e+00,6.484502038651818179e-02
-8.108053603942238396e+00,-4.924763411047101691e+00,6.527741705591426358e-02
-8.066580368538884827e+00,-4.952919109570285805e+00,6.549422650848579774e-02
-8.025011674682557938e+00,-4.980688375815097935e+00,6.506753173038769267e-02
-7.983292146698840241e+00,-5.008019817603216239e+00,6.378163364205315100e-02
-7.941529648218888404e+00,-5.035759204041397652e+00,6.157773260908830371e-02
-7.900173269128685227e+00,-5.062910082290843050e+00,5.835798693487839750e-02
-7.858256072173641194e+00,-5.089906127592062290e+00,5.381701353564919549e-02
-7.816263091975359067e+00,-5.117253532130369820e+00,4.742640678138970028e-02
-7.774202133227682943e+00,-5.144271403681301535e+00,3.869685797584166559e-02
-7.732067321926507475e+00,-5.170944455537643591e+00,2.769717639745580481e-02
-7.689861605853518967e+00,-5.197976778265605446e+00,1.545238681023476841e-02
-7.647588428753600454e+00,-5.224448934503001851e+00,3.800135218424597477e-03
-7.605277405212092390e+00,-5.251332981068344452e+00,-5.283700536882710713e-03
-7.563494909721512727e+00,-5.277822107107056127e+00,-1.052700114488844436e-02
-7.521348444171621850e+00,-5.304706415858476021e+00,-1.196607283977313071e-02
-7.479312403652173202e+00,-5.331950833401165823e+00,-1.096696785920106727e-02
-7.437270275351224313e+00,-5.359167006365169073e+00,-9.544098563633821031e-03
-7.395195962978320381e+00,-5.385879585872700659e+00,-9.314705797700753923e-03
-7.353095449321941146e+00,-5.413027292114804823e+00,-1.065236526391961404e-02
-7.310974482519291939e+00,-5.439690532557364122e+00,-1.246474898345078033e-02
-7.268845089655236791e+00,-5.466601586709359140e+00,-1.281519791294151445e-02
-7.226846110611916174e+00,-5.493930923515392806e+00,-1.016010708268207802e-02
-7.184853440041649719e+00,-5.521255833490073428e+00,-4.241764041334362446e-03
-7.142853119748906465e+00,-5.548119891979638396e+00,4.146066928713836204e-03
-7.100904859396621305e+00,-5.575543049862098144e+00,1.414364998896038526e-02
-7.059053455652243514e+00,-5.603103179473745143e+00,2.569497235255501638e-02
-7.017009276938026119e+00,-5.630147166992106378e+00,3.993680026865743804e-02
-6.974799174299969984e+00,-5.656211644804006511e+00,5.880201358033775028e-02
-6.932687543986142842e+00,-5.683347223041461227e+00,8.357342479199994512e-02
-6.890695846438000594e+00,-5.710658777344158388e+00,1.131908090650906029e-01
-6.848688849131372436e+00,-5.737935889784464116e+00,1.438450640004964587e-01
-6.806451077094068935e+00,-5.763915366313117516e+00,1.702146563357141429e-01
-6.763663472151838718e+00,-5.789766852480671133e+00,1.872300765738071637e-01
-6.720334341609673245e+00,-5.815161444390554379e+00,1.914171296255756383e-01
-6.677172946968340739e+00,-5.840053460362016224e+00,1.817194678687795439e-01
-6.633261608946432020e+00,-5.863956303783675494e+00,1.596511618228055873e-01
-6.589619440296470287e+00,-5.887950431909178661e+00,1.285532890125444805e-01
-6.545358935277698187e+00,-5.911661999459888683e+00,9.253928274587432112e-02
-6.501347826503420357e+00,-5.934484022178572182e+00,5.592237885651559631e-02
-6.456958730654023704e+00,-5.957477423309307518e+00,2.279687597611102998e-02
-6.412941260976898761e+00,-5.980777815845979006e+00,-3.816169551272654593e-03
-6.368903767508939495e+00,-6.004527432925499397e+00,-2.274842137607952647e-02
-6.324834003459894660e+00,-6.027285948159665452e+00,-3.468361806867441971e-02
-6.280895262285820735e+00,-6.051211199455700296e+00,-4.157159404048536844e-02
-6.237090944292289052e+00,-6.075387291514736887e+00,-4.574497996308799636e-02
-6.193245527014893170e+00,-6.098556425413967474e+00,-4.886905981408915661e-02
-6.149362367395562856e+00,-6.122582754532174931e+00,-5.134499493539872172e-02
-6.105479999462662732e+00,-6.146529092153805607e+00,-5.267250375217106401e-02
-6.061750197158689346e+00,-6.170341554383735883e+00,-5.230347936981650375e-02
-6.018208790145312292e+00,-6.194929363421874058e+00,-5.028489171270215247e-02
-5.974731113372621749e+00,-6.219631330686205217e+00,-4.744324436630969338e-02
-5.931268010834720883e+00,-6.243867978858929746e+00,-4.505341901587821274e-02
-5.887807721673464556e+00,-6.268546639824496225e+00,-4.410642642299449079e-02
-5.844353166961461454e+00,-6.292803459672992261e+00,-4.466600278487015130e-02
-5.800959141122392637e+00,-6.317660798860810445e+00,-4.579584534348170310e-02
-5.757719696016955879e+00,-6.342793142856766764e+00,-4.600899167206294604e-02
-5.714487133102599259e+00,-6.367450399953398232e+00,-4.381722735560708570e-02
-5.671177183303852232e+00,-6.392417138136462285e+00,-3.817175518521923744e-02
-5.628062750060367492e+00,-6.417719689907602998e+00,-2.888019528725016896e-02
-5.585085740080238281e+00,-6.443260599359859953e+00,-1.687129755292593458e-02
-5.542098857628374731e+00,-6.468796627927289933e+00,-3.971906759753324363e-03
-5.499058806075424854e+00,-6.493755923245771555e+00,7.790689730447050015e-03
-5.456051885684864544e+00,-6.519218606789351611e+00,1.700610572271603685e-02
-5.413052651705896778e+00,-6.544702622110598611e+00,2.361739048052264103e-02
-5.369960919028876845e+00,-6.569550382762553653e+00,2.941698807327772919e-02
-5.326759458301937755e+00,-6.594657421801976227e+00,3.780280425116647192e-02
-5.283470506925777244e+00,-6.619132709549429450e+00,5.242031789854510043e-02
-5.240221556246502210e+00,-6.644563262375267065e+00,7.524695608189158058e-02
-5.197098503658766688e+00,-6.669675523558448837e+00,1.053410365643833307e-01
-5.153897039051069662e+00,-6.694614833268834886e+00,1.390186814048803288e-01
-5.110474844308242837e+00,-6.719385666048918182e+00,1.712725848448502231e-01
-5.066897738283385522e+00,-6.743682232150396416e+00,1.977046553661792050e-01
-5.022886355760444843e+00,-6.766708751960233137e+00,2.160688494675409577e-01
-4.978597346204070462e+00,-6.789237171483449629e+00,2.266601050163432329e-01
-4.934061314511458463e+00,-6.811801415521817837e+00,2.315143547460687401e-01
-4.889270070456364081e+00,-6.833384794344024016e+00,2.331585113350896354e-01
-4.844353296476489490e+00,-6.855177830739535239e+00,2.337509000039227069e-01
-4.799102173618022604e+00,-6.876285087571416099e+00,2.349884900669675925e-01
-4.753440320529998431e+00,-6.895593894093848597e+00,2.383795248735816608e-01
-4.707628265150680669e+00,-6.915526982756469820e+00,2.450263337683102893e-01
-4.661646172381235687e+00,-6.935087487811814277e+00,2.548558915332060915e-01
-4.615443033174728704e+00,-6.953657582402636983e+00,2.662469814937707957e-01
-4.569013718434232096e+00,-6.972136897554557677e+00,2.765870537265929796e-01
-4.522357298287625227e+00,-6.989573898887381453e+00,2.833282398171071970e-01
-4.475362927933797863e+00,-7.006569391559862581e+00,2.850145693009019099e-01
-4.428014927483578944e+00,-7.021663215507851774e+00,2.818848212653753404e-01
-4.380444865036757562e+00,-7.037060633644065533e+00,2.755853102928537690e-01
-4.332687839685643638e+00,-7.051413450489588897e+00,2.680204115662555564e-01
-4.284868414798123304e+00,-7.066041381229251073e+00,2.602404634330049427e-01
-4.236785913756240696e+00,-7.079806370759937906e+00,2.522810985023415942e-01
-4.188433675799490885e+00,-7.091710370052199508e+00,2.438101014869226146e-01
-4.139961923425024892e+00,-7.103888979727347674e+00,2.347111730565411003e-01
-4.091339378994243603e+00,-7.115745077131868435e+00,2.252509667990515441e-01
-4.042593949280782084e+00,-7.126636475684139604e+00,2.161075212119059341e-01
-3.993729510104973457e+00,-7.137489995866435954e+00,2.083084093292700278e-01
-3.944749469031560984e+00,-7.147410507549175840e+00,2.028843490016781492e-01
-3.895612774776850529e+00,-7.156622312261508689e+00,2.003710967254079545e-01
-3.846407989934119254e+00,-7.165954059210148941e+00,2.004112746387912702e-01
-3.797134100171853710e+00,-7.174481862752276840e+00,2.015955206827556301e-01
-3.747797293806800045e+00,-7.183132057724366248e+00,2.017428762628031280e-01
-3.698372563533624646e+00,-7.190823118015942761e+00,1.987603547042998964e-01
-3.648825511855576131e+00,-7.197786211507763987e+00,1.917290605505817536e-01
-3.599193210749257243e+00,-7.204215612437669058e+00,1.815440282955843310e-01
-3.549453090827507928e+00,-7.209804436716144238e+00,1.706594955692705695e-01
-3.499695506990401661e+00,-7.215753034761765328e+00,1.620430091630077341e-01
-3.449904833133205617e+00,-7.220992319625866962e+00,1.579638335564989837e-01
-3.400083748696256070e+00,-7.226458783005346831e+00,1.593578825304370894e-01
-3.350211313673012725e+00,-7.230987646891725795e+00,1.658745633615005266e-01
-3.300287031620974254e+00,-7.235004343052770182e+00,1.759452041332307815e-01
-3.250337661250570331e+00,-7.239229867925088158e+00,1.865220320661625519e-01
-3.200346537415843517e+00,-7.242508960009264030e+00,1.930238675398963932e-01
-3.150316777953437342e+00,-7.245270451963888192e+00,1.899853437003145851e-01
-3.100266561305343505e+00,-7.248238184421277097e+00,1.723370012981866872e-01
-3.050182402013127181e+00,-7.250082092563246761e+00,1.371820706082242658e-01
-3.000056698218369622e+00,-7.250360525903082554e+00,8.555013347610035401e-02
-2.949912835347910267e+00,-7.250391056061715744e+00,2.283309587530911802e-02
-2.899764346096253664e+00,-7.250871414298323714e+00,-4.275804997524833284e-02
-2.850107486259850997e+00,-7.251682771781668535e+00,-1.027202838041278710e-01
-2.800018432539706392e+00,-7.252899471644301599e+00,-1.503972247172516430e-01
-2.750430157173539669e+00,-7.254601746327748124e+00,-1.821836749553225887e-01
-2.700424558130570585e+00,-7.256877965742091874e+00,-1.977274427390372236e-01
-2.650938730547604649e+00,-7.259823151451556988e+00,-1.992331269129728466e-01
-2.601061133879723819e+00,-7.263531272501298375e+00,-1.902821039480843412e-01
-2.551231398395429117e+00,-7.267947636190712934e+00,-1.746798961285088159e-01
-2.501433346295417248e+00,-7.272292793419510737e+00,-1.556523891619812361e-01
-2.451673033048342720e+00,-7.277528555787310616e+00,-1.354910950725589369e-01
-2.401944737559443155e+00,-7.282644941539818007e+00,-1.156010975874321861e-01
-2.352227230801859470e+00,-7.287851819087469707e+00,-9.690653210865013412e-02
-2.302560087394140087e+00,-7.293999294197115901e+00,-8.044631274372042451e-02
-2.252938249788662972e+00,-7.300090552392083154e+00,-6.760495789894775676e-02
-2.203321728005076530e+00,-7.306217191712427450e+00,-5.957868137703712513e-02
-2.153708530108568109e+00,-7.312361797389471008e+00,-5.650269361947676122e-02
-2.104096641081126151e+00,-7.318508990815423942e+00,-5.698685993119639859e-02
-2.054484066407320064e+00,-7.324642147865603192e+00,-5.836605141518155099e-02
-2.004880057837996166e+00,-7.330833037835567723e+00,-5.762870470841900683e-02
-1.955334012247293085e+00,-7.337953623058798058e+00,-5.266319520881729277e-02
-1.905843826694658016e+00,-7.345039364231954693e+00,-4.300884200248224903e-02
-1.856359983073009090e+00,-7.352161951513156879e+00,-2.955573546066130389e-02
-1.806880554793899307e+00,-7.359308244979828828e+00,-1.360114436361047931e-02
-1.757403636085356879e+00,-7.366464929500807557e+00,3.948852844930544892e-03
-1.707927244160111435e+00,-7.373617757256205607e+00,2.291863485507663126e-02
-1.658449406170274143e+00,-7.380753572356834269e+00,4.377041628321060723e-02
-1.608968270394444344e+00,-7.387860002674911719e+00,6.704844116918176611e-02
-1.559481935479251513e+00,-7.394922702988796281e+00,9.251366413809702927e-02
-1.509983797944656203e+00,-7.401894141697762386e+00,1.185220659421519218e-01
-1.460420245199106182e+00,-7.407944679206502236e+00,1.420550593147507090e-01
-1.410803882539256593e+00,-7.414065640732344420e+00,1.592871910444169925e-01
-1.361186213437446391e+00,-7.420165892653149520e+00,1.665915864221236553e-01
-1.311509269866668159e+00,-7.425258534829108470e+00,1.619890991685245529e-01
-1.261727540500832356e+00,-7.429260527564244043e+00,1.463678245492707752e-01
-1.211888229737661860e+00,-7.433010781169808290e+00,1.234207374673244317e-01
-1.162027274274082478e+00,-7.436461439031371690e+00,9.824934086687069079e-02
-1.112146010948637187e+00,-7.439608422887902250e+00,7.558801215086270731e-02
-1.062275323956523909e+00,-7.443391105720593259e+00,5.847411536097133627e-02
-1.012417124574727767e+00,-7.446904448036541169e+00,4.779204694849386453e-02
-9.625405966903832766e-01,-7.450147845531869706e+00,4.283806766926226417e-02
-9.126458802261167014e-01,-7.453101116620391764e+00,4.237983205305671103e-02
-8.627340954000811690e-01,-7.455756462161710729e+00,4.523376926107865875e-02
-8.128321607781153757e-01,-7.459063497223638706e+00,5.006839350542380274e-02
-7.629424383863614434e-01,-7.462125333481555600e+00,5.513403523022942371e-02
-7.130379469223390165e-01,-7.464937702421703847e+00,5.854716555591740756e-02
-6.631189044330596527e-01,-7.467482472292292783e+00,5.893476040812996308e-02
-6.131858248283814650e-01,-7.469743469858601159e+00,5.592970566809412486e-02
-5.632395251236531619e-01,-7.471703468972977547e+00,5.026063121530895128e-02
-5.132813236043994864e-01,-7.473351326162816832e+00,4.333769652790137733e-02
-4.633293490950158855e-01,-7.475648212020175265e+00,3.642742316395776447e-02
-4.133857037438621873e-01,-7.477703773724407199e+00,2.996316712630359147e-02
-3.634321056217544310e-01,-7.479509054716473315e+00,2.356146160559647110e-02
-3.134692395627287631e-01,-7.481050933240183554e+00,1.664696881032661294e-02
-2.634981781775334042e-01,-7.482320202674429765e+00,9.059002040571766459e-03
-2.135333953772544646e-01,-7.484282413536107015e+00,1.285173156133976539e-03
-1.635772084902002987e-01,-7.486050125955358681e+00,-5.549531210733539034e-03
-1.136141305714870597e-01,-7.487617302846473422e+00,-9.851295384382129788e-03
-6.364470376283026809e-02,-7.488976956354363779e+00,-1.007849967241095102e-02
-1.368211082281245439e-02,-7.490982654099440197e+00,-5.564034602731447905e-03
3.627520605018297317e-02,-7.492641867778957021e+00,2.876892155740923013e-03
8.622714144949084059e-02,-7.494929843974801997e+00,1.301229394363811846e-02
1.361711972644790158e-01,-7.496971568517160733e+00,2.194292996979791549e-02
1.861253663718747120e-01,-7.498761171978738815e+00,2.721798348388302508e-02
2.360886249458564734e-01,-7.500295489365612411e+00,2.780827562260161298e-02
2.860598274948913389e-01,-7.501567362826882857e+00,2.443209957454706149e-02
3.360377629381958720e-01,-7.502572027516137609e+00,1.906537150360924568e-02
3.860101701765406013e-01,-7.504287349039742594e+00,1.398632965051105174e-02
